<?xml version="1.0" encoding="UTF-8"?>
<!-- Created with BasicAirData GPS Logger for Android - ver. 3.3.0 -->
<!-- Track 11 = 1115 TrackPoints + 10 Placemarks -->

<!-- Track Statistics (based on Total Time | Time in Movement): -->
<!--  Distance = 2.23 km -->
<!--  Duration = 18:34 | 14:00 -->
<!--  Altitude Gap = 0 m -->
<!--  Max Speed = 8 mph -->
<!--  Avg Speed = 4.5 | 6.0 mph -->
<!--  Direction = N -->
<!--  Activity = running -->
<!--  Altitudes = Corrected using EGM96 grid (bilinear interpolation) -->

<gpx version="1.0"
     creator="BasicAirData GPS Logger 3.3.0"
     xmlns="http://www.topografix.com/GPX/1/0"
     xmlns:xsi="http://www.w3.org/2001/XMLSchema-instance"
     xsi:schemaLocation="http://www.topografix.com/GPX/1/0 http://www.topografix.com/GPX/1/0/gpx.xsd">
<name>GPS Logger 20260724-092018</name>
<desc>ST1-2</desc>
<time>2026-07-25T02:05:10Z</time>
<keywords>running</keywords>
<bounds minlat="26.41317833" minlon="-80.15988667" maxlat="26.42371333" maxlon="-80.15278833" />

<wpt lat="26.41330000" lon="-80.15470333"><ele>11.791</ele><time>2026-07-24T13:20:21Z</time><name>Site1</name><sat>18</sat></wpt>

<wpt lat="26.41318000" lon="-80.15513833"><ele>11.089</ele><time>2026-07-24T13:23:06Z</time><name>Int5</name><sat>18</sat></wpt>

<wpt lat="26.41601167" lon="-80.15790667"><ele>10.879</ele><time>2026-07-24T13:26:07Z</time><name>Int6</name><sat>18</sat></wpt>

<wpt lat="26.41955667" lon="-80.15915833"><ele>9.176</ele><time>2026-07-24T13:28:48Z</time><name>Int7</name><sat>18</sat></wpt>

<wpt lat="26.42011333" lon="-80.15858500"><ele>9.279</ele><time>2026-07-24T13:29:30Z</time><name>Int8</name><sat>18</sat></wpt>

<wpt lat="26.42250500" lon="-80.15964167"><ele>9.776</ele><time>2026-07-24T13:31:17Z</time><name>Int9</name><sat>18</sat></wpt>

<wpt lat="26.42271333" lon="-80.15846333"><ele>7.480</ele><time>2026-07-24T13:32:05Z</time><name>Int10</name><sat>18</sat></wpt>

<wpt lat="26.42294167" lon="-80.15656667"><ele>8.688</ele><time>2026-07-24T13:33:13Z</time><name>Int11</name><sat>19</sat></wpt>

<wpt lat="26.42271000" lon="-80.15328667"><ele>11.702</ele><time>2026-07-24T13:35:00Z</time><name>Int12</name><sat>19</sat></wpt>

<wpt lat="26.42371000" lon="-80.15282333"><ele>12.804</ele><time>2026-07-24T13:38:44Z</time><name>Station2</name><sat>17</sat></wpt>

<trk>
 <name>Track 20260724-092018</name>
 <trkseg>
  <trkpt lat="26.41330167" lon="-80.15469833"><ele>12.491</ele><time>2026-07-24T13:20:18Z</time><speed>0.167</speed><sat>17</sat></trkpt>
  <trkpt lat="26.41330167" lon="-80.15470000"><ele>12.191</ele><time>2026-07-24T13:20:19Z</time><speed>0.156</speed><sat>18</sat></trkpt>
  <trkpt lat="26.41330000" lon="-80.15470167"><ele>11.991</ele><time>2026-07-24T13:20:20Z</time><speed>0.152</speed><sat>18</sat></trkpt>
  <trkpt lat="26.41330000" lon="-80.15470333"><ele>11.791</ele><time>2026-07-24T13:20:21Z</time><speed>0.128</speed><sat>18</sat></trkpt>
  <trkpt lat="26.41330000" lon="-80.15470500"><ele>11.591</ele><time>2026-07-24T13:20:22Z</time><speed>0.101</speed><sat>18</sat></trkpt>
  <trkpt lat="26.41330000" lon="-80.15470333"><ele>11.291</ele><time>2026-07-24T13:20:23Z</time><speed>0.098</speed><sat>18</sat></trkpt>
  <trkpt lat="26.41330000" lon="-80.15470333"><ele>11.191</ele><time>2026-07-24T13:20:24Z</time><speed>0.098</speed><sat>18</sat></trkpt>
  <trkpt lat="26.41330000" lon="-80.15470167"><ele>11.091</ele><time>2026-07-24T13:20:25Z</time><speed>0.092</speed><sat>18</sat></trkpt>
  <trkpt lat="26.41330167" lon="-80.15470000"><ele>10.991</ele><time>2026-07-24T13:20:26Z</time><speed>0.089</speed><sat>18</sat></trkpt>
  <trkpt lat="26.41330333" lon="-80.15469833"><ele>10.891</ele><time>2026-07-24T13:20:27Z</time><speed>0.086</speed><sat>18</sat></trkpt>
  <trkpt lat="26.41330500" lon="-80.15469667"><ele>10.791</ele><time>2026-07-24T13:20:28Z</time><speed>0.000</speed><sat>18</sat></trkpt>
  <trkpt lat="26.41330667" lon="-80.15469500"><ele>10.491</ele><time>2026-07-24T13:20:29Z</time><speed>0.000</speed><sat>18</sat></trkpt>
  <trkpt lat="26.41330667" lon="-80.15469333"><ele>10.391</ele><time>2026-07-24T13:20:30Z</time><speed>0.000</speed><sat>18</sat></trkpt>
  <trkpt lat="26.41330667" lon="-80.15469333"><ele>10.391</ele><time>2026-07-24T13:20:31Z</time><speed>0.000</speed><sat>18</sat></trkpt>
  <trkpt lat="26.41330667" lon="-80.15469333"><ele>10.391</ele><time>2026-07-24T13:20:32Z</time><speed>0.000</speed><sat>18</sat></trkpt>
  <trkpt lat="26.41330667" lon="-80.15469333"><ele>10.391</ele><time>2026-07-24T13:20:33Z</time><speed>0.000</speed><sat>18</sat></trkpt>
  <trkpt lat="26.41330667" lon="-80.15469333"><ele>10.391</ele><time>2026-07-24T13:20:34Z</time><speed>0.000</speed><sat>18</sat></trkpt>
  <trkpt lat="26.41330667" lon="-80.15469333"><ele>10.391</ele><time>2026-07-24T13:20:35Z</time><speed>0.000</speed><sat>18</sat></trkpt>
  <trkpt lat="26.41330667" lon="-80.15469333"><ele>10.391</ele><time>2026-07-24T13:20:36Z</time><speed>0.000</speed><sat>18</sat></trkpt>
  <trkpt lat="26.41330667" lon="-80.15469333"><ele>10.391</ele><time>2026-07-24T13:20:37Z</time><speed>0.000</speed><sat>17</sat></trkpt>
  <trkpt lat="26.41330667" lon="-80.15469333"><ele>10.391</ele><time>2026-07-24T13:20:38Z</time><speed>0.000</speed><sat>16</sat></trkpt>
  <trkpt lat="26.41330667" lon="-80.15469333"><ele>10.391</ele><time>2026-07-24T13:20:39Z</time><speed>0.000</speed><sat>16</sat></trkpt>
  <trkpt lat="26.41330667" lon="-80.15469333"><ele>10.391</ele><time>2026-07-24T13:20:40Z</time><speed>0.000</speed><sat>16</sat></trkpt>
  <trkpt lat="26.41330667" lon="-80.15469333"><ele>10.391</ele><time>2026-07-24T13:20:41Z</time><speed>0.000</speed><sat>17</sat></trkpt>
  <trkpt lat="26.41330667" lon="-80.15469333"><ele>10.391</ele><time>2026-07-24T13:20:42Z</time><speed>0.000</speed><sat>17</sat></trkpt>
  <trkpt lat="26.41330667" lon="-80.15469333"><ele>10.391</ele><time>2026-07-24T13:20:43Z</time><speed>0.000</speed><sat>17</sat></trkpt>
  <trkpt lat="26.41330667" lon="-80.15469333"><ele>10.391</ele><time>2026-07-24T13:20:44Z</time><speed>0.000</speed><sat>17</sat></trkpt>
  <trkpt lat="26.41330667" lon="-80.15469333"><ele>10.391</ele><time>2026-07-24T13:20:45Z</time><speed>0.000</speed><sat>17</sat></trkpt>
  <trkpt lat="26.41330667" lon="-80.15469333"><ele>10.391</ele><time>2026-07-24T13:20:46Z</time><speed>0.000</speed><sat>17</sat></trkpt>
  <trkpt lat="26.41330667" lon="-80.15469333"><ele>10.391</ele><time>2026-07-24T13:20:47Z</time><speed>0.000</speed><sat>17</sat></trkpt>
  <trkpt lat="26.41330667" lon="-80.15469333"><ele>10.391</ele><time>2026-07-24T13:20:48Z</time><speed>0.000</speed><sat>17</sat></trkpt>
  <trkpt lat="26.41330667" lon="-80.15469333"><ele>10.391</ele><time>2026-07-24T13:20:49Z</time><speed>0.000</speed><sat>17</sat></trkpt>
  <trkpt lat="26.41330667" lon="-80.15469333"><ele>10.391</ele><time>2026-07-24T13:20:50Z</time><speed>0.000</speed><sat>17</sat></trkpt>
  <trkpt lat="26.41330667" lon="-80.15469333"><ele>10.391</ele><time>2026-07-24T13:20:51Z</time><speed>0.000</speed><sat>17</sat></trkpt>
  <trkpt lat="26.41330667" lon="-80.15469333"><ele>10.391</ele><time>2026-07-24T13:20:52Z</time><speed>0.000</speed><sat>17</sat></trkpt>
  <trkpt lat="26.41330667" lon="-80.15469333"><ele>10.391</ele><time>2026-07-24T13:20:53Z</time><speed>0.000</speed><sat>17</sat></trkpt>
  <trkpt lat="26.41330667" lon="-80.15469333"><ele>10.391</ele><time>2026-07-24T13:20:54Z</time><speed>0.000</speed><sat>17</sat></trkpt>
  <trkpt lat="26.41330667" lon="-80.15469333"><ele>10.391</ele><time>2026-07-24T13:20:55Z</time><speed>0.000</speed><sat>17</sat></trkpt>
  <trkpt lat="26.41330667" lon="-80.15469333"><ele>10.391</ele><time>2026-07-24T13:20:56Z</time><speed>0.000</speed><sat>17</sat></trkpt>
  <trkpt lat="26.41330667" lon="-80.15469333"><ele>10.391</ele><time>2026-07-24T13:20:57Z</time><speed>0.000</speed><sat>17</sat></trkpt>
  <trkpt lat="26.41330667" lon="-80.15469333"><ele>10.391</ele><time>2026-07-24T13:20:58Z</time><speed>0.000</speed><sat>17</sat></trkpt>
  <trkpt lat="26.41330667" lon="-80.15469333"><ele>10.391</ele><time>2026-07-24T13:20:59Z</time><speed>0.000</speed><sat>17</sat></trkpt>
  <trkpt lat="26.41330667" lon="-80.15469333"><ele>10.391</ele><time>2026-07-24T13:21:00Z</time><speed>0.000</speed><sat>17</sat></trkpt>
  <trkpt lat="26.41330667" lon="-80.15469333"><ele>10.391</ele><time>2026-07-24T13:21:01Z</time><speed>0.000</speed><sat>17</sat></trkpt>
  <trkpt lat="26.41330667" lon="-80.15469333"><ele>10.391</ele><time>2026-07-24T13:21:02Z</time><speed>0.000</speed><sat>17</sat></trkpt>
  <trkpt lat="26.41330667" lon="-80.15469333"><ele>10.391</ele><time>2026-07-24T13:21:03Z</time><speed>0.000</speed><sat>18</sat></trkpt>
  <trkpt lat="26.41330667" lon="-80.15469333"><ele>10.391</ele><time>2026-07-24T13:21:04Z</time><speed>0.000</speed><sat>18</sat></trkpt>
  <trkpt lat="26.41330667" lon="-80.15469333"><ele>10.391</ele><time>2026-07-24T13:21:05Z</time><speed>0.000</speed><sat>17</sat></trkpt>
  <trkpt lat="26.41330667" lon="-80.15469333"><ele>10.391</ele><time>2026-07-24T13:21:06Z</time><speed>0.000</speed><sat>17</sat></trkpt>
  <trkpt lat="26.41330667" lon="-80.15469333"><ele>10.391</ele><time>2026-07-24T13:21:07Z</time><speed>0.000</speed><sat>17</sat></trkpt>
  <trkpt lat="26.41330667" lon="-80.15469333"><ele>10.391</ele><time>2026-07-24T13:21:08Z</time><speed>0.000</speed><sat>17</sat></trkpt>
  <trkpt lat="26.41330667" lon="-80.15469333"><ele>10.391</ele><time>2026-07-24T13:21:09Z</time><speed>0.000</speed><sat>17</sat></trkpt>
  <trkpt lat="26.41330667" lon="-80.15469333"><ele>10.391</ele><time>2026-07-24T13:21:10Z</time><speed>0.000</speed><sat>17</sat></trkpt>
  <trkpt lat="26.41330667" lon="-80.15469333"><ele>10.391</ele><time>2026-07-24T13:21:11Z</time><speed>0.000</speed><sat>17</sat></trkpt>
  <trkpt lat="26.41330667" lon="-80.15469333"><ele>10.391</ele><time>2026-07-24T13:21:12Z</time><speed>0.000</speed><sat>18</sat></trkpt>
  <trkpt lat="26.41330667" lon="-80.15469333"><ele>10.391</ele><time>2026-07-24T13:21:13Z</time><speed>0.000</speed><sat>18</sat></trkpt>
  <trkpt lat="26.41330667" lon="-80.15469333"><ele>10.391</ele><time>2026-07-24T13:21:14Z</time><speed>0.000</speed><sat>18</sat></trkpt>
  <trkpt lat="26.41330667" lon="-80.15469333"><ele>10.391</ele><time>2026-07-24T13:21:15Z</time><speed>0.000</speed><sat>18</sat></trkpt>
  <trkpt lat="26.41330667" lon="-80.15469333"><ele>10.391</ele><time>2026-07-24T13:21:16Z</time><speed>0.000</speed><sat>18</sat></trkpt>
  <trkpt lat="26.41330667" lon="-80.15469333"><ele>10.391</ele><time>2026-07-24T13:21:17Z</time><speed>0.000</speed><sat>18</sat></trkpt>
  <trkpt lat="26.41330667" lon="-80.15469333"><ele>10.391</ele><time>2026-07-24T13:21:18Z</time><speed>0.000</speed><sat>19</sat></trkpt>
  <trkpt lat="26.41330667" lon="-80.15469333"><ele>10.391</ele><time>2026-07-24T13:21:19Z</time><speed>0.000</speed><sat>18</sat></trkpt>
  <trkpt lat="26.41330667" lon="-80.15469333"><ele>10.391</ele><time>2026-07-24T13:21:20Z</time><speed>0.000</speed><sat>18</sat></trkpt>
  <trkpt lat="26.41330667" lon="-80.15469333"><ele>10.391</ele><time>2026-07-24T13:21:21Z</time><speed>0.000</speed><sat>17</sat></trkpt>
  <trkpt lat="26.41330667" lon="-80.15469333"><ele>10.391</ele><time>2026-07-24T13:21:22Z</time><speed>0.000</speed><sat>17</sat></trkpt>
  <trkpt lat="26.41330667" lon="-80.15469333"><ele>10.391</ele><time>2026-07-24T13:21:23Z</time><speed>0.000</speed><sat>18</sat></trkpt>
  <trkpt lat="26.41330667" lon="-80.15469333"><ele>10.391</ele><time>2026-07-24T13:21:24Z</time><speed>0.000</speed><sat>19</sat></trkpt>
  <trkpt lat="26.41330667" lon="-80.15469333"><ele>10.391</ele><time>2026-07-24T13:21:25Z</time><speed>0.000</speed><sat>19</sat></trkpt>
  <trkpt lat="26.41330667" lon="-80.15469333"><ele>10.391</ele><time>2026-07-24T13:21:26Z</time><speed>0.000</speed><sat>18</sat></trkpt>
  <trkpt lat="26.41330667" lon="-80.15469333"><ele>10.391</ele><time>2026-07-24T13:21:27Z</time><speed>0.000</speed><sat>19</sat></trkpt>
  <trkpt lat="26.41330667" lon="-80.15469333"><ele>10.391</ele><time>2026-07-24T13:21:28Z</time><speed>0.000</speed><sat>16</sat></trkpt>
  <trkpt lat="26.41330667" lon="-80.15469333"><ele>10.391</ele><time>2026-07-24T13:21:29Z</time><speed>0.000</speed><sat>16</sat></trkpt>
  <trkpt lat="26.41330667" lon="-80.15469333"><ele>10.391</ele><time>2026-07-24T13:21:30Z</time><speed>0.000</speed><sat>16</sat></trkpt>
  <trkpt lat="26.41330667" lon="-80.15469333"><ele>10.391</ele><time>2026-07-24T13:21:31Z</time><speed>0.000</speed><sat>16</sat></trkpt>
  <trkpt lat="26.41330667" lon="-80.15469333"><ele>10.391</ele><time>2026-07-24T13:21:32Z</time><speed>0.000</speed><sat>16</sat></trkpt>
  <trkpt lat="26.41330667" lon="-80.15469333"><ele>10.391</ele><time>2026-07-24T13:21:33Z</time><speed>0.000</speed><sat>17</sat></trkpt>
  <trkpt lat="26.41330667" lon="-80.15469333"><ele>10.391</ele><time>2026-07-24T13:21:34Z</time><speed>0.000</speed><sat>17</sat></trkpt>
  <trkpt lat="26.41330667" lon="-80.15469333"><ele>10.391</ele><time>2026-07-24T13:21:35Z</time><speed>0.000</speed><sat>17</sat></trkpt>
  <trkpt lat="26.41330667" lon="-80.15469333"><ele>10.391</ele><time>2026-07-24T13:21:36Z</time><speed>0.000</speed><sat>17</sat></trkpt>
  <trkpt lat="26.41330667" lon="-80.15469333"><ele>10.391</ele><time>2026-07-24T13:21:37Z</time><speed>0.000</speed><sat>18</sat></trkpt>
  <trkpt lat="26.41330667" lon="-80.15469333"><ele>10.391</ele><time>2026-07-24T13:21:38Z</time><speed>0.000</speed><sat>17</sat></trkpt>
  <trkpt lat="26.41330667" lon="-80.15469333"><ele>10.391</ele><time>2026-07-24T13:21:39Z</time><speed>0.000</speed><sat>17</sat></trkpt>
  <trkpt lat="26.41330667" lon="-80.15469333"><ele>10.391</ele><time>2026-07-24T13:21:40Z</time><speed>0.000</speed><sat>16</sat></trkpt>
  <trkpt lat="26.41330667" lon="-80.15469333"><ele>10.391</ele><time>2026-07-24T13:21:41Z</time><speed>0.000</speed><sat>17</sat></trkpt>
  <trkpt lat="26.41330667" lon="-80.15469333"><ele>10.391</ele><time>2026-07-24T13:21:42Z</time><speed>0.000</speed><sat>17</sat></trkpt>
  <trkpt lat="26.41330667" lon="-80.15469333"><ele>10.391</ele><time>2026-07-24T13:21:43Z</time><speed>0.000</speed><sat>17</sat></trkpt>
  <trkpt lat="26.41330667" lon="-80.15469333"><ele>10.391</ele><time>2026-07-24T13:21:44Z</time><speed>0.000</speed><sat>17</sat></trkpt>
  <trkpt lat="26.41330667" lon="-80.15469333"><ele>10.391</ele><time>2026-07-24T13:21:45Z</time><speed>0.000</speed><sat>17</sat></trkpt>
  <trkpt lat="26.41330667" lon="-80.15469333"><ele>10.391</ele><time>2026-07-24T13:21:46Z</time><speed>0.000</speed><sat>17</sat></trkpt>
  <trkpt lat="26.41330667" lon="-80.15469333"><ele>10.391</ele><time>2026-07-24T13:21:47Z</time><speed>0.000</speed><sat>17</sat></trkpt>
  <trkpt lat="26.41330667" lon="-80.15469333"><ele>10.391</ele><time>2026-07-24T13:21:48Z</time><speed>0.000</speed><sat>17</sat></trkpt>
  <trkpt lat="26.41330667" lon="-80.15469333"><ele>10.391</ele><time>2026-07-24T13:21:49Z</time><speed>0.000</speed><sat>17</sat></trkpt>
  <trkpt lat="26.41330667" lon="-80.15469333"><ele>10.391</ele><time>2026-07-24T13:21:50Z</time><speed>0.000</speed><sat>17</sat></trkpt>
  <trkpt lat="26.41330667" lon="-80.15469333"><ele>10.391</ele><time>2026-07-24T13:21:51Z</time><speed>0.000</speed><sat>17</sat></trkpt>
  <trkpt lat="26.41330667" lon="-80.15469333"><ele>10.391</ele><time>2026-07-24T13:21:52Z</time><speed>0.000</speed><sat>17</sat></trkpt>
  <trkpt lat="26.41330667" lon="-80.15469333"><ele>10.391</ele><time>2026-07-24T13:21:53Z</time><speed>0.000</speed><sat>17</sat></trkpt>
  <trkpt lat="26.41330667" lon="-80.15469333"><ele>10.391</ele><time>2026-07-24T13:21:54Z</time><speed>0.000</speed><sat>17</sat></trkpt>
  <trkpt lat="26.41330667" lon="-80.15469333"><ele>10.391</ele><time>2026-07-24T13:21:55Z</time><speed>0.000</speed><sat>17</sat></trkpt>
  <trkpt lat="26.41330667" lon="-80.15469333"><ele>10.391</ele><time>2026-07-24T13:21:56Z</time><speed>0.000</speed><sat>17</sat></trkpt>
  <trkpt lat="26.41330667" lon="-80.15469333"><ele>10.391</ele><time>2026-07-24T13:21:57Z</time><speed>0.000</speed><sat>18</sat></trkpt>
  <trkpt lat="26.41330667" lon="-80.15469333"><ele>10.391</ele><time>2026-07-24T13:21:58Z</time><speed>0.000</speed><sat>18</sat></trkpt>
  <trkpt lat="26.41330667" lon="-80.15469333"><ele>10.391</ele><time>2026-07-24T13:21:59Z</time><speed>0.000</speed><sat>18</sat></trkpt>
  <trkpt lat="26.41330667" lon="-80.15469333"><ele>10.391</ele><time>2026-07-24T13:22:00Z</time><speed>0.000</speed><sat>18</sat></trkpt>
  <trkpt lat="26.41330667" lon="-80.15469333"><ele>10.391</ele><time>2026-07-24T13:22:01Z</time><speed>0.000</speed><sat>18</sat></trkpt>
  <trkpt lat="26.41330667" lon="-80.15469333"><ele>10.391</ele><time>2026-07-24T13:22:02Z</time><speed>0.000</speed><sat>18</sat></trkpt>
  <trkpt lat="26.41330667" lon="-80.15469333"><ele>10.391</ele><time>2026-07-24T13:22:03Z</time><speed>0.000</speed><sat>18</sat></trkpt>
  <trkpt lat="26.41330667" lon="-80.15469333"><ele>10.391</ele><time>2026-07-24T13:22:04Z</time><speed>0.000</speed><sat>18</sat></trkpt>
  <trkpt lat="26.41330667" lon="-80.15469333"><ele>10.391</ele><time>2026-07-24T13:22:05Z</time><speed>0.000</speed><sat>18</sat></trkpt>
  <trkpt lat="26.41330667" lon="-80.15469333"><ele>10.391</ele><time>2026-07-24T13:22:06Z</time><speed>0.000</speed><sat>18</sat></trkpt>
  <trkpt lat="26.41330667" lon="-80.15469333"><ele>10.391</ele><time>2026-07-24T13:22:07Z</time><speed>0.000</speed><sat>18</sat></trkpt>
  <trkpt lat="26.41330667" lon="-80.15469333"><ele>10.391</ele><time>2026-07-24T13:22:08Z</time><speed>0.000</speed><sat>18</sat></trkpt>
  <trkpt lat="26.41329833" lon="-80.15470833"><ele>16.991</ele><time>2026-07-24T13:22:09Z</time><speed>0.231</speed><sat>18</sat></trkpt>
  <trkpt lat="26.41329500" lon="-80.15470833"><ele>16.891</ele><time>2026-07-24T13:22:10Z</time><speed>0.000</speed><sat>18</sat></trkpt>
  <trkpt lat="26.41329500" lon="-80.15470500"><ele>16.791</ele><time>2026-07-24T13:22:11Z</time><speed>0.000</speed><sat>18</sat></trkpt>
  <trkpt lat="26.41329333" lon="-80.15470167"><ele>16.591</ele><time>2026-07-24T13:22:12Z</time><speed>0.000</speed><sat>18</sat></trkpt>
  <trkpt lat="26.41329333" lon="-80.15470167"><ele>16.591</ele><time>2026-07-24T13:22:13Z</time><speed>0.000</speed><sat>18</sat></trkpt>
  <trkpt lat="26.41329333" lon="-80.15470167"><ele>16.591</ele><time>2026-07-24T13:22:14Z</time><speed>0.000</speed><sat>18</sat></trkpt>
  <trkpt lat="26.41329333" lon="-80.15470167"><ele>16.591</ele><time>2026-07-24T13:22:15Z</time><speed>0.000</speed><sat>18</sat></trkpt>
  <trkpt lat="26.41329333" lon="-80.15470167"><ele>16.591</ele><time>2026-07-24T13:22:16Z</time><speed>0.000</speed><sat>18</sat></trkpt>
  <trkpt lat="26.41329333" lon="-80.15470167"><ele>16.591</ele><time>2026-07-24T13:22:17Z</time><speed>0.000</speed><sat>18</sat></trkpt>
  <trkpt lat="26.41329333" lon="-80.15470167"><ele>16.591</ele><time>2026-07-24T13:22:18Z</time><speed>0.000</speed><sat>18</sat></trkpt>
  <trkpt lat="26.41329333" lon="-80.15470167"><ele>16.591</ele><time>2026-07-24T13:22:19Z</time><speed>0.000</speed><sat>18</sat></trkpt>
  <trkpt lat="26.41329333" lon="-80.15470167"><ele>16.591</ele><time>2026-07-24T13:22:20Z</time><speed>0.000</speed><sat>18</sat></trkpt>
  <trkpt lat="26.41329333" lon="-80.15470167"><ele>16.591</ele><time>2026-07-24T13:22:21Z</time><speed>0.000</speed><sat>18</sat></trkpt>
  <trkpt lat="26.41329333" lon="-80.15470167"><ele>16.591</ele><time>2026-07-24T13:22:22Z</time><speed>0.000</speed><sat>18</sat></trkpt>
  <trkpt lat="26.41329333" lon="-80.15470167"><ele>16.591</ele><time>2026-07-24T13:22:23Z</time><speed>0.000</speed><sat>17</sat></trkpt>
  <trkpt lat="26.41330833" lon="-80.15468667"><ele>14.891</ele><time>2026-07-24T13:22:24Z</time><speed>0.261</speed><sat>18</sat></trkpt>
  <trkpt lat="26.41330667" lon="-80.15469667"><ele>14.791</ele><time>2026-07-24T13:22:25Z</time><speed>0.324</speed><sat>18</sat></trkpt>
  <trkpt lat="26.41330500" lon="-80.15470667"><ele>14.591</ele><time>2026-07-24T13:22:26Z</time><speed>0.382</speed><sat>18</sat></trkpt>
  <trkpt lat="26.41329833" lon="-80.15472000"><ele>14.391</ele><time>2026-07-24T13:22:27Z</time><speed>0.454</speed><sat>18</sat></trkpt>
  <trkpt lat="26.41329500" lon="-80.15473167"><ele>14.091</ele><time>2026-07-24T13:22:28Z</time><speed>0.606</speed><sat>18</sat></trkpt>
  <trkpt lat="26.41328667" lon="-80.15474333"><ele>13.591</ele><time>2026-07-24T13:22:29Z</time><speed>0.718</speed><sat>18</sat></trkpt>
  <trkpt lat="26.41327833" lon="-80.15475333"><ele>13.291</ele><time>2026-07-24T13:22:30Z</time><speed>0.800</speed><sat>18</sat></trkpt>
  <trkpt lat="26.41326833" lon="-80.15475833"><ele>12.991</ele><time>2026-07-24T13:22:31Z</time><speed>0.873</speed><sat>18</sat></trkpt>
  <trkpt lat="26.41326167" lon="-80.15476000"><ele>12.491</ele><time>2026-07-24T13:22:32Z</time><speed>0.949</speed><sat>18</sat></trkpt>
  <trkpt lat="26.41325333" lon="-80.15475667"><ele>12.191</ele><time>2026-07-24T13:22:33Z</time><speed>0.979</speed><sat>18</sat></trkpt>
  <trkpt lat="26.41324667" lon="-80.15475167"><ele>11.991</ele><time>2026-07-24T13:22:34Z</time><speed>1.006</speed><sat>18</sat></trkpt>
  <trkpt lat="26.41324167" lon="-80.15475333"><ele>11.991</ele><time>2026-07-24T13:22:35Z</time><speed>1.012</speed><sat>18</sat></trkpt>
  <trkpt lat="26.41323667" lon="-80.15475167"><ele>11.991</ele><time>2026-07-24T13:22:36Z</time><speed>1.001</speed><sat>18</sat></trkpt>
  <trkpt lat="26.41322667" lon="-80.15474833"><ele>11.791</ele><time>2026-07-24T13:22:37Z</time><speed>1.016</speed><sat>18</sat></trkpt>
  <trkpt lat="26.41322000" lon="-80.15474833"><ele>11.491</ele><time>2026-07-24T13:22:38Z</time><speed>0.957</speed><sat>18</sat></trkpt>
  <trkpt lat="26.41321000" lon="-80.15475000"><ele>11.491</ele><time>2026-07-24T13:22:39Z</time><speed>0.964</speed><sat>18</sat></trkpt>
  <trkpt lat="26.41320333" lon="-80.15475333"><ele>11.290</ele><time>2026-07-24T13:22:40Z</time><speed>0.967</speed><sat>18</sat></trkpt>
  <trkpt lat="26.41319833" lon="-80.15475833"><ele>11.190</ele><time>2026-07-24T13:22:41Z</time><speed>0.950</speed><sat>18</sat></trkpt>
  <trkpt lat="26.41319667" lon="-80.15476167"><ele>10.990</ele><time>2026-07-24T13:22:42Z</time><speed>0.893</speed><sat>18</sat></trkpt>
  <trkpt lat="26.41319500" lon="-80.15476167"><ele>10.590</ele><time>2026-07-24T13:22:43Z</time><speed>0.828</speed><sat>18</sat></trkpt>
  <trkpt lat="26.41319500" lon="-80.15476333"><ele>10.590</ele><time>2026-07-24T13:22:44Z</time><speed>0.755</speed><sat>18</sat></trkpt>
  <trkpt lat="26.41319500" lon="-80.15476000"><ele>10.590</ele><time>2026-07-24T13:22:45Z</time><speed>0.671</speed><sat>18</sat></trkpt>
  <trkpt lat="26.41319500" lon="-80.15476000"><ele>10.490</ele><time>2026-07-24T13:22:46Z</time><speed>0.667</speed><sat>18</sat></trkpt>
  <trkpt lat="26.41319167" lon="-80.15476833"><ele>10.590</ele><time>2026-07-24T13:22:47Z</time><speed>0.652</speed><sat>18</sat></trkpt>
  <trkpt lat="26.41318833" lon="-80.15478500"><ele>10.690</ele><time>2026-07-24T13:22:48Z</time><speed>0.696</speed><sat>18</sat></trkpt>
  <trkpt lat="26.41318667" lon="-80.15480500"><ele>10.590</ele><time>2026-07-24T13:22:49Z</time><speed>0.733</speed><sat>18</sat></trkpt>
  <trkpt lat="26.41318667" lon="-80.15482667"><ele>10.490</ele><time>2026-07-24T13:22:50Z</time><speed>0.815</speed><sat>18</sat></trkpt>
  <trkpt lat="26.41318500" lon="-80.15484667"><ele>10.390</ele><time>2026-07-24T13:22:51Z</time><speed>0.940</speed><sat>18</sat></trkpt>
  <trkpt lat="26.41318500" lon="-80.15486667"><ele>10.190</ele><time>2026-07-24T13:22:52Z</time><speed>1.123</speed><sat>18</sat></trkpt>
  <trkpt lat="26.41318667" lon="-80.15489167"><ele>10.290</ele><time>2026-07-24T13:22:53Z</time><speed>1.338</speed><sat>18</sat></trkpt>
  <trkpt lat="26.41318500" lon="-80.15491833"><ele>9.990</ele><time>2026-07-24T13:22:54Z</time><speed>1.580</speed><sat>18</sat></trkpt>
  <trkpt lat="26.41318333" lon="-80.15494167"><ele>9.890</ele><time>2026-07-24T13:22:55Z</time><speed>1.826</speed><sat>18</sat></trkpt>
  <trkpt lat="26.41318500" lon="-80.15496333"><ele>9.690</ele><time>2026-07-24T13:22:56Z</time><speed>1.996</speed><sat>18</sat></trkpt>
  <trkpt lat="26.41318833" lon="-80.15498667"><ele>9.790</ele><time>2026-07-24T13:22:57Z</time><speed>2.127</speed><sat>19</sat></trkpt>
  <trkpt lat="26.41318667" lon="-80.15501167"><ele>10.089</ele><time>2026-07-24T13:22:58Z</time><speed>2.204</speed><sat>19</sat></trkpt>
  <trkpt lat="26.41318500" lon="-80.15503333"><ele>10.589</ele><time>2026-07-24T13:22:59Z</time><speed>2.230</speed><sat>18</sat></trkpt>
  <trkpt lat="26.41318333" lon="-80.15505167"><ele>11.289</ele><time>2026-07-24T13:23:00Z</time><speed>2.216</speed><sat>18</sat></trkpt>
  <trkpt lat="26.41318000" lon="-80.15506833"><ele>11.489</ele><time>2026-07-24T13:23:01Z</time><speed>2.172</speed><sat>18</sat></trkpt>
  <trkpt lat="26.41318000" lon="-80.15508333"><ele>11.489</ele><time>2026-07-24T13:23:02Z</time><speed>2.066</speed><sat>18</sat></trkpt>
  <trkpt lat="26.41317833" lon="-80.15509500"><ele>11.589</ele><time>2026-07-24T13:23:03Z</time><speed>2.010</speed><sat>18</sat></trkpt>
  <trkpt lat="26.41318000" lon="-80.15511333"><ele>11.489</ele><time>2026-07-24T13:23:04Z</time><speed>1.927</speed><sat>18</sat></trkpt>
  <trkpt lat="26.41318000" lon="-80.15512667"><ele>11.389</ele><time>2026-07-24T13:23:05Z</time><speed>1.780</speed><sat>18</sat></trkpt>
  <trkpt lat="26.41318000" lon="-80.15513833"><ele>11.089</ele><time>2026-07-24T13:23:06Z</time><speed>1.653</speed><sat>18</sat></trkpt>
  <trkpt lat="26.41318167" lon="-80.15514667"><ele>10.989</ele><time>2026-07-24T13:23:07Z</time><speed>1.531</speed><sat>18</sat></trkpt>
  <trkpt lat="26.41318333" lon="-80.15514833"><ele>10.589</ele><time>2026-07-24T13:23:08Z</time><speed>1.376</speed><sat>18</sat></trkpt>
  <trkpt lat="26.41318333" lon="-80.15514333"><ele>10.389</ele><time>2026-07-24T13:23:09Z</time><speed>1.183</speed><sat>18</sat></trkpt>
  <trkpt lat="26.41318000" lon="-80.15514000"><ele>10.489</ele><time>2026-07-24T13:23:10Z</time><speed>1.025</speed><sat>18</sat></trkpt>
  <trkpt lat="26.41317833" lon="-80.15513500"><ele>10.389</ele><time>2026-07-24T13:23:11Z</time><speed>0.885</speed><sat>18</sat></trkpt>
  <trkpt lat="26.41318000" lon="-80.15513333"><ele>10.189</ele><time>2026-07-24T13:23:12Z</time><speed>0.767</speed><sat>18</sat></trkpt>
  <trkpt lat="26.41318167" lon="-80.15513000"><ele>10.189</ele><time>2026-07-24T13:23:13Z</time><speed>0.598</speed><sat>18</sat></trkpt>
  <trkpt lat="26.41318500" lon="-80.15512500"><ele>10.289</ele><time>2026-07-24T13:23:14Z</time><speed>0.497</speed><sat>18</sat></trkpt>
  <trkpt lat="26.41318833" lon="-80.15513500"><ele>10.189</ele><time>2026-07-24T13:23:15Z</time><speed>0.480</speed><sat>18</sat></trkpt>
  <trkpt lat="26.41319167" lon="-80.15514500"><ele>9.889</ele><time>2026-07-24T13:23:16Z</time><speed>0.467</speed><sat>18</sat></trkpt>
  <trkpt lat="26.41320000" lon="-80.15515833"><ele>9.589</ele><time>2026-07-24T13:23:17Z</time><speed>0.500</speed><sat>18</sat></trkpt>
  <trkpt lat="26.41321333" lon="-80.15517333"><ele>9.089</ele><time>2026-07-24T13:23:18Z</time><speed>0.616</speed><sat>18</sat></trkpt>
  <trkpt lat="26.41322667" lon="-80.15519167"><ele>8.989</ele><time>2026-07-24T13:23:19Z</time><speed>0.798</speed><sat>18</sat></trkpt>
  <trkpt lat="26.41324167" lon="-80.15520667"><ele>8.889</ele><time>2026-07-24T13:23:20Z</time><speed>0.998</speed><sat>18</sat></trkpt>
  <trkpt lat="26.41326333" lon="-80.15521500"><ele>9.089</ele><time>2026-07-24T13:23:21Z</time><speed>1.205</speed><sat>18</sat></trkpt>
  <trkpt lat="26.41328667" lon="-80.15522000"><ele>9.589</ele><time>2026-07-24T13:23:22Z</time><speed>1.431</speed><sat>18</sat></trkpt>
  <trkpt lat="26.41330667" lon="-80.15522333"><ele>9.989</ele><time>2026-07-24T13:23:23Z</time><speed>1.646</speed><sat>18</sat></trkpt>
  <trkpt lat="26.41333000" lon="-80.15522333"><ele>10.189</ele><time>2026-07-24T13:23:24Z</time><speed>1.824</speed><sat>18</sat></trkpt>
  <trkpt lat="26.41335167" lon="-80.15522500"><ele>10.389</ele><time>2026-07-24T13:23:25Z</time><speed>1.986</speed><sat>18</sat></trkpt>
  <trkpt lat="26.41337333" lon="-80.15522667"><ele>10.589</ele><time>2026-07-24T13:23:26Z</time><speed>2.128</speed><sat>18</sat></trkpt>
  <trkpt lat="26.41338833" lon="-80.15523167"><ele>10.489</ele><time>2026-07-24T13:23:27Z</time><speed>2.211</speed><sat>18</sat></trkpt>
  <trkpt lat="26.41341167" lon="-80.15523667"><ele>10.789</ele><time>2026-07-24T13:23:28Z</time><speed>2.270</speed><sat>18</sat></trkpt>
  <trkpt lat="26.41343500" lon="-80.15523500"><ele>10.689</ele><time>2026-07-24T13:23:29Z</time><speed>2.242</speed><sat>18</sat></trkpt>
  <trkpt lat="26.41345000" lon="-80.15523000"><ele>10.389</ele><time>2026-07-24T13:23:30Z</time><speed>2.177</speed><sat>18</sat></trkpt>
  <trkpt lat="26.41346833" lon="-80.15523333"><ele>10.089</ele><time>2026-07-24T13:23:31Z</time><speed>2.147</speed><sat>18</sat></trkpt>
  <trkpt lat="26.41349167" lon="-80.15524000"><ele>9.889</ele><time>2026-07-24T13:23:32Z</time><speed>2.140</speed><sat>18</sat></trkpt>
  <trkpt lat="26.41351500" lon="-80.15524667"><ele>9.889</ele><time>2026-07-24T13:23:33Z</time><speed>2.114</speed><sat>18</sat></trkpt>
  <trkpt lat="26.41353667" lon="-80.15525167"><ele>9.389</ele><time>2026-07-24T13:23:34Z</time><speed>2.077</speed><sat>18</sat></trkpt>
  <trkpt lat="26.41356000" lon="-80.15525833"><ele>8.889</ele><time>2026-07-24T13:23:35Z</time><speed>2.080</speed><sat>18</sat></trkpt>
  <trkpt lat="26.41358000" lon="-80.15526167"><ele>8.889</ele><time>2026-07-24T13:23:36Z</time><speed>2.065</speed><sat>17</sat></trkpt>
  <trkpt lat="26.41360167" lon="-80.15526500"><ele>9.289</ele><time>2026-07-24T13:23:37Z</time><speed>2.104</speed><sat>17</sat></trkpt>
  <trkpt lat="26.41362500" lon="-80.15526667"><ele>9.089</ele><time>2026-07-24T13:23:38Z</time><speed>2.144</speed><sat>17</sat></trkpt>
  <trkpt lat="26.41364667" lon="-80.15527333"><ele>9.089</ele><time>2026-07-24T13:23:39Z</time><speed>2.257</speed><sat>17</sat></trkpt>
  <trkpt lat="26.41367000" lon="-80.15528000"><ele>9.189</ele><time>2026-07-24T13:23:40Z</time><speed>2.344</speed><sat>17</sat></trkpt>
  <trkpt lat="26.41370000" lon="-80.15528833"><ele>8.889</ele><time>2026-07-24T13:23:41Z</time><speed>2.451</speed><sat>18</sat></trkpt>
  <trkpt lat="26.41373000" lon="-80.15529833"><ele>8.089</ele><time>2026-07-24T13:23:42Z</time><speed>2.558</speed><sat>18</sat></trkpt>
  <trkpt lat="26.41375833" lon="-80.15531333"><ele>7.988</ele><time>2026-07-24T13:23:43Z</time><speed>2.646</speed><sat>18</sat></trkpt>
  <trkpt lat="26.41378167" lon="-80.15532333"><ele>7.988</ele><time>2026-07-24T13:23:44Z</time><speed>2.722</speed><sat>18</sat></trkpt>
  <trkpt lat="26.41381500" lon="-80.15534167"><ele>7.488</ele><time>2026-07-24T13:23:45Z</time><speed>2.746</speed><sat>18</sat></trkpt>
  <trkpt lat="26.41384333" lon="-80.15535833"><ele>6.688</ele><time>2026-07-24T13:23:46Z</time><speed>2.799</speed><sat>18</sat></trkpt>
  <trkpt lat="26.41386667" lon="-80.15537667"><ele>6.788</ele><time>2026-07-24T13:23:47Z</time><speed>2.843</speed><sat>18</sat></trkpt>
  <trkpt lat="26.41389167" lon="-80.15539833"><ele>6.788</ele><time>2026-07-24T13:23:48Z</time><speed>2.853</speed><sat>18</sat></trkpt>
  <trkpt lat="26.41391500" lon="-80.15541500"><ele>6.488</ele><time>2026-07-24T13:23:49Z</time><speed>2.874</speed><sat>18</sat></trkpt>
  <trkpt lat="26.41394167" lon="-80.15543833"><ele>6.088</ele><time>2026-07-24T13:23:50Z</time><speed>2.985</speed><sat>18</sat></trkpt>
  <trkpt lat="26.41396000" lon="-80.15546667"><ele>6.088</ele><time>2026-07-24T13:23:51Z</time><speed>3.014</speed><sat>18</sat></trkpt>
  <trkpt lat="26.41398167" lon="-80.15548833"><ele>5.688</ele><time>2026-07-24T13:23:52Z</time><speed>2.982</speed><sat>18</sat></trkpt>
  <trkpt lat="26.41400000" lon="-80.15551000"><ele>5.488</ele><time>2026-07-24T13:23:53Z</time><speed>2.947</speed><sat>18</sat></trkpt>
  <trkpt lat="26.41401500" lon="-80.15552833"><ele>6.088</ele><time>2026-07-24T13:23:54Z</time><speed>2.933</speed><sat>18</sat></trkpt>
  <trkpt lat="26.41403500" lon="-80.15554833"><ele>5.788</ele><time>2026-07-24T13:23:55Z</time><speed>2.920</speed><sat>18</sat></trkpt>
  <trkpt lat="26.41405500" lon="-80.15557333"><ele>5.388</ele><time>2026-07-24T13:23:56Z</time><speed>2.966</speed><sat>18</sat></trkpt>
  <trkpt lat="26.41407667" lon="-80.15559667"><ele>5.488</ele><time>2026-07-24T13:23:57Z</time><speed>3.022</speed><sat>18</sat></trkpt>
  <trkpt lat="26.41409667" lon="-80.15562167"><ele>5.487</ele><time>2026-07-24T13:23:58Z</time><speed>3.044</speed><sat>18</sat></trkpt>
  <trkpt lat="26.41411167" lon="-80.15564667"><ele>5.187</ele><time>2026-07-24T13:23:59Z</time><speed>3.057</speed><sat>18</sat></trkpt>
  <trkpt lat="26.41412833" lon="-80.15567167"><ele>4.887</ele><time>2026-07-24T13:24:00Z</time><speed>3.023</speed><sat>18</sat></trkpt>
  <trkpt lat="26.41414333" lon="-80.15569500"><ele>4.787</ele><time>2026-07-24T13:24:01Z</time><speed>3.013</speed><sat>18</sat></trkpt>
  <trkpt lat="26.41416167" lon="-80.15571833"><ele>4.687</ele><time>2026-07-24T13:24:02Z</time><speed>3.036</speed><sat>18</sat></trkpt>
  <trkpt lat="26.41418167" lon="-80.15574167"><ele>4.787</ele><time>2026-07-24T13:24:03Z</time><speed>3.118</speed><sat>18</sat></trkpt>
  <trkpt lat="26.41420000" lon="-80.15576333"><ele>3.887</ele><time>2026-07-24T13:24:04Z</time><speed>3.160</speed><sat>18</sat></trkpt>
  <trkpt lat="26.41422000" lon="-80.15578167"><ele>3.187</ele><time>2026-07-24T13:24:05Z</time><speed>3.203</speed><sat>18</sat></trkpt>
  <trkpt lat="26.41424333" lon="-80.15580000"><ele>2.687</ele><time>2026-07-24T13:24:06Z</time><speed>3.189</speed><sat>18</sat></trkpt>
  <trkpt lat="26.41426833" lon="-80.15582000"><ele>2.487</ele><time>2026-07-24T13:24:07Z</time><speed>3.155</speed><sat>18</sat></trkpt>
  <trkpt lat="26.41429167" lon="-80.15583833"><ele>2.387</ele><time>2026-07-24T13:24:08Z</time><speed>3.167</speed><sat>18</sat></trkpt>
  <trkpt lat="26.41431833" lon="-80.15585667"><ele>2.687</ele><time>2026-07-24T13:24:09Z</time><speed>3.191</speed><sat>18</sat></trkpt>
  <trkpt lat="26.41434167" lon="-80.15587333"><ele>2.287</ele><time>2026-07-24T13:24:10Z</time><speed>3.199</speed><sat>18</sat></trkpt>
  <trkpt lat="26.41436833" lon="-80.15589500"><ele>2.486</ele><time>2026-07-24T13:24:11Z</time><speed>3.236</speed><sat>18</sat></trkpt>
  <trkpt lat="26.41439333" lon="-80.15591667"><ele>2.286</ele><time>2026-07-24T13:24:12Z</time><speed>3.243</speed><sat>18</sat></trkpt>
  <trkpt lat="26.41441833" lon="-80.15593167"><ele>2.186</ele><time>2026-07-24T13:24:13Z</time><speed>3.200</speed><sat>18</sat></trkpt>
  <trkpt lat="26.41444333" lon="-80.15594333"><ele>2.386</ele><time>2026-07-24T13:24:14Z</time><speed>3.176</speed><sat>18</sat></trkpt>
  <trkpt lat="26.41447667" lon="-80.15596167"><ele>4.086</ele><time>2026-07-24T13:24:15Z</time><speed>3.197</speed><sat>18</sat></trkpt>
  <trkpt lat="26.41450333" lon="-80.15597333"><ele>5.386</ele><time>2026-07-24T13:24:16Z</time><speed>3.212</speed><sat>18</sat></trkpt>
  <trkpt lat="26.41453000" lon="-80.15598167"><ele>5.286</ele><time>2026-07-24T13:24:17Z</time><speed>3.191</speed><sat>18</sat></trkpt>
  <trkpt lat="26.41455667" lon="-80.15599167"><ele>4.986</ele><time>2026-07-24T13:24:18Z</time><speed>3.191</speed><sat>18</sat></trkpt>
  <trkpt lat="26.41458333" lon="-80.15600500"><ele>4.686</ele><time>2026-07-24T13:24:19Z</time><speed>3.200</speed><sat>18</sat></trkpt>
  <trkpt lat="26.41461167" lon="-80.15601333"><ele>4.386</ele><time>2026-07-24T13:24:20Z</time><speed>3.220</speed><sat>18</sat></trkpt>
  <trkpt lat="26.41464000" lon="-80.15601667"><ele>4.186</ele><time>2026-07-24T13:24:21Z</time><speed>3.200</speed><sat>18</sat></trkpt>
  <trkpt lat="26.41467333" lon="-80.15601500"><ele>4.186</ele><time>2026-07-24T13:24:22Z</time><speed>3.194</speed><sat>18</sat></trkpt>
  <trkpt lat="26.41470333" lon="-80.15601500"><ele>4.386</ele><time>2026-07-24T13:24:23Z</time><speed>3.243</speed><sat>18</sat></trkpt>
  <trkpt lat="26.41473500" lon="-80.15601167"><ele>4.786</ele><time>2026-07-24T13:24:24Z</time><speed>3.271</speed><sat>18</sat></trkpt>
  <trkpt lat="26.41476333" lon="-80.15600833"><ele>5.086</ele><time>2026-07-24T13:24:25Z</time><speed>3.215</speed><sat>18</sat></trkpt>
  <trkpt lat="26.41478667" lon="-80.15600333"><ele>4.286</ele><time>2026-07-24T13:24:26Z</time><speed>3.125</speed><sat>18</sat></trkpt>
  <trkpt lat="26.41481833" lon="-80.15600000"><ele>4.286</ele><time>2026-07-24T13:24:27Z</time><speed>3.051</speed><sat>18</sat></trkpt>
  <trkpt lat="26.41485167" lon="-80.15599333"><ele>4.886</ele><time>2026-07-24T13:24:28Z</time><speed>3.035</speed><sat>18</sat></trkpt>
  <trkpt lat="26.41488667" lon="-80.15598667"><ele>5.186</ele><time>2026-07-24T13:24:29Z</time><speed>2.957</speed><sat>18</sat></trkpt>
  <trkpt lat="26.41491167" lon="-80.15598333"><ele>5.286</ele><time>2026-07-24T13:24:30Z</time><speed>2.921</speed><sat>18</sat></trkpt>
  <trkpt lat="26.41494000" lon="-80.15597833"><ele>4.886</ele><time>2026-07-24T13:24:31Z</time><speed>2.899</speed><sat>18</sat></trkpt>
  <trkpt lat="26.41497167" lon="-80.15597167"><ele>5.586</ele><time>2026-07-24T13:24:32Z</time><speed>2.910</speed><sat>17</sat></trkpt>
  <trkpt lat="26.41500167" lon="-80.15596833"><ele>5.686</ele><time>2026-07-24T13:24:33Z</time><speed>2.897</speed><sat>17</sat></trkpt>
  <trkpt lat="26.41503000" lon="-80.15596333"><ele>5.887</ele><time>2026-07-24T13:24:34Z</time><speed>2.931</speed><sat>17</sat></trkpt>
  <trkpt lat="26.41506167" lon="-80.15595833"><ele>5.787</ele><time>2026-07-24T13:24:35Z</time><speed>2.976</speed><sat>17</sat></trkpt>
  <trkpt lat="26.41509333" lon="-80.15595333"><ele>5.787</ele><time>2026-07-24T13:24:36Z</time><speed>3.066</speed><sat>17</sat></trkpt>
  <trkpt lat="26.41512500" lon="-80.15594333"><ele>5.987</ele><time>2026-07-24T13:24:37Z</time><speed>3.175</speed><sat>17</sat></trkpt>
  <trkpt lat="26.41515667" lon="-80.15593833"><ele>6.087</ele><time>2026-07-24T13:24:38Z</time><speed>3.201</speed><sat>17</sat></trkpt>
  <trkpt lat="26.41518833" lon="-80.15593167"><ele>6.187</ele><time>2026-07-24T13:24:39Z</time><speed>3.271</speed><sat>17</sat></trkpt>
  <trkpt lat="26.41522000" lon="-80.15592500"><ele>6.187</ele><time>2026-07-24T13:24:40Z</time><speed>3.310</speed><sat>17</sat></trkpt>
  <trkpt lat="26.41525333" lon="-80.15591833"><ele>6.287</ele><time>2026-07-24T13:24:41Z</time><speed>3.329</speed><sat>18</sat></trkpt>
  <trkpt lat="26.41528000" lon="-80.15591167"><ele>6.187</ele><time>2026-07-24T13:24:42Z</time><speed>3.334</speed><sat>18</sat></trkpt>
  <trkpt lat="26.41530667" lon="-80.15590500"><ele>6.087</ele><time>2026-07-24T13:24:43Z</time><speed>3.351</speed><sat>18</sat></trkpt>
  <trkpt lat="26.41533667" lon="-80.15590000"><ele>5.987</ele><time>2026-07-24T13:24:44Z</time><speed>3.340</speed><sat>18</sat></trkpt>
  <trkpt lat="26.41536667" lon="-80.15589333"><ele>5.787</ele><time>2026-07-24T13:24:45Z</time><speed>3.366</speed><sat>18</sat></trkpt>
  <trkpt lat="26.41539667" lon="-80.15588667"><ele>5.687</ele><time>2026-07-24T13:24:46Z</time><speed>3.379</speed><sat>18</sat></trkpt>
  <trkpt lat="26.41543000" lon="-80.15588167"><ele>5.687</ele><time>2026-07-24T13:24:47Z</time><speed>3.357</speed><sat>17</sat></trkpt>
  <trkpt lat="26.41546000" lon="-80.15587500"><ele>6.087</ele><time>2026-07-24T13:24:48Z</time><speed>3.370</speed><sat>18</sat></trkpt>
  <trkpt lat="26.41549167" lon="-80.15587000"><ele>6.287</ele><time>2026-07-24T13:24:49Z</time><speed>3.394</speed><sat>18</sat></trkpt>
  <trkpt lat="26.41552167" lon="-80.15586667"><ele>6.187</ele><time>2026-07-24T13:24:50Z</time><speed>3.413</speed><sat>18</sat></trkpt>
  <trkpt lat="26.41555000" lon="-80.15586333"><ele>5.987</ele><time>2026-07-24T13:24:51Z</time><speed>3.410</speed><sat>18</sat></trkpt>
  <trkpt lat="26.41557500" lon="-80.15586500"><ele>5.787</ele><time>2026-07-24T13:24:52Z</time><speed>3.428</speed><sat>18</sat></trkpt>
  <trkpt lat="26.41560667" lon="-80.15586333"><ele>6.987</ele><time>2026-07-24T13:24:53Z</time><speed>3.458</speed><sat>18</sat></trkpt>
  <trkpt lat="26.41563667" lon="-80.15586667"><ele>6.987</ele><time>2026-07-24T13:24:54Z</time><speed>3.480</speed><sat>18</sat></trkpt>
  <trkpt lat="26.41566333" lon="-80.15587333"><ele>6.887</ele><time>2026-07-24T13:24:55Z</time><speed>3.474</speed><sat>18</sat></trkpt>
  <trkpt lat="26.41569333" lon="-80.15588333"><ele>6.987</ele><time>2026-07-24T13:24:56Z</time><speed>3.475</speed><sat>18</sat></trkpt>
  <trkpt lat="26.41571833" lon="-80.15589333"><ele>6.687</ele><time>2026-07-24T13:24:57Z</time><speed>3.493</speed><sat>18</sat></trkpt>
  <trkpt lat="26.41575000" lon="-80.15590833"><ele>6.487</ele><time>2026-07-24T13:24:58Z</time><speed>3.476</speed><sat>18</sat></trkpt>
  <trkpt lat="26.41577833" lon="-80.15592167"><ele>6.587</ele><time>2026-07-24T13:24:59Z</time><speed>3.474</speed><sat>18</sat></trkpt>
  <trkpt lat="26.41580333" lon="-80.15593833"><ele>6.687</ele><time>2026-07-24T13:25:00Z</time><speed>3.468</speed><sat>18</sat></trkpt>
  <trkpt lat="26.41582833" lon="-80.15595833"><ele>6.687</ele><time>2026-07-24T13:25:01Z</time><speed>3.492</speed><sat>18</sat></trkpt>
  <trkpt lat="26.41584667" lon="-80.15597667"><ele>6.787</ele><time>2026-07-24T13:25:02Z</time><speed>3.444</speed><sat>18</sat></trkpt>
  <trkpt lat="26.41586833" lon="-80.15599667"><ele>6.687</ele><time>2026-07-24T13:25:03Z</time><speed>3.389</speed><sat>18</sat></trkpt>
  <trkpt lat="26.41589500" lon="-80.15602500"><ele>6.287</ele><time>2026-07-24T13:25:04Z</time><speed>3.353</speed><sat>18</sat></trkpt>
  <trkpt lat="26.41592000" lon="-80.15604833"><ele>5.687</ele><time>2026-07-24T13:25:05Z</time><speed>3.368</speed><sat>18</sat></trkpt>
  <trkpt lat="26.41594333" lon="-80.15607333"><ele>5.887</ele><time>2026-07-24T13:25:06Z</time><speed>3.353</speed><sat>18</sat></trkpt>
  <trkpt lat="26.41596667" lon="-80.15610167"><ele>6.086</ele><time>2026-07-24T13:25:07Z</time><speed>3.352</speed><sat>18</sat></trkpt>
  <trkpt lat="26.41598833" lon="-80.15613000"><ele>6.386</ele><time>2026-07-24T13:25:08Z</time><speed>3.360</speed><sat>18</sat></trkpt>
  <trkpt lat="26.41600667" lon="-80.15616167"><ele>6.886</ele><time>2026-07-24T13:25:09Z</time><speed>3.360</speed><sat>18</sat></trkpt>
  <trkpt lat="26.41602000" lon="-80.15619333"><ele>6.986</ele><time>2026-07-24T13:25:10Z</time><speed>3.338</speed><sat>18</sat></trkpt>
  <trkpt lat="26.41603333" lon="-80.15622667"><ele>6.986</ele><time>2026-07-24T13:25:11Z</time><speed>3.308</speed><sat>18</sat></trkpt>
  <trkpt lat="26.41604000" lon="-80.15626000"><ele>6.986</ele><time>2026-07-24T13:25:12Z</time><speed>3.343</speed><sat>18</sat></trkpt>
  <trkpt lat="26.41604833" lon="-80.15629667"><ele>6.586</ele><time>2026-07-24T13:25:13Z</time><speed>3.400</speed><sat>18</sat></trkpt>
  <trkpt lat="26.41605333" lon="-80.15633333"><ele>6.886</ele><time>2026-07-24T13:25:14Z</time><speed>3.435</speed><sat>18</sat></trkpt>
  <trkpt lat="26.41605333" lon="-80.15636833"><ele>7.185</ele><time>2026-07-24T13:25:15Z</time><speed>3.383</speed><sat>18</sat></trkpt>
  <trkpt lat="26.41605500" lon="-80.15640167"><ele>6.985</ele><time>2026-07-24T13:25:16Z</time><speed>3.372</speed><sat>18</sat></trkpt>
  <trkpt lat="26.41605000" lon="-80.15644000"><ele>7.085</ele><time>2026-07-24T13:25:17Z</time><speed>3.377</speed><sat>18</sat></trkpt>
  <trkpt lat="26.41604833" lon="-80.15647333"><ele>7.185</ele><time>2026-07-24T13:25:18Z</time><speed>3.288</speed><sat>18</sat></trkpt>
  <trkpt lat="26.41604167" lon="-80.15650500"><ele>6.885</ele><time>2026-07-24T13:25:19Z</time><speed>3.154</speed><sat>18</sat></trkpt>
  <trkpt lat="26.41604167" lon="-80.15653667"><ele>6.185</ele><time>2026-07-24T13:25:20Z</time><speed>3.031</speed><sat>18</sat></trkpt>
  <trkpt lat="26.41604000" lon="-80.15656333"><ele>5.885</ele><time>2026-07-24T13:25:21Z</time><speed>2.932</speed><sat>18</sat></trkpt>
  <trkpt lat="26.41603333" lon="-80.15659500"><ele>5.384</ele><time>2026-07-24T13:25:22Z</time><speed>2.843</speed><sat>18</sat></trkpt>
  <trkpt lat="26.41602667" lon="-80.15663667"><ele>5.384</ele><time>2026-07-24T13:25:23Z</time><speed>2.800</speed><sat>18</sat></trkpt>
  <trkpt lat="26.41601500" lon="-80.15667333"><ele>5.484</ele><time>2026-07-24T13:25:24Z</time><speed>2.755</speed><sat>18</sat></trkpt>
  <trkpt lat="26.41600500" lon="-80.15670833"><ele>5.484</ele><time>2026-07-24T13:25:25Z</time><speed>2.808</speed><sat>18</sat></trkpt>
  <trkpt lat="26.41599333" lon="-80.15674500"><ele>5.484</ele><time>2026-07-24T13:25:26Z</time><speed>2.828</speed><sat>18</sat></trkpt>
  <trkpt lat="26.41598167" lon="-80.15677833"><ele>5.484</ele><time>2026-07-24T13:25:27Z</time><speed>2.823</speed><sat>18</sat></trkpt>
  <trkpt lat="26.41597167" lon="-80.15681167"><ele>5.484</ele><time>2026-07-24T13:25:28Z</time><speed>2.931</speed><sat>18</sat></trkpt>
  <trkpt lat="26.41596167" lon="-80.15684500"><ele>5.083</ele><time>2026-07-24T13:25:29Z</time><speed>3.054</speed><sat>18</sat></trkpt>
  <trkpt lat="26.41595167" lon="-80.15687833"><ele>5.283</ele><time>2026-07-24T13:25:30Z</time><speed>3.205</speed><sat>18</sat></trkpt>
  <trkpt lat="26.41594000" lon="-80.15691167"><ele>5.083</ele><time>2026-07-24T13:25:31Z</time><speed>3.349</speed><sat>18</sat></trkpt>
  <trkpt lat="26.41592833" lon="-80.15694667"><ele>4.783</ele><time>2026-07-24T13:25:32Z</time><speed>3.441</speed><sat>18</sat></trkpt>
  <trkpt lat="26.41592333" lon="-80.15697833"><ele>4.683</ele><time>2026-07-24T13:25:33Z</time><speed>3.457</speed><sat>18</sat></trkpt>
  <trkpt lat="26.41591667" lon="-80.15701167"><ele>4.783</ele><time>2026-07-24T13:25:34Z</time><speed>3.490</speed><sat>18</sat></trkpt>
  <trkpt lat="26.41591000" lon="-80.15704500"><ele>4.583</ele><time>2026-07-24T13:25:35Z</time><speed>3.482</speed><sat>18</sat></trkpt>
  <trkpt lat="26.41590500" lon="-80.15707833"><ele>4.382</ele><time>2026-07-24T13:25:36Z</time><speed>3.488</speed><sat>18</sat></trkpt>
  <trkpt lat="26.41589667" lon="-80.15711000"><ele>4.082</ele><time>2026-07-24T13:25:37Z</time><speed>3.475</speed><sat>18</sat></trkpt>
  <trkpt lat="26.41589000" lon="-80.15714333"><ele>4.082</ele><time>2026-07-24T13:25:38Z</time><speed>3.468</speed><sat>18</sat></trkpt>
  <trkpt lat="26.41588333" lon="-80.15718000"><ele>4.082</ele><time>2026-07-24T13:25:39Z</time><speed>3.469</speed><sat>18</sat></trkpt>
  <trkpt lat="26.41587167" lon="-80.15721500"><ele>4.582</ele><time>2026-07-24T13:25:40Z</time><speed>3.470</speed><sat>18</sat></trkpt>
  <trkpt lat="26.41586500" lon="-80.15725000"><ele>4.682</ele><time>2026-07-24T13:25:41Z</time><speed>3.463</speed><sat>18</sat></trkpt>
  <trkpt lat="26.41586000" lon="-80.15728833"><ele>4.182</ele><time>2026-07-24T13:25:42Z</time><speed>3.481</speed><sat>18</sat></trkpt>
  <trkpt lat="26.41585833" lon="-80.15732667"><ele>3.381</ele><time>2026-07-24T13:25:43Z</time><speed>3.492</speed><sat>18</sat></trkpt>
  <trkpt lat="26.41585667" lon="-80.15736167"><ele>2.781</ele><time>2026-07-24T13:25:44Z</time><speed>3.501</speed><sat>18</sat></trkpt>
  <trkpt lat="26.41585833" lon="-80.15739833"><ele>2.981</ele><time>2026-07-24T13:25:45Z</time><speed>3.497</speed><sat>18</sat></trkpt>
  <trkpt lat="26.41586000" lon="-80.15743167"><ele>3.181</ele><time>2026-07-24T13:25:46Z</time><speed>3.473</speed><sat>18</sat></trkpt>
  <trkpt lat="26.41586167" lon="-80.15746667"><ele>3.481</ele><time>2026-07-24T13:25:47Z</time><speed>3.489</speed><sat>18</sat></trkpt>
  <trkpt lat="26.41586667" lon="-80.15750167"><ele>4.681</ele><time>2026-07-24T13:25:48Z</time><speed>3.483</speed><sat>18</sat></trkpt>
  <trkpt lat="26.41587000" lon="-80.15753667"><ele>5.181</ele><time>2026-07-24T13:25:49Z</time><speed>3.483</speed><sat>18</sat></trkpt>
  <trkpt lat="26.41587500" lon="-80.15757333"><ele>6.080</ele><time>2026-07-24T13:25:50Z</time><speed>3.447</speed><sat>18</sat></trkpt>
  <trkpt lat="26.41588167" lon="-80.15760833"><ele>6.580</ele><time>2026-07-24T13:25:51Z</time><speed>3.425</speed><sat>18</sat></trkpt>
  <trkpt lat="26.41588833" lon="-80.15764167"><ele>6.680</ele><time>2026-07-24T13:25:52Z</time><speed>3.404</speed><sat>18</sat></trkpt>
  <trkpt lat="26.41589667" lon="-80.15767500"><ele>6.880</ele><time>2026-07-24T13:25:53Z</time><speed>3.383</speed><sat>18</sat></trkpt>
  <trkpt lat="26.41590500" lon="-80.15770833"><ele>6.980</ele><time>2026-07-24T13:25:54Z</time><speed>3.348</speed><sat>18</sat></trkpt>
  <trkpt lat="26.41591667" lon="-80.15773667"><ele>7.480</ele><time>2026-07-24T13:25:55Z</time><speed>3.347</speed><sat>18</sat></trkpt>
  <trkpt lat="26.41592667" lon="-80.15776333"><ele>7.880</ele><time>2026-07-24T13:25:56Z</time><speed>3.316</speed><sat>18</sat></trkpt>
  <trkpt lat="26.41593667" lon="-80.15778667"><ele>8.580</ele><time>2026-07-24T13:25:57Z</time><speed>3.200</speed><sat>18</sat></trkpt>
  <trkpt lat="26.41595500" lon="-80.15781000"><ele>8.979</ele><time>2026-07-24T13:25:58Z</time><speed>3.143</speed><sat>18</sat></trkpt>
  <trkpt lat="26.41597000" lon="-80.15782833"><ele>9.979</ele><time>2026-07-24T13:25:59Z</time><speed>3.019</speed><sat>18</sat></trkpt>
  <trkpt lat="26.41598000" lon="-80.15784333"><ele>10.079</ele><time>2026-07-24T13:26:00Z</time><speed>2.862</speed><sat>18</sat></trkpt>
  <trkpt lat="26.41598500" lon="-80.15785833"><ele>10.079</ele><time>2026-07-24T13:26:01Z</time><speed>2.694</speed><sat>18</sat></trkpt>
  <trkpt lat="26.41598833" lon="-80.15787500"><ele>10.079</ele><time>2026-07-24T13:26:02Z</time><speed>2.486</speed><sat>18</sat></trkpt>
  <trkpt lat="26.41599500" lon="-80.15788500"><ele>10.179</ele><time>2026-07-24T13:26:03Z</time><speed>2.241</speed><sat>18</sat></trkpt>
  <trkpt lat="26.41600167" lon="-80.15789333"><ele>10.479</ele><time>2026-07-24T13:26:04Z</time><speed>1.962</speed><sat>18</sat></trkpt>
  <trkpt lat="26.41600333" lon="-80.15789833"><ele>10.479</ele><time>2026-07-24T13:26:05Z</time><speed>1.679</speed><sat>18</sat></trkpt>
  <trkpt lat="26.41600667" lon="-80.15790333"><ele>10.679</ele><time>2026-07-24T13:26:06Z</time><speed>1.427</speed><sat>18</sat></trkpt>
  <trkpt lat="26.41601167" lon="-80.15790667"><ele>10.879</ele><time>2026-07-24T13:26:07Z</time><speed>1.227</speed><sat>18</sat></trkpt>
  <trkpt lat="26.41601500" lon="-80.15790833"><ele>10.979</ele><time>2026-07-24T13:26:08Z</time><speed>0.974</speed><sat>18</sat></trkpt>
  <trkpt lat="26.41602000" lon="-80.15791167"><ele>10.979</ele><time>2026-07-24T13:26:09Z</time><speed>0.796</speed><sat>18</sat></trkpt>
  <trkpt lat="26.41601833" lon="-80.15791500"><ele>11.079</ele><time>2026-07-24T13:26:10Z</time><speed>0.646</speed><sat>18</sat></trkpt>
  <trkpt lat="26.41602167" lon="-80.15791167"><ele>11.179</ele><time>2026-07-24T13:26:11Z</time><speed>0.503</speed><sat>18</sat></trkpt>
  <trkpt lat="26.41602167" lon="-80.15791167"><ele>11.379</ele><time>2026-07-24T13:26:12Z</time><speed>0.000</speed><sat>18</sat></trkpt>
  <trkpt lat="26.41602167" lon="-80.15791333"><ele>11.479</ele><time>2026-07-24T13:26:13Z</time><speed>0.000</speed><sat>18</sat></trkpt>
  <trkpt lat="26.41602000" lon="-80.15791833"><ele>11.779</ele><time>2026-07-24T13:26:14Z</time><speed>0.000</speed><sat>18</sat></trkpt>
  <trkpt lat="26.41602000" lon="-80.15791833"><ele>11.779</ele><time>2026-07-24T13:26:15Z</time><speed>0.000</speed><sat>18</sat></trkpt>
  <trkpt lat="26.41602000" lon="-80.15791833"><ele>11.779</ele><time>2026-07-24T13:26:16Z</time><speed>0.000</speed><sat>18</sat></trkpt>
  <trkpt lat="26.41602000" lon="-80.15791833"><ele>11.779</ele><time>2026-07-24T13:26:17Z</time><speed>0.000</speed><sat>18</sat></trkpt>
  <trkpt lat="26.41602000" lon="-80.15791833"><ele>11.779</ele><time>2026-07-24T13:26:18Z</time><speed>0.000</speed><sat>18</sat></trkpt>
  <trkpt lat="26.41602000" lon="-80.15791833"><ele>11.779</ele><time>2026-07-24T13:26:19Z</time><speed>0.000</speed><sat>18</sat></trkpt>
  <trkpt lat="26.41602000" lon="-80.15791833"><ele>11.779</ele><time>2026-07-24T13:26:20Z</time><speed>0.000</speed><sat>18</sat></trkpt>
  <trkpt lat="26.41602000" lon="-80.15791833"><ele>11.779</ele><time>2026-07-24T13:26:21Z</time><speed>0.000</speed><sat>18</sat></trkpt>
  <trkpt lat="26.41604333" lon="-80.15795833"><ele>13.079</ele><time>2026-07-24T13:26:22Z</time><speed>0.341</speed><sat>18</sat></trkpt>
  <trkpt lat="26.41605667" lon="-80.15796000"><ele>13.379</ele><time>2026-07-24T13:26:23Z</time><speed>0.495</speed><sat>18</sat></trkpt>
  <trkpt lat="26.41607333" lon="-80.15795500"><ele>13.679</ele><time>2026-07-24T13:26:24Z</time><speed>0.630</speed><sat>18</sat></trkpt>
  <trkpt lat="26.41609000" lon="-80.15794500"><ele>13.779</ele><time>2026-07-24T13:26:25Z</time><speed>0.792</speed><sat>18</sat></trkpt>
  <trkpt lat="26.41610667" lon="-80.15793000"><ele>14.179</ele><time>2026-07-24T13:26:26Z</time><speed>1.002</speed><sat>18</sat></trkpt>
  <trkpt lat="26.41612333" lon="-80.15791500"><ele>14.479</ele><time>2026-07-24T13:26:27Z</time><speed>1.234</speed><sat>18</sat></trkpt>
  <trkpt lat="26.41614500" lon="-80.15790667"><ele>14.679</ele><time>2026-07-24T13:26:28Z</time><speed>1.475</speed><sat>18</sat></trkpt>
  <trkpt lat="26.41616833" lon="-80.15789500"><ele>14.779</ele><time>2026-07-24T13:26:29Z</time><speed>1.683</speed><sat>18</sat></trkpt>
  <trkpt lat="26.41619000" lon="-80.15788667"><ele>15.179</ele><time>2026-07-24T13:26:30Z</time><speed>1.871</speed><sat>18</sat></trkpt>
  <trkpt lat="26.41621667" lon="-80.15787667"><ele>15.979</ele><time>2026-07-24T13:26:31Z</time><speed>1.989</speed><sat>18</sat></trkpt>
  <trkpt lat="26.41624167" lon="-80.15786333"><ele>16.279</ele><time>2026-07-24T13:26:32Z</time><speed>2.164</speed><sat>18</sat></trkpt>
  <trkpt lat="26.41626833" lon="-80.15784667"><ele>15.579</ele><time>2026-07-24T13:26:33Z</time><speed>2.277</speed><sat>18</sat></trkpt>
  <trkpt lat="26.41629333" lon="-80.15783000"><ele>14.980</ele><time>2026-07-24T13:26:34Z</time><speed>2.376</speed><sat>18</sat></trkpt>
  <trkpt lat="26.41631000" lon="-80.15780667"><ele>14.880</ele><time>2026-07-24T13:26:35Z</time><speed>2.398</speed><sat>18</sat></trkpt>
  <trkpt lat="26.41632833" lon="-80.15778833"><ele>14.180</ele><time>2026-07-24T13:26:36Z</time><speed>2.404</speed><sat>18</sat></trkpt>
  <trkpt lat="26.41634667" lon="-80.15777500"><ele>13.780</ele><time>2026-07-24T13:26:37Z</time><speed>2.326</speed><sat>18</sat></trkpt>
  <trkpt lat="26.41636667" lon="-80.15776500"><ele>12.880</ele><time>2026-07-24T13:26:38Z</time><speed>2.292</speed><sat>18</sat></trkpt>
  <trkpt lat="26.41638500" lon="-80.15775667"><ele>12.180</ele><time>2026-07-24T13:26:39Z</time><speed>2.286</speed><sat>18</sat></trkpt>
  <trkpt lat="26.41640667" lon="-80.15774833"><ele>11.480</ele><time>2026-07-24T13:26:40Z</time><speed>2.309</speed><sat>18</sat></trkpt>
  <trkpt lat="26.41643000" lon="-80.15773667"><ele>10.780</ele><time>2026-07-24T13:26:41Z</time><speed>2.332</speed><sat>18</sat></trkpt>
  <trkpt lat="26.41646167" lon="-80.15772667"><ele>9.980</ele><time>2026-07-24T13:26:42Z</time><speed>2.345</speed><sat>18</sat></trkpt>
  <trkpt lat="26.41648833" lon="-80.15771667"><ele>9.080</ele><time>2026-07-24T13:26:43Z</time><speed>2.392</speed><sat>18</sat></trkpt>
  <trkpt lat="26.41651667" lon="-80.15770500"><ele>9.480</ele><time>2026-07-24T13:26:44Z</time><speed>2.434</speed><sat>18</sat></trkpt>
  <trkpt lat="26.41654167" lon="-80.15769667"><ele>8.980</ele><time>2026-07-24T13:26:45Z</time><speed>2.517</speed><sat>18</sat></trkpt>
  <trkpt lat="26.41656333" lon="-80.15769167"><ele>8.480</ele><time>2026-07-24T13:26:46Z</time><speed>2.549</speed><sat>18</sat></trkpt>
  <trkpt lat="26.41658167" lon="-80.15769167"><ele>8.080</ele><time>2026-07-24T13:26:47Z</time><speed>2.630</speed><sat>18</sat></trkpt>
  <trkpt lat="26.41660833" lon="-80.15768667"><ele>7.680</ele><time>2026-07-24T13:26:48Z</time><speed>2.712</speed><sat>18</sat></trkpt>
  <trkpt lat="26.41663500" lon="-80.15767833"><ele>7.380</ele><time>2026-07-24T13:26:49Z</time><speed>2.800</speed><sat>18</sat></trkpt>
  <trkpt lat="26.41666167" lon="-80.15767000"><ele>7.180</ele><time>2026-07-24T13:26:50Z</time><speed>2.850</speed><sat>18</sat></trkpt>
  <trkpt lat="26.41669000" lon="-80.15766500"><ele>6.780</ele><time>2026-07-24T13:26:51Z</time><speed>2.879</speed><sat>18</sat></trkpt>
  <trkpt lat="26.41671833" lon="-80.15766000"><ele>6.480</ele><time>2026-07-24T13:26:52Z</time><speed>2.906</speed><sat>18</sat></trkpt>
  <trkpt lat="26.41675000" lon="-80.15765167"><ele>5.881</ele><time>2026-07-24T13:26:53Z</time><speed>2.954</speed><sat>18</sat></trkpt>
  <trkpt lat="26.41677833" lon="-80.15764667"><ele>5.881</ele><time>2026-07-24T13:26:54Z</time><speed>3.000</speed><sat>18</sat></trkpt>
  <trkpt lat="26.41680833" lon="-80.15764000"><ele>5.781</ele><time>2026-07-24T13:26:55Z</time><speed>3.053</speed><sat>18</sat></trkpt>
  <trkpt lat="26.41683833" lon="-80.15763333"><ele>5.681</ele><time>2026-07-24T13:26:56Z</time><speed>3.103</speed><sat>18</sat></trkpt>
  <trkpt lat="26.41686833" lon="-80.15762833"><ele>5.581</ele><time>2026-07-24T13:26:57Z</time><speed>3.173</speed><sat>18</sat></trkpt>
  <trkpt lat="26.41690000" lon="-80.15762833"><ele>5.681</ele><time>2026-07-24T13:26:58Z</time><speed>3.200</speed><sat>18</sat></trkpt>
  <trkpt lat="26.41693000" lon="-80.15762667"><ele>5.881</ele><time>2026-07-24T13:26:59Z</time><speed>3.239</speed><sat>18</sat></trkpt>
  <trkpt lat="26.41696000" lon="-80.15762833"><ele>5.881</ele><time>2026-07-24T13:27:00Z</time><speed>3.274</speed><sat>18</sat></trkpt>
  <trkpt lat="26.41699000" lon="-80.15763000"><ele>6.281</ele><time>2026-07-24T13:27:01Z</time><speed>3.279</speed><sat>18</sat></trkpt>
  <trkpt lat="26.41701667" lon="-80.15763000"><ele>6.481</ele><time>2026-07-24T13:27:02Z</time><speed>3.287</speed><sat>18</sat></trkpt>
  <trkpt lat="26.41704500" lon="-80.15762833"><ele>6.281</ele><time>2026-07-24T13:27:03Z</time><speed>3.258</speed><sat>18</sat></trkpt>
  <trkpt lat="26.41707333" lon="-80.15762500"><ele>6.281</ele><time>2026-07-24T13:27:04Z</time><speed>3.238</speed><sat>18</sat></trkpt>
  <trkpt lat="26.41710167" lon="-80.15762500"><ele>6.381</ele><time>2026-07-24T13:27:05Z</time><speed>3.216</speed><sat>18</sat></trkpt>
  <trkpt lat="26.41712667" lon="-80.15762167"><ele>6.081</ele><time>2026-07-24T13:27:06Z</time><speed>3.201</speed><sat>18</sat></trkpt>
  <trkpt lat="26.41715500" lon="-80.15761833"><ele>5.581</ele><time>2026-07-24T13:27:07Z</time><speed>3.196</speed><sat>18</sat></trkpt>
  <trkpt lat="26.41719167" lon="-80.15762667"><ele>6.581</ele><time>2026-07-24T13:27:08Z</time><speed>3.202</speed><sat>18</sat></trkpt>
  <trkpt lat="26.41722000" lon="-80.15762833"><ele>6.381</ele><time>2026-07-24T13:27:09Z</time><speed>3.161</speed><sat>18</sat></trkpt>
  <trkpt lat="26.41725000" lon="-80.15763500"><ele>6.481</ele><time>2026-07-24T13:27:10Z</time><speed>3.135</speed><sat>18</sat></trkpt>
  <trkpt lat="26.41727833" lon="-80.15764167"><ele>6.681</ele><time>2026-07-24T13:27:11Z</time><speed>3.146</speed><sat>18</sat></trkpt>
  <trkpt lat="26.41730667" lon="-80.15764667"><ele>6.581</ele><time>2026-07-24T13:27:12Z</time><speed>3.130</speed><sat>18</sat></trkpt>
  <trkpt lat="26.41733333" lon="-80.15765333"><ele>6.581</ele><time>2026-07-24T13:27:13Z</time><speed>3.119</speed><sat>18</sat></trkpt>
  <trkpt lat="26.41735833" lon="-80.15765667"><ele>6.181</ele><time>2026-07-24T13:27:14Z</time><speed>3.110</speed><sat>18</sat></trkpt>
  <trkpt lat="26.41738500" lon="-80.15766333"><ele>5.881</ele><time>2026-07-24T13:27:15Z</time><speed>3.138</speed><sat>18</sat></trkpt>
  <trkpt lat="26.41741167" lon="-80.15767000"><ele>5.581</ele><time>2026-07-24T13:27:16Z</time><speed>3.166</speed><sat>18</sat></trkpt>
  <trkpt lat="26.41743833" lon="-80.15767500"><ele>5.581</ele><time>2026-07-24T13:27:17Z</time><speed>3.173</speed><sat>18</sat></trkpt>
  <trkpt lat="26.41746500" lon="-80.15768000"><ele>5.181</ele><time>2026-07-24T13:27:18Z</time><speed>3.131</speed><sat>18</sat></trkpt>
  <trkpt lat="26.41749167" lon="-80.15768833"><ele>4.681</ele><time>2026-07-24T13:27:19Z</time><speed>3.142</speed><sat>18</sat></trkpt>
  <trkpt lat="26.41752167" lon="-80.15770000"><ele>5.381</ele><time>2026-07-24T13:27:20Z</time><speed>3.133</speed><sat>18</sat></trkpt>
  <trkpt lat="26.41754833" lon="-80.15770833"><ele>5.381</ele><time>2026-07-24T13:27:21Z</time><speed>3.117</speed><sat>18</sat></trkpt>
  <trkpt lat="26.41757500" lon="-80.15771667"><ele>6.081</ele><time>2026-07-24T13:27:22Z</time><speed>3.111</speed><sat>18</sat></trkpt>
  <trkpt lat="26.41760333" lon="-80.15772333"><ele>6.081</ele><time>2026-07-24T13:27:23Z</time><speed>3.101</speed><sat>18</sat></trkpt>
  <trkpt lat="26.41763000" lon="-80.15773167"><ele>5.881</ele><time>2026-07-24T13:27:24Z</time><speed>3.116</speed><sat>18</sat></trkpt>
  <trkpt lat="26.41765833" lon="-80.15774500"><ele>6.381</ele><time>2026-07-24T13:27:25Z</time><speed>3.113</speed><sat>18</sat></trkpt>
  <trkpt lat="26.41768667" lon="-80.15776000"><ele>6.581</ele><time>2026-07-24T13:27:26Z</time><speed>3.137</speed><sat>18</sat></trkpt>
  <trkpt lat="26.41771667" lon="-80.15777333"><ele>6.781</ele><time>2026-07-24T13:27:27Z</time><speed>3.151</speed><sat>18</sat></trkpt>
  <trkpt lat="26.41774667" lon="-80.15778500"><ele>6.981</ele><time>2026-07-24T13:27:28Z</time><speed>3.207</speed><sat>18</sat></trkpt>
  <trkpt lat="26.41777500" lon="-80.15780000"><ele>7.280</ele><time>2026-07-24T13:27:29Z</time><speed>3.216</speed><sat>18</sat></trkpt>
  <trkpt lat="26.41780167" lon="-80.15781333"><ele>7.480</ele><time>2026-07-24T13:27:30Z</time><speed>3.254</speed><sat>18</sat></trkpt>
  <trkpt lat="26.41782833" lon="-80.15782500"><ele>7.280</ele><time>2026-07-24T13:27:31Z</time><speed>3.262</speed><sat>18</sat></trkpt>
  <trkpt lat="26.41785333" lon="-80.15783833"><ele>7.380</ele><time>2026-07-24T13:27:32Z</time><speed>3.279</speed><sat>18</sat></trkpt>
  <trkpt lat="26.41788000" lon="-80.15785333"><ele>7.480</ele><time>2026-07-24T13:27:33Z</time><speed>3.294</speed><sat>18</sat></trkpt>
  <trkpt lat="26.41790667" lon="-80.15786667"><ele>7.580</ele><time>2026-07-24T13:27:34Z</time><speed>3.296</speed><sat>18</sat></trkpt>
  <trkpt lat="26.41793167" lon="-80.15788167"><ele>7.180</ele><time>2026-07-24T13:27:35Z</time><speed>3.316</speed><sat>18</sat></trkpt>
  <trkpt lat="26.41795833" lon="-80.15789833"><ele>6.980</ele><time>2026-07-24T13:27:36Z</time><speed>3.302</speed><sat>18</sat></trkpt>
  <trkpt lat="26.41798167" lon="-80.15791167"><ele>5.980</ele><time>2026-07-24T13:27:37Z</time><speed>3.265</speed><sat>18</sat></trkpt>
  <trkpt lat="26.41800333" lon="-80.15792333"><ele>5.580</ele><time>2026-07-24T13:27:38Z</time><speed>3.219</speed><sat>18</sat></trkpt>
  <trkpt lat="26.41802833" lon="-80.15794500"><ele>5.480</ele><time>2026-07-24T13:27:39Z</time><speed>3.189</speed><sat>18</sat></trkpt>
  <trkpt lat="26.41805000" lon="-80.15796500"><ele>5.580</ele><time>2026-07-24T13:27:40Z</time><speed>3.160</speed><sat>18</sat></trkpt>
  <trkpt lat="26.41807167" lon="-80.15798167"><ele>5.280</ele><time>2026-07-24T13:27:41Z</time><speed>3.171</speed><sat>18</sat></trkpt>
  <trkpt lat="26.41809500" lon="-80.15799833"><ele>5.080</ele><time>2026-07-24T13:27:42Z</time><speed>3.178</speed><sat>18</sat></trkpt>
  <trkpt lat="26.41812000" lon="-80.15801667"><ele>4.980</ele><time>2026-07-24T13:27:43Z</time><speed>3.178</speed><sat>18</sat></trkpt>
  <trkpt lat="26.41814667" lon="-80.15803333"><ele>4.680</ele><time>2026-07-24T13:27:44Z</time><speed>3.181</speed><sat>18</sat></trkpt>
  <trkpt lat="26.41817167" lon="-80.15805167"><ele>3.780</ele><time>2026-07-24T13:27:45Z</time><speed>3.163</speed><sat>18</sat></trkpt>
  <trkpt lat="26.41819500" lon="-80.15807167"><ele>3.880</ele><time>2026-07-24T13:27:46Z</time><speed>3.160</speed><sat>18</sat></trkpt>
  <trkpt lat="26.41822000" lon="-80.15809000"><ele>3.880</ele><time>2026-07-24T13:27:47Z</time><speed>3.180</speed><sat>18</sat></trkpt>
  <trkpt lat="26.41824167" lon="-80.15811000"><ele>3.579</ele><time>2026-07-24T13:27:48Z</time><speed>3.211</speed><sat>18</sat></trkpt>
  <trkpt lat="26.41826500" lon="-80.15812833"><ele>3.679</ele><time>2026-07-24T13:27:49Z</time><speed>3.229</speed><sat>18</sat></trkpt>
  <trkpt lat="26.41828833" lon="-80.15814667"><ele>3.579</ele><time>2026-07-24T13:27:50Z</time><speed>3.248</speed><sat>18</sat></trkpt>
  <trkpt lat="26.41831500" lon="-80.15816500"><ele>3.379</ele><time>2026-07-24T13:27:51Z</time><speed>3.263</speed><sat>18</sat></trkpt>
  <trkpt lat="26.41834000" lon="-80.15818500"><ele>3.579</ele><time>2026-07-24T13:27:52Z</time><speed>3.265</speed><sat>18</sat></trkpt>
  <trkpt lat="26.41836833" lon="-80.15820500"><ele>4.279</ele><time>2026-07-24T13:27:53Z</time><speed>3.273</speed><sat>18</sat></trkpt>
  <trkpt lat="26.41839500" lon="-80.15822500"><ele>4.579</ele><time>2026-07-24T13:27:54Z</time><speed>3.284</speed><sat>18</sat></trkpt>
  <trkpt lat="26.41841667" lon="-80.15824000"><ele>4.579</ele><time>2026-07-24T13:27:55Z</time><speed>3.291</speed><sat>18</sat></trkpt>
  <trkpt lat="26.41843667" lon="-80.15825667"><ele>4.579</ele><time>2026-07-24T13:27:56Z</time><speed>3.299</speed><sat>18</sat></trkpt>
  <trkpt lat="26.41846167" lon="-80.15827500"><ele>4.479</ele><time>2026-07-24T13:27:57Z</time><speed>3.353</speed><sat>18</sat></trkpt>
  <trkpt lat="26.41849000" lon="-80.15829333"><ele>4.079</ele><time>2026-07-24T13:27:58Z</time><speed>3.383</speed><sat>18</sat></trkpt>
  <trkpt lat="26.41851500" lon="-80.15831500"><ele>4.179</ele><time>2026-07-24T13:27:59Z</time><speed>3.423</speed><sat>18</sat></trkpt>
  <trkpt lat="26.41854167" lon="-80.15833667"><ele>4.279</ele><time>2026-07-24T13:28:00Z</time><speed>3.451</speed><sat>18</sat></trkpt>
  <trkpt lat="26.41856833" lon="-80.15836000"><ele>4.579</ele><time>2026-07-24T13:28:01Z</time><speed>3.440</speed><sat>18</sat></trkpt>
  <trkpt lat="26.41859167" lon="-80.15837833"><ele>4.179</ele><time>2026-07-24T13:28:02Z</time><speed>3.446</speed><sat>18</sat></trkpt>
  <trkpt lat="26.41861500" lon="-80.15839667"><ele>4.078</ele><time>2026-07-24T13:28:03Z</time><speed>3.447</speed><sat>18</sat></trkpt>
  <trkpt lat="26.41864000" lon="-80.15841667"><ele>3.678</ele><time>2026-07-24T13:28:04Z</time><speed>3.445</speed><sat>18</sat></trkpt>
  <trkpt lat="26.41866167" lon="-80.15843500"><ele>3.478</ele><time>2026-07-24T13:28:05Z</time><speed>3.426</speed><sat>18</sat></trkpt>
  <trkpt lat="26.41868333" lon="-80.15845000"><ele>3.278</ele><time>2026-07-24T13:28:06Z</time><speed>3.425</speed><sat>18</sat></trkpt>
  <trkpt lat="26.41870500" lon="-80.15846667"><ele>2.878</ele><time>2026-07-24T13:28:07Z</time><speed>3.416</speed><sat>18</sat></trkpt>
  <trkpt lat="26.41872833" lon="-80.15848667"><ele>2.878</ele><time>2026-07-24T13:28:08Z</time><speed>3.399</speed><sat>18</sat></trkpt>
  <trkpt lat="26.41875167" lon="-80.15850333"><ele>2.578</ele><time>2026-07-24T13:28:09Z</time><speed>3.367</speed><sat>18</sat></trkpt>
  <trkpt lat="26.41878167" lon="-80.15852500"><ele>2.778</ele><time>2026-07-24T13:28:10Z</time><speed>3.337</speed><sat>18</sat></trkpt>
  <trkpt lat="26.41880833" lon="-80.15854500"><ele>2.878</ele><time>2026-07-24T13:28:11Z</time><speed>3.346</speed><sat>18</sat></trkpt>
  <trkpt lat="26.41883667" lon="-80.15856667"><ele>2.978</ele><time>2026-07-24T13:28:12Z</time><speed>3.329</speed><sat>18</sat></trkpt>
  <trkpt lat="26.41886333" lon="-80.15859000"><ele>3.078</ele><time>2026-07-24T13:28:13Z</time><speed>3.309</speed><sat>18</sat></trkpt>
  <trkpt lat="26.41889000" lon="-80.15861167"><ele>3.178</ele><time>2026-07-24T13:28:14Z</time><speed>3.296</speed><sat>18</sat></trkpt>
  <trkpt lat="26.41891667" lon="-80.15863167"><ele>3.278</ele><time>2026-07-24T13:28:15Z</time><speed>3.310</speed><sat>18</sat></trkpt>
  <trkpt lat="26.41894500" lon="-80.15865333"><ele>3.878</ele><time>2026-07-24T13:28:16Z</time><speed>3.324</speed><sat>18</sat></trkpt>
  <trkpt lat="26.41896667" lon="-80.15866833"><ele>4.178</ele><time>2026-07-24T13:28:17Z</time><speed>3.295</speed><sat>18</sat></trkpt>
  <trkpt lat="26.41899000" lon="-80.15868333"><ele>4.278</ele><time>2026-07-24T13:28:18Z</time><speed>3.284</speed><sat>18</sat></trkpt>
  <trkpt lat="26.41901667" lon="-80.15870333"><ele>4.377</ele><time>2026-07-24T13:28:19Z</time><speed>3.280</speed><sat>18</sat></trkpt>
  <trkpt lat="26.41904500" lon="-80.15872167"><ele>4.377</ele><time>2026-07-24T13:28:20Z</time><speed>3.278</speed><sat>18</sat></trkpt>
  <trkpt lat="26.41907333" lon="-80.15874333"><ele>4.477</ele><time>2026-07-24T13:28:21Z</time><speed>3.290</speed><sat>18</sat></trkpt>
  <trkpt lat="26.41909833" lon="-80.15876333"><ele>4.277</ele><time>2026-07-24T13:28:22Z</time><speed>3.299</speed><sat>18</sat></trkpt>
  <trkpt lat="26.41912000" lon="-80.15878000"><ele>4.677</ele><time>2026-07-24T13:28:23Z</time><speed>3.299</speed><sat>18</sat></trkpt>
  <trkpt lat="26.41914500" lon="-80.15880000"><ele>4.977</ele><time>2026-07-24T13:28:24Z</time><speed>3.310</speed><sat>18</sat></trkpt>
  <trkpt lat="26.41917000" lon="-80.15882000"><ele>5.077</ele><time>2026-07-24T13:28:25Z</time><speed>3.307</speed><sat>18</sat></trkpt>
  <trkpt lat="26.41919167" lon="-80.15884000"><ele>4.877</ele><time>2026-07-24T13:28:26Z</time><speed>3.275</speed><sat>18</sat></trkpt>
  <trkpt lat="26.41921500" lon="-80.15885833"><ele>4.877</ele><time>2026-07-24T13:28:27Z</time><speed>3.254</speed><sat>18</sat></trkpt>
  <trkpt lat="26.41923500" lon="-80.15887667"><ele>4.677</ele><time>2026-07-24T13:28:28Z</time><speed>3.255</speed><sat>18</sat></trkpt>
  <trkpt lat="26.41926167" lon="-80.15889333"><ele>4.877</ele><time>2026-07-24T13:28:29Z</time><speed>3.245</speed><sat>18</sat></trkpt>
  <trkpt lat="26.41928167" lon="-80.15890833"><ele>4.677</ele><time>2026-07-24T13:28:30Z</time><speed>3.233</speed><sat>18</sat></trkpt>
  <trkpt lat="26.41930500" lon="-80.15892833"><ele>4.977</ele><time>2026-07-24T13:28:31Z</time><speed>3.219</speed><sat>18</sat></trkpt>
  <trkpt lat="26.41932667" lon="-80.15894667"><ele>4.977</ele><time>2026-07-24T13:28:32Z</time><speed>3.222</speed><sat>18</sat></trkpt>
  <trkpt lat="26.41935000" lon="-80.15896500"><ele>5.277</ele><time>2026-07-24T13:28:33Z</time><speed>3.211</speed><sat>18</sat></trkpt>
  <trkpt lat="26.41937500" lon="-80.15898667"><ele>5.776</ele><time>2026-07-24T13:28:34Z</time><speed>3.173</speed><sat>18</sat></trkpt>
  <trkpt lat="26.41939667" lon="-80.15900500"><ele>5.776</ele><time>2026-07-24T13:28:35Z</time><speed>3.092</speed><sat>18</sat></trkpt>
  <trkpt lat="26.41941667" lon="-80.15902500"><ele>6.376</ele><time>2026-07-24T13:28:36Z</time><speed>2.990</speed><sat>18</sat></trkpt>
  <trkpt lat="26.41942833" lon="-80.15903500"><ele>6.576</ele><time>2026-07-24T13:28:37Z</time><speed>2.915</speed><sat>18</sat></trkpt>
  <trkpt lat="26.41944833" lon="-80.15905333"><ele>6.676</ele><time>2026-07-24T13:28:38Z</time><speed>2.843</speed><sat>18</sat></trkpt>
  <trkpt lat="26.41946500" lon="-80.15906833"><ele>6.676</ele><time>2026-07-24T13:28:39Z</time><speed>2.756</speed><sat>18</sat></trkpt>
  <trkpt lat="26.41948500" lon="-80.15908667"><ele>6.776</ele><time>2026-07-24T13:28:40Z</time><speed>2.643</speed><sat>18</sat></trkpt>
  <trkpt lat="26.41950167" lon="-80.15910333"><ele>6.976</ele><time>2026-07-24T13:28:41Z</time><speed>2.492</speed><sat>18</sat></trkpt>
  <trkpt lat="26.41951500" lon="-80.15912000"><ele>7.476</ele><time>2026-07-24T13:28:42Z</time><speed>2.316</speed><sat>18</sat></trkpt>
  <trkpt lat="26.41952333" lon="-80.15913333"><ele>7.476</ele><time>2026-07-24T13:28:43Z</time><speed>2.161</speed><sat>18</sat></trkpt>
  <trkpt lat="26.41953333" lon="-80.15914333"><ele>7.876</ele><time>2026-07-24T13:28:44Z</time><speed>1.963</speed><sat>18</sat></trkpt>
  <trkpt lat="26.41954333" lon="-80.15915333"><ele>8.376</ele><time>2026-07-24T13:28:45Z</time><speed>1.784</speed><sat>18</sat></trkpt>
  <trkpt lat="26.41955000" lon="-80.15915833"><ele>8.676</ele><time>2026-07-24T13:28:46Z</time><speed>1.639</speed><sat>18</sat></trkpt>
  <trkpt lat="26.41955667" lon="-80.15916000"><ele>8.876</ele><time>2026-07-24T13:28:47Z</time><speed>1.475</speed><sat>18</sat></trkpt>
  <trkpt lat="26.41955667" lon="-80.15915833"><ele>9.176</ele><time>2026-07-24T13:28:48Z</time><speed>1.231</speed><sat>18</sat></trkpt>
  <trkpt lat="26.41955667" lon="-80.15915833"><ele>9.376</ele><time>2026-07-24T13:28:49Z</time><speed>1.006</speed><sat>18</sat></trkpt>
  <trkpt lat="26.41955333" lon="-80.15915667"><ele>9.676</ele><time>2026-07-24T13:28:50Z</time><speed>0.816</speed><sat>18</sat></trkpt>
  <trkpt lat="26.41955167" lon="-80.15915667"><ele>9.976</ele><time>2026-07-24T13:28:51Z</time><speed>0.639</speed><sat>18</sat></trkpt>
  <trkpt lat="26.41955000" lon="-80.15915333"><ele>10.276</ele><time>2026-07-24T13:28:52Z</time><speed>0.482</speed><sat>18</sat></trkpt>
  <trkpt lat="26.41954667" lon="-80.15915167"><ele>10.676</ele><time>2026-07-24T13:28:53Z</time><speed>0.000</speed><sat>18</sat></trkpt>
  <trkpt lat="26.41954500" lon="-80.15915000"><ele>10.876</ele><time>2026-07-24T13:28:54Z</time><speed>0.000</speed><sat>18</sat></trkpt>
  <trkpt lat="26.41954500" lon="-80.15915000"><ele>11.076</ele><time>2026-07-24T13:28:55Z</time><speed>0.000</speed><sat>18</sat></trkpt>
  <trkpt lat="26.41954500" lon="-80.15915000"><ele>11.076</ele><time>2026-07-24T13:28:56Z</time><speed>0.000</speed><sat>18</sat></trkpt>
  <trkpt lat="26.41956333" lon="-80.15916000"><ele>10.976</ele><time>2026-07-24T13:28:57Z</time><speed>0.361</speed><sat>18</sat></trkpt>
  <trkpt lat="26.41958500" lon="-80.15916000"><ele>10.676</ele><time>2026-07-24T13:28:58Z</time><speed>0.545</speed><sat>18</sat></trkpt>
  <trkpt lat="26.41960167" lon="-80.15915667"><ele>10.476</ele><time>2026-07-24T13:28:59Z</time><speed>0.744</speed><sat>18</sat></trkpt>
  <trkpt lat="26.41962500" lon="-80.15915000"><ele>10.576</ele><time>2026-07-24T13:29:00Z</time><speed>0.970</speed><sat>18</sat></trkpt>
  <trkpt lat="26.41964667" lon="-80.15914000"><ele>11.176</ele><time>2026-07-24T13:29:01Z</time><speed>1.206</speed><sat>18</sat></trkpt>
  <trkpt lat="26.41967000" lon="-80.15912333"><ele>11.376</ele><time>2026-07-24T13:29:02Z</time><speed>1.475</speed><sat>18</sat></trkpt>
  <trkpt lat="26.41968833" lon="-80.15910667"><ele>11.776</ele><time>2026-07-24T13:29:03Z</time><speed>1.741</speed><sat>18</sat></trkpt>
  <trkpt lat="26.41970833" lon="-80.15908833"><ele>12.376</ele><time>2026-07-24T13:29:04Z</time><speed>2.006</speed><sat>18</sat></trkpt>
  <trkpt lat="26.41972333" lon="-80.15906833"><ele>12.376</ele><time>2026-07-24T13:29:05Z</time><speed>2.259</speed><sat>18</sat></trkpt>
  <trkpt lat="26.41974333" lon="-80.15904333"><ele>11.876</ele><time>2026-07-24T13:29:06Z</time><speed>2.457</speed><sat>18</sat></trkpt>
  <trkpt lat="26.41976167" lon="-80.15902333"><ele>12.077</ele><time>2026-07-24T13:29:07Z</time><speed>2.570</speed><sat>18</sat></trkpt>
  <trkpt lat="26.41978000" lon="-80.15900167"><ele>12.377</ele><time>2026-07-24T13:29:08Z</time><speed>2.678</speed><sat>18</sat></trkpt>
  <trkpt lat="26.41979500" lon="-80.15897833"><ele>12.377</ele><time>2026-07-24T13:29:09Z</time><speed>2.756</speed><sat>18</sat></trkpt>
  <trkpt lat="26.41981167" lon="-80.15895333"><ele>11.977</ele><time>2026-07-24T13:29:10Z</time><speed>2.811</speed><sat>18</sat></trkpt>
  <trkpt lat="26.41983667" lon="-80.15893167"><ele>11.977</ele><time>2026-07-24T13:29:11Z</time><speed>2.880</speed><sat>18</sat></trkpt>
  <trkpt lat="26.41986000" lon="-80.15891167"><ele>11.677</ele><time>2026-07-24T13:29:12Z</time><speed>2.917</speed><sat>18</sat></trkpt>
  <trkpt lat="26.41988000" lon="-80.15888833"><ele>11.477</ele><time>2026-07-24T13:29:13Z</time><speed>2.969</speed><sat>18</sat></trkpt>
  <trkpt lat="26.41990000" lon="-80.15886500"><ele>11.177</ele><time>2026-07-24T13:29:14Z</time><speed>3.023</speed><sat>18</sat></trkpt>
  <trkpt lat="26.41992167" lon="-80.15884167"><ele>10.677</ele><time>2026-07-24T13:29:15Z</time><speed>3.078</speed><sat>18</sat></trkpt>
  <trkpt lat="26.41994167" lon="-80.15881833"><ele>9.977</ele><time>2026-07-24T13:29:16Z</time><speed>3.104</speed><sat>18</sat></trkpt>
  <trkpt lat="26.41996167" lon="-80.15879333"><ele>9.278</ele><time>2026-07-24T13:29:17Z</time><speed>3.152</speed><sat>18</sat></trkpt>
  <trkpt lat="26.41998167" lon="-80.15876667"><ele>8.678</ele><time>2026-07-24T13:29:18Z</time><speed>3.176</speed><sat>18</sat></trkpt>
  <trkpt lat="26.42000000" lon="-80.15874333"><ele>8.578</ele><time>2026-07-24T13:29:19Z</time><speed>3.211</speed><sat>18</sat></trkpt>
  <trkpt lat="26.42001667" lon="-80.15871667"><ele>8.278</ele><time>2026-07-24T13:29:20Z</time><speed>3.231</speed><sat>18</sat></trkpt>
  <trkpt lat="26.42003000" lon="-80.15869000"><ele>7.878</ele><time>2026-07-24T13:29:21Z</time><speed>3.210</speed><sat>18</sat></trkpt>
  <trkpt lat="26.42004333" lon="-80.15866833"><ele>7.878</ele><time>2026-07-24T13:29:22Z</time><speed>3.173</speed><sat>18</sat></trkpt>
  <trkpt lat="26.42005333" lon="-80.15865333"><ele>8.578</ele><time>2026-07-24T13:29:23Z</time><speed>3.093</speed><sat>18</sat></trkpt>
  <trkpt lat="26.42006333" lon="-80.15863333"><ele>8.478</ele><time>2026-07-24T13:29:24Z</time><speed>2.972</speed><sat>18</sat></trkpt>
  <trkpt lat="26.42007833" lon="-80.15861833"><ele>8.778</ele><time>2026-07-24T13:29:25Z</time><speed>2.830</speed><sat>18</sat></trkpt>
  <trkpt lat="26.42009000" lon="-80.15860333"><ele>8.978</ele><time>2026-07-24T13:29:26Z</time><speed>2.665</speed><sat>18</sat></trkpt>
  <trkpt lat="26.42010000" lon="-80.15859500"><ele>9.178</ele><time>2026-07-24T13:29:27Z</time><speed>2.475</speed><sat>18</sat></trkpt>
  <trkpt lat="26.42011000" lon="-80.15859000"><ele>9.379</ele><time>2026-07-24T13:29:28Z</time><speed>2.348</speed><sat>18</sat></trkpt>
  <trkpt lat="26.42011667" lon="-80.15858333"><ele>9.179</ele><time>2026-07-24T13:29:29Z</time><speed>2.043</speed><sat>18</sat></trkpt>
  <trkpt lat="26.42011333" lon="-80.15858500"><ele>9.279</ele><time>2026-07-24T13:29:30Z</time><speed>1.740</speed><sat>18</sat></trkpt>
  <trkpt lat="26.42011000" lon="-80.15858333"><ele>9.279</ele><time>2026-07-24T13:29:31Z</time><speed>1.457</speed><sat>18</sat></trkpt>
  <trkpt lat="26.42010833" lon="-80.15858500"><ele>9.179</ele><time>2026-07-24T13:29:32Z</time><speed>1.190</speed><sat>18</sat></trkpt>
  <trkpt lat="26.42010667" lon="-80.15858333"><ele>9.079</ele><time>2026-07-24T13:29:33Z</time><speed>0.952</speed><sat>18</sat></trkpt>
  <trkpt lat="26.42010667" lon="-80.15858167"><ele>9.079</ele><time>2026-07-24T13:29:34Z</time><speed>0.749</speed><sat>18</sat></trkpt>
  <trkpt lat="26.42010333" lon="-80.15858167"><ele>8.879</ele><time>2026-07-24T13:29:35Z</time><speed>0.567</speed><sat>18</sat></trkpt>
  <trkpt lat="26.42010167" lon="-80.15858333"><ele>8.679</ele><time>2026-07-24T13:29:36Z</time><speed>0.413</speed><sat>18</sat></trkpt>
  <trkpt lat="26.42010167" lon="-80.15858333"><ele>8.379</ele><time>2026-07-24T13:29:37Z</time><speed>0.000</speed><sat>17</sat></trkpt>
  <trkpt lat="26.42010500" lon="-80.15858333"><ele>8.079</ele><time>2026-07-24T13:29:38Z</time><speed>0.000</speed><sat>18</sat></trkpt>
  <trkpt lat="26.42011000" lon="-80.15858000"><ele>7.879</ele><time>2026-07-24T13:29:39Z</time><speed>0.000</speed><sat>18</sat></trkpt>
  <trkpt lat="26.42012000" lon="-80.15857667"><ele>7.779</ele><time>2026-07-24T13:29:40Z</time><speed>0.270</speed><sat>18</sat></trkpt>
  <trkpt lat="26.42013333" lon="-80.15857000"><ele>7.779</ele><time>2026-07-24T13:29:41Z</time><speed>0.396</speed><sat>18</sat></trkpt>
  <trkpt lat="26.42015333" lon="-80.15857167"><ele>8.179</ele><time>2026-07-24T13:29:42Z</time><speed>0.562</speed><sat>18</sat></trkpt>
  <trkpt lat="26.42017000" lon="-80.15857833"><ele>8.679</ele><time>2026-07-24T13:29:43Z</time><speed>0.758</speed><sat>18</sat></trkpt>
  <trkpt lat="26.42019000" lon="-80.15859167"><ele>8.179</ele><time>2026-07-24T13:29:44Z</time><speed>1.006</speed><sat>18</sat></trkpt>
  <trkpt lat="26.42020833" lon="-80.15860667"><ele>8.679</ele><time>2026-07-24T13:29:45Z</time><speed>1.280</speed><sat>18</sat></trkpt>
  <trkpt lat="26.42022833" lon="-80.15862167"><ele>9.278</ele><time>2026-07-24T13:29:46Z</time><speed>1.558</speed><sat>18</sat></trkpt>
  <trkpt lat="26.42025000" lon="-80.15863500"><ele>9.878</ele><time>2026-07-24T13:29:47Z</time><speed>1.860</speed><sat>18</sat></trkpt>
  <trkpt lat="26.42027167" lon="-80.15865333"><ele>10.378</ele><time>2026-07-24T13:29:48Z</time><speed>2.130</speed><sat>18</sat></trkpt>
  <trkpt lat="26.42029333" lon="-80.15867000"><ele>10.478</ele><time>2026-07-24T13:29:49Z</time><speed>2.365</speed><sat>18</sat></trkpt>
  <trkpt lat="26.42031833" lon="-80.15868667"><ele>10.478</ele><time>2026-07-24T13:29:50Z</time><speed>2.560</speed><sat>18</sat></trkpt>
  <trkpt lat="26.42034167" lon="-80.15870333"><ele>10.778</ele><time>2026-07-24T13:29:51Z</time><speed>2.722</speed><sat>18</sat></trkpt>
  <trkpt lat="26.42036333" lon="-80.15871833"><ele>10.878</ele><time>2026-07-24T13:29:52Z</time><speed>2.852</speed><sat>18</sat></trkpt>
  <trkpt lat="26.42038167" lon="-80.15873833"><ele>11.578</ele><time>2026-07-24T13:29:53Z</time><speed>2.961</speed><sat>18</sat></trkpt>
  <trkpt lat="26.42040667" lon="-80.15875500"><ele>12.078</ele><time>2026-07-24T13:29:54Z</time><speed>2.994</speed><sat>18</sat></trkpt>
  <trkpt lat="26.42042833" lon="-80.15877167"><ele>11.978</ele><time>2026-07-24T13:29:55Z</time><speed>3.003</speed><sat>18</sat></trkpt>
  <trkpt lat="26.42044833" lon="-80.15879333"><ele>12.078</ele><time>2026-07-24T13:29:56Z</time><speed>3.047</speed><sat>18</sat></trkpt>
  <trkpt lat="26.42047000" lon="-80.15881167"><ele>12.478</ele><time>2026-07-24T13:29:57Z</time><speed>3.029</speed><sat>18</sat></trkpt>
  <trkpt lat="26.42049000" lon="-80.15882833"><ele>12.678</ele><time>2026-07-24T13:29:58Z</time><speed>3.019</speed><sat>18</sat></trkpt>
  <trkpt lat="26.42051333" lon="-80.15884500"><ele>12.678</ele><time>2026-07-24T13:29:59Z</time><speed>3.004</speed><sat>18</sat></trkpt>
  <trkpt lat="26.42053167" lon="-80.15885500"><ele>12.478</ele><time>2026-07-24T13:30:00Z</time><speed>2.967</speed><sat>18</sat></trkpt>
  <trkpt lat="26.42055667" lon="-80.15887333"><ele>12.578</ele><time>2026-07-24T13:30:01Z</time><speed>2.978</speed><sat>18</sat></trkpt>
  <trkpt lat="26.42058333" lon="-80.15889500"><ele>12.078</ele><time>2026-07-24T13:30:02Z</time><speed>3.054</speed><sat>18</sat></trkpt>
  <trkpt lat="26.42061167" lon="-80.15891333"><ele>11.877</ele><time>2026-07-24T13:30:03Z</time><speed>3.130</speed><sat>18</sat></trkpt>
  <trkpt lat="26.42063333" lon="-80.15892833"><ele>11.077</ele><time>2026-07-24T13:30:04Z</time><speed>3.173</speed><sat>18</sat></trkpt>
  <trkpt lat="26.42065500" lon="-80.15894333"><ele>10.277</ele><time>2026-07-24T13:30:05Z</time><speed>3.185</speed><sat>18</sat></trkpt>
  <trkpt lat="26.42067833" lon="-80.15895667"><ele>9.777</ele><time>2026-07-24T13:30:06Z</time><speed>3.165</speed><sat>18</sat></trkpt>
  <trkpt lat="26.42070000" lon="-80.15897500"><ele>9.377</ele><time>2026-07-24T13:30:07Z</time><speed>3.200</speed><sat>18</sat></trkpt>
  <trkpt lat="26.42072167" lon="-80.15899500"><ele>8.677</ele><time>2026-07-24T13:30:08Z</time><speed>3.210</speed><sat>18</sat></trkpt>
  <trkpt lat="26.42074500" lon="-80.15901333"><ele>8.477</ele><time>2026-07-24T13:30:09Z</time><speed>3.230</speed><sat>18</sat></trkpt>
  <trkpt lat="26.42076833" lon="-80.15903500"><ele>7.977</ele><time>2026-07-24T13:30:10Z</time><speed>3.268</speed><sat>18</sat></trkpt>
  <trkpt lat="26.42078667" lon="-80.15905667"><ele>7.277</ele><time>2026-07-24T13:30:11Z</time><speed>3.281</speed><sat>18</sat></trkpt>
  <trkpt lat="26.42080833" lon="-80.15907833"><ele>6.877</ele><time>2026-07-24T13:30:12Z</time><speed>3.235</speed><sat>18</sat></trkpt>
  <trkpt lat="26.42083167" lon="-80.15909833"><ele>6.877</ele><time>2026-07-24T13:30:13Z</time><speed>3.167</speed><sat>18</sat></trkpt>
  <trkpt lat="26.42085333" lon="-80.15912000"><ele>6.777</ele><time>2026-07-24T13:30:14Z</time><speed>3.155</speed><sat>18</sat></trkpt>
  <trkpt lat="26.42087667" lon="-80.15913833"><ele>6.777</ele><time>2026-07-24T13:30:15Z</time><speed>3.175</speed><sat>18</sat></trkpt>
  <trkpt lat="26.42090000" lon="-80.15916000"><ele>6.377</ele><time>2026-07-24T13:30:16Z</time><speed>3.201</speed><sat>18</sat></trkpt>
  <trkpt lat="26.42092500" lon="-80.15918333"><ele>6.077</ele><time>2026-07-24T13:30:17Z</time><speed>3.201</speed><sat>18</sat></trkpt>
  <trkpt lat="26.42094667" lon="-80.15920667"><ele>6.176</ele><time>2026-07-24T13:30:18Z</time><speed>3.215</speed><sat>18</sat></trkpt>
  <trkpt lat="26.42097000" lon="-80.15922833"><ele>5.576</ele><time>2026-07-24T13:30:19Z</time><speed>3.206</speed><sat>18</sat></trkpt>
  <trkpt lat="26.42099000" lon="-80.15925167"><ele>5.676</ele><time>2026-07-24T13:30:20Z</time><speed>3.222</speed><sat>18</sat></trkpt>
  <trkpt lat="26.42101333" lon="-80.15927500"><ele>5.676</ele><time>2026-07-24T13:30:21Z</time><speed>3.249</speed><sat>18</sat></trkpt>
  <trkpt lat="26.42103667" lon="-80.15930000"><ele>5.676</ele><time>2026-07-24T13:30:22Z</time><speed>3.263</speed><sat>18</sat></trkpt>
  <trkpt lat="26.42106000" lon="-80.15932333"><ele>5.276</ele><time>2026-07-24T13:30:23Z</time><speed>3.285</speed><sat>18</sat></trkpt>
  <trkpt lat="26.42108333" lon="-80.15934833"><ele>5.276</ele><time>2026-07-24T13:30:24Z</time><speed>3.326</speed><sat>18</sat></trkpt>
  <trkpt lat="26.42110500" lon="-80.15937167"><ele>4.976</ele><time>2026-07-24T13:30:25Z</time><speed>3.351</speed><sat>18</sat></trkpt>
  <trkpt lat="26.42112667" lon="-80.15939500"><ele>4.676</ele><time>2026-07-24T13:30:26Z</time><speed>3.351</speed><sat>18</sat></trkpt>
  <trkpt lat="26.42114833" lon="-80.15941833"><ele>5.376</ele><time>2026-07-24T13:30:27Z</time><speed>3.411</speed><sat>18</sat></trkpt>
  <trkpt lat="26.42117000" lon="-80.15944167"><ele>5.576</ele><time>2026-07-24T13:30:28Z</time><speed>3.422</speed><sat>18</sat></trkpt>
  <trkpt lat="26.42119167" lon="-80.15946500"><ele>5.776</ele><time>2026-07-24T13:30:29Z</time><speed>3.425</speed><sat>18</sat></trkpt>
  <trkpt lat="26.42121333" lon="-80.15949000"><ele>6.075</ele><time>2026-07-24T13:30:30Z</time><speed>3.458</speed><sat>18</sat></trkpt>
  <trkpt lat="26.42123833" lon="-80.15951833"><ele>6.875</ele><time>2026-07-24T13:30:31Z</time><speed>3.458</speed><sat>17</sat></trkpt>
  <trkpt lat="26.42126000" lon="-80.15953667"><ele>6.975</ele><time>2026-07-24T13:30:32Z</time><speed>3.457</speed><sat>18</sat></trkpt>
  <trkpt lat="26.42128667" lon="-80.15955667"><ele>7.375</ele><time>2026-07-24T13:30:33Z</time><speed>3.485</speed><sat>18</sat></trkpt>
  <trkpt lat="26.42131167" lon="-80.15957667"><ele>7.575</ele><time>2026-07-24T13:30:34Z</time><speed>3.487</speed><sat>18</sat></trkpt>
  <trkpt lat="26.42133833" lon="-80.15960000"><ele>8.075</ele><time>2026-07-24T13:30:35Z</time><speed>3.497</speed><sat>18</sat></trkpt>
  <trkpt lat="26.42137000" lon="-80.15962167"><ele>9.075</ele><time>2026-07-24T13:30:36Z</time><speed>3.515</speed><sat>18</sat></trkpt>
  <trkpt lat="26.42140000" lon="-80.15964000"><ele>9.275</ele><time>2026-07-24T13:30:37Z</time><speed>3.489</speed><sat>18</sat></trkpt>
  <trkpt lat="26.42142833" lon="-80.15965833"><ele>9.175</ele><time>2026-07-24T13:30:38Z</time><speed>3.516</speed><sat>18</sat></trkpt>
  <trkpt lat="26.42145500" lon="-80.15967500"><ele>8.875</ele><time>2026-07-24T13:30:39Z</time><speed>3.554</speed><sat>18</sat></trkpt>
  <trkpt lat="26.42148167" lon="-80.15969000"><ele>8.475</ele><time>2026-07-24T13:30:40Z</time><speed>3.543</speed><sat>18</sat></trkpt>
  <trkpt lat="26.42150833" lon="-80.15970833"><ele>7.475</ele><time>2026-07-24T13:30:41Z</time><speed>3.558</speed><sat>18</sat></trkpt>
  <trkpt lat="26.42153500" lon="-80.15972833"><ele>7.775</ele><time>2026-07-24T13:30:42Z</time><speed>3.568</speed><sat>18</sat></trkpt>
  <trkpt lat="26.42156333" lon="-80.15974333"><ele>6.575</ele><time>2026-07-24T13:30:43Z</time><speed>3.553</speed><sat>18</sat></trkpt>
  <trkpt lat="26.42159333" lon="-80.15975833"><ele>6.475</ele><time>2026-07-24T13:30:44Z</time><speed>3.540</speed><sat>18</sat></trkpt>
  <trkpt lat="26.42162333" lon="-80.15977167"><ele>5.475</ele><time>2026-07-24T13:30:45Z</time><speed>3.541</speed><sat>18</sat></trkpt>
  <trkpt lat="26.42165500" lon="-80.15978333"><ele>5.174</ele><time>2026-07-24T13:30:46Z</time><speed>3.550</speed><sat>18</sat></trkpt>
  <trkpt lat="26.42168333" lon="-80.15980000"><ele>5.374</ele><time>2026-07-24T13:30:47Z</time><speed>3.550</speed><sat>18</sat></trkpt>
  <trkpt lat="26.42171000" lon="-80.15981333"><ele>5.374</ele><time>2026-07-24T13:30:48Z</time><speed>3.535</speed><sat>18</sat></trkpt>
  <trkpt lat="26.42174333" lon="-80.15982833"><ele>5.974</ele><time>2026-07-24T13:30:49Z</time><speed>3.538</speed><sat>18</sat></trkpt>
  <trkpt lat="26.42177500" lon="-80.15984167"><ele>6.374</ele><time>2026-07-24T13:30:50Z</time><speed>3.544</speed><sat>18</sat></trkpt>
  <trkpt lat="26.42180333" lon="-80.15985333"><ele>6.674</ele><time>2026-07-24T13:30:51Z</time><speed>3.534</speed><sat>18</sat></trkpt>
  <trkpt lat="26.42183500" lon="-80.15985833"><ele>5.574</ele><time>2026-07-24T13:30:52Z</time><speed>3.524</speed><sat>18</sat></trkpt>
  <trkpt lat="26.42186500" lon="-80.15986500"><ele>5.174</ele><time>2026-07-24T13:30:53Z</time><speed>3.508</speed><sat>18</sat></trkpt>
  <trkpt lat="26.42189667" lon="-80.15987167"><ele>5.774</ele><time>2026-07-24T13:30:54Z</time><speed>3.492</speed><sat>18</sat></trkpt>
  <trkpt lat="26.42192667" lon="-80.15987833"><ele>6.174</ele><time>2026-07-24T13:30:55Z</time><speed>3.466</speed><sat>18</sat></trkpt>
  <trkpt lat="26.42195667" lon="-80.15988333"><ele>6.474</ele><time>2026-07-24T13:30:56Z</time><speed>3.448</speed><sat>18</sat></trkpt>
  <trkpt lat="26.42198500" lon="-80.15988667"><ele>6.674</ele><time>2026-07-24T13:30:57Z</time><speed>3.423</speed><sat>18</sat></trkpt>
  <trkpt lat="26.42201500" lon="-80.15988667"><ele>7.274</ele><time>2026-07-24T13:30:58Z</time><speed>3.416</speed><sat>18</sat></trkpt>
  <trkpt lat="26.42204667" lon="-80.15988500"><ele>7.574</ele><time>2026-07-24T13:30:59Z</time><speed>3.417</speed><sat>18</sat></trkpt>
  <trkpt lat="26.42207833" lon="-80.15988333"><ele>7.674</ele><time>2026-07-24T13:31:00Z</time><speed>3.430</speed><sat>18</sat></trkpt>
  <trkpt lat="26.42211000" lon="-80.15987333"><ele>7.574</ele><time>2026-07-24T13:31:01Z</time><speed>3.427</speed><sat>18</sat></trkpt>
  <trkpt lat="26.42214167" lon="-80.15986167"><ele>7.674</ele><time>2026-07-24T13:31:02Z</time><speed>3.425</speed><sat>18</sat></trkpt>
  <trkpt lat="26.42217500" lon="-80.15985500"><ele>7.274</ele><time>2026-07-24T13:31:03Z</time><speed>3.431</speed><sat>18</sat></trkpt>
  <trkpt lat="26.42220667" lon="-80.15984500"><ele>6.775</ele><time>2026-07-24T13:31:04Z</time><speed>3.439</speed><sat>18</sat></trkpt>
  <trkpt lat="26.42223667" lon="-80.15983667"><ele>6.775</ele><time>2026-07-24T13:31:05Z</time><speed>3.451</speed><sat>18</sat></trkpt>
  <trkpt lat="26.42226500" lon="-80.15982500"><ele>6.575</ele><time>2026-07-24T13:31:06Z</time><speed>3.434</speed><sat>18</sat></trkpt>
  <trkpt lat="26.42229500" lon="-80.15981000"><ele>5.775</ele><time>2026-07-24T13:31:07Z</time><speed>3.438</speed><sat>18</sat></trkpt>
  <trkpt lat="26.42232500" lon="-80.15979333"><ele>5.475</ele><time>2026-07-24T13:31:08Z</time><speed>3.423</speed><sat>18</sat></trkpt>
  <trkpt lat="26.42235167" lon="-80.15977833"><ele>5.575</ele><time>2026-07-24T13:31:09Z</time><speed>3.392</speed><sat>18</sat></trkpt>
  <trkpt lat="26.42238167" lon="-80.15975667"><ele>5.575</ele><time>2026-07-24T13:31:10Z</time><speed>3.357</speed><sat>18</sat></trkpt>
  <trkpt lat="26.42240667" lon="-80.15974000"><ele>5.775</ele><time>2026-07-24T13:31:11Z</time><speed>3.327</speed><sat>18</sat></trkpt>
  <trkpt lat="26.42242833" lon="-80.15972000"><ele>6.275</ele><time>2026-07-24T13:31:12Z</time><speed>3.283</speed><sat>18</sat></trkpt>
  <trkpt lat="26.42245000" lon="-80.15970333"><ele>6.475</ele><time>2026-07-24T13:31:13Z</time><speed>3.221</speed><sat>18</sat></trkpt>
  <trkpt lat="26.42247167" lon="-80.15968167"><ele>8.475</ele><time>2026-07-24T13:31:14Z</time><speed>3.119</speed><sat>18</sat></trkpt>
  <trkpt lat="26.42249000" lon="-80.15966500"><ele>9.375</ele><time>2026-07-24T13:31:15Z</time><speed>2.945</speed><sat>18</sat></trkpt>
  <trkpt lat="26.42249833" lon="-80.15965333"><ele>9.875</ele><time>2026-07-24T13:31:16Z</time><speed>2.763</speed><sat>18</sat></trkpt>
  <trkpt lat="26.42250500" lon="-80.15964167"><ele>9.776</ele><time>2026-07-24T13:31:17Z</time><speed>2.528</speed><sat>18</sat></trkpt>
  <trkpt lat="26.42250833" lon="-80.15964000"><ele>9.576</ele><time>2026-07-24T13:31:18Z</time><speed>2.244</speed><sat>18</sat></trkpt>
  <trkpt lat="26.42250833" lon="-80.15964333"><ele>9.276</ele><time>2026-07-24T13:31:19Z</time><speed>1.926</speed><sat>18</sat></trkpt>
  <trkpt lat="26.42251167" lon="-80.15964333"><ele>8.976</ele><time>2026-07-24T13:31:20Z</time><speed>1.600</speed><sat>18</sat></trkpt>
  <trkpt lat="26.42251500" lon="-80.15964667"><ele>8.676</ele><time>2026-07-24T13:31:21Z</time><speed>1.286</speed><sat>18</sat></trkpt>
  <trkpt lat="26.42251500" lon="-80.15964833"><ele>8.476</ele><time>2026-07-24T13:31:22Z</time><speed>0.995</speed><sat>18</sat></trkpt>
  <trkpt lat="26.42251667" lon="-80.15965000"><ele>8.475</ele><time>2026-07-24T13:31:23Z</time><speed>0.719</speed><sat>18</sat></trkpt>
  <trkpt lat="26.42251833" lon="-80.15965000"><ele>8.675</ele><time>2026-07-24T13:31:24Z</time><speed>0.484</speed><sat>18</sat></trkpt>
  <trkpt lat="26.42251833" lon="-80.15964833"><ele>8.876</ele><time>2026-07-24T13:31:25Z</time><speed>0.000</speed><sat>18</sat></trkpt>
  <trkpt lat="26.42252167" lon="-80.15964500"><ele>9.176</ele><time>2026-07-24T13:31:26Z</time><speed>0.000</speed><sat>18</sat></trkpt>
  <trkpt lat="26.42253833" lon="-80.15962333"><ele>9.476</ele><time>2026-07-24T13:31:27Z</time><speed>0.530</speed><sat>18</sat></trkpt>
  <trkpt lat="26.42256000" lon="-80.15960167"><ele>9.776</ele><time>2026-07-24T13:31:28Z</time><speed>0.768</speed><sat>18</sat></trkpt>
  <trkpt lat="26.42257833" lon="-80.15957667"><ele>9.876</ele><time>2026-07-24T13:31:29Z</time><speed>1.058</speed><sat>18</sat></trkpt>
  <trkpt lat="26.42259667" lon="-80.15955667"><ele>9.576</ele><time>2026-07-24T13:31:30Z</time><speed>1.379</speed><sat>18</sat></trkpt>
  <trkpt lat="26.42261500" lon="-80.15953333"><ele>9.576</ele><time>2026-07-24T13:31:31Z</time><speed>1.718</speed><sat>18</sat></trkpt>
  <trkpt lat="26.42263167" lon="-80.15950333"><ele>9.276</ele><time>2026-07-24T13:31:32Z</time><speed>2.054</speed><sat>18</sat></trkpt>
  <trkpt lat="26.42264833" lon="-80.15947500"><ele>9.276</ele><time>2026-07-24T13:31:33Z</time><speed>2.397</speed><sat>18</sat></trkpt>
  <trkpt lat="26.42266500" lon="-80.15944500"><ele>9.276</ele><time>2026-07-24T13:31:34Z</time><speed>2.747</speed><sat>18</sat></trkpt>
  <trkpt lat="26.42267833" lon="-80.15941000"><ele>8.777</ele><time>2026-07-24T13:31:35Z</time><speed>3.094</speed><sat>18</sat></trkpt>
  <trkpt lat="26.42268833" lon="-80.15937333"><ele>8.577</ele><time>2026-07-24T13:31:36Z</time><speed>3.272</speed><sat>18</sat></trkpt>
  <trkpt lat="26.42269667" lon="-80.15933833"><ele>8.177</ele><time>2026-07-24T13:31:37Z</time><speed>3.376</speed><sat>18</sat></trkpt>
  <trkpt lat="26.42270500" lon="-80.15930667"><ele>8.277</ele><time>2026-07-24T13:31:38Z</time><speed>3.447</speed><sat>18</sat></trkpt>
  <trkpt lat="26.42271333" lon="-80.15927333"><ele>8.377</ele><time>2026-07-24T13:31:39Z</time><speed>3.507</speed><sat>18</sat></trkpt>
  <trkpt lat="26.42271833" lon="-80.15923667"><ele>8.277</ele><time>2026-07-24T13:31:40Z</time><speed>3.544</speed><sat>18</sat></trkpt>
  <trkpt lat="26.42272333" lon="-80.15920500"><ele>7.677</ele><time>2026-07-24T13:31:41Z</time><speed>3.554</speed><sat>18</sat></trkpt>
  <trkpt lat="26.42272500" lon="-80.15917333"><ele>7.678</ele><time>2026-07-24T13:31:42Z</time><speed>3.553</speed><sat>18</sat></trkpt>
  <trkpt lat="26.42272667" lon="-80.15914000"><ele>7.178</ele><time>2026-07-24T13:31:43Z</time><speed>3.569</speed><sat>18</sat></trkpt>
  <trkpt lat="26.42272833" lon="-80.15910500"><ele>7.378</ele><time>2026-07-24T13:31:44Z</time><speed>3.568</speed><sat>18</sat></trkpt>
  <trkpt lat="26.42272667" lon="-80.15906833"><ele>7.278</ele><time>2026-07-24T13:31:45Z</time><speed>3.567</speed><sat>18</sat></trkpt>
  <trkpt lat="26.42272500" lon="-80.15903500"><ele>7.278</ele><time>2026-07-24T13:31:46Z</time><speed>3.538</speed><sat>18</sat></trkpt>
  <trkpt lat="26.42272167" lon="-80.15900000"><ele>7.478</ele><time>2026-07-24T13:31:47Z</time><speed>3.517</speed><sat>17</sat></trkpt>
  <trkpt lat="26.42271833" lon="-80.15896167"><ele>7.578</ele><time>2026-07-24T13:31:48Z</time><speed>3.510</speed><sat>18</sat></trkpt>
  <trkpt lat="26.42271667" lon="-80.15892333"><ele>7.279</ele><time>2026-07-24T13:31:49Z</time><speed>3.520</speed><sat>17</sat></trkpt>
  <trkpt lat="26.42271667" lon="-80.15888667"><ele>7.279</ele><time>2026-07-24T13:31:50Z</time><speed>3.515</speed><sat>17</sat></trkpt>
  <trkpt lat="26.42271667" lon="-80.15885333"><ele>7.479</ele><time>2026-07-24T13:31:51Z</time><speed>3.493</speed><sat>17</sat></trkpt>
  <trkpt lat="26.42271500" lon="-80.15881833"><ele>7.579</ele><time>2026-07-24T13:31:52Z</time><speed>3.512</speed><sat>18</sat></trkpt>
  <trkpt lat="26.42271167" lon="-80.15878333"><ele>7.779</ele><time>2026-07-24T13:31:53Z</time><speed>3.516</speed><sat>18</sat></trkpt>
  <trkpt lat="26.42271000" lon="-80.15874833"><ele>8.179</ele><time>2026-07-24T13:31:54Z</time><speed>3.507</speed><sat>18</sat></trkpt>
  <trkpt lat="26.42271000" lon="-80.15871333"><ele>8.579</ele><time>2026-07-24T13:31:55Z</time><speed>3.504</speed><sat>18</sat></trkpt>
  <trkpt lat="26.42270833" lon="-80.15867833"><ele>8.780</ele><time>2026-07-24T13:31:56Z</time><speed>3.507</speed><sat>18</sat></trkpt>
  <trkpt lat="26.42270667" lon="-80.15864333"><ele>8.880</ele><time>2026-07-24T13:31:57Z</time><speed>3.519</speed><sat>18</sat></trkpt>
  <trkpt lat="26.42270667" lon="-80.15861000"><ele>8.880</ele><time>2026-07-24T13:31:58Z</time><speed>3.526</speed><sat>18</sat></trkpt>
  <trkpt lat="26.42270667" lon="-80.15858500"><ele>8.680</ele><time>2026-07-24T13:31:59Z</time><speed>3.436</speed><sat>18</sat></trkpt>
  <trkpt lat="26.42270667" lon="-80.15855833"><ele>8.380</ele><time>2026-07-24T13:32:00Z</time><speed>3.344</speed><sat>18</sat></trkpt>
  <trkpt lat="26.42271333" lon="-80.15853333"><ele>8.580</ele><time>2026-07-24T13:32:01Z</time><speed>3.253</speed><sat>18</sat></trkpt>
  <trkpt lat="26.42271167" lon="-80.15851000"><ele>8.480</ele><time>2026-07-24T13:32:02Z</time><speed>3.126</speed><sat>18</sat></trkpt>
  <trkpt lat="26.42271167" lon="-80.15849000"><ele>8.280</ele><time>2026-07-24T13:32:03Z</time><speed>2.948</speed><sat>18</sat></trkpt>
  <trkpt lat="26.42271333" lon="-80.15847500"><ele>7.680</ele><time>2026-07-24T13:32:04Z</time><speed>2.744</speed><sat>18</sat></trkpt>
  <trkpt lat="26.42271333" lon="-80.15846333"><ele>7.480</ele><time>2026-07-24T13:32:05Z</time><speed>2.462</speed><sat>18</sat></trkpt>
  <trkpt lat="26.42271167" lon="-80.15846000"><ele>7.481</ele><time>2026-07-24T13:32:06Z</time><speed>2.137</speed><sat>18</sat></trkpt>
  <trkpt lat="26.42271000" lon="-80.15845667"><ele>7.681</ele><time>2026-07-24T13:32:07Z</time><speed>1.791</speed><sat>18</sat></trkpt>
  <trkpt lat="26.42270833" lon="-80.15845333"><ele>8.181</ele><time>2026-07-24T13:32:08Z</time><speed>1.447</speed><sat>18</sat></trkpt>
  <trkpt lat="26.42270667" lon="-80.15845167"><ele>8.381</ele><time>2026-07-24T13:32:09Z</time><speed>1.172</speed><sat>18</sat></trkpt>
  <trkpt lat="26.42270500" lon="-80.15845167"><ele>8.581</ele><time>2026-07-24T13:32:10Z</time><speed>0.915</speed><sat>18</sat></trkpt>
  <trkpt lat="26.42270333" lon="-80.15845333"><ele>8.681</ele><time>2026-07-24T13:32:11Z</time><speed>0.685</speed><sat>18</sat></trkpt>
  <trkpt lat="26.42270333" lon="-80.15845333"><ele>8.781</ele><time>2026-07-24T13:32:12Z</time><speed>0.452</speed><sat>18</sat></trkpt>
  <trkpt lat="26.42270333" lon="-80.15845500"><ele>9.081</ele><time>2026-07-24T13:32:13Z</time><speed>0.000</speed><sat>18</sat></trkpt>
  <trkpt lat="26.42270167" lon="-80.15845667"><ele>9.481</ele><time>2026-07-24T13:32:14Z</time><speed>0.000</speed><sat>18</sat></trkpt>
  <trkpt lat="26.42270167" lon="-80.15844000"><ele>9.581</ele><time>2026-07-24T13:32:15Z</time><speed>0.316</speed><sat>18</sat></trkpt>
  <trkpt lat="26.42270333" lon="-80.15841833"><ele>9.481</ele><time>2026-07-24T13:32:16Z</time><speed>0.514</speed><sat>18</sat></trkpt>
  <trkpt lat="26.42270333" lon="-80.15839333"><ele>9.181</ele><time>2026-07-24T13:32:17Z</time><speed>0.752</speed><sat>18</sat></trkpt>
  <trkpt lat="26.42270667" lon="-80.15836333"><ele>8.881</ele><time>2026-07-24T13:32:18Z</time><speed>1.005</speed><sat>18</sat></trkpt>
  <trkpt lat="26.42270667" lon="-80.15833333"><ele>9.181</ele><time>2026-07-24T13:32:19Z</time><speed>1.283</speed><sat>18</sat></trkpt>
  <trkpt lat="26.42271500" lon="-80.15830167"><ele>9.581</ele><time>2026-07-24T13:32:20Z</time><speed>1.576</speed><sat>18</sat></trkpt>
  <trkpt lat="26.42271667" lon="-80.15827000"><ele>9.881</ele><time>2026-07-24T13:32:21Z</time><speed>1.894</speed><sat>18</sat></trkpt>
  <trkpt lat="26.42272000" lon="-80.15823667"><ele>9.681</ele><time>2026-07-24T13:32:22Z</time><speed>2.225</speed><sat>18</sat></trkpt>
  <trkpt lat="26.42272167" lon="-80.15820333"><ele>9.382</ele><time>2026-07-24T13:32:23Z</time><speed>2.568</speed><sat>18</sat></trkpt>
  <trkpt lat="26.42272500" lon="-80.15817000"><ele>9.082</ele><time>2026-07-24T13:32:24Z</time><speed>2.827</speed><sat>18</sat></trkpt>
  <trkpt lat="26.42272667" lon="-80.15813667"><ele>8.582</ele><time>2026-07-24T13:32:25Z</time><speed>2.982</speed><sat>18</sat></trkpt>
  <trkpt lat="26.42272833" lon="-80.15810667"><ele>8.082</ele><time>2026-07-24T13:32:26Z</time><speed>3.104</speed><sat>18</sat></trkpt>
  <trkpt lat="26.42273000" lon="-80.15807500"><ele>7.682</ele><time>2026-07-24T13:32:27Z</time><speed>3.164</speed><sat>18</sat></trkpt>
  <trkpt lat="26.42273167" lon="-80.15804500"><ele>7.982</ele><time>2026-07-24T13:32:28Z</time><speed>3.189</speed><sat>18</sat></trkpt>
  <trkpt lat="26.42273500" lon="-80.15801333"><ele>8.382</ele><time>2026-07-24T13:32:29Z</time><speed>3.242</speed><sat>18</sat></trkpt>
  <trkpt lat="26.42273500" lon="-80.15797167"><ele>9.283</ele><time>2026-07-24T13:32:30Z</time><speed>3.289</speed><sat>18</sat></trkpt>
  <trkpt lat="26.42274000" lon="-80.15793667"><ele>8.883</ele><time>2026-07-24T13:32:31Z</time><speed>3.303</speed><sat>18</sat></trkpt>
  <trkpt lat="26.42274500" lon="-80.15790333"><ele>8.383</ele><time>2026-07-24T13:32:32Z</time><speed>3.313</speed><sat>18</sat></trkpt>
  <trkpt lat="26.42274833" lon="-80.15786833"><ele>8.283</ele><time>2026-07-24T13:32:33Z</time><speed>3.306</speed><sat>18</sat></trkpt>
  <trkpt lat="26.42275167" lon="-80.15783333"><ele>8.383</ele><time>2026-07-24T13:32:34Z</time><speed>3.299</speed><sat>18</sat></trkpt>
  <trkpt lat="26.42275500" lon="-80.15780000"><ele>8.583</ele><time>2026-07-24T13:32:35Z</time><speed>3.329</speed><sat>18</sat></trkpt>
  <trkpt lat="26.42276167" lon="-80.15776833"><ele>8.083</ele><time>2026-07-24T13:32:36Z</time><speed>3.330</speed><sat>18</sat></trkpt>
  <trkpt lat="26.42276667" lon="-80.15773500"><ele>8.184</ele><time>2026-07-24T13:32:37Z</time><speed>3.366</speed><sat>18</sat></trkpt>
  <trkpt lat="26.42277333" lon="-80.15770167"><ele>7.884</ele><time>2026-07-24T13:32:38Z</time><speed>3.421</speed><sat>18</sat></trkpt>
  <trkpt lat="26.42277833" lon="-80.15766833"><ele>8.084</ele><time>2026-07-24T13:32:39Z</time><speed>3.423</speed><sat>18</sat></trkpt>
  <trkpt lat="26.42278333" lon="-80.15763500"><ele>7.584</ele><time>2026-07-24T13:32:40Z</time><speed>3.414</speed><sat>18</sat></trkpt>
  <trkpt lat="26.42278833" lon="-80.15760167"><ele>7.884</ele><time>2026-07-24T13:32:41Z</time><speed>3.411</speed><sat>18</sat></trkpt>
  <trkpt lat="26.42279500" lon="-80.15757000"><ele>7.284</ele><time>2026-07-24T13:32:42Z</time><speed>3.402</speed><sat>18</sat></trkpt>
  <trkpt lat="26.42280000" lon="-80.15753667"><ele>7.184</ele><time>2026-07-24T13:32:43Z</time><speed>3.394</speed><sat>18</sat></trkpt>
  <trkpt lat="26.42280667" lon="-80.15750667"><ele>6.984</ele><time>2026-07-24T13:32:44Z</time><speed>3.375</speed><sat>18</sat></trkpt>
  <trkpt lat="26.42281167" lon="-80.15747500"><ele>6.385</ele><time>2026-07-24T13:32:45Z</time><speed>3.361</speed><sat>18</sat></trkpt>
  <trkpt lat="26.42281500" lon="-80.15744500"><ele>5.885</ele><time>2026-07-24T13:32:46Z</time><speed>3.349</speed><sat>18</sat></trkpt>
  <trkpt lat="26.42282167" lon="-80.15741500"><ele>5.985</ele><time>2026-07-24T13:32:47Z</time><speed>3.340</speed><sat>18</sat></trkpt>
  <trkpt lat="26.42282667" lon="-80.15738167"><ele>6.185</ele><time>2026-07-24T13:32:48Z</time><speed>3.327</speed><sat>18</sat></trkpt>
  <trkpt lat="26.42283167" lon="-80.15735000"><ele>6.385</ele><time>2026-07-24T13:32:49Z</time><speed>3.330</speed><sat>18</sat></trkpt>
  <trkpt lat="26.42283667" lon="-80.15731667"><ele>6.685</ele><time>2026-07-24T13:32:50Z</time><speed>3.317</speed><sat>18</sat></trkpt>
  <trkpt lat="26.42284167" lon="-80.15728333"><ele>6.685</ele><time>2026-07-24T13:32:51Z</time><speed>3.311</speed><sat>18</sat></trkpt>
  <trkpt lat="26.42284833" lon="-80.15725000"><ele>7.086</ele><time>2026-07-24T13:32:52Z</time><speed>3.318</speed><sat>18</sat></trkpt>
  <trkpt lat="26.42285667" lon="-80.15721833"><ele>7.286</ele><time>2026-07-24T13:32:53Z</time><speed>3.315</speed><sat>18</sat></trkpt>
  <trkpt lat="26.42286000" lon="-80.15718500"><ele>7.086</ele><time>2026-07-24T13:32:54Z</time><speed>3.325</speed><sat>18</sat></trkpt>
  <trkpt lat="26.42286667" lon="-80.15715333"><ele>7.386</ele><time>2026-07-24T13:32:55Z</time><speed>3.328</speed><sat>18</sat></trkpt>
  <trkpt lat="26.42287333" lon="-80.15712000"><ele>7.386</ele><time>2026-07-24T13:32:56Z</time><speed>3.345</speed><sat>18</sat></trkpt>
  <trkpt lat="26.42288000" lon="-80.15708667"><ele>6.986</ele><time>2026-07-24T13:32:57Z</time><speed>3.347</speed><sat>18</sat></trkpt>
  <trkpt lat="26.42288667" lon="-80.15705167"><ele>6.986</ele><time>2026-07-24T13:32:58Z</time><speed>3.367</speed><sat>19</sat></trkpt>
  <trkpt lat="26.42289167" lon="-80.15701500"><ele>7.287</ele><time>2026-07-24T13:32:59Z</time><speed>3.370</speed><sat>19</sat></trkpt>
  <trkpt lat="26.42289333" lon="-80.15697833"><ele>7.687</ele><time>2026-07-24T13:33:00Z</time><speed>3.386</speed><sat>19</sat></trkpt>
  <trkpt lat="26.42289667" lon="-80.15694333"><ele>7.887</ele><time>2026-07-24T13:33:01Z</time><speed>3.394</speed><sat>19</sat></trkpt>
  <trkpt lat="26.42290000" lon="-80.15690667"><ele>8.187</ele><time>2026-07-24T13:33:02Z</time><speed>3.399</speed><sat>19</sat></trkpt>
  <trkpt lat="26.42290500" lon="-80.15687000"><ele>8.487</ele><time>2026-07-24T13:33:03Z</time><speed>3.412</speed><sat>19</sat></trkpt>
  <trkpt lat="26.42290833" lon="-80.15683500"><ele>8.687</ele><time>2026-07-24T13:33:04Z</time><speed>3.418</speed><sat>19</sat></trkpt>
  <trkpt lat="26.42291167" lon="-80.15680000"><ele>8.787</ele><time>2026-07-24T13:33:05Z</time><speed>3.424</speed><sat>19</sat></trkpt>
  <trkpt lat="26.42291500" lon="-80.15676500"><ele>8.288</ele><time>2026-07-24T13:33:06Z</time><speed>3.424</speed><sat>19</sat></trkpt>
  <trkpt lat="26.42291667" lon="-80.15673167"><ele>7.788</ele><time>2026-07-24T13:33:07Z</time><speed>3.423</speed><sat>19</sat></trkpt>
  <trkpt lat="26.42292167" lon="-80.15670167"><ele>7.388</ele><time>2026-07-24T13:33:08Z</time><speed>3.390</speed><sat>19</sat></trkpt>
  <trkpt lat="26.42292333" lon="-80.15667000"><ele>7.688</ele><time>2026-07-24T13:33:09Z</time><speed>3.353</speed><sat>19</sat></trkpt>
  <trkpt lat="26.42292500" lon="-80.15664167"><ele>7.888</ele><time>2026-07-24T13:33:10Z</time><speed>3.311</speed><sat>19</sat></trkpt>
  <trkpt lat="26.42292833" lon="-80.15661333"><ele>8.188</ele><time>2026-07-24T13:33:11Z</time><speed>3.245</speed><sat>19</sat></trkpt>
  <trkpt lat="26.42293500" lon="-80.15658833"><ele>7.488</ele><time>2026-07-24T13:33:12Z</time><speed>3.142</speed><sat>19</sat></trkpt>
  <trkpt lat="26.42294167" lon="-80.15656667"><ele>8.688</ele><time>2026-07-24T13:33:13Z</time><speed>2.970</speed><sat>19</sat></trkpt>
  <trkpt lat="26.42294000" lon="-80.15655167"><ele>8.988</ele><time>2026-07-24T13:33:14Z</time><speed>2.737</speed><sat>19</sat></trkpt>
  <trkpt lat="26.42293833" lon="-80.15654500"><ele>9.389</ele><time>2026-07-24T13:33:15Z</time><speed>2.439</speed><sat>19</sat></trkpt>
  <trkpt lat="26.42293833" lon="-80.15654500"><ele>9.689</ele><time>2026-07-24T13:33:16Z</time><speed>2.104</speed><sat>19</sat></trkpt>
  <trkpt lat="26.42294000" lon="-80.15654333"><ele>9.789</ele><time>2026-07-24T13:33:17Z</time><speed>1.777</speed><sat>19</sat></trkpt>
  <trkpt lat="26.42294167" lon="-80.15654500"><ele>9.789</ele><time>2026-07-24T13:33:18Z</time><speed>1.468</speed><sat>19</sat></trkpt>
  <trkpt lat="26.42294167" lon="-80.15654667"><ele>9.889</ele><time>2026-07-24T13:33:19Z</time><speed>1.168</speed><sat>19</sat></trkpt>
  <trkpt lat="26.42294000" lon="-80.15654500"><ele>9.889</ele><time>2026-07-24T13:33:20Z</time><speed>0.889</speed><sat>19</sat></trkpt>
  <trkpt lat="26.42293667" lon="-80.15653333"><ele>9.689</ele><time>2026-07-24T13:33:21Z</time><speed>0.741</speed><sat>19</sat></trkpt>
  <trkpt lat="26.42293500" lon="-80.15650500"><ele>9.589</ele><time>2026-07-24T13:33:22Z</time><speed>0.754</speed><sat>19</sat></trkpt>
  <trkpt lat="26.42293667" lon="-80.15646833"><ele>9.289</ele><time>2026-07-24T13:33:23Z</time><speed>0.902</speed><sat>19</sat></trkpt>
  <trkpt lat="26.42293833" lon="-80.15643000"><ele>9.189</ele><time>2026-07-24T13:33:24Z</time><speed>1.117</speed><sat>19</sat></trkpt>
  <trkpt lat="26.42294000" lon="-80.15639667"><ele>9.089</ele><time>2026-07-24T13:33:25Z</time><speed>1.400</speed><sat>19</sat></trkpt>
  <trkpt lat="26.42294333" lon="-80.15636333"><ele>8.989</ele><time>2026-07-24T13:33:26Z</time><speed>1.726</speed><sat>19</sat></trkpt>
  <trkpt lat="26.42294500" lon="-80.15632667"><ele>8.789</ele><time>2026-07-24T13:33:27Z</time><speed>2.060</speed><sat>19</sat></trkpt>
  <trkpt lat="26.42294667" lon="-80.15629167"><ele>8.490</ele><time>2026-07-24T13:33:28Z</time><speed>2.401</speed><sat>19</sat></trkpt>
  <trkpt lat="26.42295000" lon="-80.15625667"><ele>8.090</ele><time>2026-07-24T13:33:29Z</time><speed>2.743</speed><sat>19</sat></trkpt>
  <trkpt lat="26.42295000" lon="-80.15622167"><ele>7.590</ele><time>2026-07-24T13:33:30Z</time><speed>3.060</speed><sat>19</sat></trkpt>
  <trkpt lat="26.42295000" lon="-80.15618833"><ele>7.290</ele><time>2026-07-24T13:33:31Z</time><speed>3.279</speed><sat>19</sat></trkpt>
  <trkpt lat="26.42294833" lon="-80.15615333"><ele>6.790</ele><time>2026-07-24T13:33:32Z</time><speed>3.372</speed><sat>19</sat></trkpt>
  <trkpt lat="26.42294667" lon="-80.15612167"><ele>6.290</ele><time>2026-07-24T13:33:33Z</time><speed>3.393</speed><sat>19</sat></trkpt>
  <trkpt lat="26.42294333" lon="-80.15608833"><ele>5.590</ele><time>2026-07-24T13:33:34Z</time><speed>3.413</speed><sat>19</sat></trkpt>
  <trkpt lat="26.42294167" lon="-80.15605333"><ele>5.391</ele><time>2026-07-24T13:33:35Z</time><speed>3.433</speed><sat>19</sat></trkpt>
  <trkpt lat="26.42294000" lon="-80.15602333"><ele>5.191</ele><time>2026-07-24T13:33:36Z</time><speed>3.446</speed><sat>19</sat></trkpt>
  <trkpt lat="26.42294167" lon="-80.15599167"><ele>5.091</ele><time>2026-07-24T13:33:37Z</time><speed>3.450</speed><sat>19</sat></trkpt>
  <trkpt lat="26.42294333" lon="-80.15595500"><ele>5.791</ele><time>2026-07-24T13:33:38Z</time><speed>3.469</speed><sat>19</sat></trkpt>
  <trkpt lat="26.42293833" lon="-80.15591667"><ele>5.691</ele><time>2026-07-24T13:33:39Z</time><speed>3.483</speed><sat>19</sat></trkpt>
  <trkpt lat="26.42293333" lon="-80.15588000"><ele>6.091</ele><time>2026-07-24T13:33:40Z</time><speed>3.488</speed><sat>19</sat></trkpt>
  <trkpt lat="26.42292833" lon="-80.15584333"><ele>6.091</ele><time>2026-07-24T13:33:41Z</time><speed>3.488</speed><sat>19</sat></trkpt>
  <trkpt lat="26.42292333" lon="-80.15580833"><ele>6.692</ele><time>2026-07-24T13:33:42Z</time><speed>3.486</speed><sat>19</sat></trkpt>
  <trkpt lat="26.42291833" lon="-80.15577167"><ele>7.092</ele><time>2026-07-24T13:33:43Z</time><speed>3.502</speed><sat>19</sat></trkpt>
  <trkpt lat="26.42291500" lon="-80.15573333"><ele>7.492</ele><time>2026-07-24T13:33:44Z</time><speed>3.513</speed><sat>19</sat></trkpt>
  <trkpt lat="26.42291167" lon="-80.15569833"><ele>7.792</ele><time>2026-07-24T13:33:45Z</time><speed>3.532</speed><sat>19</sat></trkpt>
  <trkpt lat="26.42290833" lon="-80.15566000"><ele>8.192</ele><time>2026-07-24T13:33:46Z</time><speed>3.550</speed><sat>19</sat></trkpt>
  <trkpt lat="26.42290000" lon="-80.15562333"><ele>8.292</ele><time>2026-07-24T13:33:47Z</time><speed>3.566</speed><sat>19</sat></trkpt>
  <trkpt lat="26.42289833" lon="-80.15559167"><ele>8.292</ele><time>2026-07-24T13:33:48Z</time><speed>3.550</speed><sat>19</sat></trkpt>
  <trkpt lat="26.42289667" lon="-80.15555667"><ele>8.393</ele><time>2026-07-24T13:33:49Z</time><speed>3.572</speed><sat>19</sat></trkpt>
  <trkpt lat="26.42288833" lon="-80.15552167"><ele>8.293</ele><time>2026-07-24T13:33:50Z</time><speed>3.581</speed><sat>19</sat></trkpt>
  <trkpt lat="26.42288333" lon="-80.15548500"><ele>8.493</ele><time>2026-07-24T13:33:51Z</time><speed>3.590</speed><sat>19</sat></trkpt>
  <trkpt lat="26.42288167" lon="-80.15545000"><ele>8.593</ele><time>2026-07-24T13:33:52Z</time><speed>3.596</speed><sat>19</sat></trkpt>
  <trkpt lat="26.42287833" lon="-80.15541333"><ele>8.793</ele><time>2026-07-24T13:33:53Z</time><speed>3.591</speed><sat>19</sat></trkpt>
  <trkpt lat="26.42287167" lon="-80.15537833"><ele>8.093</ele><time>2026-07-24T13:33:54Z</time><speed>3.590</speed><sat>19</sat></trkpt>
  <trkpt lat="26.42286500" lon="-80.15534333"><ele>8.393</ele><time>2026-07-24T13:33:55Z</time><speed>3.576</speed><sat>19</sat></trkpt>
  <trkpt lat="26.42285833" lon="-80.15530667"><ele>8.494</ele><time>2026-07-24T13:33:56Z</time><speed>3.573</speed><sat>19</sat></trkpt>
  <trkpt lat="26.42285000" lon="-80.15526833"><ele>8.694</ele><time>2026-07-24T13:33:57Z</time><speed>3.597</speed><sat>19</sat></trkpt>
  <trkpt lat="26.42284333" lon="-80.15523000"><ele>8.594</ele><time>2026-07-24T13:33:58Z</time><speed>3.608</speed><sat>19</sat></trkpt>
  <trkpt lat="26.42284333" lon="-80.15519833"><ele>8.794</ele><time>2026-07-24T13:33:59Z</time><speed>3.578</speed><sat>19</sat></trkpt>
  <trkpt lat="26.42283833" lon="-80.15516500"><ele>8.794</ele><time>2026-07-24T13:34:00Z</time><speed>3.561</speed><sat>19</sat></trkpt>
  <trkpt lat="26.42283667" lon="-80.15513167"><ele>8.294</ele><time>2026-07-24T13:34:01Z</time><speed>3.556</speed><sat>19</sat></trkpt>
  <trkpt lat="26.42282833" lon="-80.15509667"><ele>7.794</ele><time>2026-07-24T13:34:02Z</time><speed>3.555</speed><sat>19</sat></trkpt>
  <trkpt lat="26.42282333" lon="-80.15506167"><ele>7.495</ele><time>2026-07-24T13:34:03Z</time><speed>3.547</speed><sat>19</sat></trkpt>
  <trkpt lat="26.42282000" lon="-80.15502667"><ele>7.595</ele><time>2026-07-24T13:34:04Z</time><speed>3.521</speed><sat>19</sat></trkpt>
  <trkpt lat="26.42281500" lon="-80.15499500"><ele>7.195</ele><time>2026-07-24T13:34:05Z</time><speed>3.502</speed><sat>19</sat></trkpt>
  <trkpt lat="26.42281000" lon="-80.15496167"><ele>6.895</ele><time>2026-07-24T13:34:06Z</time><speed>3.466</speed><sat>19</sat></trkpt>
  <trkpt lat="26.42280500" lon="-80.15492833"><ele>6.995</ele><time>2026-07-24T13:34:07Z</time><speed>3.415</speed><sat>19</sat></trkpt>
  <trkpt lat="26.42280000" lon="-80.15489667"><ele>6.995</ele><time>2026-07-24T13:34:08Z</time><speed>3.390</speed><sat>19</sat></trkpt>
  <trkpt lat="26.42279833" lon="-80.15486333"><ele>7.095</ele><time>2026-07-24T13:34:09Z</time><speed>3.376</speed><sat>19</sat></trkpt>
  <trkpt lat="26.42279333" lon="-80.15483000"><ele>7.195</ele><time>2026-07-24T13:34:10Z</time><speed>3.375</speed><sat>19</sat></trkpt>
  <trkpt lat="26.42278833" lon="-80.15479500"><ele>6.296</ele><time>2026-07-24T13:34:11Z</time><speed>3.365</speed><sat>19</sat></trkpt>
  <trkpt lat="26.42278333" lon="-80.15476000"><ele>5.396</ele><time>2026-07-24T13:34:12Z</time><speed>3.361</speed><sat>19</sat></trkpt>
  <trkpt lat="26.42277833" lon="-80.15472667"><ele>5.696</ele><time>2026-07-24T13:34:13Z</time><speed>3.351</speed><sat>19</sat></trkpt>
  <trkpt lat="26.42277500" lon="-80.15469167"><ele>5.996</ele><time>2026-07-24T13:34:14Z</time><speed>3.349</speed><sat>19</sat></trkpt>
  <trkpt lat="26.42277500" lon="-80.15465833"><ele>6.396</ele><time>2026-07-24T13:34:15Z</time><speed>3.349</speed><sat>19</sat></trkpt>
  <trkpt lat="26.42277000" lon="-80.15462500"><ele>6.396</ele><time>2026-07-24T13:34:16Z</time><speed>3.357</speed><sat>19</sat></trkpt>
  <trkpt lat="26.42276833" lon="-80.15459167"><ele>6.696</ele><time>2026-07-24T13:34:17Z</time><speed>3.377</speed><sat>19</sat></trkpt>
  <trkpt lat="26.42276833" lon="-80.15455667"><ele>7.097</ele><time>2026-07-24T13:34:18Z</time><speed>3.397</speed><sat>19</sat></trkpt>
  <trkpt lat="26.42276500" lon="-80.15452167"><ele>7.397</ele><time>2026-07-24T13:34:19Z</time><speed>3.407</speed><sat>19</sat></trkpt>
  <trkpt lat="26.42276333" lon="-80.15448667"><ele>7.897</ele><time>2026-07-24T13:34:20Z</time><speed>3.414</speed><sat>19</sat></trkpt>
  <trkpt lat="26.42275833" lon="-80.15444833"><ele>8.097</ele><time>2026-07-24T13:34:21Z</time><speed>3.428</speed><sat>19</sat></trkpt>
  <trkpt lat="26.42275167" lon="-80.15441000"><ele>7.897</ele><time>2026-07-24T13:34:22Z</time><speed>3.449</speed><sat>19</sat></trkpt>
  <trkpt lat="26.42274667" lon="-80.15437500"><ele>8.197</ele><time>2026-07-24T13:34:23Z</time><speed>3.485</speed><sat>19</sat></trkpt>
  <trkpt lat="26.42274167" lon="-80.15433667"><ele>8.397</ele><time>2026-07-24T13:34:24Z</time><speed>3.531</speed><sat>19</sat></trkpt>
  <trkpt lat="26.42273833" lon="-80.15430000"><ele>7.598</ele><time>2026-07-24T13:34:25Z</time><speed>3.578</speed><sat>19</sat></trkpt>
  <trkpt lat="26.42273500" lon="-80.15426333"><ele>6.498</ele><time>2026-07-24T13:34:26Z</time><speed>3.606</speed><sat>19</sat></trkpt>
  <trkpt lat="26.42273333" lon="-80.15422667"><ele>6.298</ele><time>2026-07-24T13:34:27Z</time><speed>3.603</speed><sat>19</sat></trkpt>
  <trkpt lat="26.42273333" lon="-80.15419000"><ele>6.398</ele><time>2026-07-24T13:34:28Z</time><speed>3.594</speed><sat>19</sat></trkpt>
  <trkpt lat="26.42273000" lon="-80.15415500"><ele>5.898</ele><time>2026-07-24T13:34:29Z</time><speed>3.596</speed><sat>19</sat></trkpt>
  <trkpt lat="26.42272667" lon="-80.15411833"><ele>5.598</ele><time>2026-07-24T13:34:30Z</time><speed>3.599</speed><sat>19</sat></trkpt>
  <trkpt lat="26.42272667" lon="-80.15408000"><ele>5.499</ele><time>2026-07-24T13:34:31Z</time><speed>3.599</speed><sat>19</sat></trkpt>
  <trkpt lat="26.42273167" lon="-80.15404667"><ele>5.799</ele><time>2026-07-24T13:34:32Z</time><speed>3.560</speed><sat>19</sat></trkpt>
  <trkpt lat="26.42273500" lon="-80.15401333"><ele>6.099</ele><time>2026-07-24T13:34:33Z</time><speed>3.525</speed><sat>19</sat></trkpt>
  <trkpt lat="26.42273667" lon="-80.15398167"><ele>6.599</ele><time>2026-07-24T13:34:34Z</time><speed>3.440</speed><sat>19</sat></trkpt>
  <trkpt lat="26.42273833" lon="-80.15395333"><ele>6.699</ele><time>2026-07-24T13:34:35Z</time><speed>3.395</speed><sat>19</sat></trkpt>
  <trkpt lat="26.42273833" lon="-80.15392000"><ele>8.399</ele><time>2026-07-24T13:34:36Z</time><speed>3.376</speed><sat>19</sat></trkpt>
  <trkpt lat="26.42273833" lon="-80.15388667"><ele>8.399</ele><time>2026-07-24T13:34:37Z</time><speed>3.358</speed><sat>19</sat></trkpt>
  <trkpt lat="26.42273500" lon="-80.15385000"><ele>8.299</ele><time>2026-07-24T13:34:38Z</time><speed>3.407</speed><sat>19</sat></trkpt>
  <trkpt lat="26.42273667" lon="-80.15382167"><ele>8.400</ele><time>2026-07-24T13:34:39Z</time><speed>3.330</speed><sat>19</sat></trkpt>
  <trkpt lat="26.42273833" lon="-80.15379500"><ele>8.300</ele><time>2026-07-24T13:34:40Z</time><speed>3.258</speed><sat>19</sat></trkpt>
  <trkpt lat="26.42273000" lon="-80.15376667"><ele>9.400</ele><time>2026-07-24T13:34:41Z</time><speed>3.156</speed><sat>19</sat></trkpt>
  <trkpt lat="26.42272833" lon="-80.15373833"><ele>10.000</ele><time>2026-07-24T13:34:42Z</time><speed>3.088</speed><sat>19</sat></trkpt>
  <trkpt lat="26.42273000" lon="-80.15370833"><ele>10.500</ele><time>2026-07-24T13:34:43Z</time><speed>3.052</speed><sat>19</sat></trkpt>
  <trkpt lat="26.42273333" lon="-80.15368167"><ele>10.200</ele><time>2026-07-24T13:34:44Z</time><speed>3.081</speed><sat>19</sat></trkpt>
  <trkpt lat="26.42273500" lon="-80.15365000"><ele>10.100</ele><time>2026-07-24T13:34:45Z</time><speed>3.076</speed><sat>19</sat></trkpt>
  <trkpt lat="26.42273833" lon="-80.15361833"><ele>10.300</ele><time>2026-07-24T13:34:46Z</time><speed>3.038</speed><sat>19</sat></trkpt>
  <trkpt lat="26.42274167" lon="-80.15358667"><ele>10.801</ele><time>2026-07-24T13:34:47Z</time><speed>3.003</speed><sat>19</sat></trkpt>
  <trkpt lat="26.42273833" lon="-80.15355667"><ele>10.801</ele><time>2026-07-24T13:34:48Z</time><speed>2.903</speed><sat>19</sat></trkpt>
  <trkpt lat="26.42273833" lon="-80.15352667"><ele>11.201</ele><time>2026-07-24T13:34:49Z</time><speed>2.934</speed><sat>19</sat></trkpt>
  <trkpt lat="26.42273833" lon="-80.15349833"><ele>11.401</ele><time>2026-07-24T13:34:50Z</time><speed>2.936</speed><sat>19</sat></trkpt>
  <trkpt lat="26.42273667" lon="-80.15347167"><ele>11.501</ele><time>2026-07-24T13:34:51Z</time><speed>2.953</speed><sat>19</sat></trkpt>
  <trkpt lat="26.42273333" lon="-80.15344167"><ele>12.201</ele><time>2026-07-24T13:34:52Z</time><speed>2.953</speed><sat>19</sat></trkpt>
  <trkpt lat="26.42272833" lon="-80.15341833"><ele>12.501</ele><time>2026-07-24T13:34:53Z</time><speed>2.923</speed><sat>19</sat></trkpt>
  <trkpt lat="26.42272500" lon="-80.15339000"><ele>12.601</ele><time>2026-07-24T13:34:54Z</time><speed>2.866</speed><sat>19</sat></trkpt>
  <trkpt lat="26.42272333" lon="-80.15336500"><ele>12.901</ele><time>2026-07-24T13:34:55Z</time><speed>2.773</speed><sat>19</sat></trkpt>
  <trkpt lat="26.42272000" lon="-80.15334333"><ele>12.702</ele><time>2026-07-24T13:34:56Z</time><speed>2.697</speed><sat>19</sat></trkpt>
  <trkpt lat="26.42271333" lon="-80.15332833"><ele>12.102</ele><time>2026-07-24T13:34:57Z</time><speed>2.584</speed><sat>19</sat></trkpt>
  <trkpt lat="26.42271167" lon="-80.15331167"><ele>11.802</ele><time>2026-07-24T13:34:58Z</time><speed>2.456</speed><sat>19</sat></trkpt>
  <trkpt lat="26.42271000" lon="-80.15329833"><ele>11.402</ele><time>2026-07-24T13:34:59Z</time><speed>2.293</speed><sat>19</sat></trkpt>
  <trkpt lat="26.42271000" lon="-80.15328667"><ele>11.702</ele><time>2026-07-24T13:35:00Z</time><speed>2.095</speed><sat>19</sat></trkpt>
  <trkpt lat="26.42271167" lon="-80.15328000"><ele>11.802</ele><time>2026-07-24T13:35:01Z</time><speed>1.864</speed><sat>19</sat></trkpt>
  <trkpt lat="26.42271000" lon="-80.15327667"><ele>11.902</ele><time>2026-07-24T13:35:02Z</time><speed>1.627</speed><sat>19</sat></trkpt>
  <trkpt lat="26.42271000" lon="-80.15327167"><ele>11.902</ele><time>2026-07-24T13:35:03Z</time><speed>1.391</speed><sat>19</sat></trkpt>
  <trkpt lat="26.42270833" lon="-80.15327167"><ele>11.902</ele><time>2026-07-24T13:35:04Z</time><speed>1.139</speed><sat>19</sat></trkpt>
  <trkpt lat="26.42270667" lon="-80.15327167"><ele>12.002</ele><time>2026-07-24T13:35:05Z</time><speed>0.905</speed><sat>19</sat></trkpt>
  <trkpt lat="26.42270500" lon="-80.15327000"><ele>11.902</ele><time>2026-07-24T13:35:06Z</time><speed>0.677</speed><sat>19</sat></trkpt>
  <trkpt lat="26.42270500" lon="-80.15326833"><ele>11.802</ele><time>2026-07-24T13:35:07Z</time><speed>0.495</speed><sat>19</sat></trkpt>
  <trkpt lat="26.42270500" lon="-80.15326833"><ele>11.702</ele><time>2026-07-24T13:35:08Z</time><speed>0.000</speed><sat>19</sat></trkpt>
  <trkpt lat="26.42270333" lon="-80.15326833"><ele>11.702</ele><time>2026-07-24T13:35:09Z</time><speed>0.000</speed><sat>19</sat></trkpt>
  <trkpt lat="26.42270000" lon="-80.15326833"><ele>11.602</ele><time>2026-07-24T13:35:10Z</time><speed>0.000</speed><sat>19</sat></trkpt>
  <trkpt lat="26.42270000" lon="-80.15326833"><ele>11.602</ele><time>2026-07-24T13:35:11Z</time><speed>0.000</speed><sat>19</sat></trkpt>
  <trkpt lat="26.42270000" lon="-80.15326833"><ele>11.602</ele><time>2026-07-24T13:35:12Z</time><speed>0.000</speed><sat>19</sat></trkpt>
  <trkpt lat="26.42270000" lon="-80.15326833"><ele>11.602</ele><time>2026-07-24T13:35:13Z</time><speed>0.000</speed><sat>19</sat></trkpt>
  <trkpt lat="26.42270000" lon="-80.15326833"><ele>11.602</ele><time>2026-07-24T13:35:14Z</time><speed>0.000</speed><sat>19</sat></trkpt>
  <trkpt lat="26.42269833" lon="-80.15325500"><ele>12.202</ele><time>2026-07-24T13:35:15Z</time><speed>0.302</speed><sat>19</sat></trkpt>
  <trkpt lat="26.42270167" lon="-80.15324333"><ele>12.402</ele><time>2026-07-24T13:35:16Z</time><speed>0.388</speed><sat>19</sat></trkpt>
  <trkpt lat="26.42270333" lon="-80.15323667"><ele>12.702</ele><time>2026-07-24T13:35:17Z</time><speed>0.446</speed><sat>19</sat></trkpt>
  <trkpt lat="26.42270833" lon="-80.15322833"><ele>12.902</ele><time>2026-07-24T13:35:18Z</time><speed>0.515</speed><sat>19</sat></trkpt>
  <trkpt lat="26.42271500" lon="-80.15322500"><ele>13.102</ele><time>2026-07-24T13:35:19Z</time><speed>0.564</speed><sat>19</sat></trkpt>
  <trkpt lat="26.42271667" lon="-80.15322000"><ele>13.302</ele><time>2026-07-24T13:35:20Z</time><speed>0.583</speed><sat>19</sat></trkpt>
  <trkpt lat="26.42271833" lon="-80.15321833"><ele>13.902</ele><time>2026-07-24T13:35:21Z</time><speed>0.604</speed><sat>19</sat></trkpt>
  <trkpt lat="26.42271833" lon="-80.15321667"><ele>14.302</ele><time>2026-07-24T13:35:22Z</time><speed>0.625</speed><sat>19</sat></trkpt>
  <trkpt lat="26.42272000" lon="-80.15321500"><ele>14.702</ele><time>2026-07-24T13:35:23Z</time><speed>0.610</speed><sat>19</sat></trkpt>
  <trkpt lat="26.42271833" lon="-80.15321500"><ele>14.702</ele><time>2026-07-24T13:35:24Z</time><speed>0.549</speed><sat>19</sat></trkpt>
  <trkpt lat="26.42272000" lon="-80.15321667"><ele>14.702</ele><time>2026-07-24T13:35:25Z</time><speed>0.459</speed><sat>19</sat></trkpt>
  <trkpt lat="26.42272000" lon="-80.15321667"><ele>14.802</ele><time>2026-07-24T13:35:26Z</time><speed>0.000</speed><sat>19</sat></trkpt>
  <trkpt lat="26.42272000" lon="-80.15321667"><ele>14.902</ele><time>2026-07-24T13:35:27Z</time><speed>0.000</speed><sat>19</sat></trkpt>
  <trkpt lat="26.42272167" lon="-80.15321667"><ele>15.102</ele><time>2026-07-24T13:35:28Z</time><speed>0.000</speed><sat>19</sat></trkpt>
  <trkpt lat="26.42272167" lon="-80.15321667"><ele>15.102</ele><time>2026-07-24T13:35:29Z</time><speed>0.000</speed><sat>19</sat></trkpt>
  <trkpt lat="26.42272167" lon="-80.15321667"><ele>15.102</ele><time>2026-07-24T13:35:30Z</time><speed>0.000</speed><sat>19</sat></trkpt>
  <trkpt lat="26.42272167" lon="-80.15321667"><ele>15.102</ele><time>2026-07-24T13:35:31Z</time><speed>0.000</speed><sat>18</sat></trkpt>
  <trkpt lat="26.42272167" lon="-80.15321667"><ele>15.102</ele><time>2026-07-24T13:35:32Z</time><speed>0.000</speed><sat>18</sat></trkpt>
  <trkpt lat="26.42272167" lon="-80.15321667"><ele>15.102</ele><time>2026-07-24T13:35:33Z</time><speed>0.000</speed><sat>18</sat></trkpt>
  <trkpt lat="26.42272167" lon="-80.15321667"><ele>15.102</ele><time>2026-07-24T13:35:34Z</time><speed>0.000</speed><sat>19</sat></trkpt>
  <trkpt lat="26.42272167" lon="-80.15321667"><ele>15.102</ele><time>2026-07-24T13:35:35Z</time><speed>0.000</speed><sat>19</sat></trkpt>
  <trkpt lat="26.42272333" lon="-80.15323000"><ele>15.502</ele><time>2026-07-24T13:35:36Z</time><speed>0.273</speed><sat>19</sat></trkpt>
  <trkpt lat="26.42272167" lon="-80.15323167"><ele>15.402</ele><time>2026-07-24T13:35:37Z</time><speed>0.313</speed><sat>19</sat></trkpt>
  <trkpt lat="26.42271833" lon="-80.15323333"><ele>15.402</ele><time>2026-07-24T13:35:38Z</time><speed>0.000</speed><sat>19</sat></trkpt>
  <trkpt lat="26.42271667" lon="-80.15323833"><ele>15.402</ele><time>2026-07-24T13:35:39Z</time><speed>0.000</speed><sat>19</sat></trkpt>
  <trkpt lat="26.42271500" lon="-80.15324667"><ele>15.502</ele><time>2026-07-24T13:35:40Z</time><speed>0.423</speed><sat>19</sat></trkpt>
  <trkpt lat="26.42271167" lon="-80.15325000"><ele>15.502</ele><time>2026-07-24T13:35:41Z</time><speed>0.462</speed><sat>19</sat></trkpt>
  <trkpt lat="26.42270667" lon="-80.15325000"><ele>15.602</ele><time>2026-07-24T13:35:42Z</time><speed>0.475</speed><sat>19</sat></trkpt>
  <trkpt lat="26.42270500" lon="-80.15325167"><ele>15.602</ele><time>2026-07-24T13:35:43Z</time><speed>0.436</speed><sat>19</sat></trkpt>
  <trkpt lat="26.42270000" lon="-80.15325000"><ele>15.702</ele><time>2026-07-24T13:35:44Z</time><speed>0.437</speed><sat>19</sat></trkpt>
  <trkpt lat="26.42269833" lon="-80.15325167"><ele>15.602</ele><time>2026-07-24T13:35:45Z</time><speed>0.413</speed><sat>18</sat></trkpt>
  <trkpt lat="26.42269833" lon="-80.15325167"><ele>15.902</ele><time>2026-07-24T13:35:46Z</time><speed>0.000</speed><sat>18</sat></trkpt>
  <trkpt lat="26.42269667" lon="-80.15325167"><ele>16.102</ele><time>2026-07-24T13:35:47Z</time><speed>0.000</speed><sat>19</sat></trkpt>
  <trkpt lat="26.42269333" lon="-80.15325333"><ele>16.402</ele><time>2026-07-24T13:35:48Z</time><speed>0.000</speed><sat>19</sat></trkpt>
  <trkpt lat="26.42269333" lon="-80.15325333"><ele>16.402</ele><time>2026-07-24T13:35:49Z</time><speed>0.000</speed><sat>19</sat></trkpt>
  <trkpt lat="26.42269333" lon="-80.15325333"><ele>16.402</ele><time>2026-07-24T13:35:50Z</time><speed>0.000</speed><sat>19</sat></trkpt>
  <trkpt lat="26.42269333" lon="-80.15325333"><ele>16.402</ele><time>2026-07-24T13:35:51Z</time><speed>0.000</speed><sat>19</sat></trkpt>
  <trkpt lat="26.42269333" lon="-80.15325333"><ele>16.402</ele><time>2026-07-24T13:35:52Z</time><speed>0.000</speed><sat>19</sat></trkpt>
  <trkpt lat="26.42269333" lon="-80.15325333"><ele>16.402</ele><time>2026-07-24T13:35:53Z</time><speed>0.000</speed><sat>19</sat></trkpt>
  <trkpt lat="26.42269333" lon="-80.15325333"><ele>16.402</ele><time>2026-07-24T13:35:54Z</time><speed>0.000</speed><sat>19</sat></trkpt>
  <trkpt lat="26.42269333" lon="-80.15325333"><ele>16.402</ele><time>2026-07-24T13:35:55Z</time><speed>0.000</speed><sat>19</sat></trkpt>
  <trkpt lat="26.42269333" lon="-80.15325333"><ele>16.402</ele><time>2026-07-24T13:35:56Z</time><speed>0.000</speed><sat>19</sat></trkpt>
  <trkpt lat="26.42269333" lon="-80.15325333"><ele>16.402</ele><time>2026-07-24T13:35:57Z</time><speed>0.000</speed><sat>19</sat></trkpt>
  <trkpt lat="26.42269333" lon="-80.15325333"><ele>16.402</ele><time>2026-07-24T13:35:58Z</time><speed>0.000</speed><sat>18</sat></trkpt>
  <trkpt lat="26.42269333" lon="-80.15325333"><ele>16.402</ele><time>2026-07-24T13:35:59Z</time><speed>0.000</speed><sat>18</sat></trkpt>
  <trkpt lat="26.42269333" lon="-80.15325333"><ele>16.402</ele><time>2026-07-24T13:36:00Z</time><speed>0.000</speed><sat>18</sat></trkpt>
  <trkpt lat="26.42269333" lon="-80.15325333"><ele>16.402</ele><time>2026-07-24T13:36:01Z</time><speed>0.000</speed><sat>18</sat></trkpt>
  <trkpt lat="26.42269333" lon="-80.15325333"><ele>16.402</ele><time>2026-07-24T13:36:02Z</time><speed>0.000</speed><sat>18</sat></trkpt>
  <trkpt lat="26.42269333" lon="-80.15325333"><ele>16.402</ele><time>2026-07-24T13:36:03Z</time><speed>0.000</speed><sat>18</sat></trkpt>
  <trkpt lat="26.42269333" lon="-80.15325333"><ele>16.402</ele><time>2026-07-24T13:36:04Z</time><speed>0.000</speed><sat>18</sat></trkpt>
  <trkpt lat="26.42269333" lon="-80.15325333"><ele>16.402</ele><time>2026-07-24T13:36:05Z</time><speed>0.000</speed><sat>18</sat></trkpt>
  <trkpt lat="26.42269333" lon="-80.15325333"><ele>16.402</ele><time>2026-07-24T13:36:06Z</time><speed>0.000</speed><sat>18</sat></trkpt>
  <trkpt lat="26.42269333" lon="-80.15325333"><ele>16.402</ele><time>2026-07-24T13:36:07Z</time><speed>0.000</speed><sat>18</sat></trkpt>
  <trkpt lat="26.42269333" lon="-80.15325333"><ele>16.402</ele><time>2026-07-24T13:36:08Z</time><speed>0.000</speed><sat>18</sat></trkpt>
  <trkpt lat="26.42269333" lon="-80.15325333"><ele>16.402</ele><time>2026-07-24T13:36:09Z</time><speed>0.000</speed><sat>17</sat></trkpt>
  <trkpt lat="26.42269333" lon="-80.15325333"><ele>16.402</ele><time>2026-07-24T13:36:10Z</time><speed>0.000</speed><sat>17</sat></trkpt>
  <trkpt lat="26.42269333" lon="-80.15325333"><ele>16.402</ele><time>2026-07-24T13:36:11Z</time><speed>0.000</speed><sat>17</sat></trkpt>
  <trkpt lat="26.42269333" lon="-80.15325333"><ele>16.402</ele><time>2026-07-24T13:36:12Z</time><speed>0.000</speed><sat>17</sat></trkpt>
  <trkpt lat="26.42269333" lon="-80.15325333"><ele>16.402</ele><time>2026-07-24T13:36:13Z</time><speed>0.000</speed><sat>17</sat></trkpt>
  <trkpt lat="26.42269333" lon="-80.15325333"><ele>16.402</ele><time>2026-07-24T13:36:14Z</time><speed>0.000</speed><sat>17</sat></trkpt>
  <trkpt lat="26.42269333" lon="-80.15325333"><ele>16.402</ele><time>2026-07-24T13:36:15Z</time><speed>0.000</speed><sat>19</sat></trkpt>
  <trkpt lat="26.42269333" lon="-80.15325333"><ele>16.402</ele><time>2026-07-24T13:36:16Z</time><speed>0.000</speed><sat>18</sat></trkpt>
  <trkpt lat="26.42269333" lon="-80.15325333"><ele>16.402</ele><time>2026-07-24T13:36:17Z</time><speed>0.000</speed><sat>19</sat></trkpt>
  <trkpt lat="26.42269333" lon="-80.15325333"><ele>16.402</ele><time>2026-07-24T13:36:18Z</time><speed>0.000</speed><sat>19</sat></trkpt>
  <trkpt lat="26.42269333" lon="-80.15325333"><ele>16.402</ele><time>2026-07-24T13:36:19Z</time><speed>0.000</speed><sat>19</sat></trkpt>
  <trkpt lat="26.42269333" lon="-80.15325333"><ele>16.402</ele><time>2026-07-24T13:36:20Z</time><speed>0.000</speed><sat>18</sat></trkpt>
  <trkpt lat="26.42269333" lon="-80.15325333"><ele>16.402</ele><time>2026-07-24T13:36:21Z</time><speed>0.000</speed><sat>18</sat></trkpt>
  <trkpt lat="26.42269667" lon="-80.15327000"><ele>14.702</ele><time>2026-07-24T13:36:22Z</time><speed>0.203</speed><sat>19</sat></trkpt>
  <trkpt lat="26.42269667" lon="-80.15325833"><ele>14.602</ele><time>2026-07-24T13:36:23Z</time><speed>0.305</speed><sat>19</sat></trkpt>
  <trkpt lat="26.42270000" lon="-80.15324167"><ele>14.602</ele><time>2026-07-24T13:36:24Z</time><speed>0.424</speed><sat>19</sat></trkpt>
  <trkpt lat="26.42271000" lon="-80.15323500"><ele>14.802</ele><time>2026-07-24T13:36:25Z</time><speed>0.534</speed><sat>19</sat></trkpt>
  <trkpt lat="26.42272500" lon="-80.15323000"><ele>14.902</ele><time>2026-07-24T13:36:26Z</time><speed>0.653</speed><sat>19</sat></trkpt>
  <trkpt lat="26.42274167" lon="-80.15323167"><ele>15.202</ele><time>2026-07-24T13:36:27Z</time><speed>0.758</speed><sat>19</sat></trkpt>
  <trkpt lat="26.42275167" lon="-80.15322500"><ele>15.602</ele><time>2026-07-24T13:36:28Z</time><speed>0.862</speed><sat>19</sat></trkpt>
  <trkpt lat="26.42276667" lon="-80.15321667"><ele>15.602</ele><time>2026-07-24T13:36:29Z</time><speed>1.003</speed><sat>19</sat></trkpt>
  <trkpt lat="26.42278000" lon="-80.15321500"><ele>15.602</ele><time>2026-07-24T13:36:30Z</time><speed>1.114</speed><sat>19</sat></trkpt>
  <trkpt lat="26.42279333" lon="-80.15321333"><ele>15.402</ele><time>2026-07-24T13:36:31Z</time><speed>1.190</speed><sat>19</sat></trkpt>
  <trkpt lat="26.42280667" lon="-80.15321000"><ele>14.802</ele><time>2026-07-24T13:36:32Z</time><speed>1.252</speed><sat>19</sat></trkpt>
  <trkpt lat="26.42282000" lon="-80.15320667"><ele>14.402</ele><time>2026-07-24T13:36:33Z</time><speed>1.271</speed><sat>19</sat></trkpt>
  <trkpt lat="26.42283000" lon="-80.15321167"><ele>14.102</ele><time>2026-07-24T13:36:34Z</time><speed>1.252</speed><sat>19</sat></trkpt>
  <trkpt lat="26.42284333" lon="-80.15322000"><ele>14.402</ele><time>2026-07-24T13:36:35Z</time><speed>1.249</speed><sat>19</sat></trkpt>
  <trkpt lat="26.42285833" lon="-80.15322500"><ele>14.402</ele><time>2026-07-24T13:36:36Z</time><speed>1.239</speed><sat>19</sat></trkpt>
  <trkpt lat="26.42287167" lon="-80.15322500"><ele>14.402</ele><time>2026-07-24T13:36:37Z</time><speed>1.229</speed><sat>19</sat></trkpt>
  <trkpt lat="26.42288500" lon="-80.15323333"><ele>13.902</ele><time>2026-07-24T13:36:38Z</time><speed>1.266</speed><sat>19</sat></trkpt>
  <trkpt lat="26.42289500" lon="-80.15323667"><ele>13.202</ele><time>2026-07-24T13:36:39Z</time><speed>1.232</speed><sat>19</sat></trkpt>
  <trkpt lat="26.42290500" lon="-80.15323833"><ele>12.502</ele><time>2026-07-24T13:36:40Z</time><speed>1.210</speed><sat>19</sat></trkpt>
  <trkpt lat="26.42291333" lon="-80.15324333"><ele>12.102</ele><time>2026-07-24T13:36:41Z</time><speed>1.169</speed><sat>19</sat></trkpt>
  <trkpt lat="26.42292500" lon="-80.15324000"><ele>12.102</ele><time>2026-07-24T13:36:42Z</time><speed>1.121</speed><sat>19</sat></trkpt>
  <trkpt lat="26.42293333" lon="-80.15323667"><ele>12.202</ele><time>2026-07-24T13:36:43Z</time><speed>1.089</speed><sat>19</sat></trkpt>
  <trkpt lat="26.42294333" lon="-80.15323333"><ele>12.202</ele><time>2026-07-24T13:36:44Z</time><speed>1.068</speed><sat>19</sat></trkpt>
  <trkpt lat="26.42295333" lon="-80.15323000"><ele>12.002</ele><time>2026-07-24T13:36:45Z</time><speed>1.064</speed><sat>19</sat></trkpt>
  <trkpt lat="26.42296333" lon="-80.15322500"><ele>12.002</ele><time>2026-07-24T13:36:46Z</time><speed>1.053</speed><sat>19</sat></trkpt>
  <trkpt lat="26.42297333" lon="-80.15322333"><ele>12.302</ele><time>2026-07-24T13:36:47Z</time><speed>1.033</speed><sat>18</sat></trkpt>
  <trkpt lat="26.42298500" lon="-80.15322167"><ele>12.302</ele><time>2026-07-24T13:36:48Z</time><speed>0.960</speed><sat>18</sat></trkpt>
  <trkpt lat="26.42299833" lon="-80.15321667"><ele>12.102</ele><time>2026-07-24T13:36:49Z</time><speed>0.959</speed><sat>18</sat></trkpt>
  <trkpt lat="26.42301500" lon="-80.15321000"><ele>11.402</ele><time>2026-07-24T13:36:50Z</time><speed>0.935</speed><sat>18</sat></trkpt>
  <trkpt lat="26.42302500" lon="-80.15320500"><ele>11.502</ele><time>2026-07-24T13:36:51Z</time><speed>0.930</speed><sat>18</sat></trkpt>
  <trkpt lat="26.42303333" lon="-80.15320167"><ele>11.702</ele><time>2026-07-24T13:36:52Z</time><speed>0.930</speed><sat>18</sat></trkpt>
  <trkpt lat="26.42304167" lon="-80.15319667"><ele>11.702</ele><time>2026-07-24T13:36:53Z</time><speed>0.971</speed><sat>18</sat></trkpt>
  <trkpt lat="26.42305167" lon="-80.15319500"><ele>11.402</ele><time>2026-07-24T13:36:54Z</time><speed>0.999</speed><sat>18</sat></trkpt>
  <trkpt lat="26.42306167" lon="-80.15320000"><ele>11.102</ele><time>2026-07-24T13:36:55Z</time><speed>0.981</speed><sat>18</sat></trkpt>
  <trkpt lat="26.42306667" lon="-80.15320667"><ele>11.202</ele><time>2026-07-24T13:36:56Z</time><speed>0.987</speed><sat>18</sat></trkpt>
  <trkpt lat="26.42307333" lon="-80.15321167"><ele>11.102</ele><time>2026-07-24T13:36:57Z</time><speed>1.026</speed><sat>17</sat></trkpt>
  <trkpt lat="26.42308000" lon="-80.15320667"><ele>11.402</ele><time>2026-07-24T13:36:58Z</time><speed>1.062</speed><sat>16</sat></trkpt>
  <trkpt lat="26.42309167" lon="-80.15320333"><ele>12.702</ele><time>2026-07-24T13:36:59Z</time><speed>1.081</speed><sat>16</sat></trkpt>
  <trkpt lat="26.42310500" lon="-80.15320667"><ele>13.102</ele><time>2026-07-24T13:37:00Z</time><speed>1.134</speed><sat>16</sat></trkpt>
  <trkpt lat="26.42312500" lon="-80.15321500"><ele>13.302</ele><time>2026-07-24T13:37:01Z</time><speed>1.213</speed><sat>16</sat></trkpt>
  <trkpt lat="26.42314167" lon="-80.15322500"><ele>12.702</ele><time>2026-07-24T13:37:02Z</time><speed>1.238</speed><sat>16</sat></trkpt>
  <trkpt lat="26.42315500" lon="-80.15322833"><ele>12.402</ele><time>2026-07-24T13:37:03Z</time><speed>1.259</speed><sat>16</sat></trkpt>
  <trkpt lat="26.42317000" lon="-80.15323333"><ele>11.702</ele><time>2026-07-24T13:37:04Z</time><speed>1.292</speed><sat>16</sat></trkpt>
  <trkpt lat="26.42318333" lon="-80.15322833"><ele>11.202</ele><time>2026-07-24T13:37:05Z</time><speed>1.318</speed><sat>16</sat></trkpt>
  <trkpt lat="26.42319833" lon="-80.15322667"><ele>10.502</ele><time>2026-07-24T13:37:06Z</time><speed>1.317</speed><sat>16</sat></trkpt>
  <trkpt lat="26.42321000" lon="-80.15323000"><ele>10.202</ele><time>2026-07-24T13:37:07Z</time><speed>1.282</speed><sat>16</sat></trkpt>
  <trkpt lat="26.42322167" lon="-80.15323167"><ele>9.702</ele><time>2026-07-24T13:37:08Z</time><speed>1.248</speed><sat>17</sat></trkpt>
  <trkpt lat="26.42322833" lon="-80.15323000"><ele>9.802</ele><time>2026-07-24T13:37:09Z</time><speed>1.219</speed><sat>17</sat></trkpt>
  <trkpt lat="26.42323833" lon="-80.15322833"><ele>10.102</ele><time>2026-07-24T13:37:10Z</time><speed>1.189</speed><sat>17</sat></trkpt>
  <trkpt lat="26.42324833" lon="-80.15322667"><ele>10.302</ele><time>2026-07-24T13:37:11Z</time><speed>1.120</speed><sat>17</sat></trkpt>
  <trkpt lat="26.42326000" lon="-80.15322500"><ele>10.002</ele><time>2026-07-24T13:37:12Z</time><speed>1.100</speed><sat>17</sat></trkpt>
  <trkpt lat="26.42327333" lon="-80.15322000"><ele>9.902</ele><time>2026-07-24T13:37:13Z</time><speed>1.094</speed><sat>18</sat></trkpt>
  <trkpt lat="26.42328333" lon="-80.15321167"><ele>10.002</ele><time>2026-07-24T13:37:14Z</time><speed>1.039</speed><sat>17</sat></trkpt>
  <trkpt lat="26.42329167" lon="-80.15320833"><ele>10.102</ele><time>2026-07-24T13:37:15Z</time><speed>1.078</speed><sat>17</sat></trkpt>
  <trkpt lat="26.42330000" lon="-80.15319167"><ele>10.103</ele><time>2026-07-24T13:37:16Z</time><speed>1.164</speed><sat>17</sat></trkpt>
  <trkpt lat="26.42330333" lon="-80.15317500"><ele>9.003</ele><time>2026-07-24T13:37:17Z</time><speed>1.268</speed><sat>17</sat></trkpt>
  <trkpt lat="26.42331000" lon="-80.15316000"><ele>8.903</ele><time>2026-07-24T13:37:18Z</time><speed>1.314</speed><sat>17</sat></trkpt>
  <trkpt lat="26.42331000" lon="-80.15315000"><ele>9.203</ele><time>2026-07-24T13:37:19Z</time><speed>1.344</speed><sat>17</sat></trkpt>
  <trkpt lat="26.42331167" lon="-80.15314167"><ele>9.203</ele><time>2026-07-24T13:37:20Z</time><speed>1.330</speed><sat>17</sat></trkpt>
  <trkpt lat="26.42331667" lon="-80.15313333"><ele>9.003</ele><time>2026-07-24T13:37:21Z</time><speed>1.381</speed><sat>17</sat></trkpt>
  <trkpt lat="26.42332167" lon="-80.15312000"><ele>9.003</ele><time>2026-07-24T13:37:22Z</time><speed>1.429</speed><sat>17</sat></trkpt>
  <trkpt lat="26.42332000" lon="-80.15310833"><ele>9.003</ele><time>2026-07-24T13:37:23Z</time><speed>1.392</speed><sat>17</sat></trkpt>
  <trkpt lat="26.42332000" lon="-80.15309667"><ele>9.103</ele><time>2026-07-24T13:37:24Z</time><speed>1.414</speed><sat>17</sat></trkpt>
  <trkpt lat="26.42332500" lon="-80.15309000"><ele>9.103</ele><time>2026-07-24T13:37:25Z</time><speed>1.352</speed><sat>17</sat></trkpt>
  <trkpt lat="26.42333167" lon="-80.15307833"><ele>9.003</ele><time>2026-07-24T13:37:26Z</time><speed>1.299</speed><sat>16</sat></trkpt>
  <trkpt lat="26.42333833" lon="-80.15306333"><ele>8.903</ele><time>2026-07-24T13:37:27Z</time><speed>1.273</speed><sat>15</sat></trkpt>
  <trkpt lat="26.42334333" lon="-80.15304500"><ele>8.803</ele><time>2026-07-24T13:37:28Z</time><speed>1.296</speed><sat>15</sat></trkpt>
  <trkpt lat="26.42335667" lon="-80.15303167"><ele>9.003</ele><time>2026-07-24T13:37:29Z</time><speed>1.285</speed><sat>17</sat></trkpt>
  <trkpt lat="26.42336667" lon="-80.15302167"><ele>9.303</ele><time>2026-07-24T13:37:30Z</time><speed>1.337</speed><sat>17</sat></trkpt>
  <trkpt lat="26.42337333" lon="-80.15301000"><ele>9.803</ele><time>2026-07-24T13:37:31Z</time><speed>1.282</speed><sat>18</sat></trkpt>
  <trkpt lat="26.42337500" lon="-80.15299667"><ele>10.103</ele><time>2026-07-24T13:37:32Z</time><speed>1.219</speed><sat>18</sat></trkpt>
  <trkpt lat="26.42338000" lon="-80.15298833"><ele>10.303</ele><time>2026-07-24T13:37:33Z</time><speed>1.192</speed><sat>18</sat></trkpt>
  <trkpt lat="26.42338500" lon="-80.15297667"><ele>10.303</ele><time>2026-07-24T13:37:34Z</time><speed>1.185</speed><sat>18</sat></trkpt>
  <trkpt lat="26.42338833" lon="-80.15296500"><ele>10.304</ele><time>2026-07-24T13:37:35Z</time><speed>1.232</speed><sat>18</sat></trkpt>
  <trkpt lat="26.42339667" lon="-80.15295167"><ele>10.504</ele><time>2026-07-24T13:37:36Z</time><speed>1.244</speed><sat>18</sat></trkpt>
  <trkpt lat="26.42340333" lon="-80.15294000"><ele>10.804</ele><time>2026-07-24T13:37:37Z</time><speed>1.182</speed><sat>18</sat></trkpt>
  <trkpt lat="26.42340833" lon="-80.15292833"><ele>11.104</ele><time>2026-07-24T13:37:38Z</time><speed>1.173</speed><sat>18</sat></trkpt>
  <trkpt lat="26.42341333" lon="-80.15291333"><ele>11.304</ele><time>2026-07-24T13:37:39Z</time><speed>1.155</speed><sat>18</sat></trkpt>
  <trkpt lat="26.42341833" lon="-80.15290500"><ele>11.304</ele><time>2026-07-24T13:37:40Z</time><speed>1.115</speed><sat>18</sat></trkpt>
  <trkpt lat="26.42342833" lon="-80.15289167"><ele>11.404</ele><time>2026-07-24T13:37:41Z</time><speed>1.170</speed><sat>18</sat></trkpt>
  <trkpt lat="26.42343500" lon="-80.15288167"><ele>11.804</ele><time>2026-07-24T13:37:42Z</time><speed>1.219</speed><sat>18</sat></trkpt>
  <trkpt lat="26.42344333" lon="-80.15287167"><ele>11.604</ele><time>2026-07-24T13:37:43Z</time><speed>1.212</speed><sat>18</sat></trkpt>
  <trkpt lat="26.42344667" lon="-80.15286000"><ele>11.804</ele><time>2026-07-24T13:37:44Z</time><speed>1.227</speed><sat>18</sat></trkpt>
  <trkpt lat="26.42345167" lon="-80.15284500"><ele>11.304</ele><time>2026-07-24T13:37:45Z</time><speed>1.197</speed><sat>18</sat></trkpt>
  <trkpt lat="26.42345667" lon="-80.15283333"><ele>11.304</ele><time>2026-07-24T13:37:46Z</time><speed>1.161</speed><sat>18</sat></trkpt>
  <trkpt lat="26.42346333" lon="-80.15282500"><ele>11.504</ele><time>2026-07-24T13:37:47Z</time><speed>1.152</speed><sat>18</sat></trkpt>
  <trkpt lat="26.42346667" lon="-80.15281667"><ele>11.604</ele><time>2026-07-24T13:37:48Z</time><speed>1.123</speed><sat>18</sat></trkpt>
  <trkpt lat="26.42347167" lon="-80.15280833"><ele>11.904</ele><time>2026-07-24T13:37:49Z</time><speed>1.158</speed><sat>18</sat></trkpt>
  <trkpt lat="26.42347667" lon="-80.15279667"><ele>12.004</ele><time>2026-07-24T13:37:50Z</time><speed>1.174</speed><sat>17</sat></trkpt>
  <trkpt lat="26.42349000" lon="-80.15278833"><ele>12.004</ele><time>2026-07-24T13:37:51Z</time><speed>1.158</speed><sat>17</sat></trkpt>
  <trkpt lat="26.42350667" lon="-80.15278833"><ele>11.504</ele><time>2026-07-24T13:37:52Z</time><speed>1.161</speed><sat>17</sat></trkpt>
  <trkpt lat="26.42352167" lon="-80.15278833"><ele>11.504</ele><time>2026-07-24T13:37:53Z</time><speed>1.246</speed><sat>18</sat></trkpt>
  <trkpt lat="26.42353167" lon="-80.15279000"><ele>11.404</ele><time>2026-07-24T13:37:54Z</time><speed>1.279</speed><sat>18</sat></trkpt>
  <trkpt lat="26.42354000" lon="-80.15279667"><ele>10.904</ele><time>2026-07-24T13:37:55Z</time><speed>1.258</speed><sat>18</sat></trkpt>
  <trkpt lat="26.42354833" lon="-80.15279833"><ele>11.004</ele><time>2026-07-24T13:37:56Z</time><speed>1.259</speed><sat>18</sat></trkpt>
  <trkpt lat="26.42356167" lon="-80.15279833"><ele>11.204</ele><time>2026-07-24T13:37:57Z</time><speed>1.289</speed><sat>19</sat></trkpt>
  <trkpt lat="26.42357333" lon="-80.15280167"><ele>11.504</ele><time>2026-07-24T13:37:58Z</time><speed>1.274</speed><sat>19</sat></trkpt>
  <trkpt lat="26.42358500" lon="-80.15280167"><ele>11.604</ele><time>2026-07-24T13:37:59Z</time><speed>1.257</speed><sat>19</sat></trkpt>
  <trkpt lat="26.42359500" lon="-80.15280333"><ele>11.804</ele><time>2026-07-24T13:38:00Z</time><speed>1.281</speed><sat>19</sat></trkpt>
  <trkpt lat="26.42360667" lon="-80.15280333"><ele>12.204</ele><time>2026-07-24T13:38:01Z</time><speed>1.279</speed><sat>19</sat></trkpt>
  <trkpt lat="26.42361667" lon="-80.15280500"><ele>12.604</ele><time>2026-07-24T13:38:02Z</time><speed>1.242</speed><sat>19</sat></trkpt>
  <trkpt lat="26.42362667" lon="-80.15280333"><ele>13.004</ele><time>2026-07-24T13:38:03Z</time><speed>1.176</speed><sat>19</sat></trkpt>
  <trkpt lat="26.42363333" lon="-80.15280000"><ele>12.904</ele><time>2026-07-24T13:38:04Z</time><speed>1.120</speed><sat>19</sat></trkpt>
  <trkpt lat="26.42364000" lon="-80.15280000"><ele>12.804</ele><time>2026-07-24T13:38:05Z</time><speed>1.108</speed><sat>18</sat></trkpt>
  <trkpt lat="26.42364167" lon="-80.15280333"><ele>12.804</ele><time>2026-07-24T13:38:06Z</time><speed>1.008</speed><sat>18</sat></trkpt>
  <trkpt lat="26.42364167" lon="-80.15280667"><ele>12.704</ele><time>2026-07-24T13:38:07Z</time><speed>0.907</speed><sat>18</sat></trkpt>
  <trkpt lat="26.42364833" lon="-80.15280667"><ele>12.804</ele><time>2026-07-24T13:38:08Z</time><speed>0.865</speed><sat>18</sat></trkpt>
  <trkpt lat="26.42365333" lon="-80.15281000"><ele>12.804</ele><time>2026-07-24T13:38:09Z</time><speed>0.800</speed><sat>17</sat></trkpt>
  <trkpt lat="26.42365833" lon="-80.15281167"><ele>13.104</ele><time>2026-07-24T13:38:10Z</time><speed>0.709</speed><sat>17</sat></trkpt>
  <trkpt lat="26.42366167" lon="-80.15281333"><ele>13.304</ele><time>2026-07-24T13:38:11Z</time><speed>0.655</speed><sat>18</sat></trkpt>
  <trkpt lat="26.42366333" lon="-80.15281500"><ele>13.404</ele><time>2026-07-24T13:38:12Z</time><speed>0.595</speed><sat>18</sat></trkpt>
  <trkpt lat="26.42366333" lon="-80.15281833"><ele>13.204</ele><time>2026-07-24T13:38:13Z</time><speed>0.514</speed><sat>18</sat></trkpt>
  <trkpt lat="26.42367000" lon="-80.15282000"><ele>12.904</ele><time>2026-07-24T13:38:14Z</time><speed>0.449</speed><sat>17</sat></trkpt>
  <trkpt lat="26.42367667" lon="-80.15282167"><ele>12.604</ele><time>2026-07-24T13:38:15Z</time><speed>0.408</speed><sat>17</sat></trkpt>
  <trkpt lat="26.42367833" lon="-80.15282333"><ele>12.204</ele><time>2026-07-24T13:38:16Z</time><speed>0.410</speed><sat>17</sat></trkpt>
  <trkpt lat="26.42368333" lon="-80.15282667"><ele>11.704</ele><time>2026-07-24T13:38:17Z</time><speed>0.000</speed><sat>17</sat></trkpt>
  <trkpt lat="26.42368833" lon="-80.15282500"><ele>11.404</ele><time>2026-07-24T13:38:18Z</time><speed>0.000</speed><sat>17</sat></trkpt>
  <trkpt lat="26.42369167" lon="-80.15282500"><ele>11.304</ele><time>2026-07-24T13:38:19Z</time><speed>0.000</speed><sat>16</sat></trkpt>
  <trkpt lat="26.42369167" lon="-80.15282500"><ele>11.304</ele><time>2026-07-24T13:38:20Z</time><speed>0.000</speed><sat>18</sat></trkpt>
  <trkpt lat="26.42369167" lon="-80.15282500"><ele>11.304</ele><time>2026-07-24T13:38:21Z</time><speed>0.000</speed><sat>18</sat></trkpt>
  <trkpt lat="26.42369167" lon="-80.15282500"><ele>11.304</ele><time>2026-07-24T13:38:22Z</time><speed>0.000</speed><sat>17</sat></trkpt>
  <trkpt lat="26.42369167" lon="-80.15282500"><ele>11.304</ele><time>2026-07-24T13:38:23Z</time><speed>0.000</speed><sat>17</sat></trkpt>
  <trkpt lat="26.42369167" lon="-80.15282500"><ele>11.304</ele><time>2026-07-24T13:38:24Z</time><speed>0.000</speed><sat>17</sat></trkpt>
  <trkpt lat="26.42369167" lon="-80.15282500"><ele>11.304</ele><time>2026-07-24T13:38:25Z</time><speed>0.000</speed><sat>17</sat></trkpt>
  <trkpt lat="26.42369167" lon="-80.15282500"><ele>11.304</ele><time>2026-07-24T13:38:26Z</time><speed>0.000</speed><sat>17</sat></trkpt>
  <trkpt lat="26.42369167" lon="-80.15282500"><ele>11.304</ele><time>2026-07-24T13:38:27Z</time><speed>0.000</speed><sat>16</sat></trkpt>
  <trkpt lat="26.42369167" lon="-80.15282500"><ele>11.304</ele><time>2026-07-24T13:38:28Z</time><speed>0.000</speed><sat>17</sat></trkpt>
  <trkpt lat="26.42369167" lon="-80.15282500"><ele>11.304</ele><time>2026-07-24T13:38:29Z</time><speed>0.000</speed><sat>17</sat></trkpt>
  <trkpt lat="26.42369167" lon="-80.15282500"><ele>11.304</ele><time>2026-07-24T13:38:30Z</time><speed>0.000</speed><sat>17</sat></trkpt>
  <trkpt lat="26.42369167" lon="-80.15282500"><ele>11.304</ele><time>2026-07-24T13:38:31Z</time><speed>0.000</speed><sat>17</sat></trkpt>
  <trkpt lat="26.42369167" lon="-80.15282500"><ele>11.304</ele><time>2026-07-24T13:38:32Z</time><speed>0.000</speed><sat>17</sat></trkpt>
  <trkpt lat="26.42369167" lon="-80.15282500"><ele>11.304</ele><time>2026-07-24T13:38:33Z</time><speed>0.000</speed><sat>17</sat></trkpt>
  <trkpt lat="26.42369167" lon="-80.15282500"><ele>11.304</ele><time>2026-07-24T13:38:34Z</time><speed>0.000</speed><sat>17</sat></trkpt>
  <trkpt lat="26.42369167" lon="-80.15282500"><ele>11.304</ele><time>2026-07-24T13:38:35Z</time><speed>0.000</speed><sat>17</sat></trkpt>
  <trkpt lat="26.42369167" lon="-80.15282500"><ele>11.304</ele><time>2026-07-24T13:38:36Z</time><speed>0.000</speed><sat>17</sat></trkpt>
  <trkpt lat="26.42369167" lon="-80.15282500"><ele>11.304</ele><time>2026-07-24T13:38:37Z</time><speed>0.000</speed><sat>17</sat></trkpt>
  <trkpt lat="26.42369167" lon="-80.15282500"><ele>11.304</ele><time>2026-07-24T13:38:38Z</time><speed>0.000</speed><sat>17</sat></trkpt>
  <trkpt lat="26.42369167" lon="-80.15282500"><ele>11.304</ele><time>2026-07-24T13:38:39Z</time><speed>0.000</speed><sat>17</sat></trkpt>
  <trkpt lat="26.42369167" lon="-80.15282500"><ele>11.304</ele><time>2026-07-24T13:38:40Z</time><speed>0.000</speed><sat>17</sat></trkpt>
  <trkpt lat="26.42369667" lon="-80.15281500"><ele>12.604</ele><time>2026-07-24T13:38:41Z</time><speed>0.278</speed><sat>17</sat></trkpt>
  <trkpt lat="26.42370333" lon="-80.15281833"><ele>12.604</ele><time>2026-07-24T13:38:42Z</time><speed>0.308</speed><sat>17</sat></trkpt>
  <trkpt lat="26.42371000" lon="-80.15282167"><ele>12.804</ele><time>2026-07-24T13:38:43Z</time><speed>0.362</speed><sat>17</sat></trkpt>
  <trkpt lat="26.42371000" lon="-80.15282333"><ele>12.804</ele><time>2026-07-24T13:38:44Z</time><speed>0.000</speed><sat>17</sat></trkpt>
  <trkpt lat="26.42371000" lon="-80.15282333"><ele>12.604</ele><time>2026-07-24T13:38:45Z</time><speed>0.000</speed><sat>17</sat></trkpt>
  <trkpt lat="26.42371333" lon="-80.15282500"><ele>12.504</ele><time>2026-07-24T13:38:46Z</time><speed>0.403</speed><sat>18</sat></trkpt>
  <trkpt lat="26.42371167" lon="-80.15282667"><ele>12.404</ele><time>2026-07-24T13:38:47Z</time><speed>0.000</speed><sat>18</sat></trkpt>
  <trkpt lat="26.42371167" lon="-80.15282667"><ele>12.304</ele><time>2026-07-24T13:38:48Z</time><speed>0.000</speed><sat>18</sat></trkpt>
  <trkpt lat="26.42371167" lon="-80.15282833"><ele>12.304</ele><time>2026-07-24T13:38:49Z</time><speed>0.000</speed><sat>18</sat></trkpt>
  <trkpt lat="26.42371167" lon="-80.15282833"><ele>12.304</ele><time>2026-07-24T13:38:50Z</time><speed>0.000</speed><sat>18</sat></trkpt>
  <trkpt lat="26.42371167" lon="-80.15282833"><ele>12.304</ele><time>2026-07-24T13:38:51Z</time><speed>0.000</speed><sat>18</sat></trkpt>
  <trkpt lat="26.42371167" lon="-80.15282833"><ele>12.304</ele><time>2026-07-24T13:38:52Z</time><speed>0.000</speed><sat>18</sat></trkpt>
 </trkseg>
</trk>

</gpx>
 