type,date time,latitude,longitude,accuracy(m),altitude(m),geoid_height(m),speed(m/s),bearing(deg),sat_used,sat_inview,name,desc
W,2026-07-18 17:31:32.000,26.41656333,-80.17017667,1.50,30.929,-27.729,0.044,1,14,17,,Site3
W,2026-07-18 17:54:04.000,26.41455167,-80.16273833,1.80,20.758,-27.758,0.000,,14,18,,Site4
T,2026-07-18 17:31:27.000,26.41655667,-80.17019500,2.00,32.129,-27.729,0.162,58,12,17,20260718-133127,GPS Logger: 20260718-133127 - ST-3-4
T,2026-07-18 17:31:28.000,26.41656000,-80.17019167,1.80,31.829,-27.729,0.046,149,12,17,,
T,2026-07-18 17:31:29.000,26.41656000,-80.17018667,1.70,31.529,-27.729,0.066,67,14,17,,
T,2026-07-18 17:31:30.000,26.41656000,-80.17018333,1.60,31.329,-27.729,0.097,116,14,17,,
T,2026-07-18 17:31:31.000,26.41656167,-80.17017833,1.50,31.129,-27.729,0.065,73,14,17,,
T,2026-07-18 17:31:32.000,26.41656333,-80.17017667,1.50,30.929,-27.729,0.044,1,14,17,,
T,2026-07-18 17:31:33.000,26.41656500,-80.17017333,1.50,30.829,-27.729,0.126,291,14,17,,
T,2026-07-18 17:31:34.000,26.41656667,-80.17017167,1.40,30.729,-27.729,0.047,349,14,17,,
T,2026-07-18 17:31:35.000,26.41656833,-80.17016833,1.40,30.729,-27.729,0.164,27,14,17,,
T,2026-07-18 17:31:36.000,26.41657000,-80.17016667,1.40,30.729,-27.729,0.085,12,14,17,,
T,2026-07-18 17:31:37.000,26.41657167,-80.17016500,1.40,30.729,-27.729,0.073,73,14,17,,
T,2026-07-18 17:31:38.000,26.41657167,-80.17016333,1.40,30.829,-27.729,0.046,84,14,17,,
T,2026-07-18 17:31:39.000,26.41657167,-80.17016167,1.40,30.829,-27.729,0.037,57,14,17,,
T,2026-07-18 17:31:40.000,26.41657000,-80.17016167,1.40,30.929,-27.729,0.033,299,14,17,,
T,2026-07-18 17:31:41.000,26.41657000,-80.17016333,1.40,30.929,-27.729,0.143,277,14,17,,
T,2026-07-18 17:31:42.000,26.41657000,-80.17016333,1.40,30.929,-27.729,0.106,284,14,17,,
T,2026-07-18 17:31:43.000,26.41656833,-80.17016667,1.40,31.029,-27.729,0.085,263,14,17,,
T,2026-07-18 17:31:44.000,26.41656833,-80.17016667,1.50,31.029,-27.729,0.083,124,14,17,,
T,2026-07-18 17:31:45.000,26.41656833,-80.17016667,1.50,31.129,-27.729,0.074,227,14,17,,
T,2026-07-18 17:31:46.000,26.41656833,-80.17016833,1.50,31.029,-27.729,0.074,237,14,17,,
T,2026-07-18 17:31:47.000,26.41656667,-80.17017333,1.50,31.029,-27.729,0.083,252,14,17,,
T,2026-07-18 17:31:48.000,26.41656500,-80.17017500,1.50,30.929,-27.729,0.082,145,14,17,,
T,2026-07-18 17:31:49.000,26.41656500,-80.17017500,1.50,30.829,-27.729,0.083,283,14,17,,
T,2026-07-18 17:31:50.000,26.41656500,-80.17017667,1.50,30.829,-27.729,0.081,77,14,17,,
T,2026-07-18 17:31:51.000,26.41656500,-80.17017667,1.40,30.729,-27.729,0.074,63,14,17,,
T,2026-07-18 17:31:52.000,26.41656667,-80.17017500,1.40,30.529,-27.729,0.065,214,14,17,,
T,2026-07-18 17:31:53.000,26.41656667,-80.17017500,1.40,30.429,-27.729,0.060,337,14,17,,
T,2026-07-18 17:31:54.000,26.41656833,-80.17017333,1.40,30.029,-27.729,0.061,337,14,17,,
T,2026-07-18 17:31:55.000,26.41657000,-80.17017167,1.40,29.629,-27.729,0.000,,14,17,,
T,2026-07-18 17:31:56.000,26.41657000,-80.17017167,1.50,29.129,-27.729,0.000,,14,17,,
T,2026-07-18 17:31:57.000,26.41657167,-80.17017000,1.50,28.629,-27.729,0.000,,14,17,,
T,2026-07-18 17:31:58.000,26.41657167,-80.17017000,1.50,28.629,-27.729,0.000,,14,17,,
T,2026-07-18 17:31:59.000,26.41657167,-80.17017000,1.50,28.629,-27.729,0.000,,14,17,,
T,2026-07-18 17:32:00.000,26.41657167,-80.17017000,1.60,28.629,-27.729,0.000,,14,17,,
T,2026-07-18 17:32:01.000,26.41657167,-80.17017000,1.60,28.629,-27.729,0.000,,14,17,,
T,2026-07-18 17:32:02.000,26.41657167,-80.17017000,1.60,28.629,-27.729,0.000,,14,17,,
T,2026-07-18 17:32:03.000,26.41657167,-80.17017000,1.60,28.629,-27.729,0.000,,14,17,,
T,2026-07-18 17:32:04.000,26.41657167,-80.17017000,1.60,28.629,-27.729,0.000,,14,17,,
T,2026-07-18 17:32:05.000,26.41657167,-80.17017000,1.60,28.629,-27.729,0.000,,13,17,,
T,2026-07-18 17:32:06.000,26.41657167,-80.17017000,1.60,28.629,-27.729,0.000,,14,17,,
T,2026-07-18 17:32:07.000,26.41656333,-80.17016333,1.70,22.429,-27.729,0.154,157,14,17,,
T,2026-07-18 17:32:08.000,26.41656333,-80.17016167,1.70,21.929,-27.729,0.000,,14,17,,
T,2026-07-18 17:32:09.000,26.41656500,-80.17016333,1.60,21.229,-27.729,0.000,,14,17,,
T,2026-07-18 17:32:10.000,26.41656667,-80.17016500,1.60,20.629,-27.729,0.000,,14,17,,
T,2026-07-18 17:32:11.000,26.41656667,-80.17016500,1.60,20.629,-27.729,0.000,,14,17,,
T,2026-07-18 17:32:12.000,26.41656667,-80.17016500,1.60,20.629,-27.729,0.000,,14,17,,
T,2026-07-18 17:32:13.000,26.41656667,-80.17016500,1.60,20.629,-27.729,0.000,,14,17,,
T,2026-07-18 17:32:14.000,26.41656667,-80.17016500,1.50,20.629,-27.729,0.000,,14,17,,
T,2026-07-18 17:32:15.000,26.41656667,-80.17016500,1.60,20.629,-27.729,0.000,,14,17,,
T,2026-07-18 17:32:16.000,26.41656667,-80.17016500,1.50,20.629,-27.729,0.000,,14,17,,
T,2026-07-18 17:32:17.000,26.41656667,-80.17016500,1.50,20.629,-27.729,0.000,,14,17,,
T,2026-07-18 17:32:18.000,26.41656667,-80.17016500,1.50,20.629,-27.729,0.000,,14,17,,
T,2026-07-18 17:32:19.000,26.41656667,-80.17016500,1.50,20.629,-27.729,0.000,,14,17,,
T,2026-07-18 17:32:20.000,26.41656667,-80.17016500,1.50,20.629,-27.729,0.000,,13,17,,
T,2026-07-18 17:32:21.000,26.41656667,-80.17016500,1.50,20.629,-27.729,0.000,,13,17,,
T,2026-07-18 17:32:22.000,26.41656667,-80.17016500,1.50,20.629,-27.729,0.000,,13,17,,
T,2026-07-18 17:32:23.000,26.41656667,-80.17016500,1.50,20.629,-27.729,0.000,,13,17,,
T,2026-07-18 17:32:24.000,26.41656667,-80.17016500,1.50,20.629,-27.729,0.000,,13,17,,
T,2026-07-18 17:32:25.000,26.41656667,-80.17016500,1.50,20.629,-27.729,0.000,,13,17,,
T,2026-07-18 17:32:26.000,26.41656667,-80.17016500,1.50,20.629,-27.729,0.000,,14,17,,
T,2026-07-18 17:32:27.000,26.41656667,-80.17016500,1.50,20.629,-27.729,0.000,,14,17,,
T,2026-07-18 17:32:28.000,26.41656667,-80.17016500,1.50,20.629,-27.729,0.000,,13,17,,
T,2026-07-18 17:32:29.000,26.41656667,-80.17016500,1.50,20.629,-27.729,0.000,,13,17,,
T,2026-07-18 17:32:30.000,26.41656667,-80.17016500,1.50,20.629,-27.729,0.000,,13,17,,
T,2026-07-18 17:32:31.000,26.41656667,-80.17016500,1.50,20.629,-27.729,0.000,,13,17,,
T,2026-07-18 17:32:32.000,26.41656667,-80.17016500,1.50,20.629,-27.729,0.000,,13,17,,
T,2026-07-18 17:32:33.000,26.41656667,-80.17016500,1.50,20.629,-27.729,0.000,,13,17,,
T,2026-07-18 17:32:34.000,26.41656667,-80.17016500,1.50,20.629,-27.729,0.000,,13,17,,
T,2026-07-18 17:32:35.000,26.41656667,-80.17016500,1.50,20.629,-27.729,0.000,,13,17,,
T,2026-07-18 17:32:36.000,26.41656667,-80.17016500,1.50,20.629,-27.729,0.000,,14,17,,
T,2026-07-18 17:32:37.000,26.41656667,-80.17016500,1.50,20.629,-27.729,0.000,,14,17,,
T,2026-07-18 17:32:38.000,26.41656667,-80.17016500,1.50,20.629,-27.729,0.000,,14,17,,
T,2026-07-18 17:32:39.000,26.41656667,-80.17016500,1.50,20.629,-27.729,0.000,,14,17,,
T,2026-07-18 17:32:40.000,26.41656667,-80.17016500,1.50,20.629,-27.729,0.000,,14,17,,
T,2026-07-18 17:32:41.000,26.41656667,-80.17016500,1.50,20.629,-27.729,0.000,,14,17,,
T,2026-07-18 17:32:42.000,26.41656667,-80.17016500,1.50,20.629,-27.729,0.000,,14,17,,
T,2026-07-18 17:32:43.000,26.41656667,-80.17016500,1.50,20.629,-27.729,0.000,,14,17,,
T,2026-07-18 17:32:44.000,26.41656667,-80.17016500,1.50,20.629,-27.729,0.000,,14,17,,
T,2026-07-18 17:32:45.000,26.41656667,-80.17016500,1.50,20.629,-27.729,0.000,,14,17,,
T,2026-07-18 17:32:46.000,26.41656667,-80.17016500,1.50,20.629,-27.729,0.000,,13,17,,
T,2026-07-18 17:32:47.000,26.41656667,-80.17016500,1.50,20.629,-27.729,0.000,,14,17,,
T,2026-07-18 17:32:48.000,26.41656667,-80.17016500,1.50,20.629,-27.729,0.000,,14,17,,
T,2026-07-18 17:32:49.000,26.41656667,-80.17016500,1.50,20.629,-27.729,0.000,,14,17,,
T,2026-07-18 17:32:50.000,26.41656667,-80.17016500,1.50,20.629,-27.729,0.000,,14,17,,
T,2026-07-18 17:32:51.000,26.41656667,-80.17016500,1.50,20.629,-27.729,0.000,,14,17,,
T,2026-07-18 17:32:52.000,26.41656667,-80.17016500,1.50,20.629,-27.729,0.000,,14,17,,
T,2026-07-18 17:32:53.000,26.41656667,-80.17016500,1.50,20.629,-27.729,0.000,,14,17,,
T,2026-07-18 17:32:54.000,26.41656667,-80.17016500,1.50,20.629,-27.729,0.000,,14,17,,
T,2026-07-18 17:32:55.000,26.41656667,-80.17016500,1.50,20.629,-27.729,0.000,,14,17,,
T,2026-07-18 17:32:56.000,26.41656667,-80.17016500,1.50,20.629,-27.729,0.000,,14,17,,
T,2026-07-18 17:32:57.000,26.41656667,-80.17016500,1.50,20.629,-27.729,0.000,,14,17,,
T,2026-07-18 17:32:58.000,26.41656667,-80.17016500,1.50,20.629,-27.729,0.000,,14,17,,
T,2026-07-18 17:32:59.000,26.41656667,-80.17016500,1.50,20.629,-27.729,0.000,,14,17,,
T,2026-07-18 17:33:00.000,26.41656667,-80.17016500,1.50,20.629,-27.729,0.000,,14,17,,
T,2026-07-18 17:33:01.000,26.41656667,-80.17016500,1.50,20.629,-27.729,0.000,,14,17,,
T,2026-07-18 17:33:02.000,26.41656667,-80.17016500,1.50,20.629,-27.729,0.000,,14,17,,
T,2026-07-18 17:33:03.000,26.41656667,-80.17016500,1.50,20.629,-27.729,0.000,,14,17,,
T,2026-07-18 17:33:04.000,26.41656667,-80.17016500,1.50,20.629,-27.729,0.000,,14,17,,
T,2026-07-18 17:33:05.000,26.41656667,-80.17016500,1.50,20.629,-27.729,0.000,,14,17,,
T,2026-07-18 17:33:06.000,26.41656667,-80.17016500,1.50,20.629,-27.729,0.000,,14,17,,
T,2026-07-18 17:33:07.000,26.41656667,-80.17016500,1.50,20.629,-27.729,0.000,,14,17,,
T,2026-07-18 17:33:08.000,26.41656667,-80.17016500,1.40,20.629,-27.729,0.000,,14,17,,
T,2026-07-18 17:33:09.000,26.41656667,-80.17016500,1.40,20.629,-27.729,0.000,,14,17,,
T,2026-07-18 17:33:10.000,26.41656667,-80.17016500,1.40,20.629,-27.729,0.000,,14,17,,
T,2026-07-18 17:33:11.000,26.41656667,-80.17016500,1.40,20.629,-27.729,0.000,,14,17,,
T,2026-07-18 17:33:12.000,26.41656667,-80.17016500,1.40,20.629,-27.729,0.000,,14,17,,
T,2026-07-18 17:33:13.000,26.41656667,-80.17016500,1.40,20.629,-27.729,0.000,,14,17,,
T,2026-07-18 17:33:14.000,26.41656667,-80.17016500,1.40,20.629,-27.729,0.000,,14,17,,
T,2026-07-18 17:33:15.000,26.41656667,-80.17016500,1.40,20.629,-27.729,0.000,,14,17,,
T,2026-07-18 17:33:16.000,26.41656667,-80.17016500,1.50,20.629,-27.729,0.000,,14,17,,
T,2026-07-18 17:33:17.000,26.41656667,-80.17016500,1.60,20.629,-27.729,0.000,,14,17,,
T,2026-07-18 17:33:18.000,26.41656000,-80.17014167,1.70,7.529,-27.729,0.203,352,14,17,,
T,2026-07-18 17:33:19.000,26.41656000,-80.17014000,1.80,7.829,-27.729,0.242,357,14,17,,
T,2026-07-18 17:33:20.000,26.41655833,-80.17013833,1.80,8.129,-27.729,0.000,,14,17,,
T,2026-07-18 17:33:21.000,26.41655833,-80.17013500,1.90,8.029,-27.729,0.000,,14,17,,
T,2026-07-18 17:33:22.000,26.41656167,-80.17013333,1.70,8.029,-27.729,0.000,,14,17,,
T,2026-07-18 17:33:23.000,26.41656167,-80.17013333,1.70,8.029,-27.729,0.000,,14,17,,
T,2026-07-18 17:33:24.000,26.41657833,-80.17012667,1.80,8.329,-27.729,0.376,28,14,17,,
T,2026-07-18 17:33:25.000,26.41659000,-80.17013167,1.70,8.429,-27.729,0.439,5,14,17,,
T,2026-07-18 17:33:26.000,26.41660167,-80.17013167,1.70,8.329,-27.729,0.531,9,14,17,,
T,2026-07-18 17:33:27.000,26.41661000,-80.17012500,1.70,8.229,-27.729,0.585,34,14,17,,
T,2026-07-18 17:33:28.000,26.41661500,-80.17011833,1.70,8.229,-27.729,0.652,44,14,17,,
T,2026-07-18 17:33:29.000,26.41662000,-80.17011000,1.70,7.729,-27.729,0.743,68,14,17,,
T,2026-07-18 17:33:30.000,26.41662000,-80.17009833,1.70,7.129,-27.729,0.865,75,14,17,,
T,2026-07-18 17:33:31.000,26.41662167,-80.17008167,1.70,6.929,-27.729,1.015,80,14,17,,
T,2026-07-18 17:33:32.000,26.41662000,-80.17006667,1.80,6.729,-27.729,1.188,89,14,17,,
T,2026-07-18 17:33:33.000,26.41662000,-80.17004667,1.70,6.929,-27.729,1.317,98,14,17,,
T,2026-07-18 17:33:34.000,26.41661833,-80.17003167,1.70,7.129,-27.729,1.422,97,14,17,,
T,2026-07-18 17:33:35.000,26.41661167,-80.17001167,1.70,7.130,-27.730,1.517,108,14,17,,
T,2026-07-18 17:33:36.000,26.41660333,-80.16999667,1.70,7.330,-27.730,1.568,126,14,17,,
T,2026-07-18 17:33:37.000,26.41659167,-80.16998333,1.70,7.330,-27.730,1.637,132,14,17,,
T,2026-07-18 17:33:38.000,26.41657833,-80.16997000,1.70,7.630,-27.730,1.705,147,14,17,,
T,2026-07-18 17:33:39.000,26.41655833,-80.16996500,1.70,8.130,-27.730,1.773,165,14,17,,
T,2026-07-18 17:33:40.000,26.41654000,-80.16995667,1.80,8.430,-27.730,1.813,170,14,17,,
T,2026-07-18 17:33:41.000,26.41652167,-80.16996333,1.80,8.430,-27.730,1.806,197,14,17,,
T,2026-07-18 17:33:42.000,26.41650500,-80.16997333,1.70,8.530,-27.730,1.773,195,14,17,,
T,2026-07-18 17:33:43.000,26.41649167,-80.16997833,1.80,9.030,-27.730,1.736,216,14,17,,
T,2026-07-18 17:33:44.000,26.41647667,-80.16998833,1.80,9.330,-27.730,1.733,224,14,17,,
T,2026-07-18 17:33:45.000,26.41646333,-80.16999500,1.80,9.530,-27.730,1.691,231,14,17,,
T,2026-07-18 17:33:46.000,26.41645667,-80.17001000,1.70,9.729,-27.729,1.659,243,14,17,,
T,2026-07-18 17:33:47.000,26.41645167,-80.17002333,1.70,9.729,-27.729,1.624,258,14,17,,
T,2026-07-18 17:33:48.000,26.41645333,-80.17003833,1.70,9.829,-27.729,1.586,269,14,17,,
T,2026-07-18 17:33:49.000,26.41645667,-80.17005833,1.60,9.829,-27.729,1.537,281,14,17,,
T,2026-07-18 17:33:50.000,26.41646333,-80.17007333,1.60,9.629,-27.729,1.520,280,14,17,,
T,2026-07-18 17:33:51.000,26.41646833,-80.17008833,1.70,9.629,-27.729,1.530,289,14,17,,
T,2026-07-18 17:33:52.000,26.41647500,-80.17010833,1.70,10.129,-27.729,1.554,290,14,17,,
T,2026-07-18 17:33:53.000,26.41647833,-80.17013000,1.80,10.529,-27.729,1.571,297,14,17,,
T,2026-07-18 17:33:54.000,26.41648500,-80.17014333,1.70,10.629,-27.729,1.561,289,14,17,,
T,2026-07-18 17:33:55.000,26.41648833,-80.17015667,1.70,10.729,-27.729,1.556,283,14,17,,
T,2026-07-18 17:33:56.000,26.41648833,-80.17016833,1.70,11.129,-27.729,1.572,285,14,17,,
T,2026-07-18 17:33:57.000,26.41649500,-80.17018167,1.70,10.829,-27.729,1.589,280,14,17,,
T,2026-07-18 17:33:58.000,26.41650167,-80.17020000,1.70,10.329,-27.729,1.604,300,14,17,,
T,2026-07-18 17:33:59.000,26.41650833,-80.17021333,1.70,10.029,-27.729,1.642,302,14,17,,
T,2026-07-18 17:34:00.000,26.41651667,-80.17023167,1.70,9.929,-27.729,1.671,289,14,17,,
T,2026-07-18 17:34:01.000,26.41652167,-80.17025333,1.70,9.828,-27.728,1.716,288,14,17,,
T,2026-07-18 17:34:02.000,26.41652500,-80.17027667,1.70,9.528,-27.728,1.764,277,14,17,,
T,2026-07-18 17:34:03.000,26.41652333,-80.17029667,1.60,9.428,-27.728,1.836,263,14,17,,
T,2026-07-18 17:34:04.000,26.41651500,-80.17032000,1.60,9.528,-27.728,1.902,250,14,17,,
T,2026-07-18 17:34:05.000,26.41650667,-80.17034000,1.70,9.528,-27.728,1.980,246,14,17,,
T,2026-07-18 17:34:06.000,26.41649667,-80.17035833,1.70,10.028,-27.728,2.066,245,14,17,,
T,2026-07-18 17:34:07.000,26.41648667,-80.17037833,1.70,10.328,-27.728,2.128,247,14,17,,
T,2026-07-18 17:34:08.000,26.41647833,-80.17039833,1.70,10.428,-27.728,2.205,246,14,17,,
T,2026-07-18 17:34:09.000,26.41647000,-80.17042000,1.70,10.628,-27.728,2.268,243,14,17,,
T,2026-07-18 17:34:10.000,26.41646167,-80.17044333,1.70,10.828,-27.728,2.331,251,14,17,,
T,2026-07-18 17:34:11.000,26.41645833,-80.17046833,1.70,10.828,-27.728,2.374,255,14,17,,
T,2026-07-18 17:34:12.000,26.41645333,-80.17049500,1.70,11.127,-27.727,2.412,266,14,17,,
T,2026-07-18 17:34:13.000,26.41645667,-80.17052333,1.70,11.327,-27.727,2.449,276,14,17,,
T,2026-07-18 17:34:14.000,26.41646167,-80.17055333,1.70,11.727,-27.727,2.490,278,14,17,,
T,2026-07-18 17:34:15.000,26.41647000,-80.17057833,1.70,11.927,-27.727,2.527,291,14,17,,
T,2026-07-18 17:34:16.000,26.41648167,-80.17060333,1.70,12.027,-27.727,2.542,299,14,17,,
T,2026-07-18 17:34:17.000,26.41649333,-80.17062500,1.70,12.127,-27.727,2.506,300,14,17,,
T,2026-07-18 17:34:18.000,26.41650500,-80.17064333,1.70,12.127,-27.727,2.480,311,14,17,,
T,2026-07-18 17:34:19.000,26.41652667,-80.17065833,1.70,12.227,-27.727,2.483,320,14,17,,
T,2026-07-18 17:34:20.000,26.41654833,-80.17067500,1.70,12.227,-27.727,2.513,319,14,17,,
T,2026-07-18 17:34:21.000,26.41657167,-80.17069167,1.80,11.927,-27.727,2.541,324,14,17,,
T,2026-07-18 17:34:22.000,26.41659500,-80.17071000,1.80,12.027,-27.727,2.551,330,14,17,,
T,2026-07-18 17:34:23.000,26.41661833,-80.17072333,1.80,11.927,-27.727,2.551,337,14,17,,
T,2026-07-18 17:34:24.000,26.41664500,-80.17073333,1.90,11.927,-27.727,2.567,344,14,17,,
T,2026-07-18 17:34:25.000,26.41666667,-80.17073667,1.90,11.827,-27.727,2.562,354,14,17,,
T,2026-07-18 17:34:26.000,26.41669000,-80.17073667,1.90,11.827,-27.727,2.584,0,14,17,,
T,2026-07-18 17:34:27.000,26.41671333,-80.17073167,1.90,11.627,-27.727,2.682,353,14,17,,
T,2026-07-18 17:34:28.000,26.41673833,-80.17072667,1.90,12.527,-27.727,2.782,1,14,17,,
T,2026-07-18 17:34:29.000,26.41676833,-80.17072667,1.90,12.627,-27.727,2.874,2,14,17,,
T,2026-07-18 17:34:30.000,26.41679833,-80.17072833,2.10,12.627,-27.727,2.915,358,14,17,,
T,2026-07-18 17:34:31.000,26.41682833,-80.17073000,2.30,12.627,-27.727,2.963,2,14,17,,
T,2026-07-18 17:34:32.000,26.41685667,-80.17073000,2.30,12.627,-27.727,3.009,359,14,17,,
T,2026-07-18 17:34:33.000,26.41688000,-80.17073500,2.40,12.527,-27.727,3.049,358,14,17,,
T,2026-07-18 17:34:34.000,26.41690167,-80.17074167,2.40,12.327,-27.727,3.099,1,14,17,,
T,2026-07-18 17:34:35.000,26.41692500,-80.17074500,2.50,12.227,-27.727,3.165,357,14,17,,
T,2026-07-18 17:34:36.000,26.41695333,-80.17074500,2.50,11.827,-27.727,3.207,2,14,17,,
T,2026-07-18 17:34:37.000,26.41698000,-80.17074667,2.50,11.427,-27.727,3.244,7,14,17,,
T,2026-07-18 17:34:38.000,26.41700833,-80.17074667,2.50,11.327,-27.727,3.265,2,14,17,,
T,2026-07-18 17:34:39.000,26.41704000,-80.17074500,2.50,11.227,-27.727,3.247,4,14,17,,
T,2026-07-18 17:34:40.000,26.41707167,-80.17074333,2.50,11.227,-27.727,3.244,0,14,17,,
T,2026-07-18 17:34:41.000,26.41710500,-80.17074167,2.50,11.327,-27.727,3.265,4,14,17,,
T,2026-07-18 17:34:42.000,26.41713833,-80.17073833,2.50,11.727,-27.727,3.299,4,14,17,,
T,2026-07-18 17:34:43.000,26.41717167,-80.17072833,2.50,13.127,-27.727,3.342,6,14,17,,
T,2026-07-18 17:34:44.000,26.41720500,-80.17072667,2.50,13.427,-27.727,3.377,0,14,17,,
T,2026-07-18 17:34:45.000,26.41723833,-80.17072667,2.50,13.327,-27.727,3.402,354,14,17,,
T,2026-07-18 17:34:46.000,26.41727000,-80.17072667,2.50,13.527,-27.727,3.411,355,14,17,,
T,2026-07-18 17:34:47.000,26.41730167,-80.17072833,2.50,13.327,-27.727,3.422,356,14,17,,
T,2026-07-18 17:34:48.000,26.41733333,-80.17073167,2.50,13.627,-27.727,3.447,355,14,17,,
T,2026-07-18 17:34:49.000,26.41736667,-80.17073500,2.50,13.527,-27.727,3.460,354,14,17,,
T,2026-07-18 17:34:50.000,26.41739833,-80.17073667,2.50,13.427,-27.727,3.461,354,14,17,,
T,2026-07-18 17:34:51.000,26.41743000,-80.17074167,2.50,13.027,-27.727,3.448,354,14,17,,
T,2026-07-18 17:34:52.000,26.41746000,-80.17074333,2.50,13.127,-27.727,3.424,358,14,17,,
T,2026-07-18 17:34:53.000,26.41748667,-80.17074833,2.50,12.827,-27.727,3.414,358,14,17,,
T,2026-07-18 17:34:54.000,26.41751667,-80.17074667,2.50,13.027,-27.727,3.368,357,14,17,,
T,2026-07-18 17:34:55.000,26.41754833,-80.17074667,2.50,13.127,-27.727,3.363,359,14,17,,
T,2026-07-18 17:34:56.000,26.41758000,-80.17074667,2.50,13.327,-27.727,3.357,1,14,17,,
T,2026-07-18 17:34:57.000,26.41761000,-80.17074667,2.50,13.527,-27.727,3.335,0,14,17,,
T,2026-07-18 17:34:58.000,26.41764000,-80.17075000,2.50,13.727,-27.727,3.311,358,14,17,,
T,2026-07-18 17:34:59.000,26.41767333,-80.17075000,2.50,13.827,-27.727,3.310,357,14,17,,
T,2026-07-18 17:35:00.000,26.41770333,-80.17075000,2.50,14.227,-27.727,3.306,359,14,17,,
T,2026-07-18 17:35:01.000,26.41773500,-80.17075000,2.50,14.227,-27.727,3.303,2,14,17,,
T,2026-07-18 17:35:02.000,26.41776667,-80.17074833,2.50,14.127,-27.727,3.303,0,14,17,,
T,2026-07-18 17:35:03.000,26.41779833,-80.17074833,2.50,14.027,-27.727,3.295,1,14,17,,
T,2026-07-18 17:35:04.000,26.41782667,-80.17074833,2.50,13.827,-27.727,3.314,5,14,17,,
T,2026-07-18 17:35:05.000,26.41786000,-80.17074500,2.50,13.827,-27.727,3.315,0,14,17,,
T,2026-07-18 17:35:06.000,26.41789000,-80.17074500,2.50,13.727,-27.727,3.322,2,14,17,,
T,2026-07-18 17:35:07.000,26.41792000,-80.17074500,2.50,13.627,-27.727,3.342,4,14,17,,
T,2026-07-18 17:35:08.000,26.41795000,-80.17074333,2.40,13.727,-27.727,3.331,3,14,17,,
T,2026-07-18 17:35:09.000,26.41797833,-80.17073833,2.50,13.727,-27.727,3.308,3,14,17,,
T,2026-07-18 17:35:10.000,26.41800667,-80.17073667,2.50,13.827,-27.727,3.315,2,14,17,,
T,2026-07-18 17:35:11.000,26.41803333,-80.17073500,2.50,13.827,-27.727,3.298,5,14,17,,
T,2026-07-18 17:35:12.000,26.41806333,-80.17073167,2.50,13.927,-27.727,3.288,3,14,17,,
T,2026-07-18 17:35:13.000,26.41809167,-80.17073000,2.60,14.027,-27.727,3.277,1,14,17,,
T,2026-07-18 17:35:14.000,26.41812000,-80.17073000,2.50,14.027,-27.727,3.287,4,14,17,,
T,2026-07-18 17:35:15.000,26.41815000,-80.17072833,2.50,14.027,-27.727,3.296,8,14,17,,
T,2026-07-18 17:35:16.000,26.41818167,-80.17072500,2.50,14.127,-27.727,3.320,9,14,17,,
T,2026-07-18 17:35:17.000,26.41821000,-80.17072167,2.50,14.127,-27.727,3.335,6,14,17,,
T,2026-07-18 17:35:18.000,26.41824000,-80.17072167,2.50,14.328,-27.728,3.361,7,14,17,,
T,2026-07-18 17:35:19.000,26.41827000,-80.17071667,2.50,14.528,-27.728,3.400,7,14,17,,
T,2026-07-18 17:35:20.000,26.41830167,-80.17071500,2.50,13.828,-27.728,3.432,6,14,17,,
T,2026-07-18 17:35:21.000,26.41833500,-80.17071167,2.50,13.628,-27.728,3.474,5,14,17,,
T,2026-07-18 17:35:22.000,26.41836667,-80.17070833,2.50,13.528,-27.728,3.500,4,14,17,,
T,2026-07-18 17:35:23.000,26.41840000,-80.17070833,2.40,13.228,-27.728,3.554,4,14,17,,
T,2026-07-18 17:35:24.000,26.41843167,-80.17070833,2.50,13.228,-27.728,3.576,3,14,17,,
T,2026-07-18 17:35:25.000,26.41846667,-80.17071000,2.40,12.728,-27.728,3.595,1,14,17,,
T,2026-07-18 17:35:26.000,26.41850167,-80.17071333,2.50,12.528,-27.728,3.618,359,14,17,,
T,2026-07-18 17:35:27.000,26.41853333,-80.17071667,2.50,12.628,-27.728,3.608,1,14,17,,
T,2026-07-18 17:35:28.000,26.41856500,-80.17071667,2.50,12.628,-27.728,3.597,1,14,17,,
T,2026-07-18 17:35:29.000,26.41859500,-80.17071833,2.50,12.728,-27.728,3.582,357,14,17,,
T,2026-07-18 17:35:30.000,26.41862667,-80.17072000,2.50,12.828,-27.728,3.567,354,14,17,,
T,2026-07-18 17:35:31.000,26.41865833,-80.17072167,2.60,13.028,-27.728,3.562,358,14,17,,
T,2026-07-18 17:35:32.000,26.41869333,-80.17072500,2.60,13.128,-27.728,3.570,356,14,17,,
T,2026-07-18 17:35:33.000,26.41872500,-80.17072333,2.60,13.128,-27.728,3.546,354,14,17,,
T,2026-07-18 17:35:34.000,26.41875833,-80.17072500,2.60,13.028,-27.728,3.526,357,14,17,,
T,2026-07-18 17:35:35.000,26.41879000,-80.17072667,2.70,13.128,-27.728,3.532,1,14,17,,
T,2026-07-18 17:35:36.000,26.41882167,-80.17072667,2.70,13.128,-27.728,3.521,358,14,17,,
T,2026-07-18 17:35:37.000,26.41885167,-80.17073000,2.70,13.128,-27.728,3.542,358,14,17,,
T,2026-07-18 17:35:38.000,26.41888167,-80.17073167,2.70,12.928,-27.728,3.535,5,14,17,,
T,2026-07-18 17:35:39.000,26.41891333,-80.17072667,2.60,12.828,-27.728,3.576,7,14,17,,
T,2026-07-18 17:35:40.000,26.41895000,-80.17071500,2.60,13.428,-27.728,3.619,7,14,16,,
T,2026-07-18 17:35:41.000,26.41898333,-80.17071000,2.60,13.328,-27.728,3.651,9,14,16,,
T,2026-07-18 17:35:42.000,26.41901000,-80.17071167,2.70,13.128,-27.728,3.679,7,14,16,,
T,2026-07-18 17:35:43.000,26.41904500,-80.17070667,2.70,13.328,-27.728,3.714,1,14,16,,
T,2026-07-18 17:35:44.000,26.41906833,-80.17070000,2.70,13.128,-27.728,3.595,13,14,16,,
T,2026-07-18 17:35:45.000,26.41909833,-80.17069500,2.60,12.128,-27.728,3.483,19,14,16,,
T,2026-07-18 17:35:46.000,26.41913000,-80.17068833,2.20,11.728,-27.728,3.386,20,14,16,,
T,2026-07-18 17:35:47.000,26.41915833,-80.17067667,2.00,11.328,-27.728,3.303,22,14,16,,
T,2026-07-18 17:35:48.000,26.41919167,-80.17066833,2.00,10.428,-27.728,3.295,12,14,16,,
T,2026-07-18 17:35:49.000,26.41922167,-80.17066167,2.00,10.128,-27.728,3.204,6,14,16,,
T,2026-07-18 17:35:50.000,26.41924833,-80.17065833,2.10,9.928,-27.728,3.134,1,14,16,,
T,2026-07-18 17:35:51.000,26.41928167,-80.17066167,1.90,10.328,-27.728,3.079,350,14,16,,
T,2026-07-18 17:35:52.000,26.41931000,-80.17066667,2.00,10.728,-27.728,3.008,349,14,16,,
T,2026-07-18 17:35:53.000,26.41933667,-80.17067167,2.10,10.328,-27.728,2.934,353,14,16,,
T,2026-07-18 17:35:54.000,26.41936500,-80.17067667,2.20,10.028,-27.728,3.027,351,14,16,,
T,2026-07-18 17:35:55.000,26.41939333,-80.17067833,2.20,10.128,-27.728,3.068,355,14,16,,
T,2026-07-18 17:35:56.000,26.41942167,-80.17068000,2.30,9.628,-27.728,3.116,351,14,16,,
T,2026-07-18 17:35:57.000,26.41944667,-80.17068333,2.00,9.628,-27.728,3.163,354,14,16,,
T,2026-07-18 17:35:58.000,26.41947667,-80.17068833,2.10,9.828,-27.728,3.168,348,14,16,,
T,2026-07-18 17:35:59.000,26.41950833,-80.17069333,2.20,9.628,-27.728,3.165,350,14,16,,
T,2026-07-18 17:36:00.000,26.41953333,-80.17069667,2.30,9.728,-27.728,3.121,351,14,16,,
T,2026-07-18 17:36:01.000,26.41956833,-80.17069667,2.00,9.928,-27.728,3.072,349,14,16,,
T,2026-07-18 17:36:02.000,26.41959667,-80.17070667,1.90,10.128,-27.728,3.028,348,14,16,,
T,2026-07-18 17:36:03.000,26.41962333,-80.17071167,1.90,10.328,-27.728,2.999,350,13,16,,
T,2026-07-18 17:36:04.000,26.41964667,-80.17072500,1.90,9.928,-27.728,2.959,351,14,16,,
T,2026-07-18 17:36:05.000,26.41967000,-80.17073000,1.90,10.128,-27.728,2.966,353,14,16,,
T,2026-07-18 17:36:06.000,26.41969500,-80.17073500,1.90,10.228,-27.728,2.949,352,14,16,,
T,2026-07-18 17:36:07.000,26.41972167,-80.17073667,2.10,10.428,-27.728,2.933,356,14,16,,
T,2026-07-18 17:36:08.000,26.41975000,-80.17073667,2.00,10.328,-27.728,2.938,357,14,16,,
T,2026-07-18 17:36:09.000,26.41977833,-80.17073833,2.20,10.928,-27.728,2.942,354,14,16,,
T,2026-07-18 17:36:10.000,26.41980167,-80.17074167,2.40,10.928,-27.728,2.918,350,14,16,,
T,2026-07-18 17:36:11.000,26.41982333,-80.17073833,2.20,11.728,-27.728,2.795,351,14,16,,
T,2026-07-18 17:36:12.000,26.41984333,-80.17073833,2.10,11.528,-27.728,2.680,358,14,16,,
T,2026-07-18 17:36:13.000,26.41986667,-80.17073667,2.10,11.228,-27.728,2.607,352,14,16,,
T,2026-07-18 17:36:14.000,26.41989667,-80.17074000,2.00,11.628,-27.728,2.616,350,14,16,,
T,2026-07-18 17:36:15.000,26.41992167,-80.17074167,2.00,12.328,-27.728,2.622,354,14,16,,
T,2026-07-18 17:36:16.000,26.41995000,-80.17074667,2.00,13.028,-27.728,2.632,355,14,16,,
T,2026-07-18 17:36:17.000,26.41997500,-80.17075167,2.10,13.128,-27.728,2.631,356,14,16,,
T,2026-07-18 17:36:18.000,26.42000000,-80.17075500,2.30,13.228,-27.728,2.611,1,14,16,,
T,2026-07-18 17:36:19.000,26.42002833,-80.17075500,2.30,13.328,-27.728,2.638,0,14,16,,
T,2026-07-18 17:36:20.000,26.42005667,-80.17075833,2.40,13.228,-27.728,2.731,356,14,16,,
T,2026-07-18 17:36:21.000,26.42008333,-80.17076167,2.50,13.528,-27.728,2.849,349,14,16,,
T,2026-07-18 17:36:22.000,26.42010333,-80.17077000,2.50,13.428,-27.728,2.967,342,14,16,,
T,2026-07-18 17:36:23.000,26.42012667,-80.17076667,2.10,12.228,-27.728,3.009,346,14,16,,
T,2026-07-18 17:36:24.000,26.42015167,-80.17076667,2.00,12.328,-27.728,2.984,356,14,16,,
T,2026-07-18 17:36:25.000,26.42017667,-80.17076833,2.00,12.528,-27.728,2.946,356,14,16,,
T,2026-07-18 17:36:26.000,26.42020667,-80.17077167,2.00,13.128,-27.728,2.927,1,14,16,,
T,2026-07-18 17:36:27.000,26.42023500,-80.17077333,2.00,13.328,-27.728,2.909,0,14,16,,
T,2026-07-18 17:36:28.000,26.42026167,-80.17077833,2.00,13.328,-27.728,2.881,358,14,16,,
T,2026-07-18 17:36:29.000,26.42028667,-80.17078333,2.00,13.428,-27.728,2.816,351,14,16,,
T,2026-07-18 17:36:30.000,26.42031500,-80.17078333,2.10,13.428,-27.728,2.727,358,13,16,,
T,2026-07-18 17:36:31.000,26.42033500,-80.17079000,2.00,12.828,-27.728,2.733,351,14,16,,
T,2026-07-18 17:36:32.000,26.42036000,-80.17079167,2.00,12.428,-27.728,2.701,3,13,16,,
T,2026-07-18 17:36:33.000,26.42038833,-80.17079333,2.00,12.028,-27.728,2.766,356,13,16,,
T,2026-07-18 17:36:34.000,26.42042000,-80.17079500,2.10,12.028,-27.728,2.882,0,13,16,,
T,2026-07-18 17:36:35.000,26.42045500,-80.17079000,2.20,12.528,-27.728,2.969,360,13,16,,
T,2026-07-18 17:36:36.000,26.42048500,-80.17079000,2.30,12.528,-27.728,3.008,359,13,16,,
T,2026-07-18 17:36:37.000,26.42051000,-80.17079167,2.40,12.528,-27.728,3.027,359,13,16,,
T,2026-07-18 17:36:38.000,26.42054000,-80.17079167,2.40,12.829,-27.729,3.058,358,14,16,,
T,2026-07-18 17:36:39.000,26.42056667,-80.17079500,2.40,12.929,-27.729,3.163,0,14,16,,
T,2026-07-18 17:36:40.000,26.42060000,-80.17079500,2.40,12.929,-27.729,3.264,359,14,16,,
T,2026-07-18 17:36:41.000,26.42063167,-80.17079333,2.40,13.129,-27.729,3.328,3,14,16,,
T,2026-07-18 17:36:42.000,26.42066333,-80.17079000,2.40,13.229,-27.729,3.436,4,14,16,,
T,2026-07-18 17:36:43.000,26.42069167,-80.17078500,2.40,13.429,-27.729,3.454,5,14,16,,
T,2026-07-18 17:36:44.000,26.42072000,-80.17078500,2.30,13.629,-27.729,3.406,4,14,16,,
T,2026-07-18 17:36:45.000,26.42075000,-80.17078333,2.30,13.829,-27.729,3.382,2,14,16,,
T,2026-07-18 17:36:46.000,26.42078167,-80.17078333,2.30,13.829,-27.729,3.390,3,14,16,,
T,2026-07-18 17:36:47.000,26.42081167,-80.17078333,2.30,13.929,-27.729,3.406,4,14,16,,
T,2026-07-18 17:36:48.000,26.42084167,-80.17078500,2.30,13.829,-27.729,3.431,5,14,16,,
T,2026-07-18 17:36:49.000,26.42087500,-80.17078167,2.30,13.629,-27.729,3.426,6,14,16,,
T,2026-07-18 17:36:50.000,26.42090667,-80.17078000,2.30,13.629,-27.729,3.408,5,14,16,,
T,2026-07-18 17:36:51.000,26.42093667,-80.17077667,2.40,13.729,-27.729,3.394,9,14,16,,
T,2026-07-18 17:36:52.000,26.42096833,-80.17077000,2.50,13.529,-27.729,3.381,13,14,16,,
T,2026-07-18 17:36:53.000,26.42099833,-80.17076500,2.50,13.529,-27.729,3.402,16,14,16,,
T,2026-07-18 17:36:54.000,26.42103000,-80.17075500,2.60,13.429,-27.729,3.399,17,14,16,,
T,2026-07-18 17:36:55.000,26.42106167,-80.17074667,2.60,13.429,-27.729,3.429,15,14,16,,
T,2026-07-18 17:36:56.000,26.42108833,-80.17073833,2.60,13.529,-27.729,3.510,20,14,16,,
T,2026-07-18 17:36:57.000,26.42112167,-80.17073000,2.60,13.629,-27.729,3.529,12,14,16,,
T,2026-07-18 17:36:58.000,26.42115167,-80.17072000,2.60,14.029,-27.729,3.509,21,14,16,,
T,2026-07-18 17:36:59.000,26.42118000,-80.17071333,2.60,14.329,-27.729,3.445,10,14,16,,
T,2026-07-18 17:37:00.000,26.42120667,-80.17071333,2.60,14.329,-27.729,3.398,0,14,16,,
T,2026-07-18 17:37:01.000,26.42123667,-80.17071500,2.20,14.429,-27.729,3.375,4,14,16,,
T,2026-07-18 17:37:02.000,26.42126833,-80.17071333,2.10,14.529,-27.729,3.392,357,14,16,,
T,2026-07-18 17:37:03.000,26.42130000,-80.17071333,2.30,14.629,-27.729,3.402,2,14,16,,
T,2026-07-18 17:37:04.000,26.42133500,-80.17071333,2.40,14.729,-27.729,3.441,357,14,16,,
T,2026-07-18 17:37:05.000,26.42136667,-80.17071333,2.40,14.929,-27.729,3.425,358,14,16,,
T,2026-07-18 17:37:06.000,26.42139833,-80.17071167,2.50,15.129,-27.729,3.350,354,14,16,,
T,2026-07-18 17:37:07.000,26.42142667,-80.17071333,2.50,15.029,-27.729,3.338,356,14,16,,
T,2026-07-18 17:37:08.000,26.42145667,-80.17071500,2.60,15.029,-27.729,3.348,356,14,16,,
T,2026-07-18 17:37:09.000,26.42148333,-80.17071667,2.60,14.929,-27.729,3.375,355,14,16,,
T,2026-07-18 17:37:10.000,26.42151333,-80.17072000,2.60,14.729,-27.729,3.431,356,14,16,,
T,2026-07-18 17:37:11.000,26.42153833,-80.17072667,2.60,14.229,-27.729,3.490,353,14,16,,
T,2026-07-18 17:37:12.000,26.42156500,-80.17073833,2.60,13.729,-27.729,3.510,353,14,16,,
T,2026-07-18 17:37:13.000,26.42159333,-80.17074667,2.60,13.429,-27.729,3.514,353,14,16,,
T,2026-07-18 17:37:14.000,26.42162833,-80.17075333,2.60,13.229,-27.729,3.512,350,14,16,,
T,2026-07-18 17:37:15.000,26.42165667,-80.17076500,2.60,12.729,-27.729,3.547,354,14,16,,
T,2026-07-18 17:37:16.000,26.42168833,-80.17077167,2.60,12.529,-27.729,3.588,357,14,16,,
T,2026-07-18 17:37:17.000,26.42171833,-80.17077500,2.60,12.429,-27.729,3.629,358,14,16,,
T,2026-07-18 17:37:18.000,26.42175000,-80.17077667,2.60,12.429,-27.729,3.665,0,14,16,,
T,2026-07-18 17:37:19.000,26.42178167,-80.17077833,2.60,12.329,-27.729,3.705,0,14,16,,
T,2026-07-18 17:37:20.000,26.42181500,-80.17078167,2.60,12.029,-27.729,3.730,357,14,16,,
T,2026-07-18 17:37:21.000,26.42184500,-80.17078667,2.60,11.729,-27.729,3.753,353,14,16,,
T,2026-07-18 17:37:22.000,26.42188500,-80.17077167,2.60,13.929,-27.729,3.797,348,13,16,,
T,2026-07-18 17:37:23.000,26.42191500,-80.17078333,2.60,13.429,-27.729,3.798,349,14,16,,
T,2026-07-18 17:37:24.000,26.42195500,-80.17078667,2.50,12.929,-27.729,3.855,348,14,16,,
T,2026-07-18 17:37:25.000,26.42198833,-80.17079667,2.40,12.629,-27.729,3.878,348,14,16,,
T,2026-07-18 17:37:26.000,26.42203333,-80.17080000,2.10,12.429,-27.729,3.910,347,14,16,,
T,2026-07-18 17:37:27.000,26.42207000,-80.17081333,2.00,11.529,-27.729,3.937,352,14,16,,
T,2026-07-18 17:37:28.000,26.42211000,-80.17082333,1.90,11.129,-27.729,3.985,351,14,16,,
T,2026-07-18 17:37:29.000,26.42215000,-80.17083167,2.00,10.229,-27.729,4.028,352,14,16,,
T,2026-07-18 17:37:30.000,26.42218500,-80.17083667,2.00,10.029,-27.729,4.068,359,14,16,,
T,2026-07-18 17:37:31.000,26.42222167,-80.17084000,1.90,9.829,-27.729,4.074,359,14,16,,
T,2026-07-18 17:37:32.000,26.42226333,-80.17084333,1.80,10.029,-27.729,4.072,359,14,16,,
T,2026-07-18 17:37:33.000,26.42230000,-80.17084667,1.80,10.129,-27.729,4.096,352,14,16,,
T,2026-07-18 17:37:34.000,26.42233833,-80.17085333,1.80,9.929,-27.729,4.077,355,14,16,,
T,2026-07-18 17:37:35.000,26.42237500,-80.17085500,1.80,10.029,-27.729,4.120,2,14,16,,
T,2026-07-18 17:37:36.000,26.42241167,-80.17086000,1.90,10.029,-27.729,4.056,358,14,16,,
T,2026-07-18 17:37:37.000,26.42244500,-80.17086167,2.00,10.729,-27.729,3.965,355,14,16,,
T,2026-07-18 17:37:38.000,26.42247500,-80.17086667,2.00,11.029,-27.729,3.862,358,14,16,,
T,2026-07-18 17:37:39.000,26.42251833,-80.17086833,2.20,11.529,-27.729,3.843,356,13,17,,
T,2026-07-18 17:37:40.000,26.42256500,-80.17087167,2.30,11.429,-27.729,3.860,358,14,17,,
T,2026-07-18 17:37:41.000,26.42260500,-80.17086667,2.40,11.829,-27.729,3.907,356,13,17,,
T,2026-07-18 17:37:42.000,26.42264667,-80.17086333,2.40,12.229,-27.729,3.944,2,13,17,,
T,2026-07-18 17:37:43.000,26.42268500,-80.17086833,2.50,11.629,-27.729,4.006,3,14,17,,
T,2026-07-18 17:37:44.000,26.42272333,-80.17086833,2.50,11.029,-27.729,4.052,4,14,17,,
T,2026-07-18 17:37:45.000,26.42276167,-80.17086500,2.50,10.629,-27.729,3.989,5,14,17,,
T,2026-07-18 17:37:46.000,26.42280000,-80.17085667,2.50,10.930,-27.730,4.020,6,14,17,,
T,2026-07-18 17:37:47.000,26.42283667,-80.17084333,2.50,11.430,-27.730,4.072,8,14,17,,
T,2026-07-18 17:37:48.000,26.42287833,-80.17083833,2.50,11.530,-27.730,4.235,8,13,17,,
T,2026-07-18 17:37:49.000,26.42292500,-80.17083667,2.60,11.530,-27.730,4.293,0,14,17,,
T,2026-07-18 17:37:50.000,26.42297000,-80.17083333,2.50,11.830,-27.730,4.270,358,14,17,,
T,2026-07-18 17:37:51.000,26.42300667,-80.17083333,2.50,12.130,-27.730,4.221,357,14,17,,
T,2026-07-18 17:37:52.000,26.42304500,-80.17083167,2.50,12.430,-27.730,4.205,357,14,17,,
T,2026-07-18 17:37:53.000,26.42308333,-80.17083667,2.50,11.930,-27.730,4.144,352,14,17,,
T,2026-07-18 17:37:54.000,26.42312000,-80.17084000,2.50,12.230,-27.730,4.079,355,14,17,,
T,2026-07-18 17:37:55.000,26.42315333,-80.17084500,2.50,12.430,-27.730,4.074,358,14,17,,
T,2026-07-18 17:37:56.000,26.42318833,-80.17084667,2.50,12.430,-27.730,4.070,357,14,17,,
T,2026-07-18 17:37:57.000,26.42322167,-80.17084833,2.50,12.130,-27.730,4.074,360,14,17,,
T,2026-07-18 17:37:58.000,26.42324500,-80.17085667,2.50,11.930,-27.730,3.857,357,14,17,,
T,2026-07-18 17:37:59.000,26.42326167,-80.17086333,2.50,11.830,-27.730,3.611,336,14,17,,
T,2026-07-18 17:38:00.000,26.42326833,-80.17086000,2.20,11.730,-27.730,3.347,353,14,17,,
T,2026-07-18 17:38:01.000,26.42328833,-80.17085500,2.10,12.130,-27.730,3.173,9,14,17,,
T,2026-07-18 17:38:02.000,26.42331167,-80.17085667,2.00,11.930,-27.730,2.983,360,14,17,,
T,2026-07-18 17:38:03.000,26.42333333,-80.17085500,2.00,11.830,-27.730,2.826,14,14,17,,
T,2026-07-18 17:38:04.000,26.42335167,-80.17085167,2.10,11.830,-27.730,2.644,9,14,17,,
T,2026-07-18 17:38:05.000,26.42336167,-80.17085333,2.10,10.930,-27.730,2.397,358,14,17,,
T,2026-07-18 17:38:06.000,26.42336000,-80.17085500,2.10,11.030,-27.730,2.089,355,14,17,,
T,2026-07-18 17:38:07.000,26.42336167,-80.17085333,2.20,10.930,-27.730,1.788,357,14,17,,
T,2026-07-18 17:38:08.000,26.42336500,-80.17085500,2.20,10.930,-27.730,1.593,295,13,17,,
T,2026-07-18 17:38:09.000,26.42335500,-80.17085167,2.20,10.930,-27.730,1.495,194,13,17,,
T,2026-07-18 17:38:10.000,26.42334667,-80.17085000,2.20,11.030,-27.730,1.411,147,13,17,,
T,2026-07-18 17:38:11.000,26.42334333,-80.17084833,2.20,11.330,-27.730,1.243,185,14,17,,
T,2026-07-18 17:38:12.000,26.42334000,-80.17085000,2.20,11.130,-27.730,1.028,147,14,17,,
T,2026-07-18 17:38:13.000,26.42333667,-80.17084833,2.10,11.030,-27.730,0.824,142,14,17,,
T,2026-07-18 17:38:14.000,26.42333333,-80.17085333,2.10,10.930,-27.730,0.641,174,14,17,,
T,2026-07-18 17:38:15.000,26.42332667,-80.17085500,2.10,10.530,-27.730,0.518,121,14,17,,
T,2026-07-18 17:38:16.000,26.42332167,-80.17085333,2.00,10.830,-27.730,0.471,187,13,17,,
T,2026-07-18 17:38:17.000,26.42331833,-80.17085667,2.00,10.730,-27.730,0.441,231,13,17,,
T,2026-07-18 17:38:18.000,26.42331667,-80.17085667,2.00,10.630,-27.730,0.411,205,13,17,,
T,2026-07-18 17:38:19.000,26.42331000,-80.17085833,2.00,10.230,-27.730,0.000,,13,17,,
T,2026-07-18 17:38:20.000,26.42330833,-80.17085667,2.00,10.030,-27.730,0.000,,12,17,,
T,2026-07-18 17:38:21.000,26.42330167,-80.17085667,2.00,9.730,-27.730,0.000,,12,17,,
T,2026-07-18 17:38:22.000,26.42330167,-80.17085667,2.10,9.730,-27.730,0.000,,12,17,,
T,2026-07-18 17:38:23.000,26.42330167,-80.17085667,2.00,9.730,-27.730,0.000,,13,17,,
T,2026-07-18 17:38:24.000,26.42330167,-80.17085667,2.00,9.730,-27.730,0.000,,13,17,,
T,2026-07-18 17:38:25.000,26.42330167,-80.17085667,2.00,9.730,-27.730,0.000,,14,17,,
T,2026-07-18 17:38:26.000,26.42330167,-80.17085667,2.00,9.730,-27.730,0.000,,14,17,,
T,2026-07-18 17:38:27.000,26.42330167,-80.17085667,1.90,9.730,-27.730,0.000,,14,17,,
T,2026-07-18 17:38:28.000,26.42330167,-80.17085667,1.90,9.730,-27.730,0.000,,14,18,,
T,2026-07-18 17:38:29.000,26.42330167,-80.17085667,2.00,9.730,-27.730,0.000,,14,18,,
T,2026-07-18 17:38:30.000,26.42330167,-80.17085667,2.00,9.730,-27.730,0.000,,14,18,,
T,2026-07-18 17:38:31.000,26.42330167,-80.17085667,1.90,9.730,-27.730,0.000,,14,18,,
T,2026-07-18 17:38:32.000,26.42330167,-80.17085667,1.90,9.730,-27.730,0.000,,14,18,,
T,2026-07-18 17:38:33.000,26.42330167,-80.17085667,1.90,9.730,-27.730,0.000,,14,18,,
T,2026-07-18 17:38:34.000,26.42330167,-80.17085667,2.00,9.730,-27.730,0.000,,13,18,,
T,2026-07-18 17:38:35.000,26.42330167,-80.17085667,2.00,9.730,-27.730,0.000,,13,18,,
T,2026-07-18 17:38:36.000,26.42330167,-80.17085667,2.00,9.730,-27.730,0.000,,13,18,,
T,2026-07-18 17:38:37.000,26.42330167,-80.17085667,2.00,9.730,-27.730,0.000,,14,18,,
T,2026-07-18 17:38:38.000,26.42330167,-80.17085667,2.00,9.730,-27.730,0.000,,13,18,,
T,2026-07-18 17:38:39.000,26.42330167,-80.17085667,2.00,9.730,-27.730,0.000,,13,18,,
T,2026-07-18 17:38:40.000,26.42330167,-80.17085667,2.00,9.730,-27.730,0.000,,13,18,,
T,2026-07-18 17:38:41.000,26.42330167,-80.17085667,2.00,9.730,-27.730,0.000,,12,18,,
T,2026-07-18 17:38:42.000,26.42330167,-80.17085667,2.10,9.730,-27.730,0.000,,12,18,,
T,2026-07-18 17:38:43.000,26.42330167,-80.17085667,2.10,9.730,-27.730,0.000,,11,18,,
T,2026-07-18 17:38:44.000,26.42330167,-80.17085667,2.10,9.730,-27.730,0.000,,11,18,,
T,2026-07-18 17:38:45.000,26.42330167,-80.17085667,2.10,9.730,-27.730,0.000,,11,18,,
T,2026-07-18 17:38:46.000,26.42330167,-80.17085667,2.10,9.730,-27.730,0.000,,11,18,,
T,2026-07-18 17:38:47.000,26.42330167,-80.17085667,2.10,9.730,-27.730,0.000,,11,18,,
T,2026-07-18 17:38:48.000,26.42330167,-80.17085667,2.10,9.730,-27.730,0.000,,11,18,,
T,2026-07-18 17:38:49.000,26.42330167,-80.17085667,2.10,9.730,-27.730,0.000,,11,18,,
T,2026-07-18 17:38:50.000,26.42330167,-80.17085667,2.10,9.730,-27.730,0.000,,11,18,,
T,2026-07-18 17:38:51.000,26.42330167,-80.17085667,2.10,9.730,-27.730,0.000,,11,18,,
T,2026-07-18 17:38:52.000,26.42330167,-80.17085667,2.10,9.730,-27.730,0.000,,11,18,,
T,2026-07-18 17:38:53.000,26.42330167,-80.17085667,2.10,9.730,-27.730,0.000,,11,18,,
T,2026-07-18 17:38:54.000,26.42330167,-80.17085667,2.10,9.730,-27.730,0.000,,11,18,,
T,2026-07-18 17:38:55.000,26.42330167,-80.17085667,2.10,9.730,-27.730,0.000,,11,18,,
T,2026-07-18 17:38:56.000,26.42330167,-80.17085667,2.10,9.730,-27.730,0.000,,11,18,,
T,2026-07-18 17:38:57.000,26.42330167,-80.17085667,2.10,9.730,-27.730,0.000,,11,18,,
T,2026-07-18 17:38:58.000,26.42330167,-80.17085667,2.00,9.730,-27.730,0.000,,11,18,,
T,2026-07-18 17:38:59.000,26.42330167,-80.17085667,2.00,9.730,-27.730,0.000,,11,18,,
T,2026-07-18 17:39:00.000,26.42330167,-80.17085667,2.00,9.730,-27.730,0.000,,11,18,,
T,2026-07-18 17:39:01.000,26.42330167,-80.17085667,2.00,9.730,-27.730,0.000,,11,18,,
T,2026-07-18 17:39:02.000,26.42330167,-80.17085667,2.00,9.730,-27.730,0.000,,11,18,,
T,2026-07-18 17:39:03.000,26.42330167,-80.17085667,2.00,9.730,-27.730,0.000,,11,18,,
T,2026-07-18 17:39:04.000,26.42330167,-80.17085667,2.00,9.730,-27.730,0.000,,12,18,,
T,2026-07-18 17:39:05.000,26.42330167,-80.17085667,2.00,9.730,-27.730,0.000,,12,18,,
T,2026-07-18 17:39:06.000,26.42330167,-80.17085667,2.00,9.730,-27.730,0.000,,12,18,,
T,2026-07-18 17:39:07.000,26.42330167,-80.17085667,2.00,9.730,-27.730,0.000,,12,18,,
T,2026-07-18 17:39:08.000,26.42330167,-80.17085667,2.00,9.730,-27.730,0.000,,12,18,,
T,2026-07-18 17:39:09.000,26.42330167,-80.17085667,2.00,9.730,-27.730,0.000,,12,18,,
T,2026-07-18 17:39:10.000,26.42330167,-80.17085667,2.00,9.730,-27.730,0.000,,12,18,,
T,2026-07-18 17:39:11.000,26.42330167,-80.17085667,1.90,9.730,-27.730,0.000,,12,18,,
T,2026-07-18 17:39:12.000,26.42330167,-80.17085667,2.00,9.730,-27.730,0.000,,12,18,,
T,2026-07-18 17:39:13.000,26.42330167,-80.17085667,1.90,9.730,-27.730,0.000,,12,18,,
T,2026-07-18 17:39:14.000,26.42330167,-80.17085667,1.90,9.730,-27.730,0.000,,12,18,,
T,2026-07-18 17:39:15.000,26.42330167,-80.17085667,1.90,9.730,-27.730,0.000,,12,18,,
T,2026-07-18 17:39:16.000,26.42330167,-80.17085667,1.90,9.730,-27.730,0.000,,12,18,,
T,2026-07-18 17:39:17.000,26.42330167,-80.17085667,1.90,9.730,-27.730,0.000,,11,18,,
T,2026-07-18 17:39:18.000,26.42330167,-80.17085667,1.90,9.730,-27.730,0.000,,11,18,,
T,2026-07-18 17:39:19.000,26.42330167,-80.17085667,1.90,9.730,-27.730,0.000,,11,18,,
T,2026-07-18 17:39:20.000,26.42330167,-80.17085667,1.90,9.730,-27.730,0.000,,11,18,,
T,2026-07-18 17:39:21.000,26.42330167,-80.17085667,1.90,9.730,-27.730,0.000,,11,18,,
T,2026-07-18 17:39:22.000,26.42330167,-80.17085667,1.90,9.730,-27.730,0.000,,11,18,,
T,2026-07-18 17:39:23.000,26.42330167,-80.17085667,1.90,9.730,-27.730,0.000,,12,18,,
T,2026-07-18 17:39:24.000,26.42330167,-80.17085667,1.90,9.730,-27.730,0.000,,12,18,,
T,2026-07-18 17:39:25.000,26.42330167,-80.17085667,1.90,9.730,-27.730,0.000,,12,18,,
T,2026-07-18 17:39:26.000,26.42330167,-80.17085667,1.90,9.730,-27.730,0.000,,12,18,,
T,2026-07-18 17:39:27.000,26.42330167,-80.17085667,1.90,9.730,-27.730,0.000,,12,18,,
T,2026-07-18 17:39:28.000,26.42330167,-80.17085667,1.90,9.730,-27.730,0.000,,12,18,,
T,2026-07-18 17:39:29.000,26.42330167,-80.17085667,1.90,9.730,-27.730,0.000,,12,18,,
T,2026-07-18 17:39:30.000,26.42330167,-80.17085667,1.90,9.730,-27.730,0.000,,12,18,,
T,2026-07-18 17:39:31.000,26.42330167,-80.17085667,1.90,9.730,-27.730,0.000,,12,18,,
T,2026-07-18 17:39:32.000,26.42330167,-80.17085667,1.90,9.730,-27.730,0.000,,12,18,,
T,2026-07-18 17:39:33.000,26.42330167,-80.17085667,1.90,9.730,-27.730,0.000,,12,18,,
T,2026-07-18 17:39:34.000,26.42331667,-80.17085667,1.90,10.430,-27.730,0.253,224,12,18,,
T,2026-07-18 17:39:35.000,26.42331667,-80.17085833,1.90,10.430,-27.730,0.270,221,12,18,,
T,2026-07-18 17:39:36.000,26.42331333,-80.17086167,1.90,10.030,-27.730,0.000,,12,18,,
T,2026-07-18 17:39:37.000,26.42331000,-80.17086333,1.80,9.830,-27.730,0.000,,12,18,,
T,2026-07-18 17:39:38.000,26.42330833,-80.17086333,1.80,9.530,-27.730,0.000,,12,18,,
T,2026-07-18 17:39:39.000,26.42330833,-80.17086333,1.90,9.530,-27.730,0.000,,12,18,,
T,2026-07-18 17:39:40.000,26.42330833,-80.17086333,1.90,9.530,-27.730,0.000,,12,18,,
T,2026-07-18 17:39:41.000,26.42330833,-80.17086333,1.90,9.530,-27.730,0.000,,12,18,,
T,2026-07-18 17:39:42.000,26.42330833,-80.17086333,1.90,9.530,-27.730,0.000,,12,18,,
T,2026-07-18 17:39:43.000,26.42330833,-80.17086333,2.00,9.530,-27.730,0.000,,12,18,,
T,2026-07-18 17:39:44.000,26.42330833,-80.17086333,2.00,9.530,-27.730,0.000,,12,18,,
T,2026-07-18 17:39:45.000,26.42330833,-80.17086333,2.00,9.530,-27.730,0.000,,12,18,,
T,2026-07-18 17:39:46.000,26.42330833,-80.17086333,1.90,9.530,-27.730,0.000,,13,18,,
T,2026-07-18 17:39:47.000,26.42330833,-80.17086333,1.90,9.530,-27.730,0.000,,13,18,,
T,2026-07-18 17:39:48.000,26.42330833,-80.17086333,2.00,9.530,-27.730,0.000,,13,18,,
T,2026-07-18 17:39:49.000,26.42330833,-80.17086333,2.00,9.530,-27.730,0.000,,13,18,,
T,2026-07-18 17:39:50.000,26.42330833,-80.17086333,2.00,9.530,-27.730,0.000,,13,18,,
T,2026-07-18 17:39:51.000,26.42330833,-80.17086333,2.00,9.530,-27.730,0.000,,13,18,,
T,2026-07-18 17:39:52.000,26.42330833,-80.17086333,2.00,9.530,-27.730,0.000,,13,18,,
T,2026-07-18 17:39:53.000,26.42330833,-80.17086333,2.00,9.530,-27.730,0.000,,12,18,,
T,2026-07-18 17:39:54.000,26.42327000,-80.17087333,2.00,6.730,-27.730,0.261,170,12,18,,
T,2026-07-18 17:39:55.000,26.42326167,-80.17087333,2.00,6.630,-27.730,0.348,168,13,18,,
T,2026-07-18 17:39:56.000,26.42324667,-80.17087500,2.00,6.230,-27.730,0.479,164,13,18,,
T,2026-07-18 17:39:57.000,26.42323667,-80.17087167,2.10,6.030,-27.730,0.585,162,13,18,,
T,2026-07-18 17:39:58.000,26.42322833,-80.17086667,2.00,5.830,-27.730,0.640,155,13,18,,
T,2026-07-18 17:39:59.000,26.42321833,-80.17086500,2.10,5.730,-27.730,0.717,155,13,18,,
T,2026-07-18 17:40:00.000,26.42321167,-80.17086167,2.00,5.730,-27.730,0.779,158,13,18,,
T,2026-07-18 17:40:01.000,26.42320167,-80.17086000,2.10,5.830,-27.730,0.841,171,13,18,,
T,2026-07-18 17:40:02.000,26.42319333,-80.17086167,2.00,6.030,-27.730,0.899,181,13,18,,
T,2026-07-18 17:40:03.000,26.42318833,-80.17086667,2.00,6.030,-27.730,0.913,177,13,18,,
T,2026-07-18 17:40:04.000,26.42318833,-80.17086333,2.00,6.230,-27.730,0.873,164,13,18,,
T,2026-07-18 17:40:05.000,26.42318833,-80.17086333,1.90,6.830,-27.730,0.798,138,13,18,,
T,2026-07-18 17:40:06.000,26.42319167,-80.17086167,1.90,7.130,-27.730,0.675,90,13,18,,
T,2026-07-18 17:40:07.000,26.42319500,-80.17085833,1.80,7.530,-27.730,0.569,86,13,18,,
T,2026-07-18 17:40:08.000,26.42320000,-80.17085667,1.80,7.830,-27.730,0.494,20,14,18,,
T,2026-07-18 17:40:09.000,26.42320500,-80.17085667,1.80,8.130,-27.730,0.448,334,14,18,,
T,2026-07-18 17:40:10.000,26.42321000,-80.17085667,1.90,8.230,-27.730,0.486,340,14,18,,
T,2026-07-18 17:40:11.000,26.42322833,-80.17086000,1.90,8.330,-27.730,0.617,350,14,18,,
T,2026-07-18 17:40:12.000,26.42324833,-80.17085833,1.90,8.630,-27.730,0.746,352,14,18,,
T,2026-07-18 17:40:13.000,26.42327000,-80.17085167,2.10,8.630,-27.730,0.937,1,13,18,,
T,2026-07-18 17:40:14.000,26.42329333,-80.17084500,2.20,9.030,-27.730,1.125,3,13,18,,
T,2026-07-18 17:40:15.000,26.42331500,-80.17084000,2.20,9.530,-27.730,1.367,12,13,18,,
T,2026-07-18 17:40:16.000,26.42334500,-80.17083667,2.30,9.630,-27.730,1.622,11,13,18,,
T,2026-07-18 17:40:17.000,26.42337167,-80.17083500,2.30,10.330,-27.730,1.864,8,13,18,,
T,2026-07-18 17:40:18.000,26.42339500,-80.17084333,2.20,11.230,-27.730,2.114,359,13,18,,
T,2026-07-18 17:40:19.000,26.42342000,-80.17084500,2.20,11.830,-27.730,2.330,356,13,18,,
T,2026-07-18 17:40:20.000,26.42345000,-80.17083667,2.20,11.930,-27.730,2.479,12,14,18,,
T,2026-07-18 17:40:21.000,26.42347167,-80.17083333,2.10,11.930,-27.730,2.523,360,14,18,,
T,2026-07-18 17:40:22.000,26.42349333,-80.17083333,2.10,11.130,-27.730,2.578,14,14,18,,
T,2026-07-18 17:40:23.000,26.42351833,-80.17082333,2.00,10.930,-27.730,2.623,22,14,18,,
T,2026-07-18 17:40:24.000,26.42354000,-80.17081000,2.10,10.730,-27.730,2.660,29,14,18,,
T,2026-07-18 17:40:25.000,26.42356167,-80.17079333,2.00,10.630,-27.730,2.688,32,14,18,,
T,2026-07-18 17:40:26.000,26.42358500,-80.17077000,2.00,10.430,-27.730,2.698,47,14,18,,
T,2026-07-18 17:40:27.000,26.42360500,-80.17074667,2.00,10.530,-27.730,2.747,49,14,18,,
T,2026-07-18 17:40:28.000,26.42362000,-80.17072833,2.10,10.931,-27.731,2.712,58,14,18,,
T,2026-07-18 17:40:29.000,26.42363000,-80.17070667,2.20,10.831,-27.731,2.689,67,14,18,,
T,2026-07-18 17:40:30.000,26.42363500,-80.17067500,2.10,11.131,-27.731,2.662,78,14,18,,
T,2026-07-18 17:40:31.000,26.42363500,-80.17064000,2.10,11.031,-27.731,2.691,90,14,18,,
T,2026-07-18 17:40:32.000,26.42363000,-80.17061000,2.10,11.131,-27.731,2.691,95,14,18,,
T,2026-07-18 17:40:33.000,26.42362833,-80.17058000,2.10,11.031,-27.731,2.683,94,14,18,,
T,2026-07-18 17:40:34.000,26.42362833,-80.17055500,2.10,10.931,-27.731,2.697,87,14,18,,
T,2026-07-18 17:40:35.000,26.42362667,-80.17052833,2.00,11.631,-27.731,2.683,85,14,18,,
T,2026-07-18 17:40:36.000,26.42362833,-80.17050167,2.00,11.531,-27.731,2.654,80,14,18,,
T,2026-07-18 17:40:37.000,26.42363333,-80.17047333,2.10,11.432,-27.732,2.621,75,14,18,,
T,2026-07-18 17:40:38.000,26.42364167,-80.17043833,2.00,10.632,-27.732,2.692,72,14,18,,
T,2026-07-18 17:40:39.000,26.42365167,-80.17040667,2.00,10.032,-27.732,2.781,70,14,18,,
T,2026-07-18 17:40:40.000,26.42366167,-80.17038167,2.20,9.432,-27.732,2.792,61,14,18,,
T,2026-07-18 17:40:41.000,26.42367500,-80.17035833,2.30,9.532,-27.732,2.837,74,15,18,,
T,2026-07-18 17:40:42.000,26.42368333,-80.17032833,2.20,9.532,-27.732,2.837,70,15,18,,
T,2026-07-18 17:40:43.000,26.42369333,-80.17031167,2.20,8.932,-27.732,2.738,54,15,18,,
T,2026-07-18 17:40:44.000,26.42370167,-80.17028333,2.10,9.132,-27.732,2.667,58,15,18,,
T,2026-07-18 17:40:45.000,26.42371000,-80.17025667,2.10,9.632,-27.732,2.598,60,15,18,,
T,2026-07-18 17:40:46.000,26.42371667,-80.17023167,2.10,9.933,-27.733,2.575,62,15,18,,
T,2026-07-18 17:40:47.000,26.42372500,-80.17020833,2.10,9.833,-27.733,2.515,68,15,18,,
T,2026-07-18 17:40:48.000,26.42372667,-80.17018333,2.10,9.433,-27.733,2.434,80,15,18,,
T,2026-07-18 17:40:49.000,26.42373167,-80.17015333,2.10,9.333,-27.733,2.348,86,15,18,,
T,2026-07-18 17:40:50.000,26.42373000,-80.17013000,2.10,9.333,-27.733,2.327,91,15,18,,
T,2026-07-18 17:40:51.000,26.42372167,-80.17010167,2.00,10.333,-27.733,2.262,98,15,18,,
T,2026-07-18 17:40:52.000,26.42372167,-80.17006833,2.10,10.733,-27.733,2.240,91,15,18,,
T,2026-07-18 17:40:53.000,26.42372167,-80.17003667,2.10,10.933,-27.733,2.329,80,15,18,,
T,2026-07-18 17:40:54.000,26.42373000,-80.17000167,2.00,10.134,-27.734,2.394,76,15,18,,
T,2026-07-18 17:40:55.000,26.42374333,-80.16996333,2.00,9.334,-27.734,2.488,74,15,18,,
T,2026-07-18 17:40:56.000,26.42375167,-80.16992667,1.90,9.034,-27.734,2.600,70,15,18,,
T,2026-07-18 17:40:57.000,26.42376333,-80.16989333,2.10,9.034,-27.734,2.707,71,15,18,,
T,2026-07-18 17:40:58.000,26.42377333,-80.16986000,2.20,9.034,-27.734,2.798,73,15,18,,
T,2026-07-18 17:40:59.000,26.42378167,-80.16982667,2.30,9.134,-27.734,2.893,77,15,18,,
T,2026-07-18 17:41:00.000,26.42378500,-80.16979333,2.30,9.234,-27.734,2.998,80,15,18,,
T,2026-07-18 17:41:01.000,26.42379000,-80.16975500,2.30,9.435,-27.735,3.102,78,15,18,,
T,2026-07-18 17:41:02.000,26.42378833,-80.16972167,2.30,9.435,-27.735,3.184,91,15,18,,
T,2026-07-18 17:41:03.000,26.42379000,-80.16968667,2.40,9.535,-27.735,3.244,90,15,18,,
T,2026-07-18 17:41:04.000,26.42379333,-80.16965000,2.40,9.535,-27.735,3.294,86,15,18,,
T,2026-07-18 17:41:05.000,26.42379500,-80.16961333,2.40,9.335,-27.735,3.335,91,15,18,,
T,2026-07-18 17:41:06.000,26.42379667,-80.16957500,2.40,9.435,-27.735,3.347,82,15,18,,
T,2026-07-18 17:41:07.000,26.42380000,-80.16953833,2.40,9.536,-27.736,3.359,87,15,18,,
T,2026-07-18 17:41:08.000,26.42380000,-80.16950167,2.40,9.536,-27.736,3.381,86,15,18,,
T,2026-07-18 17:41:09.000,26.42380000,-80.16946667,2.30,9.636,-27.736,3.370,87,15,18,,
T,2026-07-18 17:41:10.000,26.42380167,-80.16943167,2.30,9.636,-27.736,3.369,89,15,18,,
T,2026-07-18 17:41:11.000,26.42380167,-80.16939667,2.30,9.836,-27.736,3.356,88,15,18,,
T,2026-07-18 17:41:12.000,26.42380000,-80.16936167,2.40,10.036,-27.736,3.352,89,14,18,,
T,2026-07-18 17:41:13.000,26.42380167,-80.16933167,2.40,9.836,-27.736,3.323,87,14,18,,
T,2026-07-18 17:41:14.000,26.42380000,-80.16930000,2.40,9.936,-27.736,3.298,85,14,18,,
T,2026-07-18 17:41:15.000,26.42380333,-80.16926833,2.40,10.137,-27.737,3.261,87,15,18,,
T,2026-07-18 17:41:16.000,26.42380500,-80.16923500,2.40,10.437,-27.737,3.241,87,15,18,,
T,2026-07-18 17:41:17.000,26.42380500,-80.16920167,2.40,10.537,-27.737,3.247,87,15,18,,
T,2026-07-18 17:41:18.000,26.42380667,-80.16916667,2.40,10.737,-27.737,3.248,86,15,18,,
T,2026-07-18 17:41:19.000,26.42380667,-80.16913167,2.40,10.937,-27.737,3.290,87,15,18,,
T,2026-07-18 17:41:20.000,26.42380833,-80.16909500,2.40,11.137,-27.737,3.302,87,15,18,,
T,2026-07-18 17:41:21.000,26.42381000,-80.16906167,2.30,10.537,-27.737,3.292,88,15,18,,
T,2026-07-18 17:41:22.000,26.42381000,-80.16902667,2.40,10.538,-27.738,3.294,90,15,18,,
T,2026-07-18 17:41:23.000,26.42381000,-80.16899167,2.40,10.638,-27.738,3.318,91,15,18,,
T,2026-07-18 17:41:24.000,26.42380833,-80.16896000,2.40,10.838,-27.738,3.330,90,15,18,,
T,2026-07-18 17:41:25.000,26.42380833,-80.16892833,2.40,10.938,-27.738,3.338,89,15,18,,
T,2026-07-18 17:41:26.000,26.42380667,-80.16889667,2.40,11.238,-27.738,3.317,90,15,18,,
T,2026-07-18 17:41:27.000,26.42380667,-80.16886667,2.40,11.238,-27.738,3.293,91,15,18,,
T,2026-07-18 17:41:28.000,26.42380667,-80.16883333,2.40,11.238,-27.738,3.294,92,15,18,,
T,2026-07-18 17:41:29.000,26.42380333,-80.16879833,2.40,11.039,-27.739,3.272,91,15,18,,
T,2026-07-18 17:41:30.000,26.42380500,-80.16876500,2.40,11.239,-27.739,3.274,91,14,18,,
T,2026-07-18 17:41:31.000,26.42380500,-80.16873167,2.50,11.339,-27.739,3.300,95,14,18,,
T,2026-07-18 17:41:32.000,26.42380500,-80.16869833,2.50,11.339,-27.739,3.322,93,14,18,,
T,2026-07-18 17:41:33.000,26.42380833,-80.16866667,2.40,11.739,-27.739,3.319,90,14,18,,
T,2026-07-18 17:41:34.000,26.42380833,-80.16863333,2.40,11.939,-27.739,3.339,93,14,18,,
T,2026-07-18 17:41:35.000,26.42380667,-80.16860000,2.40,11.939,-27.739,3.359,92,14,18,,
T,2026-07-18 17:41:36.000,26.42380667,-80.16856500,2.40,11.940,-27.740,3.397,89,14,18,,
T,2026-07-18 17:41:37.000,26.42380833,-80.16853000,2.40,11.940,-27.740,3.432,87,14,18,,
T,2026-07-18 17:41:38.000,26.42381000,-80.16849667,2.40,11.940,-27.740,3.434,88,14,18,,
T,2026-07-18 17:41:39.000,26.42381167,-80.16846333,2.40,12.140,-27.740,3.413,87,14,18,,
T,2026-07-18 17:41:40.000,26.42381333,-80.16843167,2.40,12.440,-27.740,3.371,87,14,18,,
T,2026-07-18 17:41:41.000,26.42381667,-80.16840000,2.40,12.540,-27.740,3.333,87,14,18,,
T,2026-07-18 17:41:42.000,26.42382000,-80.16837000,2.50,12.340,-27.740,3.311,86,14,18,,
T,2026-07-18 17:41:43.000,26.42382500,-80.16834000,2.50,12.140,-27.740,3.316,85,14,18,,
T,2026-07-18 17:41:44.000,26.42382833,-80.16830667,2.50,12.141,-27.741,3.318,79,14,18,,
T,2026-07-18 17:41:45.000,26.42383667,-80.16827500,2.50,12.041,-27.741,3.307,76,14,18,,
T,2026-07-18 17:41:46.000,26.42384000,-80.16824333,2.50,11.641,-27.741,3.278,88,14,18,,
T,2026-07-18 17:41:47.000,26.42383833,-80.16821167,2.50,11.941,-27.741,3.235,91,14,18,,
T,2026-07-18 17:41:48.000,26.42383500,-80.16817833,2.50,12.341,-27.741,3.226,95,14,18,,
T,2026-07-18 17:41:49.000,26.42383167,-80.16814500,2.40,12.441,-27.741,3.243,94,14,18,,
T,2026-07-18 17:41:50.000,26.42383167,-80.16811167,2.40,12.341,-27.741,3.252,87,14,18,,
T,2026-07-18 17:41:51.000,26.42383333,-80.16808000,2.40,12.542,-27.742,3.247,88,14,18,,
T,2026-07-18 17:41:52.000,26.42383667,-80.16805000,2.40,12.842,-27.742,3.247,86,14,18,,
T,2026-07-18 17:41:53.000,26.42383833,-80.16801667,2.50,12.742,-27.742,3.253,88,14,18,,
T,2026-07-18 17:41:54.000,26.42383667,-80.16798333,2.50,12.542,-27.742,3.244,91,14,18,,
T,2026-07-18 17:41:55.000,26.42383500,-80.16795000,2.40,12.342,-27.742,3.241,88,14,18,,
T,2026-07-18 17:41:56.000,26.42383500,-80.16791833,2.30,12.242,-27.742,3.259,91,14,18,,
T,2026-07-18 17:41:57.000,26.42383333,-80.16788500,2.30,11.842,-27.742,3.298,91,14,18,,
T,2026-07-18 17:41:58.000,26.42382833,-80.16785000,2.30,12.242,-27.742,3.334,102,14,18,,
T,2026-07-18 17:41:59.000,26.42382500,-80.16781500,2.40,12.243,-27.743,3.354,98,14,18,,
T,2026-07-18 17:42:00.000,26.42382167,-80.16778167,2.40,12.443,-27.743,3.373,96,14,18,,
T,2026-07-18 17:42:01.000,26.42382000,-80.16775000,2.40,12.643,-27.743,3.394,93,14,18,,
T,2026-07-18 17:42:02.000,26.42381833,-80.16771833,2.40,12.943,-27.743,3.385,89,14,18,,
T,2026-07-18 17:42:03.000,26.42381833,-80.16768500,2.40,12.943,-27.743,3.363,91,14,18,,
T,2026-07-18 17:42:04.000,26.42381667,-80.16765167,2.40,12.943,-27.743,3.351,91,14,18,,
T,2026-07-18 17:42:05.000,26.42381500,-80.16761833,2.40,12.843,-27.743,3.358,92,14,18,,
T,2026-07-18 17:42:06.000,26.42381500,-80.16758333,2.40,12.344,-27.744,3.358,94,14,18,,
T,2026-07-18 17:42:07.000,26.42381667,-80.16754833,2.40,11.744,-27.744,3.346,94,14,18,,
T,2026-07-18 17:42:08.000,26.42381833,-80.16751500,2.40,11.244,-27.744,3.313,92,14,18,,
T,2026-07-18 17:42:09.000,26.42382000,-80.16748167,2.30,11.144,-27.744,3.297,93,14,18,,
T,2026-07-18 17:42:10.000,26.42382000,-80.16744667,2.30,10.744,-27.744,3.289,89,14,18,,
T,2026-07-18 17:42:11.000,26.42382333,-80.16741333,2.30,10.444,-27.744,3.294,89,14,18,,
T,2026-07-18 17:42:12.000,26.42382500,-80.16738000,2.30,10.344,-27.744,3.316,87,14,18,,
T,2026-07-18 17:42:13.000,26.42382500,-80.16734500,2.40,10.045,-27.745,3.335,87,14,18,,
T,2026-07-18 17:42:14.000,26.42382500,-80.16731000,2.40,9.645,-27.745,3.355,88,14,18,,
T,2026-07-18 17:42:15.000,26.42382500,-80.16727667,2.30,9.545,-27.745,3.352,86,14,18,,
T,2026-07-18 17:42:16.000,26.42382500,-80.16724333,2.30,9.445,-27.745,3.354,86,14,18,,
T,2026-07-18 17:42:17.000,26.42382667,-80.16721167,2.40,9.445,-27.745,3.337,88,14,18,,
T,2026-07-18 17:42:18.000,26.42382833,-80.16718000,2.40,9.645,-27.745,3.311,91,14,18,,
T,2026-07-18 17:42:19.000,26.42383167,-80.16715167,2.40,9.445,-27.745,3.249,88,14,18,,
T,2026-07-18 17:42:20.000,26.42383000,-80.16712500,2.40,9.345,-27.745,3.196,91,14,18,,
T,2026-07-18 17:42:21.000,26.42382667,-80.16709667,1.90,9.546,-27.746,3.130,91,14,18,,
T,2026-07-18 17:42:22.000,26.42382667,-80.16706667,1.80,9.246,-27.746,3.071,91,14,18,,
T,2026-07-18 17:42:23.000,26.42382667,-80.16704333,1.80,9.246,-27.746,3.018,86,14,18,,
T,2026-07-18 17:42:24.000,26.42383000,-80.16701667,1.80,9.146,-27.746,2.966,85,14,18,,
T,2026-07-18 17:42:25.000,26.42383333,-80.16698833,1.80,9.246,-27.746,2.941,78,14,18,,
T,2026-07-18 17:42:26.000,26.42383500,-80.16695833,1.80,9.146,-27.746,2.927,81,14,18,,
T,2026-07-18 17:42:27.000,26.42383667,-80.16692667,2.10,9.246,-27.746,2.901,89,14,18,,
T,2026-07-18 17:42:28.000,26.42383833,-80.16689667,2.20,9.046,-27.746,2.886,98,14,18,,
T,2026-07-18 17:42:29.000,26.42384500,-80.16686500,2.00,8.947,-27.747,2.908,90,14,18,,
T,2026-07-18 17:42:30.000,26.42385000,-80.16683333,1.80,8.347,-27.747,2.944,91,14,18,,
T,2026-07-18 17:42:31.000,26.42384833,-80.16680000,1.80,7.747,-27.747,2.993,90,14,18,,
T,2026-07-18 17:42:32.000,26.42384667,-80.16676667,2.00,7.847,-27.747,3.023,91,14,18,,
T,2026-07-18 17:42:33.000,26.42384333,-80.16673500,2.10,7.747,-27.747,3.044,91,14,18,,
T,2026-07-18 17:42:34.000,26.42384167,-80.16670500,2.20,7.747,-27.747,3.046,89,14,18,,
T,2026-07-18 17:42:35.000,26.42383833,-80.16667500,2.20,8.247,-27.747,3.050,91,14,18,,
T,2026-07-18 17:42:36.000,26.42383333,-80.16664500,1.90,9.147,-27.747,3.021,90,14,18,,
T,2026-07-18 17:42:37.000,26.42383167,-80.16661500,2.10,9.048,-27.748,3.023,90,14,18,,
T,2026-07-18 17:42:38.000,26.42382500,-80.16658500,1.90,9.748,-27.748,3.021,80,14,18,,
T,2026-07-18 17:42:39.000,26.42382500,-80.16655833,1.90,10.248,-27.748,2.990,87,14,18,,
T,2026-07-18 17:42:40.000,26.42382333,-80.16653167,1.80,11.148,-27.748,2.959,90,14,18,,
T,2026-07-18 17:42:41.000,26.42382167,-80.16650000,1.80,11.548,-27.748,2.921,90,14,18,,
T,2026-07-18 17:42:42.000,26.42382333,-80.16647333,1.80,11.548,-27.748,2.876,93,14,18,,
T,2026-07-18 17:42:43.000,26.42382333,-80.16644500,1.80,11.248,-27.748,2.829,96,14,18,,
T,2026-07-18 17:42:44.000,26.42382167,-80.16641500,1.80,10.648,-27.748,2.816,102,14,18,,
T,2026-07-18 17:42:45.000,26.42381833,-80.16638500,1.80,10.248,-27.748,2.817,97,14,18,,
T,2026-07-18 17:42:46.000,26.42381333,-80.16635000,1.80,9.649,-27.749,2.841,95,14,18,,
T,2026-07-18 17:42:47.000,26.42381000,-80.16631833,2.00,9.649,-27.749,2.854,95,14,18,,
T,2026-07-18 17:42:48.000,26.42380833,-80.16628667,2.10,9.649,-27.749,2.886,93,14,18,,
T,2026-07-18 17:42:49.000,26.42380833,-80.16625500,2.20,9.449,-27.749,2.937,91,14,18,,
T,2026-07-18 17:42:50.000,26.42380833,-80.16622333,2.30,9.349,-27.749,2.956,89,14,18,,
T,2026-07-18 17:42:51.000,26.42380833,-80.16619167,2.30,9.249,-27.749,2.987,89,14,18,,
T,2026-07-18 17:42:52.000,26.42380667,-80.16616000,2.40,9.149,-27.749,3.017,90,14,18,,
T,2026-07-18 17:42:53.000,26.42380667,-80.16612833,2.40,9.250,-27.750,3.050,90,14,18,,
T,2026-07-18 17:42:54.000,26.42380500,-80.16610000,2.00,10.050,-27.750,3.055,95,14,18,,
T,2026-07-18 17:42:55.000,26.42380167,-80.16607500,1.90,10.650,-27.750,3.014,93,14,18,,
T,2026-07-18 17:42:56.000,26.42379667,-80.16605000,1.80,10.650,-27.750,2.978,95,14,18,,
T,2026-07-18 17:42:57.000,26.42379333,-80.16601833,1.70,10.350,-27.750,2.941,93,14,18,,
T,2026-07-18 17:42:58.000,26.42379500,-80.16598667,1.80,10.350,-27.750,2.907,90,14,18,,
T,2026-07-18 17:42:59.000,26.42379500,-80.16595833,1.80,10.450,-27.750,2.869,85,14,18,,
T,2026-07-18 17:43:00.000,26.42379500,-80.16593167,1.80,10.950,-27.750,2.848,86,14,18,,
T,2026-07-18 17:43:01.000,26.42379833,-80.16590667,1.80,11.050,-27.750,2.819,84,14,18,,
T,2026-07-18 17:43:02.000,26.42380333,-80.16588167,1.80,10.451,-27.751,2.812,78,14,18,,
T,2026-07-18 17:43:03.000,26.42381000,-80.16585833,1.80,9.951,-27.751,2.810,81,14,18,,
T,2026-07-18 17:43:04.000,26.42381333,-80.16582833,1.80,9.551,-27.751,2.836,79,14,18,,
T,2026-07-18 17:43:05.000,26.42381500,-80.16580167,1.80,9.251,-27.751,2.857,90,14,18,,
T,2026-07-18 17:43:06.000,26.42381667,-80.16577333,2.00,9.051,-27.751,2.853,83,14,18,,
T,2026-07-18 17:43:07.000,26.42381500,-80.16574333,1.90,8.851,-27.751,2.856,91,14,18,,
T,2026-07-18 17:43:08.000,26.42381000,-80.16572000,1.80,8.051,-27.751,2.810,104,14,18,,
T,2026-07-18 17:43:09.000,26.42379833,-80.16569167,1.80,8.151,-27.751,2.792,104,14,18,,
T,2026-07-18 17:43:10.000,26.42379000,-80.16566500,1.70,8.351,-27.751,2.753,125,14,18,,
T,2026-07-18 17:43:11.000,26.42377833,-80.16564667,1.70,8.452,-27.752,2.686,117,14,18,,
T,2026-07-18 17:43:12.000,26.42377667,-80.16562500,1.60,8.852,-27.752,2.625,97,14,18,,
T,2026-07-18 17:43:13.000,26.42378167,-80.16560167,1.70,8.352,-27.752,2.603,87,14,18,,
T,2026-07-18 17:43:14.000,26.42378167,-80.16557667,1.80,8.052,-27.752,2.575,91,14,18,,
T,2026-07-18 17:43:15.000,26.42378833,-80.16555000,1.80,7.752,-27.752,2.575,84,14,18,,
T,2026-07-18 17:43:16.000,26.42379167,-80.16552167,1.70,7.952,-27.752,2.556,78,14,18,,
T,2026-07-18 17:43:17.000,26.42379667,-80.16549667,1.70,8.352,-27.752,2.568,73,14,18,,
T,2026-07-18 17:43:18.000,26.42380333,-80.16547167,1.80,8.752,-27.752,2.606,69,14,18,,
T,2026-07-18 17:43:19.000,26.42381000,-80.16544667,1.80,8.952,-27.752,2.622,73,14,18,,
T,2026-07-18 17:43:20.000,26.42381333,-80.16541833,1.80,9.552,-27.752,2.650,75,14,18,,
T,2026-07-18 17:43:21.000,26.42381667,-80.16539333,1.80,9.753,-27.753,2.710,79,14,18,,
T,2026-07-18 17:43:22.000,26.42382167,-80.16536667,1.80,10.053,-27.753,2.768,88,14,18,,
T,2026-07-18 17:43:23.000,26.42382333,-80.16533667,1.80,10.053,-27.753,2.795,86,14,18,,
T,2026-07-18 17:43:24.000,26.42383167,-80.16530500,1.70,10.353,-27.753,2.820,84,14,18,,
T,2026-07-18 17:43:25.000,26.42383833,-80.16528000,1.80,10.353,-27.753,2.829,83,14,18,,
T,2026-07-18 17:43:26.000,26.42384167,-80.16525000,2.00,10.253,-27.753,2.870,81,14,18,,
T,2026-07-18 17:43:27.000,26.42384500,-80.16521667,1.90,9.853,-27.753,2.866,88,14,18,,
T,2026-07-18 17:43:28.000,26.42384167,-80.16518667,2.10,9.953,-27.753,2.865,102,14,18,,
T,2026-07-18 17:43:29.000,26.42383333,-80.16516500,1.90,10.354,-27.754,2.834,116,14,18,,
T,2026-07-18 17:43:30.000,26.42382000,-80.16514333,1.70,9.954,-27.754,2.797,125,14,18,,
T,2026-07-18 17:43:31.000,26.42380667,-80.16512333,1.70,9.854,-27.754,2.771,137,14,18,,
T,2026-07-18 17:43:32.000,26.42378500,-80.16510667,1.70,9.754,-27.754,2.735,141,14,18,,
T,2026-07-18 17:43:33.000,26.42376000,-80.16509500,1.70,9.854,-27.754,2.721,157,14,18,,
T,2026-07-18 17:43:34.000,26.42373500,-80.16509500,1.80,10.254,-27.754,2.663,172,14,18,,
T,2026-07-18 17:43:35.000,26.42371000,-80.16509500,1.80,9.954,-27.754,2.606,181,14,18,,
T,2026-07-18 17:43:36.000,26.42369333,-80.16510167,1.80,9.954,-27.754,2.506,187,14,18,,
T,2026-07-18 17:43:37.000,26.42367667,-80.16511333,1.80,9.954,-27.754,2.427,196,14,18,,
T,2026-07-18 17:43:38.000,26.42365667,-80.16512000,1.70,10.754,-27.754,2.355,186,14,18,,
T,2026-07-18 17:43:39.000,26.42363667,-80.16512500,1.80,10.554,-27.754,2.343,186,14,18,,
T,2026-07-18 17:43:40.000,26.42361167,-80.16512667,1.70,10.154,-27.754,2.350,176,14,18,,
T,2026-07-18 17:43:41.000,26.42358667,-80.16512500,1.70,10.154,-27.754,2.362,178,14,18,,
T,2026-07-18 17:43:42.000,26.42356333,-80.16512333,1.70,10.054,-27.754,2.368,180,14,18,,
T,2026-07-18 17:43:43.000,26.42354333,-80.16511833,1.70,9.954,-27.754,2.348,177,14,18,,
T,2026-07-18 17:43:44.000,26.42352000,-80.16511333,1.60,9.454,-27.754,2.381,173,14,18,,
T,2026-07-18 17:43:45.000,26.42349500,-80.16510500,1.60,9.154,-27.754,2.434,168,14,18,,
T,2026-07-18 17:43:46.000,26.42346667,-80.16509833,1.70,9.154,-27.754,2.535,172,14,18,,
T,2026-07-18 17:43:47.000,26.42343833,-80.16509000,1.70,8.854,-27.754,2.638,168,14,18,,
T,2026-07-18 17:43:48.000,26.42341167,-80.16508333,1.90,8.854,-27.754,2.748,168,14,18,,
T,2026-07-18 17:43:49.000,26.42338167,-80.16507833,2.00,9.054,-27.754,2.833,173,14,18,,
T,2026-07-18 17:43:50.000,26.42335333,-80.16507333,2.10,9.254,-27.754,2.907,178,14,18,,
T,2026-07-18 17:43:51.000,26.42332333,-80.16507000,2.20,9.454,-27.754,2.963,180,14,18,,
T,2026-07-18 17:43:52.000,26.42329333,-80.16506833,2.30,9.554,-27.754,3.019,177,14,18,,
T,2026-07-18 17:43:53.000,26.42326333,-80.16506500,2.30,9.754,-27.754,3.068,180,14,18,,
T,2026-07-18 17:43:54.000,26.42323500,-80.16506500,2.30,9.954,-27.754,3.083,181,14,18,,
T,2026-07-18 17:43:55.000,26.42320833,-80.16506500,2.40,10.154,-27.754,3.077,180,14,18,,
T,2026-07-18 17:43:56.000,26.42318667,-80.16506500,2.10,10.654,-27.754,3.035,180,14,18,,
T,2026-07-18 17:43:57.000,26.42316000,-80.16506500,2.00,10.654,-27.754,3.018,179,14,18,,
T,2026-07-18 17:43:58.000,26.42313833,-80.16506000,1.90,10.254,-27.754,2.960,170,13,18,,
T,2026-07-18 17:43:59.000,26.42311500,-80.16505833,1.80,9.854,-27.754,2.918,171,14,18,,
T,2026-07-18 17:44:00.000,26.42309333,-80.16505500,1.80,9.554,-27.754,2.873,174,14,18,,
T,2026-07-18 17:44:01.000,26.42307000,-80.16504667,1.80,9.954,-27.754,2.826,177,14,18,,
T,2026-07-18 17:44:02.000,26.42304667,-80.16504167,1.80,10.254,-27.754,2.760,169,14,18,,
T,2026-07-18 17:44:03.000,26.42302500,-80.16503500,1.80,9.954,-27.754,2.718,170,14,18,,
T,2026-07-18 17:44:04.000,26.42299833,-80.16503333,1.80,10.154,-27.754,2.712,168,14,18,,
T,2026-07-18 17:44:05.000,26.42297667,-80.16503000,1.80,10.054,-27.754,2.719,175,14,18,,
T,2026-07-18 17:44:06.000,26.42295000,-80.16503333,1.80,9.554,-27.754,2.755,178,14,18,,
T,2026-07-18 17:44:07.000,26.42292167,-80.16503500,1.80,8.954,-27.754,2.753,168,14,18,,
T,2026-07-18 17:44:08.000,26.42289333,-80.16503000,1.90,9.154,-27.754,2.808,164,14,18,,
T,2026-07-18 17:44:09.000,26.42286833,-80.16502333,1.90,9.754,-27.754,2.833,166,14,18,,
T,2026-07-18 17:44:10.000,26.42284167,-80.16502000,1.90,9.854,-27.754,2.839,167,14,18,,
T,2026-07-18 17:44:11.000,26.42281500,-80.16501333,2.00,9.454,-27.754,2.842,176,14,18,,
T,2026-07-18 17:44:12.000,26.42279167,-80.16500833,1.90,9.354,-27.754,2.860,177,14,18,,
T,2026-07-18 17:44:13.000,26.42277000,-80.16500333,2.00,9.254,-27.754,2.864,173,14,18,,
T,2026-07-18 17:44:14.000,26.42274500,-80.16500167,1.90,9.054,-27.754,2.851,173,14,18,,
T,2026-07-18 17:44:15.000,26.42272000,-80.16499667,1.90,9.654,-27.754,2.802,182,13,18,,
T,2026-07-18 17:44:16.000,26.42269333,-80.16500500,1.80,9.154,-27.754,2.799,196,14,18,,
T,2026-07-18 17:44:17.000,26.42266333,-80.16501333,1.80,8.753,-27.753,2.813,191,14,18,,
T,2026-07-18 17:44:18.000,26.42263667,-80.16501333,1.90,8.053,-27.753,2.832,188,14,18,,
T,2026-07-18 17:44:19.000,26.42260833,-80.16502167,1.90,7.853,-27.753,2.797,198,14,18,,
T,2026-07-18 17:44:20.000,26.42258167,-80.16503333,1.90,7.553,-27.753,2.775,199,14,18,,
T,2026-07-18 17:44:21.000,26.42255500,-80.16504833,1.80,7.553,-27.753,2.755,198,14,18,,
T,2026-07-18 17:44:22.000,26.42252833,-80.16505833,1.80,7.753,-27.753,2.767,193,14,18,,
T,2026-07-18 17:44:23.000,26.42250333,-80.16506333,1.90,7.653,-27.753,2.760,189,14,18,,
T,2026-07-18 17:44:24.000,26.42247833,-80.16506833,1.90,7.753,-27.753,2.733,184,14,18,,
T,2026-07-18 17:44:25.000,26.42245833,-80.16506833,2.00,8.053,-27.753,2.717,182,14,18,,
T,2026-07-18 17:44:26.000,26.42243833,-80.16507000,1.90,8.653,-27.753,2.662,193,14,18,,
T,2026-07-18 17:44:27.000,26.42242333,-80.16506833,1.80,9.653,-27.753,2.562,185,14,18,,
T,2026-07-18 17:44:28.000,26.42240500,-80.16506500,1.80,10.453,-27.753,2.447,187,14,18,,
T,2026-07-18 17:44:29.000,26.42238833,-80.16507000,1.80,11.153,-27.753,2.420,189,14,18,,
T,2026-07-18 17:44:30.000,26.42236667,-80.16507833,1.80,11.553,-27.753,2.405,199,14,18,,
T,2026-07-18 17:44:31.000,26.42234333,-80.16509000,1.80,12.053,-27.753,2.395,206,14,18,,
T,2026-07-18 17:44:32.000,26.42232000,-80.16510333,1.80,11.953,-27.753,2.380,202,14,18,,
T,2026-07-18 17:44:33.000,26.42229500,-80.16511833,1.80,12.153,-27.753,2.437,201,14,18,,
T,2026-07-18 17:44:34.000,26.42227000,-80.16512833,1.80,12.553,-27.753,2.510,196,14,18,,
T,2026-07-18 17:44:35.000,26.42224333,-80.16513333,2.00,12.353,-27.753,2.620,185,14,19,,
T,2026-07-18 17:44:36.000,26.42221333,-80.16513500,2.10,12.253,-27.753,2.734,183,14,19,,
T,2026-07-18 17:44:37.000,26.42218167,-80.16513667,2.30,12.253,-27.753,2.876,185,14,19,,
T,2026-07-18 17:44:38.000,26.42215167,-80.16513000,2.30,12.053,-27.753,2.942,169,14,19,,
T,2026-07-18 17:44:39.000,26.42212833,-80.16512000,2.30,12.053,-27.753,3.001,163,14,19,,
T,2026-07-18 17:44:40.000,26.42210167,-80.16510500,1.90,11.553,-27.753,3.045,161,13,19,,
T,2026-07-18 17:44:41.000,26.42207500,-80.16509333,1.80,11.053,-27.753,3.108,156,13,19,,
T,2026-07-18 17:44:42.000,26.42205167,-80.16508000,1.80,10.753,-27.753,3.163,160,14,19,,
T,2026-07-18 17:44:43.000,26.42202500,-80.16506833,2.00,10.653,-27.753,3.172,162,14,19,,
T,2026-07-18 17:44:44.000,26.42199500,-80.16505833,2.10,10.553,-27.753,3.185,161,14,19,,
T,2026-07-18 17:44:45.000,26.42196667,-80.16505333,2.20,9.953,-27.753,3.120,163,14,19,,
T,2026-07-18 17:44:46.000,26.42194333,-80.16504333,2.20,9.953,-27.753,3.033,161,14,19,,
T,2026-07-18 17:44:47.000,26.42191833,-80.16503667,1.80,8.453,-27.753,2.994,158,13,19,,
T,2026-07-18 17:44:48.000,26.42189500,-80.16502333,1.70,7.553,-27.753,3.037,152,14,19,,
T,2026-07-18 17:44:49.000,26.42187000,-80.16500667,1.90,7.153,-27.753,3.079,147,13,19,,
T,2026-07-18 17:44:50.000,26.42184500,-80.16498833,2.00,7.053,-27.753,3.123,140,13,19,,
T,2026-07-18 17:44:51.000,26.42182167,-80.16496667,2.20,6.953,-27.753,3.147,143,13,19,,
T,2026-07-18 17:44:52.000,26.42179667,-80.16494833,2.30,6.753,-27.753,3.165,142,13,19,,
T,2026-07-18 17:44:53.000,26.42177667,-80.16493167,2.30,6.053,-27.753,3.168,137,13,19,,
T,2026-07-18 17:44:54.000,26.42175333,-80.16491000,2.30,5.953,-27.753,3.166,144,13,19,,
T,2026-07-18 17:44:55.000,26.42172833,-80.16489167,2.30,6.053,-27.753,3.224,148,13,19,,
T,2026-07-18 17:44:56.000,26.42170333,-80.16487667,2.30,5.754,-27.754,3.284,149,13,19,,
T,2026-07-18 17:44:57.000,26.42168000,-80.16486000,2.30,5.754,-27.754,3.308,153,13,19,,
T,2026-07-18 17:44:58.000,26.42165167,-80.16484833,2.30,5.954,-27.754,3.308,156,13,19,,
T,2026-07-18 17:44:59.000,26.42162500,-80.16483500,2.30,6.254,-27.754,3.287,155,13,19,,
T,2026-07-18 17:45:00.000,26.42159833,-80.16482333,2.20,6.354,-27.754,3.288,158,13,19,,
T,2026-07-18 17:45:01.000,26.42157167,-80.16481000,2.20,6.254,-27.754,3.323,154,13,19,,
T,2026-07-18 17:45:02.000,26.42154000,-80.16479333,2.30,6.254,-27.754,3.357,156,13,19,,
T,2026-07-18 17:45:03.000,26.42151167,-80.16477833,2.30,6.154,-27.754,3.400,154,13,19,,
T,2026-07-18 17:45:04.000,26.42148167,-80.16476000,2.30,6.454,-27.754,3.451,151,13,19,,
T,2026-07-18 17:45:05.000,26.42145000,-80.16474167,2.30,6.554,-27.754,3.485,151,13,19,,
T,2026-07-18 17:45:06.000,26.42142500,-80.16472000,2.30,6.754,-27.754,3.497,146,13,19,,
T,2026-07-18 17:45:07.000,26.42140333,-80.16470167,2.40,6.854,-27.754,3.469,145,13,19,,
T,2026-07-18 17:45:08.000,26.42138167,-80.16468333,2.30,7.054,-27.754,3.437,143,13,19,,
T,2026-07-18 17:45:09.000,26.42135833,-80.16466833,2.30,7.054,-27.754,3.417,146,13,19,,
T,2026-07-18 17:45:10.000,26.42133833,-80.16466000,1.90,8.054,-27.754,3.371,151,13,19,,
T,2026-07-18 17:45:11.000,26.42131667,-80.16464500,1.80,9.254,-27.754,3.283,148,14,19,,
T,2026-07-18 17:45:12.000,26.42129667,-80.16463167,1.70,9.854,-27.754,3.205,151,14,19,,
T,2026-07-18 17:45:13.000,26.42128000,-80.16461667,1.60,11.154,-27.754,3.106,156,14,19,,
T,2026-07-18 17:45:14.000,26.42125833,-80.16460167,1.60,11.754,-27.754,3.006,155,14,19,,
T,2026-07-18 17:45:15.000,26.42123500,-80.16458833,1.70,12.054,-27.754,2.921,154,14,19,,
T,2026-07-18 17:45:16.000,26.42121167,-80.16457833,1.60,11.654,-27.754,2.868,156,14,19,,
T,2026-07-18 17:45:17.000,26.42118500,-80.16456833,1.70,11.055,-27.755,2.864,156,14,19,,
T,2026-07-18 17:45:18.000,26.42115833,-80.16455667,1.60,10.455,-27.755,2.870,155,14,19,,
T,2026-07-18 17:45:19.000,26.42113167,-80.16454333,1.70,10.155,-27.755,2.880,154,14,19,,
T,2026-07-18 17:45:20.000,26.42110500,-80.16452667,1.70,9.855,-27.755,2.906,149,14,19,,
T,2026-07-18 17:45:21.000,26.42108000,-80.16451167,1.90,9.555,-27.755,2.941,153,13,19,,
T,2026-07-18 17:45:22.000,26.42105500,-80.16449833,2.00,9.255,-27.755,2.967,154,14,19,,
T,2026-07-18 17:45:23.000,26.42103000,-80.16448167,2.10,9.255,-27.755,3.006,155,13,19,,
T,2026-07-18 17:45:24.000,26.42100667,-80.16446833,2.20,9.255,-27.755,3.025,158,14,19,,
T,2026-07-18 17:45:25.000,26.42098333,-80.16445667,2.20,9.455,-27.755,3.055,159,14,19,,
T,2026-07-18 17:45:26.000,26.42095833,-80.16444500,2.30,9.555,-27.755,3.073,164,14,19,,
T,2026-07-18 17:45:27.000,26.42093167,-80.16443500,2.30,9.555,-27.755,3.089,160,14,19,,
T,2026-07-18 17:45:28.000,26.42090500,-80.16442333,2.30,9.655,-27.755,3.098,159,13,19,,
T,2026-07-18 17:45:29.000,26.42087833,-80.16441333,2.30,9.355,-27.755,3.101,159,13,19,,
T,2026-07-18 17:45:30.000,26.42085333,-80.16440333,2.30,9.455,-27.755,3.072,157,14,19,,
T,2026-07-18 17:45:31.000,26.42083167,-80.16439333,2.30,9.555,-27.755,3.011,152,14,19,,
T,2026-07-18 17:45:32.000,26.42081167,-80.16437833,1.80,10.255,-27.755,2.945,149,14,19,,
T,2026-07-18 17:45:33.000,26.42079167,-80.16436500,1.70,10.355,-27.755,2.890,151,14,19,,
T,2026-07-18 17:45:34.000,26.42076667,-80.16435333,1.70,10.855,-27.755,2.858,161,14,19,,
T,2026-07-18 17:45:35.000,26.42074000,-80.16434333,1.70,10.755,-27.755,2.819,165,14,19,,
T,2026-07-18 17:45:36.000,26.42071667,-80.16434000,1.70,10.555,-27.755,2.785,174,14,19,,
T,2026-07-18 17:45:37.000,26.42069167,-80.16434000,1.90,10.355,-27.755,2.754,178,14,19,,
T,2026-07-18 17:45:38.000,26.42066667,-80.16433833,1.80,10.855,-27.755,2.720,180,14,19,,
T,2026-07-18 17:45:39.000,26.42064500,-80.16433667,1.80,10.955,-27.755,2.648,182,14,19,,
T,2026-07-18 17:45:40.000,26.42063000,-80.16433833,1.70,10.755,-27.755,2.530,185,14,19,,
T,2026-07-18 17:45:41.000,26.42061667,-80.16433500,1.70,9.955,-27.755,2.430,179,14,19,,
T,2026-07-18 17:45:42.000,26.42060500,-80.16433667,1.70,9.655,-27.755,2.318,193,14,19,,
T,2026-07-18 17:45:43.000,26.42059167,-80.16433667,1.60,9.955,-27.755,2.157,187,14,19,,
T,2026-07-18 17:45:44.000,26.42058000,-80.16434167,1.60,9.855,-27.755,2.003,199,14,19,,
T,2026-07-18 17:45:45.000,26.42056833,-80.16435167,1.60,9.755,-27.755,1.915,220,14,19,,
T,2026-07-18 17:45:46.000,26.42055667,-80.16436500,1.70,9.555,-27.755,1.820,227,14,19,,
T,2026-07-18 17:45:47.000,26.42054667,-80.16438167,1.70,9.255,-27.755,1.711,240,14,19,,
T,2026-07-18 17:45:48.000,26.42054000,-80.16439333,1.70,9.255,-27.755,1.608,250,14,19,,
T,2026-07-18 17:45:49.000,26.42053667,-80.16440500,1.80,9.255,-27.755,1.537,256,14,19,,
T,2026-07-18 17:45:50.000,26.42052833,-80.16442167,1.80,9.855,-27.755,1.567,249,14,19,,
T,2026-07-18 17:45:51.000,26.42051833,-80.16444500,1.80,10.355,-27.755,1.645,256,14,19,,
T,2026-07-18 17:45:52.000,26.42050833,-80.16446667,1.90,10.455,-27.755,1.710,251,14,19,,
T,2026-07-18 17:45:53.000,26.42050000,-80.16448667,1.90,10.754,-27.754,1.827,251,14,19,,
T,2026-07-18 17:45:54.000,26.42049500,-80.16450833,1.80,10.654,-27.754,1.952,245,14,19,,
T,2026-07-18 17:45:55.000,26.42048333,-80.16453000,1.80,10.854,-27.754,1.994,250,14,19,,
T,2026-07-18 17:45:56.000,26.42047500,-80.16455000,1.80,10.954,-27.754,2.029,240,14,19,,
T,2026-07-18 17:45:57.000,26.42047000,-80.16458167,1.80,11.254,-27.754,2.125,249,14,19,,
T,2026-07-18 17:45:58.000,26.42046500,-80.16461167,1.80,10.854,-27.754,2.214,257,14,19,,
T,2026-07-18 17:45:59.000,26.42045833,-80.16464333,1.80,9.954,-27.754,2.362,256,14,19,,
T,2026-07-18 17:46:00.000,26.42045500,-80.16467667,1.80,9.354,-27.754,2.538,261,14,19,,
T,2026-07-18 17:46:01.000,26.42044833,-80.16470500,2.00,9.154,-27.754,2.613,254,14,19,,
T,2026-07-18 17:46:02.000,26.42043833,-80.16473333,2.10,9.353,-27.753,2.691,253,14,19,,
T,2026-07-18 17:46:03.000,26.42043000,-80.16476000,2.20,9.553,-27.753,2.744,258,14,19,,
T,2026-07-18 17:46:04.000,26.42042167,-80.16479000,1.90,10.053,-27.753,2.869,251,14,19,,
T,2026-07-18 17:46:05.000,26.42041167,-80.16482333,1.80,9.953,-27.753,2.963,253,14,19,,
T,2026-07-18 17:46:06.000,26.42040167,-80.16484833,2.00,9.653,-27.753,3.040,251,14,19,,
T,2026-07-18 17:46:07.000,26.42039000,-80.16487833,2.10,9.753,-27.753,3.085,251,14,19,,
T,2026-07-18 17:46:08.000,26.42037167,-80.16490833,2.00,10.253,-27.753,3.130,253,14,19,,
T,2026-07-18 17:46:09.000,26.42036167,-80.16493667,2.10,10.053,-27.753,3.098,247,14,19,,
T,2026-07-18 17:46:10.000,26.42035167,-80.16496333,2.20,9.952,-27.752,3.000,249,14,19,,
T,2026-07-18 17:46:11.000,26.42034500,-80.16500000,2.00,10.252,-27.752,2.988,252,14,19,,
T,2026-07-18 17:46:12.000,26.42033167,-80.16503000,1.80,9.752,-27.752,3.019,248,14,19,,
T,2026-07-18 17:46:13.000,26.42032167,-80.16505167,1.90,9.652,-27.752,3.056,244,14,19,,
T,2026-07-18 17:46:14.000,26.42031000,-80.16508000,2.10,9.652,-27.752,3.012,242,14,19,,
T,2026-07-18 17:46:15.000,26.42029667,-80.16511000,2.20,9.752,-27.752,3.001,250,14,19,,
T,2026-07-18 17:46:16.000,26.42028833,-80.16514167,2.20,9.552,-27.752,3.015,253,14,19,,
T,2026-07-18 17:46:17.000,26.42028000,-80.16517167,2.20,9.052,-27.752,3.039,250,14,19,,
T,2026-07-18 17:46:18.000,26.42026833,-80.16520500,2.30,8.551,-27.751,3.097,249,14,19,,
T,2026-07-18 17:46:19.000,26.42025667,-80.16523833,2.30,8.451,-27.751,3.161,248,14,19,,
T,2026-07-18 17:46:20.000,26.42024833,-80.16526167,2.30,8.351,-27.751,3.191,248,14,19,,
T,2026-07-18 17:46:21.000,26.42023833,-80.16528667,2.40,8.151,-27.751,3.187,246,14,19,,
T,2026-07-18 17:46:22.000,26.42022667,-80.16531833,2.40,7.851,-27.751,3.210,246,14,19,,
T,2026-07-18 17:46:23.000,26.42021667,-80.16535500,2.00,6.951,-27.751,3.248,243,14,19,,
T,2026-07-18 17:46:24.000,26.42020333,-80.16538500,2.10,6.851,-27.751,3.268,244,14,19,,
T,2026-07-18 17:46:25.000,26.42019000,-80.16541667,2.30,6.650,-27.750,3.319,249,14,19,,
T,2026-07-18 17:46:26.000,26.42018000,-80.16545000,2.30,6.550,-27.750,3.369,257,14,19,,
T,2026-07-18 17:46:27.000,26.42017333,-80.16548333,2.30,6.450,-27.750,3.364,259,14,19,,
T,2026-07-18 17:46:28.000,26.42016833,-80.16551500,2.30,6.450,-27.750,3.371,250,14,19,,
T,2026-07-18 17:46:29.000,26.42015500,-80.16554500,2.30,6.550,-27.750,3.313,238,14,19,,
T,2026-07-18 17:46:30.000,26.42014333,-80.16556833,2.40,6.950,-27.750,3.308,240,14,19,,
T,2026-07-18 17:46:31.000,26.42012333,-80.16559833,2.00,7.250,-27.750,3.306,240,14,19,,
T,2026-07-18 17:46:32.000,26.42011000,-80.16562167,2.20,7.250,-27.750,3.264,238,14,19,,
T,2026-07-18 17:46:33.000,26.42009167,-80.16564833,1.90,7.149,-27.749,3.211,243,14,19,,
T,2026-07-18 17:46:34.000,26.42007333,-80.16568500,1.90,7.249,-27.749,3.209,246,14,19,,
T,2026-07-18 17:46:35.000,26.42005667,-80.16572000,1.80,7.049,-27.749,3.191,241,14,19,,
T,2026-07-18 17:46:36.000,26.42004167,-80.16575000,1.80,6.849,-27.749,3.150,238,14,19,,
T,2026-07-18 17:46:37.000,26.42002500,-80.16577667,2.00,7.049,-27.749,3.139,237,14,19,,
T,2026-07-18 17:46:38.000,26.42001167,-80.16580500,2.20,7.149,-27.749,3.081,243,14,19,,
T,2026-07-18 17:46:39.000,26.41999667,-80.16583500,2.20,7.249,-27.749,3.110,240,14,19,,
T,2026-07-18 17:46:40.000,26.41998333,-80.16586167,2.30,7.449,-27.749,3.117,239,14,19,,
T,2026-07-18 17:46:41.000,26.41997333,-80.16588667,2.30,7.848,-27.748,3.085,250,14,19,,
T,2026-07-18 17:46:42.000,26.41996500,-80.16591500,2.30,8.148,-27.748,3.091,250,14,19,,
T,2026-07-18 17:46:43.000,26.41995167,-80.16594667,2.00,9.248,-27.748,3.102,237,14,19,,
T,2026-07-18 17:46:44.000,26.41993500,-80.16597167,2.10,9.648,-27.748,3.040,243,14,19,,
T,2026-07-18 17:46:45.000,26.41991667,-80.16600000,2.20,9.948,-27.748,3.017,245,14,19,,
T,2026-07-18 17:46:46.000,26.41989167,-80.16602667,1.90,9.948,-27.748,3.019,238,14,19,,
T,2026-07-18 17:46:47.000,26.41987500,-80.16605000,2.10,10.248,-27.748,3.015,228,14,19,,
T,2026-07-18 17:46:48.000,26.41985500,-80.16607333,2.20,10.248,-27.748,3.031,228,14,19,,
T,2026-07-18 17:46:49.000,26.41983167,-80.16610000,2.30,9.947,-27.747,3.054,224,14,19,,
T,2026-07-18 17:46:50.000,26.41981000,-80.16612500,2.30,9.747,-27.747,3.076,221,14,19,,
T,2026-07-18 17:46:51.000,26.41979333,-80.16614667,2.40,9.947,-27.747,3.125,237,14,19,,
T,2026-07-18 17:46:52.000,26.41978500,-80.16617333,2.40,10.447,-27.747,3.156,227,14,19,,
T,2026-07-18 17:46:53.000,26.41976667,-80.16619833,2.40,11.047,-27.747,3.157,237,14,19,,
T,2026-07-18 17:46:54.000,26.41975500,-80.16622167,2.50,11.347,-27.747,3.153,247,14,19,,
T,2026-07-18 17:46:55.000,26.41974167,-80.16624333,2.50,12.247,-27.747,3.094,241,14,19,,
T,2026-07-18 17:46:56.000,26.41971833,-80.16627000,2.10,12.647,-27.747,3.086,232,14,19,,
T,2026-07-18 17:46:57.000,26.41969500,-80.16629500,2.00,13.147,-27.747,3.059,234,14,19,,
T,2026-07-18 17:46:58.000,26.41967833,-80.16632000,2.10,13.646,-27.746,3.058,233,14,19,,
T,2026-07-18 17:46:59.000,26.41966500,-80.16635000,2.00,13.946,-27.746,3.007,228,14,19,,
T,2026-07-18 17:47:00.000,26.41965000,-80.16637000,2.10,14.046,-27.746,2.914,230,14,19,,
T,2026-07-18 17:47:01.000,26.41964500,-80.16639167,1.90,14.146,-27.746,2.778,231,14,19,,
T,2026-07-18 17:47:02.000,26.41963500,-80.16640500,1.80,13.946,-27.746,2.588,214,14,19,,
T,2026-07-18 17:47:03.000,26.41962167,-80.16641333,1.70,14.146,-27.746,2.453,204,13,19,,
T,2026-07-18 17:47:04.000,26.41960667,-80.16642167,1.80,14.046,-27.746,2.366,219,14,19,,
T,2026-07-18 17:47:05.000,26.41959667,-80.16643000,1.80,14.146,-27.746,2.277,217,14,19,,
T,2026-07-18 17:47:06.000,26.41958667,-80.16643833,1.80,13.946,-27.746,2.160,220,14,19,,
T,2026-07-18 17:47:07.000,26.41957333,-80.16645167,1.80,13.646,-27.746,2.077,229,14,19,,
T,2026-07-18 17:47:08.000,26.41956000,-80.16646500,1.70,14.046,-27.746,1.949,237,14,19,,
T,2026-07-18 17:47:09.000,26.41955000,-80.16648667,1.80,14.446,-27.746,1.857,235,14,19,,
T,2026-07-18 17:47:10.000,26.41953833,-80.16650667,1.80,14.446,-27.746,1.838,246,14,19,,
T,2026-07-18 17:47:11.000,26.41952667,-80.16652667,1.80,14.946,-27.746,1.916,230,14,19,,
T,2026-07-18 17:47:12.000,26.41950500,-80.16654667,1.80,15.145,-27.745,2.077,226,14,19,,
T,2026-07-18 17:47:13.000,26.41948333,-80.16656667,1.80,15.745,-27.745,2.191,223,14,19,,
T,2026-07-18 17:47:14.000,26.41946333,-80.16658833,2.00,16.045,-27.745,2.329,230,14,19,,
T,2026-07-18 17:47:15.000,26.41944333,-80.16661333,1.90,15.745,-27.745,2.519,233,14,19,,
T,2026-07-18 17:47:16.000,26.41942333,-80.16663833,2.10,15.445,-27.745,2.669,224,14,19,,
T,2026-07-18 17:47:17.000,26.41940167,-80.16665833,2.20,15.145,-27.745,2.812,224,14,19,,
T,2026-07-18 17:47:18.000,26.41937833,-80.16668333,2.30,15.045,-27.745,2.967,227,14,19,,
T,2026-07-18 17:47:19.000,26.41935500,-80.16670500,2.30,15.145,-27.745,3.116,226,14,19,,
T,2026-07-18 17:47:20.000,26.41933167,-80.16672500,2.40,15.245,-27.745,3.233,224,14,19,,
T,2026-07-18 17:47:21.000,26.41930667,-80.16674500,2.40,15.344,-27.744,3.340,223,14,19,,
T,2026-07-18 17:47:22.000,26.41928167,-80.16676500,2.40,15.344,-27.744,3.400,225,14,19,,
T,2026-07-18 17:47:23.000,26.41925833,-80.16678500,2.40,15.144,-27.744,3.465,223,14,19,,
T,2026-07-18 17:47:24.000,26.41923333,-80.16680333,2.40,15.344,-27.744,3.481,219,14,19,,
T,2026-07-18 17:47:25.000,26.41921167,-80.16682500,2.40,15.244,-27.744,3.476,219,14,19,,
T,2026-07-18 17:47:26.000,26.41919667,-80.16684000,2.40,15.244,-27.744,3.458,221,14,19,,
T,2026-07-18 17:47:27.000,26.41917500,-80.16686167,2.50,15.544,-27.744,3.468,223,14,19,,
T,2026-07-18 17:47:28.000,26.41915667,-80.16688000,2.50,15.544,-27.744,3.459,219,14,19,,
T,2026-07-18 17:47:29.000,26.41913333,-80.16690500,2.50,15.444,-27.744,3.453,222,14,19,,
T,2026-07-18 17:47:30.000,26.41911167,-80.16693000,2.50,15.144,-27.744,3.460,220,14,19,,
T,2026-07-18 17:47:31.000,26.41909167,-80.16695667,2.50,14.843,-27.743,3.457,223,14,19,,
T,2026-07-18 17:47:32.000,26.41907000,-80.16698167,2.50,14.443,-27.743,3.430,220,14,19,,
T,2026-07-18 17:47:33.000,26.41905000,-80.16700500,2.50,14.143,-27.743,3.418,222,14,19,,
T,2026-07-18 17:47:34.000,26.41902667,-80.16702833,2.50,13.143,-27.743,3.415,219,14,19,,
T,2026-07-18 17:47:35.000,26.41900333,-80.16705000,2.40,12.343,-27.743,3.403,215,14,19,,
T,2026-07-18 17:47:36.000,26.41897833,-80.16707167,2.40,11.843,-27.743,3.419,214,14,19,,
T,2026-07-18 17:47:37.000,26.41895667,-80.16708833,2.40,12.243,-27.743,3.371,218,14,19,,
T,2026-07-18 17:47:38.000,26.41893500,-80.16711167,2.50,12.443,-27.743,3.348,217,14,19,,
T,2026-07-18 17:47:39.000,26.41891333,-80.16713167,2.50,12.743,-27.743,3.324,216,14,19,,
T,2026-07-18 17:47:40.000,26.41889000,-80.16715500,2.60,13.043,-27.743,3.324,216,14,19,,
T,2026-07-18 17:47:41.000,26.41886667,-80.16717167,2.60,13.242,-27.742,3.299,211,14,19,,
T,2026-07-18 17:47:42.000,26.41884333,-80.16719000,2.60,13.342,-27.742,3.293,212,14,19,,
T,2026-07-18 17:47:43.000,26.41882000,-80.16721000,2.60,13.542,-27.742,3.289,217,14,19,,
T,2026-07-18 17:47:44.000,26.41879667,-80.16722833,2.50,12.342,-27.742,3.299,218,14,19,,
T,2026-07-18 17:47:45.000,26.41877000,-80.16724667,2.60,12.342,-27.742,3.296,213,14,19,,
T,2026-07-18 17:47:46.000,26.41874667,-80.16726333,2.60,12.242,-27.742,3.288,212,14,19,,
T,2026-07-18 17:47:47.000,26.41872167,-80.16728000,2.60,12.542,-27.742,3.294,209,14,19,,
T,2026-07-18 17:47:48.000,26.41869500,-80.16729833,2.60,12.742,-27.742,3.302,209,14,19,,
T,2026-07-18 17:47:49.000,26.41866833,-80.16732000,2.50,11.942,-27.742,3.311,212,14,19,,
T,2026-07-18 17:47:50.000,26.41863833,-80.16734000,2.50,11.642,-27.742,3.314,212,14,19,,
T,2026-07-18 17:47:51.000,26.41861167,-80.16736333,2.40,11.642,-27.742,3.329,212,14,19,,
T,2026-07-18 17:47:52.000,26.41858667,-80.16738167,2.40,11.141,-27.741,3.345,209,14,19,,
T,2026-07-18 17:47:53.000,26.41856167,-80.16740000,2.40,11.141,-27.741,3.319,208,14,19,,
T,2026-07-18 17:47:54.000,26.41853500,-80.16742000,2.40,11.141,-27.741,3.311,210,14,19,,
T,2026-07-18 17:47:55.000,26.41850833,-80.16743833,2.40,11.241,-27.741,3.306,208,14,19,,
T,2026-07-18 17:47:56.000,26.41847833,-80.16745500,2.40,11.141,-27.741,3.315,204,14,19,,
T,2026-07-18 17:47:57.000,26.41844833,-80.16746833,2.40,10.841,-27.741,3.330,203,14,19,,
T,2026-07-18 17:47:58.000,26.41842000,-80.16747667,2.40,10.041,-27.741,3.337,201,14,19,,
T,2026-07-18 17:47:59.000,26.41839000,-80.16748833,2.40,9.641,-27.741,3.337,205,14,19,,
T,2026-07-18 17:48:00.000,26.41836333,-80.16749833,2.40,9.341,-27.741,3.307,201,14,19,,
T,2026-07-18 17:48:01.000,26.41833333,-80.16750667,2.40,9.841,-27.741,3.286,199,14,19,,
T,2026-07-18 17:48:02.000,26.41831000,-80.16751500,2.40,9.741,-27.741,3.196,204,14,19,,
T,2026-07-18 17:48:03.000,26.41828500,-80.16752333,2.30,9.241,-27.741,3.160,201,14,19,,
T,2026-07-18 17:48:04.000,26.41825333,-80.16753500,2.00,7.941,-27.741,3.124,197,14,19,,
T,2026-07-18 17:48:05.000,26.41822500,-80.16755500,1.90,7.541,-27.741,3.120,193,14,19,,
T,2026-07-18 17:48:06.000,26.41819667,-80.16756333,2.10,7.540,-27.740,3.103,195,14,19,,
T,2026-07-18 17:48:07.000,26.41816833,-80.16757000,2.20,7.340,-27.740,3.095,190,14,19,,
T,2026-07-18 17:48:08.000,26.41813833,-80.16757833,2.20,7.740,-27.740,3.068,196,14,19,,
T,2026-07-18 17:48:09.000,26.41811000,-80.16758833,2.30,7.740,-27.740,3.056,196,14,19,,
T,2026-07-18 17:48:10.000,26.41808167,-80.16759667,2.30,7.840,-27.740,3.064,192,14,19,,
T,2026-07-18 17:48:11.000,26.41805167,-80.16760667,2.30,7.740,-27.740,3.053,196,14,19,,
T,2026-07-18 17:48:12.000,26.41802333,-80.16761500,2.30,8.040,-27.740,3.128,194,14,19,,
T,2026-07-18 17:48:13.000,26.41799333,-80.16762333,2.30,8.140,-27.740,3.168,194,14,19,,
T,2026-07-18 17:48:14.000,26.41796500,-80.16763000,2.40,8.540,-27.740,3.194,193,14,19,,
T,2026-07-18 17:48:15.000,26.41793500,-80.16763333,2.40,9.140,-27.740,3.201,191,14,19,,
T,2026-07-18 17:48:16.000,26.41790500,-80.16764000,2.40,9.540,-27.740,3.218,193,14,19,,
T,2026-07-18 17:48:17.000,26.41787500,-80.16764500,2.40,9.240,-27.740,3.222,188,14,19,,
T,2026-07-18 17:48:18.000,26.41784500,-80.16764833,2.40,8.840,-27.740,3.234,184,14,19,,
T,2026-07-18 17:48:19.000,26.41781500,-80.16765167,2.40,8.640,-27.740,3.240,184,14,19,,
T,2026-07-18 17:48:20.000,26.41778833,-80.16765000,2.50,8.740,-27.740,3.228,179,14,19,,
T,2026-07-18 17:48:21.000,26.41776167,-80.16764833,2.50,9.340,-27.740,3.239,181,14,19,,
T,2026-07-18 17:48:22.000,26.41773500,-80.16764667,2.50,9.640,-27.740,3.246,177,14,19,,
T,2026-07-18 17:48:23.000,26.41770500,-80.16764167,2.50,10.040,-27.740,3.271,179,14,19,,
T,2026-07-18 17:48:24.000,26.41767333,-80.16764167,2.50,9.940,-27.740,3.234,178,14,19,,
T,2026-07-18 17:48:25.000,26.41764333,-80.16764500,2.50,10.040,-27.740,3.193,184,14,19,,
T,2026-07-18 17:48:26.000,26.41760500,-80.16765167,2.20,10.240,-27.740,3.197,181,14,19,,
T,2026-07-18 17:48:27.000,26.41757000,-80.16765500,2.00,10.040,-27.740,3.193,176,14,19,,
T,2026-07-18 17:48:28.000,26.41754167,-80.16765500,2.20,9.540,-27.740,3.197,176,14,19,,
T,2026-07-18 17:48:29.000,26.41751500,-80.16765000,2.20,9.240,-27.740,3.166,171,14,19,,
T,2026-07-18 17:48:30.000,26.41749167,-80.16764500,2.30,9.140,-27.740,3.079,173,14,19,,
T,2026-07-18 17:48:31.000,26.41746667,-80.16765000,2.00,9.640,-27.740,2.981,167,14,19,,
T,2026-07-18 17:48:32.000,26.41744667,-80.16764333,1.90,9.940,-27.740,2.893,166,14,19,,
T,2026-07-18 17:48:33.000,26.41742333,-80.16763333,1.80,10.040,-27.740,2.827,160,14,19,,
T,2026-07-18 17:48:34.000,26.41740000,-80.16762333,1.80,9.840,-27.740,2.807,164,14,19,,
T,2026-07-18 17:48:35.000,26.41737500,-80.16761333,1.90,9.840,-27.740,2.790,171,14,19,,
T,2026-07-18 17:48:36.000,26.41734833,-80.16761000,1.90,10.040,-27.740,2.751,173,14,19,,
T,2026-07-18 17:48:37.000,26.41731667,-80.16760833,1.90,9.640,-27.740,2.726,168,14,19,,
T,2026-07-18 17:48:38.000,26.41728833,-80.16760500,2.10,9.840,-27.740,2.737,173,14,19,,
T,2026-07-18 17:48:39.000,26.41725667,-80.16760333,2.20,9.540,-27.740,2.801,177,14,19,,
T,2026-07-18 17:48:40.000,26.41722333,-80.16760333,2.30,9.240,-27.740,2.936,180,14,19,,
T,2026-07-18 17:48:41.000,26.41719500,-80.16760000,2.40,9.140,-27.740,3.041,180,14,19,,
T,2026-07-18 17:48:42.000,26.41716167,-80.16759833,2.40,9.040,-27.740,3.148,178,14,19,,
T,2026-07-18 17:48:43.000,26.41713000,-80.16759333,2.40,9.040,-27.740,3.242,177,14,19,,
T,2026-07-18 17:48:44.000,26.41709833,-80.16759000,2.50,8.940,-27.740,3.295,174,14,19,,
T,2026-07-18 17:48:45.000,26.41707167,-80.16758167,2.40,9.640,-27.740,3.362,171,14,19,,
T,2026-07-18 17:48:46.000,26.41705000,-80.16757333,2.50,9.940,-27.740,3.410,171,14,19,,
T,2026-07-18 17:48:47.000,26.41702500,-80.16756167,2.40,9.740,-27.740,3.469,168,14,19,,
T,2026-07-18 17:48:48.000,26.41700167,-80.16755000,2.40,9.740,-27.740,3.473,163,14,19,,
T,2026-07-18 17:48:49.000,26.41697333,-80.16754333,2.40,9.540,-27.740,3.452,169,14,19,,
T,2026-07-18 17:48:50.000,26.41694500,-80.16753500,2.40,9.540,-27.740,3.427,170,14,19,,
T,2026-07-18 17:48:51.000,26.41691333,-80.16753167,2.40,9.140,-27.740,3.431,167,14,19,,
T,2026-07-18 17:48:52.000,26.41688167,-80.16752333,2.40,8.640,-27.740,3.405,169,14,19,,
T,2026-07-18 17:48:53.000,26.41684833,-80.16752000,2.40,9.240,-27.740,3.364,169,13,19,,
T,2026-07-18 17:48:54.000,26.41681667,-80.16751167,2.30,9.640,-27.740,3.375,163,13,19,,
T,2026-07-18 17:48:55.000,26.41678500,-80.16750167,2.30,9.540,-27.740,3.370,162,14,19,,
T,2026-07-18 17:48:56.000,26.41675167,-80.16749333,2.30,9.940,-27.740,3.356,164,14,19,,
T,2026-07-18 17:48:57.000,26.41672167,-80.16748500,2.30,9.840,-27.740,3.330,164,14,19,,
T,2026-07-18 17:48:58.000,26.41669167,-80.16747500,2.30,9.740,-27.740,3.316,162,14,19,,
T,2026-07-18 17:48:59.000,26.41666167,-80.16746667,2.30,9.640,-27.740,3.320,159,14,19,,
T,2026-07-18 17:49:00.000,26.41663167,-80.16745000,2.30,9.140,-27.740,3.334,155,14,19,,
T,2026-07-18 17:49:01.000,26.41659833,-80.16743500,2.30,8.940,-27.740,3.353,160,14,19,,
T,2026-07-18 17:49:02.000,26.41657000,-80.16742167,2.30,8.840,-27.740,3.365,156,14,19,,
T,2026-07-18 17:49:03.000,26.41654167,-80.16740833,2.30,8.540,-27.740,3.387,155,14,19,,
T,2026-07-18 17:49:04.000,26.41651167,-80.16739667,2.30,7.940,-27.740,3.389,152,14,19,,
T,2026-07-18 17:49:05.000,26.41648333,-80.16739000,2.40,8.040,-27.740,3.387,154,14,19,,
T,2026-07-18 17:49:06.000,26.41645667,-80.16737833,2.40,7.940,-27.740,3.367,151,14,19,,
T,2026-07-18 17:49:07.000,26.41643167,-80.16736500,2.40,7.440,-27.740,3.365,151,14,19,,
T,2026-07-18 17:49:08.000,26.41640667,-80.16735167,2.40,7.540,-27.740,3.367,153,14,19,,
T,2026-07-18 17:49:09.000,26.41638167,-80.16734000,2.40,7.740,-27.740,3.352,157,14,19,,
T,2026-07-18 17:49:10.000,26.41635667,-80.16732500,2.40,8.640,-27.740,3.325,155,14,19,,
T,2026-07-18 17:49:11.000,26.41633000,-80.16731333,2.40,8.940,-27.740,3.290,152,14,19,,
T,2026-07-18 17:49:12.000,26.41630333,-80.16730000,2.30,9.341,-27.741,3.276,152,14,19,,
T,2026-07-18 17:49:13.000,26.41627500,-80.16728667,2.30,10.641,-27.741,3.259,149,14,19,,
T,2026-07-18 17:49:14.000,26.41624833,-80.16726833,2.30,11.941,-27.741,3.246,144,14,19,,
T,2026-07-18 17:49:15.000,26.41622000,-80.16724833,2.30,13.141,-27.741,3.236,145,14,19,,
T,2026-07-18 17:49:16.000,26.41619333,-80.16722833,2.30,13.941,-27.741,3.259,144,14,19,,
T,2026-07-18 17:49:17.000,26.41616833,-80.16720833,2.30,14.041,-27.741,3.252,141,14,19,,
T,2026-07-18 17:49:18.000,26.41614667,-80.16718667,2.30,13.641,-27.741,3.261,139,14,19,,
T,2026-07-18 17:49:19.000,26.41612667,-80.16716500,2.30,13.241,-27.741,3.263,139,14,19,,
T,2026-07-18 17:49:20.000,26.41610500,-80.16714167,2.30,12.341,-27.741,3.275,141,14,19,,
T,2026-07-18 17:49:21.000,26.41608333,-80.16712333,2.30,11.641,-27.741,3.267,141,14,19,,
T,2026-07-18 17:49:22.000,26.41606333,-80.16710500,2.30,11.141,-27.741,3.241,138,14,19,,
T,2026-07-18 17:49:23.000,26.41604333,-80.16708833,2.30,10.941,-27.741,3.166,139,13,19,,
T,2026-07-18 17:49:24.000,26.41602833,-80.16707833,2.30,10.541,-27.741,3.016,143,13,19,,
T,2026-07-18 17:49:25.000,26.41600833,-80.16707833,1.90,11.841,-27.741,2.831,158,13,19,,
T,2026-07-18 17:49:26.000,26.41600167,-80.16707833,1.80,12.741,-27.741,2.507,286,13,19,,
T,2026-07-18 17:49:27.000,26.41600500,-80.16708000,1.70,14.041,-27.741,2.194,286,13,19,,
T,2026-07-18 17:49:28.000,26.41600167,-80.16708000,1.60,14.941,-27.741,1.868,261,13,19,,
T,2026-07-18 17:49:29.000,26.41599667,-80.16707500,1.60,15.441,-27.741,1.550,222,14,19,,
T,2026-07-18 17:49:30.000,26.41599833,-80.16707167,1.50,15.841,-27.741,1.240,22,14,19,,
T,2026-07-18 17:49:31.000,26.41600000,-80.16707000,1.50,16.241,-27.741,0.954,149,13,19,,
T,2026-07-18 17:49:32.000,26.41599333,-80.16706167,1.50,16.641,-27.741,0.738,135,13,19,,
T,2026-07-18 17:49:33.000,26.41598167,-80.16705500,1.50,16.741,-27.741,0.664,140,14,19,,
T,2026-07-18 17:49:34.000,26.41596833,-80.16704167,1.60,16.441,-27.741,0.671,133,14,19,,
T,2026-07-18 17:49:35.000,26.41595667,-80.16702500,1.70,16.341,-27.741,0.772,135,14,19,,
T,2026-07-18 17:49:36.000,26.41594167,-80.16700833,1.70,16.742,-27.742,0.998,133,14,19,,
T,2026-07-18 17:49:37.000,26.41592667,-80.16699333,1.70,16.942,-27.742,1.220,131,14,19,,
T,2026-07-18 17:49:38.000,26.41591500,-80.16697667,1.70,17.142,-27.742,1.454,124,13,19,,
T,2026-07-18 17:49:39.000,26.41590000,-80.16695833,1.70,16.842,-27.742,1.760,132,14,19,,
T,2026-07-18 17:49:40.000,26.41588500,-80.16693833,1.80,16.742,-27.742,2.044,130,14,19,,
T,2026-07-18 17:49:41.000,26.41586667,-80.16692000,1.80,16.542,-27.742,2.351,134,14,19,,
T,2026-07-18 17:49:42.000,26.41584500,-80.16690000,1.80,16.242,-27.742,2.563,132,14,19,,
T,2026-07-18 17:49:43.000,26.41582833,-80.16687667,1.80,16.042,-27.742,2.690,130,14,19,,
T,2026-07-18 17:49:44.000,26.41581333,-80.16684833,1.80,16.242,-27.742,2.820,133,14,19,,
T,2026-07-18 17:49:45.000,26.41579500,-80.16682333,2.10,15.742,-27.742,2.895,138,14,19,,
T,2026-07-18 17:49:46.000,26.41577667,-80.16679833,2.20,15.142,-27.742,2.953,139,14,19,,
T,2026-07-18 17:49:47.000,26.41576000,-80.16676833,2.30,14.742,-27.742,3.019,138,14,19,,
T,2026-07-18 17:49:48.000,26.41573833,-80.16673833,2.10,14.043,-27.743,3.106,130,14,19,,
T,2026-07-18 17:49:49.000,26.41572167,-80.16671167,2.00,13.243,-27.743,3.132,125,14,19,,
T,2026-07-18 17:49:50.000,26.41570667,-80.16667833,2.10,12.743,-27.743,3.166,122,14,19,,
T,2026-07-18 17:49:51.000,26.41569167,-80.16664333,2.20,12.443,-27.743,3.149,121,14,19,,
T,2026-07-18 17:49:52.000,26.41567667,-80.16661167,2.30,11.843,-27.743,3.186,116,14,19,,
T,2026-07-18 17:49:53.000,26.41566167,-80.16658667,2.30,11.443,-27.743,3.208,123,14,19,,
T,2026-07-18 17:49:54.000,26.41564833,-80.16655500,2.30,10.943,-27.743,3.213,120,14,19,,
T,2026-07-18 17:49:55.000,26.41563667,-80.16652500,2.30,11.143,-27.743,3.188,118,14,19,,
T,2026-07-18 17:49:56.000,26.41562333,-80.16649833,2.30,11.543,-27.743,3.207,118,14,19,,
T,2026-07-18 17:49:57.000,26.41560500,-80.16647167,2.00,12.544,-27.744,3.249,117,14,19,,
T,2026-07-18 17:49:58.000,26.41559167,-80.16644167,2.10,12.144,-27.744,3.262,115,14,19,,
T,2026-07-18 17:49:59.000,26.41558000,-80.16641167,2.20,11.944,-27.744,3.245,117,14,19,,
T,2026-07-18 17:50:00.000,26.41556667,-80.16638167,2.20,11.844,-27.744,3.245,115,14,19,,
T,2026-07-18 17:50:01.000,26.41555833,-80.16635000,2.10,12.644,-27.744,3.289,115,14,19,,
T,2026-07-18 17:50:02.000,26.41554833,-80.16631833,2.20,12.344,-27.744,3.305,115,14,19,,
T,2026-07-18 17:50:03.000,26.41553833,-80.16629833,2.30,11.344,-27.744,3.294,118,14,19,,
T,2026-07-18 17:50:04.000,26.41552667,-80.16626667,2.30,10.744,-27.744,3.320,114,14,19,,
T,2026-07-18 17:50:05.000,26.41551667,-80.16623833,2.40,9.844,-27.744,3.374,111,14,19,,
T,2026-07-18 17:50:06.000,26.41550500,-80.16621000,2.40,9.345,-27.745,3.379,110,14,19,,
T,2026-07-18 17:50:07.000,26.41550000,-80.16618167,2.40,8.745,-27.745,3.381,108,14,19,,
T,2026-07-18 17:50:08.000,26.41549167,-80.16615333,2.30,8.445,-27.745,3.357,112,14,19,,
T,2026-07-18 17:50:09.000,26.41548000,-80.16612167,2.30,8.245,-27.745,3.357,116,14,19,,
T,2026-07-18 17:50:10.000,26.41547000,-80.16609000,2.30,8.345,-27.745,3.343,113,14,19,,
T,2026-07-18 17:50:11.000,26.41545833,-80.16605500,2.30,8.045,-27.745,3.305,119,14,19,,
T,2026-07-18 17:50:12.000,26.41544667,-80.16602667,2.30,7.745,-27.745,3.245,117,14,19,,
T,2026-07-18 17:50:13.000,26.41543500,-80.16600000,2.30,7.345,-27.745,3.225,115,14,19,,
T,2026-07-18 17:50:14.000,26.41541500,-80.16597667,2.00,7.745,-27.745,3.127,117,14,19,,
T,2026-07-18 17:50:15.000,26.41540000,-80.16595667,1.90,8.146,-27.746,2.962,117,14,19,,
T,2026-07-18 17:50:16.000,26.41539167,-80.16594000,1.80,8.546,-27.746,2.798,119,14,19,,
T,2026-07-18 17:50:17.000,26.41538000,-80.16591833,1.80,9.646,-27.746,2.677,123,14,19,,
T,2026-07-18 17:50:18.000,26.41536667,-80.16589500,1.80,10.446,-27.746,2.594,122,14,19,,
T,2026-07-18 17:50:19.000,26.41535833,-80.16586833,1.80,10.646,-27.746,2.523,123,14,19,,
T,2026-07-18 17:50:20.000,26.41534500,-80.16584167,1.80,10.846,-27.746,2.469,121,14,19,,
T,2026-07-18 17:50:21.000,26.41533333,-80.16581333,1.80,11.446,-27.746,2.459,117,14,19,,
T,2026-07-18 17:50:22.000,26.41531833,-80.16577833,1.80,12.146,-27.746,2.489,114,14,19,,
T,2026-07-18 17:50:23.000,26.41530667,-80.16575000,2.00,12.446,-27.746,2.519,111,14,19,,
T,2026-07-18 17:50:24.000,26.41529667,-80.16571833,2.10,12.646,-27.746,2.602,111,14,19,,
T,2026-07-18 17:50:25.000,26.41528667,-80.16568500,2.20,12.747,-27.747,2.757,114,14,19,,
T,2026-07-18 17:50:26.000,26.41527333,-80.16565667,2.20,12.947,-27.747,2.925,114,14,19,,
T,2026-07-18 17:50:27.000,26.41526167,-80.16562833,2.20,13.247,-27.747,3.040,114,14,19,,
T,2026-07-18 17:50:28.000,26.41524833,-80.16559667,2.30,13.247,-27.747,3.134,117,14,19,,
T,2026-07-18 17:50:29.000,26.41523500,-80.16556500,2.20,14.047,-27.747,3.220,117,14,19,,
T,2026-07-18 17:50:30.000,26.41522167,-80.16553833,2.30,14.147,-27.747,3.276,116,14,19,,
T,2026-07-18 17:50:31.000,26.41520833,-80.16551333,2.30,13.947,-27.747,3.290,121,14,19,,
T,2026-07-18 17:50:32.000,26.41519500,-80.16549000,2.30,14.147,-27.747,3.304,119,14,19,,
T,2026-07-18 17:50:33.000,26.41518167,-80.16546167,2.30,14.347,-27.747,3.295,120,14,19,,
T,2026-07-18 17:50:34.000,26.41516667,-80.16543500,2.30,14.448,-27.748,3.285,120,14,19,,
T,2026-07-18 17:50:35.000,26.41515167,-80.16540333,2.30,14.448,-27.748,3.292,119,14,19,,
T,2026-07-18 17:50:36.000,26.41513833,-80.16537167,2.30,14.648,-27.748,3.280,123,14,19,,
T,2026-07-18 17:50:37.000,26.41512333,-80.16534333,2.30,15.148,-27.748,3.278,116,14,19,,
T,2026-07-18 17:50:38.000,26.41511000,-80.16531333,2.30,14.948,-27.748,3.262,119,14,19,,
T,2026-07-18 17:50:39.000,26.41509500,-80.16528833,2.30,14.748,-27.748,3.241,126,14,19,,
T,2026-07-18 17:50:40.000,26.41507667,-80.16526333,2.30,14.748,-27.748,3.215,127,14,19,,
T,2026-07-18 17:50:41.000,26.41505833,-80.16523333,2.30,14.848,-27.748,3.211,129,14,19,,
T,2026-07-18 17:50:42.000,26.41504167,-80.16520833,2.30,14.848,-27.748,3.174,125,14,19,,
T,2026-07-18 17:50:43.000,26.41502833,-80.16518167,2.30,15.449,-27.749,3.143,121,14,19,,
T,2026-07-18 17:50:44.000,26.41501500,-80.16515500,2.30,15.849,-27.749,3.097,120,14,19,,
T,2026-07-18 17:50:45.000,26.41500167,-80.16514000,1.90,16.049,-27.749,3.013,118,14,19,,
T,2026-07-18 17:50:46.000,26.41499000,-80.16512000,1.80,16.149,-27.749,2.956,117,14,19,,
T,2026-07-18 17:50:47.000,26.41497500,-80.16510167,1.80,16.649,-27.749,2.871,117,14,19,,
T,2026-07-18 17:50:48.000,26.41496500,-80.16508000,1.70,16.949,-27.749,2.802,116,14,19,,
T,2026-07-18 17:50:49.000,26.41495500,-80.16505667,1.70,16.849,-27.749,2.743,114,14,19,,
T,2026-07-18 17:50:50.000,26.41494500,-80.16503500,1.70,17.249,-27.749,2.713,117,14,19,,
T,2026-07-18 17:50:51.000,26.41493833,-80.16501000,1.80,17.749,-27.749,2.672,116,14,19,,
T,2026-07-18 17:50:52.000,26.41492500,-80.16498000,1.80,17.849,-27.749,2.662,119,14,19,,
T,2026-07-18 17:50:53.000,26.41491000,-80.16495333,1.70,18.049,-27.749,2.687,119,14,19,,
T,2026-07-18 17:50:54.000,26.41489667,-80.16492333,1.80,18.150,-27.750,2.741,118,14,19,,
T,2026-07-18 17:50:55.000,26.41488333,-80.16489167,2.00,17.950,-27.750,2.814,117,14,19,,
T,2026-07-18 17:50:56.000,26.41487000,-80.16486000,2.10,17.450,-27.750,2.911,118,14,19,,
T,2026-07-18 17:50:57.000,26.41485667,-80.16482167,2.10,16.850,-27.750,3.053,117,14,19,,
T,2026-07-18 17:50:58.000,26.41484167,-80.16478333,2.20,16.350,-27.750,3.177,116,14,19,,
T,2026-07-18 17:50:59.000,26.41483167,-80.16475500,2.20,16.050,-27.750,3.174,115,14,19,,
T,2026-07-18 17:51:00.000,26.41482333,-80.16473167,2.20,16.050,-27.750,3.098,116,14,19,,
T,2026-07-18 17:51:01.000,26.41481667,-80.16471000,1.90,16.650,-27.750,3.040,117,14,19,,
T,2026-07-18 17:51:02.000,26.41480500,-80.16468833,1.80,17.250,-27.750,3.001,117,14,19,,
T,2026-07-18 17:51:03.000,26.41479500,-80.16466667,1.70,17.251,-27.751,2.951,114,14,19,,
T,2026-07-18 17:51:04.000,26.41478833,-80.16464167,1.80,17.051,-27.751,2.908,107,14,19,,
T,2026-07-18 17:51:05.000,26.41478167,-80.16461500,1.80,16.651,-27.751,2.889,106,14,19,,
T,2026-07-18 17:51:06.000,26.41477667,-80.16458333,1.80,16.251,-27.751,2.856,105,14,19,,
T,2026-07-18 17:51:07.000,26.41476667,-80.16455333,2.00,15.851,-27.751,2.788,109,14,19,,
T,2026-07-18 17:51:08.000,26.41475833,-80.16452333,2.10,15.151,-27.751,2.749,113,14,19,,
T,2026-07-18 17:51:09.000,26.41474667,-80.16449333,2.20,14.651,-27.751,2.823,117,14,19,,
T,2026-07-18 17:51:10.000,26.41473167,-80.16446500,2.20,13.951,-27.751,2.946,120,14,19,,
T,2026-07-18 17:51:11.000,26.41471667,-80.16443167,2.30,13.551,-27.751,3.063,121,13,19,,
T,2026-07-18 17:51:12.000,26.41470333,-80.16440167,2.30,13.252,-27.752,3.138,121,14,19,,
T,2026-07-18 17:51:13.000,26.41468833,-80.16437333,2.30,12.652,-27.752,3.200,120,14,19,,
T,2026-07-18 17:51:14.000,26.41467500,-80.16435000,2.30,12.452,-27.752,3.211,119,14,19,,
T,2026-07-18 17:51:15.000,26.41466000,-80.16432500,2.30,12.052,-27.752,3.211,120,14,19,,
T,2026-07-18 17:51:16.000,26.41464667,-80.16431500,1.90,11.852,-27.752,3.188,112,14,19,,
T,2026-07-18 17:51:17.000,26.41464000,-80.16428333,2.00,11.652,-27.752,3.179,102,14,19,,
T,2026-07-18 17:51:18.000,26.41463167,-80.16425667,1.90,12.652,-27.752,3.174,99,14,19,,
T,2026-07-18 17:51:19.000,26.41462833,-80.16422333,2.10,12.652,-27.752,3.171,99,14,19,,
T,2026-07-18 17:51:20.000,26.41462333,-80.16419167,2.20,12.452,-27.752,3.149,104,14,19,,
T,2026-07-18 17:51:21.000,26.41461500,-80.16415833,2.20,12.753,-27.753,3.139,109,14,19,,
T,2026-07-18 17:51:22.000,26.41460333,-80.16412167,1.90,13.653,-27.753,3.130,111,14,19,,
T,2026-07-18 17:51:23.000,26.41459167,-80.16409167,2.00,13.353,-27.753,3.110,114,14,19,,
T,2026-07-18 17:51:24.000,26.41458000,-80.16406333,2.10,13.553,-27.753,3.112,117,14,19,,
T,2026-07-18 17:51:25.000,26.41456833,-80.16403500,2.20,13.453,-27.753,3.109,117,14,19,,
T,2026-07-18 17:51:26.000,26.41455333,-80.16400833,1.90,14.753,-27.753,3.115,117,14,19,,
T,2026-07-18 17:51:27.000,26.41454000,-80.16398000,2.00,14.653,-27.753,3.097,117,14,19,,
T,2026-07-18 17:51:28.000,26.41452833,-80.16395333,2.10,14.253,-27.753,3.076,117,14,19,,
T,2026-07-18 17:51:29.000,26.41451167,-80.16393000,1.90,14.353,-27.753,3.069,117,14,19,,
T,2026-07-18 17:51:30.000,26.41450000,-80.16390000,2.00,14.454,-27.754,3.101,116,14,19,,
T,2026-07-18 17:51:31.000,26.41448667,-80.16387333,2.10,14.254,-27.754,3.091,118,14,19,,
T,2026-07-18 17:51:32.000,26.41447500,-80.16384500,2.20,13.854,-27.754,3.084,117,14,19,,
T,2026-07-18 17:51:33.000,26.41446500,-80.16381500,2.20,14.054,-27.754,3.082,116,14,19,,
T,2026-07-18 17:51:34.000,26.41445667,-80.16378667,2.20,14.254,-27.754,3.083,104,14,19,,
T,2026-07-18 17:51:35.000,26.41445167,-80.16375833,2.20,14.454,-27.754,3.066,97,14,19,,
T,2026-07-18 17:51:36.000,26.41445667,-80.16372833,2.00,15.254,-27.754,3.061,90,14,19,,
T,2026-07-18 17:51:37.000,26.41446333,-80.16369333,2.00,15.654,-27.754,3.085,85,14,19,,
T,2026-07-18 17:51:38.000,26.41447167,-80.16366500,1.90,16.354,-27.754,3.112,79,14,19,,
T,2026-07-18 17:51:39.000,26.41447667,-80.16363333,2.10,16.255,-27.755,3.116,82,14,19,,
T,2026-07-18 17:51:40.000,26.41449000,-80.16360000,2.20,16.055,-27.755,3.118,79,14,19,,
T,2026-07-18 17:51:41.000,26.41449833,-80.16356500,2.20,15.355,-27.755,3.142,63,14,19,,
T,2026-07-18 17:51:42.000,26.41451500,-80.16353500,2.30,15.555,-27.755,3.143,59,14,19,,
T,2026-07-18 17:51:43.000,26.41453333,-80.16351000,2.20,15.555,-27.755,3.165,51,14,19,,
T,2026-07-18 17:51:44.000,26.41455500,-80.16348667,2.20,15.155,-27.755,3.202,40,14,19,,
T,2026-07-18 17:51:45.000,26.41457833,-80.16347167,2.30,15.455,-27.755,3.246,37,14,19,,
T,2026-07-18 17:51:46.000,26.41460167,-80.16345500,2.30,14.955,-27.755,3.265,35,14,19,,
T,2026-07-18 17:51:47.000,26.41462833,-80.16343667,2.30,14.656,-27.756,3.265,33,14,19,,
T,2026-07-18 17:51:48.000,26.41465167,-80.16341667,2.30,14.256,-27.756,3.230,37,14,19,,
T,2026-07-18 17:51:49.000,26.41467333,-80.16339667,2.30,13.856,-27.756,3.207,47,14,19,,
T,2026-07-18 17:51:50.000,26.41469167,-80.16337833,1.90,13.956,-27.756,3.161,42,14,19,,
T,2026-07-18 17:51:51.000,26.41471167,-80.16336167,1.80,14.256,-27.756,3.127,39,14,19,,
T,2026-07-18 17:51:52.000,26.41473333,-80.16334667,1.70,14.456,-27.756,3.122,37,14,19,,
T,2026-07-18 17:51:53.000,26.41475500,-80.16332667,1.90,14.056,-27.756,3.093,40,14,19,,
T,2026-07-18 17:51:54.000,26.41477500,-80.16330667,2.10,13.956,-27.756,3.055,40,14,19,,
T,2026-07-18 17:51:55.000,26.41479333,-80.16329667,1.90,14.556,-27.756,3.008,38,14,19,,
T,2026-07-18 17:51:56.000,26.41481500,-80.16328167,1.80,15.156,-27.756,2.978,40,14,19,,
T,2026-07-18 17:51:57.000,26.41483667,-80.16326667,1.80,15.656,-27.756,2.962,37,14,19,,
T,2026-07-18 17:51:58.000,26.41486167,-80.16324667,1.80,16.256,-27.756,2.962,41,14,19,,
T,2026-07-18 17:51:59.000,26.41488167,-80.16322500,2.00,16.457,-27.757,2.928,43,14,19,,
T,2026-07-18 17:52:00.000,26.41489667,-80.16320833,1.80,17.457,-27.757,2.870,57,14,19,,
T,2026-07-18 17:52:01.000,26.41490667,-80.16318833,1.70,17.757,-27.757,2.856,49,14,19,,
T,2026-07-18 17:52:02.000,26.41492167,-80.16316500,1.70,17.757,-27.757,2.838,49,14,19,,
T,2026-07-18 17:52:03.000,26.41493833,-80.16314333,1.80,17.657,-27.757,2.829,52,14,19,,
T,2026-07-18 17:52:04.000,26.41495000,-80.16311833,1.80,18.057,-27.757,2.817,62,14,19,,
T,2026-07-18 17:52:05.000,26.41495833,-80.16308833,1.70,18.257,-27.757,2.818,77,14,19,,
T,2026-07-18 17:52:06.000,26.41495667,-80.16305667,1.80,18.257,-27.757,2.816,85,14,19,,
T,2026-07-18 17:52:07.000,26.41495000,-80.16302667,1.80,18.357,-27.757,2.781,100,14,19,,
T,2026-07-18 17:52:08.000,26.41493833,-80.16299833,1.80,18.157,-27.757,2.712,115,14,19,,
T,2026-07-18 17:52:09.000,26.41492667,-80.16297500,1.70,17.858,-27.758,2.665,126,14,19,,
T,2026-07-18 17:52:10.000,26.41491333,-80.16296000,1.70,18.158,-27.758,2.618,142,14,19,,
T,2026-07-18 17:52:11.000,26.41489833,-80.16295500,1.70,18.758,-27.758,2.541,169,14,19,,
T,2026-07-18 17:52:12.000,26.41488167,-80.16295500,1.70,18.458,-27.758,2.494,192,14,19,,
T,2026-07-18 17:52:13.000,26.41486000,-80.16296333,1.70,18.058,-27.758,2.435,210,14,19,,
T,2026-07-18 17:52:14.000,26.41484500,-80.16297500,1.80,17.758,-27.758,2.421,215,14,19,,
T,2026-07-18 17:52:15.000,26.41483000,-80.16299000,1.80,17.257,-27.757,2.385,221,14,19,,
T,2026-07-18 17:52:16.000,26.41481333,-80.16301000,1.70,16.257,-27.757,2.327,231,14,19,,
T,2026-07-18 17:52:17.000,26.41480000,-80.16302833,1.70,14.957,-27.757,2.289,234,14,19,,
T,2026-07-18 17:52:18.000,26.41478667,-80.16304833,1.70,14.057,-27.757,2.295,235,14,19,,
T,2026-07-18 17:52:19.000,26.41477167,-80.16306667,1.70,13.657,-27.757,2.313,232,14,19,,
T,2026-07-18 17:52:20.000,26.41475667,-80.16308667,1.70,13.557,-27.757,2.358,226,14,19,,
T,2026-07-18 17:52:21.000,26.41474333,-80.16310833,1.70,13.857,-27.757,2.407,223,14,19,,
T,2026-07-18 17:52:22.000,26.41472667,-80.16312667,1.70,13.957,-27.757,2.415,213,14,19,,
T,2026-07-18 17:52:23.000,26.41470667,-80.16314333,1.70,14.157,-27.757,2.443,202,14,19,,
T,2026-07-18 17:52:24.000,26.41468167,-80.16314667,1.80,13.657,-27.757,2.426,183,14,19,,
T,2026-07-18 17:52:25.000,26.41465500,-80.16314333,1.70,13.257,-27.757,2.454,168,14,19,,
T,2026-07-18 17:52:26.000,26.41463000,-80.16313333,1.70,13.257,-27.757,2.502,154,14,19,,
T,2026-07-18 17:52:27.000,26.41461000,-80.16311833,1.70,13.957,-27.757,2.544,140,14,19,,
T,2026-07-18 17:52:28.000,26.41459500,-80.16309500,1.70,14.357,-27.757,2.606,125,14,19,,
T,2026-07-18 17:52:29.000,26.41458333,-80.16307000,1.70,14.757,-27.757,2.644,117,14,19,,
T,2026-07-18 17:52:30.000,26.41457333,-80.16304167,1.70,15.057,-27.757,2.668,113,14,19,,
T,2026-07-18 17:52:31.000,26.41456833,-80.16301500,1.70,14.857,-27.757,2.645,107,14,19,,
T,2026-07-18 17:52:32.000,26.41456333,-80.16298333,1.80,14.657,-27.757,2.705,103,14,19,,
T,2026-07-18 17:52:33.000,26.41456167,-80.16295500,1.80,14.657,-27.757,2.720,106,14,19,,
T,2026-07-18 17:52:34.000,26.41455500,-80.16292833,2.00,14.658,-27.758,2.718,124,14,19,,
T,2026-07-18 17:52:35.000,26.41453833,-80.16290667,1.90,15.458,-27.758,2.681,122,14,19,,
T,2026-07-18 17:52:36.000,26.41452833,-80.16288333,1.80,15.658,-27.758,2.708,122,14,19,,
T,2026-07-18 17:52:37.000,26.41452167,-80.16286333,1.80,16.458,-27.758,2.639,110,14,19,,
T,2026-07-18 17:52:38.000,26.41451333,-80.16284500,1.90,16.358,-27.758,2.563,118,14,19,,
T,2026-07-18 17:52:39.000,26.41451500,-80.16283000,1.80,16.358,-27.758,2.461,89,14,19,,
T,2026-07-18 17:52:40.000,26.41452000,-80.16282333,1.70,16.358,-27.758,2.215,236,14,19,,
T,2026-07-18 17:52:41.000,26.41452000,-80.16282833,1.70,16.958,-27.758,2.000,241,14,19,,
T,2026-07-18 17:52:42.000,26.41452167,-80.16283000,1.70,17.158,-27.758,1.730,225,14,19,,
T,2026-07-18 17:52:43.000,26.41451833,-80.16283333,1.70,16.958,-27.758,1.491,207,14,19,,
T,2026-07-18 17:52:44.000,26.41452167,-80.16283667,1.70,16.858,-27.758,1.253,256,14,19,,
T,2026-07-18 17:52:45.000,26.41452167,-80.16283833,1.70,16.758,-27.758,1.020,287,14,19,,
T,2026-07-18 17:52:46.000,26.41452333,-80.16284000,1.60,16.858,-27.758,0.735,295,14,19,,
T,2026-07-18 17:52:47.000,26.41452500,-80.16284000,1.60,16.758,-27.758,0.540,304,14,19,,
T,2026-07-18 17:52:48.000,26.41452833,-80.16284000,1.60,16.658,-27.758,0.000,,14,19,,
T,2026-07-18 17:52:49.000,26.41453167,-80.16284167,1.60,16.658,-27.758,0.000,,14,19,,
T,2026-07-18 17:52:50.000,26.41453333,-80.16284333,1.60,16.758,-27.758,0.000,,14,19,,
T,2026-07-18 17:52:51.000,26.41453333,-80.16284333,1.50,16.758,-27.758,0.000,,14,19,,
T,2026-07-18 17:52:52.000,26.41453333,-80.16284333,1.50,16.758,-27.758,0.000,,14,19,,
T,2026-07-18 17:52:53.000,26.41453333,-80.16284333,1.50,16.758,-27.758,0.000,,14,19,,
T,2026-07-18 17:52:54.000,26.41453333,-80.16284333,1.50,16.758,-27.758,0.000,,14,19,,
T,2026-07-18 17:52:55.000,26.41453333,-80.16284333,1.50,16.758,-27.758,0.000,,14,19,,
T,2026-07-18 17:52:56.000,26.41453333,-80.16284333,1.50,16.758,-27.758,0.000,,14,19,,
T,2026-07-18 17:52:57.000,26.41453333,-80.16284333,1.50,16.758,-27.758,0.000,,14,19,,
T,2026-07-18 17:52:58.000,26.41453333,-80.16284333,1.50,16.758,-27.758,0.000,,14,19,,
T,2026-07-18 17:52:59.000,26.41453333,-80.16284333,1.50,16.758,-27.758,0.000,,14,19,,
T,2026-07-18 17:53:00.000,26.41453333,-80.16284333,1.50,16.758,-27.758,0.000,,14,19,,
T,2026-07-18 17:53:01.000,26.41453333,-80.16284333,1.50,16.758,-27.758,0.000,,14,19,,
T,2026-07-18 17:53:02.000,26.41453333,-80.16284333,1.60,16.758,-27.758,0.000,,14,19,,
T,2026-07-18 17:53:03.000,26.41453333,-80.16284333,1.60,16.758,-27.758,0.000,,14,19,,
T,2026-07-18 17:53:04.000,26.41453333,-80.16284333,1.60,16.758,-27.758,0.000,,14,19,,
T,2026-07-18 17:53:05.000,26.41453333,-80.16284333,1.60,16.758,-27.758,0.000,,14,19,,
T,2026-07-18 17:53:06.000,26.41453333,-80.16284333,1.60,16.758,-27.758,0.000,,14,19,,
T,2026-07-18 17:53:07.000,26.41453333,-80.16284333,1.60,16.758,-27.758,0.000,,14,19,,
T,2026-07-18 17:53:08.000,26.41453333,-80.16284333,1.50,16.758,-27.758,0.000,,14,19,,
T,2026-07-18 17:53:09.000,26.41453333,-80.16284333,1.50,16.758,-27.758,0.000,,14,19,,
T,2026-07-18 17:53:10.000,26.41453333,-80.16284333,1.50,16.758,-27.758,0.000,,14,19,,
T,2026-07-18 17:53:11.000,26.41453333,-80.16284333,1.50,16.758,-27.758,0.000,,14,19,,
T,2026-07-18 17:53:12.000,26.41453333,-80.16284333,1.50,16.758,-27.758,0.000,,14,19,,
T,2026-07-18 17:53:13.000,26.41453333,-80.16284333,1.50,16.758,-27.758,0.000,,14,18,,
T,2026-07-18 17:53:14.000,26.41453333,-80.16284333,1.50,16.758,-27.758,0.000,,14,18,,
T,2026-07-18 17:53:15.000,26.41453333,-80.16284333,1.50,16.758,-27.758,0.000,,14,18,,
T,2026-07-18 17:53:16.000,26.41453333,-80.16284333,1.50,16.758,-27.758,0.000,,14,18,,
T,2026-07-18 17:53:17.000,26.41453333,-80.16284333,1.50,16.758,-27.758,0.000,,14,18,,
T,2026-07-18 17:53:18.000,26.41453333,-80.16284333,1.40,16.758,-27.758,0.000,,14,18,,
T,2026-07-18 17:53:19.000,26.41453333,-80.16284333,1.40,16.758,-27.758,0.000,,14,18,,
T,2026-07-18 17:53:20.000,26.41453333,-80.16284333,1.40,16.758,-27.758,0.000,,14,18,,
T,2026-07-18 17:53:21.000,26.41453333,-80.16284333,1.40,16.758,-27.758,0.000,,13,18,,
T,2026-07-18 17:53:22.000,26.41453333,-80.16284333,1.40,16.758,-27.758,0.000,,13,18,,
T,2026-07-18 17:53:23.000,26.41453333,-80.16284333,1.40,16.758,-27.758,0.000,,13,18,,
T,2026-07-18 17:53:24.000,26.41453333,-80.16284333,1.40,16.758,-27.758,0.000,,13,18,,
T,2026-07-18 17:53:25.000,26.41453333,-80.16284333,1.40,16.758,-27.758,0.000,,13,18,,
T,2026-07-18 17:53:26.000,26.41453333,-80.16284333,1.40,16.758,-27.758,0.000,,13,18,,
T,2026-07-18 17:53:27.000,26.41453333,-80.16284333,1.40,16.758,-27.758,0.000,,13,18,,
T,2026-07-18 17:53:28.000,26.41453333,-80.16284333,1.40,16.758,-27.758,0.000,,13,18,,
T,2026-07-18 17:53:29.000,26.41453333,-80.16284333,1.40,16.758,-27.758,0.000,,13,18,,
T,2026-07-18 17:53:30.000,26.41453333,-80.16284333,1.40,16.758,-27.758,0.000,,14,18,,
T,2026-07-18 17:53:31.000,26.41453333,-80.16284333,1.40,16.758,-27.758,0.000,,13,18,,
T,2026-07-18 17:53:32.000,26.41453333,-80.16284333,1.40,16.758,-27.758,0.000,,13,18,,
T,2026-07-18 17:53:33.000,26.41453333,-80.16284333,1.40,16.758,-27.758,0.000,,13,18,,
T,2026-07-18 17:53:34.000,26.41453333,-80.16284333,1.50,16.758,-27.758,0.000,,13,18,,
T,2026-07-18 17:53:35.000,26.41453333,-80.16284333,1.50,16.758,-27.758,0.000,,13,18,,
T,2026-07-18 17:53:36.000,26.41456333,-80.16285000,1.50,18.558,-27.758,0.223,82,13,18,,
T,2026-07-18 17:53:37.000,26.41456000,-80.16284333,1.50,18.358,-27.758,0.291,83,14,18,,
T,2026-07-18 17:53:38.000,26.41455500,-80.16283167,1.60,18.058,-27.758,0.378,83,14,18,,
T,2026-07-18 17:53:39.000,26.41455167,-80.16282167,1.60,17.958,-27.758,0.458,57,14,18,,
T,2026-07-18 17:53:40.000,26.41455167,-80.16281167,1.60,17.558,-27.758,0.555,62,14,18,,
T,2026-07-18 17:53:41.000,26.41455667,-80.16280000,1.70,17.558,-27.758,0.662,60,14,18,,
T,2026-07-18 17:53:42.000,26.41455833,-80.16279000,1.70,17.758,-27.758,0.744,79,14,18,,
T,2026-07-18 17:53:43.000,26.41456000,-80.16278667,1.70,17.858,-27.758,0.739,90,14,18,,
T,2026-07-18 17:53:44.000,26.41456167,-80.16278000,1.70,17.958,-27.758,0.773,96,14,18,,
T,2026-07-18 17:53:45.000,26.41456167,-80.16277000,1.70,18.058,-27.758,0.780,91,14,18,,
T,2026-07-18 17:53:46.000,26.41456500,-80.16276000,1.70,18.258,-27.758,0.823,83,14,18,,
T,2026-07-18 17:53:47.000,26.41456500,-80.16275167,1.70,18.558,-27.758,0.832,114,14,18,,
T,2026-07-18 17:53:48.000,26.41456000,-80.16274833,1.80,18.758,-27.758,0.830,250,14,18,,
T,2026-07-18 17:53:49.000,26.41456000,-80.16275000,1.80,19.058,-27.758,0.751,294,14,18,,
T,2026-07-18 17:53:50.000,26.41455500,-80.16274333,1.80,19.358,-27.758,0.649,213,14,18,,
T,2026-07-18 17:53:51.000,26.41455167,-80.16273833,1.80,19.558,-27.758,0.553,183,14,18,,
T,2026-07-18 17:53:52.000,26.41455167,-80.16273333,1.80,19.558,-27.758,0.474,114,14,18,,
T,2026-07-18 17:53:53.000,26.41454333,-80.16273333,1.70,19.558,-27.758,0.466,178,14,18,,
T,2026-07-18 17:53:54.000,26.41455000,-80.16273500,1.70,20.058,-27.758,0.450,281,14,18,,
T,2026-07-18 17:53:55.000,26.41455000,-80.16273833,1.70,20.158,-27.758,0.417,293,14,18,,
T,2026-07-18 17:53:56.000,26.41455167,-80.16274000,1.60,20.358,-27.758,0.000,,14,18,,
T,2026-07-18 17:53:57.000,26.41455333,-80.16274000,1.70,20.458,-27.758,0.000,,14,18,,
T,2026-07-18 17:53:58.000,26.41455167,-80.16273833,1.70,20.758,-27.758,0.000,,14,18,,
T,2026-07-18 17:53:59.000,26.41455167,-80.16273833,1.70,20.758,-27.758,0.000,,14,18,,
T,2026-07-18 17:54:00.000,26.41455167,-80.16273833,1.70,20.758,-27.758,0.000,,14,18,,
T,2026-07-18 17:54:01.000,26.41455167,-80.16273833,1.70,20.758,-27.758,0.000,,14,18,,
T,2026-07-18 17:54:02.000,26.41455167,-80.16273833,1.70,20.758,-27.758,0.000,,14,18,,
T,2026-07-18 17:54:03.000,26.41455167,-80.16273833,1.70,20.758,-27.758,0.000,,14,18,,
T,2026-07-18 17:54:04.000,26.41455167,-80.16273833,1.80,20.758,-27.758,0.000,,14,18,,
T,2026-07-18 17:54:05.000,26.41455167,-80.16273833,1.70,20.758,-27.758,0.000,,14,18,,
T,2026-07-18 17:54:06.000,26.41455167,-80.16273833,1.70,20.758,-27.758,0.000,,14,18,,
T,2026-07-18 17:54:07.000,26.41455167,-80.16273833,1.70,20.758,-27.758,0.000,,14,18,,
T,2026-07-18 17:54:08.000,26.41455167,-80.16273833,1.70,20.758,-27.758,0.000,,14,18,,
T,2026-07-18 17:54:09.000,26.41455167,-80.16273833,1.60,20.758,-27.758,0.000,,14,18,,
T,2026-07-18 17:54:10.000,26.41455167,-80.16273833,1.60,20.758,-27.758,0.000,,14,18,,
T,2026-07-18 17:54:11.000,26.41455167,-80.16273833,1.60,20.758,-27.758,0.000,,14,18,,
