type,date time,latitude,longitude,accuracy(m),altitude(m),geoid_height(m),speed(m/s),bearing(deg),sat_used,sat_inview,name,desc
W,2026-07-18 18:16:46.000,26.41063500,-80.16101833,2.00,14.663,-27.763,0.089,75,15,20,,Gate
W,2026-07-18 18:30:08.000,26.42368167,-80.15281833,1.60,9.204,-27.804,0.000,,15,19,,Site1
W,2026-07-18 18:48:46.000,26.41649833,-80.17008667,2.40,15.429,-27.729,0.000,,16,21,,Site2
W,2026-07-18 19:00:57.000,26.40989500,-80.16668833,1.80,17.639,-27.739,0.000,,16,22,,Site3
W,2026-07-18 19:15:04.000,26.41592333,-80.16348333,3.20,21.956,-27.756,0.000,,13,21,,Receiving
T,2026-07-18 18:16:42.000,26.41061500,-80.16111167,3.10,3.563,-27.763,0.231,241,12,20,20260718-141642,GPS Logger: 20260718-141642 - Global path
T,2026-07-18 18:16:43.000,26.41061333,-80.16110333,2.70,4.863,-27.763,0.091,213,14,20,,
T,2026-07-18 18:16:44.000,26.41062667,-80.16106167,2.40,9.963,-27.763,0.033,347,13,20,,
T,2026-07-18 18:16:45.000,26.41063333,-80.16103000,2.10,13.463,-27.763,0.176,102,15,20,,
T,2026-07-18 18:16:46.000,26.41063500,-80.16101833,2.00,14.663,-27.763,0.089,75,15,20,,
T,2026-07-18 18:16:47.000,26.41063833,-80.16101167,1.90,15.563,-27.763,0.043,334,15,20,,
T,2026-07-18 18:16:48.000,26.41063833,-80.16101167,1.80,15.663,-27.763,0.148,42,15,20,,
T,2026-07-18 18:16:49.000,26.41063333,-80.16101167,1.80,15.863,-27.763,0.085,112,14,20,,
T,2026-07-18 18:16:50.000,26.41063167,-80.16101167,1.70,15.663,-27.763,0.238,91,14,20,,
T,2026-07-18 18:16:51.000,26.41063000,-80.16101000,1.70,15.663,-27.763,0.126,199,14,20,,
T,2026-07-18 18:16:52.000,26.41062500,-80.16101000,1.60,15.663,-27.763,0.110,212,14,20,,
T,2026-07-18 18:16:53.000,26.41062000,-80.16101333,1.60,15.363,-27.763,0.228,212,15,20,,
T,2026-07-18 18:16:54.000,26.41061667,-80.16101500,1.60,15.163,-27.763,0.065,185,15,20,,
T,2026-07-18 18:16:55.000,26.41061167,-80.16101667,1.60,15.263,-27.763,0.142,185,14,20,,
T,2026-07-18 18:16:56.000,26.41061000,-80.16101833,1.50,15.263,-27.763,0.032,142,14,20,,
T,2026-07-18 18:16:57.000,26.41060667,-80.16102000,1.50,15.163,-27.763,0.021,251,14,20,,
T,2026-07-18 18:16:58.000,26.41060333,-80.16102167,1.50,15.063,-27.763,0.112,319,15,20,,
T,2026-07-18 18:16:59.000,26.41060333,-80.16102333,1.50,15.063,-27.763,0.109,354,13,20,,
T,2026-07-18 18:17:00.000,26.41060333,-80.16102333,1.50,15.263,-27.763,0.086,283,13,20,,
T,2026-07-18 18:17:01.000,26.41060500,-80.16102333,1.50,15.263,-27.763,0.080,182,14,20,,
T,2026-07-18 18:17:02.000,26.41060500,-80.16102333,1.50,15.163,-27.763,0.080,209,14,20,,
T,2026-07-18 18:17:03.000,26.41060667,-80.16102167,1.50,15.363,-27.763,0.065,217,13,20,,
T,2026-07-18 18:17:04.000,26.41060833,-80.16102167,1.50,15.463,-27.763,0.061,254,13,20,,
T,2026-07-18 18:17:05.000,26.41061000,-80.16102000,1.50,15.463,-27.763,0.048,83,13,20,,
T,2026-07-18 18:17:06.000,26.41061000,-80.16102000,1.50,15.463,-27.763,0.045,59,13,20,,
T,2026-07-18 18:17:07.000,26.41060833,-80.16101833,1.50,15.563,-27.763,0.048,155,13,20,,
T,2026-07-18 18:17:08.000,26.41060667,-80.16101833,1.50,15.563,-27.763,0.046,219,13,20,,
T,2026-07-18 18:17:09.000,26.41060500,-80.16101667,1.50,15.563,-27.763,0.000,,13,20,,
T,2026-07-18 18:17:10.000,26.41060333,-80.16101667,1.50,15.563,-27.763,0.000,,14,20,,
T,2026-07-18 18:17:11.000,26.41060333,-80.16101667,1.50,15.663,-27.763,0.000,,14,20,,
T,2026-07-18 18:17:12.000,26.41060333,-80.16101667,1.50,15.663,-27.763,0.000,,14,20,,
T,2026-07-18 18:17:13.000,26.41060333,-80.16101667,1.50,15.663,-27.763,0.000,,14,20,,
T,2026-07-18 18:17:14.000,26.41060333,-80.16101667,1.50,15.663,-27.763,0.000,,15,20,,
T,2026-07-18 18:17:15.000,26.41060333,-80.16101667,1.50,15.663,-27.763,0.000,,14,20,,
T,2026-07-18 18:17:16.000,26.41060333,-80.16101667,1.50,15.663,-27.763,0.000,,14,20,,
T,2026-07-18 18:17:17.000,26.41060333,-80.16101667,1.50,15.663,-27.763,0.000,,14,20,,
T,2026-07-18 18:17:18.000,26.41060333,-80.16101667,1.50,15.663,-27.763,0.000,,15,20,,
T,2026-07-18 18:17:19.000,26.41060333,-80.16101667,1.50,15.663,-27.763,0.000,,15,20,,
T,2026-07-18 18:17:20.000,26.41060333,-80.16101667,1.50,15.663,-27.763,0.000,,14,20,,
T,2026-07-18 18:17:21.000,26.41060333,-80.16101667,1.50,15.663,-27.763,0.000,,14,20,,
T,2026-07-18 18:17:22.000,26.41060333,-80.16101667,1.50,15.663,-27.763,0.000,,14,20,,
T,2026-07-18 18:17:23.000,26.41060333,-80.16101667,1.50,15.663,-27.763,0.000,,14,20,,
T,2026-07-18 18:17:24.000,26.41060333,-80.16101667,1.50,15.663,-27.763,0.000,,14,20,,
T,2026-07-18 18:17:25.000,26.41060333,-80.16101667,1.50,15.663,-27.763,0.000,,14,20,,
T,2026-07-18 18:17:26.000,26.41060333,-80.16101667,1.50,15.663,-27.763,0.000,,14,20,,
T,2026-07-18 18:17:27.000,26.41060333,-80.16101667,1.50,15.663,-27.763,0.000,,15,20,,
T,2026-07-18 18:17:28.000,26.41060333,-80.16101667,1.50,15.663,-27.763,0.000,,16,20,,
T,2026-07-18 18:17:29.000,26.41060333,-80.16101667,1.50,15.663,-27.763,0.000,,16,20,,
T,2026-07-18 18:17:30.000,26.41060333,-80.16101667,1.50,15.663,-27.763,0.000,,15,20,,
T,2026-07-18 18:17:31.000,26.41060333,-80.16101667,1.50,15.663,-27.763,0.000,,15,20,,
T,2026-07-18 18:17:32.000,26.41060333,-80.16101667,1.60,15.663,-27.763,0.000,,15,20,,
T,2026-07-18 18:17:33.000,26.41060333,-80.16101667,1.60,15.663,-27.763,0.000,,16,20,,
T,2026-07-18 18:17:34.000,26.41060333,-80.16101667,1.70,15.663,-27.763,0.000,,15,20,,
T,2026-07-18 18:17:35.000,26.41060333,-80.16101667,1.70,15.663,-27.763,0.000,,15,20,,
T,2026-07-18 18:17:36.000,26.41060333,-80.16101667,1.80,15.663,-27.763,0.000,,15,20,,
T,2026-07-18 18:17:37.000,26.41060333,-80.16101667,1.80,15.663,-27.763,0.000,,14,20,,
T,2026-07-18 18:17:38.000,26.41060333,-80.16101667,1.90,15.663,-27.763,0.000,,14,20,,
T,2026-07-18 18:17:39.000,26.41060333,-80.16101667,1.90,15.663,-27.763,0.000,,14,20,,
T,2026-07-18 18:17:40.000,26.41057167,-80.16101833,1.90,16.063,-27.763,0.257,67,14,20,,
T,2026-07-18 18:17:41.000,26.41058167,-80.16100833,1.90,15.963,-27.763,0.299,63,14,20,,
T,2026-07-18 18:17:42.000,26.41058167,-80.16100333,1.90,15.763,-27.763,0.338,61,14,20,,
T,2026-07-18 18:17:43.000,26.41058333,-80.16100167,1.90,15.663,-27.763,0.409,32,14,20,,
T,2026-07-18 18:17:44.000,26.41059500,-80.16099333,1.90,15.163,-27.763,0.520,28,15,20,,
T,2026-07-18 18:17:45.000,26.41061500,-80.16099333,2.00,14.763,-27.763,0.631,357,15,20,,
T,2026-07-18 18:17:46.000,26.41062333,-80.16101167,2.00,14.463,-27.763,0.742,325,15,20,,
T,2026-07-18 18:17:47.000,26.41061000,-80.16103500,2.10,13.963,-27.763,0.872,256,16,20,,
T,2026-07-18 18:17:48.000,26.41060167,-80.16105833,2.00,13.663,-27.763,1.017,253,16,20,,
T,2026-07-18 18:17:49.000,26.41059667,-80.16108000,1.90,13.463,-27.763,1.089,254,17,20,,
T,2026-07-18 18:17:50.000,26.41059167,-80.16109833,1.90,13.263,-27.763,1.186,257,17,20,,
T,2026-07-18 18:17:51.000,26.41058500,-80.16111167,1.90,13.163,-27.763,1.264,253,16,20,,
T,2026-07-18 18:17:52.000,26.41058000,-80.16113000,1.90,12.963,-27.763,1.358,249,16,20,,
T,2026-07-18 18:17:53.000,26.41058167,-80.16114167,1.90,12.463,-27.763,1.349,270,16,20,,
T,2026-07-18 18:17:54.000,26.41058167,-80.16115167,1.80,12.363,-27.763,1.295,270,16,20,,
T,2026-07-18 18:17:55.000,26.41058167,-80.16115667,1.80,12.163,-27.763,1.209,277,15,20,,
T,2026-07-18 18:17:56.000,26.41058333,-80.16116167,1.90,11.863,-27.763,1.182,296,16,20,,
T,2026-07-18 18:17:57.000,26.41058667,-80.16117167,1.90,11.263,-27.763,1.139,293,16,20,,
T,2026-07-18 18:17:58.000,26.41059333,-80.16117833,1.90,10.763,-27.763,1.183,297,16,20,,
T,2026-07-18 18:17:59.000,26.41060500,-80.16119333,1.90,10.363,-27.763,1.157,303,16,20,,
T,2026-07-18 18:18:00.000,26.41060500,-80.16120500,1.90,9.862,-27.762,1.098,337,16,20,,
T,2026-07-18 18:18:01.000,26.41061833,-80.16120333,1.90,9.562,-27.762,1.068,353,16,20,,
T,2026-07-18 18:18:02.000,26.41063333,-80.16120167,1.90,8.762,-27.762,0.995,6,15,20,,
T,2026-07-18 18:18:03.000,26.41064833,-80.16119833,1.80,7.763,-27.763,1.039,12,16,20,,
T,2026-07-18 18:18:04.000,26.41066667,-80.16119333,1.90,7.063,-27.763,1.086,21,15,20,,
T,2026-07-18 18:18:05.000,26.41069167,-80.16118833,1.80,7.563,-27.763,1.212,35,16,20,,
T,2026-07-18 18:18:06.000,26.41071167,-80.16118333,1.80,7.263,-27.763,1.291,30,15,20,,
T,2026-07-18 18:18:07.000,26.41072500,-80.16118333,1.80,7.163,-27.763,1.343,34,16,20,,
T,2026-07-18 18:18:08.000,26.41073667,-80.16118833,1.80,7.463,-27.763,1.271,8,15,20,,
T,2026-07-18 18:18:09.000,26.41075333,-80.16118667,1.80,8.363,-27.763,1.380,15,16,20,,
T,2026-07-18 18:18:10.000,26.41077333,-80.16118333,1.80,9.063,-27.763,1.516,8,17,20,,
T,2026-07-18 18:18:11.000,26.41079667,-80.16118000,1.80,9.563,-27.763,1.653,4,17,20,,
T,2026-07-18 18:18:12.000,26.41082000,-80.16117500,1.80,9.463,-27.763,1.857,2,16,20,,
T,2026-07-18 18:18:13.000,26.41084833,-80.16117000,1.80,9.163,-27.763,2.031,1,18,20,,
T,2026-07-18 18:18:14.000,26.41087000,-80.16116667,2.00,8.763,-27.763,2.189,3,17,20,,
T,2026-07-18 18:18:15.000,26.41089500,-80.16116500,2.10,8.563,-27.763,2.293,2,17,20,,
T,2026-07-18 18:18:16.000,26.41093333,-80.16116500,1.90,8.763,-27.763,2.428,1,18,20,,
T,2026-07-18 18:18:17.000,26.41096667,-80.16116500,1.80,9.163,-27.763,2.573,1,18,20,,
T,2026-07-18 18:18:18.000,26.41099500,-80.16116500,2.00,9.163,-27.763,2.755,359,18,20,,
T,2026-07-18 18:18:19.000,26.41103333,-80.16116833,1.80,9.163,-27.763,2.855,354,18,20,,
T,2026-07-18 18:18:20.000,26.41106000,-80.16117000,1.90,9.263,-27.763,2.917,357,18,20,,
T,2026-07-18 18:18:21.000,26.41108833,-80.16117000,2.10,9.263,-27.763,2.960,1,18,20,,
T,2026-07-18 18:18:22.000,26.41112167,-80.16117167,1.80,8.963,-27.763,2.948,358,18,20,,
T,2026-07-18 18:18:23.000,26.41115000,-80.16117500,1.70,8.263,-27.763,2.944,359,18,20,,
T,2026-07-18 18:18:24.000,26.41118167,-80.16117500,1.70,7.963,-27.763,2.947,4,18,20,,
T,2026-07-18 18:18:25.000,26.41121000,-80.16117000,1.70,7.963,-27.763,2.991,0,18,20,,
T,2026-07-18 18:18:26.000,26.41123667,-80.16116833,1.70,7.863,-27.763,3.012,2,18,20,,
T,2026-07-18 18:18:27.000,26.41126667,-80.16116833,1.90,7.963,-27.763,3.023,1,18,20,,
T,2026-07-18 18:18:28.000,26.41129167,-80.16116667,2.10,7.963,-27.763,3.048,2,18,20,,
T,2026-07-18 18:18:29.000,26.41131833,-80.16117333,1.80,8.063,-27.763,3.080,357,18,20,,
T,2026-07-18 18:18:30.000,26.41134500,-80.16117333,2.00,8.063,-27.763,3.117,357,18,20,,
T,2026-07-18 18:18:31.000,26.41137333,-80.16117500,2.10,8.163,-27.763,3.169,356,18,20,,
T,2026-07-18 18:18:32.000,26.41139833,-80.16117667,2.10,8.463,-27.763,3.181,359,18,20,,
T,2026-07-18 18:18:33.000,26.41142500,-80.16117667,2.20,8.863,-27.763,3.189,359,18,20,,
T,2026-07-18 18:18:34.000,26.41145167,-80.16117667,2.20,8.663,-27.763,3.226,358,18,20,,
T,2026-07-18 18:18:35.000,26.41147667,-80.16117833,2.20,8.263,-27.763,3.214,357,18,20,,
T,2026-07-18 18:18:36.000,26.41150167,-80.16117833,2.20,8.163,-27.763,3.199,359,18,20,,
T,2026-07-18 18:18:37.000,26.41152833,-80.16117833,2.20,7.563,-27.763,3.220,0,17,20,,
T,2026-07-18 18:18:38.000,26.41155333,-80.16117833,2.30,7.263,-27.763,3.211,1,17,20,,
T,2026-07-18 18:18:39.000,26.41158000,-80.16118000,2.30,6.863,-27.763,3.204,359,18,20,,
T,2026-07-18 18:18:40.000,26.41160667,-80.16118000,2.30,6.663,-27.763,3.193,0,18,20,,
T,2026-07-18 18:18:41.000,26.41163333,-80.16117667,2.30,6.163,-27.763,3.161,360,18,20,,
T,2026-07-18 18:18:42.000,26.41165500,-80.16117500,2.30,5.863,-27.763,3.216,6,18,20,,
T,2026-07-18 18:18:43.000,26.41168167,-80.16117500,2.30,5.863,-27.763,3.229,355,18,20,,
T,2026-07-18 18:18:44.000,26.41170833,-80.16117833,2.30,5.763,-27.763,3.214,353,18,20,,
T,2026-07-18 18:18:45.000,26.41173333,-80.16118333,2.30,5.663,-27.763,3.222,352,18,20,,
T,2026-07-18 18:18:46.000,26.41176167,-80.16118833,2.30,5.663,-27.763,3.212,350,18,20,,
T,2026-07-18 18:18:47.000,26.41179167,-80.16119667,2.30,5.863,-27.763,3.206,346,18,20,,
T,2026-07-18 18:18:48.000,26.41182333,-80.16120167,2.30,5.863,-27.763,3.194,351,18,20,,
T,2026-07-18 18:18:49.000,26.41185333,-80.16120833,2.30,5.963,-27.763,3.170,351,18,20,,
T,2026-07-18 18:18:50.000,26.41188333,-80.16121500,2.30,6.163,-27.763,3.148,344,18,20,,
T,2026-07-18 18:18:51.000,26.41191500,-80.16122167,2.30,6.663,-27.763,3.172,346,18,20,,
T,2026-07-18 18:18:52.000,26.41195333,-80.16122833,1.90,7.563,-27.763,3.136,350,18,20,,
T,2026-07-18 18:18:53.000,26.41198333,-80.16123500,2.10,7.863,-27.763,3.129,347,18,20,,
T,2026-07-18 18:18:54.000,26.41200833,-80.16124167,2.20,8.263,-27.763,3.125,347,18,20,,
T,2026-07-18 18:18:55.000,26.41203500,-80.16124833,2.20,8.763,-27.763,3.119,344,18,20,,
T,2026-07-18 18:18:56.000,26.41206000,-80.16125500,2.30,9.163,-27.763,3.082,348,18,20,,
T,2026-07-18 18:18:57.000,26.41208167,-80.16126167,2.30,9.663,-27.763,3.026,344,18,20,,
T,2026-07-18 18:18:58.000,26.41211333,-80.16126833,2.10,10.263,-27.763,2.931,339,18,20,,
T,2026-07-18 18:18:59.000,26.41214000,-80.16127500,2.00,10.763,-27.763,2.865,347,18,20,,
T,2026-07-18 18:19:00.000,26.41216333,-80.16127667,2.00,11.063,-27.763,2.810,347,18,20,,
T,2026-07-18 18:19:01.000,26.41219167,-80.16128667,2.10,11.263,-27.763,2.726,347,18,20,,
T,2026-07-18 18:19:02.000,26.41221833,-80.16129333,2.10,11.363,-27.763,2.680,343,18,20,,
T,2026-07-18 18:19:03.000,26.41223833,-80.16130500,2.20,11.563,-27.763,2.582,334,18,20,,
T,2026-07-18 18:19:04.000,26.41226000,-80.16131833,2.20,11.963,-27.763,2.496,336,18,20,,
T,2026-07-18 18:19:05.000,26.41228333,-80.16132833,2.20,12.263,-27.763,2.412,338,18,20,,
T,2026-07-18 18:19:06.000,26.41230667,-80.16134000,2.20,12.263,-27.763,2.376,333,18,20,,
T,2026-07-18 18:19:07.000,26.41233333,-80.16135000,2.20,12.163,-27.763,2.357,338,18,20,,
T,2026-07-18 18:19:08.000,26.41235500,-80.16136000,2.20,11.863,-27.763,2.371,337,18,20,,
T,2026-07-18 18:19:09.000,26.41238333,-80.16136500,2.20,11.863,-27.763,2.359,342,18,20,,
T,2026-07-18 18:19:10.000,26.41240667,-80.16137833,2.20,11.863,-27.763,2.351,338,18,20,,
T,2026-07-18 18:19:11.000,26.41242833,-80.16138333,2.20,11.963,-27.763,2.320,350,18,20,,
T,2026-07-18 18:19:12.000,26.41244833,-80.16139667,2.20,12.163,-27.763,2.309,342,18,20,,
T,2026-07-18 18:19:13.000,26.41246833,-80.16141000,2.10,12.263,-27.763,2.363,335,18,20,,
T,2026-07-18 18:19:14.000,26.41249000,-80.16142167,2.10,12.363,-27.763,2.405,337,18,20,,
T,2026-07-18 18:19:15.000,26.41250833,-80.16143167,2.00,12.263,-27.763,2.411,333,18,20,,
T,2026-07-18 18:19:16.000,26.41253000,-80.16143667,2.00,12.963,-27.763,2.419,337,18,20,,
T,2026-07-18 18:19:17.000,26.41255000,-80.16144833,2.00,12.463,-27.763,2.386,343,18,20,,
T,2026-07-18 18:19:18.000,26.41256667,-80.16146000,1.90,12.562,-27.762,2.332,348,18,20,,
T,2026-07-18 18:19:19.000,26.41258333,-80.16145833,1.80,12.663,-27.763,2.271,9,18,20,,
T,2026-07-18 18:19:20.000,26.41259667,-80.16145500,1.70,13.163,-27.763,2.141,27,18,20,,
T,2026-07-18 18:19:21.000,26.41260500,-80.16145167,1.70,13.163,-27.763,2.002,19,17,20,,
T,2026-07-18 18:19:22.000,26.41261333,-80.16145000,1.70,13.363,-27.763,1.852,54,17,20,,
T,2026-07-18 18:19:23.000,26.41262833,-80.16143833,1.70,13.963,-27.763,1.761,51,17,20,,
T,2026-07-18 18:19:24.000,26.41265167,-80.16142333,1.70,14.863,-27.763,1.740,47,17,20,,
T,2026-07-18 18:19:25.000,26.41267167,-80.16140500,1.80,15.763,-27.763,1.721,62,17,20,,
T,2026-07-18 18:19:26.000,26.41268833,-80.16138833,1.80,16.063,-27.763,1.682,65,17,20,,
T,2026-07-18 18:19:27.000,26.41270167,-80.16136833,1.70,15.763,-27.763,1.736,53,17,20,,
T,2026-07-18 18:19:28.000,26.41271833,-80.16135000,1.70,15.163,-27.763,1.805,56,18,20,,
T,2026-07-18 18:19:29.000,26.41273333,-80.16132833,1.80,14.463,-27.763,1.913,53,18,20,,
T,2026-07-18 18:19:30.000,26.41274833,-80.16130167,1.80,14.263,-27.763,2.126,59,18,20,,
T,2026-07-18 18:19:31.000,26.41276000,-80.16127500,1.80,14.063,-27.763,2.348,54,18,20,,
T,2026-07-18 18:19:32.000,26.41277667,-80.16125000,2.00,14.063,-27.763,2.566,51,18,20,,
T,2026-07-18 18:19:33.000,26.41279333,-80.16122667,2.20,14.164,-27.764,2.682,56,18,20,,
T,2026-07-18 18:19:34.000,26.41280667,-80.16120167,2.20,13.964,-27.764,2.725,60,18,20,,
T,2026-07-18 18:19:35.000,26.41281500,-80.16117667,1.80,12.364,-27.764,2.778,60,18,20,,
T,2026-07-18 18:19:36.000,26.41282833,-80.16114833,1.70,11.664,-27.764,2.878,60,18,20,,
T,2026-07-18 18:19:37.000,26.41284333,-80.16112000,1.70,11.064,-27.764,2.935,59,18,20,,
T,2026-07-18 18:19:38.000,26.41286000,-80.16109167,1.70,10.464,-27.764,3.016,60,18,20,,
T,2026-07-18 18:19:39.000,26.41287500,-80.16106333,1.90,10.464,-27.764,3.070,56,18,20,,
T,2026-07-18 18:19:40.000,26.41289167,-80.16103667,2.10,10.464,-27.764,3.084,56,18,20,,
T,2026-07-18 18:19:41.000,26.41291000,-80.16101000,2.20,10.365,-27.765,3.083,56,18,20,,
T,2026-07-18 18:19:42.000,26.41292500,-80.16098500,2.20,10.165,-27.765,3.061,53,18,20,,
T,2026-07-18 18:19:43.000,26.41294167,-80.16095667,2.20,10.065,-27.765,3.109,59,18,20,,
T,2026-07-18 18:19:44.000,26.41295667,-80.16092833,2.30,9.865,-27.765,3.175,58,18,20,,
T,2026-07-18 18:19:45.000,26.41297167,-80.16089833,2.30,9.765,-27.765,3.247,59,18,20,,
T,2026-07-18 18:19:46.000,26.41299000,-80.16086833,2.30,9.765,-27.765,3.287,58,17,20,,
T,2026-07-18 18:19:47.000,26.41300500,-80.16084000,2.30,9.865,-27.765,3.320,60,18,20,,
T,2026-07-18 18:19:48.000,26.41302167,-80.16081000,2.30,9.865,-27.765,3.354,59,18,20,,
T,2026-07-18 18:19:49.000,26.41303833,-80.16077833,2.30,9.766,-27.766,3.368,58,18,20,,
T,2026-07-18 18:19:50.000,26.41305500,-80.16075000,2.30,9.566,-27.766,3.367,62,18,20,,
T,2026-07-18 18:19:51.000,26.41307000,-80.16072167,2.30,9.466,-27.766,3.403,56,18,20,,
T,2026-07-18 18:19:52.000,26.41308667,-80.16069500,2.30,9.266,-27.766,3.435,59,18,20,,
T,2026-07-18 18:19:53.000,26.41310167,-80.16066667,2.30,9.166,-27.766,3.430,58,18,20,,
T,2026-07-18 18:19:54.000,26.41312000,-80.16063833,2.40,9.366,-27.766,3.466,53,18,20,,
T,2026-07-18 18:19:55.000,26.41314000,-80.16060833,2.40,9.566,-27.766,3.501,52,18,20,,
T,2026-07-18 18:19:56.000,26.41315833,-80.16057833,2.40,9.866,-27.766,3.495,56,18,20,,
T,2026-07-18 18:19:57.000,26.41317833,-80.16055000,2.40,10.267,-27.767,3.499,58,18,20,,
T,2026-07-18 18:19:58.000,26.41319500,-80.16052167,2.40,10.467,-27.767,3.475,64,18,20,,
T,2026-07-18 18:19:59.000,26.41321000,-80.16049500,2.40,10.767,-27.767,3.471,60,18,20,,
T,2026-07-18 18:20:00.000,26.41322333,-80.16046500,2.40,10.667,-27.767,3.480,60,18,20,,
T,2026-07-18 18:20:01.000,26.41323833,-80.16043500,2.50,10.467,-27.767,3.489,61,18,20,,
T,2026-07-18 18:20:02.000,26.41325667,-80.16040333,2.50,10.567,-27.767,3.520,59,17,20,,
T,2026-07-18 18:20:03.000,26.41327500,-80.16037333,2.40,10.767,-27.767,3.546,60,18,20,,
T,2026-07-18 18:20:04.000,26.41329000,-80.16034167,2.40,10.768,-27.768,3.522,59,18,20,,
T,2026-07-18 18:20:05.000,26.41330333,-80.16031000,2.40,10.768,-27.768,3.503,62,18,20,,
T,2026-07-18 18:20:06.000,26.41331833,-80.16027667,2.40,10.468,-27.768,3.527,56,18,20,,
T,2026-07-18 18:20:07.000,26.41333667,-80.16024667,2.40,10.268,-27.768,3.554,53,18,20,,
T,2026-07-18 18:20:08.000,26.41335333,-80.16021333,2.40,9.868,-27.768,3.593,52,18,20,,
T,2026-07-18 18:20:09.000,26.41337167,-80.16018333,2.40,9.768,-27.768,3.632,51,18,20,,
T,2026-07-18 18:20:10.000,26.41339167,-80.16015500,2.30,9.368,-27.768,3.668,45,18,20,,
T,2026-07-18 18:20:11.000,26.41341500,-80.16013000,2.40,9.468,-27.768,3.673,47,18,20,,
T,2026-07-18 18:20:12.000,26.41343333,-80.16010333,2.40,9.469,-27.769,3.605,55,18,20,,
T,2026-07-18 18:20:13.000,26.41345167,-80.16007333,2.40,9.269,-27.769,3.581,60,18,20,,
T,2026-07-18 18:20:14.000,26.41347000,-80.16004167,2.40,9.169,-27.769,3.615,50,18,20,,
T,2026-07-18 18:20:15.000,26.41349167,-80.16001167,2.50,8.969,-27.769,3.613,52,18,20,,
T,2026-07-18 18:20:16.000,26.41351333,-80.15998333,2.50,8.669,-27.769,3.611,47,18,20,,
T,2026-07-18 18:20:17.000,26.41353500,-80.15995667,2.50,8.469,-27.769,3.590,48,18,20,,
T,2026-07-18 18:20:18.000,26.41356000,-80.15993167,2.50,8.469,-27.769,3.574,52,18,20,,
T,2026-07-18 18:20:19.000,26.41358500,-80.15990667,2.50,8.769,-27.769,3.573,46,18,20,,
T,2026-07-18 18:20:20.000,26.41361167,-80.15988333,2.50,8.670,-27.770,3.581,42,18,20,,
T,2026-07-18 18:20:21.000,26.41363833,-80.15985833,2.40,8.370,-27.770,3.599,41,18,20,,
T,2026-07-18 18:20:22.000,26.41366667,-80.15983167,2.40,8.770,-27.770,3.686,40,17,20,,
T,2026-07-18 18:20:23.000,26.41369500,-80.15980667,2.40,8.970,-27.770,3.734,36,17,20,,
T,2026-07-18 18:20:24.000,26.41372500,-80.15978500,2.40,8.870,-27.770,3.724,37,17,20,,
T,2026-07-18 18:20:25.000,26.41375500,-80.15976333,2.40,8.870,-27.770,3.746,35,17,20,,
T,2026-07-18 18:20:26.000,26.41378333,-80.15974333,2.40,9.470,-27.770,3.778,35,17,20,,
T,2026-07-18 18:20:27.000,26.41381000,-80.15972167,2.40,9.670,-27.770,3.827,30,17,20,,
T,2026-07-18 18:20:28.000,26.41384000,-80.15970000,2.40,9.970,-27.770,3.870,37,17,20,,
T,2026-07-18 18:20:29.000,26.41386833,-80.15967667,2.50,10.171,-27.771,3.868,35,17,20,,
T,2026-07-18 18:20:30.000,26.41389667,-80.15965333,2.50,10.271,-27.771,3.854,40,17,20,,
T,2026-07-18 18:20:31.000,26.41392167,-80.15963000,2.50,10.271,-27.771,3.856,34,17,20,,
T,2026-07-18 18:20:32.000,26.41395000,-80.15960833,2.50,10.271,-27.771,3.850,37,17,20,,
T,2026-07-18 18:20:33.000,26.41397833,-80.15958500,2.50,10.271,-27.771,3.841,38,17,20,,
T,2026-07-18 18:20:34.000,26.41400333,-80.15956167,2.50,10.071,-27.771,3.826,42,17,20,,
T,2026-07-18 18:20:35.000,26.41403000,-80.15953667,2.50,9.871,-27.771,3.868,39,17,20,,
T,2026-07-18 18:20:36.000,26.41406000,-80.15951500,2.50,9.871,-27.771,3.879,36,17,20,,
T,2026-07-18 18:20:37.000,26.41408667,-80.15949333,2.40,9.971,-27.771,3.813,39,18,20,,
T,2026-07-18 18:20:38.000,26.41411333,-80.15947167,2.40,10.072,-27.772,3.780,40,17,20,,
T,2026-07-18 18:20:39.000,26.41414333,-80.15944833,2.50,9.872,-27.772,3.777,37,18,20,,
T,2026-07-18 18:20:40.000,26.41417167,-80.15942833,2.50,9.972,-27.772,3.805,32,18,20,,
T,2026-07-18 18:20:41.000,26.41420333,-80.15940500,2.50,10.172,-27.772,3.823,36,17,20,,
T,2026-07-18 18:20:42.000,26.41423167,-80.15938167,2.50,10.272,-27.772,3.840,35,18,20,,
T,2026-07-18 18:20:43.000,26.41426167,-80.15936167,2.50,10.372,-27.772,3.868,34,17,20,,
T,2026-07-18 18:20:44.000,26.41429167,-80.15934000,2.50,10.372,-27.772,3.896,36,18,20,,
T,2026-07-18 18:20:45.000,26.41431167,-80.15931667,2.40,9.872,-27.772,3.896,37,18,20,,
T,2026-07-18 18:20:46.000,26.41434667,-80.15929167,2.40,9.872,-27.772,3.919,35,17,20,,
T,2026-07-18 18:20:47.000,26.41437667,-80.15926667,2.40,9.773,-27.773,3.986,37,17,20,,
T,2026-07-18 18:20:48.000,26.41440667,-80.15924167,2.40,9.673,-27.773,4.025,38,17,20,,
T,2026-07-18 18:20:49.000,26.41443500,-80.15921667,2.40,9.573,-27.773,4.053,35,17,20,,
T,2026-07-18 18:20:50.000,26.41446333,-80.15919333,2.40,9.673,-27.773,4.048,35,17,20,,
T,2026-07-18 18:20:51.000,26.41449333,-80.15916833,2.40,9.773,-27.773,4.059,37,17,20,,
T,2026-07-18 18:20:52.000,26.41452167,-80.15914333,2.50,9.973,-27.773,4.063,36,17,20,,
T,2026-07-18 18:20:53.000,26.41455167,-80.15911833,2.50,10.173,-27.773,4.063,40,17,20,,
T,2026-07-18 18:20:54.000,26.41458500,-80.15909333,2.50,10.173,-27.773,4.035,40,18,20,,
T,2026-07-18 18:20:55.000,26.41462000,-80.15906833,2.50,10.273,-27.773,3.988,39,18,20,,
T,2026-07-18 18:20:56.000,26.41465167,-80.15904333,2.50,10.374,-27.774,3.956,37,18,20,,
T,2026-07-18 18:20:57.000,26.41468000,-80.15902000,2.50,10.174,-27.774,3.943,36,18,20,,
T,2026-07-18 18:20:58.000,26.41471333,-80.15899500,2.40,9.974,-27.774,3.931,37,18,20,,
T,2026-07-18 18:20:59.000,26.41474333,-80.15897167,2.40,9.774,-27.774,3.926,37,18,20,,
T,2026-07-18 18:21:00.000,26.41477333,-80.15894667,2.40,9.774,-27.774,3.940,38,18,20,,
T,2026-07-18 18:21:01.000,26.41480167,-80.15892167,2.50,9.774,-27.774,3.928,36,18,20,,
T,2026-07-18 18:21:02.000,26.41483000,-80.15889833,2.50,9.774,-27.774,3.926,36,18,20,,
T,2026-07-18 18:21:03.000,26.41485833,-80.15887500,2.50,9.574,-27.774,3.899,34,18,20,,
T,2026-07-18 18:21:04.000,26.41488667,-80.15885167,2.50,9.475,-27.775,3.921,38,18,20,,
T,2026-07-18 18:21:05.000,26.41491500,-80.15882833,2.50,9.675,-27.775,3.929,35,17,20,,
T,2026-07-18 18:21:06.000,26.41494000,-80.15880667,2.50,9.775,-27.775,3.916,37,18,20,,
T,2026-07-18 18:21:07.000,26.41496667,-80.15878333,2.50,9.675,-27.775,3.889,38,18,20,,
T,2026-07-18 18:21:08.000,26.41499167,-80.15876167,2.50,9.475,-27.775,3.864,39,18,20,,
T,2026-07-18 18:21:09.000,26.41501833,-80.15873667,2.50,9.275,-27.775,3.840,37,17,20,,
T,2026-07-18 18:21:10.000,26.41504500,-80.15871500,2.50,9.475,-27.775,3.802,36,18,20,,
T,2026-07-18 18:21:11.000,26.41507167,-80.15869167,2.40,9.475,-27.775,3.796,36,18,20,,
T,2026-07-18 18:21:12.000,26.41510167,-80.15866833,2.50,9.475,-27.775,3.796,34,18,20,,
T,2026-07-18 18:21:13.000,26.41512333,-80.15864500,2.40,9.276,-27.776,3.792,40,18,20,,
T,2026-07-18 18:21:14.000,26.41515333,-80.15862000,2.40,9.276,-27.776,3.778,40,18,20,,
T,2026-07-18 18:21:15.000,26.41518000,-80.15859667,2.50,9.276,-27.776,3.782,40,18,20,,
T,2026-07-18 18:21:16.000,26.41521000,-80.15857333,2.50,9.176,-27.776,3.783,39,18,20,,
T,2026-07-18 18:21:17.000,26.41523833,-80.15854833,2.50,9.076,-27.776,3.801,39,18,20,,
T,2026-07-18 18:21:18.000,26.41526667,-80.15852667,2.50,8.976,-27.776,3.817,37,18,20,,
T,2026-07-18 18:21:19.000,26.41529833,-80.15850167,2.50,8.976,-27.776,3.848,34,18,20,,
T,2026-07-18 18:21:20.000,26.41532833,-80.15848000,2.50,8.976,-27.776,3.875,35,18,20,,
T,2026-07-18 18:21:21.000,26.41535833,-80.15845833,2.50,8.876,-27.776,3.871,34,18,20,,
T,2026-07-18 18:21:22.000,26.41538500,-80.15843667,2.50,8.777,-27.777,3.859,37,18,20,,
T,2026-07-18 18:21:23.000,26.41540333,-80.15841500,2.50,8.277,-27.777,3.892,36,18,20,,
T,2026-07-18 18:21:24.000,26.41543500,-80.15839000,2.40,8.877,-27.777,3.925,34,17,20,,
T,2026-07-18 18:21:25.000,26.41546833,-80.15836500,2.40,9.677,-27.777,3.966,35,17,20,,
T,2026-07-18 18:21:26.000,26.41550167,-80.15834167,2.50,9.777,-27.777,4.010,35,17,20,,
T,2026-07-18 18:21:27.000,26.41553500,-80.15831833,2.40,9.877,-27.777,4.012,38,17,20,,
T,2026-07-18 18:21:28.000,26.41556500,-80.15829333,2.40,9.477,-27.777,4.030,36,17,20,,
T,2026-07-18 18:21:29.000,26.41559667,-80.15827000,2.50,9.477,-27.777,4.027,33,18,20,,
T,2026-07-18 18:21:30.000,26.41563000,-80.15824667,2.50,9.577,-27.777,4.042,32,18,20,,
T,2026-07-18 18:21:31.000,26.41566000,-80.15822333,2.50,9.578,-27.778,4.041,34,18,20,,
T,2026-07-18 18:21:32.000,26.41569000,-80.15820167,2.50,9.678,-27.778,4.044,31,18,20,,
T,2026-07-18 18:21:33.000,26.41571833,-80.15817833,2.60,9.978,-27.778,4.012,35,17,20,,
T,2026-07-18 18:21:34.000,26.41574333,-80.15815500,2.50,10.678,-27.778,4.011,35,18,20,,
T,2026-07-18 18:21:35.000,26.41576500,-80.15813000,2.50,10.778,-27.778,3.962,37,17,20,,
T,2026-07-18 18:21:36.000,26.41579667,-80.15811000,2.50,11.378,-27.778,3.921,36,17,20,,
T,2026-07-18 18:21:37.000,26.41582667,-80.15809333,2.50,12.478,-27.778,3.895,39,17,20,,
T,2026-07-18 18:21:38.000,26.41584500,-80.15806833,2.50,12.378,-27.778,3.850,35,17,20,,
T,2026-07-18 18:21:39.000,26.41587000,-80.15804833,2.40,12.878,-27.778,3.785,41,18,20,,
T,2026-07-18 18:21:40.000,26.41588667,-80.15802333,2.40,12.979,-27.779,3.735,37,17,20,,
T,2026-07-18 18:21:41.000,26.41591833,-80.15800333,2.40,13.579,-27.779,3.725,34,17,20,,
T,2026-07-18 18:21:42.000,26.41594500,-80.15798167,2.40,13.479,-27.779,3.698,36,18,20,,
T,2026-07-18 18:21:43.000,26.41596500,-80.15796167,2.40,13.379,-27.779,3.684,37,18,20,,
T,2026-07-18 18:21:44.000,26.41599500,-80.15794000,2.40,13.379,-27.779,3.628,37,17,20,,
T,2026-07-18 18:21:45.000,26.41601833,-80.15792000,2.40,13.079,-27.779,3.637,33,18,20,,
T,2026-07-18 18:21:46.000,26.41604333,-80.15790000,2.50,12.879,-27.779,3.646,29,18,20,,
T,2026-07-18 18:21:47.000,26.41607000,-80.15787833,2.40,11.479,-27.779,3.672,26,18,20,,
T,2026-07-18 18:21:48.000,26.41610333,-80.15786167,2.40,11.679,-27.779,3.704,29,18,20,,
T,2026-07-18 18:21:49.000,26.41613333,-80.15785000,2.50,11.779,-27.779,3.749,23,18,20,,
T,2026-07-18 18:21:50.000,26.41617000,-80.15783833,2.40,12.179,-27.779,3.806,25,18,20,,
T,2026-07-18 18:21:51.000,26.41620000,-80.15782167,2.50,11.780,-27.780,3.820,23,18,20,,
T,2026-07-18 18:21:52.000,26.41623167,-80.15780500,2.40,11.680,-27.780,3.824,23,18,20,,
T,2026-07-18 18:21:53.000,26.41626667,-80.15779167,2.30,11.080,-27.780,3.824,23,17,20,,
T,2026-07-18 18:21:54.000,26.41629500,-80.15777667,2.30,10.780,-27.780,3.855,24,17,20,,
T,2026-07-18 18:21:55.000,26.41632333,-80.15776000,2.40,10.180,-27.780,3.855,23,17,20,,
T,2026-07-18 18:21:56.000,26.41636167,-80.15775000,2.30,10.680,-27.780,3.883,22,18,20,,
T,2026-07-18 18:21:57.000,26.41641333,-80.15774500,2.00,11.980,-27.780,3.898,20,18,20,,
T,2026-07-18 18:21:58.000,26.41645833,-80.15773500,1.90,12.680,-27.780,3.844,22,17,20,,
T,2026-07-18 18:21:59.000,26.41649000,-80.15772333,1.90,12.380,-27.780,3.842,14,18,20,,
T,2026-07-18 18:22:00.000,26.41650667,-80.15770833,1.90,11.180,-27.780,3.814,15,18,20,,
T,2026-07-18 18:22:01.000,26.41653500,-80.15769833,1.90,10.480,-27.780,3.772,12,18,20,,
T,2026-07-18 18:22:02.000,26.41657167,-80.15768667,1.90,9.680,-27.780,3.763,14,18,20,,
T,2026-07-18 18:22:03.000,26.41660000,-80.15767833,2.10,9.080,-27.780,3.761,14,18,20,,
T,2026-07-18 18:22:04.000,26.41662333,-80.15766667,2.20,8.680,-27.780,3.729,17,18,20,,
T,2026-07-18 18:22:05.000,26.41665333,-80.15765833,2.30,8.280,-27.780,3.697,11,17,20,,
T,2026-07-18 18:22:06.000,26.41668500,-80.15764667,2.30,8.281,-27.781,3.620,11,17,20,,
T,2026-07-18 18:22:07.000,26.41671667,-80.15763833,2.30,7.681,-27.781,3.565,8,17,20,,
T,2026-07-18 18:22:08.000,26.41674000,-80.15763667,2.30,7.281,-27.781,3.583,2,18,20,,
T,2026-07-18 18:22:09.000,26.41677833,-80.15763500,2.30,7.281,-27.781,3.570,3,17,20,,
T,2026-07-18 18:22:10.000,26.41680500,-80.15763500,2.40,6.881,-27.781,3.542,4,18,20,,
T,2026-07-18 18:22:11.000,26.41684000,-80.15763167,2.40,6.581,-27.781,3.578,4,18,20,,
T,2026-07-18 18:22:12.000,26.41687500,-80.15763167,2.40,6.281,-27.781,3.600,2,18,20,,
T,2026-07-18 18:22:13.000,26.41690833,-80.15763167,2.40,5.881,-27.781,3.607,360,18,20,,
T,2026-07-18 18:22:14.000,26.41694500,-80.15763167,2.40,5.881,-27.781,3.663,358,18,20,,
T,2026-07-18 18:22:15.000,26.41698000,-80.15763000,2.40,5.681,-27.781,3.705,358,18,20,,
T,2026-07-18 18:22:16.000,26.41701833,-80.15762667,2.40,5.581,-27.781,3.724,5,18,20,,
T,2026-07-18 18:22:17.000,26.41706000,-80.15762167,2.40,5.681,-27.781,3.698,0,18,20,,
T,2026-07-18 18:22:18.000,26.41710167,-80.15762333,2.30,6.081,-27.781,3.690,356,18,20,,
T,2026-07-18 18:22:19.000,26.41713333,-80.15762667,2.30,5.781,-27.781,3.668,352,18,20,,
T,2026-07-18 18:22:20.000,26.41716333,-80.15763167,2.30,5.581,-27.781,3.683,352,18,20,,
T,2026-07-18 18:22:21.000,26.41719667,-80.15763333,2.30,5.581,-27.781,3.650,355,18,20,,
T,2026-07-18 18:22:22.000,26.41722833,-80.15763833,2.30,5.981,-27.781,3.635,348,18,20,,
T,2026-07-18 18:22:23.000,26.41726500,-80.15764833,2.30,7.381,-27.781,3.632,349,18,20,,
T,2026-07-18 18:22:24.000,26.41729500,-80.15765333,2.40,7.481,-27.781,3.534,356,18,20,,
T,2026-07-18 18:22:25.000,26.41732667,-80.15765667,2.40,7.381,-27.781,3.498,350,18,20,,
T,2026-07-18 18:22:26.000,26.41736167,-80.15766333,2.40,7.481,-27.781,3.515,347,18,20,,
T,2026-07-18 18:22:27.000,26.41739333,-80.15767333,2.50,7.581,-27.781,3.539,343,18,20,,
T,2026-07-18 18:22:28.000,26.41742333,-80.15767833,2.50,7.781,-27.781,3.521,349,18,20,,
T,2026-07-18 18:22:29.000,26.41745833,-80.15768500,2.40,7.681,-27.781,3.505,343,18,20,,
T,2026-07-18 18:22:30.000,26.41749167,-80.15768833,2.40,7.581,-27.781,3.460,345,18,20,,
T,2026-07-18 18:22:31.000,26.41752167,-80.15769167,2.40,7.281,-27.781,3.471,346,18,20,,
T,2026-07-18 18:22:32.000,26.41755833,-80.15769667,2.30,6.981,-27.781,3.504,350,18,20,,
T,2026-07-18 18:22:33.000,26.41759000,-80.15770167,2.30,6.381,-27.781,3.499,344,18,20,,
T,2026-07-18 18:22:34.000,26.41762667,-80.15771333,2.30,6.181,-27.781,3.570,340,18,20,,
T,2026-07-18 18:22:35.000,26.41766000,-80.15772833,2.40,6.481,-27.781,3.589,338,18,20,,
T,2026-07-18 18:22:36.000,26.41769333,-80.15774667,2.40,7.081,-27.781,3.580,335,18,20,,
T,2026-07-18 18:22:37.000,26.41772500,-80.15776333,2.40,7.381,-27.781,3.552,343,18,20,,
T,2026-07-18 18:22:38.000,26.41775667,-80.15777833,2.50,7.481,-27.781,3.570,341,18,20,,
T,2026-07-18 18:22:39.000,26.41778833,-80.15779667,2.50,7.581,-27.781,3.540,339,18,20,,
T,2026-07-18 18:22:40.000,26.41781500,-80.15780833,2.50,7.480,-27.780,3.458,345,18,20,,
T,2026-07-18 18:22:41.000,26.41785000,-80.15782833,2.00,6.980,-27.780,3.430,336,18,20,,
T,2026-07-18 18:22:42.000,26.41788333,-80.15784500,1.90,6.480,-27.780,3.392,336,18,20,,
T,2026-07-18 18:22:43.000,26.41791333,-80.15786000,2.10,6.180,-27.780,3.359,341,18,20,,
T,2026-07-18 18:22:44.000,26.41794000,-80.15787167,2.20,5.880,-27.780,3.302,332,18,20,,
T,2026-07-18 18:22:45.000,26.41796833,-80.15789167,2.30,5.880,-27.780,3.270,335,18,20,,
T,2026-07-18 18:22:46.000,26.41799833,-80.15790667,2.40,5.680,-27.780,3.264,341,18,20,,
T,2026-07-18 18:22:47.000,26.41803000,-80.15792500,2.40,5.680,-27.780,3.311,334,18,20,,
T,2026-07-18 18:22:48.000,26.41805833,-80.15795167,2.30,6.480,-27.780,3.335,329,18,20,,
T,2026-07-18 18:22:49.000,26.41808333,-80.15797500,2.30,6.780,-27.780,3.418,325,18,20,,
T,2026-07-18 18:22:50.000,26.41811000,-80.15800000,2.40,6.980,-27.780,3.526,327,18,20,,
T,2026-07-18 18:22:51.000,26.41813833,-80.15802167,2.30,7.280,-27.780,3.575,325,18,20,,
T,2026-07-18 18:22:52.000,26.41816833,-80.15804500,2.30,7.680,-27.780,3.596,324,18,20,,
T,2026-07-18 18:22:53.000,26.41819667,-80.15806833,2.30,7.580,-27.780,3.637,325,18,20,,
T,2026-07-18 18:22:54.000,26.41822333,-80.15808833,2.30,7.680,-27.780,3.679,323,18,20,,
T,2026-07-18 18:22:55.000,26.41825000,-80.15810833,2.30,7.579,-27.779,3.709,325,18,20,,
T,2026-07-18 18:22:56.000,26.41827833,-80.15813000,2.30,7.879,-27.779,3.712,324,18,20,,
T,2026-07-18 18:22:57.000,26.41830500,-80.15815167,2.30,7.979,-27.779,3.717,322,18,20,,
T,2026-07-18 18:22:58.000,26.41833167,-80.15817167,2.30,8.079,-27.779,3.737,323,18,20,,
T,2026-07-18 18:22:59.000,26.41836000,-80.15819167,2.30,7.979,-27.779,3.740,322,18,20,,
T,2026-07-18 18:23:00.000,26.41838667,-80.15820833,2.30,7.679,-27.779,3.758,323,18,20,,
T,2026-07-18 18:23:01.000,26.41841333,-80.15823167,2.30,7.679,-27.779,3.751,327,18,20,,
T,2026-07-18 18:23:02.000,26.41844000,-80.15825333,2.30,7.379,-27.779,3.729,325,18,20,,
T,2026-07-18 18:23:03.000,26.41846667,-80.15827667,2.30,7.879,-27.779,3.746,322,18,20,,
T,2026-07-18 18:23:04.000,26.41849333,-80.15830000,2.30,7.679,-27.779,3.760,324,18,20,,
T,2026-07-18 18:23:05.000,26.41852000,-80.15832000,2.40,7.579,-27.779,3.747,326,18,20,,
T,2026-07-18 18:23:06.000,26.41854667,-80.15833500,2.30,7.279,-27.779,3.762,324,18,20,,
T,2026-07-18 18:23:07.000,26.41857333,-80.15835667,2.30,7.179,-27.779,3.749,324,18,20,,
T,2026-07-18 18:23:08.000,26.41860000,-80.15837833,2.30,7.479,-27.779,3.717,325,18,20,,
T,2026-07-18 18:23:09.000,26.41862667,-80.15839833,2.30,7.678,-27.778,3.684,328,18,20,,
T,2026-07-18 18:23:10.000,26.41865167,-80.15842167,2.30,7.778,-27.778,3.665,322,18,20,,
T,2026-07-18 18:23:11.000,26.41867833,-80.15844167,2.30,7.778,-27.778,3.639,325,18,20,,
T,2026-07-18 18:23:12.000,26.41870333,-80.15846000,2.30,8.278,-27.778,3.644,321,18,20,,
T,2026-07-18 18:23:13.000,26.41873167,-80.15848333,2.30,8.778,-27.778,3.632,327,18,20,,
T,2026-07-18 18:23:14.000,26.41875667,-80.15850167,2.30,8.778,-27.778,3.580,328,18,20,,
T,2026-07-18 18:23:15.000,26.41878000,-80.15851667,2.20,8.678,-27.778,3.558,332,18,20,,
T,2026-07-18 18:23:16.000,26.41881000,-80.15853833,2.20,8.578,-27.778,3.524,328,18,20,,
T,2026-07-18 18:23:17.000,26.41883833,-80.15856000,2.20,8.478,-27.778,3.515,326,18,20,,
T,2026-07-18 18:23:18.000,26.41886667,-80.15858167,2.20,8.578,-27.778,3.516,325,18,20,,
T,2026-07-18 18:23:19.000,26.41889333,-80.15860333,2.30,8.378,-27.778,3.510,324,18,20,,
T,2026-07-18 18:23:20.000,26.41892000,-80.15862500,2.30,8.478,-27.778,3.491,326,18,20,,
T,2026-07-18 18:23:21.000,26.41894667,-80.15864667,2.30,8.478,-27.778,3.501,328,18,20,,
T,2026-07-18 18:23:22.000,26.41897167,-80.15866833,2.30,8.378,-27.778,3.486,324,18,20,,
T,2026-07-18 18:23:23.000,26.41900000,-80.15868833,2.30,8.778,-27.778,3.487,331,18,20,,
T,2026-07-18 18:23:24.000,26.41902667,-80.15870833,2.30,8.977,-27.777,3.512,325,18,20,,
T,2026-07-18 18:23:25.000,26.41905333,-80.15873000,2.30,8.877,-27.777,3.513,328,18,20,,
T,2026-07-18 18:23:26.000,26.41908000,-80.15874833,2.30,8.977,-27.777,3.524,326,18,20,,
T,2026-07-18 18:23:27.000,26.41910500,-80.15876667,2.30,9.177,-27.777,3.518,325,18,20,,
T,2026-07-18 18:23:28.000,26.41913000,-80.15878667,2.30,9.277,-27.777,3.510,327,18,20,,
T,2026-07-18 18:23:29.000,26.41915667,-80.15880500,2.30,9.477,-27.777,3.506,330,18,20,,
T,2026-07-18 18:23:30.000,26.41918500,-80.15882500,2.30,9.577,-27.777,3.518,331,18,20,,
T,2026-07-18 18:23:31.000,26.41921167,-80.15884833,2.30,9.677,-27.777,3.541,324,18,20,,
T,2026-07-18 18:23:32.000,26.41923833,-80.15887333,2.40,9.877,-27.777,3.571,323,18,20,,
T,2026-07-18 18:23:33.000,26.41926333,-80.15889667,2.40,9.977,-27.777,3.543,323,18,20,,
T,2026-07-18 18:23:34.000,26.41928833,-80.15892167,2.40,9.977,-27.777,3.560,323,18,20,,
T,2026-07-18 18:23:35.000,26.41931333,-80.15894667,2.40,10.177,-27.777,3.587,321,18,20,,
T,2026-07-18 18:23:36.000,26.41934000,-80.15897167,2.40,10.277,-27.777,3.602,319,18,20,,
T,2026-07-18 18:23:37.000,26.41936667,-80.15899667,2.40,10.476,-27.776,3.600,322,18,20,,
T,2026-07-18 18:23:38.000,26.41939000,-80.15901833,2.40,10.676,-27.776,3.591,320,18,20,,
T,2026-07-18 18:23:39.000,26.41941500,-80.15904167,2.40,10.776,-27.776,3.602,321,18,20,,
T,2026-07-18 18:23:40.000,26.41943667,-80.15906500,2.30,11.176,-27.776,3.540,317,18,20,,
T,2026-07-18 18:23:41.000,26.41945667,-80.15908833,2.20,11.876,-27.776,3.434,322,18,20,,
T,2026-07-18 18:23:42.000,26.41947167,-80.15911333,1.80,13.076,-27.776,3.304,316,18,20,,
T,2026-07-18 18:23:43.000,26.41948333,-80.15913000,1.80,13.576,-27.776,3.155,315,18,20,,
T,2026-07-18 18:23:44.000,26.41949333,-80.15914167,1.70,13.676,-27.776,2.934,317,18,20,,
T,2026-07-18 18:23:45.000,26.41950667,-80.15915167,1.70,13.676,-27.776,2.706,319,18,20,,
T,2026-07-18 18:23:46.000,26.41952167,-80.15916000,1.80,13.476,-27.776,2.543,334,18,20,,
T,2026-07-18 18:23:47.000,26.41954667,-80.15917333,1.70,12.976,-27.776,2.424,340,18,20,,
T,2026-07-18 18:23:48.000,26.41957000,-80.15917500,1.70,12.476,-27.776,2.344,354,18,20,,
T,2026-07-18 18:23:49.000,26.41959500,-80.15917167,1.60,12.276,-27.776,2.305,17,18,20,,
T,2026-07-18 18:23:50.000,26.41962500,-80.15915833,1.80,12.476,-27.776,2.346,29,18,20,,
T,2026-07-18 18:23:51.000,26.41964833,-80.15913833,2.00,12.476,-27.776,2.396,38,18,20,,
T,2026-07-18 18:23:52.000,26.41967000,-80.15911333,2.10,12.576,-27.776,2.472,48,18,20,,
T,2026-07-18 18:23:53.000,26.41969167,-80.15908667,2.20,12.576,-27.776,2.638,46,18,20,,
T,2026-07-18 18:23:54.000,26.41971667,-80.15905667,2.20,12.576,-27.776,2.871,49,18,20,,
T,2026-07-18 18:23:55.000,26.41974000,-80.15903167,2.30,12.576,-27.776,3.095,45,18,20,,
T,2026-07-18 18:23:56.000,26.41976333,-80.15900333,2.30,12.377,-27.777,3.250,45,18,20,,
T,2026-07-18 18:23:57.000,26.41978667,-80.15897833,2.30,12.077,-27.777,3.358,46,18,20,,
T,2026-07-18 18:23:58.000,26.41981000,-80.15895500,2.30,11.777,-27.777,3.445,45,18,20,,
T,2026-07-18 18:23:59.000,26.41983000,-80.15893000,2.30,11.577,-27.777,3.455,47,18,20,,
T,2026-07-18 18:24:00.000,26.41985000,-80.15890167,2.30,10.677,-27.777,3.486,49,17,20,,
T,2026-07-18 18:24:01.000,26.41987000,-80.15887333,2.30,9.877,-27.777,3.493,47,18,20,,
T,2026-07-18 18:24:02.000,26.41989000,-80.15885000,2.30,9.577,-27.777,3.509,47,18,20,,
T,2026-07-18 18:24:03.000,26.41990833,-80.15882500,2.30,9.577,-27.777,3.487,49,18,20,,
T,2026-07-18 18:24:04.000,26.41992667,-80.15880167,2.30,9.678,-27.778,3.459,47,18,20,,
T,2026-07-18 18:24:05.000,26.41994833,-80.15877667,2.30,9.678,-27.778,3.448,49,18,20,,
T,2026-07-18 18:24:06.000,26.41996833,-80.15875167,2.30,9.578,-27.778,3.441,48,18,20,,
T,2026-07-18 18:24:07.000,26.41998833,-80.15872667,2.30,9.478,-27.778,3.458,48,18,20,,
T,2026-07-18 18:24:08.000,26.42001333,-80.15870500,2.30,9.678,-27.778,3.511,39,18,20,,
T,2026-07-18 18:24:09.000,26.42003500,-80.15867833,2.40,9.778,-27.778,3.529,50,18,20,,
T,2026-07-18 18:24:10.000,26.42005500,-80.15865500,2.30,9.778,-27.778,3.505,49,18,20,,
T,2026-07-18 18:24:11.000,26.42007833,-80.15863000,2.30,10.178,-27.778,3.517,40,18,20,,
T,2026-07-18 18:24:12.000,26.42010000,-80.15861167,2.30,10.578,-27.778,3.490,32,18,20,,
T,2026-07-18 18:24:13.000,26.42012667,-80.15860500,2.30,10.978,-27.778,3.451,17,18,20,,
T,2026-07-18 18:24:14.000,26.42015500,-80.15860333,2.30,11.178,-27.778,3.423,3,18,20,,
T,2026-07-18 18:24:15.000,26.42018333,-80.15861000,2.30,11.478,-27.778,3.397,339,18,20,,
T,2026-07-18 18:24:16.000,26.42020500,-80.15862167,2.40,11.478,-27.778,3.359,334,18,20,,
T,2026-07-18 18:24:17.000,26.42022833,-80.15863667,2.40,11.678,-27.778,3.292,333,18,20,,
T,2026-07-18 18:24:18.000,26.42025000,-80.15865167,2.50,11.378,-27.778,3.146,327,18,20,,
T,2026-07-18 18:24:19.000,26.42026833,-80.15866333,2.00,11.078,-27.778,3.140,332,18,20,,
T,2026-07-18 18:24:20.000,26.42029500,-80.15867667,1.80,10.178,-27.778,3.122,331,18,20,,
T,2026-07-18 18:24:21.000,26.42032167,-80.15869500,2.00,9.678,-27.778,3.115,329,18,20,,
T,2026-07-18 18:24:22.000,26.42034833,-80.15871500,2.20,9.178,-27.778,3.108,330,18,20,,
T,2026-07-18 18:24:23.000,26.42037500,-80.15873500,2.20,8.778,-27.778,3.154,325,18,20,,
T,2026-07-18 18:24:24.000,26.42040333,-80.15875833,2.30,8.578,-27.778,3.181,328,18,20,,
T,2026-07-18 18:24:25.000,26.42043167,-80.15877833,2.40,8.278,-27.778,3.231,328,18,20,,
T,2026-07-18 18:24:26.000,26.42046500,-80.15880000,2.40,8.278,-27.778,3.300,328,18,20,,
T,2026-07-18 18:24:27.000,26.42049667,-80.15882167,2.40,8.578,-27.778,3.429,327,18,20,,
T,2026-07-18 18:24:28.000,26.42052833,-80.15884333,2.50,8.778,-27.778,3.555,329,18,20,,
T,2026-07-18 18:24:29.000,26.42055500,-80.15886667,2.50,9.178,-27.778,3.629,326,18,20,,
T,2026-07-18 18:24:30.000,26.42058333,-80.15888667,2.50,9.378,-27.778,3.673,327,18,20,,
T,2026-07-18 18:24:31.000,26.42061167,-80.15890667,2.50,9.677,-27.777,3.713,329,18,20,,
T,2026-07-18 18:24:32.000,26.42063833,-80.15892167,2.50,9.177,-27.777,3.832,327,18,20,,
T,2026-07-18 18:24:33.000,26.42066500,-80.15894167,2.50,8.877,-27.777,3.832,327,18,20,,
T,2026-07-18 18:24:34.000,26.42068667,-80.15895500,2.50,8.377,-27.777,3.800,332,18,20,,
T,2026-07-18 18:24:35.000,26.42070333,-80.15896833,2.50,8.077,-27.777,3.746,329,18,20,,
T,2026-07-18 18:24:36.000,26.42072833,-80.15898833,2.50,7.977,-27.777,3.677,328,18,20,,
T,2026-07-18 18:24:37.000,26.42075000,-80.15901333,2.50,7.977,-27.777,3.598,322,18,20,,
T,2026-07-18 18:24:38.000,26.42077667,-80.15903667,2.40,7.777,-27.777,3.574,323,18,20,,
T,2026-07-18 18:24:39.000,26.42080000,-80.15907000,2.10,8.977,-27.777,3.602,325,18,20,,
T,2026-07-18 18:24:40.000,26.42082167,-80.15909167,2.20,8.577,-27.777,3.591,318,18,20,,
T,2026-07-18 18:24:41.000,26.42084500,-80.15911833,2.30,8.477,-27.777,3.571,315,18,20,,
T,2026-07-18 18:24:42.000,26.42086167,-80.15914000,2.30,7.777,-27.777,3.484,319,18,20,,
T,2026-07-18 18:24:43.000,26.42088500,-80.15916167,2.40,7.477,-27.777,3.471,317,18,20,,
T,2026-07-18 18:24:44.000,26.42090000,-80.15918167,2.40,6.977,-27.777,3.503,317,18,20,,
T,2026-07-18 18:24:45.000,26.42092167,-80.15920000,2.30,6.376,-27.776,3.553,318,18,20,,
T,2026-07-18 18:24:46.000,26.42095167,-80.15922333,2.00,5.876,-27.776,3.588,316,18,20,,
T,2026-07-18 18:24:47.000,26.42097333,-80.15924833,2.10,5.376,-27.776,3.612,318,18,20,,
T,2026-07-18 18:24:48.000,26.42100000,-80.15927333,2.20,5.176,-27.776,3.617,319,18,20,,
T,2026-07-18 18:24:49.000,26.42102667,-80.15929833,2.30,4.976,-27.776,3.562,319,18,20,,
T,2026-07-18 18:24:50.000,26.42105500,-80.15932667,2.30,4.876,-27.776,3.631,314,18,20,,
T,2026-07-18 18:24:51.000,26.42108333,-80.15935667,2.30,5.176,-27.776,3.651,316,18,20,,
T,2026-07-18 18:24:52.000,26.42110667,-80.15937833,2.20,4.776,-27.776,3.648,317,18,20,,
T,2026-07-18 18:24:53.000,26.42113500,-80.15940500,1.90,4.476,-27.776,3.677,319,18,20,,
T,2026-07-18 18:24:54.000,26.42116500,-80.15943167,1.80,4.276,-27.776,3.664,328,18,20,,
T,2026-07-18 18:24:55.000,26.42119667,-80.15945500,1.80,4.076,-27.776,3.659,319,18,20,,
T,2026-07-18 18:24:56.000,26.42122500,-80.15948167,1.80,4.275,-27.775,3.684,321,18,20,,
T,2026-07-18 18:24:57.000,26.42125333,-80.15950667,1.80,4.575,-27.775,3.694,320,18,20,,
T,2026-07-18 18:24:58.000,26.42128500,-80.15952833,1.90,4.675,-27.775,3.698,324,18,20,,
T,2026-07-18 18:24:59.000,26.42131333,-80.15955167,1.80,4.975,-27.775,3.711,324,18,20,,
T,2026-07-18 18:25:00.000,26.42134000,-80.15957667,1.70,5.275,-27.775,3.685,326,18,20,,
T,2026-07-18 18:25:01.000,26.42136667,-80.15960000,1.80,5.775,-27.775,3.644,336,18,20,,
T,2026-07-18 18:25:02.000,26.42139333,-80.15962167,1.70,6.375,-27.775,3.706,328,18,20,,
T,2026-07-18 18:25:03.000,26.42142333,-80.15965333,1.80,7.375,-27.775,3.703,329,18,20,,
T,2026-07-18 18:25:04.000,26.42145167,-80.15967833,1.80,8.175,-27.775,3.738,331,18,20,,
T,2026-07-18 18:25:05.000,26.42148333,-80.15970000,1.80,9.175,-27.775,3.757,332,18,20,,
T,2026-07-18 18:25:06.000,26.42152000,-80.15972333,1.80,10.375,-27.775,3.759,336,18,20,,
T,2026-07-18 18:25:07.000,26.42155333,-80.15974500,1.80,10.875,-27.775,3.764,332,18,20,,
T,2026-07-18 18:25:08.000,26.42158500,-80.15976000,1.80,11.575,-27.775,3.760,336,18,20,,
T,2026-07-18 18:25:09.000,26.42161833,-80.15977833,1.80,11.674,-27.774,3.755,336,18,20,,
T,2026-07-18 18:25:10.000,26.42165000,-80.15979167,1.80,11.774,-27.774,3.755,337,18,20,,
T,2026-07-18 18:25:11.000,26.42168333,-80.15980667,1.80,11.774,-27.774,3.834,338,18,20,,
T,2026-07-18 18:25:12.000,26.42171833,-80.15982000,1.90,12.274,-27.774,3.791,342,18,20,,
T,2026-07-18 18:25:13.000,26.42175000,-80.15983500,2.10,12.674,-27.774,3.780,341,18,20,,
T,2026-07-18 18:25:14.000,26.42178000,-80.15985167,2.20,13.774,-27.774,3.790,344,18,20,,
T,2026-07-18 18:25:15.000,26.42181167,-80.15987000,2.20,14.274,-27.774,3.780,339,18,20,,
T,2026-07-18 18:25:16.000,26.42183667,-80.15988167,2.30,14.174,-27.774,3.779,346,18,20,,
T,2026-07-18 18:25:17.000,26.42186500,-80.15989000,2.30,14.574,-27.774,3.765,351,18,20,,
T,2026-07-18 18:25:18.000,26.42189333,-80.15990500,2.30,15.574,-27.774,3.789,353,18,20,,
T,2026-07-18 18:25:19.000,26.42192667,-80.15991667,2.20,16.174,-27.774,3.770,356,18,20,,
T,2026-07-18 18:25:20.000,26.42195833,-80.15991833,1.90,15.974,-27.774,3.732,358,18,20,,
T,2026-07-18 18:25:21.000,26.42199500,-80.15992333,1.80,16.174,-27.774,3.672,356,18,20,,
T,2026-07-18 18:25:22.000,26.42202833,-80.15992500,1.90,16.674,-27.774,3.669,4,18,20,,
T,2026-07-18 18:25:23.000,26.42206000,-80.15992333,2.10,16.674,-27.774,3.675,1,18,20,,
T,2026-07-18 18:25:24.000,26.42209000,-80.15991833,2.20,16.874,-27.774,3.646,8,18,20,,
T,2026-07-18 18:25:25.000,26.42212000,-80.15991167,2.30,16.774,-27.774,3.615,8,18,20,,
T,2026-07-18 18:25:26.000,26.42214167,-80.15991000,2.40,16.574,-27.774,3.519,8,18,20,,
T,2026-07-18 18:25:27.000,26.42217500,-80.15989667,2.40,16.274,-27.774,3.519,14,18,20,,
T,2026-07-18 18:25:28.000,26.42221500,-80.15987667,2.10,15.274,-27.774,3.462,23,18,20,,
T,2026-07-18 18:25:29.000,26.42224000,-80.15985833,2.20,14.674,-27.774,3.434,25,18,20,,
T,2026-07-18 18:25:30.000,26.42226833,-80.15983833,2.30,14.275,-27.775,3.449,27,18,20,,
T,2026-07-18 18:25:31.000,26.42229667,-80.15981667,2.20,13.575,-27.775,3.485,27,18,20,,
T,2026-07-18 18:25:32.000,26.42232667,-80.15979500,2.20,13.175,-27.775,3.486,30,18,20,,
T,2026-07-18 18:25:33.000,26.42235667,-80.15977333,2.30,12.875,-27.775,3.486,37,18,20,,
T,2026-07-18 18:25:34.000,26.42238167,-80.15974667,2.30,12.275,-27.775,3.497,34,18,20,,
T,2026-07-18 18:25:35.000,26.42241167,-80.15972333,2.30,12.175,-27.775,3.504,35,18,20,,
T,2026-07-18 18:25:36.000,26.42243833,-80.15970000,2.40,12.175,-27.775,3.594,40,18,20,,
T,2026-07-18 18:25:37.000,26.42246667,-80.15967500,2.40,12.275,-27.775,3.602,44,18,20,,
T,2026-07-18 18:25:38.000,26.42248833,-80.15964667,2.40,11.975,-27.775,3.648,42,17,20,,
T,2026-07-18 18:25:39.000,26.42252000,-80.15961833,2.30,12.176,-27.776,3.661,47,18,20,,
T,2026-07-18 18:25:40.000,26.42254167,-80.15959000,2.30,12.276,-27.776,3.646,50,18,20,,
T,2026-07-18 18:25:41.000,26.42256833,-80.15956500,2.30,12.876,-27.776,3.610,52,18,20,,
T,2026-07-18 18:25:42.000,26.42259167,-80.15953667,2.40,13.076,-27.776,3.629,53,18,20,,
T,2026-07-18 18:25:43.000,26.42261167,-80.15951000,2.40,13.276,-27.776,3.622,58,18,20,,
T,2026-07-18 18:25:44.000,26.42262833,-80.15947833,2.40,13.476,-27.776,3.615,59,18,20,,
T,2026-07-18 18:25:45.000,26.42264500,-80.15944500,2.40,13.476,-27.776,3.618,63,18,20,,
T,2026-07-18 18:25:46.000,26.42266000,-80.15941167,2.40,13.377,-27.777,3.634,61,18,20,,
T,2026-07-18 18:25:47.000,26.42267167,-80.15938000,2.40,13.477,-27.777,3.649,67,18,20,,
T,2026-07-18 18:25:48.000,26.42268333,-80.15934833,2.40,13.877,-27.777,3.621,71,18,20,,
T,2026-07-18 18:25:49.000,26.42269000,-80.15931333,2.40,13.977,-27.777,3.625,78,18,20,,
T,2026-07-18 18:25:50.000,26.42269667,-80.15927833,2.30,14.077,-27.777,3.620,78,18,20,,
T,2026-07-18 18:25:51.000,26.42270500,-80.15924500,2.30,13.977,-27.777,3.608,75,18,20,,
T,2026-07-18 18:25:52.000,26.42271333,-80.15920833,2.30,14.177,-27.777,3.573,83,18,20,,
T,2026-07-18 18:25:53.000,26.42271667,-80.15916333,2.00,14.078,-27.778,3.577,81,18,20,,
T,2026-07-18 18:25:54.000,26.42272167,-80.15912667,1.90,14.578,-27.778,3.581,88,18,20,,
T,2026-07-18 18:25:55.000,26.42272167,-80.15908833,1.80,14.878,-27.778,3.581,90,18,20,,
T,2026-07-18 18:25:56.000,26.42271667,-80.15905167,1.80,13.978,-27.778,3.550,94,17,20,,
T,2026-07-18 18:25:57.000,26.42271500,-80.15901500,2.00,13.778,-27.778,3.541,91,17,20,,
T,2026-07-18 18:25:58.000,26.42271500,-80.15897667,2.20,13.678,-27.778,3.550,95,17,20,,
T,2026-07-18 18:25:59.000,26.42271167,-80.15894333,2.20,13.379,-27.779,3.543,97,18,20,,
T,2026-07-18 18:26:00.000,26.42270833,-80.15891000,2.30,13.079,-27.779,3.503,96,17,20,,
T,2026-07-18 18:26:01.000,26.42271000,-80.15888167,2.30,12.479,-27.779,3.471,97,18,20,,
T,2026-07-18 18:26:02.000,26.42270833,-80.15884833,2.30,12.179,-27.779,3.467,94,18,20,,
T,2026-07-18 18:26:03.000,26.42271000,-80.15881333,2.30,11.779,-27.779,3.449,92,18,20,,
T,2026-07-18 18:26:04.000,26.42271000,-80.15877667,2.30,11.579,-27.779,3.413,90,18,20,,
T,2026-07-18 18:26:05.000,26.42271167,-80.15874167,2.40,11.479,-27.779,3.390,90,18,20,,
T,2026-07-18 18:26:06.000,26.42271500,-80.15870333,2.40,11.780,-27.780,3.401,89,18,20,,
T,2026-07-18 18:26:07.000,26.42272167,-80.15866667,2.40,12.080,-27.780,3.359,92,18,20,,
T,2026-07-18 18:26:08.000,26.42272333,-80.15863000,2.40,12.080,-27.780,3.339,89,18,20,,
T,2026-07-18 18:26:09.000,26.42272333,-80.15860000,2.30,11.680,-27.780,3.331,89,18,20,,
T,2026-07-18 18:26:10.000,26.42273333,-80.15855000,2.00,12.080,-27.780,3.353,90,18,20,,
T,2026-07-18 18:26:11.000,26.42273167,-80.15851667,2.10,12.780,-27.780,3.389,92,18,20,,
T,2026-07-18 18:26:12.000,26.42273333,-80.15848500,2.20,13.280,-27.780,3.379,92,18,20,,
T,2026-07-18 18:26:13.000,26.42273667,-80.15845333,2.20,13.281,-27.781,3.389,88,18,20,,
T,2026-07-18 18:26:14.000,26.42274167,-80.15842167,2.30,13.281,-27.781,3.419,91,18,20,,
T,2026-07-18 18:26:15.000,26.42274500,-80.15838833,2.30,13.281,-27.781,3.432,95,18,20,,
T,2026-07-18 18:26:16.000,26.42274500,-80.15835500,2.30,13.081,-27.781,3.430,95,18,20,,
T,2026-07-18 18:26:17.000,26.42274167,-80.15832000,2.30,12.681,-27.781,3.451,94,18,20,,
T,2026-07-18 18:26:18.000,26.42274000,-80.15828167,2.30,12.181,-27.781,3.475,88,18,20,,
T,2026-07-18 18:26:19.000,26.42274167,-80.15824667,2.30,11.681,-27.781,3.475,85,18,20,,
T,2026-07-18 18:26:20.000,26.42274667,-80.15821333,2.30,11.482,-27.782,3.495,81,18,20,,
T,2026-07-18 18:26:21.000,26.42275500,-80.15817500,2.40,11.582,-27.782,3.515,80,18,20,,
T,2026-07-18 18:26:22.000,26.42276000,-80.15813833,2.40,11.182,-27.782,3.561,84,18,20,,
T,2026-07-18 18:26:23.000,26.42276500,-80.15809833,2.40,11.282,-27.782,3.578,82,18,20,,
T,2026-07-18 18:26:24.000,26.42276667,-80.15806167,2.40,10.882,-27.782,3.565,83,18,20,,
T,2026-07-18 18:26:25.000,26.42276500,-80.15803167,2.40,10.182,-27.782,3.575,84,18,20,,
T,2026-07-18 18:26:26.000,26.42276500,-80.15799333,2.30,10.282,-27.782,3.572,84,18,20,,
T,2026-07-18 18:26:27.000,26.42275833,-80.15795833,2.00,10.383,-27.783,3.587,84,18,20,,
T,2026-07-18 18:26:28.000,26.42275667,-80.15791833,1.90,11.483,-27.783,3.609,85,18,20,,
T,2026-07-18 18:26:29.000,26.42276000,-80.15788167,1.80,11.483,-27.783,3.631,86,18,20,,
T,2026-07-18 18:26:30.000,26.42276333,-80.15784333,1.70,12.083,-27.783,3.640,86,18,20,,
T,2026-07-18 18:26:31.000,26.42276333,-80.15780667,1.70,11.683,-27.783,3.649,87,18,20,,
T,2026-07-18 18:26:32.000,26.42276667,-80.15776667,1.70,11.583,-27.783,3.646,84,18,20,,
T,2026-07-18 18:26:33.000,26.42276833,-80.15773000,1.60,10.884,-27.784,3.645,82,18,20,,
T,2026-07-18 18:26:34.000,26.42277167,-80.15769500,1.60,10.184,-27.784,3.653,81,18,20,,
T,2026-07-18 18:26:35.000,26.42277667,-80.15765833,1.60,9.784,-27.784,3.658,77,18,20,,
T,2026-07-18 18:26:36.000,26.42278167,-80.15762167,1.60,9.384,-27.784,3.637,77,18,20,,
T,2026-07-18 18:26:37.000,26.42278833,-80.15758667,1.70,9.484,-27.784,3.624,77,18,20,,
T,2026-07-18 18:26:38.000,26.42279500,-80.15754833,1.80,9.384,-27.784,3.620,73,18,20,,
T,2026-07-18 18:26:39.000,26.42280500,-80.15750833,1.80,9.484,-27.784,3.606,76,18,20,,
T,2026-07-18 18:26:40.000,26.42281500,-80.15746833,1.80,9.885,-27.785,3.567,81,18,20,,
T,2026-07-18 18:26:41.000,26.42282333,-80.15743167,1.70,9.985,-27.785,3.519,77,18,20,,
T,2026-07-18 18:26:42.000,26.42283000,-80.15740000,1.70,9.785,-27.785,3.499,80,18,20,,
T,2026-07-18 18:26:43.000,26.42283500,-80.15736167,1.60,9.985,-27.785,3.470,82,18,20,,
T,2026-07-18 18:26:44.000,26.42283833,-80.15732667,1.60,10.185,-27.785,3.464,77,18,20,,
T,2026-07-18 18:26:45.000,26.42284667,-80.15729000,1.60,10.285,-27.785,3.460,77,18,20,,
T,2026-07-18 18:26:46.000,26.42285333,-80.15725167,1.50,10.386,-27.786,3.484,80,18,20,,
T,2026-07-18 18:26:47.000,26.42285667,-80.15721167,1.70,10.886,-27.786,3.492,81,18,20,,
T,2026-07-18 18:26:48.000,26.42286333,-80.15717667,1.70,10.786,-27.786,3.455,79,18,20,,
T,2026-07-18 18:26:49.000,26.42286667,-80.15714167,1.60,10.886,-27.786,3.458,81,18,20,,
T,2026-07-18 18:26:50.000,26.42287500,-80.15710500,1.60,10.786,-27.786,3.488,80,18,20,,
T,2026-07-18 18:26:51.000,26.42287833,-80.15707333,1.60,10.486,-27.786,3.520,82,18,20,,
T,2026-07-18 18:26:52.000,26.42288500,-80.15703500,1.50,11.086,-27.786,3.529,81,18,20,,
T,2026-07-18 18:26:53.000,26.42289000,-80.15700167,1.50,10.887,-27.787,3.553,81,18,19,,
T,2026-07-18 18:26:54.000,26.42289167,-80.15696833,1.50,10.787,-27.787,3.560,82,17,19,,
T,2026-07-18 18:26:55.000,26.42289500,-80.15693500,1.50,10.187,-27.787,3.560,82,17,19,,
T,2026-07-18 18:26:56.000,26.42290000,-80.15690000,1.50,10.087,-27.787,3.526,85,18,19,,
T,2026-07-18 18:26:57.000,26.42290333,-80.15686667,1.60,9.987,-27.787,3.504,83,17,19,,
T,2026-07-18 18:26:58.000,26.42291167,-80.15683167,1.50,10.787,-27.787,3.505,83,18,19,,
T,2026-07-18 18:26:59.000,26.42291833,-80.15679500,1.50,11.187,-27.787,3.491,84,18,19,,
T,2026-07-18 18:27:00.000,26.42292333,-80.15676000,1.70,11.288,-27.788,3.488,82,18,19,,
T,2026-07-18 18:27:01.000,26.42293167,-80.15672333,1.60,11.888,-27.788,3.502,81,18,19,,
T,2026-07-18 18:27:02.000,26.42293500,-80.15668667,1.60,12.088,-27.788,3.497,85,18,19,,
T,2026-07-18 18:27:03.000,26.42294000,-80.15665167,1.60,12.488,-27.788,3.492,86,18,19,,
T,2026-07-18 18:27:04.000,26.42294667,-80.15661833,1.80,13.188,-27.788,3.474,78,18,19,,
T,2026-07-18 18:27:05.000,26.42295333,-80.15658667,1.70,13.788,-27.788,3.484,85,18,19,,
T,2026-07-18 18:27:06.000,26.42295000,-80.15656500,1.80,13.688,-27.788,3.502,87,18,19,,
T,2026-07-18 18:27:07.000,26.42295667,-80.15652833,1.80,14.089,-27.789,3.523,89,18,19,,
T,2026-07-18 18:27:08.000,26.42295833,-80.15649333,1.80,14.189,-27.789,3.537,89,18,19,,
T,2026-07-18 18:27:09.000,26.42295667,-80.15646167,1.80,14.189,-27.789,3.562,89,18,19,,
T,2026-07-18 18:27:10.000,26.42295333,-80.15642333,1.80,13.589,-27.789,3.577,92,18,19,,
T,2026-07-18 18:27:11.000,26.42295667,-80.15638000,1.90,13.589,-27.789,3.577,89,18,19,,
T,2026-07-18 18:27:12.000,26.42295667,-80.15634000,2.10,13.589,-27.789,3.610,89,18,19,,
T,2026-07-18 18:27:13.000,26.42295833,-80.15630167,2.20,13.490,-27.790,3.630,89,18,19,,
T,2026-07-18 18:27:14.000,26.42295833,-80.15626167,2.30,13.390,-27.790,3.662,88,18,19,,
T,2026-07-18 18:27:15.000,26.42295833,-80.15622667,2.30,13.390,-27.790,3.666,85,18,19,,
T,2026-07-18 18:27:16.000,26.42295667,-80.15619167,2.40,13.190,-27.790,3.684,93,18,19,,
T,2026-07-18 18:27:17.000,26.42295333,-80.15615333,2.30,12.990,-27.790,3.659,95,18,19,,
T,2026-07-18 18:27:18.000,26.42295000,-80.15612167,2.40,13.090,-27.790,3.613,106,18,19,,
T,2026-07-18 18:27:19.000,26.42294500,-80.15609000,2.40,13.790,-27.790,3.545,111,18,19,,
T,2026-07-18 18:27:20.000,26.42295000,-80.15605333,2.30,13.991,-27.791,3.516,100,18,19,,
T,2026-07-18 18:27:21.000,26.42295167,-80.15600333,2.10,13.191,-27.791,3.501,95,18,19,,
T,2026-07-18 18:27:22.000,26.42295333,-80.15596667,2.20,13.291,-27.791,3.471,94,18,19,,
T,2026-07-18 18:27:23.000,26.42295167,-80.15592833,2.20,13.291,-27.791,3.443,91,18,19,,
T,2026-07-18 18:27:24.000,26.42294500,-80.15588833,2.00,13.191,-27.791,3.449,97,18,19,,
T,2026-07-18 18:27:25.000,26.42294333,-80.15585167,1.90,13.191,-27.791,3.442,96,18,19,,
T,2026-07-18 18:27:26.000,26.42294167,-80.15581667,1.90,13.292,-27.792,3.423,98,18,19,,
T,2026-07-18 18:27:27.000,26.42293833,-80.15578333,2.00,13.492,-27.792,3.423,102,18,19,,
T,2026-07-18 18:27:28.000,26.42293833,-80.15574833,2.00,13.892,-27.792,3.462,98,18,19,,
T,2026-07-18 18:27:29.000,26.42293333,-80.15571167,2.00,13.792,-27.792,3.522,97,18,19,,
T,2026-07-18 18:27:30.000,26.42292500,-80.15567333,1.90,13.092,-27.792,3.530,101,18,19,,
T,2026-07-18 18:27:31.000,26.42291833,-80.15564000,1.70,12.592,-27.792,3.528,103,18,19,,
T,2026-07-18 18:27:32.000,26.42290833,-80.15560333,1.70,12.092,-27.792,3.524,103,18,19,,
T,2026-07-18 18:27:33.000,26.42290000,-80.15556500,1.60,11.993,-27.793,3.541,102,18,19,,
T,2026-07-18 18:27:34.000,26.42289500,-80.15552833,1.60,11.593,-27.793,3.533,95,18,19,,
T,2026-07-18 18:27:35.000,26.42289000,-80.15549000,1.60,11.593,-27.793,3.539,102,18,19,,
T,2026-07-18 18:27:36.000,26.42288333,-80.15545333,1.60,11.493,-27.793,3.546,103,18,19,,
T,2026-07-18 18:27:37.000,26.42287333,-80.15541667,1.60,11.193,-27.793,3.569,106,18,19,,
T,2026-07-18 18:27:38.000,26.42286667,-80.15538167,1.50,11.093,-27.793,3.568,105,18,19,,
T,2026-07-18 18:27:39.000,26.42285833,-80.15534667,1.50,10.893,-27.793,3.562,105,18,19,,
T,2026-07-18 18:27:40.000,26.42285167,-80.15530833,1.50,11.194,-27.794,3.559,103,18,19,,
T,2026-07-18 18:27:41.000,26.42284500,-80.15527000,1.50,11.294,-27.794,3.559,101,18,19,,
T,2026-07-18 18:27:42.000,26.42283833,-80.15523167,1.50,11.294,-27.794,3.563,97,18,19,,
T,2026-07-18 18:27:43.000,26.42283333,-80.15519500,1.50,11.594,-27.794,3.554,99,18,19,,
T,2026-07-18 18:27:44.000,26.42283167,-80.15515500,1.50,12.294,-27.794,3.553,96,18,19,,
T,2026-07-18 18:27:45.000,26.42282833,-80.15511833,1.50,12.794,-27.794,3.542,98,18,19,,
T,2026-07-18 18:27:46.000,26.42282333,-80.15508000,1.50,13.294,-27.794,3.541,97,18,19,,
T,2026-07-18 18:27:47.000,26.42281667,-80.15504500,1.40,13.395,-27.795,3.536,97,18,19,,
T,2026-07-18 18:27:48.000,26.42281167,-80.15501167,1.40,12.795,-27.795,3.541,98,18,19,,
T,2026-07-18 18:27:49.000,26.42280833,-80.15497667,1.40,13.095,-27.795,3.528,99,18,19,,
T,2026-07-18 18:27:50.000,26.42280167,-80.15494000,1.40,13.095,-27.795,3.529,100,18,19,,
T,2026-07-18 18:27:51.000,26.42279833,-80.15490500,1.40,13.395,-27.795,3.510,100,18,19,,
T,2026-07-18 18:27:52.000,26.42279333,-80.15487167,1.40,13.195,-27.795,3.482,99,18,19,,
T,2026-07-18 18:27:53.000,26.42278667,-80.15483667,1.40,13.295,-27.795,3.473,99,18,19,,
T,2026-07-18 18:27:54.000,26.42278333,-80.15480167,1.40,13.696,-27.796,3.468,101,18,19,,
T,2026-07-18 18:27:55.000,26.42277667,-80.15476833,1.40,13.996,-27.796,3.463,97,18,19,,
T,2026-07-18 18:27:56.000,26.42277167,-80.15473167,1.40,14.196,-27.796,3.455,98,18,19,,
T,2026-07-18 18:27:57.000,26.42276333,-80.15469833,1.40,14.196,-27.796,3.453,97,18,19,,
T,2026-07-18 18:27:58.000,26.42275833,-80.15466167,1.40,14.196,-27.796,3.449,100,18,19,,
T,2026-07-18 18:27:59.000,26.42275167,-80.15462500,1.40,14.196,-27.796,3.435,99,18,19,,
T,2026-07-18 18:28:00.000,26.42274500,-80.15459167,1.50,14.196,-27.796,3.394,104,18,19,,
T,2026-07-18 18:28:01.000,26.42274167,-80.15455833,1.50,13.897,-27.797,3.415,96,18,19,,
T,2026-07-18 18:28:02.000,26.42273833,-80.15452167,1.50,13.597,-27.797,3.440,96,18,19,,
T,2026-07-18 18:28:03.000,26.42273833,-80.15448667,1.50,13.297,-27.797,3.453,90,18,19,,
T,2026-07-18 18:28:04.000,26.42273833,-80.15444833,1.50,13.297,-27.797,3.475,94,18,19,,
T,2026-07-18 18:28:05.000,26.42273667,-80.15441167,1.50,13.497,-27.797,3.480,93,18,19,,
T,2026-07-18 18:28:06.000,26.42273500,-80.15437833,1.50,13.297,-27.797,3.506,94,18,19,,
T,2026-07-18 18:28:07.000,26.42273167,-80.15434500,1.50,12.897,-27.797,3.519,92,18,19,,
T,2026-07-18 18:28:08.000,26.42272833,-80.15431000,1.50,12.498,-27.798,3.512,94,18,19,,
T,2026-07-18 18:28:09.000,26.42272333,-80.15427833,1.60,11.698,-27.798,3.528,95,18,19,,
T,2026-07-18 18:28:10.000,26.42272167,-80.15424667,1.80,11.498,-27.798,3.558,93,18,19,,
T,2026-07-18 18:28:11.000,26.42272333,-80.15420833,1.70,11.498,-27.798,3.557,89,18,19,,
T,2026-07-18 18:28:12.000,26.42272333,-80.15417000,1.70,11.298,-27.798,3.543,90,18,19,,
T,2026-07-18 18:28:13.000,26.42272333,-80.15413333,1.70,10.798,-27.798,3.510,92,18,19,,
T,2026-07-18 18:28:14.000,26.42272000,-80.15409167,1.70,10.898,-27.798,3.490,94,18,19,,
T,2026-07-18 18:28:15.000,26.42271833,-80.15404667,1.60,11.199,-27.799,3.501,94,18,19,,
T,2026-07-18 18:28:16.000,26.42271667,-80.15400500,1.60,11.199,-27.799,3.476,95,18,19,,
T,2026-07-18 18:28:17.000,26.42271667,-80.15396833,1.60,11.199,-27.799,3.472,91,18,19,,
T,2026-07-18 18:28:18.000,26.42271667,-80.15393000,1.60,11.099,-27.799,3.487,89,18,19,,
T,2026-07-18 18:28:19.000,26.42271500,-80.15389333,1.60,10.699,-27.799,3.495,91,18,19,,
T,2026-07-18 18:28:20.000,26.42271500,-80.15386000,1.60,10.099,-27.799,3.521,85,18,19,,
T,2026-07-18 18:28:21.000,26.42271667,-80.15382500,1.60,9.800,-27.800,3.515,83,18,19,,
T,2026-07-18 18:28:22.000,26.42271667,-80.15378833,1.70,9.700,-27.800,3.523,86,18,19,,
T,2026-07-18 18:28:23.000,26.42271667,-80.15375333,1.70,9.500,-27.800,3.562,85,18,19,,
T,2026-07-18 18:28:24.000,26.42272000,-80.15371333,1.80,9.600,-27.800,3.541,83,18,19,,
T,2026-07-18 18:28:25.000,26.42272000,-80.15367667,1.90,10.100,-27.800,3.521,90,18,19,,
T,2026-07-18 18:28:26.000,26.42272167,-80.15364167,1.90,9.900,-27.800,3.535,89,18,19,,
T,2026-07-18 18:28:27.000,26.42272333,-80.15361000,1.70,9.600,-27.800,3.516,88,18,19,,
T,2026-07-18 18:28:28.000,26.42273000,-80.15357167,1.80,9.401,-27.801,3.482,90,18,19,,
T,2026-07-18 18:28:29.000,26.42273667,-80.15354333,1.80,9.201,-27.801,3.414,88,18,19,,
T,2026-07-18 18:28:30.000,26.42273833,-80.15351333,1.70,9.201,-27.801,3.262,97,18,19,,
T,2026-07-18 18:28:31.000,26.42274000,-80.15349000,1.60,9.001,-27.801,3.125,99,18,19,,
T,2026-07-18 18:28:32.000,26.42273500,-80.15346833,1.60,8.901,-27.801,2.951,105,18,19,,
T,2026-07-18 18:28:33.000,26.42273167,-80.15345167,1.70,8.801,-27.801,2.753,98,18,19,,
T,2026-07-18 18:28:34.000,26.42273333,-80.15343667,1.70,8.801,-27.801,2.584,94,18,19,,
T,2026-07-18 18:28:35.000,26.42273000,-80.15341667,1.60,8.701,-27.801,2.414,99,18,19,,
T,2026-07-18 18:28:36.000,26.42272833,-80.15339833,1.60,8.501,-27.801,2.244,101,18,19,,
T,2026-07-18 18:28:37.000,26.42272667,-80.15338167,1.60,8.401,-27.801,2.075,100,18,19,,
T,2026-07-18 18:28:38.000,26.42272667,-80.15336333,1.70,8.701,-27.801,1.943,96,18,19,,
T,2026-07-18 18:28:39.000,26.42272167,-80.15334000,1.60,8.802,-27.802,1.854,108,18,19,,
T,2026-07-18 18:28:40.000,26.42271833,-80.15332167,1.70,9.202,-27.802,1.847,103,18,19,,
T,2026-07-18 18:28:41.000,26.42271333,-80.15330167,1.80,9.802,-27.802,1.816,95,18,19,,
T,2026-07-18 18:28:42.000,26.42271500,-80.15328167,1.70,9.902,-27.802,1.839,80,18,19,,
T,2026-07-18 18:28:43.000,26.42272167,-80.15326333,1.60,10.702,-27.802,1.846,63,18,19,,
T,2026-07-18 18:28:44.000,26.42272833,-80.15324833,1.60,10.802,-27.802,1.819,60,18,19,,
T,2026-07-18 18:28:45.000,26.42273667,-80.15323500,1.70,11.002,-27.802,1.772,43,18,19,,
T,2026-07-18 18:28:46.000,26.42275000,-80.15323000,1.70,10.602,-27.802,1.754,33,18,19,,
T,2026-07-18 18:28:47.000,26.42276667,-80.15322333,1.70,10.402,-27.802,1.788,14,18,19,,
T,2026-07-18 18:28:48.000,26.42278500,-80.15322333,1.70,10.102,-27.802,1.717,350,18,19,,
T,2026-07-18 18:28:49.000,26.42279667,-80.15322500,1.80,10.002,-27.802,1.596,354,18,19,,
T,2026-07-18 18:28:50.000,26.42280500,-80.15322333,1.70,10.402,-27.802,1.449,357,18,19,,
T,2026-07-18 18:28:51.000,26.42281667,-80.15322500,1.70,10.702,-27.802,1.405,348,18,19,,
T,2026-07-18 18:28:52.000,26.42283667,-80.15322833,1.80,11.202,-27.802,1.372,357,18,19,,
T,2026-07-18 18:28:53.000,26.42285333,-80.15323333,1.80,11.402,-27.802,1.386,347,18,19,,
T,2026-07-18 18:28:54.000,26.42286833,-80.15323333,1.70,11.302,-27.802,1.456,349,17,19,,
T,2026-07-18 18:28:55.000,26.42288833,-80.15323167,1.80,11.602,-27.802,1.534,5,18,19,,
T,2026-07-18 18:28:56.000,26.42290667,-80.15322833,1.90,11.802,-27.802,1.581,1,18,19,,
T,2026-07-18 18:28:57.000,26.42292500,-80.15322167,1.90,12.002,-27.802,1.573,8,18,19,,
T,2026-07-18 18:28:58.000,26.42294333,-80.15321833,1.90,11.902,-27.802,1.672,8,18,19,,
T,2026-07-18 18:28:59.000,26.42296333,-80.15322000,1.90,11.602,-27.802,1.819,1,18,19,,
T,2026-07-18 18:29:00.000,26.42298333,-80.15322167,2.00,11.702,-27.802,1.986,3,18,19,,
T,2026-07-18 18:29:01.000,26.42300667,-80.15322333,2.00,11.402,-27.802,2.085,6,18,19,,
T,2026-07-18 18:29:02.000,26.42302833,-80.15322333,2.00,11.102,-27.802,2.164,0,16,19,,
T,2026-07-18 18:29:03.000,26.42304833,-80.15321667,2.00,10.902,-27.802,2.192,0,17,19,,
T,2026-07-18 18:29:04.000,26.42306500,-80.15321000,2.00,10.702,-27.802,2.176,9,16,19,,
T,2026-07-18 18:29:05.000,26.42308167,-80.15320500,2.10,10.402,-27.802,2.194,9,18,19,,
T,2026-07-18 18:29:06.000,26.42309833,-80.15320333,2.20,10.202,-27.802,2.169,7,18,19,,
T,2026-07-18 18:29:07.000,26.42311000,-80.15319667,2.20,10.102,-27.802,2.162,358,18,19,,
T,2026-07-18 18:29:08.000,26.42312333,-80.15319667,2.20,10.002,-27.802,2.131,355,18,19,,
T,2026-07-18 18:29:09.000,26.42314500,-80.15321000,2.10,10.002,-27.802,2.158,358,18,19,,
T,2026-07-18 18:29:10.000,26.42316167,-80.15320667,2.00,10.902,-27.802,2.161,1,18,19,,
T,2026-07-18 18:29:11.000,26.42318667,-80.15320833,1.90,11.402,-27.802,2.112,9,16,19,,
T,2026-07-18 18:29:12.000,26.42320667,-80.15320000,1.80,11.302,-27.802,2.099,29,14,19,,
T,2026-07-18 18:29:13.000,26.42322667,-80.15318667,1.90,11.503,-27.803,2.123,31,15,19,,
T,2026-07-18 18:29:14.000,26.42325000,-80.15317833,1.90,11.903,-27.803,2.110,42,14,19,,
T,2026-07-18 18:29:15.000,26.42326000,-80.15316833,1.90,11.903,-27.803,2.058,69,14,19,,
T,2026-07-18 18:29:16.000,26.42326833,-80.15315333,1.80,12.103,-27.803,2.054,70,15,19,,
T,2026-07-18 18:29:17.000,26.42327333,-80.15313500,1.80,12.003,-27.803,2.049,65,15,19,,
T,2026-07-18 18:29:18.000,26.42328000,-80.15311667,2.00,12.003,-27.803,2.049,65,11,19,,
T,2026-07-18 18:29:19.000,26.42328833,-80.15309833,2.00,12.703,-27.803,2.015,67,13,19,,
T,2026-07-18 18:29:20.000,26.42329333,-80.15307833,2.00,12.703,-27.803,1.999,66,15,19,,
T,2026-07-18 18:29:21.000,26.42330333,-80.15306000,2.00,12.903,-27.803,2.022,63,14,19,,
T,2026-07-18 18:29:22.000,26.42331667,-80.15304000,1.90,13.203,-27.803,2.023,52,14,19,,
T,2026-07-18 18:29:23.000,26.42333333,-80.15302000,1.80,13.703,-27.803,2.007,52,14,19,,
T,2026-07-18 18:29:24.000,26.42334500,-80.15300333,1.70,13.603,-27.803,2.022,51,14,19,,
T,2026-07-18 18:29:25.000,26.42335833,-80.15298833,1.70,13.503,-27.803,2.031,52,14,19,,
T,2026-07-18 18:29:26.000,26.42336833,-80.15297500,1.70,13.603,-27.803,2.005,48,14,19,,
T,2026-07-18 18:29:27.000,26.42338000,-80.15296333,1.80,13.604,-27.804,2.001,40,14,19,,
T,2026-07-18 18:29:28.000,26.42339333,-80.15295000,1.80,13.304,-27.804,2.021,22,14,19,,
T,2026-07-18 18:29:29.000,26.42340000,-80.15293667,1.80,12.704,-27.804,1.990,44,16,19,,
T,2026-07-18 18:29:30.000,26.42341000,-80.15292167,1.80,12.804,-27.804,1.972,46,15,19,,
T,2026-07-18 18:29:31.000,26.42341833,-80.15290500,1.80,12.504,-27.804,1.974,43,16,19,,
T,2026-07-18 18:29:32.000,26.42343167,-80.15289167,1.80,12.904,-27.804,1.932,50,16,19,,
T,2026-07-18 18:29:33.000,26.42344500,-80.15287500,1.70,13.304,-27.804,1.931,56,16,19,,
T,2026-07-18 18:29:34.000,26.42345667,-80.15285667,1.80,13.504,-27.804,1.949,51,15,19,,
T,2026-07-18 18:29:35.000,26.42347000,-80.15283667,1.90,14.104,-27.804,1.977,54,15,19,,
T,2026-07-18 18:29:36.000,26.42347667,-80.15282333,1.80,13.504,-27.804,1.983,50,16,19,,
T,2026-07-18 18:29:37.000,26.42348500,-80.15281000,1.80,12.904,-27.804,1.968,50,16,19,,
T,2026-07-18 18:29:38.000,26.42349500,-80.15280167,1.80,12.904,-27.804,1.908,38,15,19,,
T,2026-07-18 18:29:39.000,26.42351000,-80.15279833,1.80,12.904,-27.804,1.895,13,15,19,,
T,2026-07-18 18:29:40.000,26.42352500,-80.15280167,1.70,12.704,-27.804,1.890,347,15,19,,
T,2026-07-18 18:29:41.000,26.42353667,-80.15280000,1.80,11.704,-27.804,1.864,348,17,19,,
T,2026-07-18 18:29:42.000,26.42354333,-80.15280167,1.80,11.304,-27.804,1.839,359,17,19,,
T,2026-07-18 18:29:43.000,26.42355500,-80.15280000,1.80,10.904,-27.804,1.770,6,18,19,,
T,2026-07-18 18:29:44.000,26.42356833,-80.15280000,1.70,10.504,-27.804,1.709,358,18,19,,
T,2026-07-18 18:29:45.000,26.42358167,-80.15280167,1.70,10.004,-27.804,1.642,353,18,19,,
T,2026-07-18 18:29:46.000,26.42359167,-80.15280333,1.70,9.804,-27.804,1.594,359,18,19,,
T,2026-07-18 18:29:47.000,26.42360000,-80.15280167,1.70,9.604,-27.804,1.512,21,18,19,,
T,2026-07-18 18:29:48.000,26.42361167,-80.15280000,1.70,9.204,-27.804,1.483,9,18,19,,
T,2026-07-18 18:29:49.000,26.42362333,-80.15279833,1.60,9.004,-27.804,1.410,16,17,19,,
T,2026-07-18 18:29:50.000,26.42363167,-80.15279667,1.60,8.904,-27.804,1.323,13,16,19,,
T,2026-07-18 18:29:51.000,26.42363833,-80.15279667,1.60,8.304,-27.804,1.234,7,16,19,,
T,2026-07-18 18:29:52.000,26.42364667,-80.15279667,1.60,7.904,-27.804,1.151,358,16,19,,
T,2026-07-18 18:29:53.000,26.42365333,-80.15279667,1.60,7.504,-27.804,1.095,4,15,19,,
T,2026-07-18 18:29:54.000,26.42366000,-80.15279500,1.70,7.104,-27.804,1.016,7,15,19,,
T,2026-07-18 18:29:55.000,26.42366667,-80.15279333,1.80,6.804,-27.804,0.950,2,15,19,,
T,2026-07-18 18:29:56.000,26.42367333,-80.15279333,1.90,6.704,-27.804,0.866,340,15,19,,
T,2026-07-18 18:29:57.000,26.42367500,-80.15279833,1.80,7.204,-27.804,0.816,348,14,19,,
T,2026-07-18 18:29:58.000,26.42367500,-80.15280000,1.80,7.604,-27.804,0.701,302,14,19,,
T,2026-07-18 18:29:59.000,26.42367500,-80.15280000,1.80,7.904,-27.804,0.616,316,14,19,,
T,2026-07-18 18:30:00.000,26.42367667,-80.15280333,1.80,8.104,-27.804,0.528,287,14,19,,
T,2026-07-18 18:30:01.000,26.42367833,-80.15280667,1.70,8.504,-27.804,0.429,270,14,19,,
T,2026-07-18 18:30:02.000,26.42368000,-80.15281000,1.70,8.604,-27.804,0.000,,14,19,,
T,2026-07-18 18:30:03.000,26.42368000,-80.15281500,1.70,9.004,-27.804,0.000,,14,19,,
T,2026-07-18 18:30:04.000,26.42368167,-80.15281833,1.70,9.204,-27.804,0.000,,14,19,,
T,2026-07-18 18:30:05.000,26.42368167,-80.15281833,1.60,9.204,-27.804,0.000,,14,19,,
T,2026-07-18 18:30:06.000,26.42368167,-80.15281833,1.60,9.204,-27.804,0.000,,14,19,,
T,2026-07-18 18:30:07.000,26.42368167,-80.15281833,1.60,9.204,-27.804,0.000,,14,19,,
T,2026-07-18 18:30:08.000,26.42368167,-80.15281833,1.60,9.204,-27.804,0.000,,15,19,,
T,2026-07-18 18:30:09.000,26.42369333,-80.15283333,1.60,10.104,-27.804,0.171,271,15,19,,
T,2026-07-18 18:30:10.000,26.42369500,-80.15283833,1.70,10.304,-27.804,0.202,265,16,19,,
T,2026-07-18 18:30:11.000,26.42369833,-80.15283833,1.60,10.404,-27.804,0.000,,16,19,,
T,2026-07-18 18:30:12.000,26.42370000,-80.15283667,1.60,10.104,-27.804,0.000,,17,19,,
T,2026-07-18 18:30:13.000,26.42370333,-80.15283500,1.60,10.004,-27.804,0.000,,17,19,,
T,2026-07-18 18:30:14.000,26.42370333,-80.15283500,1.60,10.004,-27.804,0.000,,17,19,,
T,2026-07-18 18:30:15.000,26.42370333,-80.15283500,1.60,10.004,-27.804,0.000,,17,19,,
T,2026-07-18 18:30:16.000,26.42370333,-80.15283500,1.60,10.004,-27.804,0.000,,17,19,,
T,2026-07-18 18:30:17.000,26.42370333,-80.15283500,1.60,10.004,-27.804,0.000,,17,19,,
T,2026-07-18 18:30:18.000,26.42370333,-80.15283500,1.60,10.004,-27.804,0.000,,17,19,,
T,2026-07-18 18:30:19.000,26.42370333,-80.15283500,1.60,10.004,-27.804,0.000,,17,19,,
T,2026-07-18 18:30:20.000,26.42370333,-80.15283500,1.60,10.004,-27.804,0.000,,17,19,,
T,2026-07-18 18:30:21.000,26.42370333,-80.15283500,1.50,10.004,-27.804,0.000,,17,19,,
T,2026-07-18 18:30:22.000,26.42370333,-80.15283500,1.50,10.004,-27.804,0.000,,17,19,,
T,2026-07-18 18:30:23.000,26.42370333,-80.15283500,1.50,10.004,-27.804,0.000,,16,19,,
T,2026-07-18 18:30:24.000,26.42370333,-80.15283500,1.60,10.004,-27.804,0.000,,15,19,,
T,2026-07-18 18:30:25.000,26.42370333,-80.15283500,1.50,10.004,-27.804,0.000,,15,19,,
T,2026-07-18 18:30:26.000,26.42370333,-80.15283500,1.50,10.004,-27.804,0.000,,16,19,,
T,2026-07-18 18:30:27.000,26.42370333,-80.15283500,1.50,10.004,-27.804,0.000,,16,19,,
T,2026-07-18 18:30:28.000,26.42370333,-80.15283500,1.50,10.004,-27.804,0.000,,16,19,,
T,2026-07-18 18:30:29.000,26.42370333,-80.15283500,1.50,10.004,-27.804,0.000,,16,19,,
T,2026-07-18 18:30:30.000,26.42370333,-80.15283500,1.60,10.004,-27.804,0.000,,16,19,,
T,2026-07-18 18:30:31.000,26.42370333,-80.15283500,1.60,10.004,-27.804,0.000,,16,19,,
T,2026-07-18 18:30:32.000,26.42370333,-80.15283500,1.50,10.004,-27.804,0.000,,15,19,,
T,2026-07-18 18:30:33.000,26.42370333,-80.15283500,1.60,10.004,-27.804,0.000,,14,19,,
T,2026-07-18 18:30:34.000,26.42370333,-80.15283500,1.60,10.004,-27.804,0.000,,14,19,,
T,2026-07-18 18:30:35.000,26.42370333,-80.15283500,1.60,10.004,-27.804,0.000,,14,19,,
T,2026-07-18 18:30:36.000,26.42370333,-80.15283500,1.60,10.004,-27.804,0.000,,14,19,,
T,2026-07-18 18:30:37.000,26.42370333,-80.15283500,1.60,10.004,-27.804,0.000,,14,19,,
T,2026-07-18 18:30:38.000,26.42370333,-80.15283500,1.60,10.004,-27.804,0.000,,14,19,,
T,2026-07-18 18:30:39.000,26.42370333,-80.15283500,1.60,10.004,-27.804,0.000,,14,19,,
T,2026-07-18 18:30:40.000,26.42370333,-80.15283500,1.60,10.004,-27.804,0.000,,14,19,,
T,2026-07-18 18:30:41.000,26.42370333,-80.15283500,1.60,10.004,-27.804,0.000,,15,19,,
T,2026-07-18 18:30:42.000,26.42370333,-80.15283500,1.60,10.004,-27.804,0.000,,15,19,,
T,2026-07-18 18:30:43.000,26.42370333,-80.15283500,1.70,10.004,-27.804,0.000,,15,19,,
T,2026-07-18 18:30:44.000,26.42370333,-80.15283500,1.60,10.004,-27.804,0.000,,14,19,,
T,2026-07-18 18:30:45.000,26.42370333,-80.15283500,1.60,10.004,-27.804,0.000,,13,19,,
T,2026-07-18 18:30:46.000,26.42370333,-80.15283500,1.60,10.004,-27.804,0.000,,14,19,,
T,2026-07-18 18:30:47.000,26.42370333,-80.15283500,1.60,10.004,-27.804,0.000,,14,19,,
T,2026-07-18 18:30:48.000,26.42370333,-80.15283500,1.60,10.004,-27.804,0.000,,15,19,,
T,2026-07-18 18:30:49.000,26.42370333,-80.15283500,1.60,10.004,-27.804,0.000,,15,19,,
T,2026-07-18 18:30:50.000,26.42370333,-80.15283500,1.60,10.004,-27.804,0.000,,14,19,,
T,2026-07-18 18:30:51.000,26.42370333,-80.15283500,1.60,10.004,-27.804,0.000,,14,19,,
T,2026-07-18 18:30:52.000,26.42370333,-80.15283500,1.60,10.004,-27.804,0.000,,14,19,,
T,2026-07-18 18:30:53.000,26.42370333,-80.15283500,1.60,10.004,-27.804,0.000,,15,19,,
T,2026-07-18 18:30:54.000,26.42370333,-80.15283500,1.60,10.004,-27.804,0.000,,15,19,,
T,2026-07-18 18:30:55.000,26.42370333,-80.15283500,1.50,10.004,-27.804,0.000,,15,19,,
T,2026-07-18 18:30:56.000,26.42370333,-80.15283500,1.50,10.004,-27.804,0.000,,15,19,,
T,2026-07-18 18:30:57.000,26.42370333,-80.15283500,1.60,10.004,-27.804,0.000,,15,19,,
T,2026-07-18 18:30:58.000,26.42370333,-80.15283500,1.60,10.004,-27.804,0.000,,14,19,,
T,2026-07-18 18:30:59.000,26.42370333,-80.15283500,1.50,10.004,-27.804,0.000,,14,19,,
T,2026-07-18 18:31:00.000,26.42370333,-80.15283500,1.50,10.004,-27.804,0.000,,14,19,,
T,2026-07-18 18:31:01.000,26.42370333,-80.15283500,1.60,10.004,-27.804,0.000,,14,19,,
T,2026-07-18 18:31:02.000,26.42370333,-80.15283500,1.60,10.004,-27.804,0.000,,14,19,,
T,2026-07-18 18:31:03.000,26.42370333,-80.15283500,1.60,10.004,-27.804,0.000,,14,19,,
T,2026-07-18 18:31:04.000,26.42370333,-80.15283500,1.60,10.004,-27.804,0.000,,14,19,,
T,2026-07-18 18:31:05.000,26.42370333,-80.15283500,1.60,10.004,-27.804,0.000,,15,19,,
T,2026-07-18 18:31:06.000,26.42370333,-80.15283500,1.50,10.004,-27.804,0.000,,15,19,,
T,2026-07-18 18:31:07.000,26.42370333,-80.15283500,1.50,10.004,-27.804,0.000,,15,19,,
T,2026-07-18 18:31:08.000,26.42370333,-80.15283500,1.50,10.004,-27.804,0.000,,15,19,,
T,2026-07-18 18:31:09.000,26.42370333,-80.15283500,1.50,10.004,-27.804,0.000,,15,19,,
T,2026-07-18 18:31:10.000,26.42370333,-80.15283500,1.50,10.004,-27.804,0.000,,15,19,,
T,2026-07-18 18:31:11.000,26.42370333,-80.15283500,1.50,10.004,-27.804,0.000,,15,19,,
T,2026-07-18 18:31:12.000,26.42370333,-80.15283500,1.50,10.004,-27.804,0.000,,15,19,,
T,2026-07-18 18:31:13.000,26.42370333,-80.15283500,1.60,10.004,-27.804,0.000,,15,19,,
T,2026-07-18 18:31:14.000,26.42370333,-80.15283500,1.50,10.004,-27.804,0.000,,15,19,,
T,2026-07-18 18:31:15.000,26.42370333,-80.15283500,1.60,10.004,-27.804,0.000,,15,19,,
T,2026-07-18 18:31:16.000,26.42370333,-80.15283500,1.60,10.004,-27.804,0.000,,15,19,,
T,2026-07-18 18:31:17.000,26.42370333,-80.15283500,1.60,10.004,-27.804,0.000,,15,19,,
T,2026-07-18 18:31:18.000,26.42370333,-80.15283500,1.50,10.004,-27.804,0.000,,15,19,,
T,2026-07-18 18:31:19.000,26.42370333,-80.15283500,1.50,10.004,-27.804,0.000,,15,19,,
T,2026-07-18 18:31:20.000,26.42370333,-80.15283500,1.50,10.004,-27.804,0.000,,15,19,,
T,2026-07-18 18:31:21.000,26.42370333,-80.15283500,1.50,10.004,-27.804,0.000,,15,19,,
T,2026-07-18 18:31:22.000,26.42370333,-80.15283500,1.50,10.004,-27.804,0.000,,15,19,,
T,2026-07-18 18:31:23.000,26.42370333,-80.15283500,1.50,10.004,-27.804,0.000,,15,19,,
T,2026-07-18 18:31:24.000,26.42370333,-80.15283500,1.50,10.004,-27.804,0.000,,15,19,,
T,2026-07-18 18:31:25.000,26.42370333,-80.15283500,1.60,10.004,-27.804,0.000,,15,19,,
T,2026-07-18 18:31:26.000,26.42370333,-80.15283500,1.60,10.004,-27.804,0.000,,15,19,,
T,2026-07-18 18:31:27.000,26.42370333,-80.15283500,1.60,10.004,-27.804,0.000,,16,19,,
T,2026-07-18 18:31:28.000,26.42370333,-80.15283500,1.60,10.004,-27.804,0.000,,16,19,,
T,2026-07-18 18:31:29.000,26.42370333,-80.15283500,1.60,10.004,-27.804,0.000,,16,19,,
T,2026-07-18 18:31:30.000,26.42370333,-80.15283500,1.60,10.004,-27.804,0.000,,15,19,,
T,2026-07-18 18:31:31.000,26.42370333,-80.15283500,1.60,10.004,-27.804,0.000,,15,19,,
T,2026-07-18 18:31:32.000,26.42370333,-80.15283500,1.60,10.004,-27.804,0.000,,15,19,,
T,2026-07-18 18:31:33.000,26.42370333,-80.15283500,1.60,10.004,-27.804,0.000,,15,19,,
T,2026-07-18 18:31:34.000,26.42370333,-80.15283500,1.60,10.004,-27.804,0.000,,15,19,,
T,2026-07-18 18:31:35.000,26.42370333,-80.15283500,1.60,10.004,-27.804,0.000,,15,19,,
T,2026-07-18 18:31:36.000,26.42370333,-80.15283500,1.60,10.004,-27.804,0.000,,16,19,,
T,2026-07-18 18:31:37.000,26.42370333,-80.15283500,1.60,10.004,-27.804,0.000,,16,19,,
T,2026-07-18 18:31:38.000,26.42370333,-80.15283500,1.60,10.004,-27.804,0.000,,16,19,,
T,2026-07-18 18:31:39.000,26.42370333,-80.15283500,1.60,10.004,-27.804,0.000,,16,19,,
T,2026-07-18 18:31:40.000,26.42370333,-80.15283500,1.60,10.004,-27.804,0.000,,16,19,,
T,2026-07-18 18:31:41.000,26.42370333,-80.15283500,1.60,10.004,-27.804,0.000,,16,19,,
T,2026-07-18 18:31:42.000,26.42370333,-80.15283500,1.60,10.004,-27.804,0.000,,16,19,,
T,2026-07-18 18:31:43.000,26.42370333,-80.15283500,1.60,10.004,-27.804,0.000,,16,19,,
T,2026-07-18 18:31:44.000,26.42370333,-80.15283500,1.60,10.004,-27.804,0.000,,16,19,,
T,2026-07-18 18:31:45.000,26.42370333,-80.15283500,1.60,10.004,-27.804,0.000,,16,19,,
T,2026-07-18 18:31:46.000,26.42370333,-80.15283500,1.60,10.004,-27.804,0.000,,16,19,,
T,2026-07-18 18:31:47.000,26.42370333,-80.15283500,1.60,10.004,-27.804,0.000,,16,19,,
T,2026-07-18 18:31:48.000,26.42370333,-80.15283500,1.60,10.004,-27.804,0.000,,16,19,,
T,2026-07-18 18:31:49.000,26.42370333,-80.15283500,1.60,10.004,-27.804,0.000,,16,19,,
T,2026-07-18 18:31:50.000,26.42370333,-80.15283500,1.60,10.004,-27.804,0.000,,16,19,,
T,2026-07-18 18:31:51.000,26.42370333,-80.15283500,1.60,10.004,-27.804,0.000,,16,19,,
T,2026-07-18 18:31:52.000,26.42370333,-80.15283500,1.60,10.004,-27.804,0.000,,16,19,,
T,2026-07-18 18:31:53.000,26.42370333,-80.15283500,1.60,10.004,-27.804,0.000,,16,19,,
T,2026-07-18 18:31:54.000,26.42370333,-80.15283500,1.50,10.004,-27.804,0.000,,16,19,,
T,2026-07-18 18:31:55.000,26.42370333,-80.15283500,1.60,10.004,-27.804,0.000,,16,19,,
T,2026-07-18 18:31:56.000,26.42370333,-80.15283500,1.60,10.004,-27.804,0.000,,16,19,,
T,2026-07-18 18:31:57.000,26.42370333,-80.15283500,1.70,10.004,-27.804,0.000,,16,19,,
T,2026-07-18 18:31:58.000,26.42370333,-80.15283500,1.70,10.004,-27.804,0.000,,16,19,,
T,2026-07-18 18:31:59.000,26.42370333,-80.15283500,1.80,10.004,-27.804,0.000,,16,19,,
T,2026-07-18 18:32:00.000,26.42370333,-80.15283500,1.80,10.004,-27.804,0.000,,16,19,,
T,2026-07-18 18:32:01.000,26.42370333,-80.15283500,1.90,10.004,-27.804,0.000,,16,19,,
T,2026-07-18 18:32:02.000,26.42370333,-80.15283500,2.00,10.004,-27.804,0.000,,16,19,,
T,2026-07-18 18:32:03.000,26.42370333,-80.15283500,2.30,10.004,-27.804,0.000,,16,19,,
T,2026-07-18 18:32:04.000,26.42370333,-80.15282833,2.40,14.104,-27.804,0.301,247,16,19,,
T,2026-07-18 18:32:05.000,26.42370000,-80.15283667,2.50,14.004,-27.804,0.000,,16,19,,
T,2026-07-18 18:32:06.000,26.42369333,-80.15283500,2.60,14.104,-27.804,0.000,,16,19,,
T,2026-07-18 18:32:07.000,26.42369500,-80.15282833,2.60,14.104,-27.804,0.000,,16,19,,
T,2026-07-18 18:32:08.000,26.42369500,-80.15281333,2.50,14.104,-27.804,0.427,130,16,19,,
T,2026-07-18 18:32:09.000,26.42369167,-80.15280833,2.50,14.604,-27.804,0.454,131,16,19,,
T,2026-07-18 18:32:10.000,26.42369500,-80.15280500,2.50,14.704,-27.804,0.000,,16,19,,
T,2026-07-18 18:32:11.000,26.42369667,-80.15280000,2.50,14.604,-27.804,0.000,,16,19,,
T,2026-07-18 18:32:12.000,26.42369833,-80.15279500,2.50,14.604,-27.804,0.502,135,16,19,,
T,2026-07-18 18:32:13.000,26.42370667,-80.15280167,2.60,14.404,-27.804,0.435,181,16,19,,
T,2026-07-18 18:32:14.000,26.42371333,-80.15280500,2.50,14.404,-27.804,0.000,,16,19,,
T,2026-07-18 18:32:15.000,26.42372167,-80.15280333,2.50,14.304,-27.804,0.000,,15,19,,
T,2026-07-18 18:32:16.000,26.42372000,-80.15280167,2.40,14.004,-27.804,0.348,327,15,19,,
T,2026-07-18 18:32:17.000,26.42372333,-80.15280333,2.40,14.004,-27.804,0.373,256,15,19,,
T,2026-07-18 18:32:18.000,26.42372500,-80.15280167,2.40,14.004,-27.804,0.000,,15,19,,
T,2026-07-18 18:32:19.000,26.42372500,-80.15280000,2.40,14.104,-27.804,0.000,,15,19,,
T,2026-07-18 18:32:20.000,26.42372000,-80.15279833,2.40,14.304,-27.804,0.000,,15,19,,
T,2026-07-18 18:32:21.000,26.42372000,-80.15279833,2.20,14.304,-27.804,0.000,,16,19,,
T,2026-07-18 18:32:22.000,26.42371333,-80.15278500,2.20,14.304,-27.804,0.354,95,16,19,,
T,2026-07-18 18:32:23.000,26.42371333,-80.15277500,2.20,14.204,-27.804,0.000,,16,19,,
T,2026-07-18 18:32:24.000,26.42370833,-80.15276333,2.20,14.005,-27.805,0.514,85,16,19,,
T,2026-07-18 18:32:25.000,26.42370833,-80.15275333,2.30,13.705,-27.805,0.000,,16,19,,
T,2026-07-18 18:32:26.000,26.42370167,-80.15274833,2.30,13.005,-27.805,0.586,82,16,19,,
T,2026-07-18 18:32:27.000,26.42369500,-80.15274667,2.30,13.105,-27.805,0.577,99,16,19,,
T,2026-07-18 18:32:28.000,26.42369500,-80.15274500,2.30,13.205,-27.805,0.602,52,16,19,,
T,2026-07-18 18:32:29.000,26.42369333,-80.15274333,2.30,13.305,-27.805,0.000,,16,19,,
T,2026-07-18 18:32:30.000,26.42369667,-80.15275000,2.40,13.005,-27.805,0.563,287,16,19,,
T,2026-07-18 18:32:31.000,26.42369667,-80.15275667,2.40,13.005,-27.805,0.000,,16,19,,
T,2026-07-18 18:32:32.000,26.42369500,-80.15276333,2.50,12.905,-27.805,0.543,250,16,19,,
T,2026-07-18 18:32:33.000,26.42369167,-80.15276667,2.50,12.904,-27.804,0.000,,16,19,,
T,2026-07-18 18:32:34.000,26.42369667,-80.15276667,2.50,12.904,-27.804,0.422,178,16,19,,
T,2026-07-18 18:32:35.000,26.42369000,-80.15276833,2.40,12.704,-27.804,0.000,,16,19,,
T,2026-07-18 18:32:36.000,26.42368667,-80.15276500,2.40,13.004,-27.804,0.000,,16,19,,
T,2026-07-18 18:32:37.000,26.42368167,-80.15276667,2.40,13.104,-27.804,0.000,,16,19,,
T,2026-07-18 18:32:38.000,26.42368167,-80.15276667,2.20,13.104,-27.804,0.000,,16,19,,
T,2026-07-18 18:32:39.000,26.42368167,-80.15276667,2.20,13.104,-27.804,0.000,,16,19,,
T,2026-07-18 18:32:40.000,26.42368167,-80.15276667,2.20,13.104,-27.804,0.000,,16,19,,
T,2026-07-18 18:32:41.000,26.42368167,-80.15276667,2.20,13.104,-27.804,0.000,,16,19,,
T,2026-07-18 18:32:42.000,26.42368167,-80.15276667,2.10,13.104,-27.804,0.000,,16,19,,
T,2026-07-18 18:32:43.000,26.42368167,-80.15276667,2.20,13.104,-27.804,0.000,,16,19,,
T,2026-07-18 18:32:44.000,26.42366333,-80.15276333,2.20,12.204,-27.804,0.382,178,16,19,,
T,2026-07-18 18:32:45.000,26.42366167,-80.15275833,2.10,12.105,-27.805,0.000,,16,19,,
T,2026-07-18 18:32:46.000,26.42366167,-80.15276000,2.00,11.904,-27.804,0.000,,16,19,,
T,2026-07-18 18:32:47.000,26.42365667,-80.15276333,1.90,12.204,-27.804,0.000,,16,19,,
T,2026-07-18 18:32:48.000,26.42365333,-80.15276667,1.90,12.304,-27.804,0.400,178,16,19,,
T,2026-07-18 18:32:49.000,26.42365000,-80.15277000,2.00,12.404,-27.804,0.410,173,16,19,,
T,2026-07-18 18:32:50.000,26.42365167,-80.15277500,2.00,12.204,-27.804,0.429,179,16,19,,
T,2026-07-18 18:32:51.000,26.42365500,-80.15278500,2.00,11.904,-27.804,0.457,207,16,19,,
T,2026-07-18 18:32:52.000,26.42365333,-80.15279333,1.90,11.404,-27.804,0.463,220,17,19,,
T,2026-07-18 18:32:53.000,26.42365667,-80.15280333,1.90,11.504,-27.804,0.436,235,17,20,,
T,2026-07-18 18:32:54.000,26.42365667,-80.15280667,1.80,11.304,-27.804,0.410,221,17,20,,
T,2026-07-18 18:32:55.000,26.42365833,-80.15281167,1.80,11.004,-27.804,0.433,242,16,20,,
T,2026-07-18 18:32:56.000,26.42366167,-80.15281333,1.70,10.804,-27.804,0.417,270,15,20,,
T,2026-07-18 18:32:57.000,26.42366667,-80.15281333,1.70,10.804,-27.804,0.000,,14,20,,
T,2026-07-18 18:32:58.000,26.42367000,-80.15281500,1.70,10.904,-27.804,0.000,,14,20,,
T,2026-07-18 18:32:59.000,26.42367333,-80.15281667,1.60,10.904,-27.804,0.000,,14,20,,
T,2026-07-18 18:33:00.000,26.42367333,-80.15281667,1.60,10.904,-27.804,0.000,,15,20,,
T,2026-07-18 18:33:01.000,26.42367333,-80.15281667,1.70,10.904,-27.804,0.000,,15,20,,
T,2026-07-18 18:33:02.000,26.42367333,-80.15281667,1.70,10.904,-27.804,0.000,,15,20,,
T,2026-07-18 18:33:03.000,26.42367333,-80.15281667,1.70,10.904,-27.804,0.000,,15,20,,
T,2026-07-18 18:33:04.000,26.42367333,-80.15281667,1.70,10.904,-27.804,0.000,,15,20,,
T,2026-07-18 18:33:05.000,26.42367333,-80.15281667,1.70,10.904,-27.804,0.000,,16,20,,
T,2026-07-18 18:33:06.000,26.42367333,-80.15281667,1.70,10.904,-27.804,0.000,,16,20,,
T,2026-07-18 18:33:07.000,26.42367333,-80.15281667,1.70,10.904,-27.804,0.000,,16,20,,
T,2026-07-18 18:33:08.000,26.42367333,-80.15281667,1.70,10.904,-27.804,0.000,,16,20,,
T,2026-07-18 18:33:09.000,26.42367333,-80.15281667,1.70,10.904,-27.804,0.000,,16,20,,
T,2026-07-18 18:33:10.000,26.42367333,-80.15281667,1.70,10.904,-27.804,0.000,,16,20,,
T,2026-07-18 18:33:11.000,26.42367333,-80.15281667,1.70,10.904,-27.804,0.000,,16,20,,
T,2026-07-18 18:33:12.000,26.42367333,-80.15281667,1.70,10.904,-27.804,0.000,,16,20,,
T,2026-07-18 18:33:13.000,26.42367333,-80.15281667,1.70,10.904,-27.804,0.000,,16,20,,
T,2026-07-18 18:33:14.000,26.42367333,-80.15281667,1.70,10.904,-27.804,0.000,,16,20,,
T,2026-07-18 18:33:15.000,26.42367333,-80.15281667,1.70,10.904,-27.804,0.000,,16,20,,
T,2026-07-18 18:33:16.000,26.42367333,-80.15281667,1.60,10.904,-27.804,0.000,,16,20,,
T,2026-07-18 18:33:17.000,26.42367333,-80.15281667,1.60,10.904,-27.804,0.000,,16,20,,
T,2026-07-18 18:33:18.000,26.42367333,-80.15281667,1.70,10.904,-27.804,0.000,,16,20,,
T,2026-07-18 18:33:19.000,26.42367333,-80.15281667,1.70,10.904,-27.804,0.000,,15,20,,
T,2026-07-18 18:33:20.000,26.42367333,-80.15281667,1.70,10.904,-27.804,0.000,,15,20,,
T,2026-07-18 18:33:21.000,26.42367333,-80.15281667,1.70,10.904,-27.804,0.000,,14,20,,
T,2026-07-18 18:33:22.000,26.42367333,-80.15281667,1.60,10.904,-27.804,0.000,,14,20,,
T,2026-07-18 18:33:23.000,26.42367333,-80.15281667,1.60,10.904,-27.804,0.000,,14,20,,
T,2026-07-18 18:33:24.000,26.42367333,-80.15281667,1.60,10.904,-27.804,0.000,,14,20,,
T,2026-07-18 18:33:25.000,26.42367333,-80.15281667,1.60,10.904,-27.804,0.000,,14,20,,
T,2026-07-18 18:33:26.000,26.42367333,-80.15281667,1.60,10.904,-27.804,0.000,,14,20,,
T,2026-07-18 18:33:27.000,26.42367333,-80.15281667,1.60,10.904,-27.804,0.000,,14,20,,
T,2026-07-18 18:33:28.000,26.42369500,-80.15283167,1.70,13.304,-27.804,0.199,265,14,20,,
T,2026-07-18 18:33:29.000,26.42369667,-80.15283500,1.70,13.604,-27.804,0.000,,15,20,,
T,2026-07-18 18:33:30.000,26.42369667,-80.15284000,1.70,13.704,-27.804,0.000,,16,20,,
T,2026-07-18 18:33:31.000,26.42369833,-80.15284000,1.70,13.804,-27.804,0.000,,16,20,,
T,2026-07-18 18:33:32.000,26.42369833,-80.15284000,1.70,13.804,-27.804,0.000,,15,20,,
T,2026-07-18 18:33:33.000,26.42369833,-80.15284000,1.70,13.804,-27.804,0.000,,14,20,,
T,2026-07-18 18:33:34.000,26.42369833,-80.15284000,1.70,13.804,-27.804,0.000,,14,20,,
T,2026-07-18 18:33:35.000,26.42369833,-80.15284000,1.60,13.804,-27.804,0.000,,14,20,,
T,2026-07-18 18:33:36.000,26.42369833,-80.15284000,1.60,13.804,-27.804,0.000,,14,20,,
T,2026-07-18 18:33:37.000,26.42369833,-80.15284000,1.60,13.804,-27.804,0.000,,14,20,,
T,2026-07-18 18:33:38.000,26.42369833,-80.15284000,1.60,13.804,-27.804,0.000,,14,20,,
T,2026-07-18 18:33:39.000,26.42369833,-80.15284000,1.60,13.804,-27.804,0.000,,14,20,,
T,2026-07-18 18:33:40.000,26.42369833,-80.15284000,1.60,13.804,-27.804,0.000,,14,20,,
T,2026-07-18 18:33:41.000,26.42369833,-80.15284000,1.50,13.804,-27.804,0.000,,14,20,,
T,2026-07-18 18:33:42.000,26.42369833,-80.15284000,1.50,13.804,-27.804,0.000,,14,20,,
T,2026-07-18 18:33:43.000,26.42369833,-80.15284000,1.60,13.804,-27.804,0.000,,14,20,,
T,2026-07-18 18:33:44.000,26.42369833,-80.15284000,1.60,13.804,-27.804,0.000,,14,20,,
T,2026-07-18 18:33:45.000,26.42369833,-80.15284000,1.60,13.804,-27.804,0.000,,14,20,,
T,2026-07-18 18:33:46.000,26.42369833,-80.15284000,1.60,13.804,-27.804,0.000,,14,20,,
T,2026-07-18 18:33:47.000,26.42369833,-80.15284000,1.60,13.804,-27.804,0.000,,14,20,,
T,2026-07-18 18:33:48.000,26.42369833,-80.15284000,1.60,13.804,-27.804,0.000,,14,20,,
T,2026-07-18 18:33:49.000,26.42369833,-80.15284000,1.60,13.804,-27.804,0.000,,15,20,,
T,2026-07-18 18:33:50.000,26.42369833,-80.15284000,1.60,13.804,-27.804,0.000,,14,20,,
T,2026-07-18 18:33:51.000,26.42369833,-80.15284000,1.60,13.804,-27.804,0.000,,14,20,,
T,2026-07-18 18:33:52.000,26.42369833,-80.15284000,1.60,13.804,-27.804,0.000,,14,20,,
T,2026-07-18 18:33:53.000,26.42369833,-80.15284000,1.60,13.804,-27.804,0.000,,14,20,,
T,2026-07-18 18:33:54.000,26.42369833,-80.15284000,1.60,13.804,-27.804,0.000,,14,20,,
T,2026-07-18 18:33:55.000,26.42369833,-80.15284000,1.60,13.804,-27.804,0.000,,13,20,,
T,2026-07-18 18:33:56.000,26.42369833,-80.15284000,1.50,13.804,-27.804,0.000,,13,20,,
T,2026-07-18 18:33:57.000,26.42369833,-80.15284000,1.50,13.804,-27.804,0.000,,13,20,,
T,2026-07-18 18:33:58.000,26.42369833,-80.15284000,1.50,13.804,-27.804,0.000,,14,20,,
T,2026-07-18 18:33:59.000,26.42369833,-80.15284000,1.50,13.804,-27.804,0.000,,15,20,,
T,2026-07-18 18:34:00.000,26.42369833,-80.15284000,1.50,13.804,-27.804,0.000,,14,20,,
T,2026-07-18 18:34:01.000,26.42369833,-80.15284000,1.50,13.804,-27.804,0.000,,14,20,,
T,2026-07-18 18:34:02.000,26.42369833,-80.15284000,1.50,13.804,-27.804,0.000,,15,20,,
T,2026-07-18 18:34:03.000,26.42369833,-80.15284000,1.50,13.804,-27.804,0.000,,14,20,,
T,2026-07-18 18:34:04.000,26.42369833,-80.15284000,1.60,13.804,-27.804,0.000,,16,20,,
T,2026-07-18 18:34:05.000,26.42369833,-80.15284000,1.60,13.804,-27.804,0.000,,16,20,,
T,2026-07-18 18:34:06.000,26.42369833,-80.15284000,1.60,13.804,-27.804,0.000,,16,20,,
T,2026-07-18 18:34:07.000,26.42369833,-80.15284000,1.60,13.804,-27.804,0.000,,15,20,,
T,2026-07-18 18:34:08.000,26.42369833,-80.15284000,1.60,13.804,-27.804,0.000,,15,20,,
T,2026-07-18 18:34:09.000,26.42369833,-80.15284000,1.60,13.804,-27.804,0.000,,16,20,,
T,2026-07-18 18:34:10.000,26.42369833,-80.15284000,1.60,13.804,-27.804,0.000,,15,20,,
T,2026-07-18 18:34:11.000,26.42369833,-80.15284000,1.60,13.804,-27.804,0.000,,15,20,,
T,2026-07-18 18:34:12.000,26.42369833,-80.15284000,1.60,13.804,-27.804,0.000,,15,20,,
T,2026-07-18 18:34:13.000,26.42369833,-80.15284000,1.70,13.804,-27.804,0.000,,15,20,,
T,2026-07-18 18:34:14.000,26.42369833,-80.15284000,1.60,13.804,-27.804,0.000,,16,20,,
T,2026-07-18 18:34:15.000,26.42369833,-80.15284000,1.60,13.804,-27.804,0.000,,15,20,,
T,2026-07-18 18:34:16.000,26.42369833,-80.15284000,1.60,13.804,-27.804,0.000,,16,20,,
T,2026-07-18 18:34:17.000,26.42369833,-80.15284000,1.60,13.804,-27.804,0.000,,15,20,,
T,2026-07-18 18:34:18.000,26.42369833,-80.15284000,1.60,13.804,-27.804,0.000,,14,20,,
T,2026-07-18 18:34:19.000,26.42369833,-80.15284000,1.60,13.804,-27.804,0.000,,14,20,,
T,2026-07-18 18:34:20.000,26.42369833,-80.15284000,1.60,13.804,-27.804,0.000,,14,20,,
T,2026-07-18 18:34:21.000,26.42369833,-80.15284000,1.50,13.804,-27.804,0.000,,14,20,,
T,2026-07-18 18:34:22.000,26.42369833,-80.15284000,1.50,13.804,-27.804,0.000,,14,20,,
T,2026-07-18 18:34:23.000,26.42369833,-80.15284000,1.50,13.804,-27.804,0.000,,14,20,,
T,2026-07-18 18:34:24.000,26.42369833,-80.15284000,1.50,13.804,-27.804,0.000,,14,20,,
T,2026-07-18 18:34:25.000,26.42369833,-80.15284000,1.60,13.804,-27.804,0.000,,14,20,,
T,2026-07-18 18:34:26.000,26.42369833,-80.15284000,1.60,13.804,-27.804,0.000,,14,20,,
T,2026-07-18 18:34:27.000,26.42369833,-80.15284000,1.60,13.804,-27.804,0.000,,14,20,,
T,2026-07-18 18:34:28.000,26.42369833,-80.15284000,1.60,13.804,-27.804,0.000,,14,20,,
T,2026-07-18 18:34:29.000,26.42369833,-80.15284000,1.60,13.804,-27.804,0.000,,14,20,,
T,2026-07-18 18:34:30.000,26.42369833,-80.15284000,1.60,13.804,-27.804,0.000,,14,20,,
T,2026-07-18 18:34:31.000,26.42369833,-80.15284000,1.60,13.804,-27.804,0.000,,14,20,,
T,2026-07-18 18:34:32.000,26.42369833,-80.15284000,1.60,13.804,-27.804,0.000,,14,20,,
T,2026-07-18 18:34:33.000,26.42369833,-80.15284000,1.60,13.804,-27.804,0.000,,15,20,,
T,2026-07-18 18:34:34.000,26.42369833,-80.15284000,1.60,13.804,-27.804,0.000,,15,20,,
T,2026-07-18 18:34:35.000,26.42369833,-80.15284000,1.60,13.804,-27.804,0.000,,15,20,,
T,2026-07-18 18:34:36.000,26.42369833,-80.15284000,1.60,13.804,-27.804,0.000,,15,20,,
T,2026-07-18 18:34:37.000,26.42369833,-80.15284000,1.60,13.804,-27.804,0.000,,15,20,,
T,2026-07-18 18:34:38.000,26.42369833,-80.15284000,1.60,13.804,-27.804,0.000,,15,20,,
T,2026-07-18 18:34:39.000,26.42369833,-80.15284000,1.60,13.804,-27.804,0.000,,15,20,,
T,2026-07-18 18:34:40.000,26.42369833,-80.15284000,1.60,13.804,-27.804,0.000,,15,20,,
T,2026-07-18 18:34:41.000,26.42369833,-80.15284000,1.60,13.804,-27.804,0.000,,15,20,,
T,2026-07-18 18:34:42.000,26.42369833,-80.15284000,1.60,13.804,-27.804,0.000,,15,20,,
T,2026-07-18 18:34:43.000,26.42369833,-80.15284000,1.60,13.804,-27.804,0.000,,16,20,,
T,2026-07-18 18:34:44.000,26.42369833,-80.15284000,1.60,13.804,-27.804,0.000,,16,20,,
T,2026-07-18 18:34:45.000,26.42369833,-80.15284000,1.60,13.804,-27.804,0.000,,16,20,,
T,2026-07-18 18:34:46.000,26.42369833,-80.15284000,1.60,13.804,-27.804,0.000,,16,20,,
T,2026-07-18 18:34:47.000,26.42369833,-80.15284000,1.60,13.804,-27.804,0.000,,16,20,,
T,2026-07-18 18:34:48.000,26.42369833,-80.15284000,1.60,13.804,-27.804,0.000,,15,20,,
T,2026-07-18 18:34:49.000,26.42369833,-80.15284000,1.60,13.804,-27.804,0.000,,15,20,,
T,2026-07-18 18:34:50.000,26.42369833,-80.15284000,1.60,13.804,-27.804,0.000,,15,20,,
T,2026-07-18 18:34:51.000,26.42369833,-80.15284000,1.60,13.804,-27.804,0.000,,15,20,,
T,2026-07-18 18:34:52.000,26.42369833,-80.15284000,1.60,13.804,-27.804,0.000,,15,20,,
T,2026-07-18 18:34:53.000,26.42369833,-80.15284000,1.60,13.804,-27.804,0.000,,15,20,,
T,2026-07-18 18:34:54.000,26.42369833,-80.15284000,1.60,13.804,-27.804,0.000,,15,20,,
T,2026-07-18 18:34:55.000,26.42369833,-80.15284000,1.60,13.804,-27.804,0.000,,15,20,,
T,2026-07-18 18:34:56.000,26.42369833,-80.15284000,1.60,13.804,-27.804,0.000,,15,20,,
T,2026-07-18 18:34:57.000,26.42369833,-80.15284000,1.60,13.804,-27.804,0.000,,15,20,,
T,2026-07-18 18:34:58.000,26.42369833,-80.15284000,1.60,13.804,-27.804,0.000,,15,20,,
T,2026-07-18 18:34:59.000,26.42369833,-80.15284000,1.60,13.804,-27.804,0.000,,15,20,,
T,2026-07-18 18:35:00.000,26.42369833,-80.15284000,1.60,13.804,-27.804,0.000,,15,20,,
T,2026-07-18 18:35:01.000,26.42369833,-80.15284000,1.60,13.804,-27.804,0.000,,15,20,,
T,2026-07-18 18:35:02.000,26.42369833,-80.15284000,1.60,13.804,-27.804,0.000,,15,20,,
T,2026-07-18 18:35:03.000,26.42369833,-80.15284000,1.60,13.804,-27.804,0.000,,15,20,,
T,2026-07-18 18:35:04.000,26.42369833,-80.15284000,1.60,13.804,-27.804,0.000,,15,20,,
T,2026-07-18 18:35:05.000,26.42369833,-80.15284000,1.60,13.804,-27.804,0.000,,15,20,,
T,2026-07-18 18:35:06.000,26.42369833,-80.15284000,1.60,13.804,-27.804,0.000,,14,20,,
T,2026-07-18 18:35:07.000,26.42369833,-80.15284000,1.60,13.804,-27.804,0.000,,14,20,,
T,2026-07-18 18:35:08.000,26.42369833,-80.15284000,1.60,13.804,-27.804,0.000,,14,20,,
T,2026-07-18 18:35:09.000,26.42369833,-80.15284000,1.60,13.804,-27.804,0.000,,15,20,,
T,2026-07-18 18:35:10.000,26.42369833,-80.15284000,1.60,13.804,-27.804,0.000,,15,20,,
T,2026-07-18 18:35:11.000,26.42369833,-80.15284000,1.60,13.804,-27.804,0.000,,15,20,,
T,2026-07-18 18:35:12.000,26.42369833,-80.15284000,1.60,13.804,-27.804,0.000,,15,20,,
T,2026-07-18 18:35:13.000,26.42369833,-80.15284000,1.60,13.804,-27.804,0.000,,15,20,,
T,2026-07-18 18:35:14.000,26.42369833,-80.15284000,1.60,13.804,-27.804,0.000,,15,20,,
T,2026-07-18 18:35:15.000,26.42369833,-80.15284000,1.60,13.804,-27.804,0.000,,14,20,,
T,2026-07-18 18:35:16.000,26.42369833,-80.15284000,1.60,13.804,-27.804,0.000,,14,20,,
T,2026-07-18 18:35:17.000,26.42369000,-80.15282333,1.70,16.404,-27.804,0.180,267,14,20,,
T,2026-07-18 18:35:18.000,26.42369167,-80.15282500,1.70,16.704,-27.804,0.000,,14,20,,
T,2026-07-18 18:35:19.000,26.42369500,-80.15282500,1.70,16.804,-27.804,0.000,,14,20,,
T,2026-07-18 18:35:20.000,26.42369833,-80.15282500,1.70,16.704,-27.804,0.000,,14,20,,
T,2026-07-18 18:35:21.000,26.42369833,-80.15282500,1.60,16.704,-27.804,0.000,,14,20,,
T,2026-07-18 18:35:22.000,26.42369833,-80.15282500,1.60,16.704,-27.804,0.000,,14,20,,
T,2026-07-18 18:35:23.000,26.42369833,-80.15282500,1.60,16.704,-27.804,0.000,,14,20,,
T,2026-07-18 18:35:24.000,26.42369833,-80.15282500,1.60,16.704,-27.804,0.000,,14,20,,
T,2026-07-18 18:35:25.000,26.42369833,-80.15282500,1.60,16.704,-27.804,0.000,,14,20,,
T,2026-07-18 18:35:26.000,26.42369833,-80.15282500,1.60,16.704,-27.804,0.000,,15,20,,
T,2026-07-18 18:35:27.000,26.42369833,-80.15282500,1.60,16.704,-27.804,0.000,,15,20,,
T,2026-07-18 18:35:28.000,26.42369833,-80.15282500,1.60,16.704,-27.804,0.000,,15,20,,
T,2026-07-18 18:35:29.000,26.42369833,-80.15282500,1.60,16.704,-27.804,0.000,,15,20,,
T,2026-07-18 18:35:30.000,26.42369833,-80.15282500,1.50,16.704,-27.804,0.000,,15,20,,
T,2026-07-18 18:35:31.000,26.42369833,-80.15282500,1.50,16.704,-27.804,0.000,,15,20,,
T,2026-07-18 18:35:32.000,26.42369833,-80.15282500,1.50,16.704,-27.804,0.000,,15,20,,
T,2026-07-18 18:35:33.000,26.42369833,-80.15282500,1.50,16.704,-27.804,0.000,,15,20,,
T,2026-07-18 18:35:34.000,26.42369833,-80.15282500,1.50,16.704,-27.804,0.000,,15,20,,
T,2026-07-18 18:35:35.000,26.42369833,-80.15282500,1.50,16.704,-27.804,0.000,,14,20,,
T,2026-07-18 18:35:36.000,26.42369833,-80.15282500,1.50,16.704,-27.804,0.000,,14,20,,
T,2026-07-18 18:35:37.000,26.42369833,-80.15282500,1.50,16.704,-27.804,0.000,,15,20,,
T,2026-07-18 18:35:38.000,26.42369833,-80.15282500,1.50,16.704,-27.804,0.000,,15,20,,
T,2026-07-18 18:35:39.000,26.42369833,-80.15282500,1.50,16.704,-27.804,0.000,,15,20,,
T,2026-07-18 18:35:40.000,26.42369833,-80.15282500,1.50,16.704,-27.804,0.000,,15,20,,
T,2026-07-18 18:35:41.000,26.42369833,-80.15282500,1.50,16.704,-27.804,0.000,,15,20,,
T,2026-07-18 18:35:42.000,26.42369833,-80.15282500,1.50,16.704,-27.804,0.000,,15,20,,
T,2026-07-18 18:35:43.000,26.42369833,-80.15282500,1.50,16.704,-27.804,0.000,,15,20,,
T,2026-07-18 18:35:44.000,26.42369833,-80.15282500,1.50,16.704,-27.804,0.000,,14,20,,
T,2026-07-18 18:35:45.000,26.42369833,-80.15282500,1.50,16.704,-27.804,0.000,,15,20,,
T,2026-07-18 18:35:46.000,26.42369833,-80.15282500,1.50,16.704,-27.804,0.000,,15,20,,
T,2026-07-18 18:35:47.000,26.42369833,-80.15282500,1.50,16.704,-27.804,0.000,,15,20,,
T,2026-07-18 18:35:48.000,26.42369833,-80.15282500,1.50,16.704,-27.804,0.000,,15,20,,
T,2026-07-18 18:35:49.000,26.42369833,-80.15282500,1.50,16.704,-27.804,0.000,,15,20,,
T,2026-07-18 18:35:50.000,26.42369833,-80.15282500,1.50,16.704,-27.804,0.000,,15,20,,
T,2026-07-18 18:35:51.000,26.42369833,-80.15282500,1.50,16.704,-27.804,0.000,,15,20,,
T,2026-07-18 18:35:52.000,26.42369833,-80.15282500,1.50,16.704,-27.804,0.000,,15,20,,
T,2026-07-18 18:35:53.000,26.42369833,-80.15282500,1.50,16.704,-27.804,0.000,,15,20,,
T,2026-07-18 18:35:54.000,26.42369833,-80.15282500,1.50,16.704,-27.804,0.000,,15,20,,
T,2026-07-18 18:35:55.000,26.42369833,-80.15282500,1.50,16.704,-27.804,0.000,,15,20,,
T,2026-07-18 18:35:56.000,26.42369833,-80.15282500,1.50,16.704,-27.804,0.000,,15,20,,
T,2026-07-18 18:35:57.000,26.42369833,-80.15282500,1.50,16.704,-27.804,0.000,,15,20,,
T,2026-07-18 18:35:58.000,26.42369833,-80.15282500,1.50,16.704,-27.804,0.000,,15,20,,
T,2026-07-18 18:35:59.000,26.42369833,-80.15282500,1.50,16.704,-27.804,0.000,,15,20,,
T,2026-07-18 18:36:00.000,26.42369833,-80.15282500,1.50,16.704,-27.804,0.000,,15,20,,
T,2026-07-18 18:36:01.000,26.42369833,-80.15282500,1.50,16.704,-27.804,0.000,,15,20,,
T,2026-07-18 18:36:02.000,26.42369833,-80.15282500,1.50,16.704,-27.804,0.000,,15,20,,
T,2026-07-18 18:36:03.000,26.42369833,-80.15282500,1.50,16.704,-27.804,0.000,,15,20,,
T,2026-07-18 18:36:04.000,26.42369833,-80.15282500,1.50,16.704,-27.804,0.000,,15,20,,
T,2026-07-18 18:36:05.000,26.42369833,-80.15282500,1.50,16.704,-27.804,0.000,,15,20,,
T,2026-07-18 18:36:06.000,26.42369833,-80.15282500,1.60,16.704,-27.804,0.000,,15,20,,
T,2026-07-18 18:36:07.000,26.42369833,-80.15282500,1.60,16.704,-27.804,0.000,,15,20,,
T,2026-07-18 18:36:08.000,26.42369833,-80.15282500,1.60,16.704,-27.804,0.000,,15,20,,
T,2026-07-18 18:36:09.000,26.42369833,-80.15282500,1.60,16.704,-27.804,0.000,,14,20,,
T,2026-07-18 18:36:10.000,26.42369833,-80.15282500,1.60,16.704,-27.804,0.000,,14,20,,
T,2026-07-18 18:36:11.000,26.42369833,-80.15282500,1.60,16.704,-27.804,0.000,,13,20,,
T,2026-07-18 18:36:12.000,26.42369833,-80.15282500,1.60,16.704,-27.804,0.000,,13,20,,
T,2026-07-18 18:36:13.000,26.42369833,-80.15282500,1.60,16.704,-27.804,0.000,,15,20,,
T,2026-07-18 18:36:14.000,26.42369833,-80.15282500,1.60,16.704,-27.804,0.000,,14,20,,
T,2026-07-18 18:36:15.000,26.42369833,-80.15282500,1.60,16.704,-27.804,0.000,,14,20,,
T,2026-07-18 18:36:16.000,26.42369833,-80.15282500,1.50,16.704,-27.804,0.000,,15,20,,
T,2026-07-18 18:36:17.000,26.42369833,-80.15282500,1.50,16.704,-27.804,0.000,,14,20,,
T,2026-07-18 18:36:18.000,26.42369833,-80.15282500,1.60,16.704,-27.804,0.000,,14,20,,
T,2026-07-18 18:36:19.000,26.42369833,-80.15282500,1.60,16.704,-27.804,0.000,,14,20,,
T,2026-07-18 18:36:20.000,26.42369833,-80.15282500,1.50,16.704,-27.804,0.000,,14,20,,
T,2026-07-18 18:36:21.000,26.42369833,-80.15282500,1.50,16.704,-27.804,0.000,,14,20,,
T,2026-07-18 18:36:22.000,26.42369833,-80.15282500,1.60,16.704,-27.804,0.000,,14,20,,
T,2026-07-18 18:36:23.000,26.42369833,-80.15282500,1.60,16.704,-27.804,0.000,,14,20,,
T,2026-07-18 18:36:24.000,26.42369833,-80.15282500,1.60,16.704,-27.804,0.000,,14,20,,
T,2026-07-18 18:36:25.000,26.42369833,-80.15282500,1.60,16.704,-27.804,0.000,,15,20,,
T,2026-07-18 18:36:26.000,26.42369833,-80.15282500,1.60,16.704,-27.804,0.000,,14,20,,
T,2026-07-18 18:36:27.000,26.42369833,-80.15282500,1.70,16.704,-27.804,0.000,,14,20,,
T,2026-07-18 18:36:28.000,26.42369833,-80.15282500,1.60,16.704,-27.804,0.000,,14,20,,
T,2026-07-18 18:36:29.000,26.42369833,-80.15282500,1.60,16.704,-27.804,0.000,,14,20,,
T,2026-07-18 18:36:30.000,26.42369833,-80.15282500,1.60,16.704,-27.804,0.000,,15,20,,
T,2026-07-18 18:36:31.000,26.42369833,-80.15282500,1.60,16.704,-27.804,0.000,,15,20,,
T,2026-07-18 18:36:32.000,26.42370000,-80.15283167,1.70,20.504,-27.804,0.288,100,15,20,,
T,2026-07-18 18:36:33.000,26.42370167,-80.15282833,1.80,20.204,-27.804,0.310,88,15,20,,
T,2026-07-18 18:36:34.000,26.42370833,-80.15282833,1.80,19.904,-27.804,0.000,,15,20,,
T,2026-07-18 18:36:35.000,26.42371167,-80.15282833,1.90,19.604,-27.804,0.000,,15,20,,
T,2026-07-18 18:36:36.000,26.42371167,-80.15283000,1.90,19.304,-27.804,0.000,,15,20,,
T,2026-07-18 18:36:37.000,26.42371167,-80.15283000,1.90,19.304,-27.804,0.000,,14,20,,
T,2026-07-18 18:36:38.000,26.42371167,-80.15283000,1.90,19.304,-27.804,0.000,,14,20,,
T,2026-07-18 18:36:39.000,26.42371167,-80.15283000,1.80,19.304,-27.804,0.000,,16,20,,
T,2026-07-18 18:36:40.000,26.42371167,-80.15283000,1.70,19.304,-27.804,0.000,,16,20,,
T,2026-07-18 18:36:41.000,26.42371167,-80.15283000,1.70,19.304,-27.804,0.000,,16,20,,
T,2026-07-18 18:36:42.000,26.42371167,-80.15283000,1.60,19.304,-27.804,0.000,,16,20,,
T,2026-07-18 18:36:43.000,26.42371167,-80.15283000,1.60,19.304,-27.804,0.000,,16,20,,
T,2026-07-18 18:36:44.000,26.42371167,-80.15283000,1.60,19.304,-27.804,0.000,,16,20,,
T,2026-07-18 18:36:45.000,26.42371167,-80.15283000,1.60,19.304,-27.804,0.000,,15,20,,
T,2026-07-18 18:36:46.000,26.42371167,-80.15283000,1.60,19.304,-27.804,0.000,,14,20,,
T,2026-07-18 18:36:47.000,26.42371167,-80.15283000,1.70,19.304,-27.804,0.000,,14,20,,
T,2026-07-18 18:36:48.000,26.42371167,-80.15283000,1.70,19.304,-27.804,0.000,,13,20,,
T,2026-07-18 18:36:49.000,26.42371167,-80.15283000,1.70,19.304,-27.804,0.000,,14,20,,
T,2026-07-18 18:36:50.000,26.42370500,-80.15284333,1.70,18.404,-27.804,0.220,281,14,20,,
T,2026-07-18 18:36:51.000,26.42370333,-80.15284500,1.60,18.404,-27.804,0.000,,14,20,,
T,2026-07-18 18:36:52.000,26.42370333,-80.15284833,1.60,18.604,-27.804,0.000,,13,20,,
T,2026-07-18 18:36:53.000,26.42370167,-80.15284833,1.60,18.704,-27.804,0.000,,14,20,,
T,2026-07-18 18:36:54.000,26.42370167,-80.15284833,1.60,18.704,-27.804,0.000,,14,20,,
T,2026-07-18 18:36:55.000,26.42370167,-80.15284833,1.60,18.704,-27.804,0.000,,15,20,,
T,2026-07-18 18:36:56.000,26.42370167,-80.15284833,1.60,18.704,-27.804,0.000,,15,20,,
T,2026-07-18 18:36:57.000,26.42370167,-80.15284833,1.60,18.704,-27.804,0.000,,15,20,,
T,2026-07-18 18:36:58.000,26.42370167,-80.15284833,1.60,18.704,-27.804,0.000,,15,20,,
T,2026-07-18 18:36:59.000,26.42370167,-80.15284833,1.60,18.704,-27.804,0.000,,15,20,,
T,2026-07-18 18:37:00.000,26.42370167,-80.15284833,1.60,18.704,-27.804,0.000,,15,20,,
T,2026-07-18 18:37:01.000,26.42370167,-80.15284833,1.60,18.704,-27.804,0.000,,15,20,,
T,2026-07-18 18:37:02.000,26.42370167,-80.15284833,1.50,18.704,-27.804,0.000,,15,20,,
T,2026-07-18 18:37:03.000,26.42370167,-80.15284833,1.50,18.704,-27.804,0.000,,15,20,,
T,2026-07-18 18:37:04.000,26.42370167,-80.15284833,1.50,18.704,-27.804,0.000,,15,20,,
T,2026-07-18 18:37:05.000,26.42370167,-80.15284833,1.60,18.704,-27.804,0.000,,15,20,,
T,2026-07-18 18:37:06.000,26.42370167,-80.15284833,1.60,18.704,-27.804,0.000,,15,20,,
T,2026-07-18 18:37:07.000,26.42370167,-80.15284833,1.60,18.704,-27.804,0.000,,15,20,,
T,2026-07-18 18:37:08.000,26.42370167,-80.15284833,1.60,18.704,-27.804,0.000,,15,20,,
T,2026-07-18 18:37:09.000,26.42370167,-80.15284833,1.70,18.704,-27.804,0.000,,15,20,,
T,2026-07-18 18:37:10.000,26.42370167,-80.15284833,1.70,18.704,-27.804,0.000,,15,20,,
T,2026-07-18 18:37:11.000,26.42370167,-80.15284833,1.60,18.704,-27.804,0.000,,15,20,,
T,2026-07-18 18:37:12.000,26.42370167,-80.15284833,1.70,18.704,-27.804,0.000,,15,20,,
T,2026-07-18 18:37:13.000,26.42370167,-80.15284833,1.60,18.704,-27.804,0.000,,15,20,,
T,2026-07-18 18:37:14.000,26.42368833,-80.15284500,1.60,18.704,-27.804,0.290,178,15,20,,
T,2026-07-18 18:37:15.000,26.42368167,-80.15284333,1.70,18.804,-27.804,0.321,185,15,20,,
T,2026-07-18 18:37:16.000,26.42367333,-80.15284333,1.70,18.904,-27.804,0.371,183,15,20,,
T,2026-07-18 18:37:17.000,26.42366167,-80.15283833,1.60,18.804,-27.804,0.455,169,15,20,,
T,2026-07-18 18:37:18.000,26.42365000,-80.15283333,1.70,18.504,-27.804,0.560,160,15,20,,
T,2026-07-18 18:37:19.000,26.42364000,-80.15282667,1.70,18.304,-27.804,0.652,160,15,20,,
T,2026-07-18 18:37:20.000,26.42362667,-80.15282167,1.70,17.904,-27.804,0.758,168,15,20,,
T,2026-07-18 18:37:21.000,26.42361667,-80.15282000,1.70,18.004,-27.804,0.836,151,15,20,,
T,2026-07-18 18:37:22.000,26.42361000,-80.15281500,1.70,18.004,-27.804,0.881,149,15,20,,
T,2026-07-18 18:37:23.000,26.42360167,-80.15281000,1.90,18.304,-27.804,1.005,181,15,20,,
T,2026-07-18 18:37:24.000,26.42358333,-80.15280833,1.90,18.104,-27.804,1.102,173,15,20,,
T,2026-07-18 18:37:25.000,26.42357167,-80.15280667,1.80,18.304,-27.804,1.150,160,15,20,,
T,2026-07-18 18:37:26.000,26.42356167,-80.15280167,1.80,18.204,-27.804,1.188,159,15,20,,
T,2026-07-18 18:37:27.000,26.42354833,-80.15279667,1.80,18.404,-27.804,1.237,167,16,20,,
T,2026-07-18 18:37:28.000,26.42354167,-80.15279000,1.80,18.704,-27.804,1.271,134,16,20,,
T,2026-07-18 18:37:29.000,26.42353333,-80.15278167,1.80,18.704,-27.804,1.250,126,15,20,,
T,2026-07-18 18:37:30.000,26.42353000,-80.15277333,1.80,18.704,-27.804,1.181,135,16,20,,
T,2026-07-18 18:37:31.000,26.42353000,-80.15277333,1.90,18.904,-27.804,1.128,148,16,20,,
T,2026-07-18 18:37:32.000,26.42353167,-80.15277500,1.90,18.704,-27.804,1.081,166,16,20,,
T,2026-07-18 18:37:33.000,26.42353167,-80.15277667,1.80,18.804,-27.804,0.926,280,16,20,,
T,2026-07-18 18:37:34.000,26.42353000,-80.15277500,1.80,18.804,-27.804,0.795,201,15,20,,
T,2026-07-18 18:37:35.000,26.42353000,-80.15277333,1.80,18.904,-27.804,0.686,243,17,20,,
T,2026-07-18 18:37:36.000,26.42353000,-80.15277667,1.80,19.004,-27.804,0.598,291,16,20,,
T,2026-07-18 18:37:37.000,26.42353000,-80.15278500,1.80,19.204,-27.804,0.587,227,17,20,,
T,2026-07-18 18:37:38.000,26.42352000,-80.15279167,1.80,19.104,-27.804,0.585,217,17,20,,
T,2026-07-18 18:37:39.000,26.42350333,-80.15280667,1.80,19.104,-27.804,0.701,211,17,20,,
T,2026-07-18 18:37:40.000,26.42348833,-80.15281500,1.80,18.904,-27.804,0.798,213,17,20,,
T,2026-07-18 18:37:41.000,26.42347500,-80.15282500,1.80,18.604,-27.804,0.916,227,17,20,,
T,2026-07-18 18:37:42.000,26.42346333,-80.15283333,1.80,18.204,-27.804,1.034,228,17,20,,
T,2026-07-18 18:37:43.000,26.42345500,-80.15284167,1.70,18.104,-27.804,1.113,233,17,20,,
T,2026-07-18 18:37:44.000,26.42344833,-80.15284833,1.70,18.204,-27.804,1.230,232,17,20,,
T,2026-07-18 18:37:45.000,26.42344167,-80.15285833,1.60,18.004,-27.804,1.348,229,17,20,,
T,2026-07-18 18:37:46.000,26.42343167,-80.15287167,1.70,18.304,-27.804,1.489,227,17,20,,
T,2026-07-18 18:37:47.000,26.42342167,-80.15289000,1.70,18.404,-27.804,1.541,242,17,20,,
T,2026-07-18 18:37:48.000,26.42340667,-80.15290667,1.80,18.404,-27.804,1.633,240,16,20,,
T,2026-07-18 18:37:49.000,26.42339833,-80.15292167,1.80,18.404,-27.804,1.610,230,16,20,,
T,2026-07-18 18:37:50.000,26.42338667,-80.15293333,1.90,18.304,-27.804,1.585,199,16,20,,
T,2026-07-18 18:37:51.000,26.42337500,-80.15293833,1.90,17.904,-27.804,1.564,193,16,20,,
T,2026-07-18 18:37:52.000,26.42336833,-80.15294667,1.90,17.804,-27.804,1.528,204,16,20,,
T,2026-07-18 18:37:53.000,26.42336167,-80.15295667,1.90,18.004,-27.804,1.546,203,16,20,,
T,2026-07-18 18:37:54.000,26.42335500,-80.15296500,1.80,17.603,-27.803,1.530,219,16,20,,
T,2026-07-18 18:37:55.000,26.42334500,-80.15298667,1.80,17.003,-27.803,1.635,237,16,20,,
T,2026-07-18 18:37:56.000,26.42333000,-80.15300500,1.80,16.203,-27.803,1.719,239,17,20,,
T,2026-07-18 18:37:57.000,26.42332167,-80.15303000,1.80,15.503,-27.803,1.780,244,17,20,,
T,2026-07-18 18:37:58.000,26.42331000,-80.15305833,1.70,15.203,-27.803,1.797,242,17,20,,
T,2026-07-18 18:37:59.000,26.42329500,-80.15308333,1.80,14.803,-27.803,1.899,241,17,20,,
T,2026-07-18 18:38:00.000,26.42327333,-80.15311167,1.90,14.303,-27.803,2.098,236,17,20,,
T,2026-07-18 18:38:01.000,26.42325167,-80.15313833,2.00,13.503,-27.803,2.266,230,17,20,,
T,2026-07-18 18:38:02.000,26.42323667,-80.15316333,2.20,13.303,-27.803,2.478,236,17,20,,
T,2026-07-18 18:38:03.000,26.42322667,-80.15319333,2.10,13.602,-27.802,2.621,230,17,20,,
T,2026-07-18 18:38:04.000,26.42321500,-80.15321500,2.20,13.602,-27.802,2.758,231,17,20,,
T,2026-07-18 18:38:05.000,26.42319500,-80.15322833,2.10,13.702,-27.802,2.753,218,17,20,,
T,2026-07-18 18:38:06.000,26.42317833,-80.15323667,2.10,14.502,-27.802,2.737,205,17,20,,
T,2026-07-18 18:38:07.000,26.42315333,-80.15323500,2.20,14.502,-27.802,2.725,193,17,20,,
T,2026-07-18 18:38:08.000,26.42312167,-80.15323333,2.20,14.302,-27.802,2.759,184,17,20,,
T,2026-07-18 18:38:09.000,26.42308833,-80.15323333,2.20,14.902,-27.802,2.803,182,17,20,,
T,2026-07-18 18:38:10.000,26.42306000,-80.15323167,2.20,15.602,-27.802,2.834,183,17,20,,
T,2026-07-18 18:38:11.000,26.42302500,-80.15323167,2.30,15.402,-27.802,2.935,185,17,20,,
T,2026-07-18 18:38:12.000,26.42298333,-80.15323333,2.30,15.102,-27.802,3.031,180,17,20,,
T,2026-07-18 18:38:13.000,26.42293667,-80.15322833,2.00,14.702,-27.802,3.165,177,17,20,,
T,2026-07-18 18:38:14.000,26.42289833,-80.15322000,1.90,14.802,-27.802,3.263,169,16,20,,
T,2026-07-18 18:38:15.000,26.42287167,-80.15321667,2.10,14.602,-27.802,3.335,164,16,20,,
T,2026-07-18 18:38:16.000,26.42284333,-80.15321000,2.30,14.302,-27.802,3.390,161,16,20,,
T,2026-07-18 18:38:17.000,26.42281500,-80.15321167,2.40,14.202,-27.802,3.430,172,16,20,,
T,2026-07-18 18:38:18.000,26.42278167,-80.15321667,2.10,14.502,-27.802,3.432,178,16,20,,
T,2026-07-18 18:38:19.000,26.42275500,-80.15322167,1.90,14.402,-27.802,3.367,190,16,20,,
T,2026-07-18 18:38:20.000,26.42273667,-80.15323000,1.90,14.602,-27.802,3.216,196,16,20,,
T,2026-07-18 18:38:21.000,26.42271500,-80.15323667,1.90,15.202,-27.802,3.051,211,16,20,,
T,2026-07-18 18:38:22.000,26.42269500,-80.15325500,1.90,15.602,-27.802,2.934,210,16,20,,
T,2026-07-18 18:38:23.000,26.42267000,-80.15326500,1.80,16.402,-27.802,2.867,195,16,20,,
T,2026-07-18 18:38:24.000,26.42263833,-80.15327500,1.80,17.002,-27.802,2.858,197,17,20,,
T,2026-07-18 18:38:25.000,26.42260833,-80.15328333,2.00,16.902,-27.802,2.913,198,17,20,,
T,2026-07-18 18:38:26.000,26.42257167,-80.15329333,2.20,16.702,-27.802,3.023,194,17,20,,
T,2026-07-18 18:38:27.000,26.42253667,-80.15330333,2.40,16.802,-27.802,3.173,192,17,20,,
T,2026-07-18 18:38:28.000,26.42249833,-80.15331167,2.50,16.902,-27.802,3.305,188,17,20,,
T,2026-07-18 18:38:29.000,26.42245833,-80.15331833,2.50,16.602,-27.802,3.461,192,17,20,,
T,2026-07-18 18:38:30.000,26.42242500,-80.15332667,2.60,16.701,-27.801,3.684,192,17,20,,
T,2026-07-18 18:38:31.000,26.42239000,-80.15333500,2.70,16.901,-27.801,3.857,194,17,20,,
T,2026-07-18 18:38:32.000,26.42235167,-80.15334167,2.70,17.301,-27.801,3.958,193,17,20,,
T,2026-07-18 18:38:33.000,26.42231500,-80.15334500,2.70,17.401,-27.801,4.007,189,17,20,,
T,2026-07-18 18:38:34.000,26.42228333,-80.15334833,2.60,17.501,-27.801,3.984,183,17,20,,
T,2026-07-18 18:38:35.000,26.42225500,-80.15334167,2.50,17.801,-27.801,3.931,174,17,20,,
T,2026-07-18 18:38:36.000,26.42224333,-80.15332833,2.20,18.201,-27.801,3.723,187,17,20,,
T,2026-07-18 18:38:37.000,26.42222833,-80.15333000,2.20,18.401,-27.801,3.447,186,16,20,,
T,2026-07-18 18:38:38.000,26.42221333,-80.15333333,2.00,18.401,-27.801,3.163,202,17,20,,
T,2026-07-18 18:38:39.000,26.42220167,-80.15333833,1.90,18.701,-27.801,2.903,194,17,20,,
T,2026-07-18 18:38:40.000,26.42219667,-80.15334167,1.90,18.601,-27.801,2.579,200,17,20,,
T,2026-07-18 18:38:41.000,26.42219333,-80.15334667,1.80,18.701,-27.801,2.242,208,17,20,,
T,2026-07-18 18:38:42.000,26.42219333,-80.15334667,1.80,18.901,-27.801,1.875,221,17,20,,
T,2026-07-18 18:38:43.000,26.42219500,-80.15335167,1.70,19.001,-27.801,1.522,166,17,20,,
T,2026-07-18 18:38:44.000,26.42219333,-80.15335167,1.70,18.901,-27.801,1.280,176,17,20,,
T,2026-07-18 18:38:45.000,26.42218833,-80.15335333,1.70,18.701,-27.801,1.033,203,16,20,,
T,2026-07-18 18:38:46.000,26.42218667,-80.15335833,1.70,18.501,-27.801,0.904,199,17,20,,
T,2026-07-18 18:38:47.000,26.42218333,-80.15336000,1.70,18.501,-27.801,0.795,181,17,20,,
T,2026-07-18 18:38:48.000,26.42217833,-80.15336333,1.70,18.201,-27.801,0.729,215,17,20,,
T,2026-07-18 18:38:49.000,26.42216833,-80.15336667,1.70,18.201,-27.801,0.663,194,17,20,,
T,2026-07-18 18:38:50.000,26.42216000,-80.15337333,1.70,18.201,-27.801,0.671,225,17,20,,
T,2026-07-18 18:38:51.000,26.42214833,-80.15337833,1.70,18.201,-27.801,0.747,231,17,20,,
T,2026-07-18 18:38:52.000,26.42213500,-80.15338667,1.60,18.501,-27.801,0.881,246,17,20,,
T,2026-07-18 18:38:53.000,26.42213000,-80.15339667,1.60,18.901,-27.801,0.988,245,17,20,,
T,2026-07-18 18:38:54.000,26.42212500,-80.15340667,1.70,19.401,-27.801,1.031,240,17,20,,
T,2026-07-18 18:38:55.000,26.42212667,-80.15341333,1.70,19.601,-27.801,1.043,263,17,20,,
T,2026-07-18 18:38:56.000,26.42212833,-80.15341667,1.60,19.701,-27.801,0.995,254,17,20,,
T,2026-07-18 18:38:57.000,26.42212667,-80.15342000,1.60,19.801,-27.801,0.950,281,17,20,,
T,2026-07-18 18:38:58.000,26.42212833,-80.15342167,1.60,19.801,-27.801,0.874,327,17,20,,
T,2026-07-18 18:38:59.000,26.42212833,-80.15342167,1.60,19.901,-27.801,0.776,326,17,20,,
T,2026-07-18 18:39:00.000,26.42213000,-80.15342333,1.50,19.901,-27.801,0.668,311,17,20,,
T,2026-07-18 18:39:01.000,26.42213000,-80.15342333,1.50,19.801,-27.801,0.529,303,17,20,,
T,2026-07-18 18:39:02.000,26.42213167,-80.15342333,1.50,19.701,-27.801,0.000,,16,20,,
T,2026-07-18 18:39:03.000,26.42213167,-80.15342167,1.50,19.701,-27.801,0.000,,16,20,,
T,2026-07-18 18:39:04.000,26.42213333,-80.15342000,1.50,19.701,-27.801,0.000,,17,20,,
T,2026-07-18 18:39:05.000,26.42213333,-80.15342000,1.50,19.701,-27.801,0.000,,17,20,,
T,2026-07-18 18:39:06.000,26.42213333,-80.15342000,1.60,19.701,-27.801,0.000,,17,20,,
T,2026-07-18 18:39:07.000,26.42213500,-80.15340833,1.60,19.301,-27.801,0.200,73,17,20,,
T,2026-07-18 18:39:08.000,26.42213667,-80.15340000,1.70,19.101,-27.801,0.258,63,17,20,,
T,2026-07-18 18:39:09.000,26.42213667,-80.15339167,1.70,18.901,-27.801,0.322,67,17,20,,
T,2026-07-18 18:39:10.000,26.42213833,-80.15338333,1.80,18.901,-27.801,0.400,45,16,20,,
T,2026-07-18 18:39:11.000,26.42214167,-80.15337667,1.80,19.101,-27.801,0.473,55,16,20,,
T,2026-07-18 18:39:12.000,26.42214833,-80.15336833,1.90,19.501,-27.801,0.552,53,16,20,,
T,2026-07-18 18:39:13.000,26.42215167,-80.15336500,1.90,19.801,-27.801,0.597,21,16,20,,
T,2026-07-18 18:39:14.000,26.42215833,-80.15336000,1.90,20.201,-27.801,0.679,22,16,20,,
T,2026-07-18 18:39:15.000,26.42217167,-80.15335667,2.00,20.501,-27.801,0.777,10,16,20,,
T,2026-07-18 18:39:16.000,26.42218333,-80.15335667,2.00,20.601,-27.801,0.859,352,16,20,,
T,2026-07-18 18:39:17.000,26.42219667,-80.15335833,1.90,20.701,-27.801,0.903,354,16,20,,
T,2026-07-18 18:39:18.000,26.42220333,-80.15335833,1.90,20.901,-27.801,0.903,354,15,20,,
T,2026-07-18 18:39:19.000,26.42221000,-80.15335667,2.00,21.401,-27.801,0.879,345,16,20,,
T,2026-07-18 18:39:20.000,26.42221667,-80.15336000,2.00,21.701,-27.801,0.900,340,16,20,,
T,2026-07-18 18:39:21.000,26.42221833,-80.15335833,2.00,21.701,-27.801,0.893,352,16,20,,
T,2026-07-18 18:39:22.000,26.42223167,-80.15336000,2.00,22.001,-27.801,0.894,343,16,20,,
T,2026-07-18 18:39:23.000,26.42224500,-80.15336667,2.00,22.501,-27.801,0.989,340,16,20,,
T,2026-07-18 18:39:24.000,26.42226500,-80.15337500,2.00,23.001,-27.801,1.069,349,16,20,,
T,2026-07-18 18:39:25.000,26.42228833,-80.15337667,2.00,23.501,-27.801,1.165,352,16,20,,
T,2026-07-18 18:39:26.000,26.42231167,-80.15338000,2.00,23.801,-27.801,1.282,349,16,20,,
T,2026-07-18 18:39:27.000,26.42232833,-80.15337667,2.10,24.301,-27.801,1.407,356,16,20,,
T,2026-07-18 18:39:28.000,26.42235167,-80.15337500,2.00,24.801,-27.801,1.583,359,16,20,,
T,2026-07-18 18:39:29.000,26.42237500,-80.15337000,2.00,25.001,-27.801,1.772,2,16,20,,
T,2026-07-18 18:39:30.000,26.42240000,-80.15336000,1.90,25.401,-27.801,1.920,21,16,20,,
T,2026-07-18 18:39:31.000,26.42242833,-80.15334667,1.90,25.401,-27.801,2.109,19,16,20,,
T,2026-07-18 18:39:32.000,26.42245500,-80.15333500,1.90,25.701,-27.801,2.267,18,17,20,,
T,2026-07-18 18:39:33.000,26.42247667,-80.15332667,1.90,25.902,-27.802,2.377,9,17,20,,
T,2026-07-18 18:39:34.000,26.42250333,-80.15331833,1.90,26.002,-27.802,2.463,4,17,20,,
T,2026-07-18 18:39:35.000,26.42252667,-80.15331167,1.90,26.102,-27.802,2.470,5,17,20,,
T,2026-07-18 18:39:36.000,26.42254833,-80.15330833,1.80,26.302,-27.802,2.472,3,17,20,,
T,2026-07-18 18:39:37.000,26.42257000,-80.15330500,1.80,26.402,-27.802,2.470,11,17,20,,
T,2026-07-18 18:39:38.000,26.42259500,-80.15330167,1.80,26.402,-27.802,2.470,14,17,20,,
T,2026-07-18 18:39:39.000,26.42261833,-80.15329500,1.80,26.302,-27.802,2.449,11,17,20,,
T,2026-07-18 18:39:40.000,26.42263333,-80.15329000,1.80,26.002,-27.802,2.383,11,16,20,,
T,2026-07-18 18:39:41.000,26.42265500,-80.15328000,1.80,25.502,-27.802,2.307,15,16,20,,
T,2026-07-18 18:39:42.000,26.42266333,-80.15327167,1.80,25.002,-27.802,2.137,27,16,20,,
T,2026-07-18 18:39:43.000,26.42267333,-80.15326833,1.70,24.902,-27.802,1.950,20,16,20,,
T,2026-07-18 18:39:44.000,26.42268667,-80.15326333,1.70,24.402,-27.802,1.792,33,17,20,,
T,2026-07-18 18:39:45.000,26.42269667,-80.15325833,1.70,23.902,-27.802,1.691,44,17,20,,
T,2026-07-18 18:39:46.000,26.42270667,-80.15325500,1.70,23.202,-27.802,1.571,40,16,20,,
T,2026-07-18 18:39:47.000,26.42271333,-80.15325167,1.70,22.802,-27.802,1.481,40,17,20,,
T,2026-07-18 18:39:48.000,26.42271833,-80.15325000,1.80,22.702,-27.802,1.297,12,17,20,,
T,2026-07-18 18:39:49.000,26.42272333,-80.15325000,1.70,22.602,-27.802,1.133,18,17,20,,
T,2026-07-18 18:39:50.000,26.42272167,-80.15325167,1.70,22.502,-27.802,0.991,19,17,20,,
T,2026-07-18 18:39:51.000,26.42271667,-80.15325500,1.70,22.402,-27.802,0.825,5,17,20,,
T,2026-07-18 18:39:52.000,26.42271667,-80.15325833,1.60,22.002,-27.802,0.762,357,16,20,,
T,2026-07-18 18:39:53.000,26.42271500,-80.15325667,1.50,21.702,-27.802,0.695,24,16,20,,
T,2026-07-18 18:39:54.000,26.42271500,-80.15325833,1.50,21.402,-27.802,0.597,20,15,20,,
T,2026-07-18 18:39:55.000,26.42271333,-80.15325833,1.50,21.402,-27.802,0.469,25,16,20,,
T,2026-07-18 18:39:56.000,26.42271000,-80.15325667,1.50,21.302,-27.802,0.000,,16,20,,
T,2026-07-18 18:39:57.000,26.42270833,-80.15325667,1.40,21.402,-27.802,0.000,,15,20,,
T,2026-07-18 18:39:58.000,26.42270833,-80.15325833,1.40,21.402,-27.802,0.000,,16,20,,
T,2026-07-18 18:39:59.000,26.42270833,-80.15325833,1.40,21.402,-27.802,0.000,,16,20,,
T,2026-07-18 18:40:00.000,26.42270833,-80.15325833,1.40,21.402,-27.802,0.000,,16,20,,
T,2026-07-18 18:40:01.000,26.42270833,-80.15325833,1.40,21.402,-27.802,0.000,,16,20,,
T,2026-07-18 18:40:02.000,26.42270833,-80.15325833,1.40,21.402,-27.802,0.000,,17,20,,
T,2026-07-18 18:40:03.000,26.42270833,-80.15325833,1.50,21.402,-27.802,0.000,,17,20,,
T,2026-07-18 18:40:04.000,26.42270833,-80.15325833,1.50,21.402,-27.802,0.000,,16,20,,
T,2026-07-18 18:40:05.000,26.42270833,-80.15325833,1.50,21.402,-27.802,0.000,,16,20,,
T,2026-07-18 18:40:06.000,26.42270833,-80.15325833,1.50,21.402,-27.802,0.000,,17,20,,
T,2026-07-18 18:40:07.000,26.42270833,-80.15325833,1.50,21.402,-27.802,0.000,,16,20,,
T,2026-07-18 18:40:08.000,26.42270833,-80.15325833,1.50,21.402,-27.802,0.000,,16,20,,
T,2026-07-18 18:40:09.000,26.42270833,-80.15325833,1.50,21.402,-27.802,0.000,,16,20,,
T,2026-07-18 18:40:10.000,26.42270833,-80.15325833,1.50,21.402,-27.802,0.000,,15,20,,
T,2026-07-18 18:40:11.000,26.42270833,-80.15325833,1.40,21.402,-27.802,0.000,,16,20,,
T,2026-07-18 18:40:12.000,26.42270833,-80.15325833,1.50,21.402,-27.802,0.000,,16,20,,
T,2026-07-18 18:40:13.000,26.42270833,-80.15325833,1.40,21.402,-27.802,0.000,,16,20,,
T,2026-07-18 18:40:14.000,26.42270833,-80.15325833,1.40,21.402,-27.802,0.000,,16,21,,
T,2026-07-18 18:40:15.000,26.42270833,-80.15325833,1.40,21.402,-27.802,0.000,,16,21,,
T,2026-07-18 18:40:16.000,26.42270833,-80.15325833,1.50,21.402,-27.802,0.000,,16,21,,
T,2026-07-18 18:40:17.000,26.42270833,-80.15325833,1.40,21.402,-27.802,0.000,,16,21,,
T,2026-07-18 18:40:18.000,26.42270833,-80.15325833,1.40,21.402,-27.802,0.000,,16,21,,
T,2026-07-18 18:40:19.000,26.42270833,-80.15325833,1.40,21.402,-27.802,0.000,,16,21,,
T,2026-07-18 18:40:20.000,26.42270833,-80.15325833,1.40,21.402,-27.802,0.000,,17,21,,
T,2026-07-18 18:40:21.000,26.42270833,-80.15325833,1.40,21.402,-27.802,0.000,,17,21,,
T,2026-07-18 18:40:22.000,26.42270833,-80.15325833,1.50,21.402,-27.802,0.000,,17,21,,
T,2026-07-18 18:40:23.000,26.42270833,-80.15325833,1.50,21.402,-27.802,0.000,,16,21,,
T,2026-07-18 18:40:24.000,26.42270833,-80.15325833,1.50,21.402,-27.802,0.000,,16,21,,
T,2026-07-18 18:40:25.000,26.42268500,-80.15325500,1.50,20.302,-27.802,0.175,229,16,21,,
T,2026-07-18 18:40:26.000,26.42267833,-80.15326167,1.50,20.102,-27.802,0.272,236,16,21,,
T,2026-07-18 18:40:27.000,26.42267500,-80.15327333,1.60,19.602,-27.802,0.434,270,16,21,,
T,2026-07-18 18:40:28.000,26.42267833,-80.15329333,1.70,18.902,-27.802,0.618,284,16,21,,
T,2026-07-18 18:40:29.000,26.42268500,-80.15331333,1.70,18.502,-27.802,0.865,286,16,21,,
T,2026-07-18 18:40:30.000,26.42269333,-80.15334167,1.70,18.302,-27.802,1.112,281,16,21,,
T,2026-07-18 18:40:31.000,26.42270000,-80.15336833,1.80,18.101,-27.801,1.366,278,16,21,,
T,2026-07-18 18:40:32.000,26.42270500,-80.15339167,1.70,17.501,-27.801,1.623,278,16,21,,
T,2026-07-18 18:40:33.000,26.42271333,-80.15341667,1.80,17.401,-27.801,1.897,277,16,21,,
T,2026-07-18 18:40:34.000,26.42272333,-80.15344333,1.70,17.701,-27.801,2.100,273,16,21,,
T,2026-07-18 18:40:35.000,26.42272833,-80.15347167,1.70,18.001,-27.801,2.312,281,16,21,,
T,2026-07-18 18:40:36.000,26.42273667,-80.15349667,1.80,17.901,-27.801,2.397,272,16,21,,
T,2026-07-18 18:40:37.000,26.42273833,-80.15351667,1.70,18.201,-27.801,2.390,269,16,21,,
T,2026-07-18 18:40:38.000,26.42273833,-80.15353667,1.70,18.401,-27.801,2.407,265,16,21,,
T,2026-07-18 18:40:39.000,26.42274000,-80.15356000,1.70,18.901,-27.801,2.356,275,16,21,,
T,2026-07-18 18:40:40.000,26.42273500,-80.15358500,1.70,18.801,-27.801,2.324,263,16,21,,
T,2026-07-18 18:40:41.000,26.42273167,-80.15361167,1.70,18.300,-27.800,2.338,264,15,21,,
T,2026-07-18 18:40:42.000,26.42272833,-80.15364167,1.80,17.900,-27.800,2.375,263,15,21,,
T,2026-07-18 18:40:43.000,26.42272333,-80.15367667,1.80,17.600,-27.800,2.424,262,16,21,,
T,2026-07-18 18:40:44.000,26.42271667,-80.15370833,1.80,17.100,-27.800,2.512,256,16,21,,
T,2026-07-18 18:40:45.000,26.42271333,-80.15374333,2.00,16.700,-27.800,2.598,268,16,21,,
T,2026-07-18 18:40:46.000,26.42271167,-80.15378000,2.10,15.900,-27.800,2.815,270,15,21,,
T,2026-07-18 18:40:47.000,26.42271167,-80.15382500,2.20,15.600,-27.800,3.108,269,15,21,,
T,2026-07-18 18:40:48.000,26.42271000,-80.15387333,2.30,14.999,-27.799,3.382,270,15,21,,
T,2026-07-18 18:40:49.000,26.42271167,-80.15392167,2.30,14.599,-27.799,3.676,271,16,21,,
T,2026-07-18 18:40:50.000,26.42271500,-80.15397333,2.40,14.599,-27.799,3.928,273,16,21,,
T,2026-07-18 18:40:51.000,26.42271167,-80.15402333,2.40,14.499,-27.799,4.142,272,15,21,,
T,2026-07-18 18:40:52.000,26.42271167,-80.15407667,2.50,14.299,-27.799,4.361,271,15,21,,
T,2026-07-18 18:40:53.000,26.42271500,-80.15413000,2.50,14.298,-27.798,4.553,272,16,21,,
T,2026-07-18 18:40:54.000,26.42271500,-80.15417667,2.50,13.398,-27.798,4.746,274,16,21,,
T,2026-07-18 18:40:55.000,26.42272333,-80.15423333,2.50,13.098,-27.798,4.939,276,16,21,,
T,2026-07-18 18:40:56.000,26.42272833,-80.15428000,2.50,12.298,-27.798,5.063,276,16,21,,
T,2026-07-18 18:40:57.000,26.42273167,-80.15433667,2.40,12.197,-27.797,5.165,276,16,21,,
T,2026-07-18 18:40:58.000,26.42273833,-80.15439167,2.40,11.997,-27.797,5.246,275,16,21,,
T,2026-07-18 18:40:59.000,26.42274167,-80.15444333,2.50,11.397,-27.797,5.326,278,16,21,,
T,2026-07-18 18:41:00.000,26.42275167,-80.15450167,2.30,11.397,-27.797,5.415,277,16,21,,
T,2026-07-18 18:41:01.000,26.42276333,-80.15456667,2.10,12.297,-27.797,5.522,276,16,21,,
T,2026-07-18 18:41:02.000,26.42277167,-80.15462833,2.30,12.596,-27.796,5.631,278,16,21,,
T,2026-07-18 18:41:03.000,26.42278000,-80.15469333,2.40,12.796,-27.796,5.771,278,16,21,,
T,2026-07-18 18:41:04.000,26.42279000,-80.15476167,2.50,12.996,-27.796,5.924,279,16,21,,
T,2026-07-18 18:41:05.000,26.42280167,-80.15483500,2.60,13.395,-27.795,6.084,279,16,21,,
T,2026-07-18 18:41:06.000,26.42281333,-80.15492333,2.20,14.995,-27.795,7.351,277,16,21,,
T,2026-07-18 18:41:07.000,26.42282333,-80.15499500,1.90,14.995,-27.795,7.440,277,16,21,,
T,2026-07-18 18:41:08.000,26.42283000,-80.15507000,1.90,15.695,-27.795,7.454,279,16,21,,
T,2026-07-18 18:41:09.000,26.42284000,-80.15514333,1.90,16.394,-27.794,7.589,279,16,21,,
T,2026-07-18 18:41:10.000,26.42285000,-80.15521667,1.90,16.994,-27.794,7.559,279,16,21,,
T,2026-07-18 18:41:11.000,26.42285667,-80.15529167,1.80,16.394,-27.794,7.702,278,16,21,,
T,2026-07-18 18:41:12.000,26.42286667,-80.15536833,1.90,16.493,-27.793,7.790,277,16,21,,
T,2026-07-18 18:41:13.000,26.42288167,-80.15544333,1.90,16.493,-27.793,7.657,278,16,21,,
T,2026-07-18 18:41:14.000,26.42289500,-80.15552167,1.90,16.493,-27.793,7.631,278,16,21,,
T,2026-07-18 18:41:15.000,26.42290667,-80.15560000,1.90,16.392,-27.792,7.639,279,16,21,,
T,2026-07-18 18:41:16.000,26.42292167,-80.15567833,1.90,17.092,-27.792,7.512,279,16,21,,
T,2026-07-18 18:41:17.000,26.42293667,-80.15575667,1.90,17.292,-27.792,7.617,279,16,21,,
T,2026-07-18 18:41:18.000,26.42294333,-80.15583167,1.90,17.591,-27.791,7.646,277,16,21,,
T,2026-07-18 18:41:19.000,26.42295333,-80.15590833,1.90,17.891,-27.791,7.482,276,16,21,,
T,2026-07-18 18:41:20.000,26.42295500,-80.15599000,1.90,18.591,-27.791,7.490,276,16,21,,
T,2026-07-18 18:41:21.000,26.42295667,-80.15606833,1.90,18.890,-27.790,7.733,272,16,21,,
T,2026-07-18 18:41:22.000,26.42295167,-80.15614500,1.80,19.190,-27.790,7.733,270,15,21,,
T,2026-07-18 18:41:23.000,26.42295333,-80.15621833,1.80,19.690,-27.790,7.700,270,16,21,,
T,2026-07-18 18:41:24.000,26.42295500,-80.15630000,1.80,19.890,-27.790,7.722,272,16,21,,
T,2026-07-18 18:41:25.000,26.42296333,-80.15637667,1.80,20.089,-27.789,7.687,270,16,21,,
T,2026-07-18 18:41:26.000,26.42296000,-80.15645500,1.80,19.689,-27.789,7.499,268,16,21,,
T,2026-07-18 18:41:27.000,26.42296000,-80.15653500,1.90,20.389,-27.789,7.600,268,16,21,,
T,2026-07-18 18:41:28.000,26.42295667,-80.15660833,1.90,20.488,-27.788,7.749,268,16,21,,
T,2026-07-18 18:41:29.000,26.42295167,-80.15668333,1.90,20.188,-27.788,7.753,266,15,21,,
T,2026-07-18 18:41:30.000,26.42294500,-80.15676000,1.90,20.388,-27.788,7.770,265,15,21,,
T,2026-07-18 18:41:31.000,26.42293667,-80.15683333,1.90,20.087,-27.787,7.588,263,15,21,,
T,2026-07-18 18:41:32.000,26.42292500,-80.15690167,1.90,19.187,-27.787,7.702,262,16,21,,
T,2026-07-18 18:41:33.000,26.42291667,-80.15698333,1.90,19.287,-27.787,7.555,261,16,21,,
T,2026-07-18 18:41:34.000,26.42290500,-80.15705667,1.90,19.586,-27.786,7.575,260,16,21,,
T,2026-07-18 18:41:35.000,26.42289333,-80.15713667,1.90,19.686,-27.786,7.607,260,16,21,,
T,2026-07-18 18:41:36.000,26.42287667,-80.15721167,1.90,19.386,-27.786,7.611,260,16,21,,
T,2026-07-18 18:41:37.000,26.42286000,-80.15728667,1.90,19.285,-27.785,7.631,258,16,21,,
T,2026-07-18 18:41:38.000,26.42284500,-80.15736333,1.80,19.085,-27.785,7.670,259,16,21,,
T,2026-07-18 18:41:39.000,26.42283000,-80.15744000,1.90,19.285,-27.785,7.536,255,16,21,,
T,2026-07-18 18:41:40.000,26.42281833,-80.15751500,2.00,19.384,-27.784,7.821,258,16,21,,
T,2026-07-18 18:41:41.000,26.42280000,-80.15758667,1.80,19.384,-27.784,7.830,259,16,21,,
T,2026-07-18 18:41:42.000,26.42278667,-80.15766667,2.00,20.384,-27.784,8.161,259,16,21,,
T,2026-07-18 18:41:43.000,26.42277500,-80.15774500,2.00,21.183,-27.783,7.621,259,16,21,,
T,2026-07-18 18:41:44.000,26.42276333,-80.15782167,2.00,20.883,-27.783,7.703,255,16,21,,
T,2026-07-18 18:41:45.000,26.42275333,-80.15789333,1.90,20.783,-27.783,7.488,257,16,21,,
T,2026-07-18 18:41:46.000,26.42274500,-80.15796667,1.90,20.983,-27.783,7.809,261,16,21,,
T,2026-07-18 18:41:47.000,26.42273833,-80.15804167,1.90,20.782,-27.782,7.560,262,16,21,,
T,2026-07-18 18:41:48.000,26.42272833,-80.15811667,1.90,19.782,-27.782,7.536,264,15,21,,
T,2026-07-18 18:41:49.000,26.42273000,-80.15819333,1.80,19.482,-27.782,7.365,268,14,21,,
T,2026-07-18 18:41:50.000,26.42273167,-80.15827333,1.80,19.281,-27.781,7.387,269,14,21,,
T,2026-07-18 18:41:51.000,26.42273167,-80.15835000,1.80,18.881,-27.781,7.599,270,14,21,,
T,2026-07-18 18:41:52.000,26.42272833,-80.15842667,1.90,17.981,-27.781,7.680,270,14,21,,
T,2026-07-18 18:41:53.000,26.42273000,-80.15849667,1.80,17.880,-27.780,7.794,270,15,21,,
T,2026-07-18 18:41:54.000,26.42273167,-80.15857500,1.80,18.280,-27.780,7.811,271,16,21,,
T,2026-07-18 18:41:55.000,26.42273000,-80.15865500,1.90,18.680,-27.780,7.721,272,16,21,,
T,2026-07-18 18:41:56.000,26.42272833,-80.15873167,1.90,19.179,-27.779,7.736,274,15,21,,
T,2026-07-18 18:41:57.000,26.42273000,-80.15880833,1.90,18.979,-27.779,7.706,274,16,21,,
T,2026-07-18 18:41:58.000,26.42273333,-80.15888333,1.80,18.679,-27.779,7.693,273,15,21,,
T,2026-07-18 18:41:59.000,26.42273833,-80.15895333,1.80,18.378,-27.778,7.573,272,15,21,,
T,2026-07-18 18:42:00.000,26.42274167,-80.15903000,1.80,18.678,-27.778,7.656,270,15,21,,
T,2026-07-18 18:42:01.000,26.42274167,-80.15910833,1.90,18.978,-27.778,7.673,270,15,21,,
T,2026-07-18 18:42:02.000,26.42273333,-80.15917833,1.90,18.778,-27.778,7.506,262,14,21,,
T,2026-07-18 18:42:03.000,26.42271667,-80.15925000,2.00,19.177,-27.777,7.699,257,16,21,,
T,2026-07-18 18:42:04.000,26.42269833,-80.15932500,2.00,19.877,-27.777,7.848,253,16,21,,
T,2026-07-18 18:42:05.000,26.42267833,-80.15939667,2.00,19.377,-27.777,7.811,251,16,21,,
T,2026-07-18 18:42:06.000,26.42264333,-80.15946333,2.00,19.576,-27.776,7.723,242,16,21,,
T,2026-07-18 18:42:07.000,26.42260833,-80.15953167,2.00,19.776,-27.776,7.588,235,16,21,,
T,2026-07-18 18:42:08.000,26.42256333,-80.15959000,2.00,20.076,-27.776,7.624,232,16,21,,
T,2026-07-18 18:42:09.000,26.42251500,-80.15965167,2.00,19.275,-27.775,7.628,227,16,21,,
T,2026-07-18 18:42:10.000,26.42246833,-80.15970333,2.00,19.375,-27.775,7.717,224,16,21,,
T,2026-07-18 18:42:11.000,26.42242333,-80.15975500,2.10,19.875,-27.775,7.585,219,16,21,,
T,2026-07-18 18:42:12.000,26.42237333,-80.15979667,2.00,20.275,-27.775,7.419,214,16,21,,
T,2026-07-18 18:42:13.000,26.42231500,-80.15983167,2.00,19.975,-27.775,7.565,208,16,21,,
T,2026-07-18 18:42:14.000,26.42225333,-80.15986167,2.00,19.374,-27.774,7.535,203,16,21,,
T,2026-07-18 18:42:15.000,26.42218667,-80.15988833,2.00,19.574,-27.774,7.451,196,16,21,,
T,2026-07-18 18:42:16.000,26.42212167,-80.15990167,1.90,19.474,-27.774,7.466,191,16,21,,
T,2026-07-18 18:42:17.000,26.42204833,-80.15990667,2.00,19.174,-27.774,7.466,183,16,21,,
T,2026-07-18 18:42:18.000,26.42197667,-80.15990333,2.00,18.774,-27.774,7.345,177,16,21,,
T,2026-07-18 18:42:19.000,26.42190500,-80.15989333,2.00,19.074,-27.774,7.520,172,16,21,,
T,2026-07-18 18:42:20.000,26.42183333,-80.15986833,1.90,19.274,-27.774,7.769,166,16,21,,
T,2026-07-18 18:42:21.000,26.42176667,-80.15984500,1.90,19.174,-27.774,7.609,164,15,21,,
T,2026-07-18 18:42:22.000,26.42170000,-80.15982167,2.00,19.374,-27.774,7.741,162,16,21,,
T,2026-07-18 18:42:23.000,26.42164000,-80.15979500,2.00,18.874,-27.774,7.833,161,16,21,,
T,2026-07-18 18:42:24.000,26.42158000,-80.15976333,2.00,18.675,-27.775,7.654,156,16,21,,
T,2026-07-18 18:42:25.000,26.42152000,-80.15973333,2.00,17.875,-27.775,7.643,153,16,21,,
T,2026-07-18 18:42:26.000,26.42145833,-80.15968833,2.00,17.275,-27.775,7.668,151,16,21,,
T,2026-07-18 18:42:27.000,26.42139500,-80.15965000,1.90,16.875,-27.775,7.669,148,16,21,,
T,2026-07-18 18:42:28.000,26.42133833,-80.15960667,1.90,17.175,-27.775,7.518,144,16,21,,
T,2026-07-18 18:42:29.000,26.42129167,-80.15956500,1.90,17.575,-27.775,7.552,143,16,21,,
T,2026-07-18 18:42:30.000,26.42123833,-80.15952333,1.90,17.475,-27.775,7.662,142,16,21,,
T,2026-07-18 18:42:31.000,26.42118667,-80.15947333,1.90,17.275,-27.775,7.868,140,16,21,,
T,2026-07-18 18:42:32.000,26.42113500,-80.15943000,1.90,17.376,-27.776,7.762,141,16,21,,
T,2026-07-18 18:42:33.000,26.42108333,-80.15938000,1.90,17.676,-27.776,7.641,139,16,21,,
T,2026-07-18 18:42:34.000,26.42103500,-80.15932333,1.90,18.676,-27.776,7.660,139,16,21,,
T,2026-07-18 18:42:35.000,26.42098333,-80.15926833,1.90,19.076,-27.776,7.652,138,16,21,,
T,2026-07-18 18:42:36.000,26.42092667,-80.15921333,1.90,19.076,-27.776,7.637,138,16,21,,
T,2026-07-18 18:42:37.000,26.42087667,-80.15916333,1.90,18.777,-27.777,7.624,138,16,21,,
T,2026-07-18 18:42:38.000,26.42082500,-80.15911000,2.00,19.077,-27.777,7.430,140,16,21,,
T,2026-07-18 18:42:39.000,26.42077000,-80.15906333,2.00,19.277,-27.777,7.641,142,16,21,,
T,2026-07-18 18:42:40.000,26.42071500,-80.15901500,2.00,19.477,-27.777,7.679,142,16,21,,
T,2026-07-18 18:42:41.000,26.42066500,-80.15896667,2.00,19.877,-27.777,7.772,143,16,21,,
T,2026-07-18 18:42:42.000,26.42060833,-80.15891500,1.90,20.177,-27.777,7.457,141,16,21,,
T,2026-07-18 18:42:43.000,26.42055667,-80.15887667,1.90,20.778,-27.778,6.983,139,16,21,,
T,2026-07-18 18:42:44.000,26.42051000,-80.15883833,2.00,21.078,-27.778,7.137,143,16,21,,
T,2026-07-18 18:42:45.000,26.42046667,-80.15880167,2.00,21.578,-27.778,6.529,145,16,21,,
T,2026-07-18 18:42:46.000,26.42042167,-80.15877667,1.90,21.278,-27.778,6.214,145,16,21,,
T,2026-07-18 18:42:47.000,26.42037833,-80.15875000,1.90,21.178,-27.778,5.745,151,16,21,,
T,2026-07-18 18:42:48.000,26.42033667,-80.15872667,1.90,20.278,-27.778,5.327,147,16,21,,
T,2026-07-18 18:42:49.000,26.42029000,-80.15869500,2.00,19.978,-27.778,5.130,147,16,21,,
T,2026-07-18 18:42:50.000,26.42025667,-80.15867000,1.90,19.078,-27.778,4.266,153,16,21,,
T,2026-07-18 18:42:51.000,26.42023667,-80.15866167,1.80,19.178,-27.778,2.498,155,16,21,,
T,2026-07-18 18:42:52.000,26.42022500,-80.15865500,1.70,18.878,-27.778,1.936,158,16,21,,
T,2026-07-18 18:42:53.000,26.42021500,-80.15864500,1.70,18.278,-27.778,0.000,,16,21,,
T,2026-07-18 18:42:54.000,26.42021167,-80.15864500,1.80,17.978,-27.778,0.000,,16,21,,
T,2026-07-18 18:42:55.000,26.42021000,-80.15864333,1.90,17.778,-27.778,0.000,,16,21,,
T,2026-07-18 18:42:56.000,26.42021000,-80.15864333,1.90,17.778,-27.778,0.000,,16,21,,
T,2026-07-18 18:42:57.000,26.42021000,-80.15864333,1.90,17.778,-27.778,0.000,,16,21,,
T,2026-07-18 18:42:58.000,26.42021000,-80.15864333,1.80,17.778,-27.778,0.000,,16,21,,
T,2026-07-18 18:42:59.000,26.42021000,-80.15864333,1.10,17.778,-27.778,0.000,,16,21,,
T,2026-07-18 18:43:00.000,26.42021000,-80.15864333,1.00,17.778,-27.778,0.000,,16,21,,
T,2026-07-18 18:43:01.000,26.42021000,-80.15864333,1.00,17.778,-27.778,0.000,,16,21,,
T,2026-07-18 18:43:02.000,26.42021000,-80.15864333,1.00,17.778,-27.778,0.000,,16,21,,
T,2026-07-18 18:43:03.000,26.42021000,-80.15864333,1.10,17.778,-27.778,0.000,,16,21,,
T,2026-07-18 18:43:04.000,26.42021000,-80.15864333,1.20,17.778,-27.778,0.000,,16,21,,
T,2026-07-18 18:43:05.000,26.42021000,-80.15864333,1.40,17.778,-27.778,0.000,,16,21,,
T,2026-07-18 18:43:06.000,26.42021000,-80.15864333,1.40,17.778,-27.778,0.000,,16,21,,
T,2026-07-18 18:43:07.000,26.42021000,-80.15864333,1.50,17.778,-27.778,0.000,,16,21,,
T,2026-07-18 18:43:08.000,26.42021000,-80.15864333,1.50,17.778,-27.778,0.000,,16,21,,
T,2026-07-18 18:43:09.000,26.42021000,-80.15864333,1.50,17.778,-27.778,0.000,,16,21,,
T,2026-07-18 18:43:10.000,26.42021000,-80.15864333,1.60,17.778,-27.778,0.000,,16,21,,
T,2026-07-18 18:43:11.000,26.42021000,-80.15864333,1.60,17.778,-27.778,0.000,,16,21,,
T,2026-07-18 18:43:12.000,26.42021000,-80.15864333,1.60,17.778,-27.778,0.000,,16,21,,
T,2026-07-18 18:43:13.000,26.42021000,-80.15864333,1.60,17.778,-27.778,0.000,,16,21,,
T,2026-07-18 18:43:14.000,26.42021000,-80.15864333,1.60,17.778,-27.778,0.000,,16,21,,
T,2026-07-18 18:43:15.000,26.42021000,-80.15864333,1.10,17.778,-27.778,0.000,,16,21,,
T,2026-07-18 18:43:16.000,26.42021000,-80.15864333,1.00,17.778,-27.778,0.000,,16,21,,
T,2026-07-18 18:43:17.000,26.42021000,-80.15864333,1.00,17.778,-27.778,0.000,,16,21,,
T,2026-07-18 18:43:18.000,26.42021000,-80.15864333,1.00,17.778,-27.778,0.000,,16,21,,
T,2026-07-18 18:43:19.000,26.42021000,-80.15864333,1.00,17.778,-27.778,0.000,,16,21,,
T,2026-07-18 18:43:20.000,26.42021000,-80.15864333,1.00,17.778,-27.778,0.000,,16,21,,
T,2026-07-18 18:43:21.000,26.42021000,-80.15864333,1.10,17.778,-27.778,0.000,,16,21,,
T,2026-07-18 18:43:22.000,26.42018667,-80.15861500,1.20,19.078,-27.778,2.502,178,16,21,,
T,2026-07-18 18:43:23.000,26.42015833,-80.15861833,1.60,18.778,-27.778,3.052,196,16,22,,
T,2026-07-18 18:43:24.000,26.42012500,-80.15863167,1.80,18.678,-27.778,3.714,212,16,22,,
T,2026-07-18 18:43:25.000,26.42008833,-80.15865333,2.00,18.478,-27.778,3.910,215,16,22,,
T,2026-07-18 18:43:26.000,26.42005333,-80.15867833,2.00,18.578,-27.778,4.103,220,16,22,,
T,2026-07-18 18:43:27.000,26.42002500,-80.15871833,1.90,17.978,-27.778,4.787,228,16,22,,
T,2026-07-18 18:43:28.000,26.41998667,-80.15876833,1.90,17.678,-27.778,5.172,227,16,22,,
T,2026-07-18 18:43:29.000,26.41994500,-80.15881500,1.90,17.278,-27.778,5.493,225,16,22,,
T,2026-07-18 18:43:30.000,26.41990500,-80.15885500,1.90,17.377,-27.777,5.490,227,16,22,,
T,2026-07-18 18:43:31.000,26.41986333,-80.15889167,1.90,17.777,-27.777,5.584,226,16,22,,
T,2026-07-18 18:43:32.000,26.41982000,-80.15893000,1.90,18.377,-27.777,5.321,226,16,22,,
T,2026-07-18 18:43:33.000,26.41978833,-80.15896833,1.90,19.477,-27.777,5.137,226,16,22,,
T,2026-07-18 18:43:34.000,26.41975500,-80.15901000,1.80,19.777,-27.777,4.988,227,16,22,,
T,2026-07-18 18:43:35.000,26.41973167,-80.15905333,1.90,19.476,-27.776,4.794,226,16,22,,
T,2026-07-18 18:43:36.000,26.41970167,-80.15909000,1.80,18.676,-27.776,4.243,234,16,22,,
T,2026-07-18 18:43:37.000,26.41968167,-80.15912167,1.80,17.776,-27.776,3.683,232,16,22,,
T,2026-07-18 18:43:38.000,26.41965667,-80.15914500,1.80,16.776,-27.776,2.972,230,16,22,,
T,2026-07-18 18:43:39.000,26.41963833,-80.15916333,1.70,15.976,-27.776,3.099,228,16,22,,
T,2026-07-18 18:43:40.000,26.41962667,-80.15918167,1.70,16.276,-27.776,1.026,228,16,22,,
T,2026-07-18 18:43:41.000,26.41963167,-80.15919167,1.70,17.276,-27.776,0.000,,16,22,,
T,2026-07-18 18:43:42.000,26.41963333,-80.15919667,1.80,17.476,-27.776,0.000,,16,22,,
T,2026-07-18 18:43:43.000,26.41963333,-80.15919667,1.80,17.476,-27.776,0.000,,16,22,,
T,2026-07-18 18:43:44.000,26.41963333,-80.15919667,1.80,17.476,-27.776,0.000,,16,22,,
T,2026-07-18 18:43:45.000,26.41963333,-80.15919667,1.80,17.476,-27.776,0.000,,16,22,,
T,2026-07-18 18:43:46.000,26.41963333,-80.15919667,1.80,17.476,-27.776,0.000,,16,22,,
T,2026-07-18 18:43:47.000,26.41963333,-80.15919667,1.80,17.476,-27.776,0.000,,16,22,,
T,2026-07-18 18:43:48.000,26.41963333,-80.15919667,1.80,17.476,-27.776,0.000,,16,22,,
T,2026-07-18 18:43:49.000,26.41963333,-80.15919667,1.80,17.476,-27.776,0.000,,16,22,,
T,2026-07-18 18:43:50.000,26.41963333,-80.15919667,1.80,17.476,-27.776,0.000,,16,22,,
T,2026-07-18 18:43:51.000,26.41963333,-80.15919667,1.80,17.476,-27.776,0.000,,16,22,,
T,2026-07-18 18:43:52.000,26.41963333,-80.15919667,1.80,17.476,-27.776,0.000,,16,22,,
T,2026-07-18 18:43:53.000,26.41963333,-80.15919667,1.80,17.476,-27.776,0.000,,16,22,,
T,2026-07-18 18:43:54.000,26.41963333,-80.15919667,1.80,17.476,-27.776,0.000,,16,22,,
T,2026-07-18 18:43:55.000,26.41963333,-80.15919667,1.80,17.476,-27.776,0.000,,16,22,,
T,2026-07-18 18:43:56.000,26.41963333,-80.15919667,1.10,17.476,-27.776,0.000,,16,22,,
T,2026-07-18 18:43:57.000,26.41963333,-80.15919667,1.00,17.476,-27.776,0.000,,16,22,,
T,2026-07-18 18:43:58.000,26.41963333,-80.15919667,1.00,17.476,-27.776,0.000,,16,22,,
T,2026-07-18 18:43:59.000,26.41963333,-80.15919667,1.00,17.476,-27.776,0.000,,16,22,,
T,2026-07-18 18:44:00.000,26.41963333,-80.15919667,1.00,17.476,-27.776,0.000,,16,22,,
T,2026-07-18 18:44:01.000,26.41963333,-80.15919667,1.00,17.476,-27.776,0.000,,16,22,,
T,2026-07-18 18:44:02.000,26.41963000,-80.15920167,1.10,17.176,-27.776,2.353,269,16,22,,
T,2026-07-18 18:44:03.000,26.41963167,-80.15923167,1.50,16.776,-27.776,2.761,276,16,22,,
T,2026-07-18 18:44:04.000,26.41964000,-80.15926667,1.70,16.375,-27.775,3.629,296,16,22,,
T,2026-07-18 18:44:05.000,26.41966000,-80.15930167,1.80,15.875,-27.775,4.013,311,16,22,,
T,2026-07-18 18:44:06.000,26.41968667,-80.15933500,1.80,15.475,-27.775,4.533,314,16,22,,
T,2026-07-18 18:44:07.000,26.41972667,-80.15937833,1.80,15.575,-27.775,5.078,312,16,22,,
T,2026-07-18 18:44:08.000,26.41975833,-80.15942000,1.90,15.275,-27.775,5.245,311,16,22,,
T,2026-07-18 18:44:09.000,26.41979167,-80.15946667,1.80,15.175,-27.775,5.657,313,16,22,,
T,2026-07-18 18:44:10.000,26.41982500,-80.15951000,1.80,14.875,-27.775,5.679,313,16,22,,
T,2026-07-18 18:44:11.000,26.41985667,-80.15955500,1.80,14.874,-27.774,5.880,311,16,22,,
T,2026-07-18 18:44:12.000,26.41988833,-80.15960333,1.80,14.474,-27.774,5.980,312,16,22,,
T,2026-07-18 18:44:13.000,26.41993000,-80.15965167,1.90,14.574,-27.774,6.204,310,16,22,,
T,2026-07-18 18:44:14.000,26.41996333,-80.15970167,1.90,14.374,-27.774,6.466,310,16,22,,
T,2026-07-18 18:44:15.000,26.42000500,-80.15975167,1.90,14.274,-27.774,6.488,308,16,22,,
T,2026-07-18 18:44:16.000,26.42004667,-80.15980333,1.90,14.673,-27.773,6.635,306,16,22,,
T,2026-07-18 18:44:17.000,26.42008000,-80.15985167,1.80,13.973,-27.773,6.643,306,16,22,,
T,2026-07-18 18:44:18.000,26.42011167,-80.15989833,1.90,13.573,-27.773,6.797,306,16,22,,
T,2026-07-18 18:44:19.000,26.42014500,-80.15995667,1.90,12.873,-27.773,7.039,303,16,22,,
T,2026-07-18 18:44:20.000,26.42018000,-80.16001500,1.90,12.873,-27.773,7.026,304,16,22,,
T,2026-07-18 18:44:21.000,26.42022000,-80.16007667,1.90,13.372,-27.772,7.151,302,16,22,,
T,2026-07-18 18:44:22.000,26.42025667,-80.16013833,2.00,13.372,-27.772,7.035,302,16,22,,
T,2026-07-18 18:44:23.000,26.42028833,-80.16019833,1.90,12.872,-27.772,7.227,302,16,22,,
T,2026-07-18 18:44:24.000,26.42031667,-80.16026333,1.90,12.772,-27.772,7.221,303,16,22,,
T,2026-07-18 18:44:25.000,26.42034667,-80.16033333,1.80,12.971,-27.771,7.347,299,16,22,,
T,2026-07-18 18:44:26.000,26.42037667,-80.16040333,1.90,13.571,-27.771,7.458,298,16,22,,
T,2026-07-18 18:44:27.000,26.42041167,-80.16047167,1.90,13.671,-27.771,7.457,297,16,22,,
T,2026-07-18 18:44:28.000,26.42044167,-80.16054167,1.90,13.571,-27.771,7.617,294,16,22,,
T,2026-07-18 18:44:29.000,26.42047500,-80.16060833,1.90,13.870,-27.770,7.647,294,16,22,,
T,2026-07-18 18:44:30.000,26.42050333,-80.16068500,2.00,14.170,-27.770,7.978,296,16,22,,
T,2026-07-18 18:44:31.000,26.42053167,-80.16076000,2.00,13.770,-27.770,7.564,293,16,22,,
T,2026-07-18 18:44:32.000,26.42055333,-80.16082500,2.00,13.470,-27.770,7.243,296,16,22,,
T,2026-07-18 18:44:33.000,26.42057500,-80.16089167,2.00,12.869,-27.769,7.231,294,16,22,,
T,2026-07-18 18:44:34.000,26.42059667,-80.16095833,1.90,12.469,-27.769,7.261,290,16,22,,
T,2026-07-18 18:44:35.000,26.42061667,-80.16103000,2.00,12.569,-27.769,7.448,287,16,21,,
T,2026-07-18 18:44:36.000,26.42063667,-80.16109500,2.00,12.069,-27.769,7.317,288,16,21,,
T,2026-07-18 18:44:37.000,26.42065667,-80.16115333,2.00,11.468,-27.768,6.987,286,16,21,,
T,2026-07-18 18:44:38.000,26.42067833,-80.16122167,2.00,11.368,-27.768,7.236,287,16,21,,
T,2026-07-18 18:44:39.000,26.42070000,-80.16129500,1.90,12.068,-27.768,7.245,286,16,21,,
T,2026-07-18 18:44:40.000,26.42071667,-80.16136000,1.90,12.367,-27.767,7.395,283,16,21,,
T,2026-07-18 18:44:41.000,26.42073333,-80.16143000,1.90,12.367,-27.767,7.067,286,16,21,,
T,2026-07-18 18:44:42.000,26.42074500,-80.16149667,1.90,12.367,-27.767,7.100,283,16,21,,
T,2026-07-18 18:44:43.000,26.42076000,-80.16156500,2.00,12.667,-27.767,7.198,285,16,21,,
T,2026-07-18 18:44:44.000,26.42077167,-80.16163500,2.00,12.766,-27.766,7.020,280,16,21,,
T,2026-07-18 18:44:45.000,26.42077833,-80.16170333,2.00,12.466,-27.766,7.218,280,16,21,,
T,2026-07-18 18:44:46.000,26.42079333,-80.16177333,2.00,11.766,-27.766,7.236,279,16,21,,
T,2026-07-18 18:44:47.000,26.42080833,-80.16184333,1.90,11.766,-27.766,7.258,278,16,21,,
T,2026-07-18 18:44:48.000,26.42081833,-80.16191333,2.00,11.265,-27.765,7.268,277,16,21,,
T,2026-07-18 18:44:49.000,26.42082000,-80.16199667,2.00,11.565,-27.765,7.304,276,16,21,,
T,2026-07-18 18:44:50.000,26.42082833,-80.16207667,1.90,12.365,-27.765,7.332,275,16,21,,
T,2026-07-18 18:44:51.000,26.42083000,-80.16215500,1.90,12.864,-27.764,7.327,275,16,21,,
T,2026-07-18 18:44:52.000,26.42083833,-80.16223667,1.90,13.664,-27.764,7.588,276,16,21,,
T,2026-07-18 18:44:53.000,26.42084167,-80.16231500,1.90,13.964,-27.764,7.355,275,16,21,,
T,2026-07-18 18:44:54.000,26.42084333,-80.16239000,1.90,14.063,-27.763,7.393,271,16,21,,
T,2026-07-18 18:44:55.000,26.42085167,-80.16246167,1.90,14.563,-27.763,7.531,271,16,21,,
T,2026-07-18 18:44:56.000,26.42085500,-80.16253500,1.90,15.363,-27.763,7.545,268,16,21,,
T,2026-07-18 18:44:57.000,26.42085667,-80.16261167,2.00,16.062,-27.762,7.525,267,16,21,,
T,2026-07-18 18:44:58.000,26.42085500,-80.16268333,2.00,16.562,-27.762,7.519,267,16,21,,
T,2026-07-18 18:44:59.000,26.42084500,-80.16276000,2.00,16.162,-27.762,7.536,266,16,21,,
T,2026-07-18 18:45:00.000,26.42084000,-80.16283333,2.00,15.861,-27.761,7.794,268,16,21,,
T,2026-07-18 18:45:01.000,26.42083500,-80.16291167,2.00,16.161,-27.761,7.691,266,16,21,,
T,2026-07-18 18:45:02.000,26.42082000,-80.16298500,2.10,15.861,-27.761,7.578,261,16,21,,
T,2026-07-18 18:45:03.000,26.42080500,-80.16305500,2.10,16.261,-27.761,7.662,260,16,21,,
T,2026-07-18 18:45:04.000,26.42079667,-80.16313000,2.10,17.160,-27.760,7.680,261,16,21,,
T,2026-07-18 18:45:05.000,26.42078667,-80.16320667,2.00,17.960,-27.760,7.715,263,16,21,,
T,2026-07-18 18:45:06.000,26.42077833,-80.16328333,2.00,18.160,-27.760,7.525,263,16,21,,
T,2026-07-18 18:45:07.000,26.42076833,-80.16335333,2.00,17.559,-27.759,7.743,260,16,21,,
T,2026-07-18 18:45:08.000,26.42075833,-80.16343333,1.90,17.259,-27.759,7.750,259,16,21,,
T,2026-07-18 18:45:09.000,26.42074000,-80.16350833,2.00,16.959,-27.759,7.656,256,16,21,,
T,2026-07-18 18:45:10.000,26.42072167,-80.16358167,2.10,16.658,-27.758,7.649,252,16,21,,
T,2026-07-18 18:45:11.000,26.42070333,-80.16365000,2.20,16.558,-27.758,7.401,256,16,21,,
T,2026-07-18 18:45:12.000,26.42069000,-80.16371833,2.20,16.358,-27.758,7.418,254,16,21,,
T,2026-07-18 18:45:13.000,26.42066500,-80.16378667,2.10,15.657,-27.757,7.415,256,16,21,,
T,2026-07-18 18:45:14.000,26.42065000,-80.16386000,2.00,15.557,-27.757,7.623,253,16,21,,
T,2026-07-18 18:45:15.000,26.42062833,-80.16393833,2.00,15.457,-27.757,7.618,253,16,21,,
T,2026-07-18 18:45:16.000,26.42060333,-80.16401333,2.00,14.656,-27.756,7.502,251,16,21,,
T,2026-07-18 18:45:17.000,26.42057333,-80.16408500,2.00,13.756,-27.756,7.529,250,16,21,,
T,2026-07-18 18:45:18.000,26.42054333,-80.16415333,2.00,13.456,-27.756,7.532,249,16,21,,
T,2026-07-18 18:45:19.000,26.42052000,-80.16422833,2.00,13.456,-27.756,8.050,250,16,21,,
T,2026-07-18 18:45:20.000,26.42049500,-80.16430000,2.00,12.955,-27.755,7.660,249,16,21,,
T,2026-07-18 18:45:21.000,26.42047333,-80.16437000,2.10,12.955,-27.755,7.486,248,16,21,,
T,2026-07-18 18:45:22.000,26.42045167,-80.16444000,2.10,12.655,-27.755,7.492,250,16,21,,
T,2026-07-18 18:45:23.000,26.42043000,-80.16451500,1.90,12.054,-27.754,7.250,251,16,21,,
T,2026-07-18 18:45:24.000,26.42040667,-80.16458500,1.90,11.754,-27.754,6.885,250,16,21,,
T,2026-07-18 18:45:25.000,26.42039333,-80.16464667,1.90,11.954,-27.754,6.333,250,16,21,,
T,2026-07-18 18:45:26.000,26.42038500,-80.16470500,1.90,12.153,-27.753,5.159,254,16,21,,
T,2026-07-18 18:45:27.000,26.42037833,-80.16473000,2.00,12.753,-27.753,1.954,246,16,21,,
T,2026-07-18 18:45:28.000,26.42037333,-80.16473833,1.90,12.853,-27.753,0.000,,16,21,,
T,2026-07-18 18:45:29.000,26.42037333,-80.16474500,2.00,12.953,-27.753,0.000,,15,21,,
T,2026-07-18 18:45:30.000,26.42036833,-80.16475333,2.00,12.953,-27.753,0.000,,16,21,,
T,2026-07-18 18:45:31.000,26.42036000,-80.16476167,1.80,13.053,-27.753,0.136,246,16,21,,
T,2026-07-18 18:45:32.000,26.42035333,-80.16477333,1.70,13.553,-27.753,0.106,246,16,21,,
T,2026-07-18 18:45:33.000,26.42035333,-80.16478667,1.60,13.853,-27.753,0.113,246,16,21,,
T,2026-07-18 18:45:34.000,26.42034833,-80.16480167,1.60,14.153,-27.753,2.205,256,16,21,,
T,2026-07-18 18:45:35.000,26.42034167,-80.16482833,1.70,14.453,-27.753,3.256,255,16,21,,
T,2026-07-18 18:45:36.000,26.42033500,-80.16486667,1.80,15.353,-27.753,3.863,248,16,21,,
T,2026-07-18 18:45:37.000,26.42032333,-80.16490833,1.70,16.053,-27.753,4.302,249,16,21,,
T,2026-07-18 18:45:38.000,26.42030500,-80.16494833,1.80,16.152,-27.752,4.834,247,16,21,,
T,2026-07-18 18:45:39.000,26.42028500,-80.16499500,1.80,15.952,-27.752,5.021,248,16,21,,
T,2026-07-18 18:45:40.000,26.42027167,-80.16504333,1.80,15.552,-27.752,5.137,251,16,21,,
T,2026-07-18 18:45:41.000,26.42025833,-80.16509167,1.80,14.652,-27.752,5.420,250,16,21,,
T,2026-07-18 18:45:42.000,26.42023833,-80.16513667,1.80,14.552,-27.752,5.407,248,16,21,,
T,2026-07-18 18:45:43.000,26.42022333,-80.16519167,1.80,14.551,-27.751,5.795,248,16,21,,
T,2026-07-18 18:45:44.000,26.42019667,-80.16524833,1.90,14.951,-27.751,5.764,246,16,21,,
T,2026-07-18 18:45:45.000,26.42017667,-80.16530000,1.90,14.651,-27.751,5.849,244,16,21,,
T,2026-07-18 18:45:46.000,26.42015167,-80.16535000,1.90,15.051,-27.751,6.080,243,16,21,,
T,2026-07-18 18:45:47.000,26.42013000,-80.16540500,1.80,14.450,-27.750,6.248,244,16,21,,
T,2026-07-18 18:45:48.000,26.42010667,-80.16546000,1.90,14.650,-27.750,6.215,247,16,21,,
T,2026-07-18 18:45:49.000,26.42007667,-80.16551667,1.80,14.750,-27.750,6.042,247,16,21,,
T,2026-07-18 18:45:50.000,26.42005333,-80.16557333,1.90,15.150,-27.750,6.229,245,16,21,,
T,2026-07-18 18:45:51.000,26.42002667,-80.16562833,1.90,15.549,-27.749,6.009,244,16,21,,
T,2026-07-18 18:45:52.000,26.42000500,-80.16567833,1.90,15.449,-27.749,6.091,241,16,21,,
T,2026-07-18 18:45:53.000,26.41997833,-80.16572500,1.90,14.949,-27.749,6.070,239,16,21,,
T,2026-07-18 18:45:54.000,26.41995667,-80.16577167,2.00,15.149,-27.749,5.842,240,16,21,,
T,2026-07-18 18:45:55.000,26.41993000,-80.16582667,1.80,15.349,-27.749,6.331,238,16,21,,
T,2026-07-18 18:45:56.000,26.41990500,-80.16588667,2.00,16.048,-27.748,6.292,240,16,21,,
T,2026-07-18 18:45:57.000,26.41988000,-80.16594333,2.00,16.448,-27.748,6.042,238,16,21,,
T,2026-07-18 18:45:58.000,26.41985000,-80.16600000,2.00,16.848,-27.748,5.898,237,16,21,,
T,2026-07-18 18:45:59.000,26.41981833,-80.16604667,2.00,16.848,-27.748,6.035,235,16,21,,
T,2026-07-18 18:46:00.000,26.41977833,-80.16610333,2.10,15.747,-27.747,5.952,237,16,21,,
T,2026-07-18 18:46:01.000,26.41975333,-80.16615833,2.10,15.047,-27.747,5.973,239,16,21,,
T,2026-07-18 18:46:02.000,26.41971667,-80.16620667,2.20,14.547,-27.747,5.867,236,16,21,,
T,2026-07-18 18:46:03.000,26.41968167,-80.16625167,2.20,14.347,-27.747,5.672,235,16,21,,
T,2026-07-18 18:46:04.000,26.41964667,-80.16630167,2.20,13.847,-27.747,5.654,231,16,21,,
T,2026-07-18 18:46:05.000,26.41960667,-80.16634000,2.10,13.746,-27.746,5.647,230,16,21,,
T,2026-07-18 18:46:06.000,26.41956833,-80.16637833,2.10,13.946,-27.746,6.010,230,16,21,,
T,2026-07-18 18:46:07.000,26.41953833,-80.16642667,2.10,14.246,-27.746,5.854,229,16,21,,
T,2026-07-18 18:46:08.000,26.41950333,-80.16647667,2.00,14.546,-27.746,6.220,230,16,21,,
T,2026-07-18 18:46:09.000,26.41948000,-80.16652000,2.00,14.046,-27.746,6.341,231,16,21,,
T,2026-07-18 18:46:10.000,26.41944167,-80.16657500,2.00,15.145,-27.745,6.508,227,16,21,,
T,2026-07-18 18:46:11.000,26.41940500,-80.16662667,2.00,16.045,-27.745,6.664,225,16,21,,
T,2026-07-18 18:46:12.000,26.41936000,-80.16667333,2.00,16.545,-27.745,6.958,224,16,21,,
T,2026-07-18 18:46:13.000,26.41932000,-80.16672333,2.10,17.245,-27.745,6.949,226,16,21,,
T,2026-07-18 18:46:14.000,26.41927000,-80.16676500,2.10,18.444,-27.744,6.934,227,16,21,,
T,2026-07-18 18:46:15.000,26.41922000,-80.16681333,2.10,18.844,-27.744,7.168,224,15,21,,
T,2026-07-18 18:46:16.000,26.41916667,-80.16686333,2.00,18.444,-27.744,7.158,224,16,21,,
T,2026-07-18 18:46:17.000,26.41912167,-80.16691667,2.00,18.144,-27.744,7.142,225,15,21,,
T,2026-07-18 18:46:18.000,26.41907500,-80.16696333,2.00,17.243,-27.743,7.242,222,15,21,,
T,2026-07-18 18:46:19.000,26.41902833,-80.16700833,2.00,17.343,-27.743,7.147,222,15,21,,
T,2026-07-18 18:46:20.000,26.41897833,-80.16705667,2.00,17.143,-27.743,7.385,219,15,21,,
T,2026-07-18 18:46:21.000,26.41892667,-80.16710167,2.00,17.043,-27.743,7.408,217,15,21,,
T,2026-07-18 18:46:22.000,26.41887000,-80.16714333,2.00,15.843,-27.743,6.955,216,15,21,,
T,2026-07-18 18:46:23.000,26.41881167,-80.16718333,2.10,15.542,-27.742,7.109,216,15,21,,
T,2026-07-18 18:46:24.000,26.41875500,-80.16722500,2.10,15.042,-27.742,7.387,214,15,21,,
T,2026-07-18 18:46:25.000,26.41870333,-80.16726667,2.10,15.342,-27.742,7.143,213,16,21,,
T,2026-07-18 18:46:26.000,26.41865167,-80.16730333,2.00,15.042,-27.742,7.110,212,15,21,,
T,2026-07-18 18:46:27.000,26.41859500,-80.16733500,2.10,15.142,-27.742,7.021,211,15,21,,
T,2026-07-18 18:46:28.000,26.41854500,-80.16737000,2.00,15.041,-27.741,7.019,209,14,21,,
T,2026-07-18 18:46:29.000,26.41849333,-80.16740167,2.00,14.941,-27.741,6.994,210,15,21,,
T,2026-07-18 18:46:30.000,26.41843500,-80.16743167,1.80,14.641,-27.741,6.994,203,15,21,,
T,2026-07-18 18:46:31.000,26.41837500,-80.16745500,1.80,14.541,-27.741,6.811,202,15,21,,
T,2026-07-18 18:46:32.000,26.41831500,-80.16747333,1.90,14.241,-27.741,6.801,200,16,21,,
T,2026-07-18 18:46:33.000,26.41824833,-80.16748500,2.00,12.941,-27.741,6.935,195,16,21,,
T,2026-07-18 18:46:34.000,26.41817833,-80.16750500,2.00,11.841,-27.741,7.086,194,16,21,,
T,2026-07-18 18:46:35.000,26.41811167,-80.16752667,2.10,11.741,-27.741,7.211,193,16,21,,
T,2026-07-18 18:46:36.000,26.41804167,-80.16753833,2.10,12.141,-27.741,6.835,195,16,21,,
T,2026-07-18 18:46:37.000,26.41798000,-80.16755333,2.00,12.140,-27.740,7.203,192,16,21,,
T,2026-07-18 18:46:38.000,26.41792333,-80.16757167,2.10,11.940,-27.740,6.876,195,16,21,,
T,2026-07-18 18:46:39.000,26.41786667,-80.16759000,2.10,10.940,-27.740,6.889,195,16,21,,
T,2026-07-18 18:46:40.000,26.41780000,-80.16759667,2.00,11.140,-27.740,6.604,184,16,21,,
T,2026-07-18 18:46:41.000,26.41773167,-80.16759833,1.90,10.840,-27.740,6.972,185,16,21,,
T,2026-07-18 18:46:42.000,26.41766167,-80.16760500,1.90,10.040,-27.740,6.682,184,16,21,,
T,2026-07-18 18:46:43.000,26.41760167,-80.16760667,1.90,10.040,-27.740,6.685,181,16,21,,
T,2026-07-18 18:46:44.000,26.41754667,-80.16760833,2.00,10.440,-27.740,6.517,183,16,21,,
T,2026-07-18 18:46:45.000,26.41748833,-80.16760833,1.90,10.440,-27.740,6.326,180,16,21,,
T,2026-07-18 18:46:46.000,26.41743333,-80.16760333,1.90,11.540,-27.740,6.134,181,16,21,,
T,2026-07-18 18:46:47.000,26.41738500,-80.16760000,1.90,12.540,-27.740,5.864,177,16,21,,
T,2026-07-18 18:46:48.000,26.41734500,-80.16759833,1.90,12.440,-27.740,4.447,176,16,21,,
T,2026-07-18 18:46:49.000,26.41731500,-80.16759500,1.70,12.040,-27.740,2.457,174,16,21,,
T,2026-07-18 18:46:50.000,26.41730167,-80.16759167,1.80,11.840,-27.740,1.353,174,16,21,,
T,2026-07-18 18:46:51.000,26.41729333,-80.16757833,1.90,11.440,-27.740,1.268,174,16,21,,
T,2026-07-18 18:46:52.000,26.41729000,-80.16757167,1.80,11.040,-27.740,0.000,,16,21,,
T,2026-07-18 18:46:53.000,26.41728667,-80.16756500,1.80,10.540,-27.740,0.000,,16,21,,
T,2026-07-18 18:46:54.000,26.41728833,-80.16756333,1.70,10.140,-27.740,0.000,,16,21,,
T,2026-07-18 18:46:55.000,26.41728833,-80.16756333,1.60,10.140,-27.740,0.000,,16,21,,
T,2026-07-18 18:46:56.000,26.41728833,-80.16756333,1.60,10.140,-27.740,0.000,,16,21,,
T,2026-07-18 18:46:57.000,26.41728833,-80.16756333,1.10,10.140,-27.740,0.000,,16,21,,
T,2026-07-18 18:46:58.000,26.41729167,-80.16756333,1.10,9.940,-27.740,0.168,174,16,21,,
T,2026-07-18 18:46:59.000,26.41731500,-80.16756667,1.50,9.440,-27.740,2.299,354,16,21,,
T,2026-07-18 18:47:00.000,26.41733833,-80.16757000,1.50,8.940,-27.740,2.332,349,16,21,,
T,2026-07-18 18:47:01.000,26.41736333,-80.16758000,1.70,8.340,-27.740,2.230,338,16,21,,
T,2026-07-18 18:47:02.000,26.41739000,-80.16759500,1.70,8.040,-27.740,2.637,339,16,21,,
T,2026-07-18 18:47:03.000,26.41740333,-80.16760667,1.80,7.740,-27.740,1.167,334,16,21,,
T,2026-07-18 18:47:04.000,26.41741167,-80.16761667,1.70,7.840,-27.740,1.002,325,16,21,,
T,2026-07-18 18:47:05.000,26.41740833,-80.16761833,1.80,7.940,-27.740,0.000,,16,21,,
T,2026-07-18 18:47:06.000,26.41739333,-80.16762000,1.90,7.640,-27.740,0.000,,16,21,,
T,2026-07-18 18:47:07.000,26.41737667,-80.16762667,1.90,8.240,-27.740,1.793,190,16,21,,
T,2026-07-18 18:47:08.000,26.41735167,-80.16763667,1.90,9.240,-27.740,2.114,195,16,21,,
T,2026-07-18 18:47:09.000,26.41732167,-80.16764333,1.80,9.540,-27.740,2.611,196,16,21,,
T,2026-07-18 18:47:10.000,26.41728833,-80.16764833,1.90,9.340,-27.740,4.018,185,16,21,,
T,2026-07-18 18:47:11.000,26.41724667,-80.16765333,1.90,10.140,-27.740,4.041,177,16,21,,
T,2026-07-18 18:47:12.000,26.41720833,-80.16765167,1.90,11.040,-27.740,4.674,177,16,21,,
T,2026-07-18 18:47:13.000,26.41716333,-80.16765167,1.90,11.640,-27.740,5.159,179,16,21,,
T,2026-07-18 18:47:14.000,26.41711167,-80.16764833,1.90,12.040,-27.740,5.337,176,16,21,,
T,2026-07-18 18:47:15.000,26.41705667,-80.16764833,1.90,12.940,-27.740,5.375,174,16,21,,
T,2026-07-18 18:47:16.000,26.41701000,-80.16764500,1.90,13.539,-27.739,5.201,171,16,21,,
T,2026-07-18 18:47:17.000,26.41696167,-80.16763000,1.90,14.240,-27.740,5.237,173,16,21,,
T,2026-07-18 18:47:18.000,26.41690667,-80.16762167,2.00,14.640,-27.740,5.115,170,16,21,,
T,2026-07-18 18:47:19.000,26.41685667,-80.16761667,2.00,14.240,-27.740,5.002,181,16,21,,
T,2026-07-18 18:47:20.000,26.41681000,-80.16761500,2.00,14.340,-27.740,5.382,182,16,21,,
T,2026-07-18 18:47:21.000,26.41677500,-80.16762667,2.10,15.139,-27.739,4.062,195,16,21,,
T,2026-07-18 18:47:22.000,26.41674000,-80.16764667,2.10,14.839,-27.739,4.315,198,16,21,,
T,2026-07-18 18:47:23.000,26.41670667,-80.16765333,2.00,15.339,-27.739,4.280,181,16,21,,
T,2026-07-18 18:47:24.000,26.41666000,-80.16764167,1.90,14.939,-27.739,4.783,175,16,21,,
T,2026-07-18 18:47:25.000,26.41661500,-80.16764167,1.90,15.739,-27.739,5.100,183,15,21,,
T,2026-07-18 18:47:26.000,26.41657333,-80.16765167,1.90,15.639,-27.739,5.089,177,15,21,,
T,2026-07-18 18:47:27.000,26.41654500,-80.16768500,1.90,15.539,-27.739,4.627,213,15,21,,
T,2026-07-18 18:47:28.000,26.41651500,-80.16772000,2.00,15.039,-27.739,5.087,225,15,21,,
T,2026-07-18 18:47:29.000,26.41648333,-80.16776667,2.00,14.839,-27.739,5.714,232,15,21,,
T,2026-07-18 18:47:30.000,26.41645167,-80.16782333,2.00,15.138,-27.738,5.709,238,15,21,,
T,2026-07-18 18:47:31.000,26.41641833,-80.16787333,2.00,15.738,-27.738,5.701,238,15,21,,
T,2026-07-18 18:47:32.000,26.41639000,-80.16792500,1.90,16.438,-27.738,5.475,234,15,21,,
T,2026-07-18 18:47:33.000,26.41635833,-80.16797333,1.90,16.538,-27.738,4.951,238,16,21,,
T,2026-07-18 18:47:34.000,26.41632500,-80.16802000,2.00,16.638,-27.738,5.132,232,16,21,,
T,2026-07-18 18:47:35.000,26.41628500,-80.16806667,2.00,15.537,-27.737,6.457,236,15,21,,
T,2026-07-18 18:47:36.000,26.41625167,-80.16811833,2.00,14.937,-27.737,6.204,237,16,21,,
T,2026-07-18 18:47:37.000,26.41622167,-80.16818000,1.90,14.937,-27.737,6.493,259,16,21,,
T,2026-07-18 18:47:38.000,26.41622333,-80.16825167,2.00,15.137,-27.737,6.482,270,16,21,,
T,2026-07-18 18:47:39.000,26.41623000,-80.16832333,1.90,15.536,-27.736,6.344,275,16,21,,
T,2026-07-18 18:47:40.000,26.41623500,-80.16838833,1.90,16.436,-27.736,6.317,270,16,21,,
T,2026-07-18 18:47:41.000,26.41623667,-80.16845500,1.90,17.036,-27.736,6.283,268,16,21,,
T,2026-07-18 18:47:42.000,26.41623667,-80.16852167,1.90,17.135,-27.735,6.126,264,15,21,,
T,2026-07-18 18:47:43.000,26.41623333,-80.16858333,1.90,17.835,-27.735,6.267,267,15,21,,
T,2026-07-18 18:47:44.000,26.41623667,-80.16864333,2.00,17.935,-27.735,6.796,276,15,21,,
T,2026-07-18 18:47:45.000,26.41624667,-80.16871000,2.00,18.335,-27.735,6.780,285,15,21,,
T,2026-07-18 18:47:46.000,26.41626667,-80.16877667,2.00,17.934,-27.734,6.280,291,15,21,,
T,2026-07-18 18:47:47.000,26.41628333,-80.16884000,1.90,17.234,-27.734,5.981,290,15,21,,
T,2026-07-18 18:47:48.000,26.41629000,-80.16891167,2.00,16.834,-27.734,6.010,282,15,21,,
T,2026-07-18 18:47:49.000,26.41628500,-80.16898167,1.90,16.734,-27.734,6.586,273,15,21,,
T,2026-07-18 18:47:50.000,26.41628333,-80.16905000,1.90,17.333,-27.733,6.376,272,15,21,,
T,2026-07-18 18:47:51.000,26.41628667,-80.16911833,2.00,17.433,-27.733,6.339,276,15,21,,
T,2026-07-18 18:47:52.000,26.41628833,-80.16919000,2.00,17.533,-27.733,6.544,275,15,21,,
T,2026-07-18 18:47:53.000,26.41629167,-80.16925667,2.00,17.332,-27.732,6.556,272,15,21,,
T,2026-07-18 18:47:54.000,26.41629833,-80.16932500,2.00,17.132,-27.732,6.537,279,14,21,,
T,2026-07-18 18:47:55.000,26.41631000,-80.16939500,1.90,17.132,-27.732,6.572,277,14,21,,
T,2026-07-18 18:47:56.000,26.41631500,-80.16947000,1.90,17.132,-27.732,6.757,271,15,21,,
T,2026-07-18 18:47:57.000,26.41631333,-80.16954500,2.00,17.331,-27.731,6.622,268,15,21,,
T,2026-07-18 18:47:58.000,26.41630667,-80.16961333,2.00,17.531,-27.731,6.889,264,16,21,,
T,2026-07-18 18:47:59.000,26.41630667,-80.16968000,2.00,17.931,-27.731,7.462,268,16,21,,
T,2026-07-18 18:48:00.000,26.41630500,-80.16975000,2.00,19.230,-27.730,7.050,265,16,21,,
T,2026-07-18 18:48:01.000,26.41629500,-80.16982000,2.00,19.330,-27.730,6.792,260,16,21,,
T,2026-07-18 18:48:02.000,26.41628500,-80.16988667,2.00,19.530,-27.730,6.639,256,16,21,,
T,2026-07-18 18:48:03.000,26.41627833,-80.16995000,2.00,20.030,-27.730,6.145,260,16,21,,
T,2026-07-18 18:48:04.000,26.41627667,-80.17001667,2.00,19.929,-27.729,6.127,271,15,21,,
T,2026-07-18 18:48:05.000,26.41628167,-80.17007167,1.80,20.029,-27.729,5.763,280,16,21,,
T,2026-07-18 18:48:06.000,26.41630000,-80.17011833,1.90,20.629,-27.729,5.493,282,16,21,,
T,2026-07-18 18:48:07.000,26.41633667,-80.17015500,2.00,20.829,-27.729,5.269,301,15,21,,
T,2026-07-18 18:48:08.000,26.41638333,-80.17016167,2.00,20.029,-27.729,4.354,332,15,21,,
T,2026-07-18 18:48:09.000,26.41643167,-80.17016500,1.80,19.229,-27.729,4.655,350,16,21,,
T,2026-07-18 18:48:10.000,26.41648333,-80.17016833,1.80,19.629,-27.729,4.139,360,16,21,,
T,2026-07-18 18:48:11.000,26.41652000,-80.17016333,1.80,19.329,-27.729,2.977,5,16,21,,
T,2026-07-18 18:48:12.000,26.41654333,-80.17016167,1.80,18.829,-27.729,2.231,6,16,21,,
T,2026-07-18 18:48:13.000,26.41656000,-80.17015500,1.80,18.429,-27.729,1.964,9,16,21,,
T,2026-07-18 18:48:14.000,26.41657000,-80.17014833,1.70,17.429,-27.729,1.662,23,16,21,,
T,2026-07-18 18:48:15.000,26.41658167,-80.17014000,1.70,16.329,-27.729,1.494,23,16,21,,
T,2026-07-18 18:48:16.000,26.41659167,-80.17013333,1.60,15.729,-27.729,1.087,23,16,21,,
T,2026-07-18 18:48:17.000,26.41659667,-80.17012833,1.60,15.329,-27.729,0.000,,16,21,,
T,2026-07-18 18:48:18.000,26.41659833,-80.17012667,1.70,15.129,-27.729,0.000,,15,21,,
T,2026-07-18 18:48:19.000,26.41659833,-80.17012500,1.70,15.129,-27.729,0.000,,15,21,,
T,2026-07-18 18:48:20.000,26.41659833,-80.17012500,1.80,15.129,-27.729,0.000,,15,21,,
T,2026-07-18 18:48:21.000,26.41659833,-80.17012500,1.80,15.129,-27.729,0.000,,15,21,,
T,2026-07-18 18:48:22.000,26.41659833,-80.17012500,1.80,15.129,-27.729,0.000,,15,21,,
T,2026-07-18 18:48:23.000,26.41659833,-80.17012500,1.10,15.129,-27.729,0.000,,15,21,,
T,2026-07-18 18:48:24.000,26.41659833,-80.17012500,1.00,15.129,-27.729,0.000,,15,21,,
T,2026-07-18 18:48:25.000,26.41659833,-80.17012500,1.00,15.129,-27.729,0.000,,15,21,,
T,2026-07-18 18:48:26.000,26.41659833,-80.17012500,1.00,15.129,-27.729,0.000,,15,21,,
T,2026-07-18 18:48:27.000,26.41659833,-80.17012500,1.10,15.129,-27.729,0.000,,15,21,,
T,2026-07-18 18:48:28.000,26.41659833,-80.17012500,1.50,15.129,-27.729,0.000,,15,21,,
T,2026-07-18 18:48:29.000,26.41659833,-80.17012500,1.80,15.129,-27.729,0.000,,15,21,,
T,2026-07-18 18:48:30.000,26.41656500,-80.17013500,1.80,14.829,-27.729,1.458,177,15,21,,
T,2026-07-18 18:48:31.000,26.41655667,-80.17013167,1.80,14.629,-27.729,1.297,172,15,21,,
T,2026-07-18 18:48:32.000,26.41654667,-80.17013000,1.90,14.429,-27.729,1.288,185,15,21,,
T,2026-07-18 18:48:33.000,26.41653000,-80.17013000,1.90,14.229,-27.729,0.463,195,15,21,,
T,2026-07-18 18:48:34.000,26.41652000,-80.17013333,1.90,14.329,-27.729,1.314,201,15,21,,
T,2026-07-18 18:48:35.000,26.41650167,-80.17013500,1.80,14.229,-27.729,1.328,180,15,21,,
T,2026-07-18 18:48:36.000,26.41648667,-80.17012833,1.80,13.929,-27.729,1.508,166,15,21,,
T,2026-07-18 18:48:37.000,26.41647667,-80.17012000,1.80,14.229,-27.729,1.313,154,16,21,,
T,2026-07-18 18:48:38.000,26.41647500,-80.17012000,1.80,14.729,-27.729,1.029,136,16,21,,
T,2026-07-18 18:48:39.000,26.41647500,-80.17011833,1.80,15.529,-27.729,0.426,104,16,21,,
T,2026-07-18 18:48:40.000,26.41648000,-80.17010833,1.80,15.729,-27.729,1.097,70,16,21,,
T,2026-07-18 18:48:41.000,26.41648667,-80.17009667,1.90,15.629,-27.729,1.061,55,16,21,,
T,2026-07-18 18:48:42.000,26.41648667,-80.17009167,1.90,15.429,-27.729,0.000,,16,21,,
T,2026-07-18 18:48:43.000,26.41649167,-80.17008833,2.10,15.429,-27.729,0.000,,16,21,,
T,2026-07-18 18:48:44.000,26.41649833,-80.17008667,2.20,15.429,-27.729,0.000,,16,21,,
T,2026-07-18 18:48:45.000,26.41649833,-80.17008667,2.30,15.429,-27.729,0.000,,16,21,,
T,2026-07-18 18:48:46.000,26.41649833,-80.17008667,2.40,15.429,-27.729,0.000,,16,21,,
T,2026-07-18 18:48:47.000,26.41649833,-80.17008667,2.50,15.429,-27.729,0.000,,16,21,,
T,2026-07-18 18:48:48.000,26.41649833,-80.17008667,2.50,15.429,-27.729,0.000,,16,21,,
T,2026-07-18 18:48:49.000,26.41649833,-80.17008667,2.60,15.429,-27.729,0.000,,16,21,,
T,2026-07-18 18:48:50.000,26.41649833,-80.17008667,2.60,15.429,-27.729,0.000,,16,21,,
T,2026-07-18 18:48:51.000,26.41649833,-80.17008667,2.60,15.429,-27.729,0.000,,15,21,,
T,2026-07-18 18:48:52.000,26.41649833,-80.17008667,2.60,15.429,-27.729,0.000,,15,21,,
T,2026-07-18 18:48:53.000,26.41649833,-80.17008667,1.20,15.429,-27.729,0.000,,16,21,,
T,2026-07-18 18:48:54.000,26.41649833,-80.17008667,1.60,15.429,-27.729,0.000,,16,21,,
T,2026-07-18 18:48:55.000,26.41649833,-80.17008667,1.90,15.429,-27.729,0.000,,16,21,,
T,2026-07-18 18:48:56.000,26.41649833,-80.17008667,2.20,15.429,-27.729,0.000,,16,21,,
T,2026-07-18 18:48:57.000,26.41649833,-80.17008667,2.30,15.429,-27.729,0.000,,16,21,,
T,2026-07-18 18:48:58.000,26.41649833,-80.17008667,1.20,15.429,-27.729,0.000,,16,21,,
T,2026-07-18 18:48:59.000,26.41649833,-80.17008667,1.10,15.429,-27.729,0.000,,16,21,,
T,2026-07-18 18:49:00.000,26.41649833,-80.17008667,1.50,15.429,-27.729,0.000,,16,21,,
T,2026-07-18 18:49:01.000,26.41649833,-80.17008667,1.80,15.429,-27.729,0.000,,16,21,,
T,2026-07-18 18:49:02.000,26.41649833,-80.17008667,2.00,15.429,-27.729,0.000,,16,21,,
T,2026-07-18 18:49:03.000,26.41649833,-80.17008667,2.20,15.429,-27.729,0.000,,16,21,,
T,2026-07-18 18:49:04.000,26.41649833,-80.17008667,2.40,15.429,-27.729,0.000,,16,21,,
T,2026-07-18 18:49:05.000,26.41649833,-80.17008667,2.50,15.429,-27.729,0.000,,16,21,,
T,2026-07-18 18:49:06.000,26.41649833,-80.17008667,2.50,15.429,-27.729,0.000,,16,21,,
T,2026-07-18 18:49:07.000,26.41649833,-80.17008667,2.60,15.429,-27.729,0.000,,16,21,,
T,2026-07-18 18:49:08.000,26.41649833,-80.17008667,2.70,15.429,-27.729,0.000,,16,21,,
T,2026-07-18 18:49:09.000,26.41649833,-80.17008667,2.70,15.429,-27.729,0.000,,16,21,,
T,2026-07-18 18:49:10.000,26.41649833,-80.17008667,2.80,15.429,-27.729,0.000,,16,21,,
T,2026-07-18 18:49:11.000,26.41649833,-80.17008667,2.90,15.429,-27.729,0.000,,16,21,,
T,2026-07-18 18:49:12.000,26.41649833,-80.17008667,2.90,15.429,-27.729,0.000,,16,21,,
T,2026-07-18 18:49:13.000,26.41649833,-80.17008667,2.90,15.429,-27.729,0.000,,16,21,,
T,2026-07-18 18:49:14.000,26.41649833,-80.17008667,2.90,15.429,-27.729,0.000,,16,21,,
T,2026-07-18 18:49:15.000,26.41649833,-80.17008667,1.20,15.429,-27.729,0.000,,16,21,,
T,2026-07-18 18:49:16.000,26.41649833,-80.17008667,1.10,15.429,-27.729,0.000,,16,21,,
T,2026-07-18 18:49:17.000,26.41649833,-80.17008667,1.60,15.429,-27.729,0.000,,16,21,,
T,2026-07-18 18:49:18.000,26.41649833,-80.17008667,1.90,15.429,-27.729,0.000,,16,21,,
T,2026-07-18 18:49:19.000,26.41649833,-80.17008667,2.20,15.429,-27.729,0.000,,16,21,,
T,2026-07-18 18:49:20.000,26.41649833,-80.17008667,2.30,15.429,-27.729,0.000,,16,21,,
T,2026-07-18 18:49:21.000,26.41649833,-80.17008667,2.40,15.429,-27.729,0.000,,16,21,,
T,2026-07-18 18:49:22.000,26.41649833,-80.17008667,2.50,15.429,-27.729,0.000,,16,21,,
T,2026-07-18 18:49:23.000,26.41649833,-80.17008667,2.50,15.429,-27.729,0.000,,16,21,,
T,2026-07-18 18:49:24.000,26.41649833,-80.17008667,1.20,15.429,-27.729,0.000,,16,21,,
T,2026-07-18 18:49:25.000,26.41649833,-80.17008667,1.10,15.429,-27.729,0.000,,16,21,,
T,2026-07-18 18:49:26.000,26.41649833,-80.17008667,1.10,15.429,-27.729,0.000,,16,21,,
T,2026-07-18 18:49:27.000,26.41649833,-80.17008667,1.10,15.429,-27.729,0.000,,16,21,,
T,2026-07-18 18:49:28.000,26.41649833,-80.17008667,1.10,15.429,-27.729,0.000,,16,21,,
T,2026-07-18 18:49:29.000,26.41649833,-80.17008667,1.10,15.429,-27.729,0.000,,16,21,,
T,2026-07-18 18:49:30.000,26.41649833,-80.17008667,1.60,15.429,-27.729,0.000,,16,21,,
T,2026-07-18 18:49:31.000,26.41656000,-80.17004833,1.90,16.129,-27.729,1.699,73,16,21,,
T,2026-07-18 18:49:32.000,26.41656333,-80.17003833,2.10,15.529,-27.729,1.185,62,16,21,,
T,2026-07-18 18:49:33.000,26.41656500,-80.17003667,2.20,14.929,-27.729,0.000,,16,21,,
T,2026-07-18 18:49:34.000,26.41656667,-80.17003500,2.20,14.429,-27.729,0.000,,16,21,,
T,2026-07-18 18:49:35.000,26.41656833,-80.17004000,2.30,14.429,-27.729,0.000,,16,21,,
T,2026-07-18 18:49:36.000,26.41656833,-80.17004000,2.20,14.429,-27.729,0.000,,16,21,,
T,2026-07-18 18:49:37.000,26.41656833,-80.17004000,2.20,14.429,-27.729,0.000,,16,21,,
T,2026-07-18 18:49:38.000,26.41656833,-80.17004000,2.30,14.429,-27.729,0.000,,16,21,,
T,2026-07-18 18:49:39.000,26.41656833,-80.17004000,2.10,14.429,-27.729,0.000,,16,21,,
T,2026-07-18 18:49:40.000,26.41656833,-80.17004000,2.10,14.429,-27.729,0.000,,16,21,,
T,2026-07-18 18:49:41.000,26.41656833,-80.17004000,2.10,14.429,-27.729,0.000,,16,21,,
T,2026-07-18 18:49:42.000,26.41656833,-80.17004000,2.00,14.429,-27.729,0.000,,16,21,,
T,2026-07-18 18:49:43.000,26.41656833,-80.17004000,2.00,14.429,-27.729,0.000,,16,21,,
T,2026-07-18 18:49:44.000,26.41656833,-80.17004000,2.10,14.429,-27.729,0.000,,16,21,,
T,2026-07-18 18:49:45.000,26.41656833,-80.17004000,2.10,14.429,-27.729,0.000,,16,21,,
T,2026-07-18 18:49:46.000,26.41656833,-80.17004000,2.10,14.429,-27.729,0.000,,16,21,,
T,2026-07-18 18:49:47.000,26.41656833,-80.17004000,2.20,14.429,-27.729,0.000,,15,21,,
T,2026-07-18 18:49:48.000,26.41656833,-80.17004000,2.20,14.429,-27.729,0.000,,15,21,,
T,2026-07-18 18:49:49.000,26.41656833,-80.17004000,2.30,14.429,-27.729,0.000,,15,21,,
T,2026-07-18 18:49:50.000,26.41656833,-80.17004000,2.40,14.429,-27.729,0.000,,16,21,,
T,2026-07-18 18:49:51.000,26.41656833,-80.17004000,2.40,14.429,-27.729,0.000,,16,21,,
T,2026-07-18 18:49:52.000,26.41656833,-80.17004000,1.20,14.429,-27.729,0.000,,16,21,,
T,2026-07-18 18:49:53.000,26.41656833,-80.17004000,1.10,14.429,-27.729,0.000,,16,21,,
T,2026-07-18 18:49:54.000,26.41656833,-80.17004000,1.10,14.429,-27.729,0.000,,16,21,,
T,2026-07-18 18:49:55.000,26.41656833,-80.17004000,1.50,14.429,-27.729,0.000,,16,21,,
T,2026-07-18 18:49:56.000,26.41656833,-80.17004000,1.70,14.429,-27.729,0.000,,16,21,,
T,2026-07-18 18:49:57.000,26.41656833,-80.17004000,1.80,14.429,-27.729,0.000,,16,21,,
T,2026-07-18 18:49:58.000,26.41656833,-80.17004000,1.90,14.429,-27.729,0.000,,16,21,,
T,2026-07-18 18:49:59.000,26.41656833,-80.17004000,1.10,14.429,-27.729,0.000,,16,21,,
T,2026-07-18 18:50:00.000,26.41656833,-80.17004000,1.50,14.429,-27.729,0.000,,16,21,,
T,2026-07-18 18:50:01.000,26.41656833,-80.17004000,1.70,14.429,-27.729,0.000,,16,21,,
T,2026-07-18 18:50:02.000,26.41656833,-80.17004000,1.90,14.429,-27.729,0.000,,16,21,,
T,2026-07-18 18:50:03.000,26.41656833,-80.17004000,2.00,14.429,-27.729,0.000,,16,21,,
T,2026-07-18 18:50:04.000,26.41656833,-80.17004000,2.10,14.429,-27.729,0.000,,16,21,,
T,2026-07-18 18:50:05.000,26.41656833,-80.17004000,2.20,14.429,-27.729,0.000,,16,21,,
T,2026-07-18 18:50:06.000,26.41656833,-80.17004000,2.20,14.429,-27.729,0.000,,16,21,,
T,2026-07-18 18:50:07.000,26.41656833,-80.17004000,2.20,14.429,-27.729,0.000,,16,21,,
T,2026-07-18 18:50:08.000,26.41656833,-80.17004000,1.20,14.429,-27.729,0.000,,16,21,,
T,2026-07-18 18:50:09.000,26.41656833,-80.17004000,1.10,14.429,-27.729,0.000,,16,21,,
T,2026-07-18 18:50:10.000,26.41656833,-80.17004000,1.10,14.429,-27.729,0.000,,16,21,,
T,2026-07-18 18:50:11.000,26.41656833,-80.17004000,1.30,14.429,-27.729,0.000,,15,21,,
T,2026-07-18 18:50:12.000,26.41656833,-80.17004000,1.60,14.429,-27.729,0.000,,15,21,,
T,2026-07-18 18:50:13.000,26.41656833,-80.17004000,1.70,14.429,-27.729,0.000,,15,21,,
T,2026-07-18 18:50:14.000,26.41656833,-80.17004000,1.80,14.429,-27.729,0.000,,15,21,,
T,2026-07-18 18:50:15.000,26.41656833,-80.17004000,1.90,14.429,-27.729,0.000,,15,21,,
T,2026-07-18 18:50:16.000,26.41656833,-80.17004000,2.00,14.429,-27.729,0.000,,16,21,,
T,2026-07-18 18:50:17.000,26.41656833,-80.17004000,2.00,14.429,-27.729,0.000,,16,21,,
T,2026-07-18 18:50:18.000,26.41656833,-80.17004000,2.00,14.429,-27.729,0.000,,16,21,,
T,2026-07-18 18:50:19.000,26.41656833,-80.17004000,1.20,14.429,-27.729,0.000,,16,21,,
T,2026-07-18 18:50:20.000,26.41656833,-80.17004000,1.40,14.429,-27.729,0.000,,16,21,,
T,2026-07-18 18:50:21.000,26.41656833,-80.17004000,1.60,14.429,-27.729,0.000,,16,21,,
T,2026-07-18 18:50:22.000,26.41656833,-80.17004000,1.70,14.429,-27.729,0.000,,16,21,,
T,2026-07-18 18:50:23.000,26.41656833,-80.17004000,1.90,14.429,-27.729,0.000,,16,21,,
T,2026-07-18 18:50:24.000,26.41656833,-80.17004000,1.20,14.429,-27.729,0.000,,16,21,,
T,2026-07-18 18:50:25.000,26.41656833,-80.17004000,1.10,14.429,-27.729,0.000,,16,21,,
T,2026-07-18 18:50:26.000,26.41656833,-80.17004000,1.40,14.429,-27.729,0.000,,16,21,,
T,2026-07-18 18:50:27.000,26.41656833,-80.17004000,1.60,14.429,-27.729,0.000,,16,21,,
T,2026-07-18 18:50:28.000,26.41656833,-80.17004000,1.70,14.429,-27.729,0.000,,16,21,,
T,2026-07-18 18:50:29.000,26.41656833,-80.17004000,1.80,14.429,-27.729,0.000,,16,21,,
T,2026-07-18 18:50:30.000,26.41656833,-80.17004000,1.90,14.429,-27.729,0.000,,16,21,,
T,2026-07-18 18:50:31.000,26.41656833,-80.17004000,1.90,14.429,-27.729,0.000,,16,21,,
T,2026-07-18 18:50:32.000,26.41656833,-80.17004000,2.00,14.429,-27.729,0.000,,16,21,,
T,2026-07-18 18:50:33.000,26.41656833,-80.17004000,1.20,14.429,-27.729,0.000,,16,21,,
T,2026-07-18 18:50:34.000,26.41656833,-80.17004000,1.10,14.429,-27.729,0.000,,16,21,,
T,2026-07-18 18:50:35.000,26.41656833,-80.17004000,1.10,14.429,-27.729,0.000,,16,21,,
T,2026-07-18 18:50:36.000,26.41656833,-80.17004000,1.30,14.429,-27.729,0.000,,16,21,,
T,2026-07-18 18:50:37.000,26.41656833,-80.17004000,1.50,14.429,-27.729,0.000,,16,21,,
T,2026-07-18 18:50:38.000,26.41656833,-80.17004000,1.70,14.429,-27.729,0.000,,16,21,,
T,2026-07-18 18:50:39.000,26.41656833,-80.17004000,1.80,14.429,-27.729,0.000,,16,21,,
T,2026-07-18 18:50:40.000,26.41656833,-80.17004000,1.10,14.429,-27.729,0.000,,16,21,,
T,2026-07-18 18:50:41.000,26.41656833,-80.17004000,1.40,14.429,-27.729,0.000,,16,21,,
T,2026-07-18 18:50:42.000,26.41656833,-80.17004000,1.60,14.429,-27.729,0.000,,16,21,,
T,2026-07-18 18:50:43.000,26.41656833,-80.17004000,1.80,14.429,-27.729,0.000,,16,21,,
T,2026-07-18 18:50:44.000,26.41656833,-80.17004000,2.20,14.429,-27.729,0.000,,16,21,,
T,2026-07-18 18:50:45.000,26.41656833,-80.17004000,2.30,14.429,-27.729,0.000,,16,21,,
T,2026-07-18 18:50:46.000,26.41656833,-80.17004000,2.20,14.429,-27.729,0.000,,16,21,,
T,2026-07-18 18:50:47.000,26.41656833,-80.17004000,2.30,14.429,-27.729,0.000,,15,21,,
T,2026-07-18 18:50:48.000,26.41656833,-80.17004000,2.40,14.429,-27.729,0.000,,15,21,,
T,2026-07-18 18:50:49.000,26.41656833,-80.17004000,2.40,14.429,-27.729,0.000,,15,21,,
T,2026-07-18 18:50:50.000,26.41656833,-80.17004000,2.50,14.429,-27.729,0.000,,15,21,,
T,2026-07-18 18:50:51.000,26.41656833,-80.17004000,2.50,14.429,-27.729,0.000,,15,21,,
T,2026-07-18 18:50:52.000,26.41656833,-80.17004000,2.40,14.429,-27.729,0.000,,15,21,,
T,2026-07-18 18:50:53.000,26.41659667,-80.17010500,2.00,16.629,-27.729,1.455,304,15,21,,
T,2026-07-18 18:50:54.000,26.41660000,-80.17012000,1.80,16.429,-27.729,1.338,280,15,21,,
T,2026-07-18 18:50:55.000,26.41659667,-80.17013167,1.70,16.429,-27.729,0.000,,16,21,,
T,2026-07-18 18:50:56.000,26.41659500,-80.17013500,1.70,16.329,-27.729,0.000,,16,21,,
T,2026-07-18 18:50:57.000,26.41659167,-80.17013167,1.70,15.729,-27.729,0.000,,15,21,,
T,2026-07-18 18:50:58.000,26.41659167,-80.17013167,1.70,15.729,-27.729,0.000,,15,21,,
T,2026-07-18 18:50:59.000,26.41659167,-80.17013167,1.80,15.729,-27.729,0.000,,15,21,,
T,2026-07-18 18:51:00.000,26.41659167,-80.17013167,1.80,15.729,-27.729,0.000,,15,21,,
T,2026-07-18 18:51:01.000,26.41659167,-80.17013167,1.90,15.729,-27.729,0.000,,14,21,,
T,2026-07-18 18:51:02.000,26.41659167,-80.17013167,1.10,15.729,-27.729,0.000,,15,21,,
T,2026-07-18 18:51:03.000,26.41659167,-80.17013167,1.00,15.729,-27.729,0.000,,15,21,,
T,2026-07-18 18:51:04.000,26.41659167,-80.17013167,1.00,15.729,-27.729,0.000,,15,21,,
T,2026-07-18 18:51:05.000,26.41659167,-80.17013167,1.00,15.729,-27.729,0.000,,15,21,,
T,2026-07-18 18:51:06.000,26.41659167,-80.17013167,0.90,15.729,-27.729,0.000,,15,21,,
T,2026-07-18 18:51:07.000,26.41659167,-80.17013167,1.00,15.729,-27.729,0.000,,15,21,,
T,2026-07-18 18:51:08.000,26.41659167,-80.17013167,1.00,15.729,-27.729,0.000,,14,21,,
T,2026-07-18 18:51:09.000,26.41659167,-80.17013167,1.00,15.729,-27.729,0.000,,14,21,,
T,2026-07-18 18:51:10.000,26.41659167,-80.17013167,1.20,15.729,-27.729,0.000,,14,21,,
T,2026-07-18 18:51:11.000,26.41659167,-80.17013167,1.30,15.729,-27.729,0.000,,13,21,,
T,2026-07-18 18:51:12.000,26.41659167,-80.17013167,1.30,15.729,-27.729,0.000,,13,21,,
T,2026-07-18 18:51:13.000,26.41659167,-80.17013167,1.30,15.729,-27.729,0.000,,14,21,,
T,2026-07-18 18:51:14.000,26.41659167,-80.17013167,1.10,15.729,-27.729,0.000,,14,21,,
T,2026-07-18 18:51:15.000,26.41659167,-80.17013167,1.10,15.729,-27.729,0.000,,14,21,,
T,2026-07-18 18:51:16.000,26.41659167,-80.17013167,1.00,15.729,-27.729,0.000,,14,21,,
T,2026-07-18 18:51:17.000,26.41659167,-80.17013167,0.90,15.729,-27.729,0.000,,14,21,,
T,2026-07-18 18:51:18.000,26.41659167,-80.17013167,0.90,15.729,-27.729,0.000,,16,21,,
T,2026-07-18 18:51:19.000,26.41659167,-80.17013167,0.90,15.729,-27.729,0.000,,14,21,,
T,2026-07-18 18:51:20.000,26.41659167,-80.17013167,0.90,15.729,-27.729,0.000,,15,21,,
T,2026-07-18 18:51:21.000,26.41659167,-80.17013167,1.00,15.729,-27.729,0.000,,15,21,,
T,2026-07-18 18:51:22.000,26.41659167,-80.17013167,1.00,15.729,-27.729,0.000,,15,21,,
T,2026-07-18 18:51:23.000,26.41659167,-80.17013167,0.90,15.729,-27.729,0.000,,15,21,,
T,2026-07-18 18:51:24.000,26.41659167,-80.17013167,1.00,15.729,-27.729,0.000,,15,21,,
T,2026-07-18 18:51:25.000,26.41659167,-80.17013167,1.20,15.729,-27.729,0.000,,14,21,,
T,2026-07-18 18:51:26.000,26.41659167,-80.17013167,1.30,15.729,-27.729,0.000,,14,21,,
T,2026-07-18 18:51:27.000,26.41659167,-80.17013167,1.30,15.729,-27.729,0.000,,14,21,,
T,2026-07-18 18:51:28.000,26.41659167,-80.17013167,1.30,15.729,-27.729,0.000,,14,21,,
T,2026-07-18 18:51:29.000,26.41659167,-80.17013167,1.10,15.729,-27.729,0.000,,14,21,,
T,2026-07-18 18:51:30.000,26.41659167,-80.17013167,1.00,15.729,-27.729,0.000,,14,21,,
T,2026-07-18 18:51:31.000,26.41659167,-80.17013167,1.00,15.729,-27.729,0.000,,14,21,,
T,2026-07-18 18:51:32.000,26.41659167,-80.17013167,1.00,15.729,-27.729,0.000,,14,21,,
T,2026-07-18 18:51:33.000,26.41659167,-80.17013167,1.00,15.729,-27.729,0.000,,14,21,,
T,2026-07-18 18:51:34.000,26.41659167,-80.17013167,1.00,15.729,-27.729,0.000,,14,21,,
T,2026-07-18 18:51:35.000,26.41659167,-80.17013167,1.00,15.729,-27.729,0.000,,14,21,,
T,2026-07-18 18:51:36.000,26.41659167,-80.17013167,1.10,15.729,-27.729,0.000,,15,21,,
T,2026-07-18 18:51:37.000,26.41659167,-80.17013167,1.40,15.729,-27.729,0.000,,15,21,,
T,2026-07-18 18:51:38.000,26.41659167,-80.17013167,1.50,15.729,-27.729,0.000,,14,21,,
T,2026-07-18 18:51:39.000,26.41659167,-80.17013167,1.50,15.729,-27.729,0.000,,14,21,,
T,2026-07-18 18:51:40.000,26.41659167,-80.17013167,1.60,15.729,-27.729,0.000,,14,21,,
T,2026-07-18 18:51:41.000,26.41659167,-80.17013167,1.60,15.729,-27.729,0.000,,14,21,,
T,2026-07-18 18:51:42.000,26.41659167,-80.17013167,1.60,15.729,-27.729,0.000,,14,21,,
T,2026-07-18 18:51:43.000,26.41659167,-80.17013167,1.70,15.729,-27.729,0.000,,14,21,,
T,2026-07-18 18:51:44.000,26.41659167,-80.17013167,1.70,15.729,-27.729,0.000,,14,21,,
T,2026-07-18 18:51:45.000,26.41659167,-80.17013167,1.70,15.729,-27.729,0.000,,14,21,,
T,2026-07-18 18:51:46.000,26.41659167,-80.17013167,1.70,15.729,-27.729,0.000,,14,21,,
T,2026-07-18 18:51:47.000,26.41659167,-80.17013167,1.70,15.729,-27.729,0.000,,14,21,,
T,2026-07-18 18:51:48.000,26.41659167,-80.17013167,1.70,15.729,-27.729,0.000,,14,21,,
T,2026-07-18 18:51:49.000,26.41659167,-80.17013167,1.80,15.729,-27.729,0.000,,14,21,,
T,2026-07-18 18:51:50.000,26.41659167,-80.17013167,1.80,15.729,-27.729,0.000,,14,21,,
T,2026-07-18 18:51:51.000,26.41659167,-80.17013167,1.90,15.729,-27.729,0.000,,14,21,,
T,2026-07-18 18:51:52.000,26.41659167,-80.17013167,1.10,15.729,-27.729,0.000,,14,21,,
T,2026-07-18 18:51:53.000,26.41659167,-80.17013167,1.10,15.729,-27.729,0.000,,13,21,,
T,2026-07-18 18:51:54.000,26.41659167,-80.17013167,1.20,15.729,-27.729,0.000,,13,21,,
T,2026-07-18 18:51:55.000,26.41659167,-80.17013167,1.30,15.729,-27.729,0.000,,13,21,,
T,2026-07-18 18:51:56.000,26.41659167,-80.17013167,1.40,15.729,-27.729,0.000,,13,21,,
T,2026-07-18 18:51:57.000,26.41659167,-80.17013167,1.40,15.729,-27.729,0.000,,13,21,,
T,2026-07-18 18:51:58.000,26.41659167,-80.17013167,1.10,15.729,-27.729,0.000,,13,21,,
T,2026-07-18 18:51:59.000,26.41659167,-80.17013167,1.00,15.729,-27.729,0.000,,14,21,,
T,2026-07-18 18:52:00.000,26.41659167,-80.17013167,1.10,15.729,-27.729,0.000,,14,21,,
T,2026-07-18 18:52:01.000,26.41659167,-80.17013167,1.10,15.729,-27.729,0.000,,13,21,,
T,2026-07-18 18:52:02.000,26.41659167,-80.17013167,1.20,15.729,-27.729,0.000,,13,21,,
T,2026-07-18 18:52:03.000,26.41659167,-80.17013167,1.30,15.729,-27.729,0.000,,13,21,,
T,2026-07-18 18:52:04.000,26.41659167,-80.17013167,1.30,15.729,-27.729,0.000,,13,21,,
T,2026-07-18 18:52:05.000,26.41659167,-80.17013167,1.10,15.729,-27.729,0.000,,13,21,,
T,2026-07-18 18:52:06.000,26.41659167,-80.17013167,1.00,15.729,-27.729,0.000,,13,20,,
T,2026-07-18 18:52:07.000,26.41659167,-80.17013167,1.00,15.729,-27.729,0.000,,13,20,,
T,2026-07-18 18:52:08.000,26.41659167,-80.17013167,1.00,15.729,-27.729,0.000,,14,20,,
T,2026-07-18 18:52:09.000,26.41659167,-80.17013167,0.90,15.729,-27.729,0.000,,13,20,,
T,2026-07-18 18:52:10.000,26.41659167,-80.17013167,0.90,15.729,-27.729,0.000,,14,20,,
T,2026-07-18 18:52:11.000,26.41659167,-80.17013167,0.90,15.729,-27.729,0.000,,14,20,,
T,2026-07-18 18:52:12.000,26.41659167,-80.17013167,0.90,15.729,-27.729,0.000,,14,20,,
T,2026-07-18 18:52:13.000,26.41659167,-80.17013167,0.90,15.729,-27.729,0.000,,14,20,,
T,2026-07-18 18:52:14.000,26.41659167,-80.17013167,0.90,15.729,-27.729,0.000,,14,20,,
T,2026-07-18 18:52:15.000,26.41659167,-80.17013167,1.00,15.729,-27.729,0.000,,13,20,,
T,2026-07-18 18:52:16.000,26.41659167,-80.17013167,1.00,15.729,-27.729,0.000,,13,20,,
T,2026-07-18 18:52:17.000,26.41659167,-80.17013167,1.00,15.729,-27.729,0.000,,13,20,,
T,2026-07-18 18:52:18.000,26.41659167,-80.17013167,1.00,15.729,-27.729,0.000,,13,20,,
T,2026-07-18 18:52:19.000,26.41659167,-80.17013167,1.00,15.729,-27.729,0.000,,13,20,,
T,2026-07-18 18:52:20.000,26.41659167,-80.17013167,1.00,15.729,-27.729,0.000,,13,20,,
T,2026-07-18 18:52:21.000,26.41659167,-80.17013167,1.00,15.729,-27.729,0.000,,13,20,,
T,2026-07-18 18:52:22.000,26.41659167,-80.17013167,1.00,15.729,-27.729,0.000,,13,20,,
T,2026-07-18 18:52:23.000,26.41659167,-80.17013167,1.00,15.729,-27.729,0.000,,13,20,,
T,2026-07-18 18:52:24.000,26.41659167,-80.17013167,1.00,15.729,-27.729,0.000,,13,20,,
T,2026-07-18 18:52:25.000,26.41659167,-80.17013167,1.00,15.729,-27.729,0.000,,13,20,,
T,2026-07-18 18:52:26.000,26.41659167,-80.17013167,1.00,15.729,-27.729,0.000,,13,20,,
T,2026-07-18 18:52:27.000,26.41659167,-80.17013167,1.10,15.729,-27.729,0.000,,14,20,,
T,2026-07-18 18:52:28.000,26.41659167,-80.17013167,1.30,15.729,-27.729,0.000,,14,20,,
T,2026-07-18 18:52:29.000,26.41659167,-80.17013167,1.40,15.729,-27.729,0.000,,14,20,,
T,2026-07-18 18:52:30.000,26.41659167,-80.17013167,1.40,15.729,-27.729,0.000,,14,20,,
T,2026-07-18 18:52:31.000,26.41659167,-80.17013167,1.50,15.729,-27.729,0.000,,14,20,,
T,2026-07-18 18:52:32.000,26.41659167,-80.17013167,1.50,15.729,-27.729,0.000,,14,20,,
T,2026-07-18 18:52:33.000,26.41659167,-80.17013167,1.60,15.729,-27.729,0.000,,14,20,,
T,2026-07-18 18:52:34.000,26.41659167,-80.17013167,1.60,15.729,-27.729,0.000,,14,20,,
T,2026-07-18 18:52:35.000,26.41659167,-80.17013167,1.60,15.729,-27.729,0.000,,14,20,,
T,2026-07-18 18:52:36.000,26.41659167,-80.17013167,1.60,15.729,-27.729,0.000,,14,20,,
T,2026-07-18 18:52:37.000,26.41659167,-80.17013167,1.70,15.729,-27.729,0.000,,14,20,,
T,2026-07-18 18:52:38.000,26.41659167,-80.17013167,1.70,15.729,-27.729,0.000,,14,20,,
T,2026-07-18 18:52:39.000,26.41659167,-80.17013167,1.70,15.729,-27.729,0.000,,14,20,,
T,2026-07-18 18:52:40.000,26.41659167,-80.17013167,1.70,15.729,-27.729,0.000,,14,20,,
T,2026-07-18 18:52:41.000,26.41659167,-80.17013167,1.10,15.729,-27.729,0.000,,14,20,,
T,2026-07-18 18:52:42.000,26.41659167,-80.17013167,1.00,15.729,-27.729,0.000,,14,20,,
T,2026-07-18 18:52:43.000,26.41659167,-80.17013167,1.00,15.729,-27.729,0.000,,14,20,,
T,2026-07-18 18:52:44.000,26.41659167,-80.17013167,1.00,15.729,-27.729,0.000,,14,20,,
T,2026-07-18 18:52:45.000,26.41659167,-80.17013167,1.00,15.729,-27.729,0.000,,14,20,,
T,2026-07-18 18:52:46.000,26.41659167,-80.17013167,1.00,15.729,-27.729,0.000,,14,20,,
T,2026-07-18 18:52:47.000,26.41659167,-80.17013167,1.00,15.729,-27.729,0.000,,14,20,,
T,2026-07-18 18:52:48.000,26.41659167,-80.17013167,1.10,15.729,-27.729,0.000,,14,20,,
T,2026-07-18 18:52:49.000,26.41659167,-80.17013167,1.30,15.729,-27.729,0.000,,14,20,,
T,2026-07-18 18:52:50.000,26.41659167,-80.17013167,1.50,15.729,-27.729,0.000,,14,20,,
T,2026-07-18 18:52:51.000,26.41659167,-80.17013167,1.50,15.729,-27.729,0.000,,14,20,,
T,2026-07-18 18:52:52.000,26.41659167,-80.17013167,1.60,15.729,-27.729,0.000,,14,20,,
T,2026-07-18 18:52:53.000,26.41659167,-80.17013167,1.60,15.729,-27.729,0.000,,14,20,,
T,2026-07-18 18:52:54.000,26.41659167,-80.17013167,1.60,15.729,-27.729,0.000,,14,20,,
T,2026-07-18 18:52:55.000,26.41659167,-80.17013167,1.70,15.729,-27.729,0.000,,14,20,,
T,2026-07-18 18:52:56.000,26.41659167,-80.17013167,1.70,15.729,-27.729,0.000,,14,20,,
T,2026-07-18 18:52:57.000,26.41659167,-80.17013167,1.80,15.729,-27.729,0.000,,14,20,,
T,2026-07-18 18:52:58.000,26.41659167,-80.17013167,1.80,15.729,-27.729,0.000,,14,20,,
T,2026-07-18 18:52:59.000,26.41659167,-80.17013167,1.80,15.729,-27.729,0.000,,14,20,,
T,2026-07-18 18:53:00.000,26.41659167,-80.17013167,1.80,15.729,-27.729,0.000,,14,20,,
T,2026-07-18 18:53:01.000,26.41659167,-80.17013167,1.80,15.729,-27.729,0.000,,14,20,,
T,2026-07-18 18:53:02.000,26.41659167,-80.17013167,1.80,15.729,-27.729,0.000,,14,20,,
T,2026-07-18 18:53:03.000,26.41659167,-80.17013167,1.80,15.729,-27.729,0.000,,14,20,,
T,2026-07-18 18:53:04.000,26.41659167,-80.17013167,1.10,15.729,-27.729,0.000,,14,20,,
T,2026-07-18 18:53:05.000,26.41659167,-80.17013167,1.00,15.729,-27.729,0.000,,14,20,,
T,2026-07-18 18:53:06.000,26.41659167,-80.17013167,1.00,15.729,-27.729,0.000,,14,20,,
T,2026-07-18 18:53:07.000,26.41659167,-80.17013167,1.00,15.729,-27.729,0.000,,14,20,,
T,2026-07-18 18:53:08.000,26.41659167,-80.17013167,1.00,15.729,-27.729,0.000,,14,20,,
T,2026-07-18 18:53:09.000,26.41659167,-80.17013167,1.00,15.729,-27.729,0.000,,14,20,,
T,2026-07-18 18:53:10.000,26.41659167,-80.17013167,1.00,15.729,-27.729,0.000,,14,20,,
T,2026-07-18 18:53:11.000,26.41659167,-80.17013167,1.00,15.729,-27.729,0.000,,14,20,,
T,2026-07-18 18:53:12.000,26.41659167,-80.17013167,0.90,15.729,-27.729,0.000,,14,21,,
T,2026-07-18 18:53:13.000,26.41659167,-80.17013167,0.90,15.729,-27.729,0.000,,14,21,,
T,2026-07-18 18:53:14.000,26.41659167,-80.17013167,1.00,15.729,-27.729,0.000,,14,21,,
T,2026-07-18 18:53:15.000,26.41659167,-80.17013167,0.90,15.729,-27.729,0.000,,14,21,,
T,2026-07-18 18:53:16.000,26.41659167,-80.17013167,1.00,15.729,-27.729,0.000,,14,21,,
T,2026-07-18 18:53:17.000,26.41659167,-80.17013167,1.00,15.729,-27.729,0.000,,14,21,,
T,2026-07-18 18:53:18.000,26.41659167,-80.17013167,1.00,15.729,-27.729,0.000,,15,21,,
T,2026-07-18 18:53:19.000,26.41659167,-80.17013167,0.90,15.729,-27.729,0.000,,14,21,,
T,2026-07-18 18:53:20.000,26.41659167,-80.17013167,0.90,15.729,-27.729,0.000,,14,21,,
T,2026-07-18 18:53:21.000,26.41659167,-80.17013167,1.00,15.729,-27.729,0.000,,15,21,,
T,2026-07-18 18:53:22.000,26.41659167,-80.17013167,1.00,15.729,-27.729,0.000,,15,21,,
T,2026-07-18 18:53:23.000,26.41659167,-80.17013167,1.00,15.729,-27.729,0.000,,15,21,,
T,2026-07-18 18:53:24.000,26.41659167,-80.17013167,1.00,15.729,-27.729,0.000,,15,21,,
T,2026-07-18 18:53:25.000,26.41659167,-80.17013167,1.00,15.729,-27.729,0.000,,15,21,,
T,2026-07-18 18:53:26.000,26.41659167,-80.17013167,1.00,15.729,-27.729,0.000,,15,21,,
T,2026-07-18 18:53:27.000,26.41659167,-80.17013167,1.00,15.729,-27.729,0.000,,15,21,,
T,2026-07-18 18:53:28.000,26.41659167,-80.17013167,1.00,15.729,-27.729,0.000,,15,21,,
T,2026-07-18 18:53:29.000,26.41659167,-80.17013167,0.90,15.729,-27.729,0.000,,15,21,,
T,2026-07-18 18:53:30.000,26.41659167,-80.17013167,0.90,15.729,-27.729,0.000,,15,21,,
T,2026-07-18 18:53:31.000,26.41659167,-80.17013167,0.90,15.729,-27.729,0.000,,15,21,,
T,2026-07-18 18:53:32.000,26.41659167,-80.17013167,0.90,15.729,-27.729,0.000,,15,21,,
T,2026-07-18 18:53:33.000,26.41659167,-80.17013167,1.00,15.729,-27.729,0.000,,15,21,,
T,2026-07-18 18:53:34.000,26.41659167,-80.17013167,1.00,15.729,-27.729,0.000,,14,21,,
T,2026-07-18 18:53:35.000,26.41659167,-80.17013167,1.00,15.729,-27.729,0.000,,14,21,,
T,2026-07-18 18:53:36.000,26.41659167,-80.17013167,1.00,15.729,-27.729,0.000,,14,21,,
T,2026-07-18 18:53:37.000,26.41659167,-80.17013167,1.00,15.729,-27.729,0.000,,14,21,,
T,2026-07-18 18:53:38.000,26.41659167,-80.17013167,1.10,15.729,-27.729,0.000,,14,21,,
T,2026-07-18 18:53:39.000,26.41659167,-80.17013167,1.10,15.729,-27.729,0.000,,14,21,,
T,2026-07-18 18:53:40.000,26.41659167,-80.17013167,1.00,15.729,-27.729,0.000,,14,21,,
T,2026-07-18 18:53:41.000,26.41659167,-80.17013167,1.00,15.729,-27.729,0.000,,14,21,,
T,2026-07-18 18:53:42.000,26.41659167,-80.17013167,1.00,15.729,-27.729,0.000,,14,21,,
T,2026-07-18 18:53:43.000,26.41659167,-80.17013167,1.00,15.729,-27.729,0.000,,14,21,,
T,2026-07-18 18:53:44.000,26.41659167,-80.17013167,1.00,15.729,-27.729,0.000,,15,21,,
T,2026-07-18 18:53:45.000,26.41659167,-80.17013167,1.00,15.729,-27.729,0.000,,15,21,,
T,2026-07-18 18:53:46.000,26.41659167,-80.17013167,1.00,15.729,-27.729,0.000,,15,21,,
T,2026-07-18 18:53:47.000,26.41659167,-80.17013167,1.00,15.729,-27.729,0.000,,15,21,,
T,2026-07-18 18:53:48.000,26.41659167,-80.17013167,1.00,15.729,-27.729,0.000,,15,21,,
T,2026-07-18 18:53:49.000,26.41659167,-80.17013167,1.10,15.729,-27.729,0.000,,15,21,,
T,2026-07-18 18:53:50.000,26.41659167,-80.17013167,1.30,15.729,-27.729,0.000,,15,21,,
T,2026-07-18 18:53:51.000,26.41659167,-80.17013167,1.50,15.729,-27.729,0.000,,15,21,,
T,2026-07-18 18:53:52.000,26.41659167,-80.17013167,1.70,15.729,-27.729,0.000,,16,21,,
T,2026-07-18 18:53:53.000,26.41661667,-80.17009833,1.60,17.129,-27.729,1.281,60,15,21,,
T,2026-07-18 18:53:54.000,26.41662833,-80.17008500,1.60,17.029,-27.729,1.274,76,15,21,,
T,2026-07-18 18:53:55.000,26.41663500,-80.17007333,1.60,17.329,-27.729,1.487,74,16,21,,
T,2026-07-18 18:53:56.000,26.41664167,-80.17005667,1.60,17.429,-27.729,1.712,86,16,21,,
T,2026-07-18 18:53:57.000,26.41664167,-80.17003667,1.60,17.429,-27.729,2.017,92,16,21,,
T,2026-07-18 18:53:58.000,26.41663500,-80.17001500,1.70,16.930,-27.730,2.218,101,15,21,,
T,2026-07-18 18:53:59.000,26.41662833,-80.16999500,1.70,17.030,-27.730,2.228,112,15,21,,
T,2026-07-18 18:54:00.000,26.41661833,-80.16997667,1.70,17.530,-27.730,2.351,135,15,21,,
T,2026-07-18 18:54:01.000,26.41660000,-80.16996167,1.70,17.630,-27.730,2.381,155,15,21,,
T,2026-07-18 18:54:02.000,26.41657667,-80.16995833,1.80,17.930,-27.730,2.694,172,15,21,,
T,2026-07-18 18:54:03.000,26.41654500,-80.16996500,1.90,17.730,-27.730,2.669,187,16,21,,
T,2026-07-18 18:54:04.000,26.41651833,-80.16997167,1.90,17.030,-27.730,2.631,196,16,21,,
T,2026-07-18 18:54:05.000,26.41650500,-80.16998667,1.80,16.930,-27.730,2.202,218,16,21,,
T,2026-07-18 18:54:06.000,26.41649000,-80.17000333,1.80,16.629,-27.729,2.189,235,16,21,,
T,2026-07-18 18:54:07.000,26.41647500,-80.17002000,1.80,16.629,-27.729,2.065,241,16,21,,
T,2026-07-18 18:54:08.000,26.41646500,-80.17004167,1.80,16.829,-27.729,1.933,255,16,21,,
T,2026-07-18 18:54:09.000,26.41645667,-80.17006500,1.70,17.029,-27.729,1.897,266,16,21,,
T,2026-07-18 18:54:10.000,26.41645500,-80.17008333,1.70,16.929,-27.729,1.677,272,16,21,,
T,2026-07-18 18:54:11.000,26.41645333,-80.17010333,1.70,16.629,-27.729,1.942,264,16,21,,
T,2026-07-18 18:54:12.000,26.41644667,-80.17012500,1.70,16.329,-27.729,2.143,246,16,21,,
T,2026-07-18 18:54:13.000,26.41644000,-80.17014667,1.70,16.929,-27.729,1.899,220,16,21,,
T,2026-07-18 18:54:14.000,26.41642833,-80.17015667,1.70,17.629,-27.729,2.216,197,16,21,,
T,2026-07-18 18:54:15.000,26.41640167,-80.17015167,1.70,18.329,-27.729,2.704,172,16,21,,
T,2026-07-18 18:54:16.000,26.41638000,-80.17014167,1.80,18.929,-27.729,2.796,166,16,21,,
T,2026-07-18 18:54:17.000,26.41635500,-80.17012500,1.70,19.029,-27.729,2.931,157,16,21,,
T,2026-07-18 18:54:18.000,26.41633333,-80.17011167,1.70,18.929,-27.729,3.516,152,16,21,,
T,2026-07-18 18:54:19.000,26.41631333,-80.17009000,1.80,18.729,-27.729,3.390,139,16,21,,
T,2026-07-18 18:54:20.000,26.41629667,-80.17005833,1.90,18.729,-27.729,3.636,114,16,21,,
T,2026-07-18 18:54:21.000,26.41628667,-80.17001833,1.90,19.129,-27.729,4.159,94,16,21,,
T,2026-07-18 18:54:22.000,26.41628667,-80.16997333,1.90,18.829,-27.729,4.374,84,16,21,,
T,2026-07-18 18:54:23.000,26.41629000,-80.16992167,1.90,18.430,-27.730,4.852,83,16,21,,
T,2026-07-18 18:54:24.000,26.41629500,-80.16987333,1.90,17.530,-27.730,5.090,80,16,21,,
T,2026-07-18 18:54:25.000,26.41630167,-80.16982333,1.90,15.830,-27.730,5.305,83,15,21,,
T,2026-07-18 18:54:26.000,26.41630167,-80.16977500,1.90,14.130,-27.730,5.599,81,15,21,,
T,2026-07-18 18:54:27.000,26.41630833,-80.16972000,1.90,13.431,-27.731,5.825,81,15,21,,
T,2026-07-18 18:54:28.000,26.41631167,-80.16966000,1.90,12.931,-27.731,5.974,88,15,21,,
T,2026-07-18 18:54:29.000,26.41631833,-80.16960333,1.90,13.431,-27.731,6.078,87,16,21,,
T,2026-07-18 18:54:30.000,26.41632333,-80.16954333,1.90,14.931,-27.731,6.192,89,16,21,,
T,2026-07-18 18:54:31.000,26.41631167,-80.16947833,1.90,14.632,-27.732,6.337,90,16,21,,
T,2026-07-18 18:54:32.000,26.41631333,-80.16941000,1.90,14.132,-27.732,6.464,93,16,21,,
T,2026-07-18 18:54:33.000,26.41630833,-80.16934500,2.00,13.932,-27.732,6.576,101,16,21,,
T,2026-07-18 18:54:34.000,26.41629333,-80.16928167,2.00,14.132,-27.732,6.602,102,16,21,,
T,2026-07-18 18:54:35.000,26.41628167,-80.16921833,2.00,14.533,-27.733,6.570,97,16,21,,
T,2026-07-18 18:54:36.000,26.41627667,-80.16914667,2.00,14.933,-27.733,6.462,91,16,21,,
T,2026-07-18 18:54:37.000,26.41626833,-80.16908333,2.00,15.733,-27.733,6.321,90,16,21,,
T,2026-07-18 18:54:38.000,26.41627000,-80.16902167,1.90,16.433,-27.733,6.621,89,16,21,,
T,2026-07-18 18:54:39.000,26.41627667,-80.16895333,1.90,16.534,-27.734,6.358,93,16,21,,
T,2026-07-18 18:54:40.000,26.41628000,-80.16888667,1.90,17.334,-27.734,6.393,86,16,21,,
T,2026-07-18 18:54:41.000,26.41627333,-80.16882167,1.90,18.134,-27.734,6.184,89,16,21,,
T,2026-07-18 18:54:42.000,26.41627167,-80.16876167,1.90,17.734,-27.734,5.917,101,16,21,,
T,2026-07-18 18:54:43.000,26.41625833,-80.16870500,2.00,16.935,-27.735,5.447,107,16,21,,
T,2026-07-18 18:54:44.000,26.41624833,-80.16865333,1.90,16.235,-27.735,5.093,106,16,21,,
T,2026-07-18 18:54:45.000,26.41623500,-80.16860333,2.00,16.035,-27.735,4.628,97,16,21,,
T,2026-07-18 18:54:46.000,26.41622500,-80.16855333,1.90,15.635,-27.735,4.798,93,16,21,,
T,2026-07-18 18:54:47.000,26.41622833,-80.16849833,1.90,15.036,-27.736,5.131,89,15,21,,
T,2026-07-18 18:54:48.000,26.41623167,-80.16845167,1.90,14.436,-27.736,5.153,88,15,21,,
T,2026-07-18 18:54:49.000,26.41623167,-80.16839333,2.00,14.436,-27.736,5.172,90,15,21,,
T,2026-07-18 18:54:50.000,26.41623500,-80.16833833,1.90,14.836,-27.736,5.373,86,15,21,,
T,2026-07-18 18:54:51.000,26.41624667,-80.16828500,1.90,15.236,-27.736,5.391,83,15,21,,
T,2026-07-18 18:54:52.000,26.41625000,-80.16823000,1.90,15.337,-27.737,5.578,93,15,21,,
T,2026-07-18 18:54:53.000,26.41625833,-80.16817500,1.90,15.737,-27.737,5.388,83,15,21,,
T,2026-07-18 18:54:54.000,26.41627500,-80.16812500,1.80,15.737,-27.737,5.603,68,15,21,,
T,2026-07-18 18:54:55.000,26.41630167,-80.16807500,1.90,15.737,-27.737,5.810,60,15,21,,
T,2026-07-18 18:54:56.000,26.41633333,-80.16802667,1.80,16.338,-27.738,5.493,54,15,21,,
T,2026-07-18 18:54:57.000,26.41636333,-80.16798333,1.90,16.738,-27.738,5.235,50,15,21,,
T,2026-07-18 18:54:58.000,26.41640000,-80.16794333,1.90,16.738,-27.738,5.371,47,15,21,,
T,2026-07-18 18:54:59.000,26.41642833,-80.16790167,1.90,17.838,-27.738,5.331,58,15,21,,
T,2026-07-18 18:55:00.000,26.41645000,-80.16785167,1.90,18.238,-27.738,5.546,61,15,21,,
T,2026-07-18 18:55:01.000,26.41648167,-80.16779833,1.90,18.239,-27.739,6.003,56,15,21,,
T,2026-07-18 18:55:02.000,26.41651167,-80.16775167,1.90,18.539,-27.739,5.538,53,15,21,,
T,2026-07-18 18:55:03.000,26.41654167,-80.16771333,1.90,18.439,-27.739,5.137,49,15,21,,
T,2026-07-18 18:55:04.000,26.41656833,-80.16768500,1.90,18.039,-27.739,4.576,41,15,21,,
T,2026-07-18 18:55:05.000,26.41659000,-80.16766000,1.90,17.139,-27.739,4.216,42,15,21,,
T,2026-07-18 18:55:06.000,26.41661333,-80.16763667,1.90,17.139,-27.739,3.901,52,15,21,,
T,2026-07-18 18:55:07.000,26.41663333,-80.16760500,1.90,16.839,-27.739,3.584,65,15,21,,
T,2026-07-18 18:55:08.000,26.41664500,-80.16757500,1.90,17.040,-27.740,3.283,85,15,21,,
T,2026-07-18 18:55:09.000,26.41664000,-80.16754500,2.00,16.940,-27.740,3.017,111,15,21,,
T,2026-07-18 18:55:10.000,26.41662333,-80.16752167,2.00,16.640,-27.740,2.392,130,15,22,,
T,2026-07-18 18:55:11.000,26.41660333,-80.16750667,2.00,16.840,-27.740,1.988,142,15,22,,
T,2026-07-18 18:55:12.000,26.41657833,-80.16749500,2.00,16.640,-27.740,2.295,150,15,22,,
T,2026-07-18 18:55:13.000,26.41655333,-80.16748167,1.90,16.940,-27.740,3.184,154,15,22,,
T,2026-07-18 18:55:14.000,26.41652167,-80.16746167,1.90,17.340,-27.740,3.701,155,15,22,,
T,2026-07-18 18:55:15.000,26.41648500,-80.16744667,1.90,17.940,-27.740,4.041,154,15,22,,
T,2026-07-18 18:55:16.000,26.41645167,-80.16742500,2.00,18.740,-27.740,4.329,152,15,22,,
T,2026-07-18 18:55:17.000,26.41641833,-80.16740667,2.00,19.440,-27.740,4.155,147,15,22,,
T,2026-07-18 18:55:18.000,26.41638167,-80.16738667,2.00,19.840,-27.740,4.117,152,15,22,,
T,2026-07-18 18:55:19.000,26.41634667,-80.16736667,2.00,19.840,-27.740,4.090,152,15,22,,
T,2026-07-18 18:55:20.000,26.41631167,-80.16735000,1.90,19.240,-27.740,3.770,157,15,22,,
T,2026-07-18 18:55:21.000,26.41627833,-80.16733500,1.90,18.840,-27.740,3.456,153,15,22,,
T,2026-07-18 18:55:22.000,26.41625167,-80.16732333,1.90,18.340,-27.740,2.781,148,15,22,,
T,2026-07-18 18:55:23.000,26.41623667,-80.16730000,1.90,17.940,-27.740,2.221,138,15,22,,
T,2026-07-18 18:55:24.000,26.41622500,-80.16728667,1.80,17.741,-27.741,1.597,136,15,22,,
T,2026-07-18 18:55:25.000,26.41621500,-80.16728167,1.80,18.341,-27.741,1.254,136,15,22,,
T,2026-07-18 18:55:26.000,26.41620167,-80.16728333,1.80,18.641,-27.741,1.259,136,15,22,,
T,2026-07-18 18:55:27.000,26.41618667,-80.16728500,1.80,18.841,-27.741,1.992,201,15,22,,
T,2026-07-18 18:55:28.000,26.41617000,-80.16730000,1.80,19.240,-27.740,2.591,221,15,22,,
T,2026-07-18 18:55:29.000,26.41615000,-80.16732000,1.90,19.640,-27.740,3.033,227,15,22,,
T,2026-07-18 18:55:30.000,26.41613000,-80.16734667,1.90,20.140,-27.740,3.609,237,15,22,,
T,2026-07-18 18:55:31.000,26.41611000,-80.16738167,1.80,20.140,-27.740,4.394,237,15,22,,
T,2026-07-18 18:55:32.000,26.41608833,-80.16742667,2.00,20.140,-27.740,4.803,239,15,22,,
T,2026-07-18 18:55:33.000,26.41607167,-80.16747667,2.10,20.240,-27.740,5.320,243,15,22,,
T,2026-07-18 18:55:34.000,26.41604833,-80.16751833,2.00,19.639,-27.739,5.123,242,15,22,,
T,2026-07-18 18:55:35.000,26.41602500,-80.16755667,2.00,18.939,-27.739,4.721,237,15,22,,
T,2026-07-18 18:55:36.000,26.41600333,-80.16759500,1.90,19.239,-27.739,4.286,235,15,22,,
T,2026-07-18 18:55:37.000,26.41598167,-80.16763000,1.90,18.539,-27.739,4.028,237,15,22,,
T,2026-07-18 18:55:38.000,26.41596167,-80.16766333,1.80,18.439,-27.739,3.487,236,15,22,,
T,2026-07-18 18:55:39.000,26.41594167,-80.16768833,1.70,17.839,-27.739,3.250,231,15,22,,
T,2026-07-18 18:55:40.000,26.41592333,-80.16771167,1.70,16.739,-27.739,2.775,234,15,22,,
T,2026-07-18 18:55:41.000,26.41590833,-80.16773000,1.60,15.939,-27.739,2.135,234,15,22,,
T,2026-07-18 18:55:42.000,26.41589500,-80.16774333,1.60,15.338,-27.738,1.419,234,15,22,,
T,2026-07-18 18:55:43.000,26.41588833,-80.16775333,1.60,15.138,-27.738,1.085,234,15,22,,
T,2026-07-18 18:55:44.000,26.41588500,-80.16776000,1.60,15.138,-27.738,0.000,,15,22,,
T,2026-07-18 18:55:45.000,26.41588167,-80.16776500,1.50,15.038,-27.738,0.000,,15,22,,
T,2026-07-18 18:55:46.000,26.41588000,-80.16776667,1.50,15.038,-27.738,0.000,,15,22,,
T,2026-07-18 18:55:47.000,26.41588000,-80.16776667,1.60,15.038,-27.738,0.000,,15,22,,
T,2026-07-18 18:55:48.000,26.41588000,-80.16776667,1.50,15.038,-27.738,0.000,,15,22,,
T,2026-07-18 18:55:49.000,26.41588000,-80.16776667,1.50,15.038,-27.738,0.000,,15,22,,
T,2026-07-18 18:55:50.000,26.41588000,-80.16776667,1.50,15.038,-27.738,0.000,,15,22,,
T,2026-07-18 18:55:51.000,26.41588000,-80.16776667,1.50,15.038,-27.738,0.000,,15,22,,
T,2026-07-18 18:55:52.000,26.41588000,-80.16776667,1.50,15.038,-27.738,0.000,,15,22,,
T,2026-07-18 18:55:53.000,26.41588000,-80.16776667,1.50,15.038,-27.738,0.000,,15,22,,
T,2026-07-18 18:55:54.000,26.41588000,-80.16776667,1.50,15.038,-27.738,0.000,,15,22,,
T,2026-07-18 18:55:55.000,26.41588000,-80.16776667,1.60,15.038,-27.738,0.000,,15,22,,
T,2026-07-18 18:55:56.000,26.41584500,-80.16780833,1.70,15.238,-27.738,2.986,236,15,22,,
T,2026-07-18 18:55:57.000,26.41582167,-80.16784667,1.70,15.038,-27.738,4.486,237,15,22,,
T,2026-07-18 18:55:58.000,26.41579333,-80.16789167,1.70,14.838,-27.738,5.229,236,15,22,,
T,2026-07-18 18:55:59.000,26.41576167,-80.16794000,1.60,14.838,-27.738,5.581,237,15,22,,
T,2026-07-18 18:56:00.000,26.41573000,-80.16799167,1.60,14.937,-27.737,5.698,235,15,22,,
T,2026-07-18 18:56:01.000,26.41570000,-80.16804500,1.60,15.037,-27.737,6.440,236,15,22,,
T,2026-07-18 18:56:02.000,26.41566833,-80.16810500,1.60,15.337,-27.737,6.647,237,15,22,,
T,2026-07-18 18:56:03.000,26.41563500,-80.16816667,1.80,15.937,-27.737,6.644,236,15,22,,
T,2026-07-18 18:56:04.000,26.41559500,-80.16822667,1.90,16.236,-27.736,7.026,235,15,22,,
T,2026-07-18 18:56:05.000,26.41556000,-80.16828500,2.00,16.736,-27.736,7.021,237,15,22,,
T,2026-07-18 18:56:06.000,26.41552333,-80.16834833,1.90,17.236,-27.736,7.194,238,15,22,,
T,2026-07-18 18:56:07.000,26.41548833,-80.16840833,1.90,17.035,-27.735,7.209,237,15,22,,
T,2026-07-18 18:56:08.000,26.41545000,-80.16846833,1.90,17.335,-27.735,7.318,236,15,22,,
T,2026-07-18 18:56:09.000,26.41541667,-80.16853333,1.90,18.035,-27.735,7.406,236,15,22,,
T,2026-07-18 18:56:10.000,26.41538333,-80.16859500,1.90,18.235,-27.735,7.399,236,15,22,,
T,2026-07-18 18:56:11.000,26.41534000,-80.16865333,1.90,17.534,-27.734,7.385,235,15,22,,
T,2026-07-18 18:56:12.000,26.41530167,-80.16871667,1.90,16.434,-27.734,7.493,235,15,22,,
T,2026-07-18 18:56:13.000,26.41526333,-80.16878333,1.90,16.634,-27.734,7.629,236,15,22,,
T,2026-07-18 18:56:14.000,26.41523667,-80.16885333,2.10,17.434,-27.734,7.399,243,15,22,,
T,2026-07-18 18:56:15.000,26.41520667,-80.16892000,2.10,18.033,-27.733,7.735,237,15,22,,
T,2026-07-18 18:56:16.000,26.41516500,-80.16898167,2.10,18.433,-27.733,7.712,232,15,22,,
T,2026-07-18 18:56:17.000,26.41512167,-80.16904500,1.90,19.833,-27.733,7.502,233,15,22,,
T,2026-07-18 18:56:18.000,26.41508667,-80.16910500,1.90,20.432,-27.732,7.233,235,15,22,,
T,2026-07-18 18:56:19.000,26.41503833,-80.16916000,1.90,18.832,-27.732,7.017,232,15,22,,
T,2026-07-18 18:56:20.000,26.41499167,-80.16920000,1.90,17.132,-27.732,6.287,233,15,22,,
T,2026-07-18 18:56:21.000,26.41496000,-80.16923833,2.00,16.632,-27.732,4.787,239,15,22,,
T,2026-07-18 18:56:22.000,26.41495167,-80.16925167,1.90,16.432,-27.732,1.037,239,15,22,,
T,2026-07-18 18:56:23.000,26.41494333,-80.16925000,1.90,15.732,-27.732,0.000,,15,22,,
T,2026-07-18 18:56:24.000,26.41494000,-80.16924833,1.90,15.632,-27.732,0.000,,15,22,,
T,2026-07-18 18:56:25.000,26.41493833,-80.16924667,1.90,15.432,-27.732,0.000,,15,22,,
T,2026-07-18 18:56:26.000,26.41493833,-80.16924667,2.00,15.432,-27.732,0.000,,15,22,,
T,2026-07-18 18:56:27.000,26.41493833,-80.16924667,2.00,15.432,-27.732,0.000,,15,22,,
T,2026-07-18 18:56:28.000,26.41493833,-80.16924667,1.20,15.432,-27.732,0.000,,15,22,,
T,2026-07-18 18:56:29.000,26.41493833,-80.16924667,1.10,15.432,-27.732,0.000,,15,22,,
T,2026-07-18 18:56:30.000,26.41494833,-80.16922333,1.60,15.032,-27.732,2.509,71,15,22,,
T,2026-07-18 18:56:31.000,26.41496333,-80.16920000,1.80,14.632,-27.732,2.693,59,15,22,,
T,2026-07-18 18:56:32.000,26.41497667,-80.16917833,1.70,14.232,-27.732,1.731,66,15,22,,
T,2026-07-18 18:56:33.000,26.41498500,-80.16916500,1.70,13.632,-27.732,0.000,,15,22,,
T,2026-07-18 18:56:34.000,26.41498667,-80.16916167,1.80,13.332,-27.732,0.000,,15,22,,
T,2026-07-18 18:56:35.000,26.41498500,-80.16917167,1.80,13.432,-27.732,0.000,,15,22,,
T,2026-07-18 18:56:36.000,26.41498500,-80.16917167,1.90,13.432,-27.732,0.000,,15,22,,
T,2026-07-18 18:56:37.000,26.41499333,-80.16920333,1.80,12.232,-27.732,2.025,292,15,22,,
T,2026-07-18 18:56:38.000,26.41500333,-80.16922500,1.70,11.232,-27.732,2.586,304,15,22,,
T,2026-07-18 18:56:39.000,26.41502000,-80.16924667,1.70,11.032,-27.732,2.559,295,15,22,,
T,2026-07-18 18:56:40.000,26.41503333,-80.16927333,1.80,10.732,-27.732,3.388,303,15,22,,
T,2026-07-18 18:56:41.000,26.41505833,-80.16930833,1.90,11.232,-27.732,3.980,303,15,22,,
T,2026-07-18 18:56:42.000,26.41508833,-80.16934167,1.90,12.331,-27.731,4.146,310,15,22,,
T,2026-07-18 18:56:43.000,26.41512333,-80.16938000,1.90,13.031,-27.731,4.606,318,15,22,,
T,2026-07-18 18:56:44.000,26.41515500,-80.16941667,1.90,13.031,-27.731,4.866,315,15,22,,
T,2026-07-18 18:56:45.000,26.41518833,-80.16944667,1.90,13.631,-27.731,5.253,316,15,22,,
T,2026-07-18 18:56:46.000,26.41521833,-80.16948333,1.80,13.731,-27.731,5.265,306,15,22,,
T,2026-07-18 18:56:47.000,26.41524000,-80.16953833,1.80,13.131,-27.731,6.138,294,15,22,,
T,2026-07-18 18:56:48.000,26.41525833,-80.16960667,1.80,12.630,-27.730,6.565,283,15,22,,
T,2026-07-18 18:56:49.000,26.41527500,-80.16967667,1.90,13.130,-27.730,6.158,279,15,22,,
T,2026-07-18 18:56:50.000,26.41528167,-80.16974833,1.90,13.130,-27.730,6.322,275,15,22,,
T,2026-07-18 18:56:51.000,26.41527500,-80.16981667,1.90,12.630,-27.730,6.082,264,15,22,,
T,2026-07-18 18:56:52.000,26.41526333,-80.16989000,1.90,12.729,-27.729,6.308,257,15,22,,
T,2026-07-18 18:56:53.000,26.41524500,-80.16995500,1.90,13.429,-27.729,6.448,254,15,22,,
T,2026-07-18 18:56:54.000,26.41522833,-80.17001333,1.90,14.729,-27.729,6.418,253,15,22,,
T,2026-07-18 18:56:55.000,26.41521833,-80.17007167,1.80,14.628,-27.728,6.312,253,15,22,,
T,2026-07-18 18:56:56.000,26.41519833,-80.17012833,1.80,14.428,-27.728,6.290,255,15,22,,
T,2026-07-18 18:56:57.000,26.41518167,-80.17018500,1.90,14.028,-27.728,5.690,255,15,22,,
T,2026-07-18 18:56:58.000,26.41516333,-80.17025167,1.90,14.128,-27.728,6.530,258,15,22,,
T,2026-07-18 18:56:59.000,26.41515167,-80.17031500,2.00,14.127,-27.727,6.286,256,15,22,,
T,2026-07-18 18:57:00.000,26.41513500,-80.17037667,2.10,13.527,-27.727,6.264,258,15,22,,
T,2026-07-18 18:57:01.000,26.41512833,-80.17043500,2.10,13.527,-27.727,6.062,262,15,22,,
T,2026-07-18 18:57:02.000,26.41512167,-80.17049500,2.00,13.227,-27.727,5.855,262,15,22,,
T,2026-07-18 18:57:03.000,26.41512000,-80.17055500,2.00,12.126,-27.726,6.240,264,15,22,,
T,2026-07-18 18:57:04.000,26.41511500,-80.17062833,2.00,11.726,-27.726,6.254,259,15,22,,
T,2026-07-18 18:57:05.000,26.41510667,-80.17070167,2.00,10.726,-27.726,5.895,252,15,22,,
T,2026-07-18 18:57:06.000,26.41508833,-80.17074833,2.10,10.126,-27.726,5.462,242,15,22,,
T,2026-07-18 18:57:07.000,26.41505000,-80.17077333,2.20,9.326,-27.726,4.821,224,15,22,,
T,2026-07-18 18:57:08.000,26.41500167,-80.17078333,2.20,9.225,-27.725,4.523,206,15,22,,
T,2026-07-18 18:57:09.000,26.41494667,-80.17079333,2.20,9.325,-27.725,4.930,195,15,22,,
T,2026-07-18 18:57:10.000,26.41489833,-80.17079333,2.20,9.925,-27.725,5.171,189,15,22,,
T,2026-07-18 18:57:11.000,26.41484333,-80.17079167,2.30,10.525,-27.725,5.938,183,15,22,,
T,2026-07-18 18:57:12.000,26.41477833,-80.17078833,2.30,10.925,-27.725,5.910,182,15,22,,
T,2026-07-18 18:57:13.000,26.41472333,-80.17079500,2.30,12.225,-27.725,5.878,185,15,22,,
T,2026-07-18 18:57:14.000,26.41466833,-80.17080000,2.20,13.025,-27.725,6.063,183,15,22,,
T,2026-07-18 18:57:15.000,26.41460500,-80.17079833,2.30,13.325,-27.725,6.481,185,15,22,,
T,2026-07-18 18:57:16.000,26.41454500,-80.17080333,2.30,12.725,-27.725,6.365,192,15,22,,
T,2026-07-18 18:57:17.000,26.41447833,-80.17080333,2.30,11.925,-27.725,6.829,187,15,22,,
T,2026-07-18 18:57:18.000,26.41441667,-80.17080500,2.30,11.925,-27.725,6.266,183,15,22,,
T,2026-07-18 18:57:19.000,26.41436000,-80.17079833,2.30,12.125,-27.725,6.126,178,15,22,,
T,2026-07-18 18:57:20.000,26.41430167,-80.17079667,2.20,12.525,-27.725,6.456,182,15,22,,
T,2026-07-18 18:57:21.000,26.41423500,-80.17079833,2.20,12.625,-27.725,6.969,179,15,22,,
T,2026-07-18 18:57:22.000,26.41417333,-80.17078833,2.30,12.925,-27.725,7.077,173,15,22,,
T,2026-07-18 18:57:23.000,26.41411667,-80.17078667,2.30,14.425,-27.725,6.835,171,15,22,,
T,2026-07-18 18:57:24.000,26.41406000,-80.17077667,2.30,15.025,-27.725,7.055,171,15,22,,
T,2026-07-18 18:57:25.000,26.41400500,-80.17076333,2.20,15.125,-27.725,7.381,174,15,22,,
T,2026-07-18 18:57:26.000,26.41394167,-80.17075667,2.20,15.825,-27.725,7.496,180,14,22,,
T,2026-07-18 18:57:27.000,26.41387000,-80.17076500,2.10,15.125,-27.725,7.687,182,14,22,,
T,2026-07-18 18:57:28.000,26.41379833,-80.17076833,2.20,15.525,-27.725,7.381,180,15,22,,
T,2026-07-18 18:57:29.000,26.41372500,-80.17076667,2.20,15.825,-27.725,7.406,179,14,22,,
T,2026-07-18 18:57:30.000,26.41365000,-80.17076167,2.20,16.025,-27.725,7.231,176,14,22,,
T,2026-07-18 18:57:31.000,26.41358000,-80.17075500,2.20,17.125,-27.725,7.252,175,14,22,,
T,2026-07-18 18:57:32.000,26.41350667,-80.17075000,2.20,17.225,-27.725,7.529,174,15,22,,
T,2026-07-18 18:57:33.000,26.41343667,-80.17074167,2.10,17.225,-27.725,7.521,177,15,22,,
T,2026-07-18 18:57:34.000,26.41337167,-80.17074500,2.20,18.125,-27.725,7.077,181,15,22,,
T,2026-07-18 18:57:35.000,26.41331333,-80.17074667,2.30,18.525,-27.725,6.761,183,15,22,,
T,2026-07-18 18:57:36.000,26.41325667,-80.17074833,2.30,19.225,-27.725,6.487,180,15,22,,
T,2026-07-18 18:57:37.000,26.41320000,-80.17074667,2.30,18.525,-27.725,6.333,175,15,22,,
T,2026-07-18 18:57:38.000,26.41315167,-80.17073500,2.40,17.525,-27.725,6.327,172,15,22,,
T,2026-07-18 18:57:39.000,26.41310000,-80.17072667,2.40,17.725,-27.725,6.221,171,15,22,,
T,2026-07-18 18:57:40.000,26.41303667,-80.17072167,2.30,18.225,-27.725,6.393,177,15,22,,
T,2026-07-18 18:57:41.000,26.41297667,-80.17071333,2.30,18.525,-27.725,6.393,173,15,22,,
T,2026-07-18 18:57:42.000,26.41292167,-80.17071167,2.30,19.325,-27.725,5.979,169,15,22,,
T,2026-07-18 18:57:43.000,26.41286667,-80.17070333,2.20,20.025,-27.725,6.112,178,14,22,,
T,2026-07-18 18:57:44.000,26.41281000,-80.17070500,2.20,20.725,-27.725,6.391,186,15,22,,
T,2026-07-18 18:57:45.000,26.41275167,-80.17071833,2.20,20.824,-27.724,6.559,192,15,22,,
T,2026-07-18 18:57:46.000,26.41268833,-80.17073000,2.30,20.724,-27.724,6.384,186,15,22,,
T,2026-07-18 18:57:47.000,26.41263667,-80.17073167,2.30,20.724,-27.724,5.314,179,15,22,,
T,2026-07-18 18:57:48.000,26.41257500,-80.17072333,2.30,21.324,-27.724,6.193,180,14,22,,
T,2026-07-18 18:57:49.000,26.41251167,-80.17071500,2.20,22.424,-27.724,6.786,177,15,22,,
T,2026-07-18 18:57:50.000,26.41244833,-80.17071500,2.20,21.824,-27.724,6.566,177,14,22,,
T,2026-07-18 18:57:51.000,26.41238333,-80.17071167,2.20,21.024,-27.724,6.938,176,15,22,,
T,2026-07-18 18:57:52.000,26.41231833,-80.17070833,2.20,20.524,-27.724,7.328,177,15,22,,
T,2026-07-18 18:57:53.000,26.41224667,-80.17070667,2.30,20.724,-27.724,7.513,177,15,22,,
T,2026-07-18 18:57:54.000,26.41217667,-80.17070333,2.30,20.324,-27.724,7.502,178,15,22,,
T,2026-07-18 18:57:55.000,26.41211000,-80.17070167,2.20,18.524,-27.724,7.271,174,14,22,,
T,2026-07-18 18:57:56.000,26.41204500,-80.17069167,2.20,17.124,-27.724,7.161,169,14,22,,
T,2026-07-18 18:57:57.000,26.41198000,-80.17068167,2.10,16.024,-27.724,7.385,175,15,22,,
T,2026-07-18 18:57:58.000,26.41190667,-80.17067833,2.10,15.524,-27.724,7.282,183,15,22,,
T,2026-07-18 18:57:59.000,26.41184333,-80.17068667,2.20,15.124,-27.724,7.064,183,15,22,,
T,2026-07-18 18:58:00.000,26.41178333,-80.17069167,2.20,15.724,-27.724,6.105,183,15,22,,
T,2026-07-18 18:58:01.000,26.41172167,-80.17068667,2.20,16.924,-27.724,6.109,173,15,22,,
T,2026-07-18 18:58:02.000,26.41165667,-80.17067500,2.20,16.924,-27.724,6.441,178,15,22,,
T,2026-07-18 18:58:03.000,26.41159500,-80.17067667,2.20,16.424,-27.724,7.090,180,15,22,,
T,2026-07-18 18:58:04.000,26.41152833,-80.17067167,2.20,16.124,-27.724,7.580,182,15,22,,
T,2026-07-18 18:58:05.000,26.41145667,-80.17066667,2.20,15.924,-27.724,7.366,179,15,22,,
T,2026-07-18 18:58:06.000,26.41139667,-80.17067333,2.10,15.824,-27.724,7.093,182,15,22,,
T,2026-07-18 18:58:07.000,26.41133000,-80.17068333,2.20,15.524,-27.724,7.112,186,15,22,,
T,2026-07-18 18:58:08.000,26.41126833,-80.17069667,2.30,14.424,-27.724,6.811,188,15,22,,
T,2026-07-18 18:58:09.000,26.41122000,-80.17070500,2.40,13.824,-27.724,6.561,192,14,22,,
T,2026-07-18 18:58:10.000,26.41116333,-80.17070833,2.40,12.824,-27.724,6.556,185,15,22,,
T,2026-07-18 18:58:11.000,26.41109500,-80.17069500,2.20,12.724,-27.724,6.906,173,14,22,,
T,2026-07-18 18:58:12.000,26.41102333,-80.17068667,2.30,12.424,-27.724,7.080,171,15,22,,
T,2026-07-18 18:58:13.000,26.41094833,-80.17068500,2.20,12.124,-27.724,6.887,180,15,22,,
T,2026-07-18 18:58:14.000,26.41088000,-80.17069333,2.20,11.523,-27.723,7.189,184,15,22,,
T,2026-07-18 18:58:15.000,26.41081333,-80.17069333,2.20,11.423,-27.723,7.189,182,15,22,,
T,2026-07-18 18:58:16.000,26.41074833,-80.17069000,2.20,12.223,-27.723,7.073,177,14,22,,
T,2026-07-18 18:58:17.000,26.41069167,-80.17068167,2.10,13.923,-27.723,6.864,172,15,22,,
T,2026-07-18 18:58:18.000,26.41062833,-80.17067500,2.00,14.023,-27.723,6.986,179,15,22,,
T,2026-07-18 18:58:19.000,26.41056500,-80.17067667,2.10,13.323,-27.723,7.284,184,15,22,,
T,2026-07-18 18:58:20.000,26.41049333,-80.17068333,2.20,13.123,-27.723,7.530,187,15,22,,
T,2026-07-18 18:58:21.000,26.41042333,-80.17069000,2.30,13.723,-27.723,7.664,183,15,22,,
T,2026-07-18 18:58:22.000,26.41035333,-80.17068667,2.20,14.023,-27.723,7.370,176,14,22,,
T,2026-07-18 18:58:23.000,26.41029000,-80.17068167,2.20,14.323,-27.723,7.352,176,15,22,,
T,2026-07-18 18:58:24.000,26.41022333,-80.17068167,2.30,14.623,-27.723,7.098,180,15,22,,
T,2026-07-18 18:58:25.000,26.41016000,-80.17069000,2.20,13.723,-27.723,7.546,186,15,22,,
T,2026-07-18 18:58:26.000,26.41009167,-80.17069500,2.20,14.023,-27.723,7.521,191,14,22,,
T,2026-07-18 18:58:27.000,26.41001833,-80.17070833,2.40,14.423,-27.723,7.863,192,14,22,,
T,2026-07-18 18:58:28.000,26.40994333,-80.17071667,2.30,14.223,-27.723,7.882,187,13,22,,
T,2026-07-18 18:58:29.000,26.40988167,-80.17071667,2.30,14.223,-27.723,6.968,182,14,22,,
T,2026-07-18 18:58:30.000,26.40982167,-80.17071333,2.40,14.523,-27.723,6.559,177,14,22,,
T,2026-07-18 18:58:31.000,26.40976000,-80.17071167,2.30,13.823,-27.723,6.312,173,13,22,,
T,2026-07-18 18:58:32.000,26.40970833,-80.17070667,2.40,14.623,-27.723,6.104,171,13,22,,
T,2026-07-18 18:58:33.000,26.40965833,-80.17069667,2.30,15.523,-27.723,5.297,170,13,22,,
T,2026-07-18 18:58:34.000,26.40961667,-80.17068500,2.20,14.923,-27.723,4.827,158,14,22,,
T,2026-07-18 18:58:35.000,26.40958333,-80.17065500,2.30,14.623,-27.723,4.196,149,14,22,,
T,2026-07-18 18:58:36.000,26.40956667,-80.17061667,2.30,14.523,-27.723,3.915,126,14,22,,
T,2026-07-18 18:58:37.000,26.40956833,-80.17057000,2.20,14.223,-27.723,3.718,95,14,22,,
T,2026-07-18 18:58:38.000,26.40957667,-80.17052500,2.20,14.223,-27.723,4.375,92,14,22,,
T,2026-07-18 18:58:39.000,26.40958000,-80.17048000,2.10,14.624,-27.724,3.928,90,14,22,,
T,2026-07-18 18:58:40.000,26.40958833,-80.17044667,2.10,15.024,-27.724,3.028,94,14,22,,
T,2026-07-18 18:58:41.000,26.40958833,-80.17041667,2.10,14.724,-27.724,2.072,107,12,22,,
T,2026-07-18 18:58:42.000,26.40958500,-80.17040000,2.10,14.424,-27.724,1.697,124,12,22,,
T,2026-07-18 18:58:43.000,26.40958000,-80.17038667,2.00,13.624,-27.724,1.321,124,13,22,,
T,2026-07-18 18:58:44.000,26.40958000,-80.17037333,2.00,13.424,-27.724,1.289,124,14,22,,
T,2026-07-18 18:58:45.000,26.40958167,-80.17036333,2.00,12.824,-27.724,0.000,,13,22,,
T,2026-07-18 18:58:46.000,26.40958167,-80.17035833,2.10,12.824,-27.724,0.000,,13,22,,
T,2026-07-18 18:58:47.000,26.40958000,-80.17035667,2.10,12.924,-27.724,0.000,,13,22,,
T,2026-07-18 18:58:48.000,26.40958000,-80.17035667,2.10,12.924,-27.724,0.000,,13,22,,
T,2026-07-18 18:58:49.000,26.40958000,-80.17035667,2.10,12.924,-27.724,0.000,,13,22,,
T,2026-07-18 18:58:50.000,26.40958000,-80.17035667,2.10,12.924,-27.724,0.000,,13,22,,
T,2026-07-18 18:58:51.000,26.40958000,-80.17035667,1.20,12.924,-27.724,0.000,,13,22,,
T,2026-07-18 18:58:52.000,26.40958000,-80.17035667,1.00,12.924,-27.724,0.000,,13,22,,
T,2026-07-18 18:58:53.000,26.40958000,-80.17035667,1.00,12.924,-27.724,0.000,,13,22,,
T,2026-07-18 18:58:54.000,26.40958000,-80.17035667,1.00,12.924,-27.724,0.000,,13,22,,
T,2026-07-18 18:58:55.000,26.40958000,-80.17035667,1.00,12.924,-27.724,0.000,,13,22,,
T,2026-07-18 18:58:56.000,26.40958000,-80.17035667,1.00,12.924,-27.724,0.000,,13,22,,
T,2026-07-18 18:58:57.000,26.40958000,-80.17035667,1.00,12.924,-27.724,0.000,,13,22,,
T,2026-07-18 18:58:58.000,26.40958000,-80.17035667,1.00,12.924,-27.724,0.000,,12,22,,
T,2026-07-18 18:58:59.000,26.40958000,-80.17035667,1.00,12.924,-27.724,0.000,,12,22,,
T,2026-07-18 18:59:00.000,26.40958000,-80.17035667,1.00,12.924,-27.724,0.000,,12,22,,
T,2026-07-18 18:59:01.000,26.40958000,-80.17035667,1.00,12.924,-27.724,0.000,,12,22,,
T,2026-07-18 18:59:02.000,26.40958000,-80.17035667,1.00,12.924,-27.724,0.000,,12,22,,
T,2026-07-18 18:59:03.000,26.40958000,-80.17035667,1.00,12.924,-27.724,0.000,,12,22,,
T,2026-07-18 18:59:04.000,26.40958000,-80.17035667,1.00,12.924,-27.724,0.000,,13,22,,
T,2026-07-18 18:59:05.000,26.40958000,-80.17035667,1.00,12.924,-27.724,0.000,,13,22,,
T,2026-07-18 18:59:06.000,26.40958000,-80.17035667,1.00,12.924,-27.724,0.000,,13,22,,
T,2026-07-18 18:59:07.000,26.40958000,-80.17035667,1.00,12.924,-27.724,0.000,,13,22,,
T,2026-07-18 18:59:08.000,26.40958500,-80.17031500,1.50,12.924,-27.724,3.300,91,13,22,,
T,2026-07-18 18:59:09.000,26.40958167,-80.17027333,1.80,12.424,-27.724,4.498,94,13,22,,
T,2026-07-18 18:59:10.000,26.40958000,-80.17022333,2.00,11.825,-27.725,5.152,92,13,22,,
T,2026-07-18 18:59:11.000,26.40957500,-80.17016833,2.00,12.325,-27.725,5.586,91,13,22,,
T,2026-07-18 18:59:12.000,26.40958500,-80.17010500,2.00,11.725,-27.725,6.084,92,13,22,,
T,2026-07-18 18:59:13.000,26.40958333,-80.17004333,2.00,11.125,-27.725,6.547,88,13,22,,
T,2026-07-18 18:59:14.000,26.40958833,-80.16997667,2.00,11.326,-27.726,6.732,88,13,22,,
T,2026-07-18 18:59:15.000,26.40959667,-80.16990667,2.10,11.726,-27.726,7.086,82,13,22,,
T,2026-07-18 18:59:16.000,26.40960333,-80.16983667,2.10,11.526,-27.726,7.053,89,13,22,,
T,2026-07-18 18:59:17.000,26.40960500,-80.16976500,2.10,11.727,-27.727,7.351,94,13,22,,
T,2026-07-18 18:59:18.000,26.40960167,-80.16969667,2.20,12.627,-27.727,7.086,91,13,22,,
T,2026-07-18 18:59:19.000,26.40960667,-80.16961833,2.10,12.927,-27.727,7.102,88,13,22,,
T,2026-07-18 18:59:20.000,26.40960500,-80.16954500,2.00,12.928,-27.728,7.118,85,13,22,,
T,2026-07-18 18:59:21.000,26.40961167,-80.16947000,2.00,13.328,-27.728,6.771,87,13,22,,
T,2026-07-18 18:59:22.000,26.40961333,-80.16940667,1.90,12.328,-27.728,6.351,83,13,22,,
T,2026-07-18 18:59:23.000,26.40961833,-80.16934000,1.90,12.828,-27.728,6.311,86,13,22,,
T,2026-07-18 18:59:24.000,26.40962000,-80.16928167,1.90,13.129,-27.729,6.033,89,13,22,,
T,2026-07-18 18:59:25.000,26.40962500,-80.16922333,2.00,13.129,-27.729,5.822,85,14,22,,
T,2026-07-18 18:59:26.000,26.40963000,-80.16916833,2.00,13.529,-27.729,5.204,88,14,22,,
T,2026-07-18 18:59:27.000,26.40963833,-80.16912500,1.90,13.329,-27.729,4.684,84,14,22,,
T,2026-07-18 18:59:28.000,26.40964167,-80.16908167,1.90,13.529,-27.729,4.137,80,14,22,,
T,2026-07-18 18:59:29.000,26.40965000,-80.16904333,1.80,13.430,-27.730,3.589,79,15,22,,
T,2026-07-18 18:59:30.000,26.40965833,-80.16901000,1.70,13.230,-27.730,3.251,86,15,22,,
T,2026-07-18 18:59:31.000,26.40966000,-80.16897833,1.60,12.530,-27.730,3.010,87,15,22,,
T,2026-07-18 18:59:32.000,26.40966333,-80.16894833,1.80,11.530,-27.730,2.525,84,15,22,,
T,2026-07-18 18:59:33.000,26.40966000,-80.16892333,1.80,10.730,-27.730,2.085,84,15,22,,
T,2026-07-18 18:59:34.000,26.40965833,-80.16889833,1.80,10.230,-27.730,2.247,84,15,22,,
T,2026-07-18 18:59:35.000,26.40965500,-80.16887500,1.80,10.130,-27.730,2.138,84,15,22,,
T,2026-07-18 18:59:36.000,26.40965500,-80.16885167,1.80,10.430,-27.730,2.436,82,15,22,,
T,2026-07-18 18:59:37.000,26.40965667,-80.16883000,1.80,10.130,-27.730,2.243,85,13,22,,
T,2026-07-18 18:59:38.000,26.40965833,-80.16881000,1.80,9.931,-27.731,2.262,86,13,22,,
T,2026-07-18 18:59:39.000,26.40966000,-80.16879000,1.80,10.031,-27.731,1.832,88,14,22,,
T,2026-07-18 18:59:40.000,26.40966333,-80.16877333,1.80,10.231,-27.731,1.419,88,13,22,,
T,2026-07-18 18:59:41.000,26.40966500,-80.16875833,1.80,10.431,-27.731,0.000,,14,22,,
T,2026-07-18 18:59:42.000,26.40966833,-80.16875000,1.80,11.031,-27.731,0.000,,14,22,,
T,2026-07-18 18:59:43.000,26.40967000,-80.16874000,1.70,11.631,-27.731,1.184,88,15,22,,
T,2026-07-18 18:59:44.000,26.40967333,-80.16873167,1.80,11.931,-27.731,1.320,88,14,22,,
T,2026-07-18 18:59:45.000,26.40967500,-80.16871833,1.80,12.531,-27.731,1.497,88,15,22,,
T,2026-07-18 18:59:46.000,26.40968167,-80.16870000,1.80,13.031,-27.731,1.287,88,14,22,,
T,2026-07-18 18:59:47.000,26.40968333,-80.16867833,1.80,13.531,-27.731,2.115,88,14,22,,
T,2026-07-18 18:59:48.000,26.40968333,-80.16865333,1.80,13.731,-27.731,2.568,84,14,22,,
T,2026-07-18 18:59:49.000,26.40968167,-80.16861833,1.80,14.231,-27.731,3.234,92,14,22,,
T,2026-07-18 18:59:50.000,26.40967667,-80.16857833,1.70,14.832,-27.732,3.819,104,15,22,,
T,2026-07-18 18:59:51.000,26.40966500,-80.16854167,1.70,14.932,-27.732,4.134,117,14,22,,
T,2026-07-18 18:59:52.000,26.40965333,-80.16849833,1.70,15.032,-27.732,5.155,101,14,22,,
T,2026-07-18 18:59:53.000,26.40964167,-80.16844833,1.70,15.032,-27.732,5.302,102,15,22,,
T,2026-07-18 18:59:54.000,26.40963167,-80.16839667,1.90,15.332,-27.732,5.478,105,15,22,,
T,2026-07-18 18:59:55.000,26.40962333,-80.16834667,2.00,15.032,-27.732,5.577,109,15,22,,
T,2026-07-18 18:59:56.000,26.40961833,-80.16829000,2.00,14.833,-27.733,5.846,101,15,22,,
T,2026-07-18 18:59:57.000,26.40960833,-80.16823500,1.90,15.133,-27.733,5.867,105,15,22,,
T,2026-07-18 18:59:58.000,26.40959000,-80.16817500,1.80,14.933,-27.733,6.234,99,15,22,,
T,2026-07-18 18:59:59.000,26.40958167,-80.16810667,1.80,15.033,-27.733,6.758,93,15,22,,
T,2026-07-18 19:00:00.000,26.40958167,-80.16803000,1.80,15.834,-27.734,7.166,84,15,22,,
T,2026-07-18 19:00:01.000,26.40959667,-80.16795000,1.90,15.534,-27.734,6.944,73,15,22,,
T,2026-07-18 19:00:02.000,26.40962333,-80.16788333,1.90,15.734,-27.734,6.570,63,15,22,,
T,2026-07-18 19:00:03.000,26.40965667,-80.16783000,1.90,15.235,-27.735,6.536,57,15,22,,
T,2026-07-18 19:00:04.000,26.40968667,-80.16778000,1.90,15.535,-27.735,6.160,60,15,22,,
T,2026-07-18 19:00:05.000,26.40971333,-80.16772833,1.90,15.935,-27.735,5.898,72,15,22,,
T,2026-07-18 19:00:06.000,26.40972167,-80.16766833,1.90,16.835,-27.735,6.071,82,15,22,,
T,2026-07-18 19:00:07.000,26.40972500,-80.16760833,1.90,16.936,-27.736,5.668,88,15,22,,
T,2026-07-18 19:00:08.000,26.40972833,-80.16755000,2.00,17.436,-27.736,5.750,86,14,22,,
T,2026-07-18 19:00:09.000,26.40972667,-80.16749167,1.80,17.336,-27.736,6.031,84,15,22,,
T,2026-07-18 19:00:10.000,26.40972667,-80.16743167,1.90,17.436,-27.736,5.912,97,15,22,,
T,2026-07-18 19:00:11.000,26.40971333,-80.16737333,1.90,17.237,-27.737,6.108,113,15,22,,
T,2026-07-18 19:00:12.000,26.40968833,-80.16731500,2.00,16.937,-27.737,6.497,113,15,22,,
T,2026-07-18 19:00:13.000,26.40966000,-80.16725167,1.90,17.537,-27.737,6.283,107,15,22,,
T,2026-07-18 19:00:14.000,26.40964333,-80.16718833,2.00,18.037,-27.737,6.397,99,15,22,,
T,2026-07-18 19:00:15.000,26.40963833,-80.16712167,2.10,17.938,-27.738,6.540,95,14,22,,
T,2026-07-18 19:00:16.000,26.40964500,-80.16706333,2.10,17.538,-27.738,6.540,94,15,22,,
T,2026-07-18 19:00:17.000,26.40965167,-80.16700333,2.00,17.138,-27.738,6.193,85,15,22,,
T,2026-07-18 19:00:18.000,26.40965167,-80.16694500,1.90,16.438,-27.738,5.606,85,15,22,,
T,2026-07-18 19:00:19.000,26.40965000,-80.16688500,1.90,16.539,-27.739,5.851,84,15,22,,
T,2026-07-18 19:00:20.000,26.40966667,-80.16684167,2.00,17.739,-27.739,4.865,72,15,22,,
T,2026-07-18 19:00:21.000,26.40969500,-80.16681333,1.90,18.739,-27.739,3.464,46,15,22,,
T,2026-07-18 19:00:22.000,26.40971833,-80.16679500,1.80,19.239,-27.739,2.980,44,15,22,,
T,2026-07-18 19:00:23.000,26.40974333,-80.16677667,1.90,19.339,-27.739,3.163,40,15,22,,
T,2026-07-18 19:00:24.000,26.40976167,-80.16675833,1.90,19.439,-27.739,3.195,40,15,22,,
T,2026-07-18 19:00:25.000,26.40978500,-80.16673667,1.90,19.539,-27.739,2.949,46,15,22,,
T,2026-07-18 19:00:26.000,26.40980667,-80.16672167,1.90,19.239,-27.739,2.574,50,15,22,,
T,2026-07-18 19:00:27.000,26.40983000,-80.16671000,1.90,19.239,-27.739,2.067,28,15,22,,
T,2026-07-18 19:00:28.000,26.40984500,-80.16670500,1.90,17.839,-27.739,1.509,11,15,22,,
T,2026-07-18 19:00:29.000,26.40985833,-80.16669667,1.80,16.939,-27.739,1.862,15,15,22,,
T,2026-07-18 19:00:30.000,26.40987333,-80.16669167,1.80,16.739,-27.739,1.701,6,15,22,,
T,2026-07-18 19:00:31.000,26.40988500,-80.16668667,1.90,16.939,-27.739,1.388,6,15,22,,
T,2026-07-18 19:00:32.000,26.40989167,-80.16668500,1.80,17.439,-27.739,0.000,,15,22,,
T,2026-07-18 19:00:33.000,26.40989500,-80.16668500,1.90,17.539,-27.739,0.000,,15,22,,
T,2026-07-18 19:00:34.000,26.40989500,-80.16668833,1.90,17.639,-27.739,0.000,,15,22,,
T,2026-07-18 19:00:35.000,26.40989500,-80.16668833,2.00,17.639,-27.739,0.000,,15,22,,
T,2026-07-18 19:00:36.000,26.40989500,-80.16668833,2.00,17.639,-27.739,0.000,,15,22,,
T,2026-07-18 19:00:37.000,26.40989500,-80.16668833,2.10,17.639,-27.739,0.000,,15,22,,
T,2026-07-18 19:00:38.000,26.40989500,-80.16668833,2.20,17.639,-27.739,0.000,,15,22,,
T,2026-07-18 19:00:39.000,26.40989500,-80.16668833,2.30,17.639,-27.739,0.000,,15,22,,
T,2026-07-18 19:00:40.000,26.40989500,-80.16668833,2.40,17.639,-27.739,0.000,,15,22,,
T,2026-07-18 19:00:41.000,26.40989500,-80.16668833,2.40,17.639,-27.739,0.000,,15,22,,
T,2026-07-18 19:00:42.000,26.40989500,-80.16668833,2.50,17.639,-27.739,0.000,,15,22,,
T,2026-07-18 19:00:43.000,26.40989500,-80.16668833,2.50,17.639,-27.739,0.000,,15,22,,
T,2026-07-18 19:00:44.000,26.40989500,-80.16668833,2.60,17.639,-27.739,0.000,,15,22,,
T,2026-07-18 19:00:45.000,26.40989500,-80.16668833,2.70,17.639,-27.739,0.000,,15,22,,
T,2026-07-18 19:00:46.000,26.40989500,-80.16668833,1.20,17.639,-27.739,0.000,,15,22,,
T,2026-07-18 19:00:47.000,26.40989500,-80.16668833,1.10,17.639,-27.739,0.000,,16,22,,
T,2026-07-18 19:00:48.000,26.40989500,-80.16668833,1.50,17.639,-27.739,0.000,,16,22,,
T,2026-07-18 19:00:49.000,26.40989500,-80.16668833,1.90,17.639,-27.739,0.000,,16,22,,
T,2026-07-18 19:00:50.000,26.40989500,-80.16668833,2.00,17.639,-27.739,0.000,,16,22,,
T,2026-07-18 19:00:51.000,26.40989500,-80.16668833,2.10,17.639,-27.739,0.000,,16,22,,
T,2026-07-18 19:00:52.000,26.40989500,-80.16668833,2.20,17.639,-27.739,0.000,,16,22,,
T,2026-07-18 19:00:53.000,26.40989500,-80.16668833,2.30,17.639,-27.739,0.000,,16,22,,
T,2026-07-18 19:00:54.000,26.40989500,-80.16668833,2.30,17.639,-27.739,0.000,,16,22,,
T,2026-07-18 19:00:55.000,26.40989500,-80.16668833,1.20,17.639,-27.739,0.000,,16,22,,
T,2026-07-18 19:00:56.000,26.40989500,-80.16668833,1.50,17.639,-27.739,0.000,,16,22,,
T,2026-07-18 19:00:57.000,26.40989500,-80.16668833,1.80,17.639,-27.739,0.000,,16,22,,
T,2026-07-18 19:00:58.000,26.40989500,-80.16668833,2.10,17.639,-27.739,0.000,,15,22,,
T,2026-07-18 19:00:59.000,26.40989500,-80.16668833,2.30,17.639,-27.739,0.000,,15,22,,
T,2026-07-18 19:01:00.000,26.40989500,-80.16668833,2.40,17.639,-27.739,0.000,,15,22,,
T,2026-07-18 19:01:01.000,26.40989500,-80.16668833,2.50,17.639,-27.739,0.000,,14,22,,
T,2026-07-18 19:01:02.000,26.40989500,-80.16668833,2.60,17.639,-27.739,0.000,,14,22,,
T,2026-07-18 19:01:03.000,26.40989500,-80.16668833,1.20,17.639,-27.739,0.000,,14,22,,
T,2026-07-18 19:01:04.000,26.40989500,-80.16668833,1.10,17.639,-27.739,0.000,,14,22,,
T,2026-07-18 19:01:05.000,26.40989500,-80.16668833,1.50,17.639,-27.739,0.000,,14,22,,
T,2026-07-18 19:01:06.000,26.40989500,-80.16668833,1.80,17.639,-27.739,0.000,,15,22,,
T,2026-07-18 19:01:07.000,26.40989500,-80.16668833,2.10,17.639,-27.739,0.000,,15,22,,
T,2026-07-18 19:01:08.000,26.40989500,-80.16668833,2.30,17.639,-27.739,0.000,,15,22,,
T,2026-07-18 19:01:09.000,26.40989500,-80.16668833,1.20,17.639,-27.739,0.000,,15,22,,
T,2026-07-18 19:01:10.000,26.40989500,-80.16668833,1.10,17.639,-27.739,0.000,,15,22,,
T,2026-07-18 19:01:11.000,26.40989500,-80.16668833,1.60,17.639,-27.739,0.000,,15,22,,
T,2026-07-18 19:01:12.000,26.40989500,-80.16668833,2.00,17.639,-27.739,0.000,,15,22,,
T,2026-07-18 19:01:13.000,26.40989500,-80.16668833,2.20,17.639,-27.739,0.000,,15,22,,
T,2026-07-18 19:01:14.000,26.40989500,-80.16668833,2.40,17.639,-27.739,0.000,,15,22,,
T,2026-07-18 19:01:15.000,26.40989500,-80.16668833,1.20,17.639,-27.739,0.000,,14,22,,
T,2026-07-18 19:01:16.000,26.40989500,-80.16668833,1.10,17.639,-27.739,0.000,,14,22,,
T,2026-07-18 19:01:17.000,26.40989500,-80.16668833,1.60,17.639,-27.739,0.000,,15,22,,
T,2026-07-18 19:01:18.000,26.40989500,-80.16668833,2.00,17.639,-27.739,0.000,,15,22,,
T,2026-07-18 19:01:19.000,26.40989500,-80.16668833,2.20,17.639,-27.739,0.000,,15,22,,
T,2026-07-18 19:01:20.000,26.40989500,-80.16668833,2.30,17.639,-27.739,0.000,,15,22,,
T,2026-07-18 19:01:21.000,26.40989500,-80.16668833,2.40,17.639,-27.739,0.000,,15,22,,
T,2026-07-18 19:01:22.000,26.40989500,-80.16668833,2.40,17.639,-27.739,0.000,,14,22,,
T,2026-07-18 19:01:23.000,26.40989500,-80.16668833,2.50,17.639,-27.739,0.000,,14,22,,
T,2026-07-18 19:01:24.000,26.40989500,-80.16668833,2.60,17.639,-27.739,0.000,,14,22,,
T,2026-07-18 19:01:25.000,26.40989500,-80.16668833,2.70,17.639,-27.739,0.000,,14,22,,
T,2026-07-18 19:01:26.000,26.40989500,-80.16668833,1.20,17.639,-27.739,0.000,,15,22,,
T,2026-07-18 19:01:27.000,26.40989500,-80.16668833,1.10,17.639,-27.739,0.000,,15,22,,
T,2026-07-18 19:01:28.000,26.40989500,-80.16668833,1.60,17.639,-27.739,0.000,,15,22,,
T,2026-07-18 19:01:29.000,26.40989500,-80.16668833,2.00,17.639,-27.739,0.000,,15,22,,
T,2026-07-18 19:01:30.000,26.40989500,-80.16668833,2.20,17.639,-27.739,0.000,,15,22,,
T,2026-07-18 19:01:31.000,26.40989500,-80.16668833,2.40,17.639,-27.739,0.000,,15,22,,
T,2026-07-18 19:01:32.000,26.40989500,-80.16668833,2.50,17.639,-27.739,0.000,,15,22,,
T,2026-07-18 19:01:33.000,26.40989500,-80.16668833,2.60,17.639,-27.739,0.000,,15,22,,
T,2026-07-18 19:01:34.000,26.40989500,-80.16668833,2.60,17.639,-27.739,0.000,,15,22,,
T,2026-07-18 19:01:35.000,26.40989500,-80.16668833,2.60,17.639,-27.739,0.000,,15,22,,
T,2026-07-18 19:01:36.000,26.40989500,-80.16668833,2.60,17.639,-27.739,0.000,,15,22,,
T,2026-07-18 19:01:37.000,26.40989500,-80.16668833,2.70,17.639,-27.739,0.000,,15,22,,
T,2026-07-18 19:01:38.000,26.40989500,-80.16668833,2.70,17.639,-27.739,0.000,,15,22,,
T,2026-07-18 19:01:39.000,26.40989500,-80.16668833,2.60,17.639,-27.739,0.000,,15,22,,
T,2026-07-18 19:01:40.000,26.40989500,-80.16668833,2.60,17.639,-27.739,0.000,,15,22,,
T,2026-07-18 19:01:41.000,26.40989500,-80.16668833,2.90,17.639,-27.739,0.000,,15,22,,
T,2026-07-18 19:01:42.000,26.40989500,-80.16668833,2.90,17.639,-27.739,0.000,,15,22,,
T,2026-07-18 19:01:43.000,26.40989500,-80.16668833,2.90,17.639,-27.739,0.000,,15,22,,
T,2026-07-18 19:01:44.000,26.40989500,-80.16668833,2.90,17.639,-27.739,0.000,,15,22,,
T,2026-07-18 19:01:45.000,26.40989500,-80.16668833,2.90,17.639,-27.739,0.000,,15,22,,
T,2026-07-18 19:01:46.000,26.40989500,-80.16668833,3.00,17.639,-27.739,0.000,,14,22,,
T,2026-07-18 19:01:47.000,26.40989500,-80.16668833,3.00,17.639,-27.739,0.000,,14,22,,
T,2026-07-18 19:01:48.000,26.40989500,-80.16668833,2.80,17.639,-27.739,0.000,,14,22,,
T,2026-07-18 19:01:49.000,26.40989500,-80.16668833,2.70,17.639,-27.739,0.000,,15,22,,
T,2026-07-18 19:01:50.000,26.40989500,-80.16668833,2.60,17.639,-27.739,0.000,,15,22,,
T,2026-07-18 19:01:51.000,26.40989500,-80.16668833,2.60,17.639,-27.739,0.000,,15,22,,
T,2026-07-18 19:01:52.000,26.40989500,-80.16668833,2.70,17.639,-27.739,0.000,,15,22,,
T,2026-07-18 19:01:53.000,26.40989500,-80.16668833,2.70,17.639,-27.739,0.000,,15,22,,
T,2026-07-18 19:01:54.000,26.40989500,-80.16668833,2.80,17.639,-27.739,0.000,,15,22,,
T,2026-07-18 19:01:55.000,26.40989500,-80.16668833,2.90,17.639,-27.739,0.000,,15,22,,
T,2026-07-18 19:01:56.000,26.40989500,-80.16668833,3.00,17.639,-27.739,0.000,,15,22,,
T,2026-07-18 19:01:57.000,26.40989500,-80.16668833,3.10,17.639,-27.739,0.000,,15,22,,
T,2026-07-18 19:01:58.000,26.40989500,-80.16668833,3.10,17.639,-27.739,0.000,,14,22,,
T,2026-07-18 19:01:59.000,26.40989500,-80.16668833,2.90,17.639,-27.739,0.000,,14,22,,
T,2026-07-18 19:02:00.000,26.40989500,-80.16668833,2.80,17.639,-27.739,0.000,,14,22,,
T,2026-07-18 19:02:01.000,26.40989500,-80.16668833,2.70,17.639,-27.739,0.000,,14,22,,
T,2026-07-18 19:02:02.000,26.40989500,-80.16668833,2.60,17.639,-27.739,0.000,,14,22,,
T,2026-07-18 19:02:03.000,26.40989500,-80.16668833,2.70,17.639,-27.739,0.000,,15,22,,
T,2026-07-18 19:02:04.000,26.40989500,-80.16668833,2.80,17.639,-27.739,0.000,,15,22,,
T,2026-07-18 19:02:05.000,26.40989500,-80.16668833,2.80,17.639,-27.739,0.000,,15,22,,
T,2026-07-18 19:02:06.000,26.40989500,-80.16668833,2.90,17.639,-27.739,0.000,,15,22,,
T,2026-07-18 19:02:07.000,26.40989500,-80.16668833,2.70,17.639,-27.739,0.000,,15,22,,
T,2026-07-18 19:02:08.000,26.40989500,-80.16668833,2.60,17.639,-27.739,0.000,,15,22,,
T,2026-07-18 19:02:09.000,26.40989500,-80.16668833,2.60,17.639,-27.739,0.000,,15,22,,
T,2026-07-18 19:02:10.000,26.40989500,-80.16668833,1.20,17.639,-27.739,0.000,,15,22,,
T,2026-07-18 19:02:11.000,26.40989500,-80.16668833,1.40,17.639,-27.739,0.000,,15,22,,
T,2026-07-18 19:02:12.000,26.40989500,-80.16668833,1.70,17.639,-27.739,0.000,,15,22,,
T,2026-07-18 19:02:13.000,26.40989500,-80.16668833,1.90,17.639,-27.739,0.000,,15,22,,
T,2026-07-18 19:02:14.000,26.40989500,-80.16668833,1.90,17.639,-27.739,0.000,,15,22,,
T,2026-07-18 19:02:15.000,26.40989500,-80.16668833,1.90,17.639,-27.739,0.000,,15,22,,
T,2026-07-18 19:02:16.000,26.40989500,-80.16668833,2.00,17.639,-27.739,0.000,,15,22,,
T,2026-07-18 19:02:17.000,26.40989500,-80.16668833,2.00,17.639,-27.739,0.000,,15,22,,
T,2026-07-18 19:02:18.000,26.40989500,-80.16668833,2.00,17.639,-27.739,0.000,,15,22,,
T,2026-07-18 19:02:19.000,26.40989500,-80.16668833,2.00,17.639,-27.739,0.000,,15,22,,
T,2026-07-18 19:02:20.000,26.40989500,-80.16668833,1.20,17.639,-27.739,0.000,,15,22,,
T,2026-07-18 19:02:21.000,26.40989500,-80.16668833,1.50,17.639,-27.739,0.000,,15,22,,
T,2026-07-18 19:02:22.000,26.40989500,-80.16668833,1.80,17.639,-27.739,0.000,,15,22,,
T,2026-07-18 19:02:23.000,26.40989500,-80.16668833,2.10,17.639,-27.739,0.000,,15,22,,
T,2026-07-18 19:02:24.000,26.40989500,-80.16668833,2.10,17.639,-27.739,0.000,,15,22,,
T,2026-07-18 19:02:25.000,26.40989500,-80.16668833,2.20,17.639,-27.739,0.000,,15,22,,
T,2026-07-18 19:02:26.000,26.40989500,-80.16668833,2.30,17.639,-27.739,0.000,,15,22,,
T,2026-07-18 19:02:27.000,26.40989500,-80.16668833,2.30,17.639,-27.739,0.000,,15,22,,
T,2026-07-18 19:02:28.000,26.40989500,-80.16668833,2.40,17.639,-27.739,0.000,,15,22,,
T,2026-07-18 19:02:29.000,26.40989500,-80.16668833,2.40,17.639,-27.739,0.000,,15,22,,
T,2026-07-18 19:02:30.000,26.40989500,-80.16668833,2.50,17.639,-27.739,0.000,,15,22,,
T,2026-07-18 19:02:31.000,26.40989500,-80.16668833,2.50,17.639,-27.739,0.000,,15,22,,
T,2026-07-18 19:02:32.000,26.40989500,-80.16668833,2.60,17.639,-27.739,0.000,,15,22,,
T,2026-07-18 19:02:33.000,26.40989500,-80.16668833,2.60,17.639,-27.739,0.000,,15,22,,
T,2026-07-18 19:02:34.000,26.40989500,-80.16668833,2.60,17.639,-27.739,0.000,,15,22,,
T,2026-07-18 19:02:35.000,26.40989500,-80.16668833,2.60,17.639,-27.739,0.000,,15,22,,
T,2026-07-18 19:02:36.000,26.40989500,-80.16668833,2.70,17.639,-27.739,0.000,,15,22,,
T,2026-07-18 19:02:37.000,26.40989500,-80.16668833,1.20,17.639,-27.739,0.000,,15,22,,
T,2026-07-18 19:02:38.000,26.40989500,-80.16668833,1.10,17.639,-27.739,0.000,,15,22,,
T,2026-07-18 19:02:39.000,26.40989833,-80.16659333,1.90,25.640,-27.740,1.047,349,15,22,,
T,2026-07-18 19:02:40.000,26.40990167,-80.16659167,2.20,25.640,-27.740,0.000,,15,22,,
T,2026-07-18 19:02:41.000,26.40990167,-80.16658833,2.40,25.740,-27.740,0.000,,15,22,,
T,2026-07-18 19:02:42.000,26.40990000,-80.16658667,2.50,25.740,-27.740,0.000,,15,22,,
T,2026-07-18 19:02:43.000,26.40990000,-80.16658667,2.60,25.740,-27.740,0.000,,15,22,,
T,2026-07-18 19:02:44.000,26.40990000,-80.16658667,2.60,25.740,-27.740,0.000,,15,22,,
T,2026-07-18 19:02:45.000,26.40990000,-80.16658667,2.70,25.740,-27.740,0.000,,15,22,,
T,2026-07-18 19:02:46.000,26.40990000,-80.16658667,2.60,25.740,-27.740,0.000,,15,22,,
T,2026-07-18 19:02:47.000,26.40990000,-80.16658667,2.40,25.740,-27.740,0.000,,15,22,,
T,2026-07-18 19:02:48.000,26.40990000,-80.16658667,2.40,25.740,-27.740,0.000,,15,22,,
