<?xml version="1.0" encoding="UTF-8"?>
<!-- Created with BasicAirData GPS Logger for Android - ver. 3.3.0 -->
<!-- Track 18 = 1352 TrackPoints + 5 Placemarks -->

<!-- Track Statistics (based on Total Time | Time in Movement): -->
<!--  Distance = 2.01 km -->
<!--  Duration = 22:31 | 13:17 -->
<!--  Altitude Gap = 13 m -->
<!--  Max Speed = 9 mph -->
<!--  Avg Speed = 3.3 | 5.7 mph -->
<!--  Direction = E -->
<!--  Activity = running -->
<!--  Altitudes = Corrected using EGM96 grid (bilinear interpolation) -->

<gpx version="1.0"
     creator="BasicAirData GPS Logger 3.3.0"
     xmlns="http://www.topografix.com/GPX/1/0"
     xmlns:xsi="http://www.w3.org/2001/XMLSchema-instance"
     xsi:schemaLocation="http://www.topografix.com/GPX/1/0 http://www.topografix.com/GPX/1/0/gpx.xsd">
<name>GPS Logger 20260724-135456</name>
<desc>ST4-Gate</desc>
<time>2026-07-25T02:04:34Z</time>
<keywords>running</keywords>
<bounds minlat="26.40948167" minlon="-80.16670333" maxlat="26.41265167" maxlon="-80.16107667" />

<wpt lat="26.40988333" lon="-80.16669333"><ele>12.739</ele><time>2026-07-24T17:54:58Z</time><name>Station 4</name><sat>17</sat></wpt>

<wpt lat="26.41094333" lon="-80.16585333"><ele>18.743</ele><time>2026-07-24T18:05:12Z</time><name>Int19</name><sat>17</sat></wpt>

<wpt lat="26.41258000" lon="-80.16404000"><ele>13.152</ele><time>2026-07-24T18:07:00Z</time><name>Int20</name><sat>17</sat></wpt>

<wpt lat="26.41264500" lon="-80.16154000"><ele>12.562</ele><time>2026-07-24T18:08:36Z</time><name>Intxxx</name><sat>14</sat></wpt>

<wpt lat="26.41065000" lon="-80.16109667"><ele>25.963</ele><time>2026-07-24T18:17:45Z</time><name>Gate</name><sat>16</sat></wpt>

<trk>
 <name>Track 20260724-135456</name>
 <trkseg>
  <trkpt lat="26.40988333" lon="-80.16669333"><ele>12.739</ele><time>2026-07-24T17:54:56Z</time><speed>0.000</speed><sat>16</sat></trkpt>
  <trkpt lat="26.40988333" lon="-80.16669333"><ele>12.739</ele><time>2026-07-24T17:54:57Z</time><speed>0.000</speed><sat>16</sat></trkpt>
  <trkpt lat="26.40988333" lon="-80.16669333"><ele>12.739</ele><time>2026-07-24T17:54:58Z</time><speed>0.000</speed><sat>17</sat></trkpt>
  <trkpt lat="26.40988333" lon="-80.16669333"><ele>12.739</ele><time>2026-07-24T17:54:59Z</time><speed>0.000</speed><sat>17</sat></trkpt>
  <trkpt lat="26.40988333" lon="-80.16669333"><ele>12.739</ele><time>2026-07-24T17:55:00Z</time><speed>0.000</speed><sat>17</sat></trkpt>
  <trkpt lat="26.40988333" lon="-80.16669333"><ele>12.739</ele><time>2026-07-24T17:55:01Z</time><speed>0.000</speed><sat>17</sat></trkpt>
  <trkpt lat="26.40988333" lon="-80.16669333"><ele>12.739</ele><time>2026-07-24T17:55:02Z</time><speed>0.000</speed><sat>17</sat></trkpt>
  <trkpt lat="26.40988333" lon="-80.16669333"><ele>12.739</ele><time>2026-07-24T17:55:03Z</time><speed>0.000</speed><sat>17</sat></trkpt>
  <trkpt lat="26.40988333" lon="-80.16669333"><ele>12.739</ele><time>2026-07-24T17:55:04Z</time><speed>0.000</speed><sat>17</sat></trkpt>
  <trkpt lat="26.40988333" lon="-80.16669333"><ele>12.739</ele><time>2026-07-24T17:55:05Z</time><speed>0.000</speed><sat>17</sat></trkpt>
  <trkpt lat="26.40988333" lon="-80.16669333"><ele>12.739</ele><time>2026-07-24T17:55:06Z</time><speed>0.000</speed><sat>17</sat></trkpt>
  <trkpt lat="26.40988333" lon="-80.16669333"><ele>12.739</ele><time>2026-07-24T17:55:07Z</time><speed>0.000</speed><sat>17</sat></trkpt>
  <trkpt lat="26.40988333" lon="-80.16669333"><ele>12.739</ele><time>2026-07-24T17:55:08Z</time><speed>0.000</speed><sat>17</sat></trkpt>
  <trkpt lat="26.40988333" lon="-80.16669333"><ele>12.739</ele><time>2026-07-24T17:55:09Z</time><speed>0.000</speed><sat>17</sat></trkpt>
  <trkpt lat="26.40988333" lon="-80.16669333"><ele>12.739</ele><time>2026-07-24T17:55:10Z</time><speed>0.000</speed><sat>17</sat></trkpt>
  <trkpt lat="26.40988333" lon="-80.16669333"><ele>12.739</ele><time>2026-07-24T17:55:11Z</time><speed>0.000</speed><sat>17</sat></trkpt>
  <trkpt lat="26.40988333" lon="-80.16669333"><ele>12.739</ele><time>2026-07-24T17:55:12Z</time><speed>0.000</speed><sat>17</sat></trkpt>
  <trkpt lat="26.40988333" lon="-80.16669333"><ele>12.739</ele><time>2026-07-24T17:55:13Z</time><speed>0.000</speed><sat>17</sat></trkpt>
  <trkpt lat="26.40988333" lon="-80.16669333"><ele>12.739</ele><time>2026-07-24T17:55:14Z</time><speed>0.000</speed><sat>17</sat></trkpt>
  <trkpt lat="26.40988333" lon="-80.16669333"><ele>12.739</ele><time>2026-07-24T17:55:15Z</time><speed>0.000</speed><sat>17</sat></trkpt>
  <trkpt lat="26.40988333" lon="-80.16669333"><ele>12.739</ele><time>2026-07-24T17:55:16Z</time><speed>0.000</speed><sat>16</sat></trkpt>
  <trkpt lat="26.40988333" lon="-80.16669333"><ele>12.739</ele><time>2026-07-24T17:55:17Z</time><speed>0.000</speed><sat>17</sat></trkpt>
  <trkpt lat="26.40988333" lon="-80.16669333"><ele>12.739</ele><time>2026-07-24T17:55:18Z</time><speed>0.000</speed><sat>17</sat></trkpt>
  <trkpt lat="26.40988333" lon="-80.16669333"><ele>12.739</ele><time>2026-07-24T17:55:19Z</time><speed>0.000</speed><sat>17</sat></trkpt>
  <trkpt lat="26.40988333" lon="-80.16669333"><ele>12.739</ele><time>2026-07-24T17:55:20Z</time><speed>0.000</speed><sat>17</sat></trkpt>
  <trkpt lat="26.40988333" lon="-80.16669333"><ele>12.739</ele><time>2026-07-24T17:55:21Z</time><speed>0.000</speed><sat>17</sat></trkpt>
  <trkpt lat="26.40988333" lon="-80.16669333"><ele>12.739</ele><time>2026-07-24T17:55:22Z</time><speed>0.000</speed><sat>17</sat></trkpt>
  <trkpt lat="26.40988333" lon="-80.16669333"><ele>12.739</ele><time>2026-07-24T17:55:23Z</time><speed>0.000</speed><sat>17</sat></trkpt>
  <trkpt lat="26.40988333" lon="-80.16669333"><ele>12.739</ele><time>2026-07-24T17:55:24Z</time><speed>0.000</speed><sat>17</sat></trkpt>
  <trkpt lat="26.40988333" lon="-80.16669333"><ele>12.739</ele><time>2026-07-24T17:55:25Z</time><speed>0.000</speed><sat>17</sat></trkpt>
  <trkpt lat="26.40986667" lon="-80.16670333"><ele>12.239</ele><time>2026-07-24T17:55:26Z</time><speed>0.295</speed><sat>16</sat></trkpt>
  <trkpt lat="26.40986500" lon="-80.16670167"><ele>12.339</ele><time>2026-07-24T17:55:27Z</time><speed>0.324</speed><sat>16</sat></trkpt>
  <trkpt lat="26.40986500" lon="-80.16670000"><ele>12.239</ele><time>2026-07-24T17:55:28Z</time><speed>0.000</speed><sat>16</sat></trkpt>
  <trkpt lat="26.40986333" lon="-80.16670333"><ele>12.039</ele><time>2026-07-24T17:55:29Z</time><speed>0.000</speed><sat>16</sat></trkpt>
  <trkpt lat="26.40986333" lon="-80.16670333"><ele>11.839</ele><time>2026-07-24T17:55:30Z</time><speed>0.000</speed><sat>17</sat></trkpt>
  <trkpt lat="26.40986333" lon="-80.16670333"><ele>11.839</ele><time>2026-07-24T17:55:31Z</time><speed>0.000</speed><sat>17</sat></trkpt>
  <trkpt lat="26.40986333" lon="-80.16670333"><ele>11.839</ele><time>2026-07-24T17:55:32Z</time><speed>0.000</speed><sat>15</sat></trkpt>
  <trkpt lat="26.40986333" lon="-80.16670333"><ele>11.839</ele><time>2026-07-24T17:55:33Z</time><speed>0.000</speed><sat>16</sat></trkpt>
  <trkpt lat="26.40986333" lon="-80.16670333"><ele>11.839</ele><time>2026-07-24T17:55:34Z</time><speed>0.000</speed><sat>16</sat></trkpt>
  <trkpt lat="26.40986333" lon="-80.16670333"><ele>11.839</ele><time>2026-07-24T17:55:35Z</time><speed>0.000</speed><sat>15</sat></trkpt>
  <trkpt lat="26.40986333" lon="-80.16670333"><ele>11.839</ele><time>2026-07-24T17:55:36Z</time><speed>0.000</speed><sat>15</sat></trkpt>
  <trkpt lat="26.40986333" lon="-80.16670333"><ele>11.839</ele><time>2026-07-24T17:55:37Z</time><speed>0.000</speed><sat>16</sat></trkpt>
  <trkpt lat="26.40986333" lon="-80.16670333"><ele>11.839</ele><time>2026-07-24T17:55:38Z</time><speed>0.000</speed><sat>15</sat></trkpt>
  <trkpt lat="26.40986333" lon="-80.16670333"><ele>11.839</ele><time>2026-07-24T17:55:39Z</time><speed>0.000</speed><sat>16</sat></trkpt>
  <trkpt lat="26.40986833" lon="-80.16667667"><ele>11.039</ele><time>2026-07-24T17:55:40Z</time><speed>0.235</speed><sat>17</sat></trkpt>
  <trkpt lat="26.40986667" lon="-80.16667000"><ele>10.840</ele><time>2026-07-24T17:55:41Z</time><speed>0.283</speed><sat>17</sat></trkpt>
  <trkpt lat="26.40986500" lon="-80.16666500"><ele>10.740</ele><time>2026-07-24T17:55:42Z</time><speed>0.333</speed><sat>17</sat></trkpt>
  <trkpt lat="26.40986500" lon="-80.16665333"><ele>10.640</ele><time>2026-07-24T17:55:43Z</time><speed>0.387</speed><sat>16</sat></trkpt>
  <trkpt lat="26.40986333" lon="-80.16664500"><ele>10.440</ele><time>2026-07-24T17:55:44Z</time><speed>0.450</speed><sat>16</sat></trkpt>
  <trkpt lat="26.40986333" lon="-80.16663500"><ele>10.240</ele><time>2026-07-24T17:55:45Z</time><speed>0.523</speed><sat>16</sat></trkpt>
  <trkpt lat="26.40986500" lon="-80.16662333"><ele>10.140</ele><time>2026-07-24T17:55:46Z</time><speed>0.594</speed><sat>16</sat></trkpt>
  <trkpt lat="26.40986500" lon="-80.16661500"><ele>9.640</ele><time>2026-07-24T17:55:47Z</time><speed>0.692</speed><sat>16</sat></trkpt>
  <trkpt lat="26.40986500" lon="-80.16660000"><ele>9.440</ele><time>2026-07-24T17:55:48Z</time><speed>0.814</speed><sat>17</sat></trkpt>
  <trkpt lat="26.40986333" lon="-80.16658833"><ele>9.140</ele><time>2026-07-24T17:55:49Z</time><speed>0.858</speed><sat>17</sat></trkpt>
  <trkpt lat="26.40985500" lon="-80.16657500"><ele>8.840</ele><time>2026-07-24T17:55:50Z</time><speed>0.939</speed><sat>17</sat></trkpt>
  <trkpt lat="26.40984500" lon="-80.16655833"><ele>8.540</ele><time>2026-07-24T17:55:51Z</time><speed>1.004</speed><sat>17</sat></trkpt>
  <trkpt lat="26.40983667" lon="-80.16654500"><ele>8.140</ele><time>2026-07-24T17:55:52Z</time><speed>1.065</speed><sat>17</sat></trkpt>
  <trkpt lat="26.40982333" lon="-80.16653833"><ele>7.640</ele><time>2026-07-24T17:55:53Z</time><speed>1.130</speed><sat>17</sat></trkpt>
  <trkpt lat="26.40981167" lon="-80.16653500"><ele>7.140</ele><time>2026-07-24T17:55:54Z</time><speed>1.239</speed><sat>17</sat></trkpt>
  <trkpt lat="26.40979667" lon="-80.16653333"><ele>6.840</ele><time>2026-07-24T17:55:55Z</time><speed>1.330</speed><sat>17</sat></trkpt>
  <trkpt lat="26.40978167" lon="-80.16652833"><ele>6.840</ele><time>2026-07-24T17:55:56Z</time><speed>1.427</speed><sat>17</sat></trkpt>
  <trkpt lat="26.40976500" lon="-80.16652333"><ele>7.040</ele><time>2026-07-24T17:55:57Z</time><speed>1.539</speed><sat>17</sat></trkpt>
  <trkpt lat="26.40975000" lon="-80.16651667"><ele>7.140</ele><time>2026-07-24T17:55:58Z</time><speed>1.578</speed><sat>17</sat></trkpt>
  <trkpt lat="26.40973167" lon="-80.16651333"><ele>7.340</ele><time>2026-07-24T17:55:59Z</time><speed>1.638</speed><sat>17</sat></trkpt>
  <trkpt lat="26.40971500" lon="-80.16650333"><ele>7.940</ele><time>2026-07-24T17:56:00Z</time><speed>1.672</speed><sat>17</sat></trkpt>
  <trkpt lat="26.40969833" lon="-80.16649333"><ele>8.240</ele><time>2026-07-24T17:56:01Z</time><speed>1.710</speed><sat>17</sat></trkpt>
  <trkpt lat="26.40968333" lon="-80.16648333"><ele>8.040</ele><time>2026-07-24T17:56:02Z</time><speed>1.788</speed><sat>17</sat></trkpt>
  <trkpt lat="26.40967167" lon="-80.16647000"><ele>8.140</ele><time>2026-07-24T17:56:03Z</time><speed>1.839</speed><sat>17</sat></trkpt>
  <trkpt lat="26.40966500" lon="-80.16645500"><ele>7.940</ele><time>2026-07-24T17:56:04Z</time><speed>1.820</speed><sat>16</sat></trkpt>
  <trkpt lat="26.40966333" lon="-80.16643833"><ele>7.640</ele><time>2026-07-24T17:56:05Z</time><speed>1.838</speed><sat>17</sat></trkpt>
  <trkpt lat="26.40965667" lon="-80.16641833"><ele>7.440</ele><time>2026-07-24T17:56:06Z</time><speed>1.866</speed><sat>17</sat></trkpt>
  <trkpt lat="26.40965833" lon="-80.16639833"><ele>7.441</ele><time>2026-07-24T17:56:07Z</time><speed>1.832</speed><sat>17</sat></trkpt>
  <trkpt lat="26.40965833" lon="-80.16637667"><ele>7.341</ele><time>2026-07-24T17:56:08Z</time><speed>1.826</speed><sat>17</sat></trkpt>
  <trkpt lat="26.40965833" lon="-80.16635833"><ele>7.341</ele><time>2026-07-24T17:56:09Z</time><speed>1.809</speed><sat>17</sat></trkpt>
  <trkpt lat="26.40965333" lon="-80.16634167"><ele>6.841</ele><time>2026-07-24T17:56:10Z</time><speed>1.758</speed><sat>16</sat></trkpt>
  <trkpt lat="26.40965167" lon="-80.16632333"><ele>6.341</ele><time>2026-07-24T17:56:11Z</time><speed>1.758</speed><sat>17</sat></trkpt>
  <trkpt lat="26.40965167" lon="-80.16630167"><ele>6.041</ele><time>2026-07-24T17:56:12Z</time><speed>1.739</speed><sat>17</sat></trkpt>
  <trkpt lat="26.40965000" lon="-80.16628333"><ele>5.741</ele><time>2026-07-24T17:56:13Z</time><speed>1.749</speed><sat>17</sat></trkpt>
  <trkpt lat="26.40964667" lon="-80.16626333"><ele>5.441</ele><time>2026-07-24T17:56:14Z</time><speed>1.799</speed><sat>17</sat></trkpt>
  <trkpt lat="26.40964500" lon="-80.16624333"><ele>5.441</ele><time>2026-07-24T17:56:15Z</time><speed>1.820</speed><sat>17</sat></trkpt>
  <trkpt lat="26.40964333" lon="-80.16622167"><ele>5.641</ele><time>2026-07-24T17:56:16Z</time><speed>1.799</speed><sat>17</sat></trkpt>
  <trkpt lat="26.40964333" lon="-80.16620000"><ele>5.841</ele><time>2026-07-24T17:56:17Z</time><speed>1.838</speed><sat>17</sat></trkpt>
  <trkpt lat="26.40964333" lon="-80.16618000"><ele>5.841</ele><time>2026-07-24T17:56:18Z</time><speed>1.898</speed><sat>17</sat></trkpt>
  <trkpt lat="26.40964500" lon="-80.16615667"><ele>6.042</ele><time>2026-07-24T17:56:19Z</time><speed>1.946</speed><sat>17</sat></trkpt>
  <trkpt lat="26.40964333" lon="-80.16613667"><ele>6.342</ele><time>2026-07-24T17:56:20Z</time><speed>1.985</speed><sat>17</sat></trkpt>
  <trkpt lat="26.40964167" lon="-80.16611500"><ele>6.542</ele><time>2026-07-24T17:56:21Z</time><speed>2.020</speed><sat>17</sat></trkpt>
  <trkpt lat="26.40964333" lon="-80.16609167"><ele>6.142</ele><time>2026-07-24T17:56:22Z</time><speed>2.065</speed><sat>16</sat></trkpt>
  <trkpt lat="26.40964500" lon="-80.16606833"><ele>5.942</ele><time>2026-07-24T17:56:23Z</time><speed>2.108</speed><sat>17</sat></trkpt>
  <trkpt lat="26.40964833" lon="-80.16604667"><ele>5.542</ele><time>2026-07-24T17:56:24Z</time><speed>2.131</speed><sat>17</sat></trkpt>
  <trkpt lat="26.40964833" lon="-80.16602667"><ele>4.942</ele><time>2026-07-24T17:56:25Z</time><speed>2.154</speed><sat>17</sat></trkpt>
  <trkpt lat="26.40964833" lon="-80.16600333"><ele>4.842</ele><time>2026-07-24T17:56:26Z</time><speed>2.232</speed><sat>17</sat></trkpt>
  <trkpt lat="26.40965000" lon="-80.16597833"><ele>4.942</ele><time>2026-07-24T17:56:27Z</time><speed>2.219</speed><sat>17</sat></trkpt>
  <trkpt lat="26.40964833" lon="-80.16596000"><ele>4.842</ele><time>2026-07-24T17:56:28Z</time><speed>2.183</speed><sat>17</sat></trkpt>
  <trkpt lat="26.40965167" lon="-80.16593667"><ele>4.842</ele><time>2026-07-24T17:56:29Z</time><speed>2.189</speed><sat>16</sat></trkpt>
  <trkpt lat="26.40965333" lon="-80.16591333"><ele>5.143</ele><time>2026-07-24T17:56:30Z</time><speed>2.214</speed><sat>16</sat></trkpt>
  <trkpt lat="26.40965167" lon="-80.16589333"><ele>5.343</ele><time>2026-07-24T17:56:31Z</time><speed>2.218</speed><sat>17</sat></trkpt>
  <trkpt lat="26.40965333" lon="-80.16587167"><ele>4.943</ele><time>2026-07-24T17:56:32Z</time><speed>2.199</speed><sat>16</sat></trkpt>
  <trkpt lat="26.40965167" lon="-80.16585167"><ele>4.643</ele><time>2026-07-24T17:56:33Z</time><speed>2.208</speed><sat>16</sat></trkpt>
  <trkpt lat="26.40964500" lon="-80.16583333"><ele>4.443</ele><time>2026-07-24T17:56:34Z</time><speed>2.193</speed><sat>16</sat></trkpt>
  <trkpt lat="26.40964500" lon="-80.16581333"><ele>4.443</ele><time>2026-07-24T17:56:35Z</time><speed>2.179</speed><sat>16</sat></trkpt>
  <trkpt lat="26.40964667" lon="-80.16579333"><ele>4.643</ele><time>2026-07-24T17:56:36Z</time><speed>2.113</speed><sat>17</sat></trkpt>
  <trkpt lat="26.40965000" lon="-80.16577333"><ele>4.743</ele><time>2026-07-24T17:56:37Z</time><speed>2.132</speed><sat>16</sat></trkpt>
  <trkpt lat="26.40965500" lon="-80.16575000"><ele>5.143</ele><time>2026-07-24T17:56:38Z</time><speed>2.172</speed><sat>17</sat></trkpt>
  <trkpt lat="26.40966000" lon="-80.16572833"><ele>5.343</ele><time>2026-07-24T17:56:39Z</time><speed>2.209</speed><sat>17</sat></trkpt>
  <trkpt lat="26.40966667" lon="-80.16570333"><ele>5.943</ele><time>2026-07-24T17:56:40Z</time><speed>2.236</speed><sat>17</sat></trkpt>
  <trkpt lat="26.40967333" lon="-80.16567833"><ele>6.143</ele><time>2026-07-24T17:56:41Z</time><speed>2.266</speed><sat>17</sat></trkpt>
  <trkpt lat="26.40967833" lon="-80.16565333"><ele>6.244</ele><time>2026-07-24T17:56:42Z</time><speed>2.308</speed><sat>17</sat></trkpt>
  <trkpt lat="26.40967667" lon="-80.16563667"><ele>5.744</ele><time>2026-07-24T17:56:43Z</time><speed>2.315</speed><sat>17</sat></trkpt>
  <trkpt lat="26.40968000" lon="-80.16561000"><ele>5.844</ele><time>2026-07-24T17:56:44Z</time><speed>2.351</speed><sat>17</sat></trkpt>
  <trkpt lat="26.40968667" lon="-80.16558833"><ele>6.344</ele><time>2026-07-24T17:56:45Z</time><speed>2.329</speed><sat>17</sat></trkpt>
  <trkpt lat="26.40968167" lon="-80.16556833"><ele>6.644</ele><time>2026-07-24T17:56:46Z</time><speed>2.313</speed><sat>17</sat></trkpt>
  <trkpt lat="26.40967167" lon="-80.16554667"><ele>6.744</ele><time>2026-07-24T17:56:47Z</time><speed>2.318</speed><sat>17</sat></trkpt>
  <trkpt lat="26.40966000" lon="-80.16552333"><ele>6.644</ele><time>2026-07-24T17:56:48Z</time><speed>2.317</speed><sat>17</sat></trkpt>
  <trkpt lat="26.40965000" lon="-80.16550167"><ele>6.244</ele><time>2026-07-24T17:56:49Z</time><speed>2.275</speed><sat>17</sat></trkpt>
  <trkpt lat="26.40964000" lon="-80.16548667"><ele>5.744</ele><time>2026-07-24T17:56:50Z</time><speed>2.234</speed><sat>17</sat></trkpt>
  <trkpt lat="26.40963500" lon="-80.16546833"><ele>5.344</ele><time>2026-07-24T17:56:51Z</time><speed>2.204</speed><sat>17</sat></trkpt>
  <trkpt lat="26.40963333" lon="-80.16544833"><ele>4.944</ele><time>2026-07-24T17:56:52Z</time><speed>2.171</speed><sat>17</sat></trkpt>
  <trkpt lat="26.40963167" lon="-80.16542833"><ele>4.544</ele><time>2026-07-24T17:56:53Z</time><speed>2.135</speed><sat>17</sat></trkpt>
  <trkpt lat="26.40963000" lon="-80.16540833"><ele>4.245</ele><time>2026-07-24T17:56:54Z</time><speed>2.093</speed><sat>17</sat></trkpt>
  <trkpt lat="26.40963333" lon="-80.16538667"><ele>4.245</ele><time>2026-07-24T17:56:55Z</time><speed>2.130</speed><sat>17</sat></trkpt>
  <trkpt lat="26.40963833" lon="-80.16536167"><ele>4.145</ele><time>2026-07-24T17:56:56Z</time><speed>2.187</speed><sat>17</sat></trkpt>
  <trkpt lat="26.40963833" lon="-80.16533667"><ele>4.145</ele><time>2026-07-24T17:56:57Z</time><speed>2.193</speed><sat>17</sat></trkpt>
  <trkpt lat="26.40963833" lon="-80.16531167"><ele>4.345</ele><time>2026-07-24T17:56:58Z</time><speed>2.204</speed><sat>17</sat></trkpt>
  <trkpt lat="26.40963667" lon="-80.16528500"><ele>4.645</ele><time>2026-07-24T17:56:59Z</time><speed>2.243</speed><sat>17</sat></trkpt>
  <trkpt lat="26.40963667" lon="-80.16525833"><ele>4.945</ele><time>2026-07-24T17:57:00Z</time><speed>2.314</speed><sat>17</sat></trkpt>
  <trkpt lat="26.40963500" lon="-80.16523500"><ele>5.445</ele><time>2026-07-24T17:57:01Z</time><speed>2.318</speed><sat>17</sat></trkpt>
  <trkpt lat="26.40963333" lon="-80.16521000"><ele>5.845</ele><time>2026-07-24T17:57:02Z</time><speed>2.340</speed><sat>17</sat></trkpt>
  <trkpt lat="26.40963333" lon="-80.16518667"><ele>6.245</ele><time>2026-07-24T17:57:03Z</time><speed>2.364</speed><sat>17</sat></trkpt>
  <trkpt lat="26.40963500" lon="-80.16516500"><ele>6.446</ele><time>2026-07-24T17:57:04Z</time><speed>2.404</speed><sat>17</sat></trkpt>
  <trkpt lat="26.40963500" lon="-80.16514000"><ele>6.546</ele><time>2026-07-24T17:57:05Z</time><speed>2.423</speed><sat>17</sat></trkpt>
  <trkpt lat="26.40963667" lon="-80.16511333"><ele>6.746</ele><time>2026-07-24T17:57:06Z</time><speed>2.417</speed><sat>17</sat></trkpt>
  <trkpt lat="26.40963667" lon="-80.16508833"><ele>6.746</ele><time>2026-07-24T17:57:07Z</time><speed>2.397</speed><sat>17</sat></trkpt>
  <trkpt lat="26.40963667" lon="-80.16506500"><ele>6.746</ele><time>2026-07-24T17:57:08Z</time><speed>2.409</speed><sat>17</sat></trkpt>
  <trkpt lat="26.40963667" lon="-80.16504000"><ele>6.146</ele><time>2026-07-24T17:57:09Z</time><speed>2.421</speed><sat>17</sat></trkpt>
  <trkpt lat="26.40963500" lon="-80.16501333"><ele>5.946</ele><time>2026-07-24T17:57:10Z</time><speed>2.432</speed><sat>17</sat></trkpt>
  <trkpt lat="26.40963333" lon="-80.16498500"><ele>5.846</ele><time>2026-07-24T17:57:11Z</time><speed>2.473</speed><sat>17</sat></trkpt>
  <trkpt lat="26.40963500" lon="-80.16495833"><ele>5.546</ele><time>2026-07-24T17:57:12Z</time><speed>2.487</speed><sat>17</sat></trkpt>
  <trkpt lat="26.40963833" lon="-80.16493167"><ele>5.447</ele><time>2026-07-24T17:57:13Z</time><speed>2.516</speed><sat>17</sat></trkpt>
  <trkpt lat="26.40964167" lon="-80.16490667"><ele>5.647</ele><time>2026-07-24T17:57:14Z</time><speed>2.501</speed><sat>17</sat></trkpt>
  <trkpt lat="26.40964500" lon="-80.16488167"><ele>5.647</ele><time>2026-07-24T17:57:15Z</time><speed>2.448</speed><sat>17</sat></trkpt>
  <trkpt lat="26.40964500" lon="-80.16485833"><ele>5.547</ele><time>2026-07-24T17:57:16Z</time><speed>2.439</speed><sat>17</sat></trkpt>
  <trkpt lat="26.40964500" lon="-80.16483333"><ele>5.547</ele><time>2026-07-24T17:57:17Z</time><speed>2.446</speed><sat>17</sat></trkpt>
  <trkpt lat="26.40964667" lon="-80.16480833"><ele>5.847</ele><time>2026-07-24T17:57:18Z</time><speed>2.418</speed><sat>17</sat></trkpt>
  <trkpt lat="26.40964833" lon="-80.16478333"><ele>6.047</ele><time>2026-07-24T17:57:19Z</time><speed>2.396</speed><sat>17</sat></trkpt>
  <trkpt lat="26.40965000" lon="-80.16476000"><ele>5.847</ele><time>2026-07-24T17:57:20Z</time><speed>2.361</speed><sat>17</sat></trkpt>
  <trkpt lat="26.40965167" lon="-80.16473667"><ele>5.647</ele><time>2026-07-24T17:57:21Z</time><speed>2.341</speed><sat>17</sat></trkpt>
  <trkpt lat="26.40965500" lon="-80.16471167"><ele>5.247</ele><time>2026-07-24T17:57:22Z</time><speed>2.349</speed><sat>17</sat></trkpt>
  <trkpt lat="26.40965500" lon="-80.16468667"><ele>4.748</ele><time>2026-07-24T17:57:23Z</time><speed>2.344</speed><sat>17</sat></trkpt>
  <trkpt lat="26.40965167" lon="-80.16466667"><ele>4.548</ele><time>2026-07-24T17:57:24Z</time><speed>2.296</speed><sat>17</sat></trkpt>
  <trkpt lat="26.40964833" lon="-80.16464333"><ele>5.048</ele><time>2026-07-24T17:57:25Z</time><speed>2.302</speed><sat>17</sat></trkpt>
  <trkpt lat="26.40964500" lon="-80.16462000"><ele>5.148</ele><time>2026-07-24T17:57:26Z</time><speed>2.277</speed><sat>17</sat></trkpt>
  <trkpt lat="26.40964167" lon="-80.16459833"><ele>5.148</ele><time>2026-07-24T17:57:27Z</time><speed>2.259</speed><sat>17</sat></trkpt>
  <trkpt lat="26.40964000" lon="-80.16457667"><ele>5.648</ele><time>2026-07-24T17:57:28Z</time><speed>2.260</speed><sat>17</sat></trkpt>
  <trkpt lat="26.40963833" lon="-80.16455333"><ele>6.048</ele><time>2026-07-24T17:57:29Z</time><speed>2.249</speed><sat>17</sat></trkpt>
  <trkpt lat="26.40963667" lon="-80.16453167"><ele>6.248</ele><time>2026-07-24T17:57:30Z</time><speed>2.229</speed><sat>17</sat></trkpt>
  <trkpt lat="26.40963667" lon="-80.16451000"><ele>6.148</ele><time>2026-07-24T17:57:31Z</time><speed>2.204</speed><sat>17</sat></trkpt>
  <trkpt lat="26.40963500" lon="-80.16449000"><ele>5.948</ele><time>2026-07-24T17:57:32Z</time><speed>2.152</speed><sat>17</sat></trkpt>
  <trkpt lat="26.40963833" lon="-80.16446667"><ele>6.148</ele><time>2026-07-24T17:57:33Z</time><speed>2.102</speed><sat>17</sat></trkpt>
  <trkpt lat="26.40963833" lon="-80.16444667"><ele>6.149</ele><time>2026-07-24T17:57:34Z</time><speed>2.140</speed><sat>17</sat></trkpt>
  <trkpt lat="26.40963833" lon="-80.16442333"><ele>6.149</ele><time>2026-07-24T17:57:35Z</time><speed>2.177</speed><sat>17</sat></trkpt>
  <trkpt lat="26.40963833" lon="-80.16439833"><ele>6.349</ele><time>2026-07-24T17:57:36Z</time><speed>2.227</speed><sat>17</sat></trkpt>
  <trkpt lat="26.40963833" lon="-80.16437333"><ele>6.649</ele><time>2026-07-24T17:57:37Z</time><speed>2.248</speed><sat>17</sat></trkpt>
  <trkpt lat="26.40963833" lon="-80.16434833"><ele>6.849</ele><time>2026-07-24T17:57:38Z</time><speed>2.258</speed><sat>17</sat></trkpt>
  <trkpt lat="26.40964000" lon="-80.16432167"><ele>7.149</ele><time>2026-07-24T17:57:39Z</time><speed>2.267</speed><sat>17</sat></trkpt>
  <trkpt lat="26.40964000" lon="-80.16430000"><ele>7.049</ele><time>2026-07-24T17:57:40Z</time><speed>2.285</speed><sat>17</sat></trkpt>
  <trkpt lat="26.40964167" lon="-80.16427500"><ele>7.249</ele><time>2026-07-24T17:57:41Z</time><speed>2.302</speed><sat>17</sat></trkpt>
  <trkpt lat="26.40964167" lon="-80.16425000"><ele>7.249</ele><time>2026-07-24T17:57:42Z</time><speed>2.333</speed><sat>17</sat></trkpt>
  <trkpt lat="26.40964167" lon="-80.16422667"><ele>7.049</ele><time>2026-07-24T17:57:43Z</time><speed>2.353</speed><sat>17</sat></trkpt>
  <trkpt lat="26.40964167" lon="-80.16420333"><ele>7.050</ele><time>2026-07-24T17:57:44Z</time><speed>2.353</speed><sat>17</sat></trkpt>
  <trkpt lat="26.40964333" lon="-80.16417667"><ele>7.250</ele><time>2026-07-24T17:57:45Z</time><speed>2.348</speed><sat>17</sat></trkpt>
  <trkpt lat="26.40964167" lon="-80.16415333"><ele>7.450</ele><time>2026-07-24T17:57:46Z</time><speed>2.329</speed><sat>17</sat></trkpt>
  <trkpt lat="26.40963667" lon="-80.16413000"><ele>7.450</ele><time>2026-07-24T17:57:47Z</time><speed>2.326</speed><sat>17</sat></trkpt>
  <trkpt lat="26.40963167" lon="-80.16410667"><ele>7.550</ele><time>2026-07-24T17:57:48Z</time><speed>2.334</speed><sat>17</sat></trkpt>
  <trkpt lat="26.40962833" lon="-80.16408333"><ele>7.450</ele><time>2026-07-24T17:57:49Z</time><speed>2.345</speed><sat>17</sat></trkpt>
  <trkpt lat="26.40962667" lon="-80.16406000"><ele>7.250</ele><time>2026-07-24T17:57:50Z</time><speed>2.331</speed><sat>17</sat></trkpt>
  <trkpt lat="26.40962500" lon="-80.16403500"><ele>7.050</ele><time>2026-07-24T17:57:51Z</time><speed>2.354</speed><sat>17</sat></trkpt>
  <trkpt lat="26.40962167" lon="-80.16401000"><ele>6.850</ele><time>2026-07-24T17:57:52Z</time><speed>2.377</speed><sat>17</sat></trkpt>
  <trkpt lat="26.40961833" lon="-80.16398500"><ele>6.550</ele><time>2026-07-24T17:57:53Z</time><speed>2.372</speed><sat>17</sat></trkpt>
  <trkpt lat="26.40961333" lon="-80.16396500"><ele>6.251</ele><time>2026-07-24T17:57:54Z</time><speed>2.348</speed><sat>17</sat></trkpt>
  <trkpt lat="26.40960667" lon="-80.16394333"><ele>6.051</ele><time>2026-07-24T17:57:55Z</time><speed>2.338</speed><sat>17</sat></trkpt>
  <trkpt lat="26.40960000" lon="-80.16392167"><ele>5.951</ele><time>2026-07-24T17:57:56Z</time><speed>2.356</speed><sat>17</sat></trkpt>
  <trkpt lat="26.40959833" lon="-80.16390000"><ele>5.651</ele><time>2026-07-24T17:57:57Z</time><speed>2.379</speed><sat>17</sat></trkpt>
  <trkpt lat="26.40959500" lon="-80.16387667"><ele>5.551</ele><time>2026-07-24T17:57:58Z</time><speed>2.346</speed><sat>17</sat></trkpt>
  <trkpt lat="26.40959000" lon="-80.16385167"><ele>5.551</ele><time>2026-07-24T17:57:59Z</time><speed>2.331</speed><sat>17</sat></trkpt>
  <trkpt lat="26.40958500" lon="-80.16382667"><ele>5.851</ele><time>2026-07-24T17:58:00Z</time><speed>2.344</speed><sat>17</sat></trkpt>
  <trkpt lat="26.40958500" lon="-80.16380333"><ele>5.951</ele><time>2026-07-24T17:58:01Z</time><speed>2.325</speed><sat>17</sat></trkpt>
  <trkpt lat="26.40958833" lon="-80.16378167"><ele>5.651</ele><time>2026-07-24T17:58:02Z</time><speed>2.295</speed><sat>17</sat></trkpt>
  <trkpt lat="26.40959000" lon="-80.16375833"><ele>5.551</ele><time>2026-07-24T17:58:03Z</time><speed>2.311</speed><sat>17</sat></trkpt>
  <trkpt lat="26.40959167" lon="-80.16373500"><ele>5.651</ele><time>2026-07-24T17:58:04Z</time><speed>2.324</speed><sat>17</sat></trkpt>
  <trkpt lat="26.40959333" lon="-80.16371167"><ele>5.552</ele><time>2026-07-24T17:58:05Z</time><speed>2.310</speed><sat>17</sat></trkpt>
  <trkpt lat="26.40959333" lon="-80.16369000"><ele>5.552</ele><time>2026-07-24T17:58:06Z</time><speed>2.285</speed><sat>17</sat></trkpt>
  <trkpt lat="26.40959500" lon="-80.16366833"><ele>5.652</ele><time>2026-07-24T17:58:07Z</time><speed>2.256</speed><sat>17</sat></trkpt>
  <trkpt lat="26.40959833" lon="-80.16364667"><ele>5.552</ele><time>2026-07-24T17:58:08Z</time><speed>2.259</speed><sat>17</sat></trkpt>
  <trkpt lat="26.40959833" lon="-80.16362500"><ele>5.752</ele><time>2026-07-24T17:58:09Z</time><speed>2.251</speed><sat>17</sat></trkpt>
  <trkpt lat="26.40959167" lon="-80.16360167"><ele>5.852</ele><time>2026-07-24T17:58:10Z</time><speed>2.280</speed><sat>17</sat></trkpt>
  <trkpt lat="26.40958333" lon="-80.16357667"><ele>5.952</ele><time>2026-07-24T17:58:11Z</time><speed>2.313</speed><sat>17</sat></trkpt>
  <trkpt lat="26.40957333" lon="-80.16355000"><ele>5.852</ele><time>2026-07-24T17:58:12Z</time><speed>2.356</speed><sat>17</sat></trkpt>
  <trkpt lat="26.40956000" lon="-80.16353500"><ele>5.652</ele><time>2026-07-24T17:58:13Z</time><speed>2.411</speed><sat>17</sat></trkpt>
  <trkpt lat="26.40954833" lon="-80.16350833"><ele>5.952</ele><time>2026-07-24T17:58:14Z</time><speed>2.478</speed><sat>16</sat></trkpt>
  <trkpt lat="26.40953500" lon="-80.16348667"><ele>5.952</ele><time>2026-07-24T17:58:15Z</time><speed>2.550</speed><sat>15</sat></trkpt>
  <trkpt lat="26.40952500" lon="-80.16346500"><ele>6.053</ele><time>2026-07-24T17:58:16Z</time><speed>2.557</speed><sat>16</sat></trkpt>
  <trkpt lat="26.40951333" lon="-80.16344167"><ele>5.653</ele><time>2026-07-24T17:58:17Z</time><speed>2.574</speed><sat>17</sat></trkpt>
  <trkpt lat="26.40950000" lon="-80.16342000"><ele>5.253</ele><time>2026-07-24T17:58:18Z</time><speed>2.567</speed><sat>16</sat></trkpt>
  <trkpt lat="26.40949333" lon="-80.16340333"><ele>4.853</ele><time>2026-07-24T17:58:19Z</time><speed>2.539</speed><sat>17</sat></trkpt>
  <trkpt lat="26.40949000" lon="-80.16338833"><ele>4.553</ele><time>2026-07-24T17:58:20Z</time><speed>2.464</speed><sat>17</sat></trkpt>
  <trkpt lat="26.40948667" lon="-80.16337167"><ele>4.253</ele><time>2026-07-24T17:58:21Z</time><speed>2.380</speed><sat>17</sat></trkpt>
  <trkpt lat="26.40948333" lon="-80.16335500"><ele>4.153</ele><time>2026-07-24T17:58:22Z</time><speed>2.288</speed><sat>17</sat></trkpt>
  <trkpt lat="26.40948167" lon="-80.16333500"><ele>4.253</ele><time>2026-07-24T17:58:23Z</time><speed>2.180</speed><sat>17</sat></trkpt>
  <trkpt lat="26.40948500" lon="-80.16331333"><ele>4.453</ele><time>2026-07-24T17:58:24Z</time><speed>2.085</speed><sat>17</sat></trkpt>
  <trkpt lat="26.40948833" lon="-80.16329500"><ele>4.153</ele><time>2026-07-24T17:58:25Z</time><speed>1.984</speed><sat>17</sat></trkpt>
  <trkpt lat="26.40949167" lon="-80.16327833"><ele>3.953</ele><time>2026-07-24T17:58:26Z</time><speed>1.910</speed><sat>17</sat></trkpt>
  <trkpt lat="26.40949333" lon="-80.16326167"><ele>4.053</ele><time>2026-07-24T17:58:27Z</time><speed>1.851</speed><sat>17</sat></trkpt>
  <trkpt lat="26.40949333" lon="-80.16324167"><ele>4.153</ele><time>2026-07-24T17:58:28Z</time><speed>1.885</speed><sat>17</sat></trkpt>
  <trkpt lat="26.40950167" lon="-80.16321833"><ele>4.154</ele><time>2026-07-24T17:58:29Z</time><speed>1.937</speed><sat>17</sat></trkpt>
  <trkpt lat="26.40951000" lon="-80.16319000"><ele>4.354</ele><time>2026-07-24T17:58:30Z</time><speed>2.018</speed><sat>17</sat></trkpt>
  <trkpt lat="26.40951500" lon="-80.16316500"><ele>5.154</ele><time>2026-07-24T17:58:31Z</time><speed>2.051</speed><sat>17</sat></trkpt>
  <trkpt lat="26.40951333" lon="-80.16314667"><ele>5.054</ele><time>2026-07-24T17:58:32Z</time><speed>2.029</speed><sat>17</sat></trkpt>
  <trkpt lat="26.40950833" lon="-80.16312833"><ele>4.854</ele><time>2026-07-24T17:58:33Z</time><speed>1.991</speed><sat>17</sat></trkpt>
  <trkpt lat="26.40950833" lon="-80.16311000"><ele>5.054</ele><time>2026-07-24T17:58:34Z</time><speed>1.988</speed><sat>17</sat></trkpt>
  <trkpt lat="26.40950667" lon="-80.16308833"><ele>4.854</ele><time>2026-07-24T17:58:35Z</time><speed>2.002</speed><sat>17</sat></trkpt>
  <trkpt lat="26.40950500" lon="-80.16306833"><ele>4.854</ele><time>2026-07-24T17:58:36Z</time><speed>2.061</speed><sat>17</sat></trkpt>
  <trkpt lat="26.40950500" lon="-80.16304667"><ele>4.654</ele><time>2026-07-24T17:58:37Z</time><speed>2.130</speed><sat>17</sat></trkpt>
  <trkpt lat="26.40950333" lon="-80.16302333"><ele>4.654</ele><time>2026-07-24T17:58:38Z</time><speed>2.160</speed><sat>16</sat></trkpt>
  <trkpt lat="26.40950833" lon="-80.16299333"><ele>5.054</ele><time>2026-07-24T17:58:39Z</time><speed>2.131</speed><sat>17</sat></trkpt>
  <trkpt lat="26.40950833" lon="-80.16297000"><ele>5.355</ele><time>2026-07-24T17:58:40Z</time><speed>2.064</speed><sat>17</sat></trkpt>
  <trkpt lat="26.40950500" lon="-80.16294500"><ele>5.455</ele><time>2026-07-24T17:58:41Z</time><speed>2.069</speed><sat>17</sat></trkpt>
  <trkpt lat="26.40950000" lon="-80.16291833"><ele>5.255</ele><time>2026-07-24T17:58:42Z</time><speed>2.136</speed><sat>17</sat></trkpt>
  <trkpt lat="26.40949500" lon="-80.16289167"><ele>5.155</ele><time>2026-07-24T17:58:43Z</time><speed>2.224</speed><sat>17</sat></trkpt>
  <trkpt lat="26.40949000" lon="-80.16286833"><ele>4.655</ele><time>2026-07-24T17:58:44Z</time><speed>2.256</speed><sat>17</sat></trkpt>
  <trkpt lat="26.40948833" lon="-80.16284333"><ele>4.755</ele><time>2026-07-24T17:58:45Z</time><speed>2.297</speed><sat>17</sat></trkpt>
  <trkpt lat="26.40949000" lon="-80.16282167"><ele>4.655</ele><time>2026-07-24T17:58:46Z</time><speed>2.317</speed><sat>17</sat></trkpt>
  <trkpt lat="26.40949667" lon="-80.16279500"><ele>4.855</ele><time>2026-07-24T17:58:47Z</time><speed>2.319</speed><sat>17</sat></trkpt>
  <trkpt lat="26.40950167" lon="-80.16276667"><ele>5.355</ele><time>2026-07-24T17:58:48Z</time><speed>2.286</speed><sat>17</sat></trkpt>
  <trkpt lat="26.40949833" lon="-80.16274167"><ele>5.856</ele><time>2026-07-24T17:58:49Z</time><speed>2.299</speed><sat>17</sat></trkpt>
  <trkpt lat="26.40949333" lon="-80.16272000"><ele>5.756</ele><time>2026-07-24T17:58:50Z</time><speed>2.336</speed><sat>17</sat></trkpt>
  <trkpt lat="26.40949167" lon="-80.16269667"><ele>5.356</ele><time>2026-07-24T17:58:51Z</time><speed>2.349</speed><sat>17</sat></trkpt>
  <trkpt lat="26.40949000" lon="-80.16267500"><ele>4.856</ele><time>2026-07-24T17:58:52Z</time><speed>2.371</speed><sat>17</sat></trkpt>
  <trkpt lat="26.40949333" lon="-80.16264667"><ele>4.256</ele><time>2026-07-24T17:58:53Z</time><speed>2.390</speed><sat>17</sat></trkpt>
  <trkpt lat="26.40950000" lon="-80.16262167"><ele>4.156</ele><time>2026-07-24T17:58:54Z</time><speed>2.404</speed><sat>17</sat></trkpt>
  <trkpt lat="26.40950333" lon="-80.16259833"><ele>4.056</ele><time>2026-07-24T17:58:55Z</time><speed>2.429</speed><sat>17</sat></trkpt>
  <trkpt lat="26.40950333" lon="-80.16257000"><ele>4.356</ele><time>2026-07-24T17:58:56Z</time><speed>2.464</speed><sat>17</sat></trkpt>
  <trkpt lat="26.40950333" lon="-80.16254500"><ele>4.256</ele><time>2026-07-24T17:58:57Z</time><speed>2.455</speed><sat>17</sat></trkpt>
  <trkpt lat="26.40950333" lon="-80.16252000"><ele>4.356</ele><time>2026-07-24T17:58:58Z</time><speed>2.433</speed><sat>17</sat></trkpt>
  <trkpt lat="26.40950167" lon="-80.16249833"><ele>4.457</ele><time>2026-07-24T17:58:59Z</time><speed>2.450</speed><sat>17</sat></trkpt>
  <trkpt lat="26.40950167" lon="-80.16247000"><ele>5.157</ele><time>2026-07-24T17:59:00Z</time><speed>2.445</speed><sat>17</sat></trkpt>
  <trkpt lat="26.40950167" lon="-80.16244500"><ele>5.357</ele><time>2026-07-24T17:59:01Z</time><speed>2.423</speed><sat>17</sat></trkpt>
  <trkpt lat="26.40950167" lon="-80.16242000"><ele>5.157</ele><time>2026-07-24T17:59:02Z</time><speed>2.425</speed><sat>17</sat></trkpt>
  <trkpt lat="26.40950167" lon="-80.16239333"><ele>4.857</ele><time>2026-07-24T17:59:03Z</time><speed>2.421</speed><sat>17</sat></trkpt>
  <trkpt lat="26.40950000" lon="-80.16236333"><ele>4.657</ele><time>2026-07-24T17:59:04Z</time><speed>2.447</speed><sat>17</sat></trkpt>
  <trkpt lat="26.40950000" lon="-80.16233833"><ele>4.557</ele><time>2026-07-24T17:59:05Z</time><speed>2.433</speed><sat>17</sat></trkpt>
  <trkpt lat="26.40950333" lon="-80.16231000"><ele>4.657</ele><time>2026-07-24T17:59:06Z</time><speed>2.409</speed><sat>17</sat></trkpt>
  <trkpt lat="26.40951333" lon="-80.16228667"><ele>4.857</ele><time>2026-07-24T17:59:07Z</time><speed>2.414</speed><sat>17</sat></trkpt>
  <trkpt lat="26.40952333" lon="-80.16226167"><ele>5.157</ele><time>2026-07-24T17:59:08Z</time><speed>2.455</speed><sat>17</sat></trkpt>
  <trkpt lat="26.40953500" lon="-80.16224333"><ele>5.058</ele><time>2026-07-24T17:59:09Z</time><speed>2.443</speed><sat>17</sat></trkpt>
  <trkpt lat="26.40954667" lon="-80.16222333"><ele>5.258</ele><time>2026-07-24T17:59:10Z</time><speed>2.436</speed><sat>17</sat></trkpt>
  <trkpt lat="26.40956333" lon="-80.16220333"><ele>5.458</ele><time>2026-07-24T17:59:11Z</time><speed>2.455</speed><sat>17</sat></trkpt>
  <trkpt lat="26.40958000" lon="-80.16218667"><ele>5.258</ele><time>2026-07-24T17:59:12Z</time><speed>2.436</speed><sat>17</sat></trkpt>
  <trkpt lat="26.40960000" lon="-80.16217000"><ele>5.458</ele><time>2026-07-24T17:59:13Z</time><speed>2.415</speed><sat>17</sat></trkpt>
  <trkpt lat="26.40961167" lon="-80.16215167"><ele>5.058</ele><time>2026-07-24T17:59:14Z</time><speed>2.455</speed><sat>16</sat></trkpt>
  <trkpt lat="26.40962500" lon="-80.16213000"><ele>5.058</ele><time>2026-07-24T17:59:15Z</time><speed>2.495</speed><sat>17</sat></trkpt>
  <trkpt lat="26.40963500" lon="-80.16210833"><ele>5.158</ele><time>2026-07-24T17:59:16Z</time><speed>2.490</speed><sat>17</sat></trkpt>
  <trkpt lat="26.40963667" lon="-80.16208333"><ele>4.758</ele><time>2026-07-24T17:59:17Z</time><speed>2.460</speed><sat>17</sat></trkpt>
  <trkpt lat="26.40963500" lon="-80.16206500"><ele>4.758</ele><time>2026-07-24T17:59:18Z</time><speed>2.397</speed><sat>17</sat></trkpt>
  <trkpt lat="26.40963167" lon="-80.16204333"><ele>4.958</ele><time>2026-07-24T17:59:19Z</time><speed>2.381</speed><sat>17</sat></trkpt>
  <trkpt lat="26.40962167" lon="-80.16202500"><ele>5.159</ele><time>2026-07-24T17:59:20Z</time><speed>2.379</speed><sat>17</sat></trkpt>
  <trkpt lat="26.40961500" lon="-80.16200500"><ele>5.359</ele><time>2026-07-24T17:59:21Z</time><speed>2.380</speed><sat>17</sat></trkpt>
  <trkpt lat="26.40961000" lon="-80.16198167"><ele>5.659</ele><time>2026-07-24T17:59:22Z</time><speed>2.396</speed><sat>17</sat></trkpt>
  <trkpt lat="26.40960833" lon="-80.16195500"><ele>5.859</ele><time>2026-07-24T17:59:23Z</time><speed>2.413</speed><sat>17</sat></trkpt>
  <trkpt lat="26.40960667" lon="-80.16193167"><ele>5.959</ele><time>2026-07-24T17:59:24Z</time><speed>2.376</speed><sat>17</sat></trkpt>
  <trkpt lat="26.40960333" lon="-80.16190667"><ele>6.059</ele><time>2026-07-24T17:59:25Z</time><speed>2.364</speed><sat>17</sat></trkpt>
  <trkpt lat="26.40960500" lon="-80.16188000"><ele>6.159</ele><time>2026-07-24T17:59:26Z</time><speed>2.398</speed><sat>17</sat></trkpt>
  <trkpt lat="26.40961000" lon="-80.16185333"><ele>6.259</ele><time>2026-07-24T17:59:27Z</time><speed>2.467</speed><sat>17</sat></trkpt>
  <trkpt lat="26.40962167" lon="-80.16183167"><ele>6.159</ele><time>2026-07-24T17:59:28Z</time><speed>2.566</speed><sat>17</sat></trkpt>
  <trkpt lat="26.40963667" lon="-80.16180833"><ele>6.659</ele><time>2026-07-24T17:59:29Z</time><speed>2.602</speed><sat>16</sat></trkpt>
  <trkpt lat="26.40965167" lon="-80.16179167"><ele>6.860</ele><time>2026-07-24T17:59:30Z</time><speed>2.604</speed><sat>17</sat></trkpt>
  <trkpt lat="26.40966000" lon="-80.16177500"><ele>6.560</ele><time>2026-07-24T17:59:31Z</time><speed>2.569</speed><sat>17</sat></trkpt>
  <trkpt lat="26.40967167" lon="-80.16176000"><ele>6.960</ele><time>2026-07-24T17:59:32Z</time><speed>2.514</speed><sat>16</sat></trkpt>
  <trkpt lat="26.40968167" lon="-80.16174333"><ele>7.060</ele><time>2026-07-24T17:59:33Z</time><speed>2.439</speed><sat>16</sat></trkpt>
  <trkpt lat="26.40969333" lon="-80.16172833"><ele>7.360</ele><time>2026-07-24T17:59:34Z</time><speed>2.322</speed><sat>17</sat></trkpt>
  <trkpt lat="26.40970000" lon="-80.16171833"><ele>7.960</ele><time>2026-07-24T17:59:35Z</time><speed>2.128</speed><sat>16</sat></trkpt>
  <trkpt lat="26.40970500" lon="-80.16171333"><ele>8.260</ele><time>2026-07-24T17:59:36Z</time><speed>1.923</speed><sat>16</sat></trkpt>
  <trkpt lat="26.40970500" lon="-80.16171000"><ele>8.260</ele><time>2026-07-24T17:59:37Z</time><speed>1.671</speed><sat>17</sat></trkpt>
  <trkpt lat="26.40970833" lon="-80.16171000"><ele>8.460</ele><time>2026-07-24T17:59:38Z</time><speed>1.395</speed><sat>17</sat></trkpt>
  <trkpt lat="26.40971000" lon="-80.16170833"><ele>8.360</ele><time>2026-07-24T17:59:39Z</time><speed>1.164</speed><sat>17</sat></trkpt>
  <trkpt lat="26.40971167" lon="-80.16170667"><ele>8.560</ele><time>2026-07-24T17:59:40Z</time><speed>0.973</speed><sat>17</sat></trkpt>
  <trkpt lat="26.40971000" lon="-80.16170667"><ele>8.260</ele><time>2026-07-24T17:59:41Z</time><speed>0.805</speed><sat>16</sat></trkpt>
  <trkpt lat="26.40970500" lon="-80.16170833"><ele>7.760</ele><time>2026-07-24T17:59:42Z</time><speed>0.633</speed><sat>16</sat></trkpt>
  <trkpt lat="26.40970333" lon="-80.16170667"><ele>7.260</ele><time>2026-07-24T17:59:43Z</time><speed>0.473</speed><sat>16</sat></trkpt>
  <trkpt lat="26.40970333" lon="-80.16170333"><ele>6.860</ele><time>2026-07-24T17:59:44Z</time><speed>0.421</speed><sat>16</sat></trkpt>
  <trkpt lat="26.40971333" lon="-80.16169667"><ele>6.860</ele><time>2026-07-24T17:59:45Z</time><speed>0.480</speed><sat>16</sat></trkpt>
  <trkpt lat="26.40972333" lon="-80.16168667"><ele>7.160</ele><time>2026-07-24T17:59:46Z</time><speed>0.533</speed><sat>17</sat></trkpt>
  <trkpt lat="26.40973333" lon="-80.16167500"><ele>7.460</ele><time>2026-07-24T17:59:47Z</time><speed>0.630</speed><sat>17</sat></trkpt>
  <trkpt lat="26.40974333" lon="-80.16166333"><ele>7.560</ele><time>2026-07-24T17:59:48Z</time><speed>0.744</speed><sat>17</sat></trkpt>
  <trkpt lat="26.40975333" lon="-80.16165667"><ele>7.460</ele><time>2026-07-24T17:59:49Z</time><speed>0.830</speed><sat>17</sat></trkpt>
  <trkpt lat="26.40976500" lon="-80.16165000"><ele>7.160</ele><time>2026-07-24T17:59:50Z</time><speed>0.930</speed><sat>17</sat></trkpt>
  <trkpt lat="26.40977833" lon="-80.16164667"><ele>7.160</ele><time>2026-07-24T17:59:51Z</time><speed>1.081</speed><sat>17</sat></trkpt>
  <trkpt lat="26.40979167" lon="-80.16164333"><ele>7.360</ele><time>2026-07-24T17:59:52Z</time><speed>1.211</speed><sat>16</sat></trkpt>
  <trkpt lat="26.40980500" lon="-80.16163833"><ele>7.460</ele><time>2026-07-24T17:59:53Z</time><speed>1.331</speed><sat>17</sat></trkpt>
  <trkpt lat="26.40981500" lon="-80.16163667"><ele>7.660</ele><time>2026-07-24T17:59:54Z</time><speed>1.333</speed><sat>17</sat></trkpt>
  <trkpt lat="26.40982500" lon="-80.16163667"><ele>7.460</ele><time>2026-07-24T17:59:55Z</time><speed>1.287</speed><sat>17</sat></trkpt>
  <trkpt lat="26.40983833" lon="-80.16163667"><ele>7.060</ele><time>2026-07-24T17:59:56Z</time><speed>1.286</speed><sat>16</sat></trkpt>
  <trkpt lat="26.40985333" lon="-80.16163833"><ele>6.660</ele><time>2026-07-24T17:59:57Z</time><speed>1.321</speed><sat>17</sat></trkpt>
  <trkpt lat="26.40987000" lon="-80.16164167"><ele>6.160</ele><time>2026-07-24T17:59:58Z</time><speed>1.370</speed><sat>17</sat></trkpt>
  <trkpt lat="26.40989000" lon="-80.16164000"><ele>5.860</ele><time>2026-07-24T17:59:59Z</time><speed>1.462</speed><sat>17</sat></trkpt>
  <trkpt lat="26.40991000" lon="-80.16164000"><ele>6.060</ele><time>2026-07-24T18:00:00Z</time><speed>1.527</speed><sat>17</sat></trkpt>
  <trkpt lat="26.40992667" lon="-80.16164333"><ele>6.060</ele><time>2026-07-24T18:00:01Z</time><speed>1.527</speed><sat>16</sat></trkpt>
  <trkpt lat="26.40994167" lon="-80.16164500"><ele>6.160</ele><time>2026-07-24T18:00:02Z</time><speed>1.572</speed><sat>17</sat></trkpt>
  <trkpt lat="26.40995833" lon="-80.16164500"><ele>6.260</ele><time>2026-07-24T18:00:03Z</time><speed>1.612</speed><sat>17</sat></trkpt>
  <trkpt lat="26.40997500" lon="-80.16164500"><ele>6.260</ele><time>2026-07-24T18:00:04Z</time><speed>1.700</speed><sat>17</sat></trkpt>
  <trkpt lat="26.40999167" lon="-80.16164500"><ele>6.560</ele><time>2026-07-24T18:00:05Z</time><speed>1.792</speed><sat>17</sat></trkpt>
  <trkpt lat="26.41001000" lon="-80.16164667"><ele>6.560</ele><time>2026-07-24T18:00:06Z</time><speed>1.877</speed><sat>17</sat></trkpt>
  <trkpt lat="26.41003167" lon="-80.16164667"><ele>6.060</ele><time>2026-07-24T18:00:07Z</time><speed>1.959</speed><sat>17</sat></trkpt>
  <trkpt lat="26.41005333" lon="-80.16165000"><ele>5.660</ele><time>2026-07-24T18:00:08Z</time><speed>1.994</speed><sat>17</sat></trkpt>
  <trkpt lat="26.41007333" lon="-80.16164833"><ele>5.460</ele><time>2026-07-24T18:00:09Z</time><speed>1.992</speed><sat>17</sat></trkpt>
  <trkpt lat="26.41009167" lon="-80.16164500"><ele>5.260</ele><time>2026-07-24T18:00:10Z</time><speed>1.997</speed><sat>17</sat></trkpt>
  <trkpt lat="26.41010833" lon="-80.16164000"><ele>4.760</ele><time>2026-07-24T18:00:11Z</time><speed>2.029</speed><sat>17</sat></trkpt>
  <trkpt lat="26.41012500" lon="-80.16163500"><ele>4.360</ele><time>2026-07-24T18:00:12Z</time><speed>2.059</speed><sat>16</sat></trkpt>
  <trkpt lat="26.41014667" lon="-80.16163667"><ele>4.160</ele><time>2026-07-24T18:00:13Z</time><speed>2.095</speed><sat>17</sat></trkpt>
  <trkpt lat="26.41016667" lon="-80.16164000"><ele>4.560</ele><time>2026-07-24T18:00:14Z</time><speed>2.121</speed><sat>17</sat></trkpt>
  <trkpt lat="26.41018500" lon="-80.16164000"><ele>4.860</ele><time>2026-07-24T18:00:15Z</time><speed>2.090</speed><sat>17</sat></trkpt>
  <trkpt lat="26.41020333" lon="-80.16164000"><ele>4.760</ele><time>2026-07-24T18:00:16Z</time><speed>2.087</speed><sat>17</sat></trkpt>
  <trkpt lat="26.41022833" lon="-80.16164000"><ele>5.160</ele><time>2026-07-24T18:00:17Z</time><speed>2.038</speed><sat>17</sat></trkpt>
  <trkpt lat="26.41024667" lon="-80.16163833"><ele>5.060</ele><time>2026-07-24T18:00:18Z</time><speed>1.974</speed><sat>17</sat></trkpt>
  <trkpt lat="26.41026333" lon="-80.16163833"><ele>4.360</ele><time>2026-07-24T18:00:19Z</time><speed>1.903</speed><sat>17</sat></trkpt>
  <trkpt lat="26.41028167" lon="-80.16163833"><ele>3.860</ele><time>2026-07-24T18:00:20Z</time><speed>1.821</speed><sat>17</sat></trkpt>
  <trkpt lat="26.41030667" lon="-80.16164000"><ele>3.660</ele><time>2026-07-24T18:00:21Z</time><speed>1.792</speed><sat>17</sat></trkpt>
  <trkpt lat="26.41032500" lon="-80.16164000"><ele>3.161</ele><time>2026-07-24T18:00:22Z</time><speed>1.772</speed><sat>17</sat></trkpt>
  <trkpt lat="26.41035333" lon="-80.16163500"><ele>3.061</ele><time>2026-07-24T18:00:23Z</time><speed>1.805</speed><sat>17</sat></trkpt>
  <trkpt lat="26.41038833" lon="-80.16163167"><ele>2.861</ele><time>2026-07-24T18:00:24Z</time><speed>1.864</speed><sat>17</sat></trkpt>
  <trkpt lat="26.41042167" lon="-80.16163167"><ele>2.961</ele><time>2026-07-24T18:00:25Z</time><speed>2.004</speed><sat>17</sat></trkpt>
  <trkpt lat="26.41045167" lon="-80.16163333"><ele>3.161</ele><time>2026-07-24T18:00:26Z</time><speed>2.114</speed><sat>17</sat></trkpt>
  <trkpt lat="26.41048000" lon="-80.16163333"><ele>3.461</ele><time>2026-07-24T18:00:27Z</time><speed>2.209</speed><sat>17</sat></trkpt>
  <trkpt lat="26.41050333" lon="-80.16163000"><ele>3.261</ele><time>2026-07-24T18:00:28Z</time><speed>2.329</speed><sat>16</sat></trkpt>
  <trkpt lat="26.41052833" lon="-80.16162667"><ele>3.161</ele><time>2026-07-24T18:00:29Z</time><speed>2.478</speed><sat>16</sat></trkpt>
  <trkpt lat="26.41055500" lon="-80.16163000"><ele>3.061</ele><time>2026-07-24T18:00:30Z</time><speed>2.606</speed><sat>16</sat></trkpt>
  <trkpt lat="26.41057833" lon="-80.16163333"><ele>3.161</ele><time>2026-07-24T18:00:31Z</time><speed>2.664</speed><sat>16</sat></trkpt>
  <trkpt lat="26.41060000" lon="-80.16163667"><ele>3.061</ele><time>2026-07-24T18:00:32Z</time><speed>2.666</speed><sat>16</sat></trkpt>
  <trkpt lat="26.41061833" lon="-80.16163667"><ele>3.261</ele><time>2026-07-24T18:00:33Z</time><speed>2.659</speed><sat>17</sat></trkpt>
  <trkpt lat="26.41064333" lon="-80.16163500"><ele>3.461</ele><time>2026-07-24T18:00:34Z</time><speed>2.601</speed><sat>17</sat></trkpt>
  <trkpt lat="26.41066333" lon="-80.16164000"><ele>3.461</ele><time>2026-07-24T18:00:35Z</time><speed>2.502</speed><sat>17</sat></trkpt>
  <trkpt lat="26.41068333" lon="-80.16164167"><ele>3.761</ele><time>2026-07-24T18:00:36Z</time><speed>2.400</speed><sat>17</sat></trkpt>
  <trkpt lat="26.41070500" lon="-80.16164667"><ele>3.961</ele><time>2026-07-24T18:00:37Z</time><speed>2.324</speed><sat>17</sat></trkpt>
  <trkpt lat="26.41072333" lon="-80.16165333"><ele>3.661</ele><time>2026-07-24T18:00:38Z</time><speed>2.259</speed><sat>17</sat></trkpt>
  <trkpt lat="26.41074667" lon="-80.16165833"><ele>3.361</ele><time>2026-07-24T18:00:39Z</time><speed>2.187</speed><sat>17</sat></trkpt>
  <trkpt lat="26.41076500" lon="-80.16166167"><ele>3.361</ele><time>2026-07-24T18:00:40Z</time><speed>2.174</speed><sat>17</sat></trkpt>
  <trkpt lat="26.41078167" lon="-80.16166167"><ele>3.361</ele><time>2026-07-24T18:00:41Z</time><speed>2.164</speed><sat>17</sat></trkpt>
  <trkpt lat="26.41080167" lon="-80.16166500"><ele>3.161</ele><time>2026-07-24T18:00:42Z</time><speed>2.194</speed><sat>17</sat></trkpt>
  <trkpt lat="26.41082833" lon="-80.16167500"><ele>3.061</ele><time>2026-07-24T18:00:43Z</time><speed>2.213</speed><sat>17</sat></trkpt>
  <trkpt lat="26.41085500" lon="-80.16168333"><ele>2.661</ele><time>2026-07-24T18:00:44Z</time><speed>2.247</speed><sat>17</sat></trkpt>
  <trkpt lat="26.41087833" lon="-80.16168833"><ele>2.561</ele><time>2026-07-24T18:00:45Z</time><speed>2.298</speed><sat>17</sat></trkpt>
  <trkpt lat="26.41090167" lon="-80.16169333"><ele>2.761</ele><time>2026-07-24T18:00:46Z</time><speed>2.325</speed><sat>17</sat></trkpt>
  <trkpt lat="26.41092667" lon="-80.16169667"><ele>3.161</ele><time>2026-07-24T18:00:47Z</time><speed>2.356</speed><sat>17</sat></trkpt>
  <trkpt lat="26.41095000" lon="-80.16170167"><ele>3.561</ele><time>2026-07-24T18:00:48Z</time><speed>2.381</speed><sat>17</sat></trkpt>
  <trkpt lat="26.41097000" lon="-80.16170167"><ele>3.861</ele><time>2026-07-24T18:00:49Z</time><speed>2.400</speed><sat>17</sat></trkpt>
  <trkpt lat="26.41099333" lon="-80.16170667"><ele>4.261</ele><time>2026-07-24T18:00:50Z</time><speed>2.392</speed><sat>17</sat></trkpt>
  <trkpt lat="26.41101500" lon="-80.16170833"><ele>4.361</ele><time>2026-07-24T18:00:51Z</time><speed>2.374</speed><sat>16</sat></trkpt>
  <trkpt lat="26.41103167" lon="-80.16170667"><ele>4.861</ele><time>2026-07-24T18:00:52Z</time><speed>2.357</speed><sat>17</sat></trkpt>
  <trkpt lat="26.41105000" lon="-80.16170833"><ele>5.061</ele><time>2026-07-24T18:00:53Z</time><speed>2.338</speed><sat>17</sat></trkpt>
  <trkpt lat="26.41106833" lon="-80.16170667"><ele>4.961</ele><time>2026-07-24T18:00:54Z</time><speed>2.331</speed><sat>17</sat></trkpt>
  <trkpt lat="26.41109333" lon="-80.16170500"><ele>4.961</ele><time>2026-07-24T18:00:55Z</time><speed>2.318</speed><sat>17</sat></trkpt>
  <trkpt lat="26.41111167" lon="-80.16170000"><ele>4.761</ele><time>2026-07-24T18:00:56Z</time><speed>2.308</speed><sat>17</sat></trkpt>
  <trkpt lat="26.41113333" lon="-80.16170167"><ele>4.561</ele><time>2026-07-24T18:00:57Z</time><speed>2.306</speed><sat>17</sat></trkpt>
  <trkpt lat="26.41115333" lon="-80.16170333"><ele>4.461</ele><time>2026-07-24T18:00:58Z</time><speed>2.331</speed><sat>17</sat></trkpt>
  <trkpt lat="26.41118000" lon="-80.16171000"><ele>4.261</ele><time>2026-07-24T18:00:59Z</time><speed>2.418</speed><sat>17</sat></trkpt>
  <trkpt lat="26.41120500" lon="-80.16172000"><ele>4.361</ele><time>2026-07-24T18:01:00Z</time><speed>2.480</speed><sat>17</sat></trkpt>
  <trkpt lat="26.41122833" lon="-80.16173167"><ele>4.361</ele><time>2026-07-24T18:01:01Z</time><speed>2.539</speed><sat>17</sat></trkpt>
  <trkpt lat="26.41125167" lon="-80.16174667"><ele>4.661</ele><time>2026-07-24T18:01:02Z</time><speed>2.635</speed><sat>17</sat></trkpt>
  <trkpt lat="26.41128167" lon="-80.16176000"><ele>4.761</ele><time>2026-07-24T18:01:03Z</time><speed>2.692</speed><sat>17</sat></trkpt>
  <trkpt lat="26.41130167" lon="-80.16176667"><ele>4.761</ele><time>2026-07-24T18:01:04Z</time><speed>2.679</speed><sat>17</sat></trkpt>
  <trkpt lat="26.41132167" lon="-80.16177000"><ele>4.961</ele><time>2026-07-24T18:01:05Z</time><speed>2.666</speed><sat>17</sat></trkpt>
  <trkpt lat="26.41133667" lon="-80.16176833"><ele>5.161</ele><time>2026-07-24T18:01:06Z</time><speed>2.625</speed><sat>17</sat></trkpt>
  <trkpt lat="26.41135167" lon="-80.16177500"><ele>5.761</ele><time>2026-07-24T18:01:07Z</time><speed>2.556</speed><sat>17</sat></trkpt>
  <trkpt lat="26.41136833" lon="-80.16177833"><ele>6.261</ele><time>2026-07-24T18:01:08Z</time><speed>2.494</speed><sat>17</sat></trkpt>
  <trkpt lat="26.41138333" lon="-80.16178333"><ele>6.861</ele><time>2026-07-24T18:01:09Z</time><speed>2.380</speed><sat>17</sat></trkpt>
  <trkpt lat="26.41139833" lon="-80.16178667"><ele>7.161</ele><time>2026-07-24T18:01:10Z</time><speed>2.298</speed><sat>17</sat></trkpt>
  <trkpt lat="26.41141667" lon="-80.16179000"><ele>7.260</ele><time>2026-07-24T18:01:11Z</time><speed>2.208</speed><sat>17</sat></trkpt>
  <trkpt lat="26.41143333" lon="-80.16179500"><ele>7.560</ele><time>2026-07-24T18:01:12Z</time><speed>2.102</speed><sat>16</sat></trkpt>
  <trkpt lat="26.41145000" lon="-80.16179833"><ele>7.660</ele><time>2026-07-24T18:01:13Z</time><speed>2.015</speed><sat>17</sat></trkpt>
  <trkpt lat="26.41146667" lon="-80.16180333"><ele>7.660</ele><time>2026-07-24T18:01:14Z</time><speed>1.990</speed><sat>17</sat></trkpt>
  <trkpt lat="26.41148167" lon="-80.16180667"><ele>7.360</ele><time>2026-07-24T18:01:15Z</time><speed>1.944</speed><sat>17</sat></trkpt>
  <trkpt lat="26.41150000" lon="-80.16181000"><ele>7.360</ele><time>2026-07-24T18:01:16Z</time><speed>1.956</speed><sat>17</sat></trkpt>
  <trkpt lat="26.41151667" lon="-80.16181000"><ele>6.860</ele><time>2026-07-24T18:01:17Z</time><speed>1.997</speed><sat>17</sat></trkpt>
  <trkpt lat="26.41153167" lon="-80.16181333"><ele>6.360</ele><time>2026-07-24T18:01:18Z</time><speed>1.998</speed><sat>17</sat></trkpt>
  <trkpt lat="26.41154833" lon="-80.16181667"><ele>6.260</ele><time>2026-07-24T18:01:19Z</time><speed>2.028</speed><sat>17</sat></trkpt>
  <trkpt lat="26.41156833" lon="-80.16181833"><ele>6.160</ele><time>2026-07-24T18:01:20Z</time><speed>2.032</speed><sat>17</sat></trkpt>
  <trkpt lat="26.41158833" lon="-80.16181667"><ele>6.460</ele><time>2026-07-24T18:01:21Z</time><speed>2.046</speed><sat>17</sat></trkpt>
  <trkpt lat="26.41161000" lon="-80.16182000"><ele>6.360</ele><time>2026-07-24T18:01:22Z</time><speed>2.041</speed><sat>17</sat></trkpt>
  <trkpt lat="26.41163000" lon="-80.16183000"><ele>6.460</ele><time>2026-07-24T18:01:23Z</time><speed>2.038</speed><sat>17</sat></trkpt>
  <trkpt lat="26.41164833" lon="-80.16183500"><ele>6.460</ele><time>2026-07-24T18:01:24Z</time><speed>2.058</speed><sat>17</sat></trkpt>
  <trkpt lat="26.41167000" lon="-80.16184167"><ele>6.560</ele><time>2026-07-24T18:01:25Z</time><speed>2.125</speed><sat>17</sat></trkpt>
  <trkpt lat="26.41169167" lon="-80.16184667"><ele>6.560</ele><time>2026-07-24T18:01:26Z</time><speed>2.123</speed><sat>17</sat></trkpt>
  <trkpt lat="26.41170833" lon="-80.16184833"><ele>6.260</ele><time>2026-07-24T18:01:27Z</time><speed>2.099</speed><sat>17</sat></trkpt>
  <trkpt lat="26.41172833" lon="-80.16185333"><ele>6.560</ele><time>2026-07-24T18:01:28Z</time><speed>2.095</speed><sat>17</sat></trkpt>
  <trkpt lat="26.41175000" lon="-80.16185833"><ele>6.760</ele><time>2026-07-24T18:01:29Z</time><speed>2.071</speed><sat>17</sat></trkpt>
  <trkpt lat="26.41177167" lon="-80.16186167"><ele>7.360</ele><time>2026-07-24T18:01:30Z</time><speed>2.065</speed><sat>17</sat></trkpt>
  <trkpt lat="26.41179333" lon="-80.16186667"><ele>7.660</ele><time>2026-07-24T18:01:31Z</time><speed>2.086</speed><sat>17</sat></trkpt>
  <trkpt lat="26.41181333" lon="-80.16187000"><ele>8.460</ele><time>2026-07-24T18:01:32Z</time><speed>2.099</speed><sat>17</sat></trkpt>
  <trkpt lat="26.41183500" lon="-80.16187000"><ele>9.260</ele><time>2026-07-24T18:01:33Z</time><speed>2.095</speed><sat>17</sat></trkpt>
  <trkpt lat="26.41185333" lon="-80.16187500"><ele>9.360</ele><time>2026-07-24T18:01:34Z</time><speed>2.066</speed><sat>17</sat></trkpt>
  <trkpt lat="26.41187167" lon="-80.16188500"><ele>9.360</ele><time>2026-07-24T18:01:35Z</time><speed>2.000</speed><sat>16</sat></trkpt>
  <trkpt lat="26.41189000" lon="-80.16188667"><ele>9.260</ele><time>2026-07-24T18:01:36Z</time><speed>1.969</speed><sat>17</sat></trkpt>
  <trkpt lat="26.41189833" lon="-80.16189333"><ele>9.060</ele><time>2026-07-24T18:01:37Z</time><speed>1.925</speed><sat>17</sat></trkpt>
  <trkpt lat="26.41190667" lon="-80.16191333"><ele>9.060</ele><time>2026-07-24T18:01:38Z</time><speed>1.928</speed><sat>17</sat></trkpt>
  <trkpt lat="26.41191333" lon="-80.16194167"><ele>9.060</ele><time>2026-07-24T18:01:39Z</time><speed>1.917</speed><sat>17</sat></trkpt>
  <trkpt lat="26.41191500" lon="-80.16197000"><ele>8.960</ele><time>2026-07-24T18:01:40Z</time><speed>1.917</speed><sat>17</sat></trkpt>
  <trkpt lat="26.41191500" lon="-80.16199167"><ele>9.060</ele><time>2026-07-24T18:01:41Z</time><speed>1.899</speed><sat>17</sat></trkpt>
  <trkpt lat="26.41191167" lon="-80.16201667"><ele>9.560</ele><time>2026-07-24T18:01:42Z</time><speed>1.886</speed><sat>17</sat></trkpt>
  <trkpt lat="26.41191000" lon="-80.16204333"><ele>9.760</ele><time>2026-07-24T18:01:43Z</time><speed>1.913</speed><sat>17</sat></trkpt>
  <trkpt lat="26.41191333" lon="-80.16206333"><ele>8.960</ele><time>2026-07-24T18:01:44Z</time><speed>1.963</speed><sat>17</sat></trkpt>
  <trkpt lat="26.41191167" lon="-80.16208500"><ele>8.560</ele><time>2026-07-24T18:01:45Z</time><speed>2.042</speed><sat>17</sat></trkpt>
  <trkpt lat="26.41191333" lon="-80.16210833"><ele>7.759</ele><time>2026-07-24T18:01:46Z</time><speed>2.140</speed><sat>17</sat></trkpt>
  <trkpt lat="26.41190500" lon="-80.16213500"><ele>7.859</ele><time>2026-07-24T18:01:47Z</time><speed>2.226</speed><sat>17</sat></trkpt>
  <trkpt lat="26.41190833" lon="-80.16215833"><ele>7.859</ele><time>2026-07-24T18:01:48Z</time><speed>2.248</speed><sat>17</sat></trkpt>
  <trkpt lat="26.41190667" lon="-80.16217833"><ele>7.559</ele><time>2026-07-24T18:01:49Z</time><speed>2.296</speed><sat>17</sat></trkpt>
  <trkpt lat="26.41190667" lon="-80.16220000"><ele>7.559</ele><time>2026-07-24T18:01:50Z</time><speed>2.319</speed><sat>17</sat></trkpt>
  <trkpt lat="26.41190500" lon="-80.16222000"><ele>7.659</ele><time>2026-07-24T18:01:51Z</time><speed>2.343</speed><sat>17</sat></trkpt>
  <trkpt lat="26.41190167" lon="-80.16224333"><ele>7.959</ele><time>2026-07-24T18:01:52Z</time><speed>2.386</speed><sat>17</sat></trkpt>
  <trkpt lat="26.41190000" lon="-80.16227500"><ele>8.459</ele><time>2026-07-24T18:01:53Z</time><speed>2.393</speed><sat>17</sat></trkpt>
  <trkpt lat="26.41189667" lon="-80.16230667"><ele>8.959</ele><time>2026-07-24T18:01:54Z</time><speed>2.397</speed><sat>17</sat></trkpt>
  <trkpt lat="26.41189500" lon="-80.16234167"><ele>10.058</ele><time>2026-07-24T18:01:55Z</time><speed>2.413</speed><sat>17</sat></trkpt>
  <trkpt lat="26.41189167" lon="-80.16237333"><ele>11.058</ele><time>2026-07-24T18:01:56Z</time><speed>2.380</speed><sat>17</sat></trkpt>
  <trkpt lat="26.41188833" lon="-80.16240333"><ele>12.058</ele><time>2026-07-24T18:01:57Z</time><speed>2.400</speed><sat>17</sat></trkpt>
  <trkpt lat="26.41188167" lon="-80.16243000"><ele>12.658</ele><time>2026-07-24T18:01:58Z</time><speed>2.420</speed><sat>17</sat></trkpt>
  <trkpt lat="26.41188000" lon="-80.16245833"><ele>13.258</ele><time>2026-07-24T18:01:59Z</time><speed>2.462</speed><sat>17</sat></trkpt>
  <trkpt lat="26.41187667" lon="-80.16248667"><ele>14.158</ele><time>2026-07-24T18:02:00Z</time><speed>2.499</speed><sat>17</sat></trkpt>
  <trkpt lat="26.41187500" lon="-80.16251333"><ele>14.958</ele><time>2026-07-24T18:02:01Z</time><speed>2.511</speed><sat>17</sat></trkpt>
  <trkpt lat="26.41187667" lon="-80.16253500"><ele>15.258</ele><time>2026-07-24T18:02:02Z</time><speed>2.484</speed><sat>17</sat></trkpt>
  <trkpt lat="26.41188000" lon="-80.16255667"><ele>14.858</ele><time>2026-07-24T18:02:03Z</time><speed>2.489</speed><sat>17</sat></trkpt>
  <trkpt lat="26.41188667" lon="-80.16258000"><ele>14.658</ele><time>2026-07-24T18:02:04Z</time><speed>2.461</speed><sat>17</sat></trkpt>
  <trkpt lat="26.41188667" lon="-80.16260500"><ele>13.657</ele><time>2026-07-24T18:02:05Z</time><speed>2.446</speed><sat>16</sat></trkpt>
  <trkpt lat="26.41188667" lon="-80.16263500"><ele>13.057</ele><time>2026-07-24T18:02:06Z</time><speed>2.483</speed><sat>16</sat></trkpt>
  <trkpt lat="26.41188667" lon="-80.16266333"><ele>12.957</ele><time>2026-07-24T18:02:07Z</time><speed>2.515</speed><sat>17</sat></trkpt>
  <trkpt lat="26.41188667" lon="-80.16269000"><ele>12.957</ele><time>2026-07-24T18:02:08Z</time><speed>2.583</speed><sat>16</sat></trkpt>
  <trkpt lat="26.41189000" lon="-80.16272000"><ele>12.557</ele><time>2026-07-24T18:02:09Z</time><speed>2.577</speed><sat>16</sat></trkpt>
  <trkpt lat="26.41189167" lon="-80.16274500"><ele>12.157</ele><time>2026-07-24T18:02:10Z</time><speed>2.576</speed><sat>16</sat></trkpt>
  <trkpt lat="26.41189333" lon="-80.16276833"><ele>12.657</ele><time>2026-07-24T18:02:11Z</time><speed>2.583</speed><sat>16</sat></trkpt>
  <trkpt lat="26.41189167" lon="-80.16279333"><ele>13.057</ele><time>2026-07-24T18:02:12Z</time><speed>2.615</speed><sat>16</sat></trkpt>
  <trkpt lat="26.41189333" lon="-80.16281833"><ele>13.057</ele><time>2026-07-24T18:02:13Z</time><speed>2.647</speed><sat>15</sat></trkpt>
  <trkpt lat="26.41189667" lon="-80.16284333"><ele>12.756</ele><time>2026-07-24T18:02:14Z</time><speed>2.674</speed><sat>16</sat></trkpt>
  <trkpt lat="26.41189833" lon="-80.16286833"><ele>12.456</ele><time>2026-07-24T18:02:15Z</time><speed>2.653</speed><sat>16</sat></trkpt>
  <trkpt lat="26.41190167" lon="-80.16289500"><ele>12.056</ele><time>2026-07-24T18:02:16Z</time><speed>2.631</speed><sat>16</sat></trkpt>
  <trkpt lat="26.41190500" lon="-80.16291833"><ele>11.756</ele><time>2026-07-24T18:02:17Z</time><speed>2.601</speed><sat>16</sat></trkpt>
  <trkpt lat="26.41191167" lon="-80.16294500"><ele>11.656</ele><time>2026-07-24T18:02:18Z</time><speed>2.555</speed><sat>16</sat></trkpt>
  <trkpt lat="26.41191333" lon="-80.16296833"><ele>11.756</ele><time>2026-07-24T18:02:19Z</time><speed>2.509</speed><sat>16</sat></trkpt>
  <trkpt lat="26.41191500" lon="-80.16299167"><ele>11.856</ele><time>2026-07-24T18:02:20Z</time><speed>2.479</speed><sat>16</sat></trkpt>
  <trkpt lat="26.41191667" lon="-80.16301500"><ele>11.956</ele><time>2026-07-24T18:02:21Z</time><speed>2.473</speed><sat>16</sat></trkpt>
  <trkpt lat="26.41192000" lon="-80.16303833"><ele>11.556</ele><time>2026-07-24T18:02:22Z</time><speed>2.478</speed><sat>16</sat></trkpt>
  <trkpt lat="26.41192167" lon="-80.16305667"><ele>11.056</ele><time>2026-07-24T18:02:23Z</time><speed>2.429</speed><sat>16</sat></trkpt>
  <trkpt lat="26.41192333" lon="-80.16307833"><ele>10.155</ele><time>2026-07-24T18:02:24Z</time><speed>2.414</speed><sat>15</sat></trkpt>
  <trkpt lat="26.41192500" lon="-80.16309833"><ele>9.455</ele><time>2026-07-24T18:02:25Z</time><speed>2.428</speed><sat>15</sat></trkpt>
  <trkpt lat="26.41192167" lon="-80.16312000"><ele>8.955</ele><time>2026-07-24T18:02:26Z</time><speed>2.400</speed><sat>16</sat></trkpt>
  <trkpt lat="26.41191333" lon="-80.16314500"><ele>9.455</ele><time>2026-07-24T18:02:27Z</time><speed>2.389</speed><sat>16</sat></trkpt>
  <trkpt lat="26.41190000" lon="-80.16317167"><ele>10.155</ele><time>2026-07-24T18:02:28Z</time><speed>2.387</speed><sat>16</sat></trkpt>
  <trkpt lat="26.41188500" lon="-80.16319833"><ele>11.055</ele><time>2026-07-24T18:02:29Z</time><speed>2.423</speed><sat>16</sat></trkpt>
  <trkpt lat="26.41187000" lon="-80.16322333"><ele>11.655</ele><time>2026-07-24T18:02:30Z</time><speed>2.440</speed><sat>16</sat></trkpt>
  <trkpt lat="26.41186000" lon="-80.16325000"><ele>11.855</ele><time>2026-07-24T18:02:31Z</time><speed>2.467</speed><sat>16</sat></trkpt>
  <trkpt lat="26.41184333" lon="-80.16327500"><ele>11.955</ele><time>2026-07-24T18:02:32Z</time><speed>2.460</speed><sat>17</sat></trkpt>
  <trkpt lat="26.41183167" lon="-80.16329667"><ele>12.055</ele><time>2026-07-24T18:02:33Z</time><speed>2.505</speed><sat>17</sat></trkpt>
  <trkpt lat="26.41182000" lon="-80.16331333"><ele>11.854</ele><time>2026-07-24T18:02:34Z</time><speed>2.545</speed><sat>17</sat></trkpt>
  <trkpt lat="26.41180833" lon="-80.16333333"><ele>11.854</ele><time>2026-07-24T18:02:35Z</time><speed>2.564</speed><sat>17</sat></trkpt>
  <trkpt lat="26.41179667" lon="-80.16335500"><ele>12.254</ele><time>2026-07-24T18:02:36Z</time><speed>2.603</speed><sat>17</sat></trkpt>
  <trkpt lat="26.41178667" lon="-80.16337167"><ele>12.154</ele><time>2026-07-24T18:02:37Z</time><speed>2.620</speed><sat>17</sat></trkpt>
  <trkpt lat="26.41177500" lon="-80.16339333"><ele>12.254</ele><time>2026-07-24T18:02:38Z</time><speed>2.618</speed><sat>17</sat></trkpt>
  <trkpt lat="26.41176333" lon="-80.16341833"><ele>12.454</ele><time>2026-07-24T18:02:39Z</time><speed>2.607</speed><sat>17</sat></trkpt>
  <trkpt lat="26.41175500" lon="-80.16344167"><ele>12.254</ele><time>2026-07-24T18:02:40Z</time><speed>2.599</speed><sat>17</sat></trkpt>
  <trkpt lat="26.41174833" lon="-80.16346833"><ele>11.954</ele><time>2026-07-24T18:02:41Z</time><speed>2.601</speed><sat>17</sat></trkpt>
  <trkpt lat="26.41173833" lon="-80.16349667"><ele>12.254</ele><time>2026-07-24T18:02:42Z</time><speed>2.634</speed><sat>16</sat></trkpt>
  <trkpt lat="26.41173000" lon="-80.16352333"><ele>12.154</ele><time>2026-07-24T18:02:43Z</time><speed>2.648</speed><sat>16</sat></trkpt>
  <trkpt lat="26.41172000" lon="-80.16355500"><ele>12.753</ele><time>2026-07-24T18:02:44Z</time><speed>2.653</speed><sat>17</sat></trkpt>
  <trkpt lat="26.41171167" lon="-80.16358167"><ele>12.953</ele><time>2026-07-24T18:02:45Z</time><speed>2.663</speed><sat>17</sat></trkpt>
  <trkpt lat="26.41170167" lon="-80.16360833"><ele>13.153</ele><time>2026-07-24T18:02:46Z</time><speed>2.672</speed><sat>17</sat></trkpt>
  <trkpt lat="26.41169167" lon="-80.16363333"><ele>13.353</ele><time>2026-07-24T18:02:47Z</time><speed>2.663</speed><sat>17</sat></trkpt>
  <trkpt lat="26.41168167" lon="-80.16365500"><ele>13.253</ele><time>2026-07-24T18:02:48Z</time><speed>2.671</speed><sat>17</sat></trkpt>
  <trkpt lat="26.41167167" lon="-80.16367833"><ele>13.153</ele><time>2026-07-24T18:02:49Z</time><speed>2.668</speed><sat>17</sat></trkpt>
  <trkpt lat="26.41166000" lon="-80.16370333"><ele>13.053</ele><time>2026-07-24T18:02:50Z</time><speed>2.679</speed><sat>17</sat></trkpt>
  <trkpt lat="26.41164833" lon="-80.16372167"><ele>12.453</ele><time>2026-07-24T18:02:51Z</time><speed>2.670</speed><sat>17</sat></trkpt>
  <trkpt lat="26.41162667" lon="-80.16373833"><ele>12.553</ele><time>2026-07-24T18:02:52Z</time><speed>2.646</speed><sat>17</sat></trkpt>
  <trkpt lat="26.41160667" lon="-80.16375667"><ele>13.052</ele><time>2026-07-24T18:02:53Z</time><speed>2.640</speed><sat>17</sat></trkpt>
  <trkpt lat="26.41158667" lon="-80.16377333"><ele>13.652</ele><time>2026-07-24T18:02:54Z</time><speed>2.634</speed><sat>17</sat></trkpt>
  <trkpt lat="26.41156500" lon="-80.16379000"><ele>13.952</ele><time>2026-07-24T18:02:55Z</time><speed>2.634</speed><sat>17</sat></trkpt>
  <trkpt lat="26.41154333" lon="-80.16380500"><ele>14.152</ele><time>2026-07-24T18:02:56Z</time><speed>2.645</speed><sat>17</sat></trkpt>
  <trkpt lat="26.41152500" lon="-80.16382333"><ele>14.152</ele><time>2026-07-24T18:02:57Z</time><speed>2.668</speed><sat>17</sat></trkpt>
  <trkpt lat="26.41150833" lon="-80.16384000"><ele>13.752</ele><time>2026-07-24T18:02:58Z</time><speed>2.685</speed><sat>17</sat></trkpt>
  <trkpt lat="26.41149000" lon="-80.16385833"><ele>13.152</ele><time>2026-07-24T18:02:59Z</time><speed>2.702</speed><sat>17</sat></trkpt>
  <trkpt lat="26.41147167" lon="-80.16388167"><ele>12.552</ele><time>2026-07-24T18:03:00Z</time><speed>2.717</speed><sat>17</sat></trkpt>
  <trkpt lat="26.41145167" lon="-80.16390500"><ele>12.352</ele><time>2026-07-24T18:03:01Z</time><speed>2.719</speed><sat>17</sat></trkpt>
  <trkpt lat="26.41144333" lon="-80.16392667"><ele>12.752</ele><time>2026-07-24T18:03:02Z</time><speed>2.733</speed><sat>17</sat></trkpt>
  <trkpt lat="26.41143667" lon="-80.16394833"><ele>12.752</ele><time>2026-07-24T18:03:03Z</time><speed>2.709</speed><sat>17</sat></trkpt>
  <trkpt lat="26.41142833" lon="-80.16397333"><ele>12.952</ele><time>2026-07-24T18:03:04Z</time><speed>2.702</speed><sat>17</sat></trkpt>
  <trkpt lat="26.41142000" lon="-80.16400333"><ele>13.251</ele><time>2026-07-24T18:03:05Z</time><speed>2.707</speed><sat>17</sat></trkpt>
  <trkpt lat="26.41141500" lon="-80.16403333"><ele>13.851</ele><time>2026-07-24T18:03:06Z</time><speed>2.704</speed><sat>17</sat></trkpt>
  <trkpt lat="26.41141000" lon="-80.16405833"><ele>14.351</ele><time>2026-07-24T18:03:07Z</time><speed>2.688</speed><sat>17</sat></trkpt>
  <trkpt lat="26.41140833" lon="-80.16408167"><ele>14.651</ele><time>2026-07-24T18:03:08Z</time><speed>2.681</speed><sat>17</sat></trkpt>
  <trkpt lat="26.41140500" lon="-80.16411000"><ele>14.751</ele><time>2026-07-24T18:03:09Z</time><speed>2.687</speed><sat>17</sat></trkpt>
  <trkpt lat="26.41140333" lon="-80.16413667"><ele>15.051</ele><time>2026-07-24T18:03:10Z</time><speed>2.693</speed><sat>17</sat></trkpt>
  <trkpt lat="26.41139833" lon="-80.16416167"><ele>15.151</ele><time>2026-07-24T18:03:11Z</time><speed>2.718</speed><sat>17</sat></trkpt>
  <trkpt lat="26.41139500" lon="-80.16419167"><ele>14.751</ele><time>2026-07-24T18:03:12Z</time><speed>2.741</speed><sat>17</sat></trkpt>
  <trkpt lat="26.41138833" lon="-80.16422333"><ele>14.250</ele><time>2026-07-24T18:03:13Z</time><speed>2.805</speed><sat>17</sat></trkpt>
  <trkpt lat="26.41138000" lon="-80.16425333"><ele>13.550</ele><time>2026-07-24T18:03:14Z</time><speed>2.876</speed><sat>17</sat></trkpt>
  <trkpt lat="26.41137000" lon="-80.16428333"><ele>13.350</ele><time>2026-07-24T18:03:15Z</time><speed>2.940</speed><sat>17</sat></trkpt>
  <trkpt lat="26.41136000" lon="-80.16431500"><ele>13.450</ele><time>2026-07-24T18:03:16Z</time><speed>2.927</speed><sat>17</sat></trkpt>
  <trkpt lat="26.41135333" lon="-80.16433833"><ele>13.450</ele><time>2026-07-24T18:03:17Z</time><speed>2.893</speed><sat>17</sat></trkpt>
  <trkpt lat="26.41134333" lon="-80.16436167"><ele>13.850</ele><time>2026-07-24T18:03:18Z</time><speed>2.861</speed><sat>17</sat></trkpt>
  <trkpt lat="26.41133500" lon="-80.16438333"><ele>13.450</ele><time>2026-07-24T18:03:19Z</time><speed>2.834</speed><sat>17</sat></trkpt>
  <trkpt lat="26.41132667" lon="-80.16440500"><ele>13.150</ele><time>2026-07-24T18:03:20Z</time><speed>2.791</speed><sat>16</sat></trkpt>
  <trkpt lat="26.41131833" lon="-80.16442667"><ele>12.550</ele><time>2026-07-24T18:03:21Z</time><speed>2.766</speed><sat>17</sat></trkpt>
  <trkpt lat="26.41131167" lon="-80.16445167"><ele>12.749</ele><time>2026-07-24T18:03:22Z</time><speed>2.725</speed><sat>17</sat></trkpt>
  <trkpt lat="26.41130500" lon="-80.16447500"><ele>13.249</ele><time>2026-07-24T18:03:23Z</time><speed>2.644</speed><sat>17</sat></trkpt>
  <trkpt lat="26.41130000" lon="-80.16449833"><ele>13.349</ele><time>2026-07-24T18:03:24Z</time><speed>2.496</speed><sat>17</sat></trkpt>
  <trkpt lat="26.41129333" lon="-80.16452167"><ele>13.049</ele><time>2026-07-24T18:03:25Z</time><speed>2.347</speed><sat>17</sat></trkpt>
  <trkpt lat="26.41128667" lon="-80.16454167"><ele>12.649</ele><time>2026-07-24T18:03:26Z</time><speed>2.234</speed><sat>17</sat></trkpt>
  <trkpt lat="26.41128167" lon="-80.16456500"><ele>12.249</ele><time>2026-07-24T18:03:27Z</time><speed>2.207</speed><sat>17</sat></trkpt>
  <trkpt lat="26.41127333" lon="-80.16459333"><ele>11.949</ele><time>2026-07-24T18:03:28Z</time><speed>2.180</speed><sat>17</sat></trkpt>
  <trkpt lat="26.41126667" lon="-80.16462000"><ele>11.749</ele><time>2026-07-24T18:03:29Z</time><speed>2.169</speed><sat>16</sat></trkpt>
  <trkpt lat="26.41125833" lon="-80.16464500"><ele>11.549</ele><time>2026-07-24T18:03:30Z</time><speed>2.197</speed><sat>17</sat></trkpt>
  <trkpt lat="26.41125333" lon="-80.16466833"><ele>11.549</ele><time>2026-07-24T18:03:31Z</time><speed>2.181</speed><sat>16</sat></trkpt>
  <trkpt lat="26.41124667" lon="-80.16469167"><ele>11.348</ele><time>2026-07-24T18:03:32Z</time><speed>2.153</speed><sat>16</sat></trkpt>
  <trkpt lat="26.41124167" lon="-80.16471500"><ele>10.948</ele><time>2026-07-24T18:03:33Z</time><speed>2.144</speed><sat>16</sat></trkpt>
  <trkpt lat="26.41123167" lon="-80.16473333"><ele>10.148</ele><time>2026-07-24T18:03:34Z</time><speed>2.168</speed><sat>17</sat></trkpt>
  <trkpt lat="26.41122333" lon="-80.16475000"><ele>9.548</ele><time>2026-07-24T18:03:35Z</time><speed>2.168</speed><sat>17</sat></trkpt>
  <trkpt lat="26.41121333" lon="-80.16476500"><ele>8.948</ele><time>2026-07-24T18:03:36Z</time><speed>2.208</speed><sat>17</sat></trkpt>
  <trkpt lat="26.41120667" lon="-80.16478167"><ele>8.648</ele><time>2026-07-24T18:03:37Z</time><speed>2.209</speed><sat>16</sat></trkpt>
  <trkpt lat="26.41120167" lon="-80.16480167"><ele>8.748</ele><time>2026-07-24T18:03:38Z</time><speed>2.206</speed><sat>16</sat></trkpt>
  <trkpt lat="26.41119167" lon="-80.16482167"><ele>9.048</ele><time>2026-07-24T18:03:39Z</time><speed>2.201</speed><sat>15</sat></trkpt>
  <trkpt lat="26.41118667" lon="-80.16484333"><ele>9.548</ele><time>2026-07-24T18:03:40Z</time><speed>2.174</speed><sat>16</sat></trkpt>
  <trkpt lat="26.41118500" lon="-80.16486833"><ele>9.848</ele><time>2026-07-24T18:03:41Z</time><speed>2.142</speed><sat>17</sat></trkpt>
  <trkpt lat="26.41118167" lon="-80.16489167"><ele>9.848</ele><time>2026-07-24T18:03:42Z</time><speed>2.132</speed><sat>17</sat></trkpt>
  <trkpt lat="26.41117167" lon="-80.16491167"><ele>9.847</ele><time>2026-07-24T18:03:43Z</time><speed>2.142</speed><sat>17</sat></trkpt>
  <trkpt lat="26.41116833" lon="-80.16493833"><ele>10.047</ele><time>2026-07-24T18:03:44Z</time><speed>2.188</speed><sat>17</sat></trkpt>
  <trkpt lat="26.41116333" lon="-80.16496333"><ele>10.347</ele><time>2026-07-24T18:03:45Z</time><speed>2.231</speed><sat>17</sat></trkpt>
  <trkpt lat="26.41115833" lon="-80.16498667"><ele>10.447</ele><time>2026-07-24T18:03:46Z</time><speed>2.278</speed><sat>17</sat></trkpt>
  <trkpt lat="26.41115000" lon="-80.16500833"><ele>11.047</ele><time>2026-07-24T18:03:47Z</time><speed>2.318</speed><sat>17</sat></trkpt>
  <trkpt lat="26.41114000" lon="-80.16502833"><ele>11.547</ele><time>2026-07-24T18:03:48Z</time><speed>2.335</speed><sat>17</sat></trkpt>
  <trkpt lat="26.41113167" lon="-80.16505000"><ele>11.647</ele><time>2026-07-24T18:03:49Z</time><speed>2.307</speed><sat>17</sat></trkpt>
  <trkpt lat="26.41112500" lon="-80.16507167"><ele>11.547</ele><time>2026-07-24T18:03:50Z</time><speed>2.299</speed><sat>17</sat></trkpt>
  <trkpt lat="26.41111667" lon="-80.16509000"><ele>11.747</ele><time>2026-07-24T18:03:51Z</time><speed>2.313</speed><sat>16</sat></trkpt>
  <trkpt lat="26.41111000" lon="-80.16511500"><ele>11.247</ele><time>2026-07-24T18:03:52Z</time><speed>2.320</speed><sat>15</sat></trkpt>
  <trkpt lat="26.41110167" lon="-80.16513833"><ele>11.247</ele><time>2026-07-24T18:03:53Z</time><speed>2.341</speed><sat>15</sat></trkpt>
  <trkpt lat="26.41109000" lon="-80.16516167"><ele>11.446</ele><time>2026-07-24T18:03:54Z</time><speed>2.341</speed><sat>16</sat></trkpt>
  <trkpt lat="26.41108167" lon="-80.16518667"><ele>11.646</ele><time>2026-07-24T18:03:55Z</time><speed>2.349</speed><sat>16</sat></trkpt>
  <trkpt lat="26.41107167" lon="-80.16521167"><ele>11.646</ele><time>2026-07-24T18:03:56Z</time><speed>2.363</speed><sat>16</sat></trkpt>
  <trkpt lat="26.41106500" lon="-80.16524000"><ele>11.546</ele><time>2026-07-24T18:03:57Z</time><speed>2.340</speed><sat>15</sat></trkpt>
  <trkpt lat="26.41105833" lon="-80.16526333"><ele>11.546</ele><time>2026-07-24T18:03:58Z</time><speed>2.311</speed><sat>17</sat></trkpt>
  <trkpt lat="26.41105167" lon="-80.16528667"><ele>11.246</ele><time>2026-07-24T18:03:59Z</time><speed>2.300</speed><sat>17</sat></trkpt>
  <trkpt lat="26.41104333" lon="-80.16531333"><ele>11.246</ele><time>2026-07-24T18:04:00Z</time><speed>2.311</speed><sat>17</sat></trkpt>
  <trkpt lat="26.41103500" lon="-80.16534000"><ele>10.946</ele><time>2026-07-24T18:04:01Z</time><speed>2.324</speed><sat>15</sat></trkpt>
  <trkpt lat="26.41102500" lon="-80.16536833"><ele>10.646</ele><time>2026-07-24T18:04:02Z</time><speed>2.368</speed><sat>16</sat></trkpt>
  <trkpt lat="26.41101667" lon="-80.16539500"><ele>10.545</ele><time>2026-07-24T18:04:03Z</time><speed>2.360</speed><sat>16</sat></trkpt>
  <trkpt lat="26.41100833" lon="-80.16542000"><ele>10.545</ele><time>2026-07-24T18:04:04Z</time><speed>2.363</speed><sat>17</sat></trkpt>
  <trkpt lat="26.41100167" lon="-80.16544333"><ele>10.645</ele><time>2026-07-24T18:04:05Z</time><speed>2.327</speed><sat>16</sat></trkpt>
  <trkpt lat="26.41099500" lon="-80.16546833"><ele>10.545</ele><time>2026-07-24T18:04:06Z</time><speed>2.328</speed><sat>16</sat></trkpt>
  <trkpt lat="26.41098500" lon="-80.16549167"><ele>10.645</ele><time>2026-07-24T18:04:07Z</time><speed>2.318</speed><sat>16</sat></trkpt>
  <trkpt lat="26.41098000" lon="-80.16551333"><ele>10.645</ele><time>2026-07-24T18:04:08Z</time><speed>2.351</speed><sat>17</sat></trkpt>
  <trkpt lat="26.41097667" lon="-80.16553833"><ele>11.345</ele><time>2026-07-24T18:04:09Z</time><speed>2.394</speed><sat>17</sat></trkpt>
  <trkpt lat="26.41097667" lon="-80.16555500"><ele>12.445</ele><time>2026-07-24T18:04:10Z</time><speed>2.285</speed><sat>17</sat></trkpt>
  <trkpt lat="26.41097833" lon="-80.16556667"><ele>13.445</ele><time>2026-07-24T18:04:11Z</time><speed>2.136</speed><sat>17</sat></trkpt>
  <trkpt lat="26.41097833" lon="-80.16557667"><ele>13.445</ele><time>2026-07-24T18:04:12Z</time><speed>1.948</speed><sat>17</sat></trkpt>
  <trkpt lat="26.41098167" lon="-80.16558500"><ele>13.545</ele><time>2026-07-24T18:04:13Z</time><speed>1.771</speed><sat>17</sat></trkpt>
  <trkpt lat="26.41098333" lon="-80.16559500"><ele>13.545</ele><time>2026-07-24T18:04:14Z</time><speed>1.580</speed><sat>17</sat></trkpt>
  <trkpt lat="26.41098167" lon="-80.16560333"><ele>13.345</ele><time>2026-07-24T18:04:15Z</time><speed>1.438</speed><sat>17</sat></trkpt>
  <trkpt lat="26.41098000" lon="-80.16561167"><ele>13.444</ele><time>2026-07-24T18:04:16Z</time><speed>1.242</speed><sat>17</sat></trkpt>
  <trkpt lat="26.41098000" lon="-80.16561333"><ele>13.144</ele><time>2026-07-24T18:04:17Z</time><speed>1.064</speed><sat>17</sat></trkpt>
  <trkpt lat="26.41097833" lon="-80.16561333"><ele>13.344</ele><time>2026-07-24T18:04:18Z</time><speed>0.840</speed><sat>17</sat></trkpt>
  <trkpt lat="26.41097500" lon="-80.16561333"><ele>13.644</ele><time>2026-07-24T18:04:19Z</time><speed>0.608</speed><sat>16</sat></trkpt>
  <trkpt lat="26.41097000" lon="-80.16561333"><ele>13.944</ele><time>2026-07-24T18:04:20Z</time><speed>0.487</speed><sat>16</sat></trkpt>
  <trkpt lat="26.41096500" lon="-80.16561333"><ele>14.544</ele><time>2026-07-24T18:04:21Z</time><speed>0.401</speed><sat>16</sat></trkpt>
  <trkpt lat="26.41096167" lon="-80.16561333"><ele>14.944</ele><time>2026-07-24T18:04:22Z</time><speed>0.000</speed><sat>15</sat></trkpt>
  <trkpt lat="26.41096000" lon="-80.16561167"><ele>15.344</ele><time>2026-07-24T18:04:23Z</time><speed>0.000</speed><sat>16</sat></trkpt>
  <trkpt lat="26.41096000" lon="-80.16561167"><ele>15.844</ele><time>2026-07-24T18:04:24Z</time><speed>0.000</speed><sat>17</sat></trkpt>
  <trkpt lat="26.41096000" lon="-80.16561167"><ele>15.844</ele><time>2026-07-24T18:04:25Z</time><speed>0.000</speed><sat>16</sat></trkpt>
  <trkpt lat="26.41096000" lon="-80.16561167"><ele>15.844</ele><time>2026-07-24T18:04:26Z</time><speed>0.000</speed><sat>16</sat></trkpt>
  <trkpt lat="26.41096000" lon="-80.16561167"><ele>15.844</ele><time>2026-07-24T18:04:27Z</time><speed>0.000</speed><sat>16</sat></trkpt>
  <trkpt lat="26.41096000" lon="-80.16561167"><ele>15.844</ele><time>2026-07-24T18:04:28Z</time><speed>0.000</speed><sat>16</sat></trkpt>
  <trkpt lat="26.41096000" lon="-80.16561167"><ele>15.844</ele><time>2026-07-24T18:04:29Z</time><speed>0.000</speed><sat>16</sat></trkpt>
  <trkpt lat="26.41096000" lon="-80.16561167"><ele>15.844</ele><time>2026-07-24T18:04:30Z</time><speed>0.000</speed><sat>16</sat></trkpt>
  <trkpt lat="26.41096000" lon="-80.16561167"><ele>15.844</ele><time>2026-07-24T18:04:31Z</time><speed>0.000</speed><sat>16</sat></trkpt>
  <trkpt lat="26.41096000" lon="-80.16561167"><ele>15.844</ele><time>2026-07-24T18:04:32Z</time><speed>0.000</speed><sat>16</sat></trkpt>
  <trkpt lat="26.41096000" lon="-80.16561167"><ele>15.844</ele><time>2026-07-24T18:04:33Z</time><speed>0.000</speed><sat>16</sat></trkpt>
  <trkpt lat="26.41096000" lon="-80.16561167"><ele>15.844</ele><time>2026-07-24T18:04:34Z</time><speed>0.000</speed><sat>17</sat></trkpt>
  <trkpt lat="26.41096000" lon="-80.16561167"><ele>15.844</ele><time>2026-07-24T18:04:35Z</time><speed>0.000</speed><sat>17</sat></trkpt>
  <trkpt lat="26.41096000" lon="-80.16561167"><ele>15.844</ele><time>2026-07-24T18:04:36Z</time><speed>0.000</speed><sat>17</sat></trkpt>
  <trkpt lat="26.41096000" lon="-80.16561167"><ele>15.844</ele><time>2026-07-24T18:04:37Z</time><speed>0.000</speed><sat>17</sat></trkpt>
  <trkpt lat="26.41096000" lon="-80.16561167"><ele>15.844</ele><time>2026-07-24T18:04:38Z</time><speed>0.000</speed><sat>17</sat></trkpt>
  <trkpt lat="26.41096000" lon="-80.16561167"><ele>15.844</ele><time>2026-07-24T18:04:39Z</time><speed>0.000</speed><sat>16</sat></trkpt>
  <trkpt lat="26.41096000" lon="-80.16561167"><ele>15.844</ele><time>2026-07-24T18:04:40Z</time><speed>0.000</speed><sat>17</sat></trkpt>
  <trkpt lat="26.41096000" lon="-80.16561167"><ele>15.844</ele><time>2026-07-24T18:04:41Z</time><speed>0.000</speed><sat>16</sat></trkpt>
  <trkpt lat="26.41096000" lon="-80.16561167"><ele>15.844</ele><time>2026-07-24T18:04:42Z</time><speed>0.000</speed><sat>16</sat></trkpt>
  <trkpt lat="26.41096000" lon="-80.16561167"><ele>15.844</ele><time>2026-07-24T18:04:43Z</time><speed>0.000</speed><sat>16</sat></trkpt>
  <trkpt lat="26.41096000" lon="-80.16561167"><ele>15.844</ele><time>2026-07-24T18:04:44Z</time><speed>0.000</speed><sat>16</sat></trkpt>
  <trkpt lat="26.41096000" lon="-80.16561167"><ele>15.844</ele><time>2026-07-24T18:04:45Z</time><speed>0.000</speed><sat>16</sat></trkpt>
  <trkpt lat="26.41096000" lon="-80.16561167"><ele>15.844</ele><time>2026-07-24T18:04:46Z</time><speed>0.000</speed><sat>16</sat></trkpt>
  <trkpt lat="26.41096000" lon="-80.16561167"><ele>15.844</ele><time>2026-07-24T18:04:47Z</time><speed>0.000</speed><sat>17</sat></trkpt>
  <trkpt lat="26.41096000" lon="-80.16561167"><ele>15.844</ele><time>2026-07-24T18:04:48Z</time><speed>0.000</speed><sat>17</sat></trkpt>
  <trkpt lat="26.41096000" lon="-80.16561167"><ele>15.844</ele><time>2026-07-24T18:04:49Z</time><speed>0.000</speed><sat>17</sat></trkpt>
  <trkpt lat="26.41096500" lon="-80.16564000"><ele>19.444</ele><time>2026-07-24T18:04:50Z</time><speed>0.261</speed><sat>17</sat></trkpt>
  <trkpt lat="26.41096000" lon="-80.16565667"><ele>19.344</ele><time>2026-07-24T18:04:51Z</time><speed>0.425</speed><sat>17</sat></trkpt>
  <trkpt lat="26.41095667" lon="-80.16567500"><ele>19.144</ele><time>2026-07-24T18:04:52Z</time><speed>0.619</speed><sat>17</sat></trkpt>
  <trkpt lat="26.41095167" lon="-80.16569167"><ele>19.144</ele><time>2026-07-24T18:04:53Z</time><speed>0.790</speed><sat>17</sat></trkpt>
  <trkpt lat="26.41094833" lon="-80.16571000"><ele>19.144</ele><time>2026-07-24T18:04:54Z</time><speed>0.952</speed><sat>17</sat></trkpt>
  <trkpt lat="26.41094333" lon="-80.16572833"><ele>19.044</ele><time>2026-07-24T18:04:55Z</time><speed>1.139</speed><sat>17</sat></trkpt>
  <trkpt lat="26.41094167" lon="-80.16574667"><ele>18.844</ele><time>2026-07-24T18:04:56Z</time><speed>1.300</speed><sat>17</sat></trkpt>
  <trkpt lat="26.41093833" lon="-80.16576333"><ele>18.544</ele><time>2026-07-24T18:04:57Z</time><speed>1.449</speed><sat>17</sat></trkpt>
  <trkpt lat="26.41093667" lon="-80.16577833"><ele>18.444</ele><time>2026-07-24T18:04:58Z</time><speed>1.580</speed><sat>17</sat></trkpt>
  <trkpt lat="26.41093667" lon="-80.16579167"><ele>18.044</ele><time>2026-07-24T18:04:59Z</time><speed>1.629</speed><sat>15</sat></trkpt>
  <trkpt lat="26.41093667" lon="-80.16580500"><ele>17.644</ele><time>2026-07-24T18:05:00Z</time><speed>1.597</speed><sat>16</sat></trkpt>
  <trkpt lat="26.41093833" lon="-80.16581500"><ele>17.144</ele><time>2026-07-24T18:05:01Z</time><speed>1.531</speed><sat>16</sat></trkpt>
  <trkpt lat="26.41094167" lon="-80.16582167"><ele>17.244</ele><time>2026-07-24T18:05:02Z</time><speed>1.391</speed><sat>17</sat></trkpt>
  <trkpt lat="26.41094167" lon="-80.16582833"><ele>17.244</ele><time>2026-07-24T18:05:03Z</time><speed>0.000</speed><sat>10</sat></trkpt>
  <trkpt lat="26.41094333" lon="-80.16583167"><ele>17.544</ele><time>2026-07-24T18:05:04Z</time><speed>1.149</speed><sat>13</sat></trkpt>
  <trkpt lat="26.41094667" lon="-80.16583667"><ele>18.044</ele><time>2026-07-24T18:05:05Z</time><speed>0.991</speed><sat>16</sat></trkpt>
  <trkpt lat="26.41094333" lon="-80.16583667"><ele>18.344</ele><time>2026-07-24T18:05:06Z</time><speed>0.830</speed><sat>16</sat></trkpt>
  <trkpt lat="26.41094167" lon="-80.16583333"><ele>18.444</ele><time>2026-07-24T18:05:07Z</time><speed>0.683</speed><sat>17</sat></trkpt>
  <trkpt lat="26.41094167" lon="-80.16583500"><ele>18.444</ele><time>2026-07-24T18:05:08Z</time><speed>0.558</speed><sat>17</sat></trkpt>
  <trkpt lat="26.41094333" lon="-80.16583667"><ele>18.444</ele><time>2026-07-24T18:05:09Z</time><speed>0.486</speed><sat>17</sat></trkpt>
  <trkpt lat="26.41094167" lon="-80.16584167"><ele>18.544</ele><time>2026-07-24T18:05:10Z</time><speed>0.000</speed><sat>17</sat></trkpt>
  <trkpt lat="26.41094333" lon="-80.16584833"><ele>18.444</ele><time>2026-07-24T18:05:11Z</time><speed>0.000</speed><sat>17</sat></trkpt>
  <trkpt lat="26.41094333" lon="-80.16585333"><ele>18.743</ele><time>2026-07-24T18:05:12Z</time><speed>0.000</speed><sat>17</sat></trkpt>
  <trkpt lat="26.41094333" lon="-80.16585333"><ele>18.743</ele><time>2026-07-24T18:05:13Z</time><speed>0.000</speed><sat>17</sat></trkpt>
  <trkpt lat="26.41094333" lon="-80.16585333"><ele>18.743</ele><time>2026-07-24T18:05:14Z</time><speed>0.000</speed><sat>17</sat></trkpt>
  <trkpt lat="26.41094333" lon="-80.16585333"><ele>18.743</ele><time>2026-07-24T18:05:15Z</time><speed>0.000</speed><sat>17</sat></trkpt>
  <trkpt lat="26.41094333" lon="-80.16585333"><ele>18.743</ele><time>2026-07-24T18:05:16Z</time><speed>0.000</speed><sat>17</sat></trkpt>
  <trkpt lat="26.41094333" lon="-80.16585333"><ele>18.743</ele><time>2026-07-24T18:05:17Z</time><speed>0.000</speed><sat>17</sat></trkpt>
  <trkpt lat="26.41094333" lon="-80.16585333"><ele>18.743</ele><time>2026-07-24T18:05:18Z</time><speed>0.000</speed><sat>17</sat></trkpt>
  <trkpt lat="26.41094333" lon="-80.16585333"><ele>18.743</ele><time>2026-07-24T18:05:19Z</time><speed>0.000</speed><sat>17</sat></trkpt>
  <trkpt lat="26.41094333" lon="-80.16585333"><ele>18.743</ele><time>2026-07-24T18:05:20Z</time><speed>0.000</speed><sat>17</sat></trkpt>
  <trkpt lat="26.41094333" lon="-80.16585333"><ele>18.743</ele><time>2026-07-24T18:05:21Z</time><speed>0.000</speed><sat>17</sat></trkpt>
  <trkpt lat="26.41094333" lon="-80.16585333"><ele>18.743</ele><time>2026-07-24T18:05:22Z</time><speed>0.000</speed><sat>17</sat></trkpt>
  <trkpt lat="26.41094333" lon="-80.16585333"><ele>18.743</ele><time>2026-07-24T18:05:23Z</time><speed>0.000</speed><sat>17</sat></trkpt>
  <trkpt lat="26.41094333" lon="-80.16585333"><ele>18.743</ele><time>2026-07-24T18:05:24Z</time><speed>0.000</speed><sat>17</sat></trkpt>
  <trkpt lat="26.41094333" lon="-80.16585333"><ele>18.743</ele><time>2026-07-24T18:05:25Z</time><speed>0.000</speed><sat>16</sat></trkpt>
  <trkpt lat="26.41094333" lon="-80.16585333"><ele>18.743</ele><time>2026-07-24T18:05:26Z</time><speed>0.000</speed><sat>15</sat></trkpt>
  <trkpt lat="26.41094333" lon="-80.16585333"><ele>18.743</ele><time>2026-07-24T18:05:27Z</time><speed>0.000</speed><sat>16</sat></trkpt>
  <trkpt lat="26.41094667" lon="-80.16589000"><ele>20.843</ele><time>2026-07-24T18:05:28Z</time><speed>0.295</speed><sat>17</sat></trkpt>
  <trkpt lat="26.41095167" lon="-80.16590167"><ele>21.143</ele><time>2026-07-24T18:05:29Z</time><speed>0.410</speed><sat>17</sat></trkpt>
  <trkpt lat="26.41095167" lon="-80.16591000"><ele>21.143</ele><time>2026-07-24T18:05:30Z</time><speed>0.483</speed><sat>17</sat></trkpt>
  <trkpt lat="26.41096833" lon="-80.16591500"><ele>21.343</ele><time>2026-07-24T18:05:31Z</time><speed>0.639</speed><sat>17</sat></trkpt>
  <trkpt lat="26.41098833" lon="-80.16591167"><ele>20.743</ele><time>2026-07-24T18:05:32Z</time><speed>0.817</speed><sat>17</sat></trkpt>
  <trkpt lat="26.41100833" lon="-80.16590500"><ele>20.943</ele><time>2026-07-24T18:05:33Z</time><speed>1.023</speed><sat>17</sat></trkpt>
  <trkpt lat="26.41102833" lon="-80.16589833"><ele>20.743</ele><time>2026-07-24T18:05:34Z</time><speed>1.233</speed><sat>17</sat></trkpt>
  <trkpt lat="26.41105167" lon="-80.16589500"><ele>20.643</ele><time>2026-07-24T18:05:35Z</time><speed>1.455</speed><sat>17</sat></trkpt>
  <trkpt lat="26.41107667" lon="-80.16589167"><ele>20.343</ele><time>2026-07-24T18:05:36Z</time><speed>1.670</speed><sat>17</sat></trkpt>
  <trkpt lat="26.41110000" lon="-80.16588833"><ele>19.743</ele><time>2026-07-24T18:05:37Z</time><speed>1.793</speed><sat>17</sat></trkpt>
  <trkpt lat="26.41112500" lon="-80.16588167"><ele>19.343</ele><time>2026-07-24T18:05:38Z</time><speed>1.923</speed><sat>17</sat></trkpt>
  <trkpt lat="26.41114667" lon="-80.16587667"><ele>19.443</ele><time>2026-07-24T18:05:39Z</time><speed>2.062</speed><sat>17</sat></trkpt>
  <trkpt lat="26.41116667" lon="-80.16586833"><ele>19.044</ele><time>2026-07-24T18:05:40Z</time><speed>2.247</speed><sat>17</sat></trkpt>
  <trkpt lat="26.41118667" lon="-80.16586333"><ele>18.644</ele><time>2026-07-24T18:05:41Z</time><speed>2.367</speed><sat>17</sat></trkpt>
  <trkpt lat="26.41121000" lon="-80.16586000"><ele>18.644</ele><time>2026-07-24T18:05:42Z</time><speed>2.486</speed><sat>17</sat></trkpt>
  <trkpt lat="26.41123833" lon="-80.16585667"><ele>18.544</ele><time>2026-07-24T18:05:43Z</time><speed>2.591</speed><sat>17</sat></trkpt>
  <trkpt lat="26.41126833" lon="-80.16584833"><ele>18.244</ele><time>2026-07-24T18:05:44Z</time><speed>2.709</speed><sat>16</sat></trkpt>
  <trkpt lat="26.41129667" lon="-80.16584167"><ele>17.844</ele><time>2026-07-24T18:05:45Z</time><speed>2.809</speed><sat>17</sat></trkpt>
  <trkpt lat="26.41132667" lon="-80.16583333"><ele>17.444</ele><time>2026-07-24T18:05:46Z</time><speed>2.911</speed><sat>17</sat></trkpt>
  <trkpt lat="26.41135667" lon="-80.16582500"><ele>16.944</ele><time>2026-07-24T18:05:47Z</time><speed>2.990</speed><sat>17</sat></trkpt>
  <trkpt lat="26.41138500" lon="-80.16581500"><ele>16.344</ele><time>2026-07-24T18:05:48Z</time><speed>3.091</speed><sat>17</sat></trkpt>
  <trkpt lat="26.41141333" lon="-80.16580833"><ele>16.344</ele><time>2026-07-24T18:05:49Z</time><speed>3.153</speed><sat>17</sat></trkpt>
  <trkpt lat="26.41144167" lon="-80.16580000"><ele>16.544</ele><time>2026-07-24T18:05:50Z</time><speed>3.215</speed><sat>17</sat></trkpt>
  <trkpt lat="26.41147000" lon="-80.16579167"><ele>15.944</ele><time>2026-07-24T18:05:51Z</time><speed>3.271</speed><sat>16</sat></trkpt>
  <trkpt lat="26.41149833" lon="-80.16578167"><ele>15.344</ele><time>2026-07-24T18:05:52Z</time><speed>3.295</speed><sat>17</sat></trkpt>
  <trkpt lat="26.41152667" lon="-80.16577333"><ele>15.044</ele><time>2026-07-24T18:05:53Z</time><speed>3.307</speed><sat>17</sat></trkpt>
  <trkpt lat="26.41155500" lon="-80.16576500"><ele>15.044</ele><time>2026-07-24T18:05:54Z</time><speed>3.295</speed><sat>17</sat></trkpt>
  <trkpt lat="26.41158333" lon="-80.16575167"><ele>15.444</ele><time>2026-07-24T18:05:55Z</time><speed>3.297</speed><sat>17</sat></trkpt>
  <trkpt lat="26.41161000" lon="-80.16573833"><ele>16.044</ele><time>2026-07-24T18:05:56Z</time><speed>3.296</speed><sat>17</sat></trkpt>
  <trkpt lat="26.41163667" lon="-80.16572500"><ele>16.344</ele><time>2026-07-24T18:05:57Z</time><speed>3.314</speed><sat>17</sat></trkpt>
  <trkpt lat="26.41166167" lon="-80.16571167"><ele>15.544</ele><time>2026-07-24T18:05:58Z</time><speed>3.307</speed><sat>17</sat></trkpt>
  <trkpt lat="26.41168833" lon="-80.16570000"><ele>15.445</ele><time>2026-07-24T18:05:59Z</time><speed>3.315</speed><sat>17</sat></trkpt>
  <trkpt lat="26.41171667" lon="-80.16568667"><ele>15.645</ele><time>2026-07-24T18:06:00Z</time><speed>3.313</speed><sat>17</sat></trkpt>
  <trkpt lat="26.41174500" lon="-80.16567167"><ele>15.245</ele><time>2026-07-24T18:06:01Z</time><speed>3.314</speed><sat>17</sat></trkpt>
  <trkpt lat="26.41177333" lon="-80.16565667"><ele>15.345</ele><time>2026-07-24T18:06:02Z</time><speed>3.325</speed><sat>17</sat></trkpt>
  <trkpt lat="26.41180000" lon="-80.16563833"><ele>14.845</ele><time>2026-07-24T18:06:03Z</time><speed>3.352</speed><sat>16</sat></trkpt>
  <trkpt lat="26.41183000" lon="-80.16561833"><ele>14.845</ele><time>2026-07-24T18:06:04Z</time><speed>3.385</speed><sat>16</sat></trkpt>
  <trkpt lat="26.41185833" lon="-80.16559833"><ele>14.545</ele><time>2026-07-24T18:06:05Z</time><speed>3.409</speed><sat>17</sat></trkpt>
  <trkpt lat="26.41188500" lon="-80.16557667"><ele>14.745</ele><time>2026-07-24T18:06:06Z</time><speed>3.454</speed><sat>17</sat></trkpt>
  <trkpt lat="26.41191333" lon="-80.16556000"><ele>14.945</ele><time>2026-07-24T18:06:07Z</time><speed>3.498</speed><sat>17</sat></trkpt>
  <trkpt lat="26.41194500" lon="-80.16554167"><ele>15.045</ele><time>2026-07-24T18:06:08Z</time><speed>3.514</speed><sat>17</sat></trkpt>
  <trkpt lat="26.41197500" lon="-80.16552667"><ele>14.845</ele><time>2026-07-24T18:06:09Z</time><speed>3.509</speed><sat>17</sat></trkpt>
  <trkpt lat="26.41200167" lon="-80.16551000"><ele>14.345</ele><time>2026-07-24T18:06:10Z</time><speed>3.465</speed><sat>17</sat></trkpt>
  <trkpt lat="26.41202667" lon="-80.16549333"><ele>13.546</ele><time>2026-07-24T18:06:11Z</time><speed>3.366</speed><sat>17</sat></trkpt>
  <trkpt lat="26.41204333" lon="-80.16547000"><ele>13.046</ele><time>2026-07-24T18:06:12Z</time><speed>3.319</speed><sat>17</sat></trkpt>
  <trkpt lat="26.41206333" lon="-80.16545167"><ele>12.946</ele><time>2026-07-24T18:06:13Z</time><speed>3.280</speed><sat>17</sat></trkpt>
  <trkpt lat="26.41208667" lon="-80.16542667"><ele>12.946</ele><time>2026-07-24T18:06:14Z</time><speed>3.241</speed><sat>17</sat></trkpt>
  <trkpt lat="26.41211000" lon="-80.16540167"><ele>12.746</ele><time>2026-07-24T18:06:15Z</time><speed>3.226</speed><sat>17</sat></trkpt>
  <trkpt lat="26.41213667" lon="-80.16537500"><ele>12.546</ele><time>2026-07-24T18:06:16Z</time><speed>3.220</speed><sat>17</sat></trkpt>
  <trkpt lat="26.41216167" lon="-80.16534667"><ele>12.046</ele><time>2026-07-24T18:06:17Z</time><speed>3.232</speed><sat>17</sat></trkpt>
  <trkpt lat="26.41219000" lon="-80.16532000"><ele>11.746</ele><time>2026-07-24T18:06:18Z</time><speed>3.254</speed><sat>17</sat></trkpt>
  <trkpt lat="26.41221333" lon="-80.16529500"><ele>11.246</ele><time>2026-07-24T18:06:19Z</time><speed>3.258</speed><sat>17</sat></trkpt>
  <trkpt lat="26.41224000" lon="-80.16526833"><ele>11.147</ele><time>2026-07-24T18:06:20Z</time><speed>3.320</speed><sat>17</sat></trkpt>
  <trkpt lat="26.41226000" lon="-80.16524000"><ele>10.147</ele><time>2026-07-24T18:06:21Z</time><speed>3.490</speed><sat>17</sat></trkpt>
  <trkpt lat="26.41228167" lon="-80.16520500"><ele>9.847</ele><time>2026-07-24T18:06:22Z</time><speed>3.573</speed><sat>17</sat></trkpt>
  <trkpt lat="26.41229833" lon="-80.16517167"><ele>9.747</ele><time>2026-07-24T18:06:23Z</time><speed>3.665</speed><sat>17</sat></trkpt>
  <trkpt lat="26.41231833" lon="-80.16513500"><ele>9.747</ele><time>2026-07-24T18:06:24Z</time><speed>3.719</speed><sat>17</sat></trkpt>
  <trkpt lat="26.41233500" lon="-80.16509833"><ele>9.747</ele><time>2026-07-24T18:06:25Z</time><speed>3.725</speed><sat>17</sat></trkpt>
  <trkpt lat="26.41235000" lon="-80.16506167"><ele>10.048</ele><time>2026-07-24T18:06:26Z</time><speed>3.719</speed><sat>17</sat></trkpt>
  <trkpt lat="26.41236333" lon="-80.16502667"><ele>9.948</ele><time>2026-07-24T18:06:27Z</time><speed>3.699</speed><sat>17</sat></trkpt>
  <trkpt lat="26.41237667" lon="-80.16499167"><ele>10.048</ele><time>2026-07-24T18:06:28Z</time><speed>3.718</speed><sat>17</sat></trkpt>
  <trkpt lat="26.41239167" lon="-80.16496167"><ele>10.348</ele><time>2026-07-24T18:06:29Z</time><speed>3.779</speed><sat>17</sat></trkpt>
  <trkpt lat="26.41240500" lon="-80.16492833"><ele>10.248</ele><time>2026-07-24T18:06:30Z</time><speed>3.820</speed><sat>17</sat></trkpt>
  <trkpt lat="26.41241167" lon="-80.16489500"><ele>10.248</ele><time>2026-07-24T18:06:31Z</time><speed>3.772</speed><sat>17</sat></trkpt>
  <trkpt lat="26.41242333" lon="-80.16486333"><ele>10.548</ele><time>2026-07-24T18:06:32Z</time><speed>3.778</speed><sat>17</sat></trkpt>
  <trkpt lat="26.41243833" lon="-80.16482833"><ele>10.849</ele><time>2026-07-24T18:06:33Z</time><speed>3.733</speed><sat>17</sat></trkpt>
  <trkpt lat="26.41245167" lon="-80.16480000"><ele>10.949</ele><time>2026-07-24T18:06:34Z</time><speed>3.675</speed><sat>17</sat></trkpt>
  <trkpt lat="26.41246833" lon="-80.16476333"><ele>10.749</ele><time>2026-07-24T18:06:35Z</time><speed>3.657</speed><sat>17</sat></trkpt>
  <trkpt lat="26.41248167" lon="-80.16472500"><ele>11.349</ele><time>2026-07-24T18:06:36Z</time><speed>3.652</speed><sat>17</sat></trkpt>
  <trkpt lat="26.41249000" lon="-80.16468667"><ele>11.849</ele><time>2026-07-24T18:06:37Z</time><speed>3.649</speed><sat>17</sat></trkpt>
  <trkpt lat="26.41249667" lon="-80.16464167"><ele>14.049</ele><time>2026-07-24T18:06:38Z</time><speed>3.629</speed><sat>17</sat></trkpt>
  <trkpt lat="26.41250667" lon="-80.16460833"><ele>14.149</ele><time>2026-07-24T18:06:39Z</time><speed>3.600</speed><sat>17</sat></trkpt>
  <trkpt lat="26.41251667" lon="-80.16457333"><ele>14.550</ele><time>2026-07-24T18:06:40Z</time><speed>3.579</speed><sat>17</sat></trkpt>
  <trkpt lat="26.41252500" lon="-80.16453833"><ele>14.750</ele><time>2026-07-24T18:06:41Z</time><speed>3.595</speed><sat>17</sat></trkpt>
  <trkpt lat="26.41253500" lon="-80.16450167"><ele>14.950</ele><time>2026-07-24T18:06:42Z</time><speed>3.574</speed><sat>17</sat></trkpt>
  <trkpt lat="26.41254500" lon="-80.16446667"><ele>15.150</ele><time>2026-07-24T18:06:43Z</time><speed>3.557</speed><sat>17</sat></trkpt>
  <trkpt lat="26.41255833" lon="-80.16443000"><ele>15.850</ele><time>2026-07-24T18:06:44Z</time><speed>3.596</speed><sat>17</sat></trkpt>
  <trkpt lat="26.41256500" lon="-80.16438667"><ele>15.850</ele><time>2026-07-24T18:06:45Z</time><speed>3.635</speed><sat>17</sat></trkpt>
  <trkpt lat="26.41256833" lon="-80.16435167"><ele>15.651</ele><time>2026-07-24T18:06:46Z</time><speed>3.633</speed><sat>17</sat></trkpt>
  <trkpt lat="26.41257167" lon="-80.16431667"><ele>15.651</ele><time>2026-07-24T18:06:47Z</time><speed>3.642</speed><sat>17</sat></trkpt>
  <trkpt lat="26.41257333" lon="-80.16428500"><ele>15.451</ele><time>2026-07-24T18:06:48Z</time><speed>3.636</speed><sat>17</sat></trkpt>
  <trkpt lat="26.41257333" lon="-80.16425333"><ele>15.351</ele><time>2026-07-24T18:06:49Z</time><speed>3.634</speed><sat>17</sat></trkpt>
  <trkpt lat="26.41257500" lon="-80.16422333"><ele>15.451</ele><time>2026-07-24T18:06:50Z</time><speed>3.595</speed><sat>17</sat></trkpt>
  <trkpt lat="26.41257667" lon="-80.16419167"><ele>15.451</ele><time>2026-07-24T18:06:51Z</time><speed>3.560</speed><sat>17</sat></trkpt>
  <trkpt lat="26.41257833" lon="-80.16416167"><ele>14.651</ele><time>2026-07-24T18:06:52Z</time><speed>3.504</speed><sat>17</sat></trkpt>
  <trkpt lat="26.41257833" lon="-80.16413333"><ele>13.951</ele><time>2026-07-24T18:06:53Z</time><speed>3.396</speed><sat>16</sat></trkpt>
  <trkpt lat="26.41257833" lon="-80.16410667"><ele>12.952</ele><time>2026-07-24T18:06:54Z</time><speed>3.275</speed><sat>16</sat></trkpt>
  <trkpt lat="26.41258167" lon="-80.16407833"><ele>13.752</ele><time>2026-07-24T18:06:55Z</time><speed>3.089</speed><sat>17</sat></trkpt>
  <trkpt lat="26.41257833" lon="-80.16405500"><ele>13.452</ele><time>2026-07-24T18:06:56Z</time><speed>2.881</speed><sat>17</sat></trkpt>
  <trkpt lat="26.41257000" lon="-80.16404500"><ele>13.152</ele><time>2026-07-24T18:06:57Z</time><speed>2.577</speed><sat>16</sat></trkpt>
  <trkpt lat="26.41257000" lon="-80.16404167"><ele>13.052</ele><time>2026-07-24T18:06:58Z</time><speed>2.230</speed><sat>17</sat></trkpt>
  <trkpt lat="26.41257333" lon="-80.16404167"><ele>13.052</ele><time>2026-07-24T18:06:59Z</time><speed>1.877</speed><sat>17</sat></trkpt>
  <trkpt lat="26.41258000" lon="-80.16404000"><ele>13.152</ele><time>2026-07-24T18:07:00Z</time><speed>1.558</speed><sat>17</sat></trkpt>
  <trkpt lat="26.41258500" lon="-80.16404167"><ele>12.952</ele><time>2026-07-24T18:07:01Z</time><speed>1.219</speed><sat>17</sat></trkpt>
  <trkpt lat="26.41258833" lon="-80.16403833"><ele>13.252</ele><time>2026-07-24T18:07:02Z</time><speed>0.919</speed><sat>17</sat></trkpt>
  <trkpt lat="26.41259167" lon="-80.16403333"><ele>13.552</ele><time>2026-07-24T18:07:03Z</time><speed>0.711</speed><sat>17</sat></trkpt>
  <trkpt lat="26.41259000" lon="-80.16402667"><ele>13.652</ele><time>2026-07-24T18:07:04Z</time><speed>0.523</speed><sat>17</sat></trkpt>
  <trkpt lat="26.41258667" lon="-80.16401667"><ele>13.552</ele><time>2026-07-24T18:07:05Z</time><speed>0.410</speed><sat>17</sat></trkpt>
  <trkpt lat="26.41258167" lon="-80.16400833"><ele>13.352</ele><time>2026-07-24T18:07:06Z</time><speed>0.346</speed><sat>16</sat></trkpt>
  <trkpt lat="26.41258167" lon="-80.16400333"><ele>13.452</ele><time>2026-07-24T18:07:07Z</time><speed>0.000</speed><sat>17</sat></trkpt>
  <trkpt lat="26.41258500" lon="-80.16399667"><ele>14.152</ele><time>2026-07-24T18:07:08Z</time><speed>0.000</speed><sat>17</sat></trkpt>
  <trkpt lat="26.41258667" lon="-80.16399333"><ele>14.952</ele><time>2026-07-24T18:07:09Z</time><speed>0.000</speed><sat>17</sat></trkpt>
  <trkpt lat="26.41258667" lon="-80.16399333"><ele>14.952</ele><time>2026-07-24T18:07:10Z</time><speed>0.000</speed><sat>17</sat></trkpt>
  <trkpt lat="26.41258667" lon="-80.16399333"><ele>14.952</ele><time>2026-07-24T18:07:11Z</time><speed>0.000</speed><sat>17</sat></trkpt>
  <trkpt lat="26.41258667" lon="-80.16399333"><ele>14.952</ele><time>2026-07-24T18:07:12Z</time><speed>0.000</speed><sat>17</sat></trkpt>
  <trkpt lat="26.41258667" lon="-80.16399333"><ele>14.952</ele><time>2026-07-24T18:07:13Z</time><speed>0.000</speed><sat>17</sat></trkpt>
  <trkpt lat="26.41258667" lon="-80.16399333"><ele>14.952</ele><time>2026-07-24T18:07:14Z</time><speed>0.000</speed><sat>16</sat></trkpt>
  <trkpt lat="26.41258667" lon="-80.16399333"><ele>14.952</ele><time>2026-07-24T18:07:15Z</time><speed>0.000</speed><sat>17</sat></trkpt>
  <trkpt lat="26.41258667" lon="-80.16399333"><ele>14.952</ele><time>2026-07-24T18:07:16Z</time><speed>0.000</speed><sat>17</sat></trkpt>
  <trkpt lat="26.41258667" lon="-80.16399333"><ele>14.952</ele><time>2026-07-24T18:07:17Z</time><speed>0.000</speed><sat>17</sat></trkpt>
  <trkpt lat="26.41257500" lon="-80.16394667"><ele>19.652</ele><time>2026-07-24T18:07:18Z</time><speed>0.337</speed><sat>16</sat></trkpt>
  <trkpt lat="26.41257167" lon="-80.16392667"><ele>18.852</ele><time>2026-07-24T18:07:19Z</time><speed>0.556</speed><sat>15</sat></trkpt>
  <trkpt lat="26.41256833" lon="-80.16390167"><ele>18.552</ele><time>2026-07-24T18:07:20Z</time><speed>0.776</speed><sat>16</sat></trkpt>
  <trkpt lat="26.41257000" lon="-80.16387667"><ele>18.653</ele><time>2026-07-24T18:07:21Z</time><speed>1.051</speed><sat>17</sat></trkpt>
  <trkpt lat="26.41257000" lon="-80.16385000"><ele>19.153</ele><time>2026-07-24T18:07:22Z</time><speed>1.350</speed><sat>17</sat></trkpt>
  <trkpt lat="26.41257000" lon="-80.16382167"><ele>19.653</ele><time>2026-07-24T18:07:23Z</time><speed>1.648</speed><sat>17</sat></trkpt>
  <trkpt lat="26.41256667" lon="-80.16379167"><ele>20.253</ele><time>2026-07-24T18:07:24Z</time><speed>1.968</speed><sat>17</sat></trkpt>
  <trkpt lat="26.41256333" lon="-80.16376000"><ele>20.353</ele><time>2026-07-24T18:07:25Z</time><speed>2.292</speed><sat>17</sat></trkpt>
  <trkpt lat="26.41255667" lon="-80.16372833"><ele>20.653</ele><time>2026-07-24T18:07:26Z</time><speed>2.603</speed><sat>17</sat></trkpt>
  <trkpt lat="26.41254833" lon="-80.16369667"><ele>20.753</ele><time>2026-07-24T18:07:27Z</time><speed>2.889</speed><sat>17</sat></trkpt>
  <trkpt lat="26.41254167" lon="-80.16366333"><ele>20.153</ele><time>2026-07-24T18:07:28Z</time><speed>3.063</speed><sat>17</sat></trkpt>
  <trkpt lat="26.41252833" lon="-80.16363167"><ele>19.054</ele><time>2026-07-24T18:07:29Z</time><speed>3.197</speed><sat>17</sat></trkpt>
  <trkpt lat="26.41251500" lon="-80.16360000"><ele>18.854</ele><time>2026-07-24T18:07:30Z</time><speed>3.310</speed><sat>17</sat></trkpt>
  <trkpt lat="26.41250500" lon="-80.16356833"><ele>18.654</ele><time>2026-07-24T18:07:31Z</time><speed>3.373</speed><sat>17</sat></trkpt>
  <trkpt lat="26.41250167" lon="-80.16354000"><ele>18.254</ele><time>2026-07-24T18:07:32Z</time><speed>3.423</speed><sat>17</sat></trkpt>
  <trkpt lat="26.41249500" lon="-80.16350500"><ele>18.054</ele><time>2026-07-24T18:07:33Z</time><speed>3.466</speed><sat>17</sat></trkpt>
  <trkpt lat="26.41248667" lon="-80.16347167"><ele>17.854</ele><time>2026-07-24T18:07:34Z</time><speed>3.492</speed><sat>17</sat></trkpt>
  <trkpt lat="26.41247833" lon="-80.16343833"><ele>17.754</ele><time>2026-07-24T18:07:35Z</time><speed>3.523</speed><sat>17</sat></trkpt>
  <trkpt lat="26.41247000" lon="-80.16340333"><ele>17.854</ele><time>2026-07-24T18:07:36Z</time><speed>3.537</speed><sat>17</sat></trkpt>
  <trkpt lat="26.41246333" lon="-80.16336833"><ele>17.355</ele><time>2026-07-24T18:07:37Z</time><speed>3.539</speed><sat>17</sat></trkpt>
  <trkpt lat="26.41245667" lon="-80.16333500"><ele>16.255</ele><time>2026-07-24T18:07:38Z</time><speed>3.541</speed><sat>16</sat></trkpt>
  <trkpt lat="26.41245667" lon="-80.16330000"><ele>15.655</ele><time>2026-07-24T18:07:39Z</time><speed>3.528</speed><sat>17</sat></trkpt>
  <trkpt lat="26.41244667" lon="-80.16326667"><ele>15.355</ele><time>2026-07-24T18:07:40Z</time><speed>3.509</speed><sat>17</sat></trkpt>
  <trkpt lat="26.41244167" lon="-80.16323500"><ele>14.955</ele><time>2026-07-24T18:07:41Z</time><speed>3.500</speed><sat>17</sat></trkpt>
  <trkpt lat="26.41243500" lon="-80.16320000"><ele>14.255</ele><time>2026-07-24T18:07:42Z</time><speed>3.495</speed><sat>17</sat></trkpt>
  <trkpt lat="26.41243500" lon="-80.16316500"><ele>13.555</ele><time>2026-07-24T18:07:43Z</time><speed>3.498</speed><sat>17</sat></trkpt>
  <trkpt lat="26.41243000" lon="-80.16312833"><ele>12.856</ele><time>2026-07-24T18:07:44Z</time><speed>3.510</speed><sat>17</sat></trkpt>
  <trkpt lat="26.41242167" lon="-80.16309333"><ele>12.656</ele><time>2026-07-24T18:07:45Z</time><speed>3.520</speed><sat>17</sat></trkpt>
  <trkpt lat="26.41241500" lon="-80.16305500"><ele>12.756</ele><time>2026-07-24T18:07:46Z</time><speed>3.529</speed><sat>17</sat></trkpt>
  <trkpt lat="26.41241000" lon="-80.16302000"><ele>12.556</ele><time>2026-07-24T18:07:47Z</time><speed>3.550</speed><sat>17</sat></trkpt>
  <trkpt lat="26.41241000" lon="-80.16298333"><ele>12.356</ele><time>2026-07-24T18:07:48Z</time><speed>3.569</speed><sat>17</sat></trkpt>
  <trkpt lat="26.41240667" lon="-80.16294500"><ele>11.656</ele><time>2026-07-24T18:07:49Z</time><speed>3.585</speed><sat>17</sat></trkpt>
  <trkpt lat="26.41240833" lon="-80.16291167"><ele>10.356</ele><time>2026-07-24T18:07:50Z</time><speed>3.618</speed><sat>17</sat></trkpt>
  <trkpt lat="26.41240333" lon="-80.16287833"><ele>9.057</ele><time>2026-07-24T18:07:51Z</time><speed>3.643</speed><sat>17</sat></trkpt>
  <trkpt lat="26.41239667" lon="-80.16284333"><ele>8.257</ele><time>2026-07-24T18:07:52Z</time><speed>3.657</speed><sat>17</sat></trkpt>
  <trkpt lat="26.41239167" lon="-80.16280667"><ele>7.357</ele><time>2026-07-24T18:07:53Z</time><speed>3.702</speed><sat>17</sat></trkpt>
  <trkpt lat="26.41239333" lon="-80.16276667"><ele>7.057</ele><time>2026-07-24T18:07:54Z</time><speed>3.763</speed><sat>17</sat></trkpt>
  <trkpt lat="26.41239500" lon="-80.16273333"><ele>7.257</ele><time>2026-07-24T18:07:55Z</time><speed>3.783</speed><sat>17</sat></trkpt>
  <trkpt lat="26.41239333" lon="-80.16269000"><ele>7.057</ele><time>2026-07-24T18:07:56Z</time><speed>3.795</speed><sat>17</sat></trkpt>
  <trkpt lat="26.41239333" lon="-80.16264667"><ele>7.458</ele><time>2026-07-24T18:07:57Z</time><speed>3.794</speed><sat>15</sat></trkpt>
  <trkpt lat="26.41239333" lon="-80.16261000"><ele>7.458</ele><time>2026-07-24T18:07:58Z</time><speed>3.768</speed><sat>15</sat></trkpt>
  <trkpt lat="26.41239167" lon="-80.16256833"><ele>7.158</ele><time>2026-07-24T18:07:59Z</time><speed>3.757</speed><sat>15</sat></trkpt>
  <trkpt lat="26.41239333" lon="-80.16252667"><ele>7.158</ele><time>2026-07-24T18:08:00Z</time><speed>3.743</speed><sat>15</sat></trkpt>
  <trkpt lat="26.41239167" lon="-80.16248500"><ele>6.858</ele><time>2026-07-24T18:08:01Z</time><speed>3.749</speed><sat>15</sat></trkpt>
  <trkpt lat="26.41239333" lon="-80.16244667"><ele>6.458</ele><time>2026-07-24T18:08:02Z</time><speed>3.763</speed><sat>15</sat></trkpt>
  <trkpt lat="26.41239833" lon="-80.16240167"><ele>6.659</ele><time>2026-07-24T18:08:03Z</time><speed>3.755</speed><sat>15</sat></trkpt>
  <trkpt lat="26.41240833" lon="-80.16236000"><ele>6.659</ele><time>2026-07-24T18:08:04Z</time><speed>3.729</speed><sat>15</sat></trkpt>
  <trkpt lat="26.41241000" lon="-80.16232000"><ele>6.159</ele><time>2026-07-24T18:08:05Z</time><speed>3.744</speed><sat>15</sat></trkpt>
  <trkpt lat="26.41241333" lon="-80.16228000"><ele>5.859</ele><time>2026-07-24T18:08:06Z</time><speed>3.752</speed><sat>15</sat></trkpt>
  <trkpt lat="26.41241667" lon="-80.16223833"><ele>5.759</ele><time>2026-07-24T18:08:07Z</time><speed>3.793</speed><sat>14</sat></trkpt>
  <trkpt lat="26.41242000" lon="-80.16219833"><ele>5.359</ele><time>2026-07-24T18:08:08Z</time><speed>3.860</speed><sat>15</sat></trkpt>
  <trkpt lat="26.41242333" lon="-80.16215667"><ele>4.960</ele><time>2026-07-24T18:08:09Z</time><speed>3.914</speed><sat>15</sat></trkpt>
  <trkpt lat="26.41242833" lon="-80.16211167"><ele>5.160</ele><time>2026-07-24T18:08:10Z</time><speed>3.958</speed><sat>15</sat></trkpt>
  <trkpt lat="26.41243333" lon="-80.16207000"><ele>5.060</ele><time>2026-07-24T18:08:11Z</time><speed>3.990</speed><sat>14</sat></trkpt>
  <trkpt lat="26.41244333" lon="-80.16202833"><ele>5.060</ele><time>2026-07-24T18:08:12Z</time><speed>4.016</speed><sat>15</sat></trkpt>
  <trkpt lat="26.41245500" lon="-80.16199333"><ele>4.860</ele><time>2026-07-24T18:08:13Z</time><speed>4.011</speed><sat>15</sat></trkpt>
  <trkpt lat="26.41247167" lon="-80.16196167"><ele>5.460</ele><time>2026-07-24T18:08:14Z</time><speed>3.997</speed><sat>15</sat></trkpt>
  <trkpt lat="26.41248667" lon="-80.16193167"><ele>5.461</ele><time>2026-07-24T18:08:15Z</time><speed>3.957</speed><sat>15</sat></trkpt>
  <trkpt lat="26.41250167" lon="-80.16190667"><ele>5.861</ele><time>2026-07-24T18:08:16Z</time><speed>3.928</speed><sat>15</sat></trkpt>
  <trkpt lat="26.41251333" lon="-80.16186667"><ele>6.661</ele><time>2026-07-24T18:08:17Z</time><speed>3.925</speed><sat>15</sat></trkpt>
  <trkpt lat="26.41252667" lon="-80.16182667"><ele>7.661</ele><time>2026-07-24T18:08:18Z</time><speed>3.881</speed><sat>15</sat></trkpt>
  <trkpt lat="26.41253833" lon="-80.16178667"><ele>8.661</ele><time>2026-07-24T18:08:19Z</time><speed>3.832</speed><sat>15</sat></trkpt>
  <trkpt lat="26.41254833" lon="-80.16175333"><ele>8.861</ele><time>2026-07-24T18:08:20Z</time><speed>3.755</speed><sat>15</sat></trkpt>
  <trkpt lat="26.41255500" lon="-80.16172000"><ele>9.061</ele><time>2026-07-24T18:08:21Z</time><speed>3.702</speed><sat>15</sat></trkpt>
  <trkpt lat="26.41256333" lon="-80.16168500"><ele>9.162</ele><time>2026-07-24T18:08:22Z</time><speed>3.658</speed><sat>15</sat></trkpt>
  <trkpt lat="26.41256833" lon="-80.16165667"><ele>8.762</ele><time>2026-07-24T18:08:23Z</time><speed>3.581</speed><sat>14</sat></trkpt>
  <trkpt lat="26.41257833" lon="-80.16163167"><ele>8.862</ele><time>2026-07-24T18:08:24Z</time><speed>3.469</speed><sat>15</sat></trkpt>
  <trkpt lat="26.41259167" lon="-80.16160500"><ele>8.762</ele><time>2026-07-24T18:08:25Z</time><speed>3.383</speed><sat>15</sat></trkpt>
  <trkpt lat="26.41260000" lon="-80.16158333"><ele>8.562</ele><time>2026-07-24T18:08:26Z</time><speed>3.236</speed><sat>15</sat></trkpt>
  <trkpt lat="26.41260000" lon="-80.16156833"><ele>8.762</ele><time>2026-07-24T18:08:27Z</time><speed>2.943</speed><sat>15</sat></trkpt>
  <trkpt lat="26.41260833" lon="-80.16155333"><ele>9.162</ele><time>2026-07-24T18:08:28Z</time><speed>2.646</speed><sat>14</sat></trkpt>
  <trkpt lat="26.41261167" lon="-80.16154500"><ele>9.262</ele><time>2026-07-24T18:08:29Z</time><speed>2.355</speed><sat>14</sat></trkpt>
  <trkpt lat="26.41262000" lon="-80.16154333"><ele>9.862</ele><time>2026-07-24T18:08:30Z</time><speed>2.055</speed><sat>15</sat></trkpt>
  <trkpt lat="26.41262667" lon="-80.16154167"><ele>10.462</ele><time>2026-07-24T18:08:31Z</time><speed>1.726</speed><sat>15</sat></trkpt>
  <trkpt lat="26.41263167" lon="-80.16153833"><ele>10.962</ele><time>2026-07-24T18:08:32Z</time><speed>1.385</speed><sat>15</sat></trkpt>
  <trkpt lat="26.41263833" lon="-80.16153833"><ele>11.262</ele><time>2026-07-24T18:08:33Z</time><speed>1.083</speed><sat>15</sat></trkpt>
  <trkpt lat="26.41264333" lon="-80.16153833"><ele>11.762</ele><time>2026-07-24T18:08:34Z</time><speed>0.817</speed><sat>15</sat></trkpt>
  <trkpt lat="26.41264500" lon="-80.16154000"><ele>12.162</ele><time>2026-07-24T18:08:35Z</time><speed>0.537</speed><sat>15</sat></trkpt>
  <trkpt lat="26.41264500" lon="-80.16154000"><ele>12.562</ele><time>2026-07-24T18:08:36Z</time><speed>0.000</speed><sat>14</sat></trkpt>
  <trkpt lat="26.41264667" lon="-80.16154000"><ele>13.162</ele><time>2026-07-24T18:08:37Z</time><speed>0.000</speed><sat>14</sat></trkpt>
  <trkpt lat="26.41264833" lon="-80.16154000"><ele>13.562</ele><time>2026-07-24T18:08:38Z</time><speed>0.000</speed><sat>15</sat></trkpt>
  <trkpt lat="26.41264833" lon="-80.16154000"><ele>13.562</ele><time>2026-07-24T18:08:39Z</time><speed>0.000</speed><sat>15</sat></trkpt>
  <trkpt lat="26.41264833" lon="-80.16154000"><ele>13.562</ele><time>2026-07-24T18:08:40Z</time><speed>0.000</speed><sat>15</sat></trkpt>
  <trkpt lat="26.41264833" lon="-80.16154000"><ele>13.562</ele><time>2026-07-24T18:08:41Z</time><speed>0.000</speed><sat>15</sat></trkpt>
  <trkpt lat="26.41264833" lon="-80.16154000"><ele>13.562</ele><time>2026-07-24T18:08:42Z</time><speed>0.000</speed><sat>15</sat></trkpt>
  <trkpt lat="26.41264833" lon="-80.16154000"><ele>13.562</ele><time>2026-07-24T18:08:43Z</time><speed>0.000</speed><sat>15</sat></trkpt>
  <trkpt lat="26.41264833" lon="-80.16154000"><ele>13.562</ele><time>2026-07-24T18:08:44Z</time><speed>0.000</speed><sat>15</sat></trkpt>
  <trkpt lat="26.41264833" lon="-80.16154000"><ele>13.562</ele><time>2026-07-24T18:08:45Z</time><speed>0.000</speed><sat>15</sat></trkpt>
  <trkpt lat="26.41265167" lon="-80.16152667"><ele>16.362</ele><time>2026-07-24T18:08:46Z</time><speed>0.235</speed><sat>15</sat></trkpt>
  <trkpt lat="26.41265000" lon="-80.16151167"><ele>16.462</ele><time>2026-07-24T18:08:47Z</time><speed>0.326</speed><sat>14</sat></trkpt>
  <trkpt lat="26.41265000" lon="-80.16149667"><ele>16.562</ele><time>2026-07-24T18:08:48Z</time><speed>0.428</speed><sat>14</sat></trkpt>
  <trkpt lat="26.41264000" lon="-80.16149167"><ele>16.662</ele><time>2026-07-24T18:08:49Z</time><speed>0.518</speed><sat>15</sat></trkpt>
  <trkpt lat="26.41262667" lon="-80.16148500"><ele>16.962</ele><time>2026-07-24T18:08:50Z</time><speed>0.650</speed><sat>15</sat></trkpt>
  <trkpt lat="26.41261500" lon="-80.16147667"><ele>16.262</ele><time>2026-07-24T18:08:51Z</time><speed>0.818</speed><sat>15</sat></trkpt>
  <trkpt lat="26.41259833" lon="-80.16146833"><ele>15.962</ele><time>2026-07-24T18:08:52Z</time><speed>0.987</speed><sat>15</sat></trkpt>
  <trkpt lat="26.41258167" lon="-80.16145833"><ele>15.463</ele><time>2026-07-24T18:08:53Z</time><speed>1.147</speed><sat>15</sat></trkpt>
  <trkpt lat="26.41256667" lon="-80.16144167"><ele>15.263</ele><time>2026-07-24T18:08:54Z</time><speed>1.347</speed><sat>15</sat></trkpt>
  <trkpt lat="26.41255167" lon="-80.16142667"><ele>15.163</ele><time>2026-07-24T18:08:55Z</time><speed>1.444</speed><sat>15</sat></trkpt>
  <trkpt lat="26.41253500" lon="-80.16141333"><ele>15.463</ele><time>2026-07-24T18:08:56Z</time><speed>1.500</speed><sat>15</sat></trkpt>
  <trkpt lat="26.41251833" lon="-80.16140333"><ele>15.463</ele><time>2026-07-24T18:08:57Z</time><speed>1.533</speed><sat>15</sat></trkpt>
  <trkpt lat="26.41249667" lon="-80.16139000"><ele>15.463</ele><time>2026-07-24T18:08:58Z</time><speed>1.636</speed><sat>15</sat></trkpt>
  <trkpt lat="26.41247333" lon="-80.16138333"><ele>15.463</ele><time>2026-07-24T18:08:59Z</time><speed>1.757</speed><sat>15</sat></trkpt>
  <trkpt lat="26.41244833" lon="-80.16137667"><ele>15.463</ele><time>2026-07-24T18:09:00Z</time><speed>1.835</speed><sat>15</sat></trkpt>
  <trkpt lat="26.41242833" lon="-80.16137500"><ele>15.763</ele><time>2026-07-24T18:09:01Z</time><speed>1.905</speed><sat>15</sat></trkpt>
  <trkpt lat="26.41240500" lon="-80.16137000"><ele>15.763</ele><time>2026-07-24T18:09:02Z</time><speed>1.954</speed><sat>15</sat></trkpt>
  <trkpt lat="26.41238167" lon="-80.16135833"><ele>15.863</ele><time>2026-07-24T18:09:03Z</time><speed>1.986</speed><sat>15</sat></trkpt>
  <trkpt lat="26.41235667" lon="-80.16134667"><ele>16.463</ele><time>2026-07-24T18:09:04Z</time><speed>2.009</speed><sat>15</sat></trkpt>
  <trkpt lat="26.41233167" lon="-80.16133333"><ele>16.563</ele><time>2026-07-24T18:09:05Z</time><speed>2.081</speed><sat>15</sat></trkpt>
  <trkpt lat="26.41230667" lon="-80.16132000"><ele>16.463</ele><time>2026-07-24T18:09:06Z</time><speed>2.207</speed><sat>15</sat></trkpt>
  <trkpt lat="26.41228167" lon="-80.16130833"><ele>16.263</ele><time>2026-07-24T18:09:07Z</time><speed>2.338</speed><sat>14</sat></trkpt>
  <trkpt lat="26.41226167" lon="-80.16130167"><ele>16.363</ele><time>2026-07-24T18:09:08Z</time><speed>2.361</speed><sat>15</sat></trkpt>
  <trkpt lat="26.41224333" lon="-80.16129833"><ele>16.463</ele><time>2026-07-24T18:09:09Z</time><speed>2.370</speed><sat>15</sat></trkpt>
  <trkpt lat="26.41222833" lon="-80.16129333"><ele>15.963</ele><time>2026-07-24T18:09:10Z</time><speed>2.362</speed><sat>15</sat></trkpt>
  <trkpt lat="26.41219833" lon="-80.16128667"><ele>15.463</ele><time>2026-07-24T18:09:11Z</time><speed>2.452</speed><sat>15</sat></trkpt>
  <trkpt lat="26.41217000" lon="-80.16127333"><ele>15.163</ele><time>2026-07-24T18:09:12Z</time><speed>2.577</speed><sat>15</sat></trkpt>
  <trkpt lat="26.41214167" lon="-80.16126500"><ele>14.363</ele><time>2026-07-24T18:09:13Z</time><speed>2.731</speed><sat>15</sat></trkpt>
  <trkpt lat="26.41211333" lon="-80.16125500"><ele>13.563</ele><time>2026-07-24T18:09:14Z</time><speed>2.846</speed><sat>15</sat></trkpt>
  <trkpt lat="26.41208333" lon="-80.16124667"><ele>12.463</ele><time>2026-07-24T18:09:15Z</time><speed>2.938</speed><sat>15</sat></trkpt>
  <trkpt lat="26.41205500" lon="-80.16123500"><ele>11.763</ele><time>2026-07-24T18:09:16Z</time><speed>3.011</speed><sat>15</sat></trkpt>
  <trkpt lat="26.41202333" lon="-80.16122833"><ele>10.963</ele><time>2026-07-24T18:09:17Z</time><speed>3.076</speed><sat>15</sat></trkpt>
  <trkpt lat="26.41199667" lon="-80.16122667"><ele>10.763</ele><time>2026-07-24T18:09:18Z</time><speed>3.201</speed><sat>15</sat></trkpt>
  <trkpt lat="26.41197000" lon="-80.16122167"><ele>9.763</ele><time>2026-07-24T18:09:19Z</time><speed>3.334</speed><sat>15</sat></trkpt>
  <trkpt lat="26.41193667" lon="-80.16121667"><ele>9.163</ele><time>2026-07-24T18:09:20Z</time><speed>3.473</speed><sat>15</sat></trkpt>
  <trkpt lat="26.41190333" lon="-80.16121000"><ele>8.563</ele><time>2026-07-24T18:09:21Z</time><speed>3.502</speed><sat>15</sat></trkpt>
  <trkpt lat="26.41186833" lon="-80.16120000"><ele>8.663</ele><time>2026-07-24T18:09:22Z</time><speed>3.497</speed><sat>15</sat></trkpt>
  <trkpt lat="26.41183500" lon="-80.16119000"><ele>8.963</ele><time>2026-07-24T18:09:23Z</time><speed>3.474</speed><sat>15</sat></trkpt>
  <trkpt lat="26.41180500" lon="-80.16118667"><ele>8.563</ele><time>2026-07-24T18:09:24Z</time><speed>3.454</speed><sat>15</sat></trkpt>
  <trkpt lat="26.41177167" lon="-80.16117833"><ele>8.563</ele><time>2026-07-24T18:09:25Z</time><speed>3.448</speed><sat>15</sat></trkpt>
  <trkpt lat="26.41173667" lon="-80.16117500"><ele>8.163</ele><time>2026-07-24T18:09:26Z</time><speed>3.463</speed><sat>15</sat></trkpt>
  <trkpt lat="26.41170500" lon="-80.16117167"><ele>8.063</ele><time>2026-07-24T18:09:27Z</time><speed>3.471</speed><sat>15</sat></trkpt>
  <trkpt lat="26.41167000" lon="-80.16117000"><ele>7.663</ele><time>2026-07-24T18:09:28Z</time><speed>3.463</speed><sat>15</sat></trkpt>
  <trkpt lat="26.41163833" lon="-80.16116833"><ele>7.263</ele><time>2026-07-24T18:09:29Z</time><speed>3.455</speed><sat>15</sat></trkpt>
  <trkpt lat="26.41160500" lon="-80.16116333"><ele>6.963</ele><time>2026-07-24T18:09:30Z</time><speed>3.440</speed><sat>15</sat></trkpt>
  <trkpt lat="26.41157333" lon="-80.16115833"><ele>6.863</ele><time>2026-07-24T18:09:31Z</time><speed>3.397</speed><sat>15</sat></trkpt>
  <trkpt lat="26.41153833" lon="-80.16116000"><ele>6.863</ele><time>2026-07-24T18:09:32Z</time><speed>3.398</speed><sat>15</sat></trkpt>
  <trkpt lat="26.41150167" lon="-80.16115833"><ele>7.163</ele><time>2026-07-24T18:09:33Z</time><speed>3.421</speed><sat>15</sat></trkpt>
  <trkpt lat="26.41146667" lon="-80.16115833"><ele>7.663</ele><time>2026-07-24T18:09:34Z</time><speed>3.443</speed><sat>15</sat></trkpt>
  <trkpt lat="26.41143167" lon="-80.16115833"><ele>8.063</ele><time>2026-07-24T18:09:35Z</time><speed>3.419</speed><sat>15</sat></trkpt>
  <trkpt lat="26.41140167" lon="-80.16115833"><ele>8.063</ele><time>2026-07-24T18:09:36Z</time><speed>3.405</speed><sat>15</sat></trkpt>
  <trkpt lat="26.41136833" lon="-80.16116000"><ele>7.963</ele><time>2026-07-24T18:09:37Z</time><speed>3.411</speed><sat>15</sat></trkpt>
  <trkpt lat="26.41134167" lon="-80.16116000"><ele>7.563</ele><time>2026-07-24T18:09:38Z</time><speed>3.384</speed><sat>15</sat></trkpt>
  <trkpt lat="26.41131000" lon="-80.16116000"><ele>7.663</ele><time>2026-07-24T18:09:39Z</time><speed>3.386</speed><sat>15</sat></trkpt>
  <trkpt lat="26.41127833" lon="-80.16115667"><ele>7.963</ele><time>2026-07-24T18:09:40Z</time><speed>3.398</speed><sat>15</sat></trkpt>
  <trkpt lat="26.41124667" lon="-80.16115500"><ele>7.863</ele><time>2026-07-24T18:09:41Z</time><speed>3.427</speed><sat>15</sat></trkpt>
  <trkpt lat="26.41121333" lon="-80.16115333"><ele>7.963</ele><time>2026-07-24T18:09:42Z</time><speed>3.415</speed><sat>15</sat></trkpt>
  <trkpt lat="26.41118000" lon="-80.16115333"><ele>8.063</ele><time>2026-07-24T18:09:43Z</time><speed>3.416</speed><sat>15</sat></trkpt>
  <trkpt lat="26.41114667" lon="-80.16115333"><ele>8.163</ele><time>2026-07-24T18:09:44Z</time><speed>3.423</speed><sat>15</sat></trkpt>
  <trkpt lat="26.41111333" lon="-80.16115333"><ele>8.263</ele><time>2026-07-24T18:09:45Z</time><speed>3.457</speed><sat>15</sat></trkpt>
  <trkpt lat="26.41108000" lon="-80.16115500"><ele>8.763</ele><time>2026-07-24T18:09:46Z</time><speed>3.478</speed><sat>15</sat></trkpt>
  <trkpt lat="26.41104333" lon="-80.16115667"><ele>9.163</ele><time>2026-07-24T18:09:47Z</time><speed>3.496</speed><sat>15</sat></trkpt>
  <trkpt lat="26.41100833" lon="-80.16115500"><ele>9.563</ele><time>2026-07-24T18:09:48Z</time><speed>3.535</speed><sat>15</sat></trkpt>
  <trkpt lat="26.41097667" lon="-80.16115500"><ele>9.963</ele><time>2026-07-24T18:09:49Z</time><speed>3.512</speed><sat>15</sat></trkpt>
  <trkpt lat="26.41094500" lon="-80.16115500"><ele>9.963</ele><time>2026-07-24T18:09:50Z</time><speed>3.514</speed><sat>15</sat></trkpt>
  <trkpt lat="26.41091500" lon="-80.16115667"><ele>9.863</ele><time>2026-07-24T18:09:51Z</time><speed>3.503</speed><sat>15</sat></trkpt>
  <trkpt lat="26.41088667" lon="-80.16115833"><ele>9.463</ele><time>2026-07-24T18:09:52Z</time><speed>3.495</speed><sat>15</sat></trkpt>
  <trkpt lat="26.41085500" lon="-80.16116167"><ele>9.363</ele><time>2026-07-24T18:09:53Z</time><speed>3.447</speed><sat>15</sat></trkpt>
  <trkpt lat="26.41082500" lon="-80.16116333"><ele>9.163</ele><time>2026-07-24T18:09:54Z</time><speed>3.432</speed><sat>15</sat></trkpt>
  <trkpt lat="26.41079333" lon="-80.16116500"><ele>8.963</ele><time>2026-07-24T18:09:55Z</time><speed>3.400</speed><sat>15</sat></trkpt>
  <trkpt lat="26.41076333" lon="-80.16117000"><ele>8.663</ele><time>2026-07-24T18:09:56Z</time><speed>3.363</speed><sat>15</sat></trkpt>
  <trkpt lat="26.41073667" lon="-80.16117667"><ele>8.063</ele><time>2026-07-24T18:09:57Z</time><speed>3.289</speed><sat>15</sat></trkpt>
  <trkpt lat="26.41071000" lon="-80.16117833"><ele>7.663</ele><time>2026-07-24T18:09:58Z</time><speed>3.201</speed><sat>15</sat></trkpt>
  <trkpt lat="26.41068667" lon="-80.16118333"><ele>7.563</ele><time>2026-07-24T18:09:59Z</time><speed>3.163</speed><sat>15</sat></trkpt>
  <trkpt lat="26.41066500" lon="-80.16118833"><ele>8.463</ele><time>2026-07-24T18:10:00Z</time><speed>3.056</speed><sat>15</sat></trkpt>
  <trkpt lat="26.41064667" lon="-80.16119333"><ele>9.063</ele><time>2026-07-24T18:10:01Z</time><speed>2.898</speed><sat>15</sat></trkpt>
  <trkpt lat="26.41064000" lon="-80.16120333"><ele>9.862</ele><time>2026-07-24T18:10:02Z</time><speed>2.688</speed><sat>15</sat></trkpt>
  <trkpt lat="26.41063500" lon="-80.16121167"><ele>10.462</ele><time>2026-07-24T18:10:03Z</time><speed>2.493</speed><sat>15</sat></trkpt>
  <trkpt lat="26.41063667" lon="-80.16121500"><ele>11.562</ele><time>2026-07-24T18:10:04Z</time><speed>2.204</speed><sat>15</sat></trkpt>
  <trkpt lat="26.41063667" lon="-80.16121667"><ele>13.162</ele><time>2026-07-24T18:10:05Z</time><speed>1.942</speed><sat>15</sat></trkpt>
  <trkpt lat="26.41063833" lon="-80.16121000"><ele>14.262</ele><time>2026-07-24T18:10:06Z</time><speed>1.666</speed><sat>15</sat></trkpt>
  <trkpt lat="26.41063667" lon="-80.16121000"><ele>15.362</ele><time>2026-07-24T18:10:07Z</time><speed>1.408</speed><sat>15</sat></trkpt>
  <trkpt lat="26.41063333" lon="-80.16121333"><ele>16.162</ele><time>2026-07-24T18:10:08Z</time><speed>1.161</speed><sat>15</sat></trkpt>
  <trkpt lat="26.41063167" lon="-80.16121667"><ele>16.662</ele><time>2026-07-24T18:10:09Z</time><speed>0.932</speed><sat>15</sat></trkpt>
  <trkpt lat="26.41062667" lon="-80.16121500"><ele>16.962</ele><time>2026-07-24T18:10:10Z</time><speed>0.720</speed><sat>15</sat></trkpt>
  <trkpt lat="26.41062167" lon="-80.16121500"><ele>17.462</ele><time>2026-07-24T18:10:11Z</time><speed>0.570</speed><sat>15</sat></trkpt>
  <trkpt lat="26.41061500" lon="-80.16121333"><ele>17.462</ele><time>2026-07-24T18:10:12Z</time><speed>0.484</speed><sat>15</sat></trkpt>
  <trkpt lat="26.41061000" lon="-80.16121167"><ele>17.162</ele><time>2026-07-24T18:10:13Z</time><speed>0.000</speed><sat>15</sat></trkpt>
  <trkpt lat="26.41060833" lon="-80.16120833"><ele>17.062</ele><time>2026-07-24T18:10:14Z</time><speed>0.000</speed><sat>15</sat></trkpt>
  <trkpt lat="26.41060667" lon="-80.16120333"><ele>17.062</ele><time>2026-07-24T18:10:15Z</time><speed>0.000</speed><sat>15</sat></trkpt>
  <trkpt lat="26.41060667" lon="-80.16120333"><ele>17.062</ele><time>2026-07-24T18:10:16Z</time><speed>0.000</speed><sat>15</sat></trkpt>
  <trkpt lat="26.41060667" lon="-80.16120333"><ele>17.062</ele><time>2026-07-24T18:10:17Z</time><speed>0.000</speed><sat>15</sat></trkpt>
  <trkpt lat="26.41060667" lon="-80.16120333"><ele>17.062</ele><time>2026-07-24T18:10:18Z</time><speed>0.000</speed><sat>15</sat></trkpt>
  <trkpt lat="26.41060667" lon="-80.16120333"><ele>17.062</ele><time>2026-07-24T18:10:19Z</time><speed>0.000</speed><sat>15</sat></trkpt>
  <trkpt lat="26.41060667" lon="-80.16120333"><ele>17.062</ele><time>2026-07-24T18:10:20Z</time><speed>0.000</speed><sat>15</sat></trkpt>
  <trkpt lat="26.41060667" lon="-80.16120333"><ele>17.062</ele><time>2026-07-24T18:10:21Z</time><speed>0.000</speed><sat>15</sat></trkpt>
  <trkpt lat="26.41060667" lon="-80.16120333"><ele>17.062</ele><time>2026-07-24T18:10:22Z</time><speed>0.000</speed><sat>15</sat></trkpt>
  <trkpt lat="26.41060667" lon="-80.16120333"><ele>17.062</ele><time>2026-07-24T18:10:23Z</time><speed>0.000</speed><sat>15</sat></trkpt>
  <trkpt lat="26.41060667" lon="-80.16120333"><ele>17.062</ele><time>2026-07-24T18:10:24Z</time><speed>0.000</speed><sat>15</sat></trkpt>
  <trkpt lat="26.41060667" lon="-80.16120333"><ele>17.062</ele><time>2026-07-24T18:10:25Z</time><speed>0.000</speed><sat>15</sat></trkpt>
  <trkpt lat="26.41060667" lon="-80.16120333"><ele>17.062</ele><time>2026-07-24T18:10:26Z</time><speed>0.000</speed><sat>14</sat></trkpt>
  <trkpt lat="26.41060667" lon="-80.16120333"><ele>17.062</ele><time>2026-07-24T18:10:27Z</time><speed>0.000</speed><sat>15</sat></trkpt>
  <trkpt lat="26.41060667" lon="-80.16120333"><ele>17.062</ele><time>2026-07-24T18:10:28Z</time><speed>0.000</speed><sat>14</sat></trkpt>
  <trkpt lat="26.41060667" lon="-80.16120333"><ele>17.062</ele><time>2026-07-24T18:10:29Z</time><speed>0.000</speed><sat>14</sat></trkpt>
  <trkpt lat="26.41060667" lon="-80.16120333"><ele>17.062</ele><time>2026-07-24T18:10:30Z</time><speed>0.000</speed><sat>14</sat></trkpt>
  <trkpt lat="26.41060667" lon="-80.16120333"><ele>17.062</ele><time>2026-07-24T18:10:31Z</time><speed>0.000</speed><sat>14</sat></trkpt>
  <trkpt lat="26.41060667" lon="-80.16120333"><ele>17.062</ele><time>2026-07-24T18:10:32Z</time><speed>0.000</speed><sat>14</sat></trkpt>
  <trkpt lat="26.41060667" lon="-80.16120333"><ele>17.062</ele><time>2026-07-24T18:10:33Z</time><speed>0.000</speed><sat>14</sat></trkpt>
  <trkpt lat="26.41060667" lon="-80.16120333"><ele>17.062</ele><time>2026-07-24T18:10:34Z</time><speed>0.000</speed><sat>15</sat></trkpt>
  <trkpt lat="26.41060667" lon="-80.16120333"><ele>17.062</ele><time>2026-07-24T18:10:35Z</time><speed>0.000</speed><sat>15</sat></trkpt>
  <trkpt lat="26.41060667" lon="-80.16120333"><ele>17.062</ele><time>2026-07-24T18:10:36Z</time><speed>0.000</speed><sat>15</sat></trkpt>
  <trkpt lat="26.41060667" lon="-80.16120333"><ele>17.062</ele><time>2026-07-24T18:10:37Z</time><speed>0.000</speed><sat>15</sat></trkpt>
  <trkpt lat="26.41060667" lon="-80.16120333"><ele>17.062</ele><time>2026-07-24T18:10:38Z</time><speed>0.000</speed><sat>15</sat></trkpt>
  <trkpt lat="26.41060667" lon="-80.16120333"><ele>17.062</ele><time>2026-07-24T18:10:39Z</time><speed>0.000</speed><sat>15</sat></trkpt>
  <trkpt lat="26.41060667" lon="-80.16120333"><ele>17.062</ele><time>2026-07-24T18:10:40Z</time><speed>0.000</speed><sat>15</sat></trkpt>
  <trkpt lat="26.41060667" lon="-80.16120333"><ele>17.062</ele><time>2026-07-24T18:10:41Z</time><speed>0.000</speed><sat>15</sat></trkpt>
  <trkpt lat="26.41060667" lon="-80.16120333"><ele>17.062</ele><time>2026-07-24T18:10:42Z</time><speed>0.000</speed><sat>15</sat></trkpt>
  <trkpt lat="26.41060667" lon="-80.16120333"><ele>17.062</ele><time>2026-07-24T18:10:43Z</time><speed>0.000</speed><sat>15</sat></trkpt>
  <trkpt lat="26.41060667" lon="-80.16120333"><ele>17.062</ele><time>2026-07-24T18:10:44Z</time><speed>0.000</speed><sat>15</sat></trkpt>
  <trkpt lat="26.41060667" lon="-80.16120333"><ele>17.062</ele><time>2026-07-24T18:10:45Z</time><speed>0.000</speed><sat>15</sat></trkpt>
  <trkpt lat="26.41060667" lon="-80.16120333"><ele>17.062</ele><time>2026-07-24T18:10:46Z</time><speed>0.000</speed><sat>15</sat></trkpt>
  <trkpt lat="26.41056833" lon="-80.16116500"><ele>17.063</ele><time>2026-07-24T18:10:47Z</time><speed>0.160</speed><sat>15</sat></trkpt>
  <trkpt lat="26.41056500" lon="-80.16115833"><ele>17.163</ele><time>2026-07-24T18:10:48Z</time><speed>0.227</speed><sat>15</sat></trkpt>
  <trkpt lat="26.41056833" lon="-80.16114833"><ele>17.363</ele><time>2026-07-24T18:10:49Z</time><speed>0.292</speed><sat>15</sat></trkpt>
  <trkpt lat="26.41057333" lon="-80.16113833"><ele>17.463</ele><time>2026-07-24T18:10:50Z</time><speed>0.375</speed><sat>15</sat></trkpt>
  <trkpt lat="26.41057833" lon="-80.16112500"><ele>17.663</ele><time>2026-07-24T18:10:51Z</time><speed>0.459</speed><sat>15</sat></trkpt>
  <trkpt lat="26.41058167" lon="-80.16111000"><ele>17.963</ele><time>2026-07-24T18:10:52Z</time><speed>0.593</speed><sat>15</sat></trkpt>
  <trkpt lat="26.41058833" lon="-80.16109833"><ele>18.363</ele><time>2026-07-24T18:10:53Z</time><speed>0.698</speed><sat>15</sat></trkpt>
  <trkpt lat="26.41059833" lon="-80.16108667"><ele>18.663</ele><time>2026-07-24T18:10:54Z</time><speed>0.803</speed><sat>15</sat></trkpt>
  <trkpt lat="26.41060333" lon="-80.16108167"><ele>18.963</ele><time>2026-07-24T18:10:55Z</time><speed>0.929</speed><sat>15</sat></trkpt>
  <trkpt lat="26.41061167" lon="-80.16107667"><ele>18.863</ele><time>2026-07-24T18:10:56Z</time><speed>1.024</speed><sat>15</sat></trkpt>
  <trkpt lat="26.41062000" lon="-80.16107833"><ele>18.563</ele><time>2026-07-24T18:10:57Z</time><speed>1.098</speed><sat>15</sat></trkpt>
  <trkpt lat="26.41063167" lon="-80.16107833"><ele>18.463</ele><time>2026-07-24T18:10:58Z</time><speed>1.149</speed><sat>15</sat></trkpt>
  <trkpt lat="26.41064500" lon="-80.16108167"><ele>18.763</ele><time>2026-07-24T18:10:59Z</time><speed>1.160</speed><sat>15</sat></trkpt>
  <trkpt lat="26.41065500" lon="-80.16108167"><ele>19.263</ele><time>2026-07-24T18:11:00Z</time><speed>1.150</speed><sat>15</sat></trkpt>
  <trkpt lat="26.41066333" lon="-80.16108333"><ele>19.563</ele><time>2026-07-24T18:11:01Z</time><speed>1.127</speed><sat>15</sat></trkpt>
  <trkpt lat="26.41066500" lon="-80.16108500"><ele>19.963</ele><time>2026-07-24T18:11:02Z</time><speed>1.016</speed><sat>15</sat></trkpt>
  <trkpt lat="26.41066667" lon="-80.16108833"><ele>20.063</ele><time>2026-07-24T18:11:03Z</time><speed>0.933</speed><sat>15</sat></trkpt>
  <trkpt lat="26.41067000" lon="-80.16108667"><ele>19.963</ele><time>2026-07-24T18:11:04Z</time><speed>0.840</speed><sat>15</sat></trkpt>
  <trkpt lat="26.41067000" lon="-80.16108667"><ele>20.263</ele><time>2026-07-24T18:11:05Z</time><speed>0.717</speed><sat>15</sat></trkpt>
  <trkpt lat="26.41067167" lon="-80.16108667"><ele>20.563</ele><time>2026-07-24T18:11:06Z</time><speed>0.583</speed><sat>15</sat></trkpt>
  <trkpt lat="26.41067500" lon="-80.16108833"><ele>20.963</ele><time>2026-07-24T18:11:07Z</time><speed>0.469</speed><sat>15</sat></trkpt>
  <trkpt lat="26.41067667" lon="-80.16109000"><ele>21.363</ele><time>2026-07-24T18:11:08Z</time><speed>0.000</speed><sat>15</sat></trkpt>
  <trkpt lat="26.41068000" lon="-80.16109167"><ele>21.363</ele><time>2026-07-24T18:11:09Z</time><speed>0.000</speed><sat>15</sat></trkpt>
  <trkpt lat="26.41068333" lon="-80.16109000"><ele>21.563</ele><time>2026-07-24T18:11:10Z</time><speed>0.000</speed><sat>15</sat></trkpt>
  <trkpt lat="26.41068333" lon="-80.16109000"><ele>21.563</ele><time>2026-07-24T18:11:11Z</time><speed>0.000</speed><sat>15</sat></trkpt>
  <trkpt lat="26.41068333" lon="-80.16109000"><ele>21.563</ele><time>2026-07-24T18:11:12Z</time><speed>0.000</speed><sat>15</sat></trkpt>
  <trkpt lat="26.41068333" lon="-80.16109000"><ele>21.563</ele><time>2026-07-24T18:11:13Z</time><speed>0.000</speed><sat>15</sat></trkpt>
  <trkpt lat="26.41068333" lon="-80.16109000"><ele>21.563</ele><time>2026-07-24T18:11:14Z</time><speed>0.000</speed><sat>15</sat></trkpt>
  <trkpt lat="26.41068333" lon="-80.16109000"><ele>21.563</ele><time>2026-07-24T18:11:15Z</time><speed>0.000</speed><sat>15</sat></trkpt>
  <trkpt lat="26.41068333" lon="-80.16109000"><ele>21.563</ele><time>2026-07-24T18:11:16Z</time><speed>0.000</speed><sat>15</sat></trkpt>
  <trkpt lat="26.41068333" lon="-80.16109000"><ele>21.563</ele><time>2026-07-24T18:11:17Z</time><speed>0.000</speed><sat>15</sat></trkpt>
  <trkpt lat="26.41068333" lon="-80.16109000"><ele>21.563</ele><time>2026-07-24T18:11:18Z</time><speed>0.000</speed><sat>15</sat></trkpt>
  <trkpt lat="26.41068333" lon="-80.16109000"><ele>21.563</ele><time>2026-07-24T18:11:19Z</time><speed>0.000</speed><sat>15</sat></trkpt>
  <trkpt lat="26.41068333" lon="-80.16109000"><ele>21.563</ele><time>2026-07-24T18:11:20Z</time><speed>0.000</speed><sat>15</sat></trkpt>
  <trkpt lat="26.41068333" lon="-80.16109000"><ele>21.563</ele><time>2026-07-24T18:11:21Z</time><speed>0.000</speed><sat>15</sat></trkpt>
  <trkpt lat="26.41068333" lon="-80.16109000"><ele>21.563</ele><time>2026-07-24T18:11:22Z</time><speed>0.000</speed><sat>15</sat></trkpt>
  <trkpt lat="26.41068333" lon="-80.16109000"><ele>21.563</ele><time>2026-07-24T18:11:23Z</time><speed>0.000</speed><sat>15</sat></trkpt>
  <trkpt lat="26.41068333" lon="-80.16109000"><ele>21.563</ele><time>2026-07-24T18:11:24Z</time><speed>0.000</speed><sat>15</sat></trkpt>
  <trkpt lat="26.41068333" lon="-80.16109000"><ele>21.563</ele><time>2026-07-24T18:11:25Z</time><speed>0.000</speed><sat>15</sat></trkpt>
  <trkpt lat="26.41068333" lon="-80.16109000"><ele>21.563</ele><time>2026-07-24T18:11:26Z</time><speed>0.000</speed><sat>15</sat></trkpt>
  <trkpt lat="26.41068333" lon="-80.16109000"><ele>21.563</ele><time>2026-07-24T18:11:27Z</time><speed>0.000</speed><sat>15</sat></trkpt>
  <trkpt lat="26.41068333" lon="-80.16109000"><ele>21.563</ele><time>2026-07-24T18:11:28Z</time><speed>0.000</speed><sat>15</sat></trkpt>
  <trkpt lat="26.41068333" lon="-80.16109000"><ele>21.563</ele><time>2026-07-24T18:11:29Z</time><speed>0.000</speed><sat>15</sat></trkpt>
  <trkpt lat="26.41068333" lon="-80.16109000"><ele>21.563</ele><time>2026-07-24T18:11:30Z</time><speed>0.000</speed><sat>15</sat></trkpt>
  <trkpt lat="26.41068333" lon="-80.16109000"><ele>21.563</ele><time>2026-07-24T18:11:31Z</time><speed>0.000</speed><sat>15</sat></trkpt>
  <trkpt lat="26.41068333" lon="-80.16109000"><ele>21.563</ele><time>2026-07-24T18:11:32Z</time><speed>0.000</speed><sat>15</sat></trkpt>
  <trkpt lat="26.41068333" lon="-80.16109000"><ele>21.563</ele><time>2026-07-24T18:11:33Z</time><speed>0.000</speed><sat>15</sat></trkpt>
  <trkpt lat="26.41068333" lon="-80.16109000"><ele>21.563</ele><time>2026-07-24T18:11:34Z</time><speed>0.000</speed><sat>15</sat></trkpt>
  <trkpt lat="26.41068333" lon="-80.16109000"><ele>21.563</ele><time>2026-07-24T18:11:35Z</time><speed>0.000</speed><sat>15</sat></trkpt>
  <trkpt lat="26.41068333" lon="-80.16109000"><ele>21.563</ele><time>2026-07-24T18:11:36Z</time><speed>0.000</speed><sat>15</sat></trkpt>
  <trkpt lat="26.41068333" lon="-80.16109000"><ele>21.563</ele><time>2026-07-24T18:11:37Z</time><speed>0.000</speed><sat>15</sat></trkpt>
  <trkpt lat="26.41068333" lon="-80.16109000"><ele>21.563</ele><time>2026-07-24T18:11:38Z</time><speed>0.000</speed><sat>15</sat></trkpt>
  <trkpt lat="26.41068333" lon="-80.16109000"><ele>21.563</ele><time>2026-07-24T18:11:39Z</time><speed>0.000</speed><sat>15</sat></trkpt>
  <trkpt lat="26.41068333" lon="-80.16109000"><ele>21.563</ele><time>2026-07-24T18:11:40Z</time><speed>0.000</speed><sat>15</sat></trkpt>
  <trkpt lat="26.41068333" lon="-80.16109000"><ele>21.563</ele><time>2026-07-24T18:11:41Z</time><speed>0.000</speed><sat>15</sat></trkpt>
  <trkpt lat="26.41068333" lon="-80.16109000"><ele>21.563</ele><time>2026-07-24T18:11:42Z</time><speed>0.000</speed><sat>15</sat></trkpt>
  <trkpt lat="26.41068333" lon="-80.16109000"><ele>21.563</ele><time>2026-07-24T18:11:43Z</time><speed>0.000</speed><sat>15</sat></trkpt>
  <trkpt lat="26.41068333" lon="-80.16109000"><ele>21.563</ele><time>2026-07-24T18:11:44Z</time><speed>0.000</speed><sat>15</sat></trkpt>
  <trkpt lat="26.41068333" lon="-80.16109000"><ele>21.563</ele><time>2026-07-24T18:11:45Z</time><speed>0.000</speed><sat>15</sat></trkpt>
  <trkpt lat="26.41068333" lon="-80.16109000"><ele>21.563</ele><time>2026-07-24T18:11:46Z</time><speed>0.000</speed><sat>15</sat></trkpt>
  <trkpt lat="26.41068333" lon="-80.16109000"><ele>21.563</ele><time>2026-07-24T18:11:47Z</time><speed>0.000</speed><sat>15</sat></trkpt>
  <trkpt lat="26.41068333" lon="-80.16109000"><ele>21.563</ele><time>2026-07-24T18:11:48Z</time><speed>0.000</speed><sat>15</sat></trkpt>
  <trkpt lat="26.41068333" lon="-80.16109000"><ele>21.563</ele><time>2026-07-24T18:11:49Z</time><speed>0.000</speed><sat>15</sat></trkpt>
  <trkpt lat="26.41068333" lon="-80.16109000"><ele>21.563</ele><time>2026-07-24T18:11:50Z</time><speed>0.000</speed><sat>15</sat></trkpt>
  <trkpt lat="26.41068333" lon="-80.16109000"><ele>21.563</ele><time>2026-07-24T18:11:51Z</time><speed>0.000</speed><sat>15</sat></trkpt>
  <trkpt lat="26.41068333" lon="-80.16109000"><ele>21.563</ele><time>2026-07-24T18:11:52Z</time><speed>0.000</speed><sat>15</sat></trkpt>
  <trkpt lat="26.41068333" lon="-80.16109000"><ele>21.563</ele><time>2026-07-24T18:11:53Z</time><speed>0.000</speed><sat>15</sat></trkpt>
  <trkpt lat="26.41068333" lon="-80.16109000"><ele>21.563</ele><time>2026-07-24T18:11:54Z</time><speed>0.000</speed><sat>15</sat></trkpt>
  <trkpt lat="26.41068333" lon="-80.16109000"><ele>21.563</ele><time>2026-07-24T18:11:55Z</time><speed>0.000</speed><sat>15</sat></trkpt>
  <trkpt lat="26.41068333" lon="-80.16109000"><ele>21.563</ele><time>2026-07-24T18:11:56Z</time><speed>0.000</speed><sat>15</sat></trkpt>
  <trkpt lat="26.41068333" lon="-80.16109000"><ele>21.563</ele><time>2026-07-24T18:11:57Z</time><speed>0.000</speed><sat>16</sat></trkpt>
  <trkpt lat="26.41068333" lon="-80.16109000"><ele>21.563</ele><time>2026-07-24T18:11:58Z</time><speed>0.000</speed><sat>16</sat></trkpt>
  <trkpt lat="26.41068333" lon="-80.16109000"><ele>21.563</ele><time>2026-07-24T18:11:59Z</time><speed>0.000</speed><sat>16</sat></trkpt>
  <trkpt lat="26.41068333" lon="-80.16109000"><ele>21.563</ele><time>2026-07-24T18:12:00Z</time><speed>0.000</speed><sat>16</sat></trkpt>
  <trkpt lat="26.41068333" lon="-80.16109000"><ele>21.563</ele><time>2026-07-24T18:12:01Z</time><speed>0.000</speed><sat>16</sat></trkpt>
  <trkpt lat="26.41068333" lon="-80.16109000"><ele>21.563</ele><time>2026-07-24T18:12:02Z</time><speed>0.000</speed><sat>16</sat></trkpt>
  <trkpt lat="26.41068333" lon="-80.16109000"><ele>21.563</ele><time>2026-07-24T18:12:03Z</time><speed>0.000</speed><sat>16</sat></trkpt>
  <trkpt lat="26.41068333" lon="-80.16109000"><ele>21.563</ele><time>2026-07-24T18:12:04Z</time><speed>0.000</speed><sat>16</sat></trkpt>
  <trkpt lat="26.41068333" lon="-80.16109000"><ele>21.563</ele><time>2026-07-24T18:12:05Z</time><speed>0.000</speed><sat>16</sat></trkpt>
  <trkpt lat="26.41068333" lon="-80.16109000"><ele>21.563</ele><time>2026-07-24T18:12:06Z</time><speed>0.000</speed><sat>16</sat></trkpt>
  <trkpt lat="26.41068333" lon="-80.16109000"><ele>21.563</ele><time>2026-07-24T18:12:07Z</time><speed>0.000</speed><sat>16</sat></trkpt>
  <trkpt lat="26.41068333" lon="-80.16109000"><ele>21.563</ele><time>2026-07-24T18:12:08Z</time><speed>0.000</speed><sat>15</sat></trkpt>
  <trkpt lat="26.41068333" lon="-80.16109000"><ele>21.563</ele><time>2026-07-24T18:12:09Z</time><speed>0.000</speed><sat>15</sat></trkpt>
  <trkpt lat="26.41068333" lon="-80.16109000"><ele>21.563</ele><time>2026-07-24T18:12:10Z</time><speed>0.000</speed><sat>15</sat></trkpt>
  <trkpt lat="26.41068333" lon="-80.16109000"><ele>21.563</ele><time>2026-07-24T18:12:11Z</time><speed>0.000</speed><sat>15</sat></trkpt>
  <trkpt lat="26.41068333" lon="-80.16109000"><ele>21.563</ele><time>2026-07-24T18:12:12Z</time><speed>0.000</speed><sat>15</sat></trkpt>
  <trkpt lat="26.41068333" lon="-80.16109000"><ele>21.563</ele><time>2026-07-24T18:12:13Z</time><speed>0.000</speed><sat>16</sat></trkpt>
  <trkpt lat="26.41068333" lon="-80.16109000"><ele>21.563</ele><time>2026-07-24T18:12:14Z</time><speed>0.000</speed><sat>16</sat></trkpt>
  <trkpt lat="26.41068333" lon="-80.16109000"><ele>21.563</ele><time>2026-07-24T18:12:15Z</time><speed>0.000</speed><sat>16</sat></trkpt>
  <trkpt lat="26.41068333" lon="-80.16109000"><ele>21.563</ele><time>2026-07-24T18:12:16Z</time><speed>0.000</speed><sat>17</sat></trkpt>
  <trkpt lat="26.41068333" lon="-80.16109000"><ele>21.563</ele><time>2026-07-24T18:12:17Z</time><speed>0.000</speed><sat>17</sat></trkpt>
  <trkpt lat="26.41068333" lon="-80.16109000"><ele>21.563</ele><time>2026-07-24T18:12:18Z</time><speed>0.000</speed><sat>17</sat></trkpt>
  <trkpt lat="26.41068333" lon="-80.16109000"><ele>21.563</ele><time>2026-07-24T18:12:19Z</time><speed>0.000</speed><sat>17</sat></trkpt>
  <trkpt lat="26.41068333" lon="-80.16109000"><ele>21.563</ele><time>2026-07-24T18:12:20Z</time><speed>0.000</speed><sat>17</sat></trkpt>
  <trkpt lat="26.41068333" lon="-80.16109000"><ele>21.563</ele><time>2026-07-24T18:12:21Z</time><speed>0.000</speed><sat>17</sat></trkpt>
  <trkpt lat="26.41068333" lon="-80.16109000"><ele>21.563</ele><time>2026-07-24T18:12:22Z</time><speed>0.000</speed><sat>17</sat></trkpt>
  <trkpt lat="26.41068333" lon="-80.16109000"><ele>21.563</ele><time>2026-07-24T18:12:23Z</time><speed>0.000</speed><sat>17</sat></trkpt>
  <trkpt lat="26.41068333" lon="-80.16109000"><ele>21.563</ele><time>2026-07-24T18:12:24Z</time><speed>0.000</speed><sat>17</sat></trkpt>
  <trkpt lat="26.41068333" lon="-80.16109000"><ele>21.563</ele><time>2026-07-24T18:12:25Z</time><speed>0.000</speed><sat>17</sat></trkpt>
  <trkpt lat="26.41068333" lon="-80.16109000"><ele>21.563</ele><time>2026-07-24T18:12:26Z</time><speed>0.000</speed><sat>17</sat></trkpt>
  <trkpt lat="26.41068333" lon="-80.16109000"><ele>21.563</ele><time>2026-07-24T18:12:27Z</time><speed>0.000</speed><sat>17</sat></trkpt>
  <trkpt lat="26.41068333" lon="-80.16109000"><ele>21.563</ele><time>2026-07-24T18:12:28Z</time><speed>0.000</speed><sat>16</sat></trkpt>
  <trkpt lat="26.41068333" lon="-80.16109000"><ele>21.563</ele><time>2026-07-24T18:12:29Z</time><speed>0.000</speed><sat>16</sat></trkpt>
  <trkpt lat="26.41068333" lon="-80.16109000"><ele>21.563</ele><time>2026-07-24T18:12:30Z</time><speed>0.000</speed><sat>16</sat></trkpt>
  <trkpt lat="26.41068333" lon="-80.16109000"><ele>21.563</ele><time>2026-07-24T18:12:31Z</time><speed>0.000</speed><sat>16</sat></trkpt>
  <trkpt lat="26.41068333" lon="-80.16109000"><ele>21.563</ele><time>2026-07-24T18:12:32Z</time><speed>0.000</speed><sat>16</sat></trkpt>
  <trkpt lat="26.41068333" lon="-80.16109000"><ele>21.563</ele><time>2026-07-24T18:12:33Z</time><speed>0.000</speed><sat>17</sat></trkpt>
  <trkpt lat="26.41068333" lon="-80.16109000"><ele>21.563</ele><time>2026-07-24T18:12:34Z</time><speed>0.000</speed><sat>17</sat></trkpt>
  <trkpt lat="26.41068333" lon="-80.16109000"><ele>21.563</ele><time>2026-07-24T18:12:35Z</time><speed>0.000</speed><sat>17</sat></trkpt>
  <trkpt lat="26.41068333" lon="-80.16109000"><ele>21.563</ele><time>2026-07-24T18:12:36Z</time><speed>0.000</speed><sat>17</sat></trkpt>
  <trkpt lat="26.41068333" lon="-80.16109000"><ele>21.563</ele><time>2026-07-24T18:12:37Z</time><speed>0.000</speed><sat>17</sat></trkpt>
  <trkpt lat="26.41068333" lon="-80.16109000"><ele>21.563</ele><time>2026-07-24T18:12:38Z</time><speed>0.000</speed><sat>17</sat></trkpt>
  <trkpt lat="26.41068333" lon="-80.16109000"><ele>21.563</ele><time>2026-07-24T18:12:39Z</time><speed>0.000</speed><sat>17</sat></trkpt>
  <trkpt lat="26.41068333" lon="-80.16109000"><ele>21.563</ele><time>2026-07-24T18:12:40Z</time><speed>0.000</speed><sat>17</sat></trkpt>
  <trkpt lat="26.41068333" lon="-80.16109000"><ele>21.563</ele><time>2026-07-24T18:12:41Z</time><speed>0.000</speed><sat>17</sat></trkpt>
  <trkpt lat="26.41068333" lon="-80.16109000"><ele>21.563</ele><time>2026-07-24T18:12:42Z</time><speed>0.000</speed><sat>17</sat></trkpt>
  <trkpt lat="26.41068333" lon="-80.16109000"><ele>21.563</ele><time>2026-07-24T18:12:43Z</time><speed>0.000</speed><sat>16</sat></trkpt>
  <trkpt lat="26.41068333" lon="-80.16109000"><ele>21.563</ele><time>2026-07-24T18:12:44Z</time><speed>0.000</speed><sat>16</sat></trkpt>
  <trkpt lat="26.41068333" lon="-80.16109000"><ele>21.563</ele><time>2026-07-24T18:12:45Z</time><speed>0.000</speed><sat>15</sat></trkpt>
  <trkpt lat="26.41068333" lon="-80.16109000"><ele>21.563</ele><time>2026-07-24T18:12:46Z</time><speed>0.000</speed><sat>16</sat></trkpt>
  <trkpt lat="26.41068333" lon="-80.16109000"><ele>21.563</ele><time>2026-07-24T18:12:47Z</time><speed>0.000</speed><sat>16</sat></trkpt>
  <trkpt lat="26.41068333" lon="-80.16109000"><ele>21.563</ele><time>2026-07-24T18:12:48Z</time><speed>0.000</speed><sat>16</sat></trkpt>
  <trkpt lat="26.41068333" lon="-80.16109000"><ele>21.563</ele><time>2026-07-24T18:12:49Z</time><speed>0.000</speed><sat>16</sat></trkpt>
  <trkpt lat="26.41068333" lon="-80.16109000"><ele>21.563</ele><time>2026-07-24T18:12:50Z</time><speed>0.000</speed><sat>15</sat></trkpt>
  <trkpt lat="26.41068333" lon="-80.16109000"><ele>21.563</ele><time>2026-07-24T18:12:51Z</time><speed>0.000</speed><sat>16</sat></trkpt>
  <trkpt lat="26.41068333" lon="-80.16109000"><ele>21.563</ele><time>2026-07-24T18:12:52Z</time><speed>0.000</speed><sat>16</sat></trkpt>
  <trkpt lat="26.41068333" lon="-80.16109000"><ele>21.563</ele><time>2026-07-24T18:12:53Z</time><speed>0.000</speed><sat>16</sat></trkpt>
  <trkpt lat="26.41068333" lon="-80.16109000"><ele>21.563</ele><time>2026-07-24T18:12:54Z</time><speed>0.000</speed><sat>17</sat></trkpt>
  <trkpt lat="26.41068333" lon="-80.16109000"><ele>21.563</ele><time>2026-07-24T18:12:55Z</time><speed>0.000</speed><sat>17</sat></trkpt>
  <trkpt lat="26.41068333" lon="-80.16109000"><ele>21.563</ele><time>2026-07-24T18:12:56Z</time><speed>0.000</speed><sat>17</sat></trkpt>
  <trkpt lat="26.41068333" lon="-80.16109000"><ele>21.563</ele><time>2026-07-24T18:12:57Z</time><speed>0.000</speed><sat>17</sat></trkpt>
  <trkpt lat="26.41068333" lon="-80.16109000"><ele>21.563</ele><time>2026-07-24T18:12:58Z</time><speed>0.000</speed><sat>17</sat></trkpt>
  <trkpt lat="26.41068333" lon="-80.16109000"><ele>21.563</ele><time>2026-07-24T18:12:59Z</time><speed>0.000</speed><sat>16</sat></trkpt>
  <trkpt lat="26.41068333" lon="-80.16109000"><ele>21.563</ele><time>2026-07-24T18:13:00Z</time><speed>0.000</speed><sat>16</sat></trkpt>
  <trkpt lat="26.41068333" lon="-80.16109000"><ele>21.563</ele><time>2026-07-24T18:13:01Z</time><speed>0.000</speed><sat>16</sat></trkpt>
  <trkpt lat="26.41068333" lon="-80.16109000"><ele>21.563</ele><time>2026-07-24T18:13:02Z</time><speed>0.000</speed><sat>15</sat></trkpt>
  <trkpt lat="26.41068333" lon="-80.16109000"><ele>21.563</ele><time>2026-07-24T18:13:03Z</time><speed>0.000</speed><sat>15</sat></trkpt>
  <trkpt lat="26.41068333" lon="-80.16109000"><ele>21.563</ele><time>2026-07-24T18:13:04Z</time><speed>0.000</speed><sat>16</sat></trkpt>
  <trkpt lat="26.41068333" lon="-80.16109000"><ele>21.563</ele><time>2026-07-24T18:13:05Z</time><speed>0.000</speed><sat>16</sat></trkpt>
  <trkpt lat="26.41068333" lon="-80.16109000"><ele>21.563</ele><time>2026-07-24T18:13:06Z</time><speed>0.000</speed><sat>16</sat></trkpt>
  <trkpt lat="26.41068333" lon="-80.16109000"><ele>21.563</ele><time>2026-07-24T18:13:07Z</time><speed>0.000</speed><sat>16</sat></trkpt>
  <trkpt lat="26.41068333" lon="-80.16109000"><ele>21.563</ele><time>2026-07-24T18:13:08Z</time><speed>0.000</speed><sat>16</sat></trkpt>
  <trkpt lat="26.41068333" lon="-80.16109000"><ele>21.563</ele><time>2026-07-24T18:13:09Z</time><speed>0.000</speed><sat>16</sat></trkpt>
  <trkpt lat="26.41068333" lon="-80.16109000"><ele>21.563</ele><time>2026-07-24T18:13:10Z</time><speed>0.000</speed><sat>16</sat></trkpt>
  <trkpt lat="26.41068333" lon="-80.16109000"><ele>21.563</ele><time>2026-07-24T18:13:11Z</time><speed>0.000</speed><sat>16</sat></trkpt>
  <trkpt lat="26.41068333" lon="-80.16109000"><ele>21.563</ele><time>2026-07-24T18:13:12Z</time><speed>0.000</speed><sat>16</sat></trkpt>
  <trkpt lat="26.41068333" lon="-80.16109000"><ele>21.563</ele><time>2026-07-24T18:13:13Z</time><speed>0.000</speed><sat>16</sat></trkpt>
  <trkpt lat="26.41068333" lon="-80.16109000"><ele>21.563</ele><time>2026-07-24T18:13:14Z</time><speed>0.000</speed><sat>16</sat></trkpt>
  <trkpt lat="26.41068333" lon="-80.16109000"><ele>21.563</ele><time>2026-07-24T18:13:15Z</time><speed>0.000</speed><sat>16</sat></trkpt>
  <trkpt lat="26.41068333" lon="-80.16109000"><ele>21.563</ele><time>2026-07-24T18:13:16Z</time><speed>0.000</speed><sat>17</sat></trkpt>
  <trkpt lat="26.41068333" lon="-80.16109000"><ele>21.563</ele><time>2026-07-24T18:13:17Z</time><speed>0.000</speed><sat>17</sat></trkpt>
  <trkpt lat="26.41068333" lon="-80.16109000"><ele>21.563</ele><time>2026-07-24T18:13:18Z</time><speed>0.000</speed><sat>17</sat></trkpt>
  <trkpt lat="26.41068333" lon="-80.16109000"><ele>21.563</ele><time>2026-07-24T18:13:19Z</time><speed>0.000</speed><sat>17</sat></trkpt>
  <trkpt lat="26.41068333" lon="-80.16109000"><ele>21.563</ele><time>2026-07-24T18:13:20Z</time><speed>0.000</speed><sat>17</sat></trkpt>
  <trkpt lat="26.41068333" lon="-80.16109000"><ele>21.563</ele><time>2026-07-24T18:13:21Z</time><speed>0.000</speed><sat>17</sat></trkpt>
  <trkpt lat="26.41068333" lon="-80.16109000"><ele>21.563</ele><time>2026-07-24T18:13:22Z</time><speed>0.000</speed><sat>17</sat></trkpt>
  <trkpt lat="26.41068333" lon="-80.16109000"><ele>21.563</ele><time>2026-07-24T18:13:23Z</time><speed>0.000</speed><sat>17</sat></trkpt>
  <trkpt lat="26.41068333" lon="-80.16109000"><ele>21.563</ele><time>2026-07-24T18:13:24Z</time><speed>0.000</speed><sat>17</sat></trkpt>
  <trkpt lat="26.41068333" lon="-80.16109000"><ele>21.563</ele><time>2026-07-24T18:13:25Z</time><speed>0.000</speed><sat>17</sat></trkpt>
  <trkpt lat="26.41068333" lon="-80.16109000"><ele>21.563</ele><time>2026-07-24T18:13:26Z</time><speed>0.000</speed><sat>16</sat></trkpt>
  <trkpt lat="26.41068333" lon="-80.16109000"><ele>21.563</ele><time>2026-07-24T18:13:27Z</time><speed>0.000</speed><sat>16</sat></trkpt>
  <trkpt lat="26.41068333" lon="-80.16109000"><ele>21.563</ele><time>2026-07-24T18:13:28Z</time><speed>0.000</speed><sat>16</sat></trkpt>
  <trkpt lat="26.41068333" lon="-80.16109000"><ele>21.563</ele><time>2026-07-24T18:13:29Z</time><speed>0.000</speed><sat>16</sat></trkpt>
  <trkpt lat="26.41068333" lon="-80.16109000"><ele>21.563</ele><time>2026-07-24T18:13:30Z</time><speed>0.000</speed><sat>16</sat></trkpt>
  <trkpt lat="26.41068333" lon="-80.16109000"><ele>21.563</ele><time>2026-07-24T18:13:31Z</time><speed>0.000</speed><sat>16</sat></trkpt>
  <trkpt lat="26.41068333" lon="-80.16109000"><ele>21.563</ele><time>2026-07-24T18:13:32Z</time><speed>0.000</speed><sat>17</sat></trkpt>
  <trkpt lat="26.41068333" lon="-80.16109000"><ele>21.563</ele><time>2026-07-24T18:13:33Z</time><speed>0.000</speed><sat>17</sat></trkpt>
  <trkpt lat="26.41068333" lon="-80.16109000"><ele>21.563</ele><time>2026-07-24T18:13:34Z</time><speed>0.000</speed><sat>17</sat></trkpt>
  <trkpt lat="26.41068333" lon="-80.16109000"><ele>21.563</ele><time>2026-07-24T18:13:35Z</time><speed>0.000</speed><sat>17</sat></trkpt>
  <trkpt lat="26.41068333" lon="-80.16109000"><ele>21.563</ele><time>2026-07-24T18:13:36Z</time><speed>0.000</speed><sat>17</sat></trkpt>
  <trkpt lat="26.41068333" lon="-80.16109000"><ele>21.563</ele><time>2026-07-24T18:13:37Z</time><speed>0.000</speed><sat>17</sat></trkpt>
  <trkpt lat="26.41068333" lon="-80.16109000"><ele>21.563</ele><time>2026-07-24T18:13:38Z</time><speed>0.000</speed><sat>17</sat></trkpt>
  <trkpt lat="26.41068333" lon="-80.16109000"><ele>21.563</ele><time>2026-07-24T18:13:39Z</time><speed>0.000</speed><sat>17</sat></trkpt>
  <trkpt lat="26.41068333" lon="-80.16109000"><ele>21.563</ele><time>2026-07-24T18:13:40Z</time><speed>0.000</speed><sat>17</sat></trkpt>
  <trkpt lat="26.41068333" lon="-80.16109000"><ele>21.563</ele><time>2026-07-24T18:13:41Z</time><speed>0.000</speed><sat>17</sat></trkpt>
  <trkpt lat="26.41068333" lon="-80.16109000"><ele>21.563</ele><time>2026-07-24T18:13:42Z</time><speed>0.000</speed><sat>17</sat></trkpt>
  <trkpt lat="26.41068333" lon="-80.16109000"><ele>21.563</ele><time>2026-07-24T18:13:43Z</time><speed>0.000</speed><sat>17</sat></trkpt>
  <trkpt lat="26.41068333" lon="-80.16109000"><ele>21.563</ele><time>2026-07-24T18:13:44Z</time><speed>0.000</speed><sat>17</sat></trkpt>
  <trkpt lat="26.41068333" lon="-80.16109000"><ele>21.563</ele><time>2026-07-24T18:13:45Z</time><speed>0.000</speed><sat>17</sat></trkpt>
  <trkpt lat="26.41068333" lon="-80.16109000"><ele>21.563</ele><time>2026-07-24T18:13:46Z</time><speed>0.000</speed><sat>17</sat></trkpt>
  <trkpt lat="26.41068333" lon="-80.16109000"><ele>21.563</ele><time>2026-07-24T18:13:47Z</time><speed>0.000</speed><sat>17</sat></trkpt>
  <trkpt lat="26.41068333" lon="-80.16109000"><ele>21.563</ele><time>2026-07-24T18:13:48Z</time><speed>0.000</speed><sat>17</sat></trkpt>
  <trkpt lat="26.41068333" lon="-80.16109000"><ele>21.563</ele><time>2026-07-24T18:13:49Z</time><speed>0.000</speed><sat>17</sat></trkpt>
  <trkpt lat="26.41068333" lon="-80.16109000"><ele>21.563</ele><time>2026-07-24T18:13:50Z</time><speed>0.000</speed><sat>17</sat></trkpt>
  <trkpt lat="26.41068333" lon="-80.16109000"><ele>21.563</ele><time>2026-07-24T18:13:51Z</time><speed>0.000</speed><sat>17</sat></trkpt>
  <trkpt lat="26.41068333" lon="-80.16109000"><ele>21.563</ele><time>2026-07-24T18:13:52Z</time><speed>0.000</speed><sat>17</sat></trkpt>
  <trkpt lat="26.41068333" lon="-80.16109000"><ele>21.563</ele><time>2026-07-24T18:13:53Z</time><speed>0.000</speed><sat>17</sat></trkpt>
  <trkpt lat="26.41068333" lon="-80.16109000"><ele>21.563</ele><time>2026-07-24T18:13:54Z</time><speed>0.000</speed><sat>17</sat></trkpt>
  <trkpt lat="26.41068333" lon="-80.16109000"><ele>21.563</ele><time>2026-07-24T18:13:55Z</time><speed>0.000</speed><sat>17</sat></trkpt>
  <trkpt lat="26.41068333" lon="-80.16109000"><ele>21.563</ele><time>2026-07-24T18:13:56Z</time><speed>0.000</speed><sat>17</sat></trkpt>
  <trkpt lat="26.41068333" lon="-80.16109000"><ele>21.563</ele><time>2026-07-24T18:13:57Z</time><speed>0.000</speed><sat>17</sat></trkpt>
  <trkpt lat="26.41068333" lon="-80.16109000"><ele>21.563</ele><time>2026-07-24T18:13:58Z</time><speed>0.000</speed><sat>17</sat></trkpt>
  <trkpt lat="26.41068333" lon="-80.16109000"><ele>21.563</ele><time>2026-07-24T18:13:59Z</time><speed>0.000</speed><sat>17</sat></trkpt>
  <trkpt lat="26.41068333" lon="-80.16109000"><ele>21.563</ele><time>2026-07-24T18:14:00Z</time><speed>0.000</speed><sat>17</sat></trkpt>
  <trkpt lat="26.41068333" lon="-80.16109000"><ele>21.563</ele><time>2026-07-24T18:14:01Z</time><speed>0.000</speed><sat>17</sat></trkpt>
  <trkpt lat="26.41068333" lon="-80.16109000"><ele>21.563</ele><time>2026-07-24T18:14:02Z</time><speed>0.000</speed><sat>17</sat></trkpt>
  <trkpt lat="26.41068333" lon="-80.16109000"><ele>21.563</ele><time>2026-07-24T18:14:03Z</time><speed>0.000</speed><sat>17</sat></trkpt>
  <trkpt lat="26.41068333" lon="-80.16109000"><ele>21.563</ele><time>2026-07-24T18:14:04Z</time><speed>0.000</speed><sat>17</sat></trkpt>
  <trkpt lat="26.41068333" lon="-80.16109000"><ele>21.563</ele><time>2026-07-24T18:14:05Z</time><speed>0.000</speed><sat>17</sat></trkpt>
  <trkpt lat="26.41068333" lon="-80.16109000"><ele>21.563</ele><time>2026-07-24T18:14:06Z</time><speed>0.000</speed><sat>16</sat></trkpt>
  <trkpt lat="26.41068333" lon="-80.16109000"><ele>21.563</ele><time>2026-07-24T18:14:07Z</time><speed>0.000</speed><sat>16</sat></trkpt>
  <trkpt lat="26.41068333" lon="-80.16109000"><ele>21.563</ele><time>2026-07-24T18:14:08Z</time><speed>0.000</speed><sat>16</sat></trkpt>
  <trkpt lat="26.41068333" lon="-80.16109000"><ele>21.563</ele><time>2026-07-24T18:14:09Z</time><speed>0.000</speed><sat>16</sat></trkpt>
  <trkpt lat="26.41068333" lon="-80.16109000"><ele>21.563</ele><time>2026-07-24T18:14:10Z</time><speed>0.000</speed><sat>16</sat></trkpt>
  <trkpt lat="26.41068333" lon="-80.16109000"><ele>21.563</ele><time>2026-07-24T18:14:11Z</time><speed>0.000</speed><sat>16</sat></trkpt>
  <trkpt lat="26.41068333" lon="-80.16109000"><ele>21.563</ele><time>2026-07-24T18:14:12Z</time><speed>0.000</speed><sat>16</sat></trkpt>
  <trkpt lat="26.41068333" lon="-80.16109000"><ele>21.563</ele><time>2026-07-24T18:14:13Z</time><speed>0.000</speed><sat>16</sat></trkpt>
  <trkpt lat="26.41068333" lon="-80.16109000"><ele>21.563</ele><time>2026-07-24T18:14:14Z</time><speed>0.000</speed><sat>16</sat></trkpt>
  <trkpt lat="26.41068333" lon="-80.16109000"><ele>21.563</ele><time>2026-07-24T18:14:15Z</time><speed>0.000</speed><sat>16</sat></trkpt>
  <trkpt lat="26.41068333" lon="-80.16109000"><ele>21.563</ele><time>2026-07-24T18:14:16Z</time><speed>0.000</speed><sat>16</sat></trkpt>
  <trkpt lat="26.41068333" lon="-80.16109000"><ele>21.563</ele><time>2026-07-24T18:14:17Z</time><speed>0.000</speed><sat>16</sat></trkpt>
  <trkpt lat="26.41068333" lon="-80.16109000"><ele>21.563</ele><time>2026-07-24T18:14:18Z</time><speed>0.000</speed><sat>16</sat></trkpt>
  <trkpt lat="26.41068333" lon="-80.16109000"><ele>21.563</ele><time>2026-07-24T18:14:19Z</time><speed>0.000</speed><sat>16</sat></trkpt>
  <trkpt lat="26.41068333" lon="-80.16109000"><ele>21.563</ele><time>2026-07-24T18:14:20Z</time><speed>0.000</speed><sat>15</sat></trkpt>
  <trkpt lat="26.41068333" lon="-80.16109000"><ele>21.563</ele><time>2026-07-24T18:14:21Z</time><speed>0.000</speed><sat>15</sat></trkpt>
  <trkpt lat="26.41068333" lon="-80.16109000"><ele>21.563</ele><time>2026-07-24T18:14:22Z</time><speed>0.000</speed><sat>15</sat></trkpt>
  <trkpt lat="26.41068333" lon="-80.16109000"><ele>21.563</ele><time>2026-07-24T18:14:23Z</time><speed>0.000</speed><sat>16</sat></trkpt>
  <trkpt lat="26.41068333" lon="-80.16109000"><ele>21.563</ele><time>2026-07-24T18:14:24Z</time><speed>0.000</speed><sat>15</sat></trkpt>
  <trkpt lat="26.41068333" lon="-80.16109000"><ele>21.563</ele><time>2026-07-24T18:14:25Z</time><speed>0.000</speed><sat>16</sat></trkpt>
  <trkpt lat="26.41068333" lon="-80.16109000"><ele>21.563</ele><time>2026-07-24T18:14:26Z</time><speed>0.000</speed><sat>16</sat></trkpt>
  <trkpt lat="26.41068333" lon="-80.16109000"><ele>21.563</ele><time>2026-07-24T18:14:27Z</time><speed>0.000</speed><sat>16</sat></trkpt>
  <trkpt lat="26.41068333" lon="-80.16109000"><ele>21.563</ele><time>2026-07-24T18:14:28Z</time><speed>0.000</speed><sat>16</sat></trkpt>
  <trkpt lat="26.41068333" lon="-80.16109000"><ele>21.563</ele><time>2026-07-24T18:14:29Z</time><speed>0.000</speed><sat>16</sat></trkpt>
  <trkpt lat="26.41068333" lon="-80.16109000"><ele>21.563</ele><time>2026-07-24T18:14:30Z</time><speed>0.000</speed><sat>16</sat></trkpt>
  <trkpt lat="26.41068333" lon="-80.16109000"><ele>21.563</ele><time>2026-07-24T18:14:31Z</time><speed>0.000</speed><sat>16</sat></trkpt>
  <trkpt lat="26.41068333" lon="-80.16109000"><ele>21.563</ele><time>2026-07-24T18:14:32Z</time><speed>0.000</speed><sat>16</sat></trkpt>
  <trkpt lat="26.41068333" lon="-80.16109000"><ele>21.563</ele><time>2026-07-24T18:14:33Z</time><speed>0.000</speed><sat>16</sat></trkpt>
  <trkpt lat="26.41068333" lon="-80.16109000"><ele>21.563</ele><time>2026-07-24T18:14:34Z</time><speed>0.000</speed><sat>16</sat></trkpt>
  <trkpt lat="26.41068333" lon="-80.16109000"><ele>21.563</ele><time>2026-07-24T18:14:35Z</time><speed>0.000</speed><sat>15</sat></trkpt>
  <trkpt lat="26.41068333" lon="-80.16109000"><ele>21.563</ele><time>2026-07-24T18:14:36Z</time><speed>0.000</speed><sat>15</sat></trkpt>
  <trkpt lat="26.41068333" lon="-80.16109000"><ele>21.563</ele><time>2026-07-24T18:14:37Z</time><speed>0.000</speed><sat>15</sat></trkpt>
  <trkpt lat="26.41068333" lon="-80.16109000"><ele>21.563</ele><time>2026-07-24T18:14:38Z</time><speed>0.000</speed><sat>15</sat></trkpt>
  <trkpt lat="26.41068333" lon="-80.16109000"><ele>21.563</ele><time>2026-07-24T18:14:39Z</time><speed>0.000</speed><sat>15</sat></trkpt>
  <trkpt lat="26.41068333" lon="-80.16109000"><ele>21.563</ele><time>2026-07-24T18:14:40Z</time><speed>0.000</speed><sat>16</sat></trkpt>
  <trkpt lat="26.41068333" lon="-80.16109000"><ele>21.563</ele><time>2026-07-24T18:14:41Z</time><speed>0.000</speed><sat>16</sat></trkpt>
  <trkpt lat="26.41068333" lon="-80.16109000"><ele>21.563</ele><time>2026-07-24T18:14:42Z</time><speed>0.000</speed><sat>16</sat></trkpt>
  <trkpt lat="26.41068333" lon="-80.16109000"><ele>21.563</ele><time>2026-07-24T18:14:43Z</time><speed>0.000</speed><sat>15</sat></trkpt>
  <trkpt lat="26.41068333" lon="-80.16109000"><ele>21.563</ele><time>2026-07-24T18:14:44Z</time><speed>0.000</speed><sat>15</sat></trkpt>
  <trkpt lat="26.41068333" lon="-80.16109000"><ele>21.563</ele><time>2026-07-24T18:14:45Z</time><speed>0.000</speed><sat>16</sat></trkpt>
  <trkpt lat="26.41068333" lon="-80.16109000"><ele>21.563</ele><time>2026-07-24T18:14:46Z</time><speed>0.000</speed><sat>16</sat></trkpt>
  <trkpt lat="26.41068333" lon="-80.16109000"><ele>21.563</ele><time>2026-07-24T18:14:47Z</time><speed>0.000</speed><sat>16</sat></trkpt>
  <trkpt lat="26.41068333" lon="-80.16109000"><ele>21.563</ele><time>2026-07-24T18:14:48Z</time><speed>0.000</speed><sat>16</sat></trkpt>
  <trkpt lat="26.41068333" lon="-80.16109000"><ele>21.563</ele><time>2026-07-24T18:14:49Z</time><speed>0.000</speed><sat>16</sat></trkpt>
  <trkpt lat="26.41068333" lon="-80.16109000"><ele>21.563</ele><time>2026-07-24T18:14:50Z</time><speed>0.000</speed><sat>15</sat></trkpt>
  <trkpt lat="26.41068333" lon="-80.16109000"><ele>21.563</ele><time>2026-07-24T18:14:51Z</time><speed>0.000</speed><sat>16</sat></trkpt>
  <trkpt lat="26.41068333" lon="-80.16109000"><ele>21.563</ele><time>2026-07-24T18:14:52Z</time><speed>0.000</speed><sat>16</sat></trkpt>
  <trkpt lat="26.41068333" lon="-80.16109000"><ele>21.563</ele><time>2026-07-24T18:14:53Z</time><speed>0.000</speed><sat>16</sat></trkpt>
  <trkpt lat="26.41068333" lon="-80.16109000"><ele>21.563</ele><time>2026-07-24T18:14:54Z</time><speed>0.000</speed><sat>16</sat></trkpt>
  <trkpt lat="26.41068333" lon="-80.16109000"><ele>21.563</ele><time>2026-07-24T18:14:55Z</time><speed>0.000</speed><sat>16</sat></trkpt>
  <trkpt lat="26.41068333" lon="-80.16109000"><ele>21.563</ele><time>2026-07-24T18:14:56Z</time><speed>0.000</speed><sat>16</sat></trkpt>
  <trkpt lat="26.41068333" lon="-80.16109000"><ele>21.563</ele><time>2026-07-24T18:14:57Z</time><speed>0.000</speed><sat>16</sat></trkpt>
  <trkpt lat="26.41068333" lon="-80.16109000"><ele>21.563</ele><time>2026-07-24T18:14:58Z</time><speed>0.000</speed><sat>15</sat></trkpt>
  <trkpt lat="26.41068333" lon="-80.16109000"><ele>21.563</ele><time>2026-07-24T18:14:59Z</time><speed>0.000</speed><sat>15</sat></trkpt>
  <trkpt lat="26.41068333" lon="-80.16109000"><ele>21.563</ele><time>2026-07-24T18:15:00Z</time><speed>0.000</speed><sat>15</sat></trkpt>
  <trkpt lat="26.41068333" lon="-80.16109000"><ele>21.563</ele><time>2026-07-24T18:15:01Z</time><speed>0.000</speed><sat>16</sat></trkpt>
  <trkpt lat="26.41068333" lon="-80.16109000"><ele>21.563</ele><time>2026-07-24T18:15:02Z</time><speed>0.000</speed><sat>16</sat></trkpt>
  <trkpt lat="26.41068333" lon="-80.16109000"><ele>21.563</ele><time>2026-07-24T18:15:03Z</time><speed>0.000</speed><sat>16</sat></trkpt>
  <trkpt lat="26.41068333" lon="-80.16109000"><ele>21.563</ele><time>2026-07-24T18:15:04Z</time><speed>0.000</speed><sat>16</sat></trkpt>
  <trkpt lat="26.41068333" lon="-80.16109000"><ele>21.563</ele><time>2026-07-24T18:15:05Z</time><speed>0.000</speed><sat>16</sat></trkpt>
  <trkpt lat="26.41068333" lon="-80.16109000"><ele>21.563</ele><time>2026-07-24T18:15:06Z</time><speed>0.000</speed><sat>16</sat></trkpt>
  <trkpt lat="26.41068333" lon="-80.16109000"><ele>21.563</ele><time>2026-07-24T18:15:07Z</time><speed>0.000</speed><sat>16</sat></trkpt>
  <trkpt lat="26.41068333" lon="-80.16109000"><ele>21.563</ele><time>2026-07-24T18:15:08Z</time><speed>0.000</speed><sat>16</sat></trkpt>
  <trkpt lat="26.41068333" lon="-80.16109000"><ele>21.563</ele><time>2026-07-24T18:15:09Z</time><speed>0.000</speed><sat>16</sat></trkpt>
  <trkpt lat="26.41068333" lon="-80.16109000"><ele>21.563</ele><time>2026-07-24T18:15:10Z</time><speed>0.000</speed><sat>15</sat></trkpt>
  <trkpt lat="26.41068333" lon="-80.16109000"><ele>21.563</ele><time>2026-07-24T18:15:11Z</time><speed>0.000</speed><sat>15</sat></trkpt>
  <trkpt lat="26.41068333" lon="-80.16109000"><ele>21.563</ele><time>2026-07-24T18:15:12Z</time><speed>0.000</speed><sat>15</sat></trkpt>
  <trkpt lat="26.41068333" lon="-80.16109000"><ele>21.563</ele><time>2026-07-24T18:15:13Z</time><speed>0.000</speed><sat>15</sat></trkpt>
  <trkpt lat="26.41068333" lon="-80.16109000"><ele>21.563</ele><time>2026-07-24T18:15:14Z</time><speed>0.000</speed><sat>15</sat></trkpt>
  <trkpt lat="26.41068333" lon="-80.16109000"><ele>21.563</ele><time>2026-07-24T18:15:15Z</time><speed>0.000</speed><sat>15</sat></trkpt>
  <trkpt lat="26.41068333" lon="-80.16109000"><ele>21.563</ele><time>2026-07-24T18:15:16Z</time><speed>0.000</speed><sat>15</sat></trkpt>
  <trkpt lat="26.41068333" lon="-80.16109000"><ele>21.563</ele><time>2026-07-24T18:15:17Z</time><speed>0.000</speed><sat>15</sat></trkpt>
  <trkpt lat="26.41068333" lon="-80.16109000"><ele>21.563</ele><time>2026-07-24T18:15:18Z</time><speed>0.000</speed><sat>15</sat></trkpt>
  <trkpt lat="26.41068333" lon="-80.16109000"><ele>21.563</ele><time>2026-07-24T18:15:19Z</time><speed>0.000</speed><sat>15</sat></trkpt>
  <trkpt lat="26.41068333" lon="-80.16109000"><ele>21.563</ele><time>2026-07-24T18:15:20Z</time><speed>0.000</speed><sat>15</sat></trkpt>
  <trkpt lat="26.41068333" lon="-80.16109000"><ele>21.563</ele><time>2026-07-24T18:15:21Z</time><speed>0.000</speed><sat>15</sat></trkpt>
  <trkpt lat="26.41068333" lon="-80.16109000"><ele>21.563</ele><time>2026-07-24T18:15:22Z</time><speed>0.000</speed><sat>15</sat></trkpt>
  <trkpt lat="26.41068333" lon="-80.16109000"><ele>21.563</ele><time>2026-07-24T18:15:23Z</time><speed>0.000</speed><sat>16</sat></trkpt>
  <trkpt lat="26.41068333" lon="-80.16109000"><ele>21.563</ele><time>2026-07-24T18:15:24Z</time><speed>0.000</speed><sat>16</sat></trkpt>
  <trkpt lat="26.41068333" lon="-80.16109000"><ele>21.563</ele><time>2026-07-24T18:15:25Z</time><speed>0.000</speed><sat>16</sat></trkpt>
  <trkpt lat="26.41068333" lon="-80.16109000"><ele>21.563</ele><time>2026-07-24T18:15:26Z</time><speed>0.000</speed><sat>16</sat></trkpt>
  <trkpt lat="26.41068333" lon="-80.16109000"><ele>21.563</ele><time>2026-07-24T18:15:27Z</time><speed>0.000</speed><sat>16</sat></trkpt>
  <trkpt lat="26.41068333" lon="-80.16109000"><ele>21.563</ele><time>2026-07-24T18:15:28Z</time><speed>0.000</speed><sat>15</sat></trkpt>
  <trkpt lat="26.41068333" lon="-80.16109000"><ele>21.563</ele><time>2026-07-24T18:15:29Z</time><speed>0.000</speed><sat>15</sat></trkpt>
  <trkpt lat="26.41068333" lon="-80.16109000"><ele>21.563</ele><time>2026-07-24T18:15:30Z</time><speed>0.000</speed><sat>15</sat></trkpt>
  <trkpt lat="26.41068333" lon="-80.16109000"><ele>21.563</ele><time>2026-07-24T18:15:31Z</time><speed>0.000</speed><sat>15</sat></trkpt>
  <trkpt lat="26.41068333" lon="-80.16109000"><ele>21.563</ele><time>2026-07-24T18:15:32Z</time><speed>0.000</speed><sat>15</sat></trkpt>
  <trkpt lat="26.41068333" lon="-80.16109000"><ele>21.563</ele><time>2026-07-24T18:15:33Z</time><speed>0.000</speed><sat>15</sat></trkpt>
  <trkpt lat="26.41068333" lon="-80.16109000"><ele>21.563</ele><time>2026-07-24T18:15:34Z</time><speed>0.000</speed><sat>15</sat></trkpt>
  <trkpt lat="26.41068333" lon="-80.16109000"><ele>21.563</ele><time>2026-07-24T18:15:35Z</time><speed>0.000</speed><sat>15</sat></trkpt>
  <trkpt lat="26.41068333" lon="-80.16109000"><ele>21.563</ele><time>2026-07-24T18:15:36Z</time><speed>0.000</speed><sat>15</sat></trkpt>
  <trkpt lat="26.41068333" lon="-80.16109000"><ele>21.563</ele><time>2026-07-24T18:15:37Z</time><speed>0.000</speed><sat>15</sat></trkpt>
  <trkpt lat="26.41068333" lon="-80.16109000"><ele>21.563</ele><time>2026-07-24T18:15:38Z</time><speed>0.000</speed><sat>15</sat></trkpt>
  <trkpt lat="26.41068333" lon="-80.16109000"><ele>21.563</ele><time>2026-07-24T18:15:39Z</time><speed>0.000</speed><sat>15</sat></trkpt>
  <trkpt lat="26.41068333" lon="-80.16109000"><ele>21.563</ele><time>2026-07-24T18:15:40Z</time><speed>0.000</speed><sat>15</sat></trkpt>
  <trkpt lat="26.41068333" lon="-80.16109000"><ele>21.563</ele><time>2026-07-24T18:15:41Z</time><speed>0.000</speed><sat>15</sat></trkpt>
  <trkpt lat="26.41068333" lon="-80.16109000"><ele>21.563</ele><time>2026-07-24T18:15:42Z</time><speed>0.000</speed><sat>15</sat></trkpt>
  <trkpt lat="26.41068333" lon="-80.16109000"><ele>21.563</ele><time>2026-07-24T18:15:43Z</time><speed>0.000</speed><sat>15</sat></trkpt>
  <trkpt lat="26.41068333" lon="-80.16109000"><ele>21.563</ele><time>2026-07-24T18:15:44Z</time><speed>0.000</speed><sat>15</sat></trkpt>
  <trkpt lat="26.41068333" lon="-80.16109000"><ele>21.563</ele><time>2026-07-24T18:15:45Z</time><speed>0.000</speed><sat>15</sat></trkpt>
  <trkpt lat="26.41068333" lon="-80.16109000"><ele>21.563</ele><time>2026-07-24T18:15:46Z</time><speed>0.000</speed><sat>15</sat></trkpt>
  <trkpt lat="26.41068333" lon="-80.16109000"><ele>21.563</ele><time>2026-07-24T18:15:47Z</time><speed>0.000</speed><sat>15</sat></trkpt>
  <trkpt lat="26.41068333" lon="-80.16109000"><ele>21.563</ele><time>2026-07-24T18:15:48Z</time><speed>0.000</speed><sat>15</sat></trkpt>
  <trkpt lat="26.41068333" lon="-80.16109000"><ele>21.563</ele><time>2026-07-24T18:15:49Z</time><speed>0.000</speed><sat>15</sat></trkpt>
  <trkpt lat="26.41068333" lon="-80.16109000"><ele>21.563</ele><time>2026-07-24T18:15:50Z</time><speed>0.000</speed><sat>15</sat></trkpt>
  <trkpt lat="26.41068333" lon="-80.16109000"><ele>21.563</ele><time>2026-07-24T18:15:51Z</time><speed>0.000</speed><sat>15</sat></trkpt>
  <trkpt lat="26.41068333" lon="-80.16109000"><ele>21.563</ele><time>2026-07-24T18:15:52Z</time><speed>0.000</speed><sat>15</sat></trkpt>
  <trkpt lat="26.41068333" lon="-80.16109000"><ele>21.563</ele><time>2026-07-24T18:15:53Z</time><speed>0.000</speed><sat>15</sat></trkpt>
  <trkpt lat="26.41068333" lon="-80.16109000"><ele>21.563</ele><time>2026-07-24T18:15:54Z</time><speed>0.000</speed><sat>15</sat></trkpt>
  <trkpt lat="26.41068333" lon="-80.16109000"><ele>21.563</ele><time>2026-07-24T18:15:55Z</time><speed>0.000</speed><sat>15</sat></trkpt>
  <trkpt lat="26.41068333" lon="-80.16109000"><ele>21.563</ele><time>2026-07-24T18:15:56Z</time><speed>0.000</speed><sat>15</sat></trkpt>
  <trkpt lat="26.41068333" lon="-80.16109000"><ele>21.563</ele><time>2026-07-24T18:15:57Z</time><speed>0.000</speed><sat>15</sat></trkpt>
  <trkpt lat="26.41068333" lon="-80.16109000"><ele>21.563</ele><time>2026-07-24T18:15:58Z</time><speed>0.000</speed><sat>15</sat></trkpt>
  <trkpt lat="26.41068333" lon="-80.16109000"><ele>21.563</ele><time>2026-07-24T18:15:59Z</time><speed>0.000</speed><sat>15</sat></trkpt>
  <trkpt lat="26.41068333" lon="-80.16109000"><ele>21.563</ele><time>2026-07-24T18:16:00Z</time><speed>0.000</speed><sat>15</sat></trkpt>
  <trkpt lat="26.41068333" lon="-80.16109000"><ele>21.563</ele><time>2026-07-24T18:16:01Z</time><speed>0.000</speed><sat>15</sat></trkpt>
  <trkpt lat="26.41068333" lon="-80.16109000"><ele>21.563</ele><time>2026-07-24T18:16:02Z</time><speed>0.000</speed><sat>15</sat></trkpt>
  <trkpt lat="26.41068333" lon="-80.16109000"><ele>21.563</ele><time>2026-07-24T18:16:03Z</time><speed>0.000</speed><sat>15</sat></trkpt>
  <trkpt lat="26.41068333" lon="-80.16109000"><ele>21.563</ele><time>2026-07-24T18:16:04Z</time><speed>0.000</speed><sat>15</sat></trkpt>
  <trkpt lat="26.41068333" lon="-80.16109000"><ele>21.563</ele><time>2026-07-24T18:16:05Z</time><speed>0.000</speed><sat>16</sat></trkpt>
  <trkpt lat="26.41068333" lon="-80.16109000"><ele>21.563</ele><time>2026-07-24T18:16:06Z</time><speed>0.000</speed><sat>16</sat></trkpt>
  <trkpt lat="26.41068333" lon="-80.16109000"><ele>21.563</ele><time>2026-07-24T18:16:07Z</time><speed>0.000</speed><sat>16</sat></trkpt>
  <trkpt lat="26.41068333" lon="-80.16109000"><ele>21.563</ele><time>2026-07-24T18:16:08Z</time><speed>0.000</speed><sat>16</sat></trkpt>
  <trkpt lat="26.41068333" lon="-80.16109000"><ele>21.563</ele><time>2026-07-24T18:16:09Z</time><speed>0.000</speed><sat>16</sat></trkpt>
  <trkpt lat="26.41068333" lon="-80.16109000"><ele>21.563</ele><time>2026-07-24T18:16:10Z</time><speed>0.000</speed><sat>16</sat></trkpt>
  <trkpt lat="26.41068333" lon="-80.16109000"><ele>21.563</ele><time>2026-07-24T18:16:11Z</time><speed>0.000</speed><sat>16</sat></trkpt>
  <trkpt lat="26.41068333" lon="-80.16109000"><ele>21.563</ele><time>2026-07-24T18:16:12Z</time><speed>0.000</speed><sat>16</sat></trkpt>
  <trkpt lat="26.41068333" lon="-80.16109000"><ele>21.563</ele><time>2026-07-24T18:16:13Z</time><speed>0.000</speed><sat>15</sat></trkpt>
  <trkpt lat="26.41068333" lon="-80.16109000"><ele>21.563</ele><time>2026-07-24T18:16:14Z</time><speed>0.000</speed><sat>15</sat></trkpt>
  <trkpt lat="26.41068333" lon="-80.16109000"><ele>21.563</ele><time>2026-07-24T18:16:15Z</time><speed>0.000</speed><sat>15</sat></trkpt>
  <trkpt lat="26.41068333" lon="-80.16109000"><ele>21.563</ele><time>2026-07-24T18:16:16Z</time><speed>0.000</speed><sat>16</sat></trkpt>
  <trkpt lat="26.41068333" lon="-80.16109000"><ele>21.563</ele><time>2026-07-24T18:16:17Z</time><speed>0.000</speed><sat>16</sat></trkpt>
  <trkpt lat="26.41068333" lon="-80.16109000"><ele>21.563</ele><time>2026-07-24T18:16:18Z</time><speed>0.000</speed><sat>16</sat></trkpt>
  <trkpt lat="26.41065833" lon="-80.16109833"><ele>26.163</ele><time>2026-07-24T18:16:19Z</time><speed>0.182</speed><sat>16</sat></trkpt>
  <trkpt lat="26.41065500" lon="-80.16109667"><ele>26.163</ele><time>2026-07-24T18:16:20Z</time><speed>0.000</speed><sat>16</sat></trkpt>
  <trkpt lat="26.41065500" lon="-80.16109667"><ele>26.063</ele><time>2026-07-24T18:16:21Z</time><speed>0.000</speed><sat>16</sat></trkpt>
  <trkpt lat="26.41065000" lon="-80.16109667"><ele>25.963</ele><time>2026-07-24T18:16:22Z</time><speed>0.000</speed><sat>16</sat></trkpt>
  <trkpt lat="26.41065000" lon="-80.16109667"><ele>25.963</ele><time>2026-07-24T18:16:23Z</time><speed>0.000</speed><sat>15</sat></trkpt>
  <trkpt lat="26.41065000" lon="-80.16109667"><ele>25.963</ele><time>2026-07-24T18:16:24Z</time><speed>0.000</speed><sat>15</sat></trkpt>
  <trkpt lat="26.41065000" lon="-80.16109667"><ele>25.963</ele><time>2026-07-24T18:16:25Z</time><speed>0.000</speed><sat>15</sat></trkpt>
  <trkpt lat="26.41065000" lon="-80.16109667"><ele>25.963</ele><time>2026-07-24T18:16:26Z</time><speed>0.000</speed><sat>15</sat></trkpt>
  <trkpt lat="26.41065000" lon="-80.16109667"><ele>25.963</ele><time>2026-07-24T18:16:27Z</time><speed>0.000</speed><sat>16</sat></trkpt>
  <trkpt lat="26.41065000" lon="-80.16109667"><ele>25.963</ele><time>2026-07-24T18:16:28Z</time><speed>0.000</speed><sat>16</sat></trkpt>
  <trkpt lat="26.41065000" lon="-80.16109667"><ele>25.963</ele><time>2026-07-24T18:16:29Z</time><speed>0.000</speed><sat>16</sat></trkpt>
  <trkpt lat="26.41065000" lon="-80.16109667"><ele>25.963</ele><time>2026-07-24T18:16:30Z</time><speed>0.000</speed><sat>16</sat></trkpt>
  <trkpt lat="26.41065000" lon="-80.16109667"><ele>25.963</ele><time>2026-07-24T18:16:31Z</time><speed>0.000</speed><sat>16</sat></trkpt>
  <trkpt lat="26.41065000" lon="-80.16109667"><ele>25.963</ele><time>2026-07-24T18:16:32Z</time><speed>0.000</speed><sat>16</sat></trkpt>
  <trkpt lat="26.41065000" lon="-80.16109667"><ele>25.963</ele><time>2026-07-24T18:16:33Z</time><speed>0.000</speed><sat>16</sat></trkpt>
  <trkpt lat="26.41065000" lon="-80.16109667"><ele>25.963</ele><time>2026-07-24T18:16:34Z</time><speed>0.000</speed><sat>16</sat></trkpt>
  <trkpt lat="26.41065000" lon="-80.16109667"><ele>25.963</ele><time>2026-07-24T18:16:35Z</time><speed>0.000</speed><sat>16</sat></trkpt>
  <trkpt lat="26.41065000" lon="-80.16109667"><ele>25.963</ele><time>2026-07-24T18:16:36Z</time><speed>0.000</speed><sat>16</sat></trkpt>
  <trkpt lat="26.41065000" lon="-80.16109667"><ele>25.963</ele><time>2026-07-24T18:16:37Z</time><speed>0.000</speed><sat>16</sat></trkpt>
  <trkpt lat="26.41065000" lon="-80.16109667"><ele>25.963</ele><time>2026-07-24T18:16:38Z</time><speed>0.000</speed><sat>16</sat></trkpt>
  <trkpt lat="26.41065000" lon="-80.16109667"><ele>25.963</ele><time>2026-07-24T18:16:39Z</time><speed>0.000</speed><sat>16</sat></trkpt>
  <trkpt lat="26.41065000" lon="-80.16109667"><ele>25.963</ele><time>2026-07-24T18:16:40Z</time><speed>0.000</speed><sat>16</sat></trkpt>
  <trkpt lat="26.41065000" lon="-80.16109667"><ele>25.963</ele><time>2026-07-24T18:16:41Z</time><speed>0.000</speed><sat>16</sat></trkpt>
  <trkpt lat="26.41065000" lon="-80.16109667"><ele>25.963</ele><time>2026-07-24T18:16:42Z</time><speed>0.000</speed><sat>16</sat></trkpt>
  <trkpt lat="26.41065000" lon="-80.16109667"><ele>25.963</ele><time>2026-07-24T18:16:43Z</time><speed>0.000</speed><sat>16</sat></trkpt>
  <trkpt lat="26.41065000" lon="-80.16109667"><ele>25.963</ele><time>2026-07-24T18:16:44Z</time><speed>0.000</speed><sat>16</sat></trkpt>
  <trkpt lat="26.41065000" lon="-80.16109667"><ele>25.963</ele><time>2026-07-24T18:16:45Z</time><speed>0.000</speed><sat>16</sat></trkpt>
  <trkpt lat="26.41065000" lon="-80.16109667"><ele>25.963</ele><time>2026-07-24T18:16:46Z</time><speed>0.000</speed><sat>16</sat></trkpt>
  <trkpt lat="26.41065000" lon="-80.16109667"><ele>25.963</ele><time>2026-07-24T18:16:47Z</time><speed>0.000</speed><sat>16</sat></trkpt>
  <trkpt lat="26.41065000" lon="-80.16109667"><ele>25.963</ele><time>2026-07-24T18:16:48Z</time><speed>0.000</speed><sat>16</sat></trkpt>
  <trkpt lat="26.41065000" lon="-80.16109667"><ele>25.963</ele><time>2026-07-24T18:16:49Z</time><speed>0.000</speed><sat>16</sat></trkpt>
  <trkpt lat="26.41065000" lon="-80.16109667"><ele>25.963</ele><time>2026-07-24T18:16:50Z</time><speed>0.000</speed><sat>16</sat></trkpt>
  <trkpt lat="26.41065000" lon="-80.16109667"><ele>25.963</ele><time>2026-07-24T18:16:51Z</time><speed>0.000</speed><sat>16</sat></trkpt>
  <trkpt lat="26.41065000" lon="-80.16109667"><ele>25.963</ele><time>2026-07-24T18:16:52Z</time><speed>0.000</speed><sat>16</sat></trkpt>
  <trkpt lat="26.41065000" lon="-80.16109667"><ele>25.963</ele><time>2026-07-24T18:16:53Z</time><speed>0.000</speed><sat>16</sat></trkpt>
  <trkpt lat="26.41065000" lon="-80.16109667"><ele>25.963</ele><time>2026-07-24T18:16:54Z</time><speed>0.000</speed><sat>16</sat></trkpt>
  <trkpt lat="26.41065000" lon="-80.16109667"><ele>25.963</ele><time>2026-07-24T18:16:55Z</time><speed>0.000</speed><sat>16</sat></trkpt>
  <trkpt lat="26.41065000" lon="-80.16109667"><ele>25.963</ele><time>2026-07-24T18:16:56Z</time><speed>0.000</speed><sat>16</sat></trkpt>
  <trkpt lat="26.41065000" lon="-80.16109667"><ele>25.963</ele><time>2026-07-24T18:16:57Z</time><speed>0.000</speed><sat>16</sat></trkpt>
  <trkpt lat="26.41065000" lon="-80.16109667"><ele>25.963</ele><time>2026-07-24T18:16:58Z</time><speed>0.000</speed><sat>16</sat></trkpt>
  <trkpt lat="26.41065000" lon="-80.16109667"><ele>25.963</ele><time>2026-07-24T18:16:59Z</time><speed>0.000</speed><sat>16</sat></trkpt>
  <trkpt lat="26.41065000" lon="-80.16109667"><ele>25.963</ele><time>2026-07-24T18:17:00Z</time><speed>0.000</speed><sat>16</sat></trkpt>
  <trkpt lat="26.41065000" lon="-80.16109667"><ele>25.963</ele><time>2026-07-24T18:17:01Z</time><speed>0.000</speed><sat>16</sat></trkpt>
  <trkpt lat="26.41065000" lon="-80.16109667"><ele>25.963</ele><time>2026-07-24T18:17:02Z</time><speed>0.000</speed><sat>16</sat></trkpt>
  <trkpt lat="26.41065000" lon="-80.16109667"><ele>25.963</ele><time>2026-07-24T18:17:03Z</time><speed>0.000</speed><sat>16</sat></trkpt>
  <trkpt lat="26.41065000" lon="-80.16109667"><ele>25.963</ele><time>2026-07-24T18:17:04Z</time><speed>0.000</speed><sat>16</sat></trkpt>
  <trkpt lat="26.41065000" lon="-80.16109667"><ele>25.963</ele><time>2026-07-24T18:17:05Z</time><speed>0.000</speed><sat>16</sat></trkpt>
  <trkpt lat="26.41065000" lon="-80.16109667"><ele>25.963</ele><time>2026-07-24T18:17:06Z</time><speed>0.000</speed><sat>16</sat></trkpt>
  <trkpt lat="26.41065000" lon="-80.16109667"><ele>25.963</ele><time>2026-07-24T18:17:07Z</time><speed>0.000</speed><sat>16</sat></trkpt>
  <trkpt lat="26.41065000" lon="-80.16109667"><ele>25.963</ele><time>2026-07-24T18:17:08Z</time><speed>0.000</speed><sat>16</sat></trkpt>
  <trkpt lat="26.41065000" lon="-80.16109667"><ele>25.963</ele><time>2026-07-24T18:17:09Z</time><speed>0.000</speed><sat>16</sat></trkpt>
  <trkpt lat="26.41065000" lon="-80.16109667"><ele>25.963</ele><time>2026-07-24T18:17:10Z</time><speed>0.000</speed><sat>16</sat></trkpt>
  <trkpt lat="26.41065000" lon="-80.16109667"><ele>25.963</ele><time>2026-07-24T18:17:11Z</time><speed>0.000</speed><sat>16</sat></trkpt>
  <trkpt lat="26.41065000" lon="-80.16109667"><ele>25.963</ele><time>2026-07-24T18:17:12Z</time><speed>0.000</speed><sat>16</sat></trkpt>
  <trkpt lat="26.41065000" lon="-80.16109667"><ele>25.963</ele><time>2026-07-24T18:17:13Z</time><speed>0.000</speed><sat>16</sat></trkpt>
  <trkpt lat="26.41065000" lon="-80.16109667"><ele>25.963</ele><time>2026-07-24T18:17:14Z</time><speed>0.000</speed><sat>16</sat></trkpt>
  <trkpt lat="26.41065000" lon="-80.16109667"><ele>25.963</ele><time>2026-07-24T18:17:15Z</time><speed>0.000</speed><sat>16</sat></trkpt>
  <trkpt lat="26.41065000" lon="-80.16109667"><ele>25.963</ele><time>2026-07-24T18:17:16Z</time><speed>0.000</speed><sat>16</sat></trkpt>
  <trkpt lat="26.41065000" lon="-80.16109667"><ele>25.963</ele><time>2026-07-24T18:17:17Z</time><speed>0.000</speed><sat>16</sat></trkpt>
  <trkpt lat="26.41065000" lon="-80.16109667"><ele>25.963</ele><time>2026-07-24T18:17:18Z</time><speed>0.000</speed><sat>16</sat></trkpt>
  <trkpt lat="26.41065000" lon="-80.16109667"><ele>25.963</ele><time>2026-07-24T18:17:19Z</time><speed>0.000</speed><sat>16</sat></trkpt>
  <trkpt lat="26.41065000" lon="-80.16109667"><ele>25.963</ele><time>2026-07-24T18:17:20Z</time><speed>0.000</speed><sat>16</sat></trkpt>
  <trkpt lat="26.41065000" lon="-80.16109667"><ele>25.963</ele><time>2026-07-24T18:17:21Z</time><speed>0.000</speed><sat>16</sat></trkpt>
  <trkpt lat="26.41065000" lon="-80.16109667"><ele>25.963</ele><time>2026-07-24T18:17:22Z</time><speed>0.000</speed><sat>16</sat></trkpt>
  <trkpt lat="26.41065000" lon="-80.16109667"><ele>25.963</ele><time>2026-07-24T18:17:23Z</time><speed>0.000</speed><sat>16</sat></trkpt>
  <trkpt lat="26.41065000" lon="-80.16109667"><ele>25.963</ele><time>2026-07-24T18:17:24Z</time><speed>0.000</speed><sat>16</sat></trkpt>
  <trkpt lat="26.41065000" lon="-80.16109667"><ele>25.963</ele><time>2026-07-24T18:17:25Z</time><speed>0.000</speed><sat>16</sat></trkpt>
  <trkpt lat="26.41065000" lon="-80.16109667"><ele>25.963</ele><time>2026-07-24T18:17:26Z</time><speed>0.000</speed><sat>16</sat></trkpt>
  <trkpt lat="26.41065000" lon="-80.16109667"><ele>25.963</ele><time>2026-07-24T18:17:27Z</time><speed>0.000</speed><sat>15</sat></trkpt>
 </trkseg>
</trk>

</gpx>
 