<?xml version="1.0" encoding="UTF-8"?>
<!-- Created with BasicAirData GPS Logger for Android - ver. 3.3.0 -->
<!-- Track 14 = 736 TrackPoints + 5 Placemarks -->

<!-- Track Statistics (based on Total Time | Time in Movement): -->
<!--  Distance = 3.45 km -->
<!--  Duration = 12:15 | 09:44 -->
<!--  Altitude Gap = 3 m -->
<!--  Max Speed = 20 mph -->
<!--  Avg Speed = 10.5 | 13.2 mph -->
<!--  Direction = WSW -->
<!--  Activity = cycling -->
<!--  Altitudes = Corrected using EGM96 grid (bilinear interpolation) -->

<gpx version="1.0"
     creator="BasicAirData GPS Logger 3.3.0"
     xmlns="http://www.topografix.com/GPX/1/0"
     xmlns:xsi="http://www.w3.org/2001/XMLSchema-instance"
     xsi:schemaLocation="http://www.topografix.com/GPX/1/0 http://www.topografix.com/GPX/1/0/gpx.xsd">
<name>GPS Logger 20260724-112247</name>
<desc>ST2-3</desc>
<time>2026-07-25T02:04:57Z</time>
<keywords>cycling</keywords>
<bounds minlat="26.41622833" minlon="-80.17017333" maxlat="26.42368833" maxlon="-80.15276000" />

<wpt lat="26.42368833" lon="-80.15282500"><ele>7.004</ele><time>2026-07-24T15:22:51Z</time><name>Station2</name><sat>16</sat></wpt>

<wpt lat="26.42080000" lon="-80.16329000"><ele>1.560</ele><time>2026-07-24T15:28:30Z</time><name>Int13</name><sat>17</sat></wpt>

<wpt lat="26.42040333" lon="-80.16474833"><ele>0.153</ele><time>2026-07-24T15:29:08Z</time><name>Int14</name><sat>17</sat></wpt>

<wpt lat="26.41736667" lon="-80.16767167"><ele>12.840</ele><time>2026-07-24T15:33:28Z</time><name>Int15</name><sat>15</sat></wpt>

<wpt lat="26.41654667" lon="-80.17014000"><ele>9.829</ele><time>2026-07-24T15:34:55Z</time><name>Station3</name><sat>15</sat></wpt>

<trk>
 <name>Track 20260724-112247</name>
 <trkseg>
  <trkpt lat="26.42368833" lon="-80.15282500"><ele>7.004</ele><time>2026-07-24T15:22:47Z</time><speed>0.000</speed><sat>16</sat></trkpt>
  <trkpt lat="26.42368833" lon="-80.15282500"><ele>7.004</ele><time>2026-07-24T15:22:48Z</time><speed>0.000</speed><sat>16</sat></trkpt>
  <trkpt lat="26.42368833" lon="-80.15282500"><ele>7.004</ele><time>2026-07-24T15:22:49Z</time><speed>0.000</speed><sat>16</sat></trkpt>
  <trkpt lat="26.42368833" lon="-80.15282500"><ele>7.004</ele><time>2026-07-24T15:22:50Z</time><speed>0.000</speed><sat>16</sat></trkpt>
  <trkpt lat="26.42368833" lon="-80.15282500"><ele>7.004</ele><time>2026-07-24T15:22:51Z</time><speed>0.000</speed><sat>16</sat></trkpt>
  <trkpt lat="26.42368833" lon="-80.15282500"><ele>7.004</ele><time>2026-07-24T15:22:52Z</time><speed>0.000</speed><sat>16</sat></trkpt>
  <trkpt lat="26.42368833" lon="-80.15282500"><ele>7.004</ele><time>2026-07-24T15:22:53Z</time><speed>0.000</speed><sat>16</sat></trkpt>
  <trkpt lat="26.42368833" lon="-80.15282500"><ele>7.004</ele><time>2026-07-24T15:22:54Z</time><speed>0.000</speed><sat>16</sat></trkpt>
  <trkpt lat="26.42368833" lon="-80.15282500"><ele>7.004</ele><time>2026-07-24T15:22:55Z</time><speed>0.000</speed><sat>16</sat></trkpt>
  <trkpt lat="26.42368833" lon="-80.15282500"><ele>7.004</ele><time>2026-07-24T15:22:56Z</time><speed>0.000</speed><sat>16</sat></trkpt>
  <trkpt lat="26.42368833" lon="-80.15282500"><ele>7.004</ele><time>2026-07-24T15:22:57Z</time><speed>0.000</speed><sat>15</sat></trkpt>
  <trkpt lat="26.42368833" lon="-80.15282500"><ele>7.004</ele><time>2026-07-24T15:22:58Z</time><speed>0.000</speed><sat>15</sat></trkpt>
  <trkpt lat="26.42368833" lon="-80.15282500"><ele>7.004</ele><time>2026-07-24T15:22:59Z</time><speed>0.000</speed><sat>15</sat></trkpt>
  <trkpt lat="26.42368833" lon="-80.15282500"><ele>7.004</ele><time>2026-07-24T15:23:00Z</time><speed>0.000</speed><sat>16</sat></trkpt>
  <trkpt lat="26.42368833" lon="-80.15282500"><ele>7.004</ele><time>2026-07-24T15:23:01Z</time><speed>0.000</speed><sat>16</sat></trkpt>
  <trkpt lat="26.42368833" lon="-80.15282500"><ele>7.004</ele><time>2026-07-24T15:23:02Z</time><speed>0.000</speed><sat>16</sat></trkpt>
  <trkpt lat="26.42367833" lon="-80.15282333"><ele>8.204</ele><time>2026-07-24T15:23:03Z</time><speed>0.273</speed><sat>16</sat></trkpt>
  <trkpt lat="26.42366833" lon="-80.15281833"><ele>8.304</ele><time>2026-07-24T15:23:04Z</time><speed>0.333</speed><sat>16</sat></trkpt>
  <trkpt lat="26.42366333" lon="-80.15282000"><ele>8.304</ele><time>2026-07-24T15:23:05Z</time><speed>0.000</speed><sat>16</sat></trkpt>
  <trkpt lat="26.42366167" lon="-80.15281500"><ele>8.204</ele><time>2026-07-24T15:23:06Z</time><speed>0.000</speed><sat>16</sat></trkpt>
  <trkpt lat="26.42366500" lon="-80.15281500"><ele>8.004</ele><time>2026-07-24T15:23:07Z</time><speed>0.000</speed><sat>16</sat></trkpt>
  <trkpt lat="26.42366667" lon="-80.15282000"><ele>7.604</ele><time>2026-07-24T15:23:08Z</time><speed>0.432</speed><sat>16</sat></trkpt>
  <trkpt lat="26.42367000" lon="-80.15282667"><ele>7.304</ele><time>2026-07-24T15:23:09Z</time><speed>0.450</speed><sat>16</sat></trkpt>
  <trkpt lat="26.42367333" lon="-80.15283333"><ele>7.104</ele><time>2026-07-24T15:23:10Z</time><speed>0.469</speed><sat>16</sat></trkpt>
  <trkpt lat="26.42367333" lon="-80.15283833"><ele>7.104</ele><time>2026-07-24T15:23:11Z</time><speed>0.458</speed><sat>16</sat></trkpt>
  <trkpt lat="26.42367333" lon="-80.15283667"><ele>6.904</ele><time>2026-07-24T15:23:12Z</time><speed>0.401</speed><sat>14</sat></trkpt>
  <trkpt lat="26.42367333" lon="-80.15283667"><ele>6.904</ele><time>2026-07-24T15:23:13Z</time><speed>0.000</speed><sat>15</sat></trkpt>
  <trkpt lat="26.42367333" lon="-80.15283333"><ele>6.804</ele><time>2026-07-24T15:23:14Z</time><speed>0.000</speed><sat>15</sat></trkpt>
  <trkpt lat="26.42367333" lon="-80.15283167"><ele>6.804</ele><time>2026-07-24T15:23:15Z</time><speed>0.000</speed><sat>14</sat></trkpt>
  <trkpt lat="26.42367333" lon="-80.15283167"><ele>6.804</ele><time>2026-07-24T15:23:16Z</time><speed>0.000</speed><sat>15</sat></trkpt>
  <trkpt lat="26.42367333" lon="-80.15283167"><ele>6.804</ele><time>2026-07-24T15:23:17Z</time><speed>0.000</speed><sat>15</sat></trkpt>
  <trkpt lat="26.42367333" lon="-80.15283167"><ele>6.804</ele><time>2026-07-24T15:23:18Z</time><speed>0.000</speed><sat>14</sat></trkpt>
  <trkpt lat="26.42367333" lon="-80.15283167"><ele>6.804</ele><time>2026-07-24T15:23:19Z</time><speed>0.000</speed><sat>14</sat></trkpt>
  <trkpt lat="26.42367333" lon="-80.15283167"><ele>6.804</ele><time>2026-07-24T15:23:20Z</time><speed>0.000</speed><sat>14</sat></trkpt>
  <trkpt lat="26.42367333" lon="-80.15283167"><ele>6.804</ele><time>2026-07-24T15:23:21Z</time><speed>0.000</speed><sat>14</sat></trkpt>
  <trkpt lat="26.42367333" lon="-80.15283167"><ele>6.804</ele><time>2026-07-24T15:23:22Z</time><speed>0.000</speed><sat>13</sat></trkpt>
  <trkpt lat="26.42367333" lon="-80.15283167"><ele>6.804</ele><time>2026-07-24T15:23:23Z</time><speed>0.000</speed><sat>12</sat></trkpt>
  <trkpt lat="26.42367333" lon="-80.15283167"><ele>6.804</ele><time>2026-07-24T15:23:24Z</time><speed>0.000</speed><sat>12</sat></trkpt>
  <trkpt lat="26.42367333" lon="-80.15283167"><ele>6.804</ele><time>2026-07-24T15:23:25Z</time><speed>0.000</speed><sat>13</sat></trkpt>
  <trkpt lat="26.42367333" lon="-80.15283167"><ele>6.804</ele><time>2026-07-24T15:23:26Z</time><speed>0.000</speed><sat>13</sat></trkpt>
  <trkpt lat="26.42367333" lon="-80.15283167"><ele>6.804</ele><time>2026-07-24T15:23:27Z</time><speed>0.000</speed><sat>13</sat></trkpt>
  <trkpt lat="26.42367333" lon="-80.15283167"><ele>6.804</ele><time>2026-07-24T15:23:28Z</time><speed>0.000</speed><sat>14</sat></trkpt>
  <trkpt lat="26.42367333" lon="-80.15283167"><ele>6.804</ele><time>2026-07-24T15:23:29Z</time><speed>0.000</speed><sat>14</sat></trkpt>
  <trkpt lat="26.42367333" lon="-80.15283167"><ele>6.804</ele><time>2026-07-24T15:23:30Z</time><speed>0.000</speed><sat>14</sat></trkpt>
  <trkpt lat="26.42367333" lon="-80.15283167"><ele>6.804</ele><time>2026-07-24T15:23:31Z</time><speed>0.000</speed><sat>15</sat></trkpt>
  <trkpt lat="26.42367333" lon="-80.15283167"><ele>6.804</ele><time>2026-07-24T15:23:32Z</time><speed>0.000</speed><sat>16</sat></trkpt>
  <trkpt lat="26.42367333" lon="-80.15283167"><ele>6.804</ele><time>2026-07-24T15:23:33Z</time><speed>0.000</speed><sat>17</sat></trkpt>
  <trkpt lat="26.42367333" lon="-80.15283167"><ele>6.804</ele><time>2026-07-24T15:23:34Z</time><speed>0.000</speed><sat>17</sat></trkpt>
  <trkpt lat="26.42367333" lon="-80.15283167"><ele>6.804</ele><time>2026-07-24T15:23:35Z</time><speed>0.000</speed><sat>17</sat></trkpt>
  <trkpt lat="26.42367333" lon="-80.15283167"><ele>6.804</ele><time>2026-07-24T15:23:36Z</time><speed>0.000</speed><sat>17</sat></trkpt>
  <trkpt lat="26.42367333" lon="-80.15283167"><ele>6.804</ele><time>2026-07-24T15:23:37Z</time><speed>0.000</speed><sat>17</sat></trkpt>
  <trkpt lat="26.42367333" lon="-80.15283167"><ele>6.804</ele><time>2026-07-24T15:23:38Z</time><speed>0.000</speed><sat>17</sat></trkpt>
  <trkpt lat="26.42367333" lon="-80.15283167"><ele>6.804</ele><time>2026-07-24T15:23:39Z</time><speed>0.000</speed><sat>16</sat></trkpt>
  <trkpt lat="26.42364500" lon="-80.15280833"><ele>7.304</ele><time>2026-07-24T15:23:40Z</time><speed>0.284</speed><sat>16</sat></trkpt>
  <trkpt lat="26.42363333" lon="-80.15280833"><ele>7.404</ele><time>2026-07-24T15:23:41Z</time><speed>0.403</speed><sat>17</sat></trkpt>
  <trkpt lat="26.42362500" lon="-80.15281167"><ele>7.604</ele><time>2026-07-24T15:23:42Z</time><speed>0.510</speed><sat>17</sat></trkpt>
  <trkpt lat="26.42361833" lon="-80.15281833"><ele>7.704</ele><time>2026-07-24T15:23:43Z</time><speed>0.590</speed><sat>18</sat></trkpt>
  <trkpt lat="26.42361167" lon="-80.15281833"><ele>7.704</ele><time>2026-07-24T15:23:44Z</time><speed>0.666</speed><sat>18</sat></trkpt>
  <trkpt lat="26.42360167" lon="-80.15281833"><ele>8.204</ele><time>2026-07-24T15:23:45Z</time><speed>0.738</speed><sat>18</sat></trkpt>
  <trkpt lat="26.42359167" lon="-80.15282000"><ele>8.904</ele><time>2026-07-24T15:23:46Z</time><speed>0.922</speed><sat>18</sat></trkpt>
  <trkpt lat="26.42356667" lon="-80.15282000"><ele>9.004</ele><time>2026-07-24T15:23:47Z</time><speed>1.055</speed><sat>18</sat></trkpt>
  <trkpt lat="26.42354500" lon="-80.15281333"><ele>9.204</ele><time>2026-07-24T15:23:48Z</time><speed>1.252</speed><sat>18</sat></trkpt>
  <trkpt lat="26.42353333" lon="-80.15280833"><ele>9.404</ele><time>2026-07-24T15:23:49Z</time><speed>1.348</speed><sat>17</sat></trkpt>
  <trkpt lat="26.42352833" lon="-80.15280000"><ele>9.604</ele><time>2026-07-24T15:23:50Z</time><speed>1.320</speed><sat>18</sat></trkpt>
  <trkpt lat="26.42352333" lon="-80.15278667"><ele>9.604</ele><time>2026-07-24T15:23:51Z</time><speed>1.363</speed><sat>18</sat></trkpt>
  <trkpt lat="26.42352000" lon="-80.15276833"><ele>9.404</ele><time>2026-07-24T15:23:52Z</time><speed>1.399</speed><sat>18</sat></trkpt>
  <trkpt lat="26.42351833" lon="-80.15276500"><ele>9.104</ele><time>2026-07-24T15:23:53Z</time><speed>1.387</speed><sat>18</sat></trkpt>
  <trkpt lat="26.42351667" lon="-80.15276000"><ele>9.004</ele><time>2026-07-24T15:23:54Z</time><speed>1.330</speed><sat>18</sat></trkpt>
  <trkpt lat="26.42351167" lon="-80.15276500"><ele>8.904</ele><time>2026-07-24T15:23:55Z</time><speed>1.319</speed><sat>18</sat></trkpt>
  <trkpt lat="26.42350500" lon="-80.15277667"><ele>8.904</ele><time>2026-07-24T15:23:56Z</time><speed>1.242</speed><sat>18</sat></trkpt>
  <trkpt lat="26.42349167" lon="-80.15278833"><ele>9.104</ele><time>2026-07-24T15:23:57Z</time><speed>1.217</speed><sat>18</sat></trkpt>
  <trkpt lat="26.42347667" lon="-80.15279833"><ele>9.104</ele><time>2026-07-24T15:23:58Z</time><speed>1.167</speed><sat>18</sat></trkpt>
  <trkpt lat="26.42345667" lon="-80.15281167"><ele>8.604</ele><time>2026-07-24T15:23:59Z</time><speed>1.211</speed><sat>18</sat></trkpt>
  <trkpt lat="26.42344000" lon="-80.15282333"><ele>8.604</ele><time>2026-07-24T15:24:00Z</time><speed>1.271</speed><sat>18</sat></trkpt>
  <trkpt lat="26.42343167" lon="-80.15283500"><ele>8.204</ele><time>2026-07-24T15:24:01Z</time><speed>1.280</speed><sat>18</sat></trkpt>
  <trkpt lat="26.42341833" lon="-80.15284833"><ele>7.504</ele><time>2026-07-24T15:24:02Z</time><speed>1.345</speed><sat>18</sat></trkpt>
  <trkpt lat="26.42340000" lon="-80.15286500"><ele>7.404</ele><time>2026-07-24T15:24:03Z</time><speed>1.513</speed><sat>18</sat></trkpt>
  <trkpt lat="26.42338667" lon="-80.15288333"><ele>7.004</ele><time>2026-07-24T15:24:04Z</time><speed>1.701</speed><sat>18</sat></trkpt>
  <trkpt lat="26.42337667" lon="-80.15289833"><ele>6.504</ele><time>2026-07-24T15:24:05Z</time><speed>1.837</speed><sat>18</sat></trkpt>
  <trkpt lat="26.42336667" lon="-80.15291667"><ele>6.004</ele><time>2026-07-24T15:24:06Z</time><speed>1.938</speed><sat>17</sat></trkpt>
  <trkpt lat="26.42335667" lon="-80.15293667"><ele>6.104</ele><time>2026-07-24T15:24:07Z</time><speed>2.007</speed><sat>18</sat></trkpt>
  <trkpt lat="26.42334167" lon="-80.15295333"><ele>6.304</ele><time>2026-07-24T15:24:08Z</time><speed>2.011</speed><sat>18</sat></trkpt>
  <trkpt lat="26.42332833" lon="-80.15297333"><ele>6.503</ele><time>2026-07-24T15:24:09Z</time><speed>2.010</speed><sat>18</sat></trkpt>
  <trkpt lat="26.42332000" lon="-80.15300000"><ele>6.203</ele><time>2026-07-24T15:24:10Z</time><speed>2.127</speed><sat>18</sat></trkpt>
  <trkpt lat="26.42331167" lon="-80.15302500"><ele>6.103</ele><time>2026-07-24T15:24:11Z</time><speed>2.253</speed><sat>17</sat></trkpt>
  <trkpt lat="26.42330167" lon="-80.15304667"><ele>6.003</ele><time>2026-07-24T15:24:12Z</time><speed>2.318</speed><sat>18</sat></trkpt>
  <trkpt lat="26.42329167" lon="-80.15307500"><ele>5.703</ele><time>2026-07-24T15:24:13Z</time><speed>2.371</speed><sat>17</sat></trkpt>
  <trkpt lat="26.42328167" lon="-80.15310000"><ele>5.503</ele><time>2026-07-24T15:24:14Z</time><speed>2.421</speed><sat>17</sat></trkpt>
  <trkpt lat="26.42327167" lon="-80.15313000"><ele>5.703</ele><time>2026-07-24T15:24:15Z</time><speed>2.476</speed><sat>16</sat></trkpt>
  <trkpt lat="26.42326000" lon="-80.15315333"><ele>5.403</ele><time>2026-07-24T15:24:16Z</time><speed>2.496</speed><sat>16</sat></trkpt>
  <trkpt lat="26.42324667" lon="-80.15316833"><ele>5.403</ele><time>2026-07-24T15:24:17Z</time><speed>2.531</speed><sat>16</sat></trkpt>
  <trkpt lat="26.42322833" lon="-80.15318333"><ele>5.403</ele><time>2026-07-24T15:24:18Z</time><speed>2.603</speed><sat>16</sat></trkpt>
  <trkpt lat="26.42320833" lon="-80.15319833"><ele>4.902</ele><time>2026-07-24T15:24:19Z</time><speed>2.678</speed><sat>16</sat></trkpt>
  <trkpt lat="26.42319167" lon="-80.15320500"><ele>4.302</ele><time>2026-07-24T15:24:20Z</time><speed>2.697</speed><sat>16</sat></trkpt>
  <trkpt lat="26.42316833" lon="-80.15321500"><ele>3.302</ele><time>2026-07-24T15:24:21Z</time><speed>2.606</speed><sat>16</sat></trkpt>
  <trkpt lat="26.42315000" lon="-80.15321167"><ele>3.102</ele><time>2026-07-24T15:24:22Z</time><speed>2.522</speed><sat>16</sat></trkpt>
  <trkpt lat="26.42313500" lon="-80.15320833"><ele>2.802</ele><time>2026-07-24T15:24:23Z</time><speed>2.364</speed><sat>15</sat></trkpt>
  <trkpt lat="26.42312500" lon="-80.15320167"><ele>2.602</ele><time>2026-07-24T15:24:24Z</time><speed>2.248</speed><sat>15</sat></trkpt>
  <trkpt lat="26.42311667" lon="-80.15319667"><ele>2.702</ele><time>2026-07-24T15:24:25Z</time><speed>2.126</speed><sat>15</sat></trkpt>
  <trkpt lat="26.42310500" lon="-80.15319667"><ele>2.702</ele><time>2026-07-24T15:24:26Z</time><speed>2.018</speed><sat>16</sat></trkpt>
  <trkpt lat="26.42309167" lon="-80.15319833"><ele>3.602</ele><time>2026-07-24T15:24:27Z</time><speed>1.909</speed><sat>16</sat></trkpt>
  <trkpt lat="26.42307167" lon="-80.15320000"><ele>3.602</ele><time>2026-07-24T15:24:28Z</time><speed>1.829</speed><sat>16</sat></trkpt>
  <trkpt lat="26.42305500" lon="-80.15320167"><ele>4.002</ele><time>2026-07-24T15:24:29Z</time><speed>1.746</speed><sat>16</sat></trkpt>
  <trkpt lat="26.42303833" lon="-80.15320833"><ele>4.102</ele><time>2026-07-24T15:24:30Z</time><speed>1.627</speed><sat>16</sat></trkpt>
  <trkpt lat="26.42301667" lon="-80.15320667"><ele>4.202</ele><time>2026-07-24T15:24:31Z</time><speed>1.573</speed><sat>16</sat></trkpt>
  <trkpt lat="26.42299833" lon="-80.15321000"><ele>4.402</ele><time>2026-07-24T15:24:32Z</time><speed>1.515</speed><sat>16</sat></trkpt>
  <trkpt lat="26.42297667" lon="-80.15322167"><ele>4.302</ele><time>2026-07-24T15:24:33Z</time><speed>1.532</speed><sat>16</sat></trkpt>
  <trkpt lat="26.42295667" lon="-80.15322667"><ele>4.602</ele><time>2026-07-24T15:24:34Z</time><speed>1.611</speed><sat>16</sat></trkpt>
  <trkpt lat="26.42293333" lon="-80.15322833"><ele>4.702</ele><time>2026-07-24T15:24:35Z</time><speed>1.668</speed><sat>16</sat></trkpt>
  <trkpt lat="26.42290833" lon="-80.15322500"><ele>5.302</ele><time>2026-07-24T15:24:36Z</time><speed>1.727</speed><sat>16</sat></trkpt>
  <trkpt lat="26.42288500" lon="-80.15321833"><ele>5.602</ele><time>2026-07-24T15:24:37Z</time><speed>1.815</speed><sat>15</sat></trkpt>
  <trkpt lat="26.42286167" lon="-80.15321333"><ele>6.402</ele><time>2026-07-24T15:24:38Z</time><speed>1.861</speed><sat>15</sat></trkpt>
  <trkpt lat="26.42285000" lon="-80.15320500"><ele>7.002</ele><time>2026-07-24T15:24:39Z</time><speed>1.837</speed><sat>15</sat></trkpt>
  <trkpt lat="26.42283667" lon="-80.15320833"><ele>6.602</ele><time>2026-07-24T15:24:40Z</time><speed>1.832</speed><sat>15</sat></trkpt>
  <trkpt lat="26.42282000" lon="-80.15320833"><ele>6.302</ele><time>2026-07-24T15:24:41Z</time><speed>1.823</speed><sat>16</sat></trkpt>
  <trkpt lat="26.42280667" lon="-80.15321333"><ele>6.602</ele><time>2026-07-24T15:24:42Z</time><speed>1.865</speed><sat>16</sat></trkpt>
  <trkpt lat="26.42279333" lon="-80.15321500"><ele>7.802</ele><time>2026-07-24T15:24:43Z</time><speed>1.840</speed><sat>16</sat></trkpt>
  <trkpt lat="26.42278000" lon="-80.15321500"><ele>7.802</ele><time>2026-07-24T15:24:44Z</time><speed>1.720</speed><sat>16</sat></trkpt>
  <trkpt lat="26.42277000" lon="-80.15320833"><ele>7.702</ele><time>2026-07-24T15:24:45Z</time><speed>1.585</speed><sat>16</sat></trkpt>
  <trkpt lat="26.42276167" lon="-80.15320833"><ele>8.002</ele><time>2026-07-24T15:24:46Z</time><speed>1.457</speed><sat>16</sat></trkpt>
  <trkpt lat="26.42275667" lon="-80.15321000"><ele>8.202</ele><time>2026-07-24T15:24:47Z</time><speed>1.236</speed><sat>17</sat></trkpt>
  <trkpt lat="26.42275333" lon="-80.15321000"><ele>8.602</ele><time>2026-07-24T15:24:48Z</time><speed>1.032</speed><sat>16</sat></trkpt>
  <trkpt lat="26.42274833" lon="-80.15320833"><ele>8.902</ele><time>2026-07-24T15:24:49Z</time><speed>0.901</speed><sat>16</sat></trkpt>
  <trkpt lat="26.42274167" lon="-80.15320500"><ele>9.302</ele><time>2026-07-24T15:24:50Z</time><speed>0.748</speed><sat>17</sat></trkpt>
  <trkpt lat="26.42273833" lon="-80.15320500"><ele>9.402</ele><time>2026-07-24T15:24:51Z</time><speed>0.617</speed><sat>17</sat></trkpt>
  <trkpt lat="26.42273667" lon="-80.15320500"><ele>9.502</ele><time>2026-07-24T15:24:52Z</time><speed>0.453</speed><sat>17</sat></trkpt>
  <trkpt lat="26.42273333" lon="-80.15320833"><ele>9.702</ele><time>2026-07-24T15:24:53Z</time><speed>0.000</speed><sat>16</sat></trkpt>
  <trkpt lat="26.42273167" lon="-80.15320833"><ele>9.702</ele><time>2026-07-24T15:24:54Z</time><speed>0.000</speed><sat>16</sat></trkpt>
  <trkpt lat="26.42272833" lon="-80.15320667"><ele>9.702</ele><time>2026-07-24T15:24:55Z</time><speed>0.000</speed><sat>16</sat></trkpt>
  <trkpt lat="26.42272833" lon="-80.15320667"><ele>9.702</ele><time>2026-07-24T15:24:56Z</time><speed>0.000</speed><sat>16</sat></trkpt>
  <trkpt lat="26.42272833" lon="-80.15320667"><ele>9.702</ele><time>2026-07-24T15:24:57Z</time><speed>0.000</speed><sat>16</sat></trkpt>
  <trkpt lat="26.42272833" lon="-80.15320667"><ele>9.702</ele><time>2026-07-24T15:24:58Z</time><speed>0.000</speed><sat>17</sat></trkpt>
  <trkpt lat="26.42272833" lon="-80.15320667"><ele>9.702</ele><time>2026-07-24T15:24:59Z</time><speed>0.000</speed><sat>17</sat></trkpt>
  <trkpt lat="26.42272833" lon="-80.15320667"><ele>9.702</ele><time>2026-07-24T15:25:00Z</time><speed>0.000</speed><sat>17</sat></trkpt>
  <trkpt lat="26.42271500" lon="-80.15320500"><ele>8.002</ele><time>2026-07-24T15:25:01Z</time><speed>0.314</speed><sat>17</sat></trkpt>
  <trkpt lat="26.42270000" lon="-80.15321333"><ele>7.602</ele><time>2026-07-24T15:25:02Z</time><speed>0.519</speed><sat>17</sat></trkpt>
  <trkpt lat="26.42269167" lon="-80.15323667"><ele>7.102</ele><time>2026-07-24T15:25:03Z</time><speed>0.773</speed><sat>17</sat></trkpt>
  <trkpt lat="26.42269000" lon="-80.15327000"><ele>7.002</ele><time>2026-07-24T15:25:04Z</time><speed>1.098</speed><sat>17</sat></trkpt>
  <trkpt lat="26.42269667" lon="-80.15330833"><ele>6.702</ele><time>2026-07-24T15:25:05Z</time><speed>1.474</speed><sat>15</sat></trkpt>
  <trkpt lat="26.42270667" lon="-80.15334667"><ele>6.502</ele><time>2026-07-24T15:25:06Z</time><speed>1.876</speed><sat>15</sat></trkpt>
  <trkpt lat="26.42270833" lon="-80.15339000"><ele>6.301</ele><time>2026-07-24T15:25:07Z</time><speed>2.309</speed><sat>16</sat></trkpt>
  <trkpt lat="26.42271000" lon="-80.15344167"><ele>5.801</ele><time>2026-07-24T15:25:08Z</time><speed>2.810</speed><sat>15</sat></trkpt>
  <trkpt lat="26.42270833" lon="-80.15349333"><ele>5.501</ele><time>2026-07-24T15:25:09Z</time><speed>3.335</speed><sat>16</sat></trkpt>
  <trkpt lat="26.42271167" lon="-80.15355000"><ele>5.301</ele><time>2026-07-24T15:25:10Z</time><speed>3.850</speed><sat>16</sat></trkpt>
  <trkpt lat="26.42271333" lon="-80.15360833"><ele>4.700</ele><time>2026-07-24T15:25:11Z</time><speed>4.310</speed><sat>16</sat></trkpt>
  <trkpt lat="26.42271667" lon="-80.15367333"><ele>4.400</ele><time>2026-07-24T15:25:12Z</time><speed>4.743</speed><sat>16</sat></trkpt>
  <trkpt lat="26.42272167" lon="-80.15374167"><ele>4.400</ele><time>2026-07-24T15:25:13Z</time><speed>5.136</speed><sat>16</sat></trkpt>
  <trkpt lat="26.42272000" lon="-80.15380333"><ele>4.100</ele><time>2026-07-24T15:25:14Z</time><speed>5.478</speed><sat>16</sat></trkpt>
  <trkpt lat="26.42271833" lon="-80.15387333"><ele>3.799</ele><time>2026-07-24T15:25:15Z</time><speed>5.789</speed><sat>16</sat></trkpt>
  <trkpt lat="26.42272000" lon="-80.15394000"><ele>3.099</ele><time>2026-07-24T15:25:16Z</time><speed>6.085</speed><sat>16</sat></trkpt>
  <trkpt lat="26.42271000" lon="-80.15401500"><ele>3.099</ele><time>2026-07-24T15:25:17Z</time><speed>7.033</speed><sat>16</sat></trkpt>
  <trkpt lat="26.42272167" lon="-80.15409333"><ele>3.198</ele><time>2026-07-24T15:25:18Z</time><speed>7.176</speed><sat>16</sat></trkpt>
  <trkpt lat="26.42272167" lon="-80.15416167"><ele>2.698</ele><time>2026-07-24T15:25:19Z</time><speed>7.199</speed><sat>16</sat></trkpt>
  <trkpt lat="26.42272167" lon="-80.15423667"><ele>3.098</ele><time>2026-07-24T15:25:20Z</time><speed>7.101</speed><sat>15</sat></trkpt>
  <trkpt lat="26.42271833" lon="-80.15431500"><ele>3.798</ele><time>2026-07-24T15:25:21Z</time><speed>7.138</speed><sat>15</sat></trkpt>
  <trkpt lat="26.42273000" lon="-80.15438667"><ele>3.697</ele><time>2026-07-24T15:25:22Z</time><speed>7.159</speed><sat>15</sat></trkpt>
  <trkpt lat="26.42273000" lon="-80.15446167"><ele>3.697</ele><time>2026-07-24T15:25:23Z</time><speed>7.347</speed><sat>15</sat></trkpt>
  <trkpt lat="26.42273667" lon="-80.15453667"><ele>4.097</ele><time>2026-07-24T15:25:24Z</time><speed>7.314</speed><sat>15</sat></trkpt>
  <trkpt lat="26.42274833" lon="-80.15460833"><ele>4.396</ele><time>2026-07-24T15:25:25Z</time><speed>7.175</speed><sat>16</sat></trkpt>
  <trkpt lat="26.42276000" lon="-80.15468167"><ele>4.396</ele><time>2026-07-24T15:25:26Z</time><speed>7.422</speed><sat>16</sat></trkpt>
  <trkpt lat="26.42277500" lon="-80.15475333"><ele>4.096</ele><time>2026-07-24T15:25:27Z</time><speed>7.457</speed><sat>16</sat></trkpt>
  <trkpt lat="26.42278500" lon="-80.15482333"><ele>3.696</ele><time>2026-07-24T15:25:28Z</time><speed>7.721</speed><sat>16</sat></trkpt>
  <trkpt lat="26.42279167" lon="-80.15490000"><ele>3.495</ele><time>2026-07-24T15:25:29Z</time><speed>7.880</speed><sat>16</sat></trkpt>
  <trkpt lat="26.42280000" lon="-80.15497833"><ele>3.895</ele><time>2026-07-24T15:25:30Z</time><speed>7.607</speed><sat>16</sat></trkpt>
  <trkpt lat="26.42280667" lon="-80.15505500"><ele>3.795</ele><time>2026-07-24T15:25:31Z</time><speed>7.745</speed><sat>16</sat></trkpt>
  <trkpt lat="26.42281833" lon="-80.15513500"><ele>3.694</ele><time>2026-07-24T15:25:32Z</time><speed>7.879</speed><sat>16</sat></trkpt>
  <trkpt lat="26.42283500" lon="-80.15521333"><ele>3.594</ele><time>2026-07-24T15:25:33Z</time><speed>7.711</speed><sat>16</sat></trkpt>
  <trkpt lat="26.42286333" lon="-80.15529833"><ele>3.494</ele><time>2026-07-24T15:25:34Z</time><speed>7.812</speed><sat>16</sat></trkpt>
  <trkpt lat="26.42288500" lon="-80.15538167"><ele>3.793</ele><time>2026-07-24T15:25:35Z</time><speed>7.676</speed><sat>16</sat></trkpt>
  <trkpt lat="26.42290000" lon="-80.15546333"><ele>4.393</ele><time>2026-07-24T15:25:36Z</time><speed>7.957</speed><sat>16</sat></trkpt>
  <trkpt lat="26.42291667" lon="-80.15553667"><ele>4.593</ele><time>2026-07-24T15:25:37Z</time><speed>7.846</speed><sat>16</sat></trkpt>
  <trkpt lat="26.42293500" lon="-80.15560500"><ele>5.092</ele><time>2026-07-24T15:25:38Z</time><speed>7.435</speed><sat>16</sat></trkpt>
  <trkpt lat="26.42294667" lon="-80.15568500"><ele>5.192</ele><time>2026-07-24T15:25:39Z</time><speed>7.790</speed><sat>16</sat></trkpt>
  <trkpt lat="26.42294833" lon="-80.15576167"><ele>4.792</ele><time>2026-07-24T15:25:40Z</time><speed>7.784</speed><sat>15</sat></trkpt>
  <trkpt lat="26.42295500" lon="-80.15584167"><ele>4.991</ele><time>2026-07-24T15:25:41Z</time><speed>7.778</speed><sat>16</sat></trkpt>
  <trkpt lat="26.42296000" lon="-80.15592000"><ele>5.391</ele><time>2026-07-24T15:25:42Z</time><speed>7.661</speed><sat>16</sat></trkpt>
  <trkpt lat="26.42296333" lon="-80.15599667"><ele>5.691</ele><time>2026-07-24T15:25:43Z</time><speed>7.697</speed><sat>16</sat></trkpt>
  <trkpt lat="26.42297000" lon="-80.15607333"><ele>6.190</ele><time>2026-07-24T15:25:44Z</time><speed>7.668</speed><sat>16</sat></trkpt>
  <trkpt lat="26.42297167" lon="-80.15615167"><ele>6.290</ele><time>2026-07-24T15:25:45Z</time><speed>7.675</speed><sat>16</sat></trkpt>
  <trkpt lat="26.42297667" lon="-80.15622500"><ele>5.990</ele><time>2026-07-24T15:25:46Z</time><speed>7.666</speed><sat>16</sat></trkpt>
  <trkpt lat="26.42297500" lon="-80.15630333"><ele>6.290</ele><time>2026-07-24T15:25:47Z</time><speed>7.706</speed><sat>16</sat></trkpt>
  <trkpt lat="26.42296833" lon="-80.15638333"><ele>6.089</ele><time>2026-07-24T15:25:48Z</time><speed>7.696</speed><sat>15</sat></trkpt>
  <trkpt lat="26.42296833" lon="-80.15646167"><ele>5.589</ele><time>2026-07-24T15:25:49Z</time><speed>7.713</speed><sat>16</sat></trkpt>
  <trkpt lat="26.42296000" lon="-80.15653833"><ele>5.489</ele><time>2026-07-24T15:25:50Z</time><speed>7.720</speed><sat>16</sat></trkpt>
  <trkpt lat="26.42294167" lon="-80.15661500"><ele>5.088</ele><time>2026-07-24T15:25:51Z</time><speed>7.857</speed><sat>15</sat></trkpt>
  <trkpt lat="26.42293167" lon="-80.15669333"><ele>4.788</ele><time>2026-07-24T15:25:52Z</time><speed>7.827</speed><sat>16</sat></trkpt>
  <trkpt lat="26.42292500" lon="-80.15677333"><ele>5.188</ele><time>2026-07-24T15:25:53Z</time><speed>7.861</speed><sat>15</sat></trkpt>
  <trkpt lat="26.42292500" lon="-80.15684500"><ele>5.787</ele><time>2026-07-24T15:25:54Z</time><speed>7.828</speed><sat>16</sat></trkpt>
  <trkpt lat="26.42291500" lon="-80.15692167"><ele>6.287</ele><time>2026-07-24T15:25:55Z</time><speed>7.823</speed><sat>17</sat></trkpt>
  <trkpt lat="26.42289833" lon="-80.15700167"><ele>6.687</ele><time>2026-07-24T15:25:56Z</time><speed>7.836</speed><sat>17</sat></trkpt>
  <trkpt lat="26.42288000" lon="-80.15707667"><ele>6.986</ele><time>2026-07-24T15:25:57Z</time><speed>7.645</speed><sat>15</sat></trkpt>
  <trkpt lat="26.42286167" lon="-80.15715333"><ele>7.286</ele><time>2026-07-24T15:25:58Z</time><speed>7.736</speed><sat>16</sat></trkpt>
  <trkpt lat="26.42284667" lon="-80.15723000"><ele>7.586</ele><time>2026-07-24T15:25:59Z</time><speed>7.705</speed><sat>17</sat></trkpt>
  <trkpt lat="26.42283333" lon="-80.15730833"><ele>7.685</ele><time>2026-07-24T15:26:00Z</time><speed>7.498</speed><sat>17</sat></trkpt>
  <trkpt lat="26.42281667" lon="-80.15738167"><ele>7.385</ele><time>2026-07-24T15:26:01Z</time><speed>7.530</speed><sat>17</sat></trkpt>
  <trkpt lat="26.42280500" lon="-80.15745833"><ele>7.385</ele><time>2026-07-24T15:26:02Z</time><speed>7.761</speed><sat>17</sat></trkpt>
  <trkpt lat="26.42279167" lon="-80.15753500"><ele>7.484</ele><time>2026-07-24T15:26:03Z</time><speed>7.751</speed><sat>15</sat></trkpt>
  <trkpt lat="26.42278000" lon="-80.15761000"><ele>7.484</ele><time>2026-07-24T15:26:04Z</time><speed>7.757</speed><sat>15</sat></trkpt>
  <trkpt lat="26.42277167" lon="-80.15768333"><ele>6.984</ele><time>2026-07-24T15:26:05Z</time><speed>7.733</speed><sat>16</sat></trkpt>
  <trkpt lat="26.42276167" lon="-80.15775833"><ele>6.583</ele><time>2026-07-24T15:26:06Z</time><speed>7.771</speed><sat>15</sat></trkpt>
  <trkpt lat="26.42275667" lon="-80.15783500"><ele>5.883</ele><time>2026-07-24T15:26:07Z</time><speed>7.748</speed><sat>15</sat></trkpt>
  <trkpt lat="26.42274500" lon="-80.15791167"><ele>5.483</ele><time>2026-07-24T15:26:08Z</time><speed>7.738</speed><sat>16</sat></trkpt>
  <trkpt lat="26.42273333" lon="-80.15799333"><ele>4.982</ele><time>2026-07-24T15:26:09Z</time><speed>7.851</speed><sat>16</sat></trkpt>
  <trkpt lat="26.42272833" lon="-80.15806833"><ele>4.582</ele><time>2026-07-24T15:26:10Z</time><speed>7.832</speed><sat>16</sat></trkpt>
  <trkpt lat="26.42271667" lon="-80.15814500"><ele>4.082</ele><time>2026-07-24T15:26:11Z</time><speed>7.832</speed><sat>16</sat></trkpt>
  <trkpt lat="26.42271000" lon="-80.15822333"><ele>3.781</ele><time>2026-07-24T15:26:12Z</time><speed>7.731</speed><sat>16</sat></trkpt>
  <trkpt lat="26.42270833" lon="-80.15830167"><ele>3.981</ele><time>2026-07-24T15:26:13Z</time><speed>7.768</speed><sat>15</sat></trkpt>
  <trkpt lat="26.42271000" lon="-80.15838000"><ele>4.681</ele><time>2026-07-24T15:26:14Z</time><speed>7.850</speed><sat>16</sat></trkpt>
  <trkpt lat="26.42272000" lon="-80.15845333"><ele>4.581</ele><time>2026-07-24T15:26:15Z</time><speed>7.886</speed><sat>16</sat></trkpt>
  <trkpt lat="26.42272833" lon="-80.15853167"><ele>4.580</ele><time>2026-07-24T15:26:16Z</time><speed>8.190</speed><sat>16</sat></trkpt>
  <trkpt lat="26.42273167" lon="-80.15861333"><ele>5.080</ele><time>2026-07-24T15:26:17Z</time><speed>8.088</speed><sat>15</sat></trkpt>
  <trkpt lat="26.42273000" lon="-80.15869333"><ele>4.880</ele><time>2026-07-24T15:26:18Z</time><speed>7.871</speed><sat>16</sat></trkpt>
  <trkpt lat="26.42273500" lon="-80.15876833"><ele>4.579</ele><time>2026-07-24T15:26:19Z</time><speed>7.747</speed><sat>15</sat></trkpt>
  <trkpt lat="26.42273833" lon="-80.15884167"><ele>4.379</ele><time>2026-07-24T15:26:20Z</time><speed>7.752</speed><sat>15</sat></trkpt>
  <trkpt lat="26.42273833" lon="-80.15891667"><ele>4.179</ele><time>2026-07-24T15:26:21Z</time><speed>7.718</speed><sat>16</sat></trkpt>
  <trkpt lat="26.42273333" lon="-80.15899167"><ele>3.878</ele><time>2026-07-24T15:26:22Z</time><speed>7.142</speed><sat>16</sat></trkpt>
  <trkpt lat="26.42272667" lon="-80.15906333"><ele>3.078</ele><time>2026-07-24T15:26:23Z</time><speed>7.420</speed><sat>16</sat></trkpt>
  <trkpt lat="26.42272167" lon="-80.15914000"><ele>3.178</ele><time>2026-07-24T15:26:24Z</time><speed>7.454</speed><sat>16</sat></trkpt>
  <trkpt lat="26.42271333" lon="-80.15921667"><ele>3.577</ele><time>2026-07-24T15:26:25Z</time><speed>7.757</speed><sat>16</sat></trkpt>
  <trkpt lat="26.42270000" lon="-80.15929000"><ele>3.177</ele><time>2026-07-24T15:26:26Z</time><speed>7.736</speed><sat>15</sat></trkpt>
  <trkpt lat="26.42267833" lon="-80.15936167"><ele>2.877</ele><time>2026-07-24T15:26:27Z</time><speed>7.586</speed><sat>16</sat></trkpt>
  <trkpt lat="26.42265833" lon="-80.15943000"><ele>2.276</ele><time>2026-07-24T15:26:28Z</time><speed>7.596</speed><sat>16</sat></trkpt>
  <trkpt lat="26.42262333" lon="-80.15950167"><ele>2.376</ele><time>2026-07-24T15:26:29Z</time><speed>7.695</speed><sat>15</sat></trkpt>
  <trkpt lat="26.42258000" lon="-80.15956667"><ele>2.376</ele><time>2026-07-24T15:26:30Z</time><speed>7.536</speed><sat>15</sat></trkpt>
  <trkpt lat="26.42253333" lon="-80.15963333"><ele>2.276</ele><time>2026-07-24T15:26:31Z</time><speed>7.942</speed><sat>15</sat></trkpt>
  <trkpt lat="26.42248000" lon="-80.15968667"><ele>3.375</ele><time>2026-07-24T15:26:32Z</time><speed>7.852</speed><sat>16</sat></trkpt>
  <trkpt lat="26.42242167" lon="-80.15972667"><ele>3.975</ele><time>2026-07-24T15:26:33Z</time><speed>7.851</speed><sat>16</sat></trkpt>
  <trkpt lat="26.42236167" lon="-80.15977333"><ele>4.375</ele><time>2026-07-24T15:26:34Z</time><speed>7.738</speed><sat>16</sat></trkpt>
  <trkpt lat="26.42230333" lon="-80.15981000"><ele>4.275</ele><time>2026-07-24T15:26:35Z</time><speed>8.067</speed><sat>15</sat></trkpt>
  <trkpt lat="26.42224167" lon="-80.15984667"><ele>3.975</ele><time>2026-07-24T15:26:36Z</time><speed>7.894</speed><sat>15</sat></trkpt>
  <trkpt lat="26.42217333" lon="-80.15987500"><ele>3.874</ele><time>2026-07-24T15:26:37Z</time><speed>8.278</speed><sat>16</sat></trkpt>
  <trkpt lat="26.42210167" lon="-80.15987833"><ele>3.974</ele><time>2026-07-24T15:26:38Z</time><speed>8.372</speed><sat>16</sat></trkpt>
  <trkpt lat="26.42203167" lon="-80.15988000"><ele>4.174</ele><time>2026-07-24T15:26:39Z</time><speed>7.735</speed><sat>17</sat></trkpt>
  <trkpt lat="26.42196167" lon="-80.15987333"><ele>4.574</ele><time>2026-07-24T15:26:40Z</time><speed>7.713</speed><sat>17</sat></trkpt>
  <trkpt lat="26.42189167" lon="-80.15986500"><ele>5.174</ele><time>2026-07-24T15:26:41Z</time><speed>7.728</speed><sat>16</sat></trkpt>
  <trkpt lat="26.42182000" lon="-80.15985167"><ele>5.474</ele><time>2026-07-24T15:26:42Z</time><speed>7.761</speed><sat>17</sat></trkpt>
  <trkpt lat="26.42175333" lon="-80.15983167"><ele>5.374</ele><time>2026-07-24T15:26:43Z</time><speed>7.545</speed><sat>17</sat></trkpt>
  <trkpt lat="26.42169000" lon="-80.15981000"><ele>5.374</ele><time>2026-07-24T15:26:44Z</time><speed>7.511</speed><sat>17</sat></trkpt>
  <trkpt lat="26.42162167" lon="-80.15978167"><ele>5.374</ele><time>2026-07-24T15:26:45Z</time><speed>7.888</speed><sat>17</sat></trkpt>
  <trkpt lat="26.42155333" lon="-80.15975167"><ele>4.975</ele><time>2026-07-24T15:26:46Z</time><speed>8.751</speed><sat>16</sat></trkpt>
  <trkpt lat="26.42149000" lon="-80.15972167"><ele>4.875</ele><time>2026-07-24T15:26:47Z</time><speed>7.946</speed><sat>16</sat></trkpt>
  <trkpt lat="26.42142667" lon="-80.15968500"><ele>4.875</ele><time>2026-07-24T15:26:48Z</time><speed>7.649</speed><sat>15</sat></trkpt>
  <trkpt lat="26.42136667" lon="-80.15964833"><ele>5.175</ele><time>2026-07-24T15:26:49Z</time><speed>7.422</speed><sat>17</sat></trkpt>
  <trkpt lat="26.42131000" lon="-80.15960667"><ele>5.475</ele><time>2026-07-24T15:26:50Z</time><speed>7.704</speed><sat>17</sat></trkpt>
  <trkpt lat="26.42125500" lon="-80.15956167"><ele>5.475</ele><time>2026-07-24T15:26:51Z</time><speed>7.385</speed><sat>17</sat></trkpt>
  <trkpt lat="26.42120000" lon="-80.15952167"><ele>5.375</ele><time>2026-07-24T15:26:52Z</time><speed>7.389</speed><sat>17</sat></trkpt>
  <trkpt lat="26.42114333" lon="-80.15947500"><ele>5.775</ele><time>2026-07-24T15:26:53Z</time><speed>7.485</speed><sat>17</sat></trkpt>
  <trkpt lat="26.42109000" lon="-80.15942833"><ele>5.876</ele><time>2026-07-24T15:26:54Z</time><speed>7.461</speed><sat>17</sat></trkpt>
  <trkpt lat="26.42103833" lon="-80.15938833"><ele>5.276</ele><time>2026-07-24T15:26:55Z</time><speed>7.446</speed><sat>17</sat></trkpt>
  <trkpt lat="26.42098833" lon="-80.15933500"><ele>5.076</ele><time>2026-07-24T15:26:56Z</time><speed>7.967</speed><sat>17</sat></trkpt>
  <trkpt lat="26.42094667" lon="-80.15928000"><ele>5.076</ele><time>2026-07-24T15:26:57Z</time><speed>7.131</speed><sat>17</sat></trkpt>
  <trkpt lat="26.42090333" lon="-80.15922833"><ele>5.076</ele><time>2026-07-24T15:26:58Z</time><speed>7.283</speed><sat>17</sat></trkpt>
  <trkpt lat="26.42085333" lon="-80.15917333"><ele>5.077</ele><time>2026-07-24T15:26:59Z</time><speed>7.546</speed><sat>17</sat></trkpt>
  <trkpt lat="26.42080000" lon="-80.15910833"><ele>5.177</ele><time>2026-07-24T15:27:00Z</time><speed>8.044</speed><sat>17</sat></trkpt>
  <trkpt lat="26.42074333" lon="-80.15905333"><ele>5.377</ele><time>2026-07-24T15:27:01Z</time><speed>7.638</speed><sat>17</sat></trkpt>
  <trkpt lat="26.42069167" lon="-80.15900333"><ele>4.777</ele><time>2026-07-24T15:27:02Z</time><speed>7.456</speed><sat>17</sat></trkpt>
  <trkpt lat="26.42063667" lon="-80.15895833"><ele>3.877</ele><time>2026-07-24T15:27:03Z</time><speed>7.300</speed><sat>17</sat></trkpt>
  <trkpt lat="26.42058167" lon="-80.15891500"><ele>3.877</ele><time>2026-07-24T15:27:04Z</time><speed>7.289</speed><sat>17</sat></trkpt>
  <trkpt lat="26.42052667" lon="-80.15887000"><ele>4.278</ele><time>2026-07-24T15:27:05Z</time><speed>7.708</speed><sat>17</sat></trkpt>
  <trkpt lat="26.42047333" lon="-80.15882333"><ele>3.978</ele><time>2026-07-24T15:27:06Z</time><speed>7.183</speed><sat>17</sat></trkpt>
  <trkpt lat="26.42042000" lon="-80.15878167"><ele>3.878</ele><time>2026-07-24T15:27:07Z</time><speed>7.444</speed><sat>17</sat></trkpt>
  <trkpt lat="26.42036500" lon="-80.15874333"><ele>3.478</ele><time>2026-07-24T15:27:08Z</time><speed>7.109</speed><sat>17</sat></trkpt>
  <trkpt lat="26.42031000" lon="-80.15870833"><ele>3.178</ele><time>2026-07-24T15:27:09Z</time><speed>6.930</speed><sat>17</sat></trkpt>
  <trkpt lat="26.42026500" lon="-80.15867667"><ele>3.178</ele><time>2026-07-24T15:27:10Z</time><speed>5.606</speed><sat>16</sat></trkpt>
  <trkpt lat="26.42022000" lon="-80.15865000"><ele>3.378</ele><time>2026-07-24T15:27:11Z</time><speed>4.997</speed><sat>16</sat></trkpt>
  <trkpt lat="26.42018000" lon="-80.15862500"><ele>3.378</ele><time>2026-07-24T15:27:12Z</time><speed>4.596</speed><sat>17</sat></trkpt>
  <trkpt lat="26.42014500" lon="-80.15862167"><ele>3.578</ele><time>2026-07-24T15:27:13Z</time><speed>4.221</speed><sat>17</sat></trkpt>
  <trkpt lat="26.42011500" lon="-80.15862500"><ele>3.678</ele><time>2026-07-24T15:27:14Z</time><speed>4.392</speed><sat>16</sat></trkpt>
  <trkpt lat="26.42008500" lon="-80.15865667"><ele>4.278</ele><time>2026-07-24T15:27:15Z</time><speed>5.025</speed><sat>16</sat></trkpt>
  <trkpt lat="26.42004667" lon="-80.15869500"><ele>4.978</ele><time>2026-07-24T15:27:16Z</time><speed>5.719</speed><sat>17</sat></trkpt>
  <trkpt lat="26.41999833" lon="-80.15874167"><ele>5.578</ele><time>2026-07-24T15:27:17Z</time><speed>5.514</speed><sat>17</sat></trkpt>
  <trkpt lat="26.41994167" lon="-80.15879000"><ele>6.278</ele><time>2026-07-24T15:27:18Z</time><speed>6.578</speed><sat>17</sat></trkpt>
  <trkpt lat="26.41988500" lon="-80.15884667"><ele>6.977</ele><time>2026-07-24T15:27:19Z</time><speed>7.510</speed><sat>17</sat></trkpt>
  <trkpt lat="26.41983333" lon="-80.15890833"><ele>7.477</ele><time>2026-07-24T15:27:20Z</time><speed>7.679</speed><sat>17</sat></trkpt>
  <trkpt lat="26.41977833" lon="-80.15897000"><ele>7.677</ele><time>2026-07-24T15:27:21Z</time><speed>7.669</speed><sat>17</sat></trkpt>
  <trkpt lat="26.41973333" lon="-80.15903500"><ele>7.376</ele><time>2026-07-24T15:27:22Z</time><speed>7.585</speed><sat>17</sat></trkpt>
  <trkpt lat="26.41969333" lon="-80.15909333"><ele>6.976</ele><time>2026-07-24T15:27:23Z</time><speed>6.291</speed><sat>17</sat></trkpt>
  <trkpt lat="26.41966167" lon="-80.15913500"><ele>6.076</ele><time>2026-07-24T15:27:24Z</time><speed>4.977</speed><sat>17</sat></trkpt>
  <trkpt lat="26.41963667" lon="-80.15917167"><ele>5.476</ele><time>2026-07-24T15:27:25Z</time><speed>4.433</speed><sat>16</sat></trkpt>
  <trkpt lat="26.41962833" lon="-80.15921667"><ele>4.676</ele><time>2026-07-24T15:27:26Z</time><speed>3.716</speed><sat>16</sat></trkpt>
  <trkpt lat="26.41963833" lon="-80.15925000"><ele>3.876</ele><time>2026-07-24T15:27:27Z</time><speed>3.890</speed><sat>17</sat></trkpt>
  <trkpt lat="26.41966333" lon="-80.15928667"><ele>3.975</ele><time>2026-07-24T15:27:28Z</time><speed>4.146</speed><sat>17</sat></trkpt>
  <trkpt lat="26.41969000" lon="-80.15932333"><ele>4.175</ele><time>2026-07-24T15:27:29Z</time><speed>4.654</speed><sat>16</sat></trkpt>
  <trkpt lat="26.41971833" lon="-80.15936000"><ele>4.575</ele><time>2026-07-24T15:27:30Z</time><speed>3.910</speed><sat>17</sat></trkpt>
  <trkpt lat="26.41975500" lon="-80.15940167"><ele>4.875</ele><time>2026-07-24T15:27:31Z</time><speed>5.513</speed><sat>17</sat></trkpt>
  <trkpt lat="26.41979667" lon="-80.15944167"><ele>4.975</ele><time>2026-07-24T15:27:32Z</time><speed>5.842</speed><sat>17</sat></trkpt>
  <trkpt lat="26.41983167" lon="-80.15948667"><ele>4.375</ele><time>2026-07-24T15:27:33Z</time><speed>6.002</speed><sat>17</sat></trkpt>
  <trkpt lat="26.41987167" lon="-80.15953000"><ele>3.575</ele><time>2026-07-24T15:27:34Z</time><speed>6.587</speed><sat>17</sat></trkpt>
  <trkpt lat="26.41991167" lon="-80.15958167"><ele>2.674</ele><time>2026-07-24T15:27:35Z</time><speed>6.782</speed><sat>16</sat></trkpt>
  <trkpt lat="26.41994667" lon="-80.15963333"><ele>2.774</ele><time>2026-07-24T15:27:36Z</time><speed>6.677</speed><sat>16</sat></trkpt>
  <trkpt lat="26.41998500" lon="-80.15968500"><ele>2.774</ele><time>2026-07-24T15:27:37Z</time><speed>6.804</speed><sat>16</sat></trkpt>
  <trkpt lat="26.42002000" lon="-80.15973000"><ele>2.874</ele><time>2026-07-24T15:27:38Z</time><speed>6.669</speed><sat>17</sat></trkpt>
  <trkpt lat="26.42006000" lon="-80.15978000"><ele>2.474</ele><time>2026-07-24T15:27:39Z</time><speed>6.864</speed><sat>17</sat></trkpt>
  <trkpt lat="26.42010167" lon="-80.15983667"><ele>2.273</ele><time>2026-07-24T15:27:40Z</time><speed>7.397</speed><sat>17</sat></trkpt>
  <trkpt lat="26.42014333" lon="-80.15989833"><ele>1.773</ele><time>2026-07-24T15:27:41Z</time><speed>7.401</speed><sat>17</sat></trkpt>
  <trkpt lat="26.42017333" lon="-80.15995667"><ele>2.173</ele><time>2026-07-24T15:27:42Z</time><speed>7.046</speed><sat>17</sat></trkpt>
  <trkpt lat="26.42021000" lon="-80.16002667"><ele>2.373</ele><time>2026-07-24T15:27:43Z</time><speed>7.387</speed><sat>16</sat></trkpt>
  <trkpt lat="26.42024167" lon="-80.16009500"><ele>1.972</ele><time>2026-07-24T15:27:44Z</time><speed>7.232</speed><sat>16</sat></trkpt>
  <trkpt lat="26.42027667" lon="-80.16016000"><ele>3.072</ele><time>2026-07-24T15:27:45Z</time><speed>7.358</speed><sat>16</sat></trkpt>
  <trkpt lat="26.42031333" lon="-80.16022667"><ele>3.872</ele><time>2026-07-24T15:27:46Z</time><speed>7.464</speed><sat>16</sat></trkpt>
  <trkpt lat="26.42035333" lon="-80.16030000"><ele>4.172</ele><time>2026-07-24T15:27:47Z</time><speed>7.474</speed><sat>16</sat></trkpt>
  <trkpt lat="26.42038833" lon="-80.16037000"><ele>3.771</ele><time>2026-07-24T15:27:48Z</time><speed>7.275</speed><sat>16</sat></trkpt>
  <trkpt lat="26.42042167" lon="-80.16043500"><ele>3.771</ele><time>2026-07-24T15:27:49Z</time><speed>7.359</speed><sat>17</sat></trkpt>
  <trkpt lat="26.42045833" lon="-80.16050500"><ele>3.371</ele><time>2026-07-24T15:27:50Z</time><speed>7.621</speed><sat>17</sat></trkpt>
  <trkpt lat="26.42048833" lon="-80.16056667"><ele>3.971</ele><time>2026-07-24T15:27:51Z</time><speed>7.313</speed><sat>17</sat></trkpt>
  <trkpt lat="26.42051500" lon="-80.16062833"><ele>4.070</ele><time>2026-07-24T15:27:52Z</time><speed>7.280</speed><sat>17</sat></trkpt>
  <trkpt lat="26.42054000" lon="-80.16069667"><ele>2.970</ele><time>2026-07-24T15:27:53Z</time><speed>7.410</speed><sat>17</sat></trkpt>
  <trkpt lat="26.42056000" lon="-80.16076500"><ele>2.270</ele><time>2026-07-24T15:27:54Z</time><speed>7.311</speed><sat>17</sat></trkpt>
  <trkpt lat="26.42058333" lon="-80.16083333"><ele>2.070</ele><time>2026-07-24T15:27:55Z</time><speed>7.084</speed><sat>17</sat></trkpt>
  <trkpt lat="26.42060667" lon="-80.16090333"><ele>2.369</ele><time>2026-07-24T15:27:56Z</time><speed>7.275</speed><sat>17</sat></trkpt>
  <trkpt lat="26.42062167" lon="-80.16097167"><ele>2.469</ele><time>2026-07-24T15:27:57Z</time><speed>7.091</speed><sat>17</sat></trkpt>
  <trkpt lat="26.42063500" lon="-80.16104167"><ele>2.669</ele><time>2026-07-24T15:27:58Z</time><speed>7.221</speed><sat>17</sat></trkpt>
  <trkpt lat="26.42065000" lon="-80.16111500"><ele>3.668</ele><time>2026-07-24T15:27:59Z</time><speed>6.921</speed><sat>17</sat></trkpt>
  <trkpt lat="26.42066333" lon="-80.16119000"><ele>4.268</ele><time>2026-07-24T15:28:00Z</time><speed>7.112</speed><sat>17</sat></trkpt>
  <trkpt lat="26.42068500" lon="-80.16125667"><ele>5.068</ele><time>2026-07-24T15:28:01Z</time><speed>7.086</speed><sat>17</sat></trkpt>
  <trkpt lat="26.42071000" lon="-80.16132667"><ele>5.568</ele><time>2026-07-24T15:28:02Z</time><speed>7.202</speed><sat>17</sat></trkpt>
  <trkpt lat="26.42073833" lon="-80.16139333"><ele>5.967</ele><time>2026-07-24T15:28:03Z</time><speed>7.168</speed><sat>17</sat></trkpt>
  <trkpt lat="26.42075833" lon="-80.16146333"><ele>5.667</ele><time>2026-07-24T15:28:04Z</time><speed>6.642</speed><sat>17</sat></trkpt>
  <trkpt lat="26.42077833" lon="-80.16153500"><ele>4.467</ele><time>2026-07-24T15:28:05Z</time><speed>6.950</speed><sat>17</sat></trkpt>
  <trkpt lat="26.42079000" lon="-80.16160500"><ele>4.266</ele><time>2026-07-24T15:28:06Z</time><speed>7.278</speed><sat>17</sat></trkpt>
  <trkpt lat="26.42080667" lon="-80.16167500"><ele>3.266</ele><time>2026-07-24T15:28:07Z</time><speed>7.427</speed><sat>17</sat></trkpt>
  <trkpt lat="26.42082167" lon="-80.16174833"><ele>2.866</ele><time>2026-07-24T15:28:08Z</time><speed>7.629</speed><sat>17</sat></trkpt>
  <trkpt lat="26.42083833" lon="-80.16182500"><ele>2.466</ele><time>2026-07-24T15:28:09Z</time><speed>7.960</speed><sat>17</sat></trkpt>
  <trkpt lat="26.42085167" lon="-80.16190333"><ele>2.465</ele><time>2026-07-24T15:28:10Z</time><speed>7.455</speed><sat>17</sat></trkpt>
  <trkpt lat="26.42086333" lon="-80.16197833"><ele>2.165</ele><time>2026-07-24T15:28:11Z</time><speed>7.749</speed><sat>17</sat></trkpt>
  <trkpt lat="26.42086833" lon="-80.16205500"><ele>1.865</ele><time>2026-07-24T15:28:12Z</time><speed>7.505</speed><sat>17</sat></trkpt>
  <trkpt lat="26.42087000" lon="-80.16213333"><ele>2.264</ele><time>2026-07-24T15:28:13Z</time><speed>7.531</speed><sat>17</sat></trkpt>
  <trkpt lat="26.42087000" lon="-80.16220833"><ele>2.064</ele><time>2026-07-24T15:28:14Z</time><speed>7.363</speed><sat>17</sat></trkpt>
  <trkpt lat="26.42087333" lon="-80.16228500"><ele>2.164</ele><time>2026-07-24T15:28:15Z</time><speed>7.135</speed><sat>17</sat></trkpt>
  <trkpt lat="26.42087500" lon="-80.16236000"><ele>2.463</ele><time>2026-07-24T15:28:16Z</time><speed>7.757</speed><sat>17</sat></trkpt>
  <trkpt lat="26.42087500" lon="-80.16244000"><ele>2.563</ele><time>2026-07-24T15:28:17Z</time><speed>7.580</speed><sat>17</sat></trkpt>
  <trkpt lat="26.42086833" lon="-80.16251833"><ele>2.963</ele><time>2026-07-24T15:28:18Z</time><speed>7.610</speed><sat>17</sat></trkpt>
  <trkpt lat="26.42086000" lon="-80.16259500"><ele>2.662</ele><time>2026-07-24T15:28:19Z</time><speed>7.582</speed><sat>17</sat></trkpt>
  <trkpt lat="26.42085333" lon="-80.16267000"><ele>2.162</ele><time>2026-07-24T15:28:20Z</time><speed>7.595</speed><sat>16</sat></trkpt>
  <trkpt lat="26.42084667" lon="-80.16275000"><ele>2.062</ele><time>2026-07-24T15:28:21Z</time><speed>7.241</speed><sat>17</sat></trkpt>
  <trkpt lat="26.42084000" lon="-80.16282833"><ele>2.161</ele><time>2026-07-24T15:28:22Z</time><speed>7.785</speed><sat>17</sat></trkpt>
  <trkpt lat="26.42083500" lon="-80.16291000"><ele>2.861</ele><time>2026-07-24T15:28:23Z</time><speed>7.621</speed><sat>17</sat></trkpt>
  <trkpt lat="26.42083667" lon="-80.16298667"><ele>3.161</ele><time>2026-07-24T15:28:24Z</time><speed>7.531</speed><sat>17</sat></trkpt>
  <trkpt lat="26.42082833" lon="-80.16305833"><ele>3.761</ele><time>2026-07-24T15:28:25Z</time><speed>7.532</speed><sat>17</sat></trkpt>
  <trkpt lat="26.42081833" lon="-80.16312500"><ele>3.360</ele><time>2026-07-24T15:28:26Z</time><speed>6.611</speed><sat>16</sat></trkpt>
  <trkpt lat="26.42081333" lon="-80.16318333"><ele>2.860</ele><time>2026-07-24T15:28:27Z</time><speed>6.713</speed><sat>17</sat></trkpt>
  <trkpt lat="26.42080833" lon="-80.16323000"><ele>2.860</ele><time>2026-07-24T15:28:28Z</time><speed>5.504</speed><sat>17</sat></trkpt>
  <trkpt lat="26.42080500" lon="-80.16326667"><ele>2.260</ele><time>2026-07-24T15:28:29Z</time><speed>3.815</speed><sat>17</sat></trkpt>
  <trkpt lat="26.42080000" lon="-80.16329000"><ele>1.560</ele><time>2026-07-24T15:28:30Z</time><speed>3.041</speed><sat>17</sat></trkpt>
  <trkpt lat="26.42080000" lon="-80.16331333"><ele>1.359</ele><time>2026-07-24T15:28:31Z</time><speed>2.709</speed><sat>17</sat></trkpt>
  <trkpt lat="26.42079667" lon="-80.16334000"><ele>1.759</ele><time>2026-07-24T15:28:32Z</time><speed>2.312</speed><sat>16</sat></trkpt>
  <trkpt lat="26.42079000" lon="-80.16336167"><ele>2.259</ele><time>2026-07-24T15:28:33Z</time><speed>1.812</speed><sat>16</sat></trkpt>
  <trkpt lat="26.42078500" lon="-80.16337333"><ele>2.359</ele><time>2026-07-24T15:28:34Z</time><speed>1.251</speed><sat>16</sat></trkpt>
  <trkpt lat="26.42078167" lon="-80.16337667"><ele>2.559</ele><time>2026-07-24T15:28:35Z</time><speed>0.000</speed><sat>16</sat></trkpt>
  <trkpt lat="26.42078167" lon="-80.16337667"><ele>2.559</ele><time>2026-07-24T15:28:36Z</time><speed>0.000</speed><sat>16</sat></trkpt>
  <trkpt lat="26.42078167" lon="-80.16337667"><ele>2.659</ele><time>2026-07-24T15:28:37Z</time><speed>0.000</speed><sat>17</sat></trkpt>
  <trkpt lat="26.42078167" lon="-80.16337667"><ele>2.659</ele><time>2026-07-24T15:28:38Z</time><speed>0.000</speed><sat>16</sat></trkpt>
  <trkpt lat="26.42078167" lon="-80.16337667"><ele>2.659</ele><time>2026-07-24T15:28:39Z</time><speed>0.000</speed><sat>16</sat></trkpt>
  <trkpt lat="26.42078167" lon="-80.16337667"><ele>2.659</ele><time>2026-07-24T15:28:40Z</time><speed>0.000</speed><sat>17</sat></trkpt>
  <trkpt lat="26.42078167" lon="-80.16337667"><ele>2.659</ele><time>2026-07-24T15:28:41Z</time><speed>0.000</speed><sat>16</sat></trkpt>
  <trkpt lat="26.42078000" lon="-80.16338667"><ele>2.459</ele><time>2026-07-24T15:28:42Z</time><speed>3.225</speed><sat>16</sat></trkpt>
  <trkpt lat="26.42076667" lon="-80.16342667"><ele>2.459</ele><time>2026-07-24T15:28:43Z</time><speed>4.315</speed><sat>17</sat></trkpt>
  <trkpt lat="26.42075333" lon="-80.16347667"><ele>2.659</ele><time>2026-07-24T15:28:44Z</time><speed>5.048</speed><sat>17</sat></trkpt>
  <trkpt lat="26.42073833" lon="-80.16353167"><ele>2.759</ele><time>2026-07-24T15:28:45Z</time><speed>5.486</speed><sat>17</sat></trkpt>
  <trkpt lat="26.42072500" lon="-80.16359000"><ele>2.858</ele><time>2026-07-24T15:28:46Z</time><speed>5.650</speed><sat>17</sat></trkpt>
  <trkpt lat="26.42071167" lon="-80.16366167"><ele>2.858</ele><time>2026-07-24T15:28:47Z</time><speed>6.729</speed><sat>16</sat></trkpt>
  <trkpt lat="26.42069000" lon="-80.16374000"><ele>2.758</ele><time>2026-07-24T15:28:48Z</time><speed>6.861</speed><sat>15</sat></trkpt>
  <trkpt lat="26.42067500" lon="-80.16381000"><ele>3.257</ele><time>2026-07-24T15:28:49Z</time><speed>5.820</speed><sat>16</sat></trkpt>
  <trkpt lat="26.42065500" lon="-80.16388167"><ele>3.857</ele><time>2026-07-24T15:28:50Z</time><speed>6.579</speed><sat>16</sat></trkpt>
  <trkpt lat="26.42063500" lon="-80.16395167"><ele>3.857</ele><time>2026-07-24T15:28:51Z</time><speed>7.546</speed><sat>16</sat></trkpt>
  <trkpt lat="26.42061667" lon="-80.16402167"><ele>3.756</ele><time>2026-07-24T15:28:52Z</time><speed>7.363</speed><sat>16</sat></trkpt>
  <trkpt lat="26.42059500" lon="-80.16409333"><ele>3.956</ele><time>2026-07-24T15:28:53Z</time><speed>7.724</speed><sat>16</sat></trkpt>
  <trkpt lat="26.42057333" lon="-80.16416667"><ele>3.656</ele><time>2026-07-24T15:28:54Z</time><speed>8.017</speed><sat>17</sat></trkpt>
  <trkpt lat="26.42055333" lon="-80.16424000"><ele>3.256</ele><time>2026-07-24T15:28:55Z</time><speed>7.730</speed><sat>17</sat></trkpt>
  <trkpt lat="26.42053333" lon="-80.16431333"><ele>2.855</ele><time>2026-07-24T15:28:56Z</time><speed>7.585</speed><sat>17</sat></trkpt>
  <trkpt lat="26.42050833" lon="-80.16439167"><ele>3.055</ele><time>2026-07-24T15:28:57Z</time><speed>7.552</speed><sat>17</sat></trkpt>
  <trkpt lat="26.42048667" lon="-80.16445500"><ele>2.455</ele><time>2026-07-24T15:28:58Z</time><speed>6.990</speed><sat>17</sat></trkpt>
  <trkpt lat="26.42046833" lon="-80.16451333"><ele>1.354</ele><time>2026-07-24T15:28:59Z</time><speed>6.844</speed><sat>17</sat></trkpt>
  <trkpt lat="26.42044500" lon="-80.16457667"><ele>1.354</ele><time>2026-07-24T15:29:00Z</time><speed>6.539</speed><sat>17</sat></trkpt>
  <trkpt lat="26.42042833" lon="-80.16463500"><ele>0.954</ele><time>2026-07-24T15:29:01Z</time><speed>5.869</speed><sat>17</sat></trkpt>
  <trkpt lat="26.42041500" lon="-80.16468167"><ele>0.654</ele><time>2026-07-24T15:29:02Z</time><speed>4.585</speed><sat>17</sat></trkpt>
  <trkpt lat="26.42040500" lon="-80.16470667"><ele>0.453</ele><time>2026-07-24T15:29:03Z</time><speed>2.526</speed><sat>17</sat></trkpt>
  <trkpt lat="26.42040833" lon="-80.16471500"><ele>0.153</ele><time>2026-07-24T15:29:04Z</time><speed>1.104</speed><sat>16</sat></trkpt>
  <trkpt lat="26.42040500" lon="-80.16472167"><ele>0.253</ele><time>2026-07-24T15:29:05Z</time><speed>0.432</speed><sat>16</sat></trkpt>
  <trkpt lat="26.42040667" lon="-80.16473000"><ele>0.153</ele><time>2026-07-24T15:29:06Z</time><speed>1.494</speed><sat>16</sat></trkpt>
  <trkpt lat="26.42040333" lon="-80.16474000"><ele>0.153</ele><time>2026-07-24T15:29:07Z</time><speed>1.012</speed><sat>16</sat></trkpt>
  <trkpt lat="26.42040333" lon="-80.16474833"><ele>0.153</ele><time>2026-07-24T15:29:08Z</time><speed>0.000</speed><sat>17</sat></trkpt>
  <trkpt lat="26.42040333" lon="-80.16475667"><ele>0.353</ele><time>2026-07-24T15:29:09Z</time><speed>0.000</speed><sat>17</sat></trkpt>
  <trkpt lat="26.42040333" lon="-80.16476500"><ele>0.853</ele><time>2026-07-24T15:29:10Z</time><speed>0.000</speed><sat>17</sat></trkpt>
  <trkpt lat="26.42040333" lon="-80.16476500"><ele>0.853</ele><time>2026-07-24T15:29:11Z</time><speed>0.000</speed><sat>17</sat></trkpt>
  <trkpt lat="26.42040333" lon="-80.16476500"><ele>0.853</ele><time>2026-07-24T15:29:12Z</time><speed>0.000</speed><sat>17</sat></trkpt>
  <trkpt lat="26.42040333" lon="-80.16476500"><ele>0.853</ele><time>2026-07-24T15:29:13Z</time><speed>0.000</speed><sat>17</sat></trkpt>
  <trkpt lat="26.42040333" lon="-80.16476500"><ele>0.853</ele><time>2026-07-24T15:29:14Z</time><speed>0.000</speed><sat>17</sat></trkpt>
  <trkpt lat="26.42040333" lon="-80.16476500"><ele>0.853</ele><time>2026-07-24T15:29:15Z</time><speed>0.000</speed><sat>17</sat></trkpt>
  <trkpt lat="26.42040333" lon="-80.16476500"><ele>0.853</ele><time>2026-07-24T15:29:16Z</time><speed>0.000</speed><sat>17</sat></trkpt>
  <trkpt lat="26.42040333" lon="-80.16481000"><ele>1.653</ele><time>2026-07-24T15:29:17Z</time><speed>2.077</speed><sat>17</sat></trkpt>
  <trkpt lat="26.42040833" lon="-80.16483667"><ele>2.353</ele><time>2026-07-24T15:29:18Z</time><speed>2.344</speed><sat>17</sat></trkpt>
  <trkpt lat="26.42042167" lon="-80.16487000"><ele>3.353</ele><time>2026-07-24T15:29:19Z</time><speed>3.165</speed><sat>17</sat></trkpt>
  <trkpt lat="26.42044500" lon="-80.16489333"><ele>4.053</ele><time>2026-07-24T15:29:20Z</time><speed>3.701</speed><sat>17</sat></trkpt>
  <trkpt lat="26.42047500" lon="-80.16491667"><ele>4.553</ele><time>2026-07-24T15:29:21Z</time><speed>4.124</speed><sat>17</sat></trkpt>
  <trkpt lat="26.42051167" lon="-80.16493333"><ele>4.753</ele><time>2026-07-24T15:29:22Z</time><speed>4.327</speed><sat>17</sat></trkpt>
  <trkpt lat="26.42054833" lon="-80.16494667"><ele>5.153</ele><time>2026-07-24T15:29:23Z</time><speed>4.669</speed><sat>17</sat></trkpt>
  <trkpt lat="26.42058833" lon="-80.16496667"><ele>5.353</ele><time>2026-07-24T15:29:24Z</time><speed>5.058</speed><sat>17</sat></trkpt>
  <trkpt lat="26.42063500" lon="-80.16498667"><ele>5.852</ele><time>2026-07-24T15:29:25Z</time><speed>4.929</speed><sat>17</sat></trkpt>
  <trkpt lat="26.42067833" lon="-80.16500167"><ele>5.752</ele><time>2026-07-24T15:29:26Z</time><speed>4.906</speed><sat>17</sat></trkpt>
  <trkpt lat="26.42072500" lon="-80.16501333"><ele>5.252</ele><time>2026-07-24T15:29:27Z</time><speed>4.797</speed><sat>17</sat></trkpt>
  <trkpt lat="26.42077000" lon="-80.16502500"><ele>5.352</ele><time>2026-07-24T15:29:28Z</time><speed>4.966</speed><sat>17</sat></trkpt>
  <trkpt lat="26.42080667" lon="-80.16504667"><ele>5.452</ele><time>2026-07-24T15:29:29Z</time><speed>4.980</speed><sat>17</sat></trkpt>
  <trkpt lat="26.42085000" lon="-80.16506667"><ele>5.952</ele><time>2026-07-24T15:29:30Z</time><speed>4.758</speed><sat>17</sat></trkpt>
  <trkpt lat="26.42088667" lon="-80.16508833"><ele>6.252</ele><time>2026-07-24T15:29:31Z</time><speed>4.964</speed><sat>17</sat></trkpt>
  <trkpt lat="26.42092833" lon="-80.16510333"><ele>6.052</ele><time>2026-07-24T15:29:32Z</time><speed>4.682</speed><sat>17</sat></trkpt>
  <trkpt lat="26.42096667" lon="-80.16512333"><ele>6.152</ele><time>2026-07-24T15:29:33Z</time><speed>4.910</speed><sat>16</sat></trkpt>
  <trkpt lat="26.42100833" lon="-80.16514333"><ele>5.952</ele><time>2026-07-24T15:29:34Z</time><speed>5.059</speed><sat>16</sat></trkpt>
  <trkpt lat="26.42104667" lon="-80.16516667"><ele>5.952</ele><time>2026-07-24T15:29:35Z</time><speed>4.834</speed><sat>17</sat></trkpt>
  <trkpt lat="26.42108333" lon="-80.16518667"><ele>5.952</ele><time>2026-07-24T15:29:36Z</time><speed>4.687</speed><sat>17</sat></trkpt>
  <trkpt lat="26.42112000" lon="-80.16520833"><ele>6.152</ele><time>2026-07-24T15:29:37Z</time><speed>4.952</speed><sat>17</sat></trkpt>
  <trkpt lat="26.42115333" lon="-80.16522333"><ele>6.952</ele><time>2026-07-24T15:29:38Z</time><speed>4.420</speed><sat>17</sat></trkpt>
  <trkpt lat="26.42118667" lon="-80.16524167"><ele>7.352</ele><time>2026-07-24T15:29:39Z</time><speed>4.131</speed><sat>16</sat></trkpt>
  <trkpt lat="26.42122000" lon="-80.16526333"><ele>7.552</ele><time>2026-07-24T15:29:40Z</time><speed>3.604</speed><sat>16</sat></trkpt>
  <trkpt lat="26.42125167" lon="-80.16529333"><ele>7.152</ele><time>2026-07-24T15:29:41Z</time><speed>3.158</speed><sat>16</sat></trkpt>
  <trkpt lat="26.42128833" lon="-80.16532167"><ele>7.051</ele><time>2026-07-24T15:29:42Z</time><speed>3.667</speed><sat>17</sat></trkpt>
  <trkpt lat="26.42133167" lon="-80.16534833"><ele>6.051</ele><time>2026-07-24T15:29:43Z</time><speed>4.939</speed><sat>17</sat></trkpt>
  <trkpt lat="26.42137667" lon="-80.16537500"><ele>5.151</ele><time>2026-07-24T15:29:44Z</time><speed>4.975</speed><sat>17</sat></trkpt>
  <trkpt lat="26.42141833" lon="-80.16540000"><ele>4.751</ele><time>2026-07-24T15:29:45Z</time><speed>4.978</speed><sat>16</sat></trkpt>
  <trkpt lat="26.42146167" lon="-80.16542333"><ele>4.651</ele><time>2026-07-24T15:29:46Z</time><speed>5.154</speed><sat>17</sat></trkpt>
  <trkpt lat="26.42150500" lon="-80.16544667"><ele>4.251</ele><time>2026-07-24T15:29:47Z</time><speed>5.658</speed><sat>17</sat></trkpt>
  <trkpt lat="26.42154500" lon="-80.16547500"><ele>4.151</ele><time>2026-07-24T15:29:48Z</time><speed>5.535</speed><sat>17</sat></trkpt>
  <trkpt lat="26.42158500" lon="-80.16550500"><ele>4.351</ele><time>2026-07-24T15:29:49Z</time><speed>5.183</speed><sat>17</sat></trkpt>
  <trkpt lat="26.42162333" lon="-80.16553167"><ele>4.451</ele><time>2026-07-24T15:29:50Z</time><speed>4.756</speed><sat>17</sat></trkpt>
  <trkpt lat="26.42166000" lon="-80.16555500"><ele>3.851</ele><time>2026-07-24T15:29:51Z</time><speed>4.745</speed><sat>17</sat></trkpt>
  <trkpt lat="26.42169667" lon="-80.16558000"><ele>3.951</ele><time>2026-07-24T15:29:52Z</time><speed>4.740</speed><sat>16</sat></trkpt>
  <trkpt lat="26.42173500" lon="-80.16560667"><ele>3.751</ele><time>2026-07-24T15:29:53Z</time><speed>4.988</speed><sat>17</sat></trkpt>
  <trkpt lat="26.42177167" lon="-80.16563667"><ele>3.550</ele><time>2026-07-24T15:29:54Z</time><speed>4.857</speed><sat>16</sat></trkpt>
  <trkpt lat="26.42181000" lon="-80.16567000"><ele>3.650</ele><time>2026-07-24T15:29:55Z</time><speed>5.238</speed><sat>16</sat></trkpt>
  <trkpt lat="26.42185167" lon="-80.16570333"><ele>3.550</ele><time>2026-07-24T15:29:56Z</time><speed>5.266</speed><sat>17</sat></trkpt>
  <trkpt lat="26.42189333" lon="-80.16573667"><ele>3.550</ele><time>2026-07-24T15:29:57Z</time><speed>5.583</speed><sat>16</sat></trkpt>
  <trkpt lat="26.42193500" lon="-80.16576833"><ele>3.150</ele><time>2026-07-24T15:29:58Z</time><speed>5.801</speed><sat>16</sat></trkpt>
  <trkpt lat="26.42197833" lon="-80.16580333"><ele>2.950</ele><time>2026-07-24T15:29:59Z</time><speed>5.929</speed><sat>17</sat></trkpt>
  <trkpt lat="26.42202667" lon="-80.16583667"><ele>3.150</ele><time>2026-07-24T15:30:00Z</time><speed>6.053</speed><sat>17</sat></trkpt>
  <trkpt lat="26.42207500" lon="-80.16586833"><ele>3.550</ele><time>2026-07-24T15:30:01Z</time><speed>6.073</speed><sat>17</sat></trkpt>
  <trkpt lat="26.42212333" lon="-80.16590167"><ele>3.150</ele><time>2026-07-24T15:30:02Z</time><speed>6.083</speed><sat>17</sat></trkpt>
  <trkpt lat="26.42217000" lon="-80.16593500"><ele>3.049</ele><time>2026-07-24T15:30:03Z</time><speed>6.120</speed><sat>17</sat></trkpt>
  <trkpt lat="26.42221667" lon="-80.16597167"><ele>3.049</ele><time>2026-07-24T15:30:04Z</time><speed>6.116</speed><sat>17</sat></trkpt>
  <trkpt lat="26.42226167" lon="-80.16601167"><ele>3.349</ele><time>2026-07-24T15:30:05Z</time><speed>6.455</speed><sat>17</sat></trkpt>
  <trkpt lat="26.42230667" lon="-80.16605833"><ele>3.849</ele><time>2026-07-24T15:30:06Z</time><speed>6.771</speed><sat>16</sat></trkpt>
  <trkpt lat="26.42235000" lon="-80.16610167"><ele>5.049</ele><time>2026-07-24T15:30:07Z</time><speed>6.014</speed><sat>17</sat></trkpt>
  <trkpt lat="26.42238167" lon="-80.16614500"><ele>6.249</ele><time>2026-07-24T15:30:08Z</time><speed>6.012</speed><sat>17</sat></trkpt>
  <trkpt lat="26.42241667" lon="-80.16619833"><ele>7.048</ele><time>2026-07-24T15:30:09Z</time><speed>6.142</speed><sat>17</sat></trkpt>
  <trkpt lat="26.42244833" lon="-80.16624667"><ele>7.548</ele><time>2026-07-24T15:30:10Z</time><speed>6.160</speed><sat>17</sat></trkpt>
  <trkpt lat="26.42247333" lon="-80.16630000"><ele>7.548</ele><time>2026-07-24T15:30:11Z</time><speed>5.656</speed><sat>17</sat></trkpt>
  <trkpt lat="26.42249667" lon="-80.16635167"><ele>7.448</ele><time>2026-07-24T15:30:12Z</time><speed>6.527</speed><sat>17</sat></trkpt>
  <trkpt lat="26.42251833" lon="-80.16640833"><ele>6.948</ele><time>2026-07-24T15:30:13Z</time><speed>6.391</speed><sat>17</sat></trkpt>
  <trkpt lat="26.42253333" lon="-80.16647667"><ele>6.647</ele><time>2026-07-24T15:30:14Z</time><speed>6.310</speed><sat>17</sat></trkpt>
  <trkpt lat="26.42254500" lon="-80.16654333"><ele>5.847</ele><time>2026-07-24T15:30:15Z</time><speed>6.292</speed><sat>16</sat></trkpt>
  <trkpt lat="26.42255333" lon="-80.16660333"><ele>5.247</ele><time>2026-07-24T15:30:16Z</time><speed>6.515</speed><sat>17</sat></trkpt>
  <trkpt lat="26.42256167" lon="-80.16666833"><ele>4.247</ele><time>2026-07-24T15:30:17Z</time><speed>6.480</speed><sat>17</sat></trkpt>
  <trkpt lat="26.42256167" lon="-80.16673833"><ele>3.946</ele><time>2026-07-24T15:30:18Z</time><speed>7.019</speed><sat>17</sat></trkpt>
  <trkpt lat="26.42256000" lon="-80.16681167"><ele>3.846</ele><time>2026-07-24T15:30:19Z</time><speed>7.343</speed><sat>17</sat></trkpt>
  <trkpt lat="26.42255667" lon="-80.16688500"><ele>3.646</ele><time>2026-07-24T15:30:20Z</time><speed>6.912</speed><sat>17</sat></trkpt>
  <trkpt lat="26.42255667" lon="-80.16695833"><ele>3.645</ele><time>2026-07-24T15:30:21Z</time><speed>6.884</speed><sat>16</sat></trkpt>
  <trkpt lat="26.42255500" lon="-80.16703000"><ele>3.645</ele><time>2026-07-24T15:30:22Z</time><speed>6.902</speed><sat>17</sat></trkpt>
  <trkpt lat="26.42255500" lon="-80.16710000"><ele>3.945</ele><time>2026-07-24T15:30:23Z</time><speed>6.133</speed><sat>17</sat></trkpt>
  <trkpt lat="26.42255833" lon="-80.16716500"><ele>4.045</ele><time>2026-07-24T15:30:24Z</time><speed>6.460</speed><sat>17</sat></trkpt>
  <trkpt lat="26.42256000" lon="-80.16723167"><ele>3.944</ele><time>2026-07-24T15:30:25Z</time><speed>6.821</speed><sat>16</sat></trkpt>
  <trkpt lat="26.42256667" lon="-80.16730500"><ele>4.344</ele><time>2026-07-24T15:30:26Z</time><speed>6.260</speed><sat>16</sat></trkpt>
  <trkpt lat="26.42257000" lon="-80.16737667"><ele>4.244</ele><time>2026-07-24T15:30:27Z</time><speed>6.616</speed><sat>16</sat></trkpt>
  <trkpt lat="26.42257000" lon="-80.16745500"><ele>3.543</ele><time>2026-07-24T15:30:28Z</time><speed>6.777</speed><sat>16</sat></trkpt>
  <trkpt lat="26.42256833" lon="-80.16751667"><ele>2.843</ele><time>2026-07-24T15:30:29Z</time><speed>6.534</speed><sat>16</sat></trkpt>
  <trkpt lat="26.42256167" lon="-80.16757833"><ele>1.843</ele><time>2026-07-24T15:30:30Z</time><speed>6.555</speed><sat>16</sat></trkpt>
  <trkpt lat="26.42256000" lon="-80.16764000"><ele>1.743</ele><time>2026-07-24T15:30:31Z</time><speed>6.304</speed><sat>16</sat></trkpt>
  <trkpt lat="26.42256500" lon="-80.16770500"><ele>2.142</ele><time>2026-07-24T15:30:32Z</time><speed>6.435</speed><sat>16</sat></trkpt>
  <trkpt lat="26.42257667" lon="-80.16777333"><ele>2.342</ele><time>2026-07-24T15:30:33Z</time><speed>6.412</speed><sat>16</sat></trkpt>
  <trkpt lat="26.42258333" lon="-80.16783833"><ele>1.942</ele><time>2026-07-24T15:30:34Z</time><speed>6.820</speed><sat>16</sat></trkpt>
  <trkpt lat="26.42258833" lon="-80.16790667"><ele>1.442</ele><time>2026-07-24T15:30:35Z</time><speed>7.097</speed><sat>16</sat></trkpt>
  <trkpt lat="26.42258833" lon="-80.16797333"><ele>1.641</ele><time>2026-07-24T15:30:36Z</time><speed>6.646</speed><sat>16</sat></trkpt>
  <trkpt lat="26.42259333" lon="-80.16804167"><ele>2.141</ele><time>2026-07-24T15:30:37Z</time><speed>6.675</speed><sat>16</sat></trkpt>
  <trkpt lat="26.42259833" lon="-80.16811000"><ele>2.641</ele><time>2026-07-24T15:30:38Z</time><speed>6.909</speed><sat>16</sat></trkpt>
  <trkpt lat="26.42260000" lon="-80.16817833"><ele>3.340</ele><time>2026-07-24T15:30:39Z</time><speed>6.915</speed><sat>16</sat></trkpt>
  <trkpt lat="26.42260167" lon="-80.16824667"><ele>3.740</ele><time>2026-07-24T15:30:40Z</time><speed>6.742</speed><sat>16</sat></trkpt>
  <trkpt lat="26.42260833" lon="-80.16831333"><ele>3.840</ele><time>2026-07-24T15:30:41Z</time><speed>6.883</speed><sat>16</sat></trkpt>
  <trkpt lat="26.42261167" lon="-80.16837500"><ele>2.940</ele><time>2026-07-24T15:30:42Z</time><speed>7.212</speed><sat>15</sat></trkpt>
  <trkpt lat="26.42261000" lon="-80.16843333"><ele>2.239</ele><time>2026-07-24T15:30:43Z</time><speed>7.213</speed><sat>15</sat></trkpt>
  <trkpt lat="26.42260500" lon="-80.16848833"><ele>1.839</ele><time>2026-07-24T15:30:44Z</time><speed>7.304</speed><sat>16</sat></trkpt>
  <trkpt lat="26.42260000" lon="-80.16855500"><ele>1.939</ele><time>2026-07-24T15:30:45Z</time><speed>6.833</speed><sat>16</sat></trkpt>
  <trkpt lat="26.42259000" lon="-80.16861667"><ele>2.839</ele><time>2026-07-24T15:30:46Z</time><speed>6.811</speed><sat>16</sat></trkpt>
  <trkpt lat="26.42257833" lon="-80.16867667"><ele>3.338</ele><time>2026-07-24T15:30:47Z</time><speed>6.848</speed><sat>16</sat></trkpt>
  <trkpt lat="26.42256167" lon="-80.16873833"><ele>4.038</ele><time>2026-07-24T15:30:48Z</time><speed>6.839</speed><sat>15</sat></trkpt>
  <trkpt lat="26.42254167" lon="-80.16880000"><ele>4.438</ele><time>2026-07-24T15:30:49Z</time><speed>6.968</speed><sat>16</sat></trkpt>
  <trkpt lat="26.42252500" lon="-80.16885667"><ele>4.738</ele><time>2026-07-24T15:30:50Z</time><speed>6.961</speed><sat>16</sat></trkpt>
  <trkpt lat="26.42250333" lon="-80.16892333"><ele>4.837</ele><time>2026-07-24T15:30:51Z</time><speed>6.944</speed><sat>16</sat></trkpt>
  <trkpt lat="26.42246833" lon="-80.16898833"><ele>5.237</ele><time>2026-07-24T15:30:52Z</time><speed>6.758</speed><sat>16</sat></trkpt>
  <trkpt lat="26.42243500" lon="-80.16904333"><ele>4.937</ele><time>2026-07-24T15:30:53Z</time><speed>6.023</speed><sat>16</sat></trkpt>
  <trkpt lat="26.42239500" lon="-80.16910500"><ele>5.137</ele><time>2026-07-24T15:30:54Z</time><speed>6.195</speed><sat>15</sat></trkpt>
  <trkpt lat="26.42234500" lon="-80.16916333"><ele>5.836</ele><time>2026-07-24T15:30:55Z</time><speed>6.419</speed><sat>16</sat></trkpt>
  <trkpt lat="26.42230333" lon="-80.16921667"><ele>6.736</ele><time>2026-07-24T15:30:56Z</time><speed>6.075</speed><sat>15</sat></trkpt>
  <trkpt lat="26.42226333" lon="-80.16926167"><ele>7.636</ele><time>2026-07-24T15:30:57Z</time><speed>6.092</speed><sat>16</sat></trkpt>
  <trkpt lat="26.42223000" lon="-80.16930667"><ele>8.136</ele><time>2026-07-24T15:30:58Z</time><speed>5.777</speed><sat>16</sat></trkpt>
  <trkpt lat="26.42219667" lon="-80.16934167"><ele>8.235</ele><time>2026-07-24T15:30:59Z</time><speed>4.968</speed><sat>16</sat></trkpt>
  <trkpt lat="26.42216333" lon="-80.16935833"><ele>9.135</ele><time>2026-07-24T15:31:00Z</time><speed>4.851</speed><sat>16</sat></trkpt>
  <trkpt lat="26.42212167" lon="-80.16938000"><ele>9.335</ele><time>2026-07-24T15:31:01Z</time><speed>5.117</speed><sat>16</sat></trkpt>
  <trkpt lat="26.42208833" lon="-80.16940500"><ele>10.035</ele><time>2026-07-24T15:31:02Z</time><speed>5.091</speed><sat>16</sat></trkpt>
  <trkpt lat="26.42205333" lon="-80.16942167"><ele>10.835</ele><time>2026-07-24T15:31:03Z</time><speed>4.746</speed><sat>16</sat></trkpt>
  <trkpt lat="26.42201667" lon="-80.16944333"><ele>11.435</ele><time>2026-07-24T15:31:04Z</time><speed>4.721</speed><sat>16</sat></trkpt>
  <trkpt lat="26.42198833" lon="-80.16946000"><ele>11.735</ele><time>2026-07-24T15:31:05Z</time><speed>4.526</speed><sat>16</sat></trkpt>
  <trkpt lat="26.42194667" lon="-80.16946500"><ele>12.435</ele><time>2026-07-24T15:31:06Z</time><speed>4.798</speed><sat>16</sat></trkpt>
  <trkpt lat="26.42189333" lon="-80.16948000"><ele>13.035</ele><time>2026-07-24T15:31:07Z</time><speed>4.803</speed><sat>16</sat></trkpt>
  <trkpt lat="26.42184833" lon="-80.16948667"><ele>13.635</ele><time>2026-07-24T15:31:08Z</time><speed>4.892</speed><sat>16</sat></trkpt>
  <trkpt lat="26.42180167" lon="-80.16949667"><ele>14.835</ele><time>2026-07-24T15:31:09Z</time><speed>5.019</speed><sat>16</sat></trkpt>
  <trkpt lat="26.42175000" lon="-80.16950667"><ele>15.434</ele><time>2026-07-24T15:31:10Z</time><speed>4.996</speed><sat>16</sat></trkpt>
  <trkpt lat="26.42170167" lon="-80.16951833"><ele>15.834</ele><time>2026-07-24T15:31:11Z</time><speed>4.849</speed><sat>16</sat></trkpt>
  <trkpt lat="26.42165500" lon="-80.16953500"><ele>15.534</ele><time>2026-07-24T15:31:12Z</time><speed>5.490</speed><sat>16</sat></trkpt>
  <trkpt lat="26.42160500" lon="-80.16955167"><ele>15.134</ele><time>2026-07-24T15:31:13Z</time><speed>5.900</speed><sat>16</sat></trkpt>
  <trkpt lat="26.42155000" lon="-80.16956333"><ele>15.034</ele><time>2026-07-24T15:31:14Z</time><speed>5.923</speed><sat>16</sat></trkpt>
  <trkpt lat="26.42149500" lon="-80.16957833"><ele>14.534</ele><time>2026-07-24T15:31:15Z</time><speed>6.028</speed><sat>16</sat></trkpt>
  <trkpt lat="26.42144000" lon="-80.16958833"><ele>14.334</ele><time>2026-07-24T15:31:16Z</time><speed>6.033</speed><sat>16</sat></trkpt>
  <trkpt lat="26.42138500" lon="-80.16960167"><ele>15.134</ele><time>2026-07-24T15:31:17Z</time><speed>6.057</speed><sat>16</sat></trkpt>
  <trkpt lat="26.42133167" lon="-80.16961333"><ele>15.134</ele><time>2026-07-24T15:31:18Z</time><speed>6.019</speed><sat>16</sat></trkpt>
  <trkpt lat="26.42128333" lon="-80.16962333"><ele>13.634</ele><time>2026-07-24T15:31:19Z</time><speed>5.894</speed><sat>15</sat></trkpt>
  <trkpt lat="26.42124167" lon="-80.16964833"><ele>12.334</ele><time>2026-07-24T15:31:20Z</time><speed>4.763</speed><sat>15</sat></trkpt>
  <trkpt lat="26.42120667" lon="-80.16965500"><ele>12.334</ele><time>2026-07-24T15:31:21Z</time><speed>3.410</speed><sat>16</sat></trkpt>
  <trkpt lat="26.42119000" lon="-80.16966000"><ele>12.034</ele><time>2026-07-24T15:31:22Z</time><speed>2.065</speed><sat>16</sat></trkpt>
  <trkpt lat="26.42118667" lon="-80.16965833"><ele>12.834</ele><time>2026-07-24T15:31:23Z</time><speed>0.000</speed><sat>16</sat></trkpt>
  <trkpt lat="26.42119000" lon="-80.16965833"><ele>12.834</ele><time>2026-07-24T15:31:24Z</time><speed>0.000</speed><sat>16</sat></trkpt>
  <trkpt lat="26.42119167" lon="-80.16966000"><ele>13.034</ele><time>2026-07-24T15:31:25Z</time><speed>0.000</speed><sat>16</sat></trkpt>
  <trkpt lat="26.42119167" lon="-80.16966000"><ele>13.034</ele><time>2026-07-24T15:31:26Z</time><speed>0.000</speed><sat>16</sat></trkpt>
  <trkpt lat="26.42119167" lon="-80.16966000"><ele>13.034</ele><time>2026-07-24T15:31:27Z</time><speed>0.000</speed><sat>16</sat></trkpt>
  <trkpt lat="26.42119167" lon="-80.16966000"><ele>13.034</ele><time>2026-07-24T15:31:28Z</time><speed>0.000</speed><sat>16</sat></trkpt>
  <trkpt lat="26.42119167" lon="-80.16966000"><ele>13.034</ele><time>2026-07-24T15:31:29Z</time><speed>0.000</speed><sat>16</sat></trkpt>
  <trkpt lat="26.42119167" lon="-80.16966000"><ele>13.034</ele><time>2026-07-24T15:31:30Z</time><speed>0.000</speed><sat>16</sat></trkpt>
  <trkpt lat="26.42119167" lon="-80.16966000"><ele>13.034</ele><time>2026-07-24T15:31:31Z</time><speed>0.000</speed><sat>16</sat></trkpt>
  <trkpt lat="26.42119167" lon="-80.16966000"><ele>13.034</ele><time>2026-07-24T15:31:32Z</time><speed>0.000</speed><sat>16</sat></trkpt>
  <trkpt lat="26.42119167" lon="-80.16966000"><ele>13.034</ele><time>2026-07-24T15:31:33Z</time><speed>0.000</speed><sat>16</sat></trkpt>
  <trkpt lat="26.42119167" lon="-80.16966000"><ele>13.034</ele><time>2026-07-24T15:31:34Z</time><speed>0.000</speed><sat>16</sat></trkpt>
  <trkpt lat="26.42119167" lon="-80.16966000"><ele>13.034</ele><time>2026-07-24T15:31:35Z</time><speed>0.000</speed><sat>16</sat></trkpt>
  <trkpt lat="26.42119167" lon="-80.16966000"><ele>13.034</ele><time>2026-07-24T15:31:36Z</time><speed>0.000</speed><sat>16</sat></trkpt>
  <trkpt lat="26.42119167" lon="-80.16966000"><ele>13.034</ele><time>2026-07-24T15:31:37Z</time><speed>0.000</speed><sat>16</sat></trkpt>
  <trkpt lat="26.42119167" lon="-80.16966000"><ele>13.034</ele><time>2026-07-24T15:31:38Z</time><speed>0.000</speed><sat>16</sat></trkpt>
  <trkpt lat="26.42119167" lon="-80.16966000"><ele>13.034</ele><time>2026-07-24T15:31:39Z</time><speed>0.000</speed><sat>16</sat></trkpt>
  <trkpt lat="26.42119167" lon="-80.16966000"><ele>13.034</ele><time>2026-07-24T15:31:40Z</time><speed>0.000</speed><sat>16</sat></trkpt>
  <trkpt lat="26.42119167" lon="-80.16966000"><ele>13.034</ele><time>2026-07-24T15:31:41Z</time><speed>0.000</speed><sat>16</sat></trkpt>
  <trkpt lat="26.42119167" lon="-80.16966000"><ele>13.034</ele><time>2026-07-24T15:31:42Z</time><speed>0.000</speed><sat>16</sat></trkpt>
  <trkpt lat="26.42119167" lon="-80.16966000"><ele>13.034</ele><time>2026-07-24T15:31:43Z</time><speed>0.000</speed><sat>16</sat></trkpt>
  <trkpt lat="26.42119167" lon="-80.16966000"><ele>13.034</ele><time>2026-07-24T15:31:44Z</time><speed>0.000</speed><sat>16</sat></trkpt>
  <trkpt lat="26.42119167" lon="-80.16966000"><ele>13.034</ele><time>2026-07-24T15:31:45Z</time><speed>0.000</speed><sat>16</sat></trkpt>
  <trkpt lat="26.42119167" lon="-80.16966000"><ele>13.034</ele><time>2026-07-24T15:31:46Z</time><speed>0.000</speed><sat>16</sat></trkpt>
  <trkpt lat="26.42119167" lon="-80.16966000"><ele>13.034</ele><time>2026-07-24T15:31:47Z</time><speed>0.000</speed><sat>16</sat></trkpt>
  <trkpt lat="26.42119167" lon="-80.16966000"><ele>13.034</ele><time>2026-07-24T15:31:48Z</time><speed>0.000</speed><sat>16</sat></trkpt>
  <trkpt lat="26.42119167" lon="-80.16966000"><ele>13.034</ele><time>2026-07-24T15:31:49Z</time><speed>0.000</speed><sat>16</sat></trkpt>
  <trkpt lat="26.42119167" lon="-80.16966000"><ele>13.034</ele><time>2026-07-24T15:31:50Z</time><speed>0.000</speed><sat>16</sat></trkpt>
  <trkpt lat="26.42119167" lon="-80.16966000"><ele>13.034</ele><time>2026-07-24T15:31:51Z</time><speed>0.000</speed><sat>16</sat></trkpt>
  <trkpt lat="26.42119167" lon="-80.16966000"><ele>13.034</ele><time>2026-07-24T15:31:52Z</time><speed>0.000</speed><sat>16</sat></trkpt>
  <trkpt lat="26.42119167" lon="-80.16966000"><ele>13.034</ele><time>2026-07-24T15:31:53Z</time><speed>0.000</speed><sat>16</sat></trkpt>
  <trkpt lat="26.42119167" lon="-80.16966000"><ele>13.034</ele><time>2026-07-24T15:31:54Z</time><speed>0.000</speed><sat>16</sat></trkpt>
  <trkpt lat="26.42119167" lon="-80.16966000"><ele>13.034</ele><time>2026-07-24T15:31:55Z</time><speed>0.000</speed><sat>16</sat></trkpt>
  <trkpt lat="26.42119667" lon="-80.16966667"><ele>13.034</ele><time>2026-07-24T15:31:56Z</time><speed>3.152</speed><sat>16</sat></trkpt>
  <trkpt lat="26.42116333" lon="-80.16967000"><ele>12.833</ele><time>2026-07-24T15:31:57Z</time><speed>3.914</speed><sat>16</sat></trkpt>
  <trkpt lat="26.42112333" lon="-80.16967500"><ele>12.733</ele><time>2026-07-24T15:31:58Z</time><speed>4.572</speed><sat>16</sat></trkpt>
  <trkpt lat="26.42107833" lon="-80.16968667"><ele>13.133</ele><time>2026-07-24T15:31:59Z</time><speed>5.028</speed><sat>16</sat></trkpt>
  <trkpt lat="26.42103500" lon="-80.16970333"><ele>13.233</ele><time>2026-07-24T15:32:00Z</time><speed>5.525</speed><sat>16</sat></trkpt>
  <trkpt lat="26.42097667" lon="-80.16972333"><ele>13.433</ele><time>2026-07-24T15:32:01Z</time><speed>5.942</speed><sat>16</sat></trkpt>
  <trkpt lat="26.42092000" lon="-80.16974167"><ele>13.433</ele><time>2026-07-24T15:32:02Z</time><speed>6.228</speed><sat>16</sat></trkpt>
  <trkpt lat="26.42086000" lon="-80.16976000"><ele>13.533</ele><time>2026-07-24T15:32:03Z</time><speed>6.513</speed><sat>16</sat></trkpt>
  <trkpt lat="26.42079833" lon="-80.16976833"><ele>13.233</ele><time>2026-07-24T15:32:04Z</time><speed>6.625</speed><sat>16</sat></trkpt>
  <trkpt lat="26.42073500" lon="-80.16978000"><ele>13.433</ele><time>2026-07-24T15:32:05Z</time><speed>6.732</speed><sat>15</sat></trkpt>
  <trkpt lat="26.42067167" lon="-80.16979500"><ele>13.433</ele><time>2026-07-24T15:32:06Z</time><speed>6.745</speed><sat>15</sat></trkpt>
  <trkpt lat="26.42060833" lon="-80.16981500"><ele>13.633</ele><time>2026-07-24T15:32:07Z</time><speed>6.857</speed><sat>15</sat></trkpt>
  <trkpt lat="26.42054500" lon="-80.16983667"><ele>13.432</ele><time>2026-07-24T15:32:08Z</time><speed>6.986</speed><sat>15</sat></trkpt>
  <trkpt lat="26.42048667" lon="-80.16985500"><ele>13.732</ele><time>2026-07-24T15:32:09Z</time><speed>6.852</speed><sat>15</sat></trkpt>
  <trkpt lat="26.42043667" lon="-80.16987167"><ele>13.832</ele><time>2026-07-24T15:32:10Z</time><speed>7.039</speed><sat>15</sat></trkpt>
  <trkpt lat="26.42037833" lon="-80.16989000"><ele>14.032</ele><time>2026-07-24T15:32:11Z</time><speed>6.717</speed><sat>16</sat></trkpt>
  <trkpt lat="26.42031667" lon="-80.16990333"><ele>14.332</ele><time>2026-07-24T15:32:12Z</time><speed>6.914</speed><sat>16</sat></trkpt>
  <trkpt lat="26.42025667" lon="-80.16991500"><ele>14.332</ele><time>2026-07-24T15:32:13Z</time><speed>5.541</speed><sat>16</sat></trkpt>
  <trkpt lat="26.42021500" lon="-80.16992833"><ele>14.432</ele><time>2026-07-24T15:32:14Z</time><speed>4.093</speed><sat>16</sat></trkpt>
  <trkpt lat="26.42018833" lon="-80.16993000"><ele>13.832</ele><time>2026-07-24T15:32:15Z</time><speed>3.660</speed><sat>16</sat></trkpt>
  <trkpt lat="26.42016000" lon="-80.16993500"><ele>13.932</ele><time>2026-07-24T15:32:16Z</time><speed>4.050</speed><sat>16</sat></trkpt>
  <trkpt lat="26.42012167" lon="-80.16993667"><ele>13.932</ele><time>2026-07-24T15:32:17Z</time><speed>4.743</speed><sat>16</sat></trkpt>
  <trkpt lat="26.42007333" lon="-80.16994000"><ele>14.132</ele><time>2026-07-24T15:32:18Z</time><speed>5.319</speed><sat>16</sat></trkpt>
  <trkpt lat="26.42002000" lon="-80.16994000"><ele>14.432</ele><time>2026-07-24T15:32:19Z</time><speed>5.743</speed><sat>16</sat></trkpt>
  <trkpt lat="26.41996500" lon="-80.16994167"><ele>13.732</ele><time>2026-07-24T15:32:20Z</time><speed>6.089</speed><sat>16</sat></trkpt>
  <trkpt lat="26.41990667" lon="-80.16993500"><ele>14.032</ele><time>2026-07-24T15:32:21Z</time><speed>6.435</speed><sat>16</sat></trkpt>
  <trkpt lat="26.41984833" lon="-80.16992333"><ele>13.932</ele><time>2026-07-24T15:32:22Z</time><speed>6.699</speed><sat>16</sat></trkpt>
  <trkpt lat="26.41978833" lon="-80.16990500"><ele>13.832</ele><time>2026-07-24T15:32:23Z</time><speed>6.905</speed><sat>16</sat></trkpt>
  <trkpt lat="26.41972667" lon="-80.16988500"><ele>13.632</ele><time>2026-07-24T15:32:24Z</time><speed>7.361</speed><sat>16</sat></trkpt>
  <trkpt lat="26.41966000" lon="-80.16986667"><ele>13.532</ele><time>2026-07-24T15:32:25Z</time><speed>7.324</speed><sat>16</sat></trkpt>
  <trkpt lat="26.41959333" lon="-80.16985000"><ele>13.332</ele><time>2026-07-24T15:32:26Z</time><speed>7.524</speed><sat>16</sat></trkpt>
  <trkpt lat="26.41952500" lon="-80.16983167"><ele>13.632</ele><time>2026-07-24T15:32:27Z</time><speed>7.640</speed><sat>16</sat></trkpt>
  <trkpt lat="26.41946167" lon="-80.16981167"><ele>14.332</ele><time>2026-07-24T15:32:28Z</time><speed>7.802</speed><sat>16</sat></trkpt>
  <trkpt lat="26.41939333" lon="-80.16979500"><ele>14.132</ele><time>2026-07-24T15:32:29Z</time><speed>7.883</speed><sat>16</sat></trkpt>
  <trkpt lat="26.41932333" lon="-80.16978000"><ele>13.732</ele><time>2026-07-24T15:32:30Z</time><speed>7.763</speed><sat>16</sat></trkpt>
  <trkpt lat="26.41925500" lon="-80.16976500"><ele>13.832</ele><time>2026-07-24T15:32:31Z</time><speed>7.892</speed><sat>16</sat></trkpt>
  <trkpt lat="26.41918333" lon="-80.16975000"><ele>14.332</ele><time>2026-07-24T15:32:32Z</time><speed>7.883</speed><sat>16</sat></trkpt>
  <trkpt lat="26.41911333" lon="-80.16973500"><ele>14.132</ele><time>2026-07-24T15:32:33Z</time><speed>7.881</speed><sat>16</sat></trkpt>
  <trkpt lat="26.41904167" lon="-80.16971333"><ele>13.632</ele><time>2026-07-24T15:32:34Z</time><speed>7.857</speed><sat>16</sat></trkpt>
  <trkpt lat="26.41896833" lon="-80.16969667"><ele>13.632</ele><time>2026-07-24T15:32:35Z</time><speed>7.768</speed><sat>16</sat></trkpt>
  <trkpt lat="26.41890333" lon="-80.16967500"><ele>13.332</ele><time>2026-07-24T15:32:36Z</time><speed>7.909</speed><sat>16</sat></trkpt>
  <trkpt lat="26.41883500" lon="-80.16965333"><ele>13.132</ele><time>2026-07-24T15:32:37Z</time><speed>7.731</speed><sat>16</sat></trkpt>
  <trkpt lat="26.41876167" lon="-80.16963500"><ele>13.732</ele><time>2026-07-24T15:32:38Z</time><speed>7.835</speed><sat>16</sat></trkpt>
  <trkpt lat="26.41869833" lon="-80.16962333"><ele>13.732</ele><time>2026-07-24T15:32:39Z</time><speed>7.820</speed><sat>16</sat></trkpt>
  <trkpt lat="26.41863167" lon="-80.16960833"><ele>13.332</ele><time>2026-07-24T15:32:40Z</time><speed>7.625</speed><sat>16</sat></trkpt>
  <trkpt lat="26.41856500" lon="-80.16959000"><ele>12.932</ele><time>2026-07-24T15:32:41Z</time><speed>7.707</speed><sat>16</sat></trkpt>
  <trkpt lat="26.41849500" lon="-80.16957167"><ele>12.732</ele><time>2026-07-24T15:32:42Z</time><speed>7.817</speed><sat>16</sat></trkpt>
  <trkpt lat="26.41842833" lon="-80.16955667"><ele>12.832</ele><time>2026-07-24T15:32:43Z</time><speed>7.697</speed><sat>16</sat></trkpt>
  <trkpt lat="26.41836000" lon="-80.16954000"><ele>12.832</ele><time>2026-07-24T15:32:44Z</time><speed>7.912</speed><sat>16</sat></trkpt>
  <trkpt lat="26.41829000" lon="-80.16952833"><ele>13.232</ele><time>2026-07-24T15:32:45Z</time><speed>7.703</speed><sat>16</sat></trkpt>
  <trkpt lat="26.41822000" lon="-80.16951000"><ele>13.532</ele><time>2026-07-24T15:32:46Z</time><speed>7.726</speed><sat>16</sat></trkpt>
  <trkpt lat="26.41815000" lon="-80.16950000"><ele>13.632</ele><time>2026-07-24T15:32:47Z</time><speed>7.708</speed><sat>16</sat></trkpt>
  <trkpt lat="26.41808000" lon="-80.16948667"><ele>13.333</ele><time>2026-07-24T15:32:48Z</time><speed>7.695</speed><sat>16</sat></trkpt>
  <trkpt lat="26.41801333" lon="-80.16945667"><ele>12.933</ele><time>2026-07-24T15:32:49Z</time><speed>7.700</speed><sat>16</sat></trkpt>
  <trkpt lat="26.41795500" lon="-80.16943000"><ele>12.533</ele><time>2026-07-24T15:32:50Z</time><speed>7.331</speed><sat>16</sat></trkpt>
  <trkpt lat="26.41789000" lon="-80.16939667"><ele>11.233</ele><time>2026-07-24T15:32:51Z</time><speed>7.340</speed><sat>16</sat></trkpt>
  <trkpt lat="26.41782667" lon="-80.16935500"><ele>10.433</ele><time>2026-07-24T15:32:52Z</time><speed>7.367</speed><sat>16</sat></trkpt>
  <trkpt lat="26.41777667" lon="-80.16930500"><ele>9.633</ele><time>2026-07-24T15:32:53Z</time><speed>7.585</speed><sat>16</sat></trkpt>
  <trkpt lat="26.41772833" lon="-80.16925333"><ele>9.833</ele><time>2026-07-24T15:32:54Z</time><speed>7.580</speed><sat>16</sat></trkpt>
  <trkpt lat="26.41769000" lon="-80.16918833"><ele>9.934</ele><time>2026-07-24T15:32:55Z</time><speed>7.746</speed><sat>16</sat></trkpt>
  <trkpt lat="26.41765333" lon="-80.16912333"><ele>10.234</ele><time>2026-07-24T15:32:56Z</time><speed>7.761</speed><sat>16</sat></trkpt>
  <trkpt lat="26.41761833" lon="-80.16905333"><ele>9.934</ele><time>2026-07-24T15:32:57Z</time><speed>7.748</speed><sat>16</sat></trkpt>
  <trkpt lat="26.41758333" lon="-80.16897667"><ele>9.334</ele><time>2026-07-24T15:32:58Z</time><speed>7.738</speed><sat>16</sat></trkpt>
  <trkpt lat="26.41755000" lon="-80.16890333"><ele>9.435</ele><time>2026-07-24T15:32:59Z</time><speed>7.730</speed><sat>16</sat></trkpt>
  <trkpt lat="26.41752333" lon="-80.16882833"><ele>10.035</ele><time>2026-07-24T15:33:00Z</time><speed>7.891</speed><sat>16</sat></trkpt>
  <trkpt lat="26.41750000" lon="-80.16875333"><ele>11.135</ele><time>2026-07-24T15:33:01Z</time><speed>7.887</speed><sat>16</sat></trkpt>
  <trkpt lat="26.41747833" lon="-80.16868333"><ele>11.835</ele><time>2026-07-24T15:33:02Z</time><speed>7.794</speed><sat>16</sat></trkpt>
  <trkpt lat="26.41746333" lon="-80.16861167"><ele>12.236</ele><time>2026-07-24T15:33:03Z</time><speed>7.630</speed><sat>16</sat></trkpt>
  <trkpt lat="26.41745167" lon="-80.16853667"><ele>11.836</ele><time>2026-07-24T15:33:04Z</time><speed>7.668</speed><sat>16</sat></trkpt>
  <trkpt lat="26.41744833" lon="-80.16846167"><ele>11.236</ele><time>2026-07-24T15:33:05Z</time><speed>7.509</speed><sat>16</sat></trkpt>
  <trkpt lat="26.41744000" lon="-80.16838000"><ele>10.437</ele><time>2026-07-24T15:33:06Z</time><speed>7.638</speed><sat>16</sat></trkpt>
  <trkpt lat="26.41743667" lon="-80.16830333"><ele>10.237</ele><time>2026-07-24T15:33:07Z</time><speed>7.655</speed><sat>16</sat></trkpt>
  <trkpt lat="26.41742833" lon="-80.16822500"><ele>10.237</ele><time>2026-07-24T15:33:08Z</time><speed>7.638</speed><sat>16</sat></trkpt>
  <trkpt lat="26.41743167" lon="-80.16815000"><ele>10.938</ele><time>2026-07-24T15:33:09Z</time><speed>7.674</speed><sat>16</sat></trkpt>
  <trkpt lat="26.41743500" lon="-80.16807500"><ele>11.838</ele><time>2026-07-24T15:33:10Z</time><speed>7.322</speed><sat>16</sat></trkpt>
  <trkpt lat="26.41743833" lon="-80.16800333"><ele>12.038</ele><time>2026-07-24T15:33:11Z</time><speed>6.582</speed><sat>16</sat></trkpt>
  <trkpt lat="26.41744000" lon="-80.16794333"><ele>12.239</ele><time>2026-07-24T15:33:12Z</time><speed>5.700</speed><sat>16</sat></trkpt>
  <trkpt lat="26.41744167" lon="-80.16789000"><ele>12.439</ele><time>2026-07-24T15:33:13Z</time><speed>4.599</speed><sat>16</sat></trkpt>
  <trkpt lat="26.41744500" lon="-80.16785333"><ele>13.139</ele><time>2026-07-24T15:33:14Z</time><speed>3.153</speed><sat>16</sat></trkpt>
  <trkpt lat="26.41744500" lon="-80.16782667"><ele>12.939</ele><time>2026-07-24T15:33:15Z</time><speed>2.858</speed><sat>16</sat></trkpt>
  <trkpt lat="26.41744500" lon="-80.16780333"><ele>12.739</ele><time>2026-07-24T15:33:16Z</time><speed>2.457</speed><sat>16</sat></trkpt>
  <trkpt lat="26.41744167" lon="-80.16778333"><ele>12.339</ele><time>2026-07-24T15:33:17Z</time><speed>2.450</speed><sat>16</sat></trkpt>
  <trkpt lat="26.41744167" lon="-80.16775667"><ele>11.739</ele><time>2026-07-24T15:33:18Z</time><speed>3.456</speed><sat>16</sat></trkpt>
  <trkpt lat="26.41743833" lon="-80.16772500"><ele>11.439</ele><time>2026-07-24T15:33:19Z</time><speed>2.996</speed><sat>16</sat></trkpt>
  <trkpt lat="26.41743333" lon="-80.16769667"><ele>11.640</ele><time>2026-07-24T15:33:20Z</time><speed>2.853</speed><sat>16</sat></trkpt>
  <trkpt lat="26.41741833" lon="-80.16767333"><ele>11.540</ele><time>2026-07-24T15:33:21Z</time><speed>2.652</speed><sat>16</sat></trkpt>
  <trkpt lat="26.41739667" lon="-80.16766500"><ele>11.640</ele><time>2026-07-24T15:33:22Z</time><speed>2.456</speed><sat>16</sat></trkpt>
  <trkpt lat="26.41737500" lon="-80.16766000"><ele>12.040</ele><time>2026-07-24T15:33:23Z</time><speed>1.832</speed><sat>16</sat></trkpt>
  <trkpt lat="26.41736500" lon="-80.16766167"><ele>12.340</ele><time>2026-07-24T15:33:24Z</time><speed>0.000</speed><sat>16</sat></trkpt>
  <trkpt lat="26.41736500" lon="-80.16766833"><ele>12.740</ele><time>2026-07-24T15:33:25Z</time><speed>0.000</speed><sat>15</sat></trkpt>
  <trkpt lat="26.41736667" lon="-80.16767167"><ele>12.840</ele><time>2026-07-24T15:33:26Z</time><speed>0.000</speed><sat>16</sat></trkpt>
  <trkpt lat="26.41736667" lon="-80.16767167"><ele>12.840</ele><time>2026-07-24T15:33:27Z</time><speed>0.000</speed><sat>15</sat></trkpt>
  <trkpt lat="26.41736667" lon="-80.16767167"><ele>12.840</ele><time>2026-07-24T15:33:28Z</time><speed>0.000</speed><sat>15</sat></trkpt>
  <trkpt lat="26.41736667" lon="-80.16767167"><ele>12.840</ele><time>2026-07-24T15:33:29Z</time><speed>0.000</speed><sat>15</sat></trkpt>
  <trkpt lat="26.41736667" lon="-80.16767167"><ele>12.840</ele><time>2026-07-24T15:33:30Z</time><speed>0.000</speed><sat>15</sat></trkpt>
  <trkpt lat="26.41736667" lon="-80.16767167"><ele>12.840</ele><time>2026-07-24T15:33:31Z</time><speed>0.000</speed><sat>15</sat></trkpt>
  <trkpt lat="26.41736667" lon="-80.16767167"><ele>12.840</ele><time>2026-07-24T15:33:32Z</time><speed>0.000</speed><sat>15</sat></trkpt>
  <trkpt lat="26.41736667" lon="-80.16767167"><ele>12.840</ele><time>2026-07-24T15:33:33Z</time><speed>0.000</speed><sat>15</sat></trkpt>
  <trkpt lat="26.41736667" lon="-80.16767167"><ele>12.840</ele><time>2026-07-24T15:33:34Z</time><speed>0.000</speed><sat>15</sat></trkpt>
  <trkpt lat="26.41736667" lon="-80.16767167"><ele>12.840</ele><time>2026-07-24T15:33:35Z</time><speed>0.000</speed><sat>15</sat></trkpt>
  <trkpt lat="26.41736667" lon="-80.16767167"><ele>12.840</ele><time>2026-07-24T15:33:36Z</time><speed>0.000</speed><sat>15</sat></trkpt>
  <trkpt lat="26.41736667" lon="-80.16767167"><ele>12.840</ele><time>2026-07-24T15:33:37Z</time><speed>0.000</speed><sat>15</sat></trkpt>
  <trkpt lat="26.41733667" lon="-80.16767333"><ele>13.140</ele><time>2026-07-24T15:33:38Z</time><speed>3.492</speed><sat>15</sat></trkpt>
  <trkpt lat="26.41729667" lon="-80.16767667"><ele>13.240</ele><time>2026-07-24T15:33:39Z</time><speed>3.884</speed><sat>15</sat></trkpt>
  <trkpt lat="26.41725333" lon="-80.16767833"><ele>13.039</ele><time>2026-07-24T15:33:40Z</time><speed>3.561</speed><sat>15</sat></trkpt>
  <trkpt lat="26.41720500" lon="-80.16767333"><ele>11.739</ele><time>2026-07-24T15:33:41Z</time><speed>4.330</speed><sat>15</sat></trkpt>
  <trkpt lat="26.41715667" lon="-80.16767000"><ele>11.239</ele><time>2026-07-24T15:33:42Z</time><speed>4.700</speed><sat>15</sat></trkpt>
  <trkpt lat="26.41710667" lon="-80.16765833"><ele>10.939</ele><time>2026-07-24T15:33:43Z</time><speed>5.313</speed><sat>15</sat></trkpt>
  <trkpt lat="26.41705500" lon="-80.16764833"><ele>10.840</ele><time>2026-07-24T15:33:44Z</time><speed>6.000</speed><sat>15</sat></trkpt>
  <trkpt lat="26.41702500" lon="-80.16763833"><ele>9.940</ele><time>2026-07-24T15:33:45Z</time><speed>4.316</speed><sat>16</sat></trkpt>
  <trkpt lat="26.41700667" lon="-80.16763000"><ele>9.840</ele><time>2026-07-24T15:33:46Z</time><speed>2.356</speed><sat>16</sat></trkpt>
  <trkpt lat="26.41699500" lon="-80.16762333"><ele>10.340</ele><time>2026-07-24T15:33:47Z</time><speed>0.000</speed><sat>16</sat></trkpt>
  <trkpt lat="26.41699667" lon="-80.16762333"><ele>10.140</ele><time>2026-07-24T15:33:48Z</time><speed>0.000</speed><sat>16</sat></trkpt>
  <trkpt lat="26.41699500" lon="-80.16762167"><ele>10.340</ele><time>2026-07-24T15:33:49Z</time><speed>0.000</speed><sat>16</sat></trkpt>
  <trkpt lat="26.41699500" lon="-80.16762167"><ele>10.340</ele><time>2026-07-24T15:33:50Z</time><speed>0.000</speed><sat>16</sat></trkpt>
  <trkpt lat="26.41699500" lon="-80.16762167"><ele>10.340</ele><time>2026-07-24T15:33:51Z</time><speed>0.000</speed><sat>16</sat></trkpt>
  <trkpt lat="26.41699500" lon="-80.16762167"><ele>10.340</ele><time>2026-07-24T15:33:52Z</time><speed>0.000</speed><sat>16</sat></trkpt>
  <trkpt lat="26.41699167" lon="-80.16761333"><ele>10.940</ele><time>2026-07-24T15:33:53Z</time><speed>3.246</speed><sat>16</sat></trkpt>
  <trkpt lat="26.41698167" lon="-80.16760500"><ele>10.940</ele><time>2026-07-24T15:33:54Z</time><speed>3.690</speed><sat>16</sat></trkpt>
  <trkpt lat="26.41693500" lon="-80.16760167"><ele>10.440</ele><time>2026-07-24T15:33:55Z</time><speed>4.380</speed><sat>16</sat></trkpt>
  <trkpt lat="26.41687833" lon="-80.16760000"><ele>10.540</ele><time>2026-07-24T15:33:56Z</time><speed>5.043</speed><sat>16</sat></trkpt>
  <trkpt lat="26.41682000" lon="-80.16760833"><ele>10.740</ele><time>2026-07-24T15:33:57Z</time><speed>5.222</speed><sat>16</sat></trkpt>
  <trkpt lat="26.41676500" lon="-80.16762500"><ele>10.439</ele><time>2026-07-24T15:33:58Z</time><speed>5.558</speed><sat>16</sat></trkpt>
  <trkpt lat="26.41671000" lon="-80.16763500"><ele>9.739</ele><time>2026-07-24T15:33:59Z</time><speed>5.415</speed><sat>16</sat></trkpt>
  <trkpt lat="26.41665667" lon="-80.16764500"><ele>9.539</ele><time>2026-07-24T15:34:00Z</time><speed>5.965</speed><sat>16</sat></trkpt>
  <trkpt lat="26.41660000" lon="-80.16765000"><ele>10.139</ele><time>2026-07-24T15:34:01Z</time><speed>6.004</speed><sat>16</sat></trkpt>
  <trkpt lat="26.41654833" lon="-80.16768000"><ele>10.139</ele><time>2026-07-24T15:34:02Z</time><speed>5.635</speed><sat>16</sat></trkpt>
  <trkpt lat="26.41650500" lon="-80.16772833"><ele>9.739</ele><time>2026-07-24T15:34:03Z</time><speed>6.134</speed><sat>16</sat></trkpt>
  <trkpt lat="26.41646667" lon="-80.16778500"><ele>9.239</ele><time>2026-07-24T15:34:04Z</time><speed>6.345</speed><sat>16</sat></trkpt>
  <trkpt lat="26.41643833" lon="-80.16784667"><ele>9.738</ele><time>2026-07-24T15:34:05Z</time><speed>6.470</speed><sat>16</sat></trkpt>
  <trkpt lat="26.41640167" lon="-80.16790667"><ele>10.538</ele><time>2026-07-24T15:34:06Z</time><speed>6.377</speed><sat>16</sat></trkpt>
  <trkpt lat="26.41636833" lon="-80.16795833"><ele>11.238</ele><time>2026-07-24T15:34:07Z</time><speed>6.518</speed><sat>16</sat></trkpt>
  <trkpt lat="26.41632833" lon="-80.16801667"><ele>11.538</ele><time>2026-07-24T15:34:08Z</time><speed>7.047</speed><sat>16</sat></trkpt>
  <trkpt lat="26.41629167" lon="-80.16807833"><ele>10.537</ele><time>2026-07-24T15:34:09Z</time><speed>7.324</speed><sat>16</sat></trkpt>
  <trkpt lat="26.41625000" lon="-80.16814500"><ele>9.637</ele><time>2026-07-24T15:34:10Z</time><speed>7.414</speed><sat>15</sat></trkpt>
  <trkpt lat="26.41622833" lon="-80.16821833"><ele>8.337</ele><time>2026-07-24T15:34:11Z</time><speed>7.615</speed><sat>15</sat></trkpt>
  <trkpt lat="26.41622833" lon="-80.16828667"><ele>7.636</ele><time>2026-07-24T15:34:12Z</time><speed>7.174</speed><sat>16</sat></trkpt>
  <trkpt lat="26.41623667" lon="-80.16836500"><ele>8.336</ele><time>2026-07-24T15:34:13Z</time><speed>7.167</speed><sat>15</sat></trkpt>
  <trkpt lat="26.41623500" lon="-80.16843833"><ele>8.436</ele><time>2026-07-24T15:34:14Z</time><speed>7.130</speed><sat>15</sat></trkpt>
  <trkpt lat="26.41624167" lon="-80.16851167"><ele>8.535</ele><time>2026-07-24T15:34:15Z</time><speed>6.912</speed><sat>15</sat></trkpt>
  <trkpt lat="26.41624333" lon="-80.16858333"><ele>8.935</ele><time>2026-07-24T15:34:16Z</time><speed>6.912</speed><sat>15</sat></trkpt>
  <trkpt lat="26.41624833" lon="-80.16864833"><ele>9.035</ele><time>2026-07-24T15:34:17Z</time><speed>6.933</speed><sat>15</sat></trkpt>
  <trkpt lat="26.41626167" lon="-80.16872000"><ele>8.635</ele><time>2026-07-24T15:34:18Z</time><speed>6.804</speed><sat>15</sat></trkpt>
  <trkpt lat="26.41627167" lon="-80.16878500"><ele>8.834</ele><time>2026-07-24T15:34:19Z</time><speed>7.297</speed><sat>15</sat></trkpt>
  <trkpt lat="26.41628333" lon="-80.16885667"><ele>8.934</ele><time>2026-07-24T15:34:20Z</time><speed>7.282</speed><sat>15</sat></trkpt>
  <trkpt lat="26.41627833" lon="-80.16892500"><ele>9.434</ele><time>2026-07-24T15:34:21Z</time><speed>7.073</speed><sat>15</sat></trkpt>
  <trkpt lat="26.41627833" lon="-80.16899000"><ele>9.034</ele><time>2026-07-24T15:34:22Z</time><speed>6.899</speed><sat>15</sat></trkpt>
  <trkpt lat="26.41628000" lon="-80.16906000"><ele>9.233</ele><time>2026-07-24T15:34:23Z</time><speed>7.013</speed><sat>15</sat></trkpt>
  <trkpt lat="26.41628000" lon="-80.16913167"><ele>8.833</ele><time>2026-07-24T15:34:24Z</time><speed>7.103</speed><sat>15</sat></trkpt>
  <trkpt lat="26.41628000" lon="-80.16920333"><ele>9.033</ele><time>2026-07-24T15:34:25Z</time><speed>6.934</speed><sat>15</sat></trkpt>
  <trkpt lat="26.41628667" lon="-80.16927667"><ele>9.632</ele><time>2026-07-24T15:34:26Z</time><speed>7.069</speed><sat>15</sat></trkpt>
  <trkpt lat="26.41629667" lon="-80.16934500"><ele>10.332</ele><time>2026-07-24T15:34:27Z</time><speed>7.060</speed><sat>15</sat></trkpt>
  <trkpt lat="26.41631500" lon="-80.16941833"><ele>10.632</ele><time>2026-07-24T15:34:28Z</time><speed>6.898</speed><sat>15</sat></trkpt>
  <trkpt lat="26.41631833" lon="-80.16949500"><ele>11.231</ele><time>2026-07-24T15:34:29Z</time><speed>6.597</speed><sat>15</sat></trkpt>
  <trkpt lat="26.41632333" lon="-80.16956667"><ele>11.731</ele><time>2026-07-24T15:34:30Z</time><speed>6.292</speed><sat>15</sat></trkpt>
  <trkpt lat="26.41632000" lon="-80.16963667"><ele>12.131</ele><time>2026-07-24T15:34:31Z</time><speed>6.906</speed><sat>15</sat></trkpt>
  <trkpt lat="26.41632167" lon="-80.16970500"><ele>12.831</ele><time>2026-07-24T15:34:32Z</time><speed>6.995</speed><sat>15</sat></trkpt>
  <trkpt lat="26.41631167" lon="-80.16977500"><ele>12.930</ele><time>2026-07-24T15:34:33Z</time><speed>7.001</speed><sat>15</sat></trkpt>
  <trkpt lat="26.41629500" lon="-80.16984167"><ele>12.530</ele><time>2026-07-24T15:34:34Z</time><speed>7.249</speed><sat>15</sat></trkpt>
  <trkpt lat="26.41628333" lon="-80.16990333"><ele>11.930</ele><time>2026-07-24T15:34:35Z</time><speed>6.761</speed><sat>15</sat></trkpt>
  <trkpt lat="26.41628000" lon="-80.16996833"><ele>11.230</ele><time>2026-07-24T15:34:36Z</time><speed>6.390</speed><sat>15</sat></trkpt>
  <trkpt lat="26.41627500" lon="-80.17002500"><ele>10.829</ele><time>2026-07-24T15:34:37Z</time><speed>5.743</speed><sat>15</sat></trkpt>
  <trkpt lat="26.41628833" lon="-80.17007500"><ele>11.329</ele><time>2026-07-24T15:34:38Z</time><speed>5.333</speed><sat>15</sat></trkpt>
  <trkpt lat="26.41631000" lon="-80.17011333"><ele>11.029</ele><time>2026-07-24T15:34:39Z</time><speed>4.632</speed><sat>16</sat></trkpt>
  <trkpt lat="26.41635167" lon="-80.17013500"><ele>10.929</ele><time>2026-07-24T15:34:40Z</time><speed>5.010</speed><sat>15</sat></trkpt>
  <trkpt lat="26.41639500" lon="-80.17015667"><ele>10.729</ele><time>2026-07-24T15:34:41Z</time><speed>5.025</speed><sat>16</sat></trkpt>
  <trkpt lat="26.41643667" lon="-80.17017000"><ele>10.129</ele><time>2026-07-24T15:34:42Z</time><speed>5.013</speed><sat>16</sat></trkpt>
  <trkpt lat="26.41647833" lon="-80.17017333"><ele>9.529</ele><time>2026-07-24T15:34:43Z</time><speed>4.857</speed><sat>16</sat></trkpt>
  <trkpt lat="26.41651167" lon="-80.17016000"><ele>9.029</ele><time>2026-07-24T15:34:44Z</time><speed>4.018</speed><sat>16</sat></trkpt>
  <trkpt lat="26.41653500" lon="-80.17014833"><ele>9.329</ele><time>2026-07-24T15:34:45Z</time><speed>2.061</speed><sat>15</sat></trkpt>
  <trkpt lat="26.41654500" lon="-80.17014000"><ele>9.629</ele><time>2026-07-24T15:34:46Z</time><speed>0.000</speed><sat>15</sat></trkpt>
  <trkpt lat="26.41654833" lon="-80.17013833"><ele>9.729</ele><time>2026-07-24T15:34:47Z</time><speed>0.000</speed><sat>15</sat></trkpt>
  <trkpt lat="26.41654667" lon="-80.17014000"><ele>9.829</ele><time>2026-07-24T15:34:48Z</time><speed>0.000</speed><sat>15</sat></trkpt>
  <trkpt lat="26.41654667" lon="-80.17014000"><ele>9.829</ele><time>2026-07-24T15:34:49Z</time><speed>0.000</speed><sat>16</sat></trkpt>
  <trkpt lat="26.41654667" lon="-80.17014000"><ele>9.829</ele><time>2026-07-24T15:34:50Z</time><speed>0.000</speed><sat>16</sat></trkpt>
  <trkpt lat="26.41654667" lon="-80.17014000"><ele>9.829</ele><time>2026-07-24T15:34:51Z</time><speed>0.000</speed><sat>16</sat></trkpt>
  <trkpt lat="26.41654667" lon="-80.17014000"><ele>9.829</ele><time>2026-07-24T15:34:52Z</time><speed>0.000</speed><sat>16</sat></trkpt>
  <trkpt lat="26.41654667" lon="-80.17014000"><ele>9.829</ele><time>2026-07-24T15:34:53Z</time><speed>0.000</speed><sat>16</sat></trkpt>
  <trkpt lat="26.41654667" lon="-80.17014000"><ele>9.829</ele><time>2026-07-24T15:34:54Z</time><speed>0.000</speed><sat>15</sat></trkpt>
  <trkpt lat="26.41654667" lon="-80.17014000"><ele>9.829</ele><time>2026-07-24T15:34:55Z</time><speed>0.000</speed><sat>15</sat></trkpt>
  <trkpt lat="26.41654667" lon="-80.17014000"><ele>9.829</ele><time>2026-07-24T15:34:56Z</time><speed>0.000</speed><sat>15</sat></trkpt>
  <trkpt lat="26.41654667" lon="-80.17014000"><ele>9.829</ele><time>2026-07-24T15:34:57Z</time><speed>0.000</speed><sat>15</sat></trkpt>
  <trkpt lat="26.41654667" lon="-80.17014000"><ele>9.829</ele><time>2026-07-24T15:34:58Z</time><speed>0.000</speed><sat>16</sat></trkpt>
  <trkpt lat="26.41654667" lon="-80.17014000"><ele>9.829</ele><time>2026-07-24T15:34:59Z</time><speed>0.000</speed><sat>16</sat></trkpt>
  <trkpt lat="26.41654667" lon="-80.17014000"><ele>9.829</ele><time>2026-07-24T15:35:00Z</time><speed>0.000</speed><sat>16</sat></trkpt>
  <trkpt lat="26.41654667" lon="-80.17014000"><ele>9.829</ele><time>2026-07-24T15:35:01Z</time><speed>0.000</speed><sat>16</sat></trkpt>
  <trkpt lat="26.41654667" lon="-80.17014000"><ele>9.829</ele><time>2026-07-24T15:35:02Z</time><speed>0.000</speed><sat>16</sat></trkpt>
 </trkseg>
</trk>

</gpx>
 