type,date time,latitude,longitude,accuracy(m),altitude(m),geoid_height(m),speed(m/s),bearing(deg),sat_used,sat_inview,name,desc
W,2026-07-24 17:54:58.000,26.40988333,-80.16669333,1.50,12.739,-27.739,0.000,,17,19,,Station 4
W,2026-07-24 18:05:12.000,26.41094333,-80.16585333,1.50,18.743,-27.743,0.000,,17,18,,Int19
W,2026-07-24 18:07:00.000,26.41258000,-80.16404000,1.60,13.152,-27.752,1.558,14,17,18,,Int20
W,2026-07-24 18:08:36.000,26.41264500,-80.16154000,1.40,12.562,-27.762,0.000,,14,18,,Intxxx
W,2026-07-24 18:17:45.000,26.41065000,-80.16109667,1.70,25.963,-27.763,0.000,,16,21,,Gate
T,2026-07-24 17:54:56.000,26.40988333,-80.16669333,1.50,12.739,-27.739,0.000,,16,19,20260724-135456,GPS Logger: 20260724-135456 - ST4-Gate
T,2026-07-24 17:54:57.000,26.40988333,-80.16669333,1.50,12.739,-27.739,0.000,,16,19,,
T,2026-07-24 17:54:58.000,26.40988333,-80.16669333,1.50,12.739,-27.739,0.000,,17,19,,
T,2026-07-24 17:54:59.000,26.40988333,-80.16669333,1.50,12.739,-27.739,0.000,,17,19,,
T,2026-07-24 17:55:00.000,26.40988333,-80.16669333,1.50,12.739,-27.739,0.000,,17,19,,
T,2026-07-24 17:55:01.000,26.40988333,-80.16669333,1.50,12.739,-27.739,0.000,,17,19,,
T,2026-07-24 17:55:02.000,26.40988333,-80.16669333,1.50,12.739,-27.739,0.000,,17,19,,
T,2026-07-24 17:55:03.000,26.40988333,-80.16669333,1.50,12.739,-27.739,0.000,,17,19,,
T,2026-07-24 17:55:04.000,26.40988333,-80.16669333,1.50,12.739,-27.739,0.000,,17,19,,
T,2026-07-24 17:55:05.000,26.40988333,-80.16669333,1.50,12.739,-27.739,0.000,,17,19,,
T,2026-07-24 17:55:06.000,26.40988333,-80.16669333,1.50,12.739,-27.739,0.000,,17,19,,
T,2026-07-24 17:55:07.000,26.40988333,-80.16669333,1.50,12.739,-27.739,0.000,,17,19,,
T,2026-07-24 17:55:08.000,26.40988333,-80.16669333,1.60,12.739,-27.739,0.000,,17,19,,
T,2026-07-24 17:55:09.000,26.40988333,-80.16669333,1.50,12.739,-27.739,0.000,,17,19,,
T,2026-07-24 17:55:10.000,26.40988333,-80.16669333,1.50,12.739,-27.739,0.000,,17,19,,
T,2026-07-24 17:55:11.000,26.40988333,-80.16669333,1.60,12.739,-27.739,0.000,,17,19,,
T,2026-07-24 17:55:12.000,26.40988333,-80.16669333,1.50,12.739,-27.739,0.000,,17,19,,
T,2026-07-24 17:55:13.000,26.40988333,-80.16669333,1.50,12.739,-27.739,0.000,,17,19,,
T,2026-07-24 17:55:14.000,26.40988333,-80.16669333,1.60,12.739,-27.739,0.000,,17,19,,
T,2026-07-24 17:55:15.000,26.40988333,-80.16669333,1.60,12.739,-27.739,0.000,,17,19,,
T,2026-07-24 17:55:16.000,26.40988333,-80.16669333,1.60,12.739,-27.739,0.000,,16,19,,
T,2026-07-24 17:55:17.000,26.40988333,-80.16669333,1.60,12.739,-27.739,0.000,,17,19,,
T,2026-07-24 17:55:18.000,26.40988333,-80.16669333,1.60,12.739,-27.739,0.000,,17,19,,
T,2026-07-24 17:55:19.000,26.40988333,-80.16669333,1.70,12.739,-27.739,0.000,,17,19,,
T,2026-07-24 17:55:20.000,26.40988333,-80.16669333,1.70,12.739,-27.739,0.000,,17,19,,
T,2026-07-24 17:55:21.000,26.40988333,-80.16669333,1.70,12.739,-27.739,0.000,,17,19,,
T,2026-07-24 17:55:22.000,26.40988333,-80.16669333,1.70,12.739,-27.739,0.000,,17,19,,
T,2026-07-24 17:55:23.000,26.40988333,-80.16669333,1.70,12.739,-27.739,0.000,,17,19,,
T,2026-07-24 17:55:24.000,26.40988333,-80.16669333,1.70,12.739,-27.739,0.000,,17,19,,
T,2026-07-24 17:55:25.000,26.40988333,-80.16669333,1.70,12.739,-27.739,0.000,,17,19,,
T,2026-07-24 17:55:26.000,26.40986667,-80.16670333,1.70,12.239,-27.739,0.295,226,16,19,,
T,2026-07-24 17:55:27.000,26.40986500,-80.16670167,1.60,12.339,-27.739,0.324,210,16,19,,
T,2026-07-24 17:55:28.000,26.40986500,-80.16670000,1.60,12.239,-27.739,0.000,,16,19,,
T,2026-07-24 17:55:29.000,26.40986333,-80.16670333,1.60,12.039,-27.739,0.000,,16,19,,
T,2026-07-24 17:55:30.000,26.40986333,-80.16670333,1.60,11.839,-27.739,0.000,,17,19,,
T,2026-07-24 17:55:31.000,26.40986333,-80.16670333,1.60,11.839,-27.739,0.000,,17,19,,
T,2026-07-24 17:55:32.000,26.40986333,-80.16670333,1.60,11.839,-27.739,0.000,,15,19,,
T,2026-07-24 17:55:33.000,26.40986333,-80.16670333,1.60,11.839,-27.739,0.000,,16,19,,
T,2026-07-24 17:55:34.000,26.40986333,-80.16670333,1.60,11.839,-27.739,0.000,,16,19,,
T,2026-07-24 17:55:35.000,26.40986333,-80.16670333,1.60,11.839,-27.739,0.000,,15,19,,
T,2026-07-24 17:55:36.000,26.40986333,-80.16670333,1.60,11.839,-27.739,0.000,,15,19,,
T,2026-07-24 17:55:37.000,26.40986333,-80.16670333,1.60,11.839,-27.739,0.000,,16,19,,
T,2026-07-24 17:55:38.000,26.40986333,-80.16670333,1.60,11.839,-27.739,0.000,,15,19,,
T,2026-07-24 17:55:39.000,26.40986333,-80.16670333,1.60,11.839,-27.739,0.000,,16,19,,
T,2026-07-24 17:55:40.000,26.40986833,-80.16667667,1.70,11.039,-27.739,0.235,90,17,19,,
T,2026-07-24 17:55:41.000,26.40986667,-80.16667000,1.70,10.840,-27.740,0.283,92,17,19,,
T,2026-07-24 17:55:42.000,26.40986500,-80.16666500,1.80,10.740,-27.740,0.333,98,17,19,,
T,2026-07-24 17:55:43.000,26.40986500,-80.16665333,1.80,10.640,-27.740,0.387,91,16,19,,
T,2026-07-24 17:55:44.000,26.40986333,-80.16664500,1.90,10.440,-27.740,0.450,93,16,19,,
T,2026-07-24 17:55:45.000,26.40986333,-80.16663500,1.90,10.240,-27.740,0.523,94,16,19,,
T,2026-07-24 17:55:46.000,26.40986500,-80.16662333,1.90,10.140,-27.740,0.594,89,16,19,,
T,2026-07-24 17:55:47.000,26.40986500,-80.16661500,2.00,9.640,-27.740,0.692,92,16,19,,
T,2026-07-24 17:55:48.000,26.40986500,-80.16660000,1.90,9.440,-27.740,0.814,89,17,19,,
T,2026-07-24 17:55:49.000,26.40986333,-80.16658833,1.90,9.140,-27.740,0.858,101,17,19,,
T,2026-07-24 17:55:50.000,26.40985500,-80.16657500,1.90,8.840,-27.740,0.939,122,17,19,,
T,2026-07-24 17:55:51.000,26.40984500,-80.16655833,1.90,8.540,-27.740,1.004,106,17,19,,
T,2026-07-24 17:55:52.000,26.40983667,-80.16654500,1.80,8.140,-27.740,1.065,134,17,19,,
T,2026-07-24 17:55:53.000,26.40982333,-80.16653833,1.70,7.640,-27.740,1.130,159,17,19,,
T,2026-07-24 17:55:54.000,26.40981167,-80.16653500,1.60,7.140,-27.740,1.239,165,17,19,,
T,2026-07-24 17:55:55.000,26.40979667,-80.16653333,1.70,6.840,-27.740,1.330,169,17,19,,
T,2026-07-24 17:55:56.000,26.40978167,-80.16652833,1.70,6.840,-27.740,1.427,167,17,19,,
T,2026-07-24 17:55:57.000,26.40976500,-80.16652333,1.70,7.040,-27.740,1.539,178,17,19,,
T,2026-07-24 17:55:58.000,26.40975000,-80.16651667,1.70,7.140,-27.740,1.578,176,17,19,,
T,2026-07-24 17:55:59.000,26.40973167,-80.16651333,1.70,7.340,-27.740,1.638,162,17,19,,
T,2026-07-24 17:56:00.000,26.40971500,-80.16650333,1.70,7.940,-27.740,1.672,160,17,19,,
T,2026-07-24 17:56:01.000,26.40969833,-80.16649333,1.80,8.240,-27.740,1.710,165,17,19,,
T,2026-07-24 17:56:02.000,26.40968333,-80.16648333,1.80,8.040,-27.740,1.788,132,17,19,,
T,2026-07-24 17:56:03.000,26.40967167,-80.16647000,1.90,8.140,-27.740,1.839,142,17,19,,
T,2026-07-24 17:56:04.000,26.40966500,-80.16645500,1.90,7.940,-27.740,1.820,131,16,19,,
T,2026-07-24 17:56:05.000,26.40966333,-80.16643833,1.90,7.640,-27.740,1.838,109,17,19,,
T,2026-07-24 17:56:06.000,26.40965667,-80.16641833,1.90,7.440,-27.740,1.866,97,17,19,,
T,2026-07-24 17:56:07.000,26.40965833,-80.16639833,1.80,7.441,-27.741,1.832,101,17,19,,
T,2026-07-24 17:56:08.000,26.40965833,-80.16637667,1.80,7.341,-27.741,1.826,96,17,19,,
T,2026-07-24 17:56:09.000,26.40965833,-80.16635833,1.80,7.341,-27.741,1.809,112,17,19,,
T,2026-07-24 17:56:10.000,26.40965333,-80.16634167,1.80,6.841,-27.741,1.758,129,16,19,,
T,2026-07-24 17:56:11.000,26.40965167,-80.16632333,1.80,6.341,-27.741,1.758,94,17,19,,
T,2026-07-24 17:56:12.000,26.40965167,-80.16630167,1.80,6.041,-27.741,1.739,91,17,19,,
T,2026-07-24 17:56:13.000,26.40965000,-80.16628333,1.80,5.741,-27.741,1.749,88,17,19,,
T,2026-07-24 17:56:14.000,26.40964667,-80.16626333,1.80,5.441,-27.741,1.799,86,17,19,,
T,2026-07-24 17:56:15.000,26.40964500,-80.16624333,1.80,5.441,-27.741,1.820,91,17,19,,
T,2026-07-24 17:56:16.000,26.40964333,-80.16622167,1.80,5.641,-27.741,1.799,98,17,19,,
T,2026-07-24 17:56:17.000,26.40964333,-80.16620000,1.80,5.841,-27.741,1.838,90,17,19,,
T,2026-07-24 17:56:18.000,26.40964333,-80.16618000,1.80,5.841,-27.741,1.898,89,17,19,,
T,2026-07-24 17:56:19.000,26.40964500,-80.16615667,1.80,6.042,-27.742,1.946,93,17,19,,
T,2026-07-24 17:56:20.000,26.40964333,-80.16613667,1.80,6.342,-27.742,1.985,102,17,19,,
T,2026-07-24 17:56:21.000,26.40964167,-80.16611500,1.80,6.542,-27.742,2.020,92,17,19,,
T,2026-07-24 17:56:22.000,26.40964333,-80.16609167,1.80,6.142,-27.742,2.065,88,16,19,,
T,2026-07-24 17:56:23.000,26.40964500,-80.16606833,1.70,5.942,-27.742,2.108,87,17,19,,
T,2026-07-24 17:56:24.000,26.40964833,-80.16604667,1.60,5.542,-27.742,2.131,82,17,19,,
T,2026-07-24 17:56:25.000,26.40964833,-80.16602667,1.70,4.942,-27.742,2.154,87,17,19,,
T,2026-07-24 17:56:26.000,26.40964833,-80.16600333,1.80,4.842,-27.742,2.232,85,17,19,,
T,2026-07-24 17:56:27.000,26.40965000,-80.16597833,1.80,4.942,-27.742,2.219,90,17,19,,
T,2026-07-24 17:56:28.000,26.40964833,-80.16596000,1.70,4.842,-27.742,2.183,94,17,19,,
T,2026-07-24 17:56:29.000,26.40965167,-80.16593667,1.80,4.842,-27.742,2.189,77,16,19,,
T,2026-07-24 17:56:30.000,26.40965333,-80.16591333,1.70,5.143,-27.743,2.214,86,16,19,,
T,2026-07-24 17:56:31.000,26.40965167,-80.16589333,1.60,5.343,-27.743,2.218,83,17,19,,
T,2026-07-24 17:56:32.000,26.40965333,-80.16587167,1.70,4.943,-27.743,2.199,86,16,19,,
T,2026-07-24 17:56:33.000,26.40965167,-80.16585167,1.80,4.643,-27.743,2.208,106,16,19,,
T,2026-07-24 17:56:34.000,26.40964500,-80.16583333,1.80,4.443,-27.743,2.193,105,16,19,,
T,2026-07-24 17:56:35.000,26.40964500,-80.16581333,1.70,4.443,-27.743,2.179,84,16,19,,
T,2026-07-24 17:56:36.000,26.40964667,-80.16579333,1.70,4.643,-27.743,2.113,80,17,19,,
T,2026-07-24 17:56:37.000,26.40965000,-80.16577333,1.60,4.743,-27.743,2.132,72,16,19,,
T,2026-07-24 17:56:38.000,26.40965500,-80.16575000,1.60,5.143,-27.743,2.172,76,17,19,,
T,2026-07-24 17:56:39.000,26.40966000,-80.16572833,1.60,5.343,-27.743,2.209,72,17,19,,
T,2026-07-24 17:56:40.000,26.40966667,-80.16570333,1.60,5.943,-27.743,2.236,74,17,19,,
T,2026-07-24 17:56:41.000,26.40967333,-80.16567833,1.60,6.143,-27.743,2.266,74,17,19,,
T,2026-07-24 17:56:42.000,26.40967833,-80.16565333,1.60,6.244,-27.744,2.308,72,17,19,,
T,2026-07-24 17:56:43.000,26.40967667,-80.16563667,1.60,5.744,-27.744,2.315,76,17,19,,
T,2026-07-24 17:56:44.000,26.40968000,-80.16561000,1.60,5.844,-27.744,2.351,73,17,19,,
T,2026-07-24 17:56:45.000,26.40968667,-80.16558833,1.70,6.344,-27.744,2.329,74,17,19,,
T,2026-07-24 17:56:46.000,26.40968167,-80.16556833,1.70,6.644,-27.744,2.313,101,17,19,,
T,2026-07-24 17:56:47.000,26.40967167,-80.16554667,1.70,6.744,-27.744,2.318,110,17,19,,
T,2026-07-24 17:56:48.000,26.40966000,-80.16552333,1.70,6.644,-27.744,2.317,113,17,19,,
T,2026-07-24 17:56:49.000,26.40965000,-80.16550167,1.60,6.244,-27.744,2.275,122,17,19,,
T,2026-07-24 17:56:50.000,26.40964000,-80.16548667,1.60,5.744,-27.744,2.234,111,17,19,,
T,2026-07-24 17:56:51.000,26.40963500,-80.16546833,1.60,5.344,-27.744,2.204,97,17,19,,
T,2026-07-24 17:56:52.000,26.40963333,-80.16544833,1.60,4.944,-27.744,2.171,97,17,19,,
T,2026-07-24 17:56:53.000,26.40963167,-80.16542833,1.60,4.544,-27.744,2.135,92,17,19,,
T,2026-07-24 17:56:54.000,26.40963000,-80.16540833,1.60,4.245,-27.745,2.093,91,17,19,,
T,2026-07-24 17:56:55.000,26.40963333,-80.16538667,1.60,4.245,-27.745,2.130,75,17,19,,
T,2026-07-24 17:56:56.000,26.40963833,-80.16536167,1.70,4.145,-27.745,2.187,83,17,19,,
T,2026-07-24 17:56:57.000,26.40963833,-80.16533667,1.70,4.145,-27.745,2.193,90,17,19,,
T,2026-07-24 17:56:58.000,26.40963833,-80.16531167,1.70,4.345,-27.745,2.204,90,17,19,,
T,2026-07-24 17:56:59.000,26.40963667,-80.16528500,1.70,4.645,-27.745,2.243,84,17,19,,
T,2026-07-24 17:57:00.000,26.40963667,-80.16525833,1.70,4.945,-27.745,2.314,92,17,19,,
T,2026-07-24 17:57:01.000,26.40963500,-80.16523500,1.70,5.445,-27.745,2.318,104,17,19,,
T,2026-07-24 17:57:02.000,26.40963333,-80.16521000,1.70,5.845,-27.745,2.340,97,17,19,,
T,2026-07-24 17:57:03.000,26.40963333,-80.16518667,1.70,6.245,-27.745,2.364,97,17,19,,
T,2026-07-24 17:57:04.000,26.40963500,-80.16516500,1.60,6.446,-27.746,2.404,92,17,19,,
T,2026-07-24 17:57:05.000,26.40963500,-80.16514000,1.60,6.546,-27.746,2.423,95,17,19,,
T,2026-07-24 17:57:06.000,26.40963667,-80.16511333,1.60,6.746,-27.746,2.417,93,17,19,,
T,2026-07-24 17:57:07.000,26.40963667,-80.16508833,1.60,6.746,-27.746,2.397,96,17,19,,
T,2026-07-24 17:57:08.000,26.40963667,-80.16506500,1.50,6.746,-27.746,2.409,95,17,19,,
T,2026-07-24 17:57:09.000,26.40963667,-80.16504000,1.50,6.146,-27.746,2.421,95,17,19,,
T,2026-07-24 17:57:10.000,26.40963500,-80.16501333,1.50,5.946,-27.746,2.432,93,17,19,,
T,2026-07-24 17:57:11.000,26.40963333,-80.16498500,1.50,5.846,-27.746,2.473,85,17,19,,
T,2026-07-24 17:57:12.000,26.40963500,-80.16495833,1.50,5.546,-27.746,2.487,78,17,19,,
T,2026-07-24 17:57:13.000,26.40963833,-80.16493167,1.50,5.447,-27.747,2.516,82,17,19,,
T,2026-07-24 17:57:14.000,26.40964167,-80.16490667,1.50,5.647,-27.747,2.501,87,17,19,,
T,2026-07-24 17:57:15.000,26.40964500,-80.16488167,1.50,5.647,-27.747,2.448,85,17,19,,
T,2026-07-24 17:57:16.000,26.40964500,-80.16485833,1.50,5.547,-27.747,2.439,86,17,19,,
T,2026-07-24 17:57:17.000,26.40964500,-80.16483333,1.50,5.547,-27.747,2.446,85,17,19,,
T,2026-07-24 17:57:18.000,26.40964667,-80.16480833,1.50,5.847,-27.747,2.418,86,17,19,,
T,2026-07-24 17:57:19.000,26.40964833,-80.16478333,1.50,6.047,-27.747,2.396,83,17,19,,
T,2026-07-24 17:57:20.000,26.40965000,-80.16476000,1.50,5.847,-27.747,2.361,87,17,19,,
T,2026-07-24 17:57:21.000,26.40965167,-80.16473667,1.50,5.647,-27.747,2.341,79,17,19,,
T,2026-07-24 17:57:22.000,26.40965500,-80.16471167,1.50,5.247,-27.747,2.349,75,17,19,,
T,2026-07-24 17:57:23.000,26.40965500,-80.16468667,1.50,4.748,-27.748,2.344,85,17,19,,
T,2026-07-24 17:57:24.000,26.40965167,-80.16466667,1.60,4.548,-27.748,2.296,112,17,19,,
T,2026-07-24 17:57:25.000,26.40964833,-80.16464333,1.50,5.048,-27.748,2.302,101,17,19,,
T,2026-07-24 17:57:26.000,26.40964500,-80.16462000,1.50,5.148,-27.748,2.277,99,17,19,,
T,2026-07-24 17:57:27.000,26.40964167,-80.16459833,1.50,5.148,-27.748,2.259,98,17,19,,
T,2026-07-24 17:57:28.000,26.40964000,-80.16457667,1.40,5.648,-27.748,2.260,85,17,19,,
T,2026-07-24 17:57:29.000,26.40963833,-80.16455333,1.40,6.048,-27.748,2.249,89,17,19,,
T,2026-07-24 17:57:30.000,26.40963667,-80.16453167,1.40,6.248,-27.748,2.229,89,17,19,,
T,2026-07-24 17:57:31.000,26.40963667,-80.16451000,1.50,6.148,-27.748,2.204,93,17,19,,
T,2026-07-24 17:57:32.000,26.40963500,-80.16449000,1.60,5.948,-27.748,2.152,95,17,19,,
T,2026-07-24 17:57:33.000,26.40963833,-80.16446667,1.50,6.148,-27.748,2.102,89,17,19,,
T,2026-07-24 17:57:34.000,26.40963833,-80.16444667,1.50,6.149,-27.749,2.140,86,17,19,,
T,2026-07-24 17:57:35.000,26.40963833,-80.16442333,1.50,6.149,-27.749,2.177,90,17,19,,
T,2026-07-24 17:57:36.000,26.40963833,-80.16439833,1.50,6.349,-27.749,2.227,90,17,19,,
T,2026-07-24 17:57:37.000,26.40963833,-80.16437333,1.50,6.649,-27.749,2.248,97,17,19,,
T,2026-07-24 17:57:38.000,26.40963833,-80.16434833,1.50,6.849,-27.749,2.258,97,17,18,,
T,2026-07-24 17:57:39.000,26.40964000,-80.16432167,1.50,7.149,-27.749,2.267,89,17,18,,
T,2026-07-24 17:57:40.000,26.40964000,-80.16430000,1.50,7.049,-27.749,2.285,85,17,18,,
T,2026-07-24 17:57:41.000,26.40964167,-80.16427500,1.50,7.249,-27.749,2.302,90,17,18,,
T,2026-07-24 17:57:42.000,26.40964167,-80.16425000,1.50,7.249,-27.749,2.333,89,17,18,,
T,2026-07-24 17:57:43.000,26.40964167,-80.16422667,1.50,7.049,-27.749,2.353,84,17,18,,
T,2026-07-24 17:57:44.000,26.40964167,-80.16420333,1.50,7.050,-27.750,2.353,87,17,18,,
T,2026-07-24 17:57:45.000,26.40964333,-80.16417667,1.50,7.250,-27.750,2.348,95,17,18,,
T,2026-07-24 17:57:46.000,26.40964167,-80.16415333,1.50,7.450,-27.750,2.329,99,17,18,,
T,2026-07-24 17:57:47.000,26.40963667,-80.16413000,1.50,7.450,-27.750,2.326,110,17,18,,
T,2026-07-24 17:57:48.000,26.40963167,-80.16410667,1.50,7.550,-27.750,2.334,97,17,18,,
T,2026-07-24 17:57:49.000,26.40962833,-80.16408333,1.50,7.450,-27.750,2.345,98,17,18,,
T,2026-07-24 17:57:50.000,26.40962667,-80.16406000,1.60,7.250,-27.750,2.331,99,17,18,,
T,2026-07-24 17:57:51.000,26.40962500,-80.16403500,1.60,7.050,-27.750,2.354,99,17,18,,
T,2026-07-24 17:57:52.000,26.40962167,-80.16401000,1.50,6.850,-27.750,2.377,98,17,18,,
T,2026-07-24 17:57:53.000,26.40961833,-80.16398500,1.50,6.550,-27.750,2.372,104,17,18,,
T,2026-07-24 17:57:54.000,26.40961333,-80.16396500,1.50,6.251,-27.751,2.348,100,17,18,,
T,2026-07-24 17:57:55.000,26.40960667,-80.16394333,1.50,6.051,-27.751,2.338,112,17,18,,
T,2026-07-24 17:57:56.000,26.40960000,-80.16392167,1.50,5.951,-27.751,2.356,100,17,18,,
T,2026-07-24 17:57:57.000,26.40959833,-80.16390000,1.50,5.651,-27.751,2.379,95,17,18,,
T,2026-07-24 17:57:58.000,26.40959500,-80.16387667,1.50,5.551,-27.751,2.346,107,17,18,,
T,2026-07-24 17:57:59.000,26.40959000,-80.16385167,1.50,5.551,-27.751,2.331,110,17,18,,
T,2026-07-24 17:58:00.000,26.40958500,-80.16382667,1.50,5.851,-27.751,2.344,92,17,18,,
T,2026-07-24 17:58:01.000,26.40958500,-80.16380333,1.50,5.951,-27.751,2.325,86,17,18,,
T,2026-07-24 17:58:02.000,26.40958833,-80.16378167,1.50,5.651,-27.751,2.295,80,17,18,,
T,2026-07-24 17:58:03.000,26.40959000,-80.16375833,1.50,5.551,-27.751,2.311,79,17,18,,
T,2026-07-24 17:58:04.000,26.40959167,-80.16373500,1.50,5.651,-27.751,2.324,87,17,18,,
T,2026-07-24 17:58:05.000,26.40959333,-80.16371167,1.50,5.552,-27.752,2.310,90,17,18,,
T,2026-07-24 17:58:06.000,26.40959333,-80.16369000,1.50,5.552,-27.752,2.285,88,17,18,,
T,2026-07-24 17:58:07.000,26.40959500,-80.16366833,1.50,5.652,-27.752,2.256,85,17,18,,
T,2026-07-24 17:58:08.000,26.40959833,-80.16364667,1.50,5.552,-27.752,2.259,91,17,18,,
T,2026-07-24 17:58:09.000,26.40959833,-80.16362500,1.60,5.752,-27.752,2.251,96,17,18,,
T,2026-07-24 17:58:10.000,26.40959167,-80.16360167,1.60,5.852,-27.752,2.280,101,17,18,,
T,2026-07-24 17:58:11.000,26.40958333,-80.16357667,1.70,5.952,-27.752,2.313,104,17,18,,
T,2026-07-24 17:58:12.000,26.40957333,-80.16355000,1.70,5.852,-27.752,2.356,118,17,18,,
T,2026-07-24 17:58:13.000,26.40956000,-80.16353500,1.70,5.652,-27.752,2.411,117,17,18,,
T,2026-07-24 17:58:14.000,26.40954833,-80.16350833,1.80,5.952,-27.752,2.478,120,16,18,,
T,2026-07-24 17:58:15.000,26.40953500,-80.16348667,1.90,5.952,-27.752,2.550,125,15,18,,
T,2026-07-24 17:58:16.000,26.40952500,-80.16346500,1.90,6.053,-27.753,2.557,127,16,18,,
T,2026-07-24 17:58:17.000,26.40951333,-80.16344167,1.80,5.653,-27.753,2.574,123,17,18,,
T,2026-07-24 17:58:18.000,26.40950000,-80.16342000,1.70,5.253,-27.753,2.567,123,16,18,,
T,2026-07-24 17:58:19.000,26.40949333,-80.16340333,1.70,4.853,-27.753,2.539,105,17,18,,
T,2026-07-24 17:58:20.000,26.40949000,-80.16338833,1.60,4.553,-27.753,2.464,101,17,18,,
T,2026-07-24 17:58:21.000,26.40948667,-80.16337167,1.60,4.253,-27.753,2.380,103,17,18,,
T,2026-07-24 17:58:22.000,26.40948333,-80.16335500,1.60,4.153,-27.753,2.288,103,17,18,,
T,2026-07-24 17:58:23.000,26.40948167,-80.16333500,1.60,4.253,-27.753,2.180,97,17,18,,
T,2026-07-24 17:58:24.000,26.40948500,-80.16331333,1.60,4.453,-27.753,2.085,85,17,18,,
T,2026-07-24 17:58:25.000,26.40948833,-80.16329500,1.70,4.153,-27.753,1.984,78,17,18,,
T,2026-07-24 17:58:26.000,26.40949167,-80.16327833,1.70,3.953,-27.753,1.910,80,17,18,,
T,2026-07-24 17:58:27.000,26.40949333,-80.16326167,1.70,4.053,-27.753,1.851,80,17,18,,
T,2026-07-24 17:58:28.000,26.40949333,-80.16324167,1.60,4.153,-27.753,1.885,63,17,18,,
T,2026-07-24 17:58:29.000,26.40950167,-80.16321833,1.70,4.154,-27.754,1.937,65,17,18,,
T,2026-07-24 17:58:30.000,26.40951000,-80.16319000,1.90,4.354,-27.754,2.018,72,17,18,,
T,2026-07-24 17:58:31.000,26.40951500,-80.16316500,2.00,5.154,-27.754,2.051,93,17,18,,
T,2026-07-24 17:58:32.000,26.40951333,-80.16314667,1.90,5.054,-27.754,2.029,96,17,18,,
T,2026-07-24 17:58:33.000,26.40950833,-80.16312833,1.80,4.854,-27.754,1.991,103,17,18,,
T,2026-07-24 17:58:34.000,26.40950833,-80.16311000,1.80,5.054,-27.754,1.988,92,17,18,,
T,2026-07-24 17:58:35.000,26.40950667,-80.16308833,1.70,4.854,-27.754,2.002,93,17,18,,
T,2026-07-24 17:58:36.000,26.40950500,-80.16306833,1.60,4.854,-27.754,2.061,85,17,18,,
T,2026-07-24 17:58:37.000,26.40950500,-80.16304667,1.80,4.654,-27.754,2.130,85,17,18,,
T,2026-07-24 17:58:38.000,26.40950333,-80.16302333,1.90,4.654,-27.754,2.160,83,16,18,,
T,2026-07-24 17:58:39.000,26.40950833,-80.16299333,1.90,5.054,-27.754,2.131,82,17,18,,
T,2026-07-24 17:58:40.000,26.40950833,-80.16297000,1.80,5.355,-27.755,2.064,99,17,18,,
T,2026-07-24 17:58:41.000,26.40950500,-80.16294500,1.80,5.455,-27.755,2.069,103,17,18,,
T,2026-07-24 17:58:42.000,26.40950000,-80.16291833,1.80,5.255,-27.755,2.136,97,17,18,,
T,2026-07-24 17:58:43.000,26.40949500,-80.16289167,1.90,5.155,-27.755,2.224,94,17,18,,
T,2026-07-24 17:58:44.000,26.40949000,-80.16286833,1.90,4.655,-27.755,2.256,88,17,18,,
T,2026-07-24 17:58:45.000,26.40948833,-80.16284333,1.80,4.755,-27.755,2.297,93,17,18,,
T,2026-07-24 17:58:46.000,26.40949000,-80.16282167,1.80,4.655,-27.755,2.317,85,17,18,,
T,2026-07-24 17:58:47.000,26.40949667,-80.16279500,1.80,4.855,-27.755,2.319,89,17,18,,
T,2026-07-24 17:58:48.000,26.40950167,-80.16276667,1.70,5.355,-27.755,2.286,100,17,18,,
T,2026-07-24 17:58:49.000,26.40949833,-80.16274167,1.70,5.856,-27.756,2.299,101,17,18,,
T,2026-07-24 17:58:50.000,26.40949333,-80.16272000,1.80,5.756,-27.756,2.336,98,17,18,,
T,2026-07-24 17:58:51.000,26.40949167,-80.16269667,1.80,5.356,-27.756,2.349,87,17,18,,
T,2026-07-24 17:58:52.000,26.40949000,-80.16267500,1.80,4.856,-27.756,2.371,89,17,18,,
T,2026-07-24 17:58:53.000,26.40949333,-80.16264667,1.80,4.256,-27.756,2.390,85,17,18,,
T,2026-07-24 17:58:54.000,26.40950000,-80.16262167,1.70,4.156,-27.756,2.404,84,17,18,,
T,2026-07-24 17:58:55.000,26.40950333,-80.16259833,1.70,4.056,-27.756,2.429,83,17,18,,
T,2026-07-24 17:58:56.000,26.40950333,-80.16257000,1.70,4.356,-27.756,2.464,84,17,18,,
T,2026-07-24 17:58:57.000,26.40950333,-80.16254500,1.80,4.256,-27.756,2.455,88,17,18,,
T,2026-07-24 17:58:58.000,26.40950333,-80.16252000,1.70,4.356,-27.756,2.433,93,17,18,,
T,2026-07-24 17:58:59.000,26.40950167,-80.16249833,1.70,4.457,-27.757,2.450,88,17,18,,
T,2026-07-24 17:59:00.000,26.40950167,-80.16247000,1.70,5.157,-27.757,2.445,94,17,18,,
T,2026-07-24 17:59:01.000,26.40950167,-80.16244500,1.70,5.357,-27.757,2.423,105,17,18,,
T,2026-07-24 17:59:02.000,26.40950167,-80.16242000,1.80,5.157,-27.757,2.425,91,17,18,,
T,2026-07-24 17:59:03.000,26.40950167,-80.16239333,1.80,4.857,-27.757,2.421,88,17,18,,
T,2026-07-24 17:59:04.000,26.40950000,-80.16236333,1.80,4.657,-27.757,2.447,83,17,18,,
T,2026-07-24 17:59:05.000,26.40950000,-80.16233833,1.80,4.557,-27.757,2.433,80,17,18,,
T,2026-07-24 17:59:06.000,26.40950333,-80.16231000,1.80,4.657,-27.757,2.409,70,17,18,,
T,2026-07-24 17:59:07.000,26.40951333,-80.16228667,1.70,4.857,-27.757,2.414,63,17,18,,
T,2026-07-24 17:59:08.000,26.40952333,-80.16226167,1.70,5.157,-27.757,2.455,56,17,18,,
T,2026-07-24 17:59:09.000,26.40953500,-80.16224333,1.70,5.058,-27.758,2.443,52,17,18,,
T,2026-07-24 17:59:10.000,26.40954667,-80.16222333,1.80,5.258,-27.758,2.436,44,17,18,,
T,2026-07-24 17:59:11.000,26.40956333,-80.16220333,1.70,5.458,-27.758,2.455,39,17,18,,
T,2026-07-24 17:59:12.000,26.40958000,-80.16218667,1.80,5.258,-27.758,2.436,37,17,18,,
T,2026-07-24 17:59:13.000,26.40960000,-80.16217000,1.80,5.458,-27.758,2.415,50,17,18,,
T,2026-07-24 17:59:14.000,26.40961167,-80.16215167,1.80,5.058,-27.758,2.455,39,16,18,,
T,2026-07-24 17:59:15.000,26.40962500,-80.16213000,1.90,5.058,-27.758,2.495,43,17,18,,
T,2026-07-24 17:59:16.000,26.40963500,-80.16210833,2.10,5.158,-27.758,2.490,63,17,18,,
T,2026-07-24 17:59:17.000,26.40963667,-80.16208333,1.90,4.758,-27.758,2.460,87,17,18,,
T,2026-07-24 17:59:18.000,26.40963500,-80.16206500,1.80,4.758,-27.758,2.397,115,17,18,,
T,2026-07-24 17:59:19.000,26.40963167,-80.16204333,1.70,4.958,-27.758,2.381,113,17,18,,
T,2026-07-24 17:59:20.000,26.40962167,-80.16202500,1.60,5.159,-27.759,2.379,103,17,18,,
T,2026-07-24 17:59:21.000,26.40961500,-80.16200500,1.60,5.359,-27.759,2.380,95,17,18,,
T,2026-07-24 17:59:22.000,26.40961000,-80.16198167,1.70,5.659,-27.759,2.396,94,17,18,,
T,2026-07-24 17:59:23.000,26.40960833,-80.16195500,1.60,5.859,-27.759,2.413,95,17,18,,
T,2026-07-24 17:59:24.000,26.40960667,-80.16193167,1.60,5.959,-27.759,2.376,95,17,18,,
T,2026-07-24 17:59:25.000,26.40960333,-80.16190667,1.60,6.059,-27.759,2.364,85,17,18,,
T,2026-07-24 17:59:26.000,26.40960500,-80.16188000,1.50,6.159,-27.759,2.398,79,17,18,,
T,2026-07-24 17:59:27.000,26.40961000,-80.16185333,1.50,6.259,-27.759,2.467,72,17,18,,
T,2026-07-24 17:59:28.000,26.40962167,-80.16183167,1.70,6.159,-27.759,2.566,64,17,18,,
T,2026-07-24 17:59:29.000,26.40963667,-80.16180833,1.80,6.659,-27.759,2.602,65,16,18,,
T,2026-07-24 17:59:30.000,26.40965167,-80.16179167,1.90,6.860,-27.760,2.604,61,17,18,,
T,2026-07-24 17:59:31.000,26.40966000,-80.16177500,1.80,6.560,-27.760,2.569,57,17,18,,
T,2026-07-24 17:59:32.000,26.40967167,-80.16176000,1.80,6.960,-27.760,2.514,46,16,18,,
T,2026-07-24 17:59:33.000,26.40968167,-80.16174333,1.70,7.060,-27.760,2.439,44,16,18,,
T,2026-07-24 17:59:34.000,26.40969333,-80.16172833,1.70,7.360,-27.760,2.322,53,17,18,,
T,2026-07-24 17:59:35.000,26.40970000,-80.16171833,1.70,7.960,-27.760,2.128,42,16,18,,
T,2026-07-24 17:59:36.000,26.40970500,-80.16171333,1.60,8.260,-27.760,1.923,52,16,18,,
T,2026-07-24 17:59:37.000,26.40970500,-80.16171000,1.70,8.260,-27.760,1.671,177,17,18,,
T,2026-07-24 17:59:38.000,26.40970833,-80.16171000,1.60,8.460,-27.760,1.395,50,17,18,,
T,2026-07-24 17:59:39.000,26.40971000,-80.16170833,1.60,8.360,-27.760,1.164,47,17,18,,
T,2026-07-24 17:59:40.000,26.40971167,-80.16170667,1.60,8.560,-27.760,0.973,170,17,18,,
T,2026-07-24 17:59:41.000,26.40971000,-80.16170667,1.50,8.260,-27.760,0.805,169,16,18,,
T,2026-07-24 17:59:42.000,26.40970500,-80.16170833,1.50,7.760,-27.760,0.633,196,16,18,,
T,2026-07-24 17:59:43.000,26.40970333,-80.16170667,1.50,7.260,-27.760,0.473,114,16,18,,
T,2026-07-24 17:59:44.000,26.40970333,-80.16170333,1.50,6.860,-27.760,0.421,42,16,18,,
T,2026-07-24 17:59:45.000,26.40971333,-80.16169667,1.60,6.860,-27.760,0.480,40,16,18,,
T,2026-07-24 17:59:46.000,26.40972333,-80.16168667,1.60,7.160,-27.760,0.533,46,17,18,,
T,2026-07-24 17:59:47.000,26.40973333,-80.16167500,1.60,7.460,-27.760,0.630,52,17,18,,
T,2026-07-24 17:59:48.000,26.40974333,-80.16166333,1.60,7.560,-27.760,0.744,36,17,18,,
T,2026-07-24 17:59:49.000,26.40975333,-80.16165667,1.60,7.460,-27.760,0.830,43,17,18,,
T,2026-07-24 17:59:50.000,26.40976500,-80.16165000,1.60,7.160,-27.760,0.930,29,17,18,,
T,2026-07-24 17:59:51.000,26.40977833,-80.16164667,1.60,7.160,-27.760,1.081,16,17,18,,
T,2026-07-24 17:59:52.000,26.40979167,-80.16164333,1.70,7.360,-27.760,1.211,24,16,18,,
T,2026-07-24 17:59:53.000,26.40980500,-80.16163833,1.70,7.460,-27.760,1.331,45,17,18,,
T,2026-07-24 17:59:54.000,26.40981500,-80.16163667,1.70,7.660,-27.760,1.333,54,17,18,,
T,2026-07-24 17:59:55.000,26.40982500,-80.16163667,1.80,7.460,-27.760,1.287,21,17,18,,
T,2026-07-24 17:59:56.000,26.40983833,-80.16163667,1.70,7.060,-27.760,1.286,3,16,18,,
T,2026-07-24 17:59:57.000,26.40985333,-80.16163833,1.70,6.660,-27.760,1.321,350,17,18,,
T,2026-07-24 17:59:58.000,26.40987000,-80.16164167,1.70,6.160,-27.760,1.370,337,17,18,,
T,2026-07-24 17:59:59.000,26.40989000,-80.16164000,1.70,5.860,-27.760,1.462,352,17,18,,
T,2026-07-24 18:00:00.000,26.40991000,-80.16164000,1.70,6.060,-27.760,1.527,355,17,18,,
T,2026-07-24 18:00:01.000,26.40992667,-80.16164333,1.70,6.060,-27.760,1.527,351,16,18,,
T,2026-07-24 18:00:02.000,26.40994167,-80.16164500,1.70,6.160,-27.760,1.572,358,17,18,,
T,2026-07-24 18:00:03.000,26.40995833,-80.16164500,1.70,6.260,-27.760,1.612,1,17,18,,
T,2026-07-24 18:00:04.000,26.40997500,-80.16164500,1.60,6.260,-27.760,1.700,356,17,18,,
T,2026-07-24 18:00:05.000,26.40999167,-80.16164500,1.70,6.560,-27.760,1.792,23,17,18,,
T,2026-07-24 18:00:06.000,26.41001000,-80.16164667,1.70,6.560,-27.760,1.877,14,17,18,,
T,2026-07-24 18:00:07.000,26.41003167,-80.16164667,1.70,6.060,-27.760,1.959,355,17,18,,
T,2026-07-24 18:00:08.000,26.41005333,-80.16165000,1.70,5.660,-27.760,1.994,1,17,18,,
T,2026-07-24 18:00:09.000,26.41007333,-80.16164833,1.70,5.460,-27.760,1.992,14,17,18,,
T,2026-07-24 18:00:10.000,26.41009167,-80.16164500,1.70,5.260,-27.760,1.997,6,17,18,,
T,2026-07-24 18:00:11.000,26.41010833,-80.16164000,1.70,4.760,-27.760,2.029,0,17,18,,
T,2026-07-24 18:00:12.000,26.41012500,-80.16163500,1.60,4.360,-27.760,2.059,5,16,18,,
T,2026-07-24 18:00:13.000,26.41014667,-80.16163667,1.60,4.160,-27.760,2.095,2,17,18,,
T,2026-07-24 18:00:14.000,26.41016667,-80.16164000,1.60,4.560,-27.760,2.121,4,17,18,,
T,2026-07-24 18:00:15.000,26.41018500,-80.16164000,1.70,4.860,-27.760,2.090,351,17,18,,
T,2026-07-24 18:00:16.000,26.41020333,-80.16164000,1.70,4.760,-27.760,2.087,0,17,18,,
T,2026-07-24 18:00:17.000,26.41022833,-80.16164000,1.70,5.160,-27.760,2.038,3,17,18,,
T,2026-07-24 18:00:18.000,26.41024667,-80.16163833,1.70,5.060,-27.760,1.974,359,17,18,,
T,2026-07-24 18:00:19.000,26.41026333,-80.16163833,1.70,4.360,-27.760,1.903,354,17,18,,
T,2026-07-24 18:00:20.000,26.41028167,-80.16163833,1.70,3.860,-27.760,1.821,354,17,18,,
T,2026-07-24 18:00:21.000,26.41030667,-80.16164000,1.80,3.660,-27.760,1.792,357,17,18,,
T,2026-07-24 18:00:22.000,26.41032500,-80.16164000,1.80,3.161,-27.761,1.772,6,17,18,,
T,2026-07-24 18:00:23.000,26.41035333,-80.16163500,1.80,3.061,-27.761,1.805,10,17,18,,
T,2026-07-24 18:00:24.000,26.41038833,-80.16163167,1.70,2.861,-27.761,1.864,3,17,18,,
T,2026-07-24 18:00:25.000,26.41042167,-80.16163167,1.70,2.961,-27.761,2.004,3,17,18,,
T,2026-07-24 18:00:26.000,26.41045167,-80.16163333,1.70,3.161,-27.761,2.114,1,17,18,,
T,2026-07-24 18:00:27.000,26.41048000,-80.16163333,1.70,3.461,-27.761,2.209,4,17,18,,
T,2026-07-24 18:00:28.000,26.41050333,-80.16163000,1.90,3.261,-27.761,2.329,4,16,18,,
T,2026-07-24 18:00:29.000,26.41052833,-80.16162667,1.80,3.161,-27.761,2.478,358,16,18,,
T,2026-07-24 18:00:30.000,26.41055500,-80.16163000,1.70,3.061,-27.761,2.606,2,16,18,,
T,2026-07-24 18:00:31.000,26.41057833,-80.16163333,1.70,3.161,-27.761,2.664,358,16,18,,
T,2026-07-24 18:00:32.000,26.41060000,-80.16163667,1.70,3.061,-27.761,2.666,1,16,18,,
T,2026-07-24 18:00:33.000,26.41061833,-80.16163667,1.70,3.261,-27.761,2.659,356,17,18,,
T,2026-07-24 18:00:34.000,26.41064333,-80.16163500,1.70,3.461,-27.761,2.601,357,17,18,,
T,2026-07-24 18:00:35.000,26.41066333,-80.16164000,1.70,3.461,-27.761,2.502,358,17,18,,
T,2026-07-24 18:00:36.000,26.41068333,-80.16164167,1.70,3.761,-27.761,2.400,354,17,18,,
T,2026-07-24 18:00:37.000,26.41070500,-80.16164667,1.70,3.961,-27.761,2.324,357,17,18,,
T,2026-07-24 18:00:38.000,26.41072333,-80.16165333,1.70,3.661,-27.761,2.259,354,17,18,,
T,2026-07-24 18:00:39.000,26.41074667,-80.16165833,1.70,3.361,-27.761,2.187,353,17,18,,
T,2026-07-24 18:00:40.000,26.41076500,-80.16166167,1.70,3.361,-27.761,2.174,350,17,18,,
T,2026-07-24 18:00:41.000,26.41078167,-80.16166167,1.70,3.361,-27.761,2.164,351,17,18,,
T,2026-07-24 18:00:42.000,26.41080167,-80.16166500,1.70,3.161,-27.761,2.194,346,17,18,,
T,2026-07-24 18:00:43.000,26.41082833,-80.16167500,1.70,3.061,-27.761,2.213,350,17,18,,
T,2026-07-24 18:00:44.000,26.41085500,-80.16168333,1.70,2.661,-27.761,2.247,349,17,18,,
T,2026-07-24 18:00:45.000,26.41087833,-80.16168833,1.70,2.561,-27.761,2.298,349,17,18,,
T,2026-07-24 18:00:46.000,26.41090167,-80.16169333,1.70,2.761,-27.761,2.325,350,17,18,,
T,2026-07-24 18:00:47.000,26.41092667,-80.16169667,1.70,3.161,-27.761,2.356,358,17,18,,
T,2026-07-24 18:00:48.000,26.41095000,-80.16170167,1.70,3.561,-27.761,2.381,354,17,18,,
T,2026-07-24 18:00:49.000,26.41097000,-80.16170167,1.70,3.861,-27.761,2.400,356,17,18,,
T,2026-07-24 18:00:50.000,26.41099333,-80.16170667,1.60,4.261,-27.761,2.392,355,17,18,,
T,2026-07-24 18:00:51.000,26.41101500,-80.16170833,1.70,4.361,-27.761,2.374,3,16,18,,
T,2026-07-24 18:00:52.000,26.41103167,-80.16170667,1.70,4.861,-27.761,2.357,360,17,18,,
T,2026-07-24 18:00:53.000,26.41105000,-80.16170833,1.60,5.061,-27.761,2.338,4,17,18,,
T,2026-07-24 18:00:54.000,26.41106833,-80.16170667,1.60,4.961,-27.761,2.331,4,17,18,,
T,2026-07-24 18:00:55.000,26.41109333,-80.16170500,1.60,4.961,-27.761,2.318,1,17,18,,
T,2026-07-24 18:00:56.000,26.41111167,-80.16170000,1.60,4.761,-27.761,2.308,2,17,18,,
T,2026-07-24 18:00:57.000,26.41113333,-80.16170167,1.70,4.561,-27.761,2.306,353,17,18,,
T,2026-07-24 18:00:58.000,26.41115333,-80.16170333,1.70,4.461,-27.761,2.331,349,17,18,,
T,2026-07-24 18:00:59.000,26.41118000,-80.16171000,1.70,4.261,-27.761,2.418,342,17,18,,
T,2026-07-24 18:01:00.000,26.41120500,-80.16172000,1.70,4.361,-27.761,2.480,339,17,18,,
T,2026-07-24 18:01:01.000,26.41122833,-80.16173167,2.00,4.361,-27.761,2.539,339,17,18,,
T,2026-07-24 18:01:02.000,26.41125167,-80.16174667,1.80,4.661,-27.761,2.635,336,17,18,,
T,2026-07-24 18:01:03.000,26.41128167,-80.16176000,1.70,4.761,-27.761,2.692,337,17,18,,
T,2026-07-24 18:01:04.000,26.41130167,-80.16176667,1.90,4.761,-27.761,2.679,344,17,18,,
T,2026-07-24 18:01:05.000,26.41132167,-80.16177000,1.70,4.961,-27.761,2.666,354,17,18,,
T,2026-07-24 18:01:06.000,26.41133667,-80.16176833,1.70,5.161,-27.761,2.625,355,17,18,,
T,2026-07-24 18:01:07.000,26.41135167,-80.16177500,1.70,5.761,-27.761,2.556,344,17,18,,
T,2026-07-24 18:01:08.000,26.41136833,-80.16177833,1.70,6.261,-27.761,2.494,342,17,18,,
T,2026-07-24 18:01:09.000,26.41138333,-80.16178333,1.70,6.861,-27.761,2.380,342,17,18,,
T,2026-07-24 18:01:10.000,26.41139833,-80.16178667,1.70,7.161,-27.761,2.298,344,17,18,,
T,2026-07-24 18:01:11.000,26.41141667,-80.16179000,1.70,7.260,-27.760,2.208,343,17,18,,
T,2026-07-24 18:01:12.000,26.41143333,-80.16179500,1.70,7.560,-27.760,2.102,343,16,18,,
T,2026-07-24 18:01:13.000,26.41145000,-80.16179833,1.70,7.660,-27.760,2.015,340,17,18,,
T,2026-07-24 18:01:14.000,26.41146667,-80.16180333,1.70,7.660,-27.760,1.990,345,17,18,,
T,2026-07-24 18:01:15.000,26.41148167,-80.16180667,1.70,7.360,-27.760,1.944,346,17,18,,
T,2026-07-24 18:01:16.000,26.41150000,-80.16181000,1.70,7.360,-27.760,1.956,345,17,18,,
T,2026-07-24 18:01:17.000,26.41151667,-80.16181000,1.70,6.860,-27.760,1.997,344,17,18,,
T,2026-07-24 18:01:18.000,26.41153167,-80.16181333,1.80,6.360,-27.760,1.998,348,17,18,,
T,2026-07-24 18:01:19.000,26.41154833,-80.16181667,1.80,6.260,-27.760,2.028,341,17,18,,
T,2026-07-24 18:01:20.000,26.41156833,-80.16181833,1.80,6.160,-27.760,2.032,343,17,18,,
T,2026-07-24 18:01:21.000,26.41158833,-80.16181667,1.70,6.460,-27.760,2.046,347,17,18,,
T,2026-07-24 18:01:22.000,26.41161000,-80.16182000,1.70,6.360,-27.760,2.041,345,17,18,,
T,2026-07-24 18:01:23.000,26.41163000,-80.16183000,1.70,6.460,-27.760,2.038,341,17,18,,
T,2026-07-24 18:01:24.000,26.41164833,-80.16183500,1.80,6.460,-27.760,2.058,344,17,18,,
T,2026-07-24 18:01:25.000,26.41167000,-80.16184167,1.80,6.560,-27.760,2.125,343,17,18,,
T,2026-07-24 18:01:26.000,26.41169167,-80.16184667,1.80,6.560,-27.760,2.123,350,17,18,,
T,2026-07-24 18:01:27.000,26.41170833,-80.16184833,1.70,6.260,-27.760,2.099,349,17,18,,
T,2026-07-24 18:01:28.000,26.41172833,-80.16185333,1.70,6.560,-27.760,2.095,353,17,18,,
T,2026-07-24 18:01:29.000,26.41175000,-80.16185833,1.70,6.760,-27.760,2.071,350,17,18,,
T,2026-07-24 18:01:30.000,26.41177167,-80.16186167,1.70,7.360,-27.760,2.065,354,17,18,,
T,2026-07-24 18:01:31.000,26.41179333,-80.16186667,1.70,7.660,-27.760,2.086,356,17,18,,
T,2026-07-24 18:01:32.000,26.41181333,-80.16187000,1.70,8.460,-27.760,2.099,356,17,18,,
T,2026-07-24 18:01:33.000,26.41183500,-80.16187000,1.80,9.260,-27.760,2.095,348,17,18,,
T,2026-07-24 18:01:34.000,26.41185333,-80.16187500,1.80,9.360,-27.760,2.066,356,17,18,,
T,2026-07-24 18:01:35.000,26.41187167,-80.16188500,1.80,9.360,-27.760,2.000,346,16,18,,
T,2026-07-24 18:01:36.000,26.41189000,-80.16188667,1.80,9.260,-27.760,1.969,2,17,18,,
T,2026-07-24 18:01:37.000,26.41189833,-80.16189333,1.80,9.060,-27.760,1.925,308,17,18,,
T,2026-07-24 18:01:38.000,26.41190667,-80.16191333,1.80,9.060,-27.760,1.928,291,17,18,,
T,2026-07-24 18:01:39.000,26.41191333,-80.16194167,1.80,9.060,-27.760,1.917,280,17,18,,
T,2026-07-24 18:01:40.000,26.41191500,-80.16197000,1.90,8.960,-27.760,1.917,272,17,18,,
T,2026-07-24 18:01:41.000,26.41191500,-80.16199167,1.90,9.060,-27.760,1.899,275,17,18,,
T,2026-07-24 18:01:42.000,26.41191167,-80.16201667,1.90,9.560,-27.760,1.886,267,17,18,,
T,2026-07-24 18:01:43.000,26.41191000,-80.16204333,1.80,9.760,-27.760,1.913,270,17,18,,
T,2026-07-24 18:01:44.000,26.41191333,-80.16206333,1.80,8.960,-27.760,1.963,265,17,18,,
T,2026-07-24 18:01:45.000,26.41191167,-80.16208500,1.90,8.560,-27.760,2.042,261,17,18,,
T,2026-07-24 18:01:46.000,26.41191333,-80.16210833,1.90,7.759,-27.759,2.140,258,17,18,,
T,2026-07-24 18:01:47.000,26.41190500,-80.16213500,1.90,7.859,-27.759,2.226,265,17,18,,
T,2026-07-24 18:01:48.000,26.41190833,-80.16215833,1.90,7.859,-27.759,2.248,278,17,18,,
T,2026-07-24 18:01:49.000,26.41190667,-80.16217833,1.80,7.559,-27.759,2.296,266,17,18,,
T,2026-07-24 18:01:50.000,26.41190667,-80.16220000,1.80,7.559,-27.759,2.319,268,17,18,,
T,2026-07-24 18:01:51.000,26.41190500,-80.16222000,1.80,7.659,-27.759,2.343,271,17,18,,
T,2026-07-24 18:01:52.000,26.41190167,-80.16224333,1.80,7.959,-27.759,2.386,274,17,18,,
T,2026-07-24 18:01:53.000,26.41190000,-80.16227500,1.90,8.459,-27.759,2.393,271,17,18,,
T,2026-07-24 18:01:54.000,26.41189667,-80.16230667,1.80,8.959,-27.759,2.397,269,17,18,,
T,2026-07-24 18:01:55.000,26.41189500,-80.16234167,1.80,10.058,-27.758,2.413,262,17,18,,
T,2026-07-24 18:01:56.000,26.41189167,-80.16237333,1.80,11.058,-27.758,2.380,270,17,18,,
T,2026-07-24 18:01:57.000,26.41188833,-80.16240333,1.80,12.058,-27.758,2.400,271,17,18,,
T,2026-07-24 18:01:58.000,26.41188167,-80.16243000,1.80,12.658,-27.758,2.420,277,17,18,,
T,2026-07-24 18:01:59.000,26.41188000,-80.16245833,1.70,13.258,-27.758,2.462,259,17,18,,
T,2026-07-24 18:02:00.000,26.41187667,-80.16248667,1.80,14.158,-27.758,2.499,265,17,18,,
T,2026-07-24 18:02:01.000,26.41187500,-80.16251333,1.80,14.958,-27.758,2.511,270,17,18,,
T,2026-07-24 18:02:02.000,26.41187667,-80.16253500,1.80,15.258,-27.758,2.484,277,17,18,,
T,2026-07-24 18:02:03.000,26.41188000,-80.16255667,1.80,14.858,-27.758,2.489,276,17,18,,
T,2026-07-24 18:02:04.000,26.41188667,-80.16258000,1.80,14.658,-27.758,2.461,277,17,18,,
T,2026-07-24 18:02:05.000,26.41188667,-80.16260500,1.80,13.657,-27.757,2.446,271,16,18,,
T,2026-07-24 18:02:06.000,26.41188667,-80.16263500,1.80,13.057,-27.757,2.483,272,16,18,,
T,2026-07-24 18:02:07.000,26.41188667,-80.16266333,1.80,12.957,-27.757,2.515,270,17,18,,
T,2026-07-24 18:02:08.000,26.41188667,-80.16269000,1.80,12.957,-27.757,2.583,271,16,18,,
T,2026-07-24 18:02:09.000,26.41189000,-80.16272000,1.80,12.557,-27.757,2.577,274,16,18,,
T,2026-07-24 18:02:10.000,26.41189167,-80.16274500,1.90,12.157,-27.757,2.576,271,16,18,,
T,2026-07-24 18:02:11.000,26.41189333,-80.16276833,1.80,12.657,-27.757,2.583,274,16,18,,
T,2026-07-24 18:02:12.000,26.41189167,-80.16279333,1.60,13.057,-27.757,2.615,274,16,18,,
T,2026-07-24 18:02:13.000,26.41189333,-80.16281833,1.70,13.057,-27.757,2.647,276,15,18,,
T,2026-07-24 18:02:14.000,26.41189667,-80.16284333,1.80,12.756,-27.756,2.674,272,16,18,,
T,2026-07-24 18:02:15.000,26.41189833,-80.16286833,1.80,12.456,-27.756,2.653,275,16,18,,
T,2026-07-24 18:02:16.000,26.41190167,-80.16289500,1.70,12.056,-27.756,2.631,276,16,18,,
T,2026-07-24 18:02:17.000,26.41190500,-80.16291833,1.70,11.756,-27.756,2.601,276,16,18,,
T,2026-07-24 18:02:18.000,26.41191167,-80.16294500,1.70,11.656,-27.756,2.555,274,16,18,,
T,2026-07-24 18:02:19.000,26.41191333,-80.16296833,1.70,11.756,-27.756,2.509,274,16,18,,
T,2026-07-24 18:02:20.000,26.41191500,-80.16299167,1.60,11.856,-27.756,2.479,277,16,18,,
T,2026-07-24 18:02:21.000,26.41191667,-80.16301500,1.60,11.956,-27.756,2.473,275,16,18,,
T,2026-07-24 18:02:22.000,26.41192000,-80.16303833,1.50,11.556,-27.756,2.478,274,16,18,,
T,2026-07-24 18:02:23.000,26.41192167,-80.16305667,1.70,11.056,-27.756,2.429,275,16,18,,
T,2026-07-24 18:02:24.000,26.41192333,-80.16307833,1.70,10.155,-27.755,2.414,269,15,18,,
T,2026-07-24 18:02:25.000,26.41192500,-80.16309833,1.70,9.455,-27.755,2.428,264,15,18,,
T,2026-07-24 18:02:26.000,26.41192167,-80.16312000,1.70,8.955,-27.755,2.400,254,16,18,,
T,2026-07-24 18:02:27.000,26.41191333,-80.16314500,1.60,9.455,-27.755,2.389,249,16,18,,
T,2026-07-24 18:02:28.000,26.41190000,-80.16317167,1.60,10.155,-27.755,2.387,244,16,18,,
T,2026-07-24 18:02:29.000,26.41188500,-80.16319833,1.60,11.055,-27.755,2.423,240,16,18,,
T,2026-07-24 18:02:30.000,26.41187000,-80.16322333,1.60,11.655,-27.755,2.440,239,16,18,,
T,2026-07-24 18:02:31.000,26.41186000,-80.16325000,1.60,11.855,-27.755,2.467,237,16,18,,
T,2026-07-24 18:02:32.000,26.41184333,-80.16327500,1.60,11.955,-27.755,2.460,235,17,18,,
T,2026-07-24 18:02:33.000,26.41183167,-80.16329667,1.60,12.055,-27.755,2.505,231,17,18,,
T,2026-07-24 18:02:34.000,26.41182000,-80.16331333,1.60,11.854,-27.754,2.545,232,17,18,,
T,2026-07-24 18:02:35.000,26.41180833,-80.16333333,1.60,11.854,-27.754,2.564,235,17,18,,
T,2026-07-24 18:02:36.000,26.41179667,-80.16335500,1.60,12.254,-27.754,2.603,235,17,18,,
T,2026-07-24 18:02:37.000,26.41178667,-80.16337167,1.60,12.154,-27.754,2.620,239,17,18,,
T,2026-07-24 18:02:38.000,26.41177500,-80.16339333,1.60,12.254,-27.754,2.618,242,17,18,,
T,2026-07-24 18:02:39.000,26.41176333,-80.16341833,1.60,12.454,-27.754,2.607,246,17,18,,
T,2026-07-24 18:02:40.000,26.41175500,-80.16344167,1.60,12.254,-27.754,2.599,249,17,18,,
T,2026-07-24 18:02:41.000,26.41174833,-80.16346833,1.60,11.954,-27.754,2.601,250,17,18,,
T,2026-07-24 18:02:42.000,26.41173833,-80.16349667,1.60,12.254,-27.754,2.634,251,16,18,,
T,2026-07-24 18:02:43.000,26.41173000,-80.16352333,1.60,12.154,-27.754,2.648,253,16,18,,
T,2026-07-24 18:02:44.000,26.41172000,-80.16355500,1.60,12.753,-27.753,2.653,252,17,18,,
T,2026-07-24 18:02:45.000,26.41171167,-80.16358167,1.70,12.953,-27.753,2.663,253,17,18,,
T,2026-07-24 18:02:46.000,26.41170167,-80.16360833,1.60,13.153,-27.753,2.672,250,17,18,,
T,2026-07-24 18:02:47.000,26.41169167,-80.16363333,1.60,13.353,-27.753,2.663,251,17,18,,
T,2026-07-24 18:02:48.000,26.41168167,-80.16365500,1.70,13.253,-27.753,2.671,248,17,18,,
T,2026-07-24 18:02:49.000,26.41167167,-80.16367833,1.70,13.153,-27.753,2.668,243,17,18,,
T,2026-07-24 18:02:50.000,26.41166000,-80.16370333,1.70,13.053,-27.753,2.679,234,17,18,,
T,2026-07-24 18:02:51.000,26.41164833,-80.16372167,1.60,12.453,-27.753,2.670,224,17,18,,
T,2026-07-24 18:02:52.000,26.41162667,-80.16373833,1.60,12.553,-27.753,2.646,223,17,18,,
T,2026-07-24 18:02:53.000,26.41160667,-80.16375667,1.60,13.052,-27.752,2.640,219,17,18,,
T,2026-07-24 18:02:54.000,26.41158667,-80.16377333,1.60,13.652,-27.752,2.634,218,17,18,,
T,2026-07-24 18:02:55.000,26.41156500,-80.16379000,1.60,13.952,-27.752,2.634,218,17,18,,
T,2026-07-24 18:02:56.000,26.41154333,-80.16380500,1.70,14.152,-27.752,2.645,223,17,18,,
T,2026-07-24 18:02:57.000,26.41152500,-80.16382333,1.70,14.152,-27.752,2.668,223,17,18,,
T,2026-07-24 18:02:58.000,26.41150833,-80.16384000,1.70,13.752,-27.752,2.685,224,17,18,,
T,2026-07-24 18:02:59.000,26.41149000,-80.16385833,1.70,13.152,-27.752,2.702,229,17,18,,
T,2026-07-24 18:03:00.000,26.41147167,-80.16388167,1.80,12.552,-27.752,2.717,234,17,18,,
T,2026-07-24 18:03:01.000,26.41145167,-80.16390500,1.80,12.352,-27.752,2.719,238,17,18,,
T,2026-07-24 18:03:02.000,26.41144333,-80.16392667,1.80,12.752,-27.752,2.733,240,17,18,,
T,2026-07-24 18:03:03.000,26.41143667,-80.16394833,1.70,12.752,-27.752,2.709,245,17,18,,
T,2026-07-24 18:03:04.000,26.41142833,-80.16397333,1.80,12.952,-27.752,2.702,245,17,18,,
T,2026-07-24 18:03:05.000,26.41142000,-80.16400333,1.70,13.251,-27.751,2.707,254,17,18,,
T,2026-07-24 18:03:06.000,26.41141500,-80.16403333,1.70,13.851,-27.751,2.704,252,17,18,,
T,2026-07-24 18:03:07.000,26.41141000,-80.16405833,1.70,14.351,-27.751,2.688,256,17,18,,
T,2026-07-24 18:03:08.000,26.41140833,-80.16408167,1.70,14.651,-27.751,2.681,258,17,18,,
T,2026-07-24 18:03:09.000,26.41140500,-80.16411000,1.80,14.751,-27.751,2.687,256,17,18,,
T,2026-07-24 18:03:10.000,26.41140333,-80.16413667,1.70,15.051,-27.751,2.693,260,17,18,,
T,2026-07-24 18:03:11.000,26.41139833,-80.16416167,1.70,15.151,-27.751,2.718,261,17,18,,
T,2026-07-24 18:03:12.000,26.41139500,-80.16419167,1.70,14.751,-27.751,2.741,258,17,18,,
T,2026-07-24 18:03:13.000,26.41138833,-80.16422333,1.70,14.250,-27.750,2.805,257,17,18,,
T,2026-07-24 18:03:14.000,26.41138000,-80.16425333,1.70,13.550,-27.750,2.876,253,17,18,,
T,2026-07-24 18:03:15.000,26.41137000,-80.16428333,1.70,13.350,-27.750,2.940,251,17,18,,
T,2026-07-24 18:03:16.000,26.41136000,-80.16431500,1.70,13.450,-27.750,2.927,251,17,18,,
T,2026-07-24 18:03:17.000,26.41135333,-80.16433833,1.90,13.450,-27.750,2.893,250,17,18,,
T,2026-07-24 18:03:18.000,26.41134333,-80.16436167,1.80,13.850,-27.750,2.861,251,17,18,,
T,2026-07-24 18:03:19.000,26.41133500,-80.16438333,1.80,13.450,-27.750,2.834,251,17,18,,
T,2026-07-24 18:03:20.000,26.41132667,-80.16440500,1.70,13.150,-27.750,2.791,247,16,18,,
T,2026-07-24 18:03:21.000,26.41131833,-80.16442667,1.80,12.550,-27.750,2.766,256,17,18,,
T,2026-07-24 18:03:22.000,26.41131167,-80.16445167,1.80,12.749,-27.749,2.725,255,17,18,,
T,2026-07-24 18:03:23.000,26.41130500,-80.16447500,1.80,13.249,-27.749,2.644,251,17,18,,
T,2026-07-24 18:03:24.000,26.41130000,-80.16449833,1.70,13.349,-27.749,2.496,239,17,18,,
T,2026-07-24 18:03:25.000,26.41129333,-80.16452167,1.70,13.049,-27.749,2.347,245,17,18,,
T,2026-07-24 18:03:26.000,26.41128667,-80.16454167,1.70,12.649,-27.749,2.234,236,17,18,,
T,2026-07-24 18:03:27.000,26.41128167,-80.16456500,1.80,12.249,-27.749,2.207,248,17,18,,
T,2026-07-24 18:03:28.000,26.41127333,-80.16459333,1.80,11.949,-27.749,2.180,249,17,18,,
T,2026-07-24 18:03:29.000,26.41126667,-80.16462000,1.80,11.749,-27.749,2.169,252,16,18,,
T,2026-07-24 18:03:30.000,26.41125833,-80.16464500,1.80,11.549,-27.749,2.197,261,17,18,,
T,2026-07-24 18:03:31.000,26.41125333,-80.16466833,1.80,11.549,-27.749,2.181,261,16,18,,
T,2026-07-24 18:03:32.000,26.41124667,-80.16469167,1.70,11.348,-27.748,2.153,256,16,18,,
T,2026-07-24 18:03:33.000,26.41124167,-80.16471500,1.80,10.948,-27.748,2.144,256,16,18,,
T,2026-07-24 18:03:34.000,26.41123167,-80.16473333,1.80,10.148,-27.748,2.168,256,17,18,,
T,2026-07-24 18:03:35.000,26.41122333,-80.16475000,1.80,9.548,-27.748,2.168,253,17,18,,
T,2026-07-24 18:03:36.000,26.41121333,-80.16476500,1.70,8.948,-27.748,2.208,251,17,18,,
T,2026-07-24 18:03:37.000,26.41120667,-80.16478167,1.60,8.648,-27.748,2.209,257,16,18,,
T,2026-07-24 18:03:38.000,26.41120167,-80.16480167,1.70,8.748,-27.748,2.206,251,16,18,,
T,2026-07-24 18:03:39.000,26.41119167,-80.16482167,1.70,9.048,-27.748,2.201,255,15,18,,
T,2026-07-24 18:03:40.000,26.41118667,-80.16484333,1.70,9.548,-27.748,2.174,255,16,18,,
T,2026-07-24 18:03:41.000,26.41118500,-80.16486833,1.70,9.848,-27.748,2.142,257,17,18,,
T,2026-07-24 18:03:42.000,26.41118167,-80.16489167,1.80,9.848,-27.748,2.132,252,17,18,,
T,2026-07-24 18:03:43.000,26.41117167,-80.16491167,1.70,9.847,-27.747,2.142,255,17,18,,
T,2026-07-24 18:03:44.000,26.41116833,-80.16493833,1.80,10.047,-27.747,2.188,254,17,18,,
T,2026-07-24 18:03:45.000,26.41116333,-80.16496333,1.80,10.347,-27.747,2.231,257,17,18,,
T,2026-07-24 18:03:46.000,26.41115833,-80.16498667,1.80,10.447,-27.747,2.278,253,17,18,,
T,2026-07-24 18:03:47.000,26.41115000,-80.16500833,1.70,11.047,-27.747,2.318,247,17,18,,
T,2026-07-24 18:03:48.000,26.41114000,-80.16502833,1.70,11.547,-27.747,2.335,234,17,18,,
T,2026-07-24 18:03:49.000,26.41113167,-80.16505000,1.70,11.647,-27.747,2.307,227,17,18,,
T,2026-07-24 18:03:50.000,26.41112500,-80.16507167,1.80,11.547,-27.747,2.299,245,17,18,,
T,2026-07-24 18:03:51.000,26.41111667,-80.16509000,1.70,11.747,-27.747,2.313,247,16,18,,
T,2026-07-24 18:03:52.000,26.41111000,-80.16511500,1.70,11.247,-27.747,2.320,250,15,18,,
T,2026-07-24 18:03:53.000,26.41110167,-80.16513833,1.80,11.247,-27.747,2.341,246,15,18,,
T,2026-07-24 18:03:54.000,26.41109000,-80.16516167,1.70,11.446,-27.746,2.341,248,16,18,,
T,2026-07-24 18:03:55.000,26.41108167,-80.16518667,1.80,11.646,-27.746,2.349,245,16,18,,
T,2026-07-24 18:03:56.000,26.41107167,-80.16521167,1.80,11.646,-27.746,2.363,249,16,18,,
T,2026-07-24 18:03:57.000,26.41106500,-80.16524000,1.80,11.546,-27.746,2.340,244,15,18,,
T,2026-07-24 18:03:58.000,26.41105833,-80.16526333,1.80,11.546,-27.746,2.311,231,17,18,,
T,2026-07-24 18:03:59.000,26.41105167,-80.16528667,1.90,11.246,-27.746,2.300,227,17,18,,
T,2026-07-24 18:04:00.000,26.41104333,-80.16531333,1.80,11.246,-27.746,2.311,241,17,18,,
T,2026-07-24 18:04:01.000,26.41103500,-80.16534000,1.80,10.946,-27.746,2.324,247,15,18,,
T,2026-07-24 18:04:02.000,26.41102500,-80.16536833,1.80,10.646,-27.746,2.368,251,16,18,,
T,2026-07-24 18:04:03.000,26.41101667,-80.16539500,1.80,10.545,-27.745,2.360,246,16,18,,
T,2026-07-24 18:04:04.000,26.41100833,-80.16542000,1.70,10.545,-27.745,2.363,250,17,18,,
T,2026-07-24 18:04:05.000,26.41100167,-80.16544333,1.90,10.645,-27.745,2.327,249,16,18,,
T,2026-07-24 18:04:06.000,26.41099500,-80.16546833,2.00,10.545,-27.745,2.328,252,16,18,,
T,2026-07-24 18:04:07.000,26.41098500,-80.16549167,1.90,10.645,-27.745,2.318,254,16,18,,
T,2026-07-24 18:04:08.000,26.41098000,-80.16551333,2.00,10.645,-27.745,2.351,243,17,18,,
T,2026-07-24 18:04:09.000,26.41097667,-80.16553833,2.00,11.345,-27.745,2.394,240,17,18,,
T,2026-07-24 18:04:10.000,26.41097667,-80.16555500,2.00,12.445,-27.745,2.285,258,17,18,,
T,2026-07-24 18:04:11.000,26.41097833,-80.16556667,1.80,13.445,-27.745,2.136,245,17,18,,
T,2026-07-24 18:04:12.000,26.41097833,-80.16557667,1.70,13.445,-27.745,1.948,263,17,18,,
T,2026-07-24 18:04:13.000,26.41098167,-80.16558500,1.60,13.545,-27.745,1.771,295,17,18,,
T,2026-07-24 18:04:14.000,26.41098333,-80.16559500,1.60,13.545,-27.745,1.580,286,17,18,,
T,2026-07-24 18:04:15.000,26.41098167,-80.16560333,1.60,13.345,-27.745,1.438,268,17,18,,
T,2026-07-24 18:04:16.000,26.41098000,-80.16561167,1.60,13.444,-27.744,1.242,270,17,18,,
T,2026-07-24 18:04:17.000,26.41098000,-80.16561333,1.50,13.144,-27.744,1.064,259,17,18,,
T,2026-07-24 18:04:18.000,26.41097833,-80.16561333,1.50,13.344,-27.744,0.840,5,17,18,,
T,2026-07-24 18:04:19.000,26.41097500,-80.16561333,1.40,13.644,-27.744,0.608,274,16,18,,
T,2026-07-24 18:04:20.000,26.41097000,-80.16561333,1.40,13.944,-27.744,0.487,241,16,18,,
T,2026-07-24 18:04:21.000,26.41096500,-80.16561333,1.40,14.544,-27.744,0.401,298,16,18,,
T,2026-07-24 18:04:22.000,26.41096167,-80.16561333,1.40,14.944,-27.744,0.000,,15,18,,
T,2026-07-24 18:04:23.000,26.41096000,-80.16561167,1.40,15.344,-27.744,0.000,,16,18,,
T,2026-07-24 18:04:24.000,26.41096000,-80.16561167,1.40,15.844,-27.744,0.000,,17,18,,
T,2026-07-24 18:04:25.000,26.41096000,-80.16561167,1.40,15.844,-27.744,0.000,,16,18,,
T,2026-07-24 18:04:26.000,26.41096000,-80.16561167,1.40,15.844,-27.744,0.000,,16,18,,
T,2026-07-24 18:04:27.000,26.41096000,-80.16561167,1.40,15.844,-27.744,0.000,,16,18,,
T,2026-07-24 18:04:28.000,26.41096000,-80.16561167,1.40,15.844,-27.744,0.000,,16,18,,
T,2026-07-24 18:04:29.000,26.41096000,-80.16561167,1.40,15.844,-27.744,0.000,,16,18,,
T,2026-07-24 18:04:30.000,26.41096000,-80.16561167,1.40,15.844,-27.744,0.000,,16,18,,
T,2026-07-24 18:04:31.000,26.41096000,-80.16561167,1.40,15.844,-27.744,0.000,,16,18,,
T,2026-07-24 18:04:32.000,26.41096000,-80.16561167,1.40,15.844,-27.744,0.000,,16,18,,
T,2026-07-24 18:04:33.000,26.41096000,-80.16561167,1.40,15.844,-27.744,0.000,,16,18,,
T,2026-07-24 18:04:34.000,26.41096000,-80.16561167,1.30,15.844,-27.744,0.000,,17,18,,
T,2026-07-24 18:04:35.000,26.41096000,-80.16561167,1.30,15.844,-27.744,0.000,,17,18,,
T,2026-07-24 18:04:36.000,26.41096000,-80.16561167,1.30,15.844,-27.744,0.000,,17,18,,
T,2026-07-24 18:04:37.000,26.41096000,-80.16561167,1.30,15.844,-27.744,0.000,,17,18,,
T,2026-07-24 18:04:38.000,26.41096000,-80.16561167,1.30,15.844,-27.744,0.000,,17,18,,
T,2026-07-24 18:04:39.000,26.41096000,-80.16561167,1.40,15.844,-27.744,0.000,,16,18,,
T,2026-07-24 18:04:40.000,26.41096000,-80.16561167,1.40,15.844,-27.744,0.000,,17,18,,
T,2026-07-24 18:04:41.000,26.41096000,-80.16561167,1.40,15.844,-27.744,0.000,,16,18,,
T,2026-07-24 18:04:42.000,26.41096000,-80.16561167,1.40,15.844,-27.744,0.000,,16,18,,
T,2026-07-24 18:04:43.000,26.41096000,-80.16561167,1.40,15.844,-27.744,0.000,,16,18,,
T,2026-07-24 18:04:44.000,26.41096000,-80.16561167,1.50,15.844,-27.744,0.000,,16,18,,
T,2026-07-24 18:04:45.000,26.41096000,-80.16561167,1.50,15.844,-27.744,0.000,,16,18,,
T,2026-07-24 18:04:46.000,26.41096000,-80.16561167,1.40,15.844,-27.744,0.000,,16,18,,
T,2026-07-24 18:04:47.000,26.41096000,-80.16561167,1.40,15.844,-27.744,0.000,,17,18,,
T,2026-07-24 18:04:48.000,26.41096000,-80.16561167,1.40,15.844,-27.744,0.000,,17,18,,
T,2026-07-24 18:04:49.000,26.41096000,-80.16561167,1.40,15.844,-27.744,0.000,,17,18,,
T,2026-07-24 18:04:50.000,26.41096500,-80.16564000,1.40,19.444,-27.744,0.261,247,17,18,,
T,2026-07-24 18:04:51.000,26.41096000,-80.16565667,1.40,19.344,-27.744,0.425,252,17,18,,
T,2026-07-24 18:04:52.000,26.41095667,-80.16567500,1.40,19.144,-27.744,0.619,253,17,18,,
T,2026-07-24 18:04:53.000,26.41095167,-80.16569167,1.40,19.144,-27.744,0.790,252,17,18,,
T,2026-07-24 18:04:54.000,26.41094833,-80.16571000,1.40,19.144,-27.744,0.952,256,17,18,,
T,2026-07-24 18:04:55.000,26.41094333,-80.16572833,1.40,19.044,-27.744,1.139,253,17,18,,
T,2026-07-24 18:04:56.000,26.41094167,-80.16574667,1.40,18.844,-27.744,1.300,261,17,18,,
T,2026-07-24 18:04:57.000,26.41093833,-80.16576333,1.40,18.544,-27.744,1.449,263,17,18,,
T,2026-07-24 18:04:58.000,26.41093667,-80.16577833,1.40,18.444,-27.744,1.580,268,17,18,,
T,2026-07-24 18:04:59.000,26.41093667,-80.16579167,1.50,18.044,-27.744,1.629,261,15,18,,
T,2026-07-24 18:05:00.000,26.41093667,-80.16580500,1.60,17.644,-27.744,1.597,267,16,18,,
T,2026-07-24 18:05:01.000,26.41093833,-80.16581500,1.60,17.144,-27.744,1.531,275,16,18,,
T,2026-07-24 18:05:02.000,26.41094167,-80.16582167,1.50,17.244,-27.744,1.391,276,17,18,,
T,2026-07-24 18:05:03.000,26.41094167,-80.16582833,1.70,17.244,-27.744,0.000,,10,18,,
T,2026-07-24 18:05:04.000,26.41094333,-80.16583167,1.70,17.544,-27.744,1.149,276,13,18,,
T,2026-07-24 18:05:05.000,26.41094667,-80.16583667,1.80,18.044,-27.744,0.991,262,16,18,,
T,2026-07-24 18:05:06.000,26.41094333,-80.16583667,1.70,18.344,-27.744,0.830,187,16,18,,
T,2026-07-24 18:05:07.000,26.41094167,-80.16583333,1.70,18.444,-27.744,0.683,245,17,18,,
T,2026-07-24 18:05:08.000,26.41094167,-80.16583500,1.70,18.444,-27.744,0.558,278,17,18,,
T,2026-07-24 18:05:09.000,26.41094333,-80.16583667,1.60,18.444,-27.744,0.486,292,17,18,,
T,2026-07-24 18:05:10.000,26.41094167,-80.16584167,1.60,18.544,-27.744,0.000,,17,18,,
T,2026-07-24 18:05:11.000,26.41094333,-80.16584833,1.50,18.444,-27.744,0.000,,17,18,,
T,2026-07-24 18:05:12.000,26.41094333,-80.16585333,1.50,18.743,-27.743,0.000,,17,18,,
T,2026-07-24 18:05:13.000,26.41094333,-80.16585333,1.50,18.743,-27.743,0.000,,17,18,,
T,2026-07-24 18:05:14.000,26.41094333,-80.16585333,1.50,18.743,-27.743,0.000,,17,18,,
T,2026-07-24 18:05:15.000,26.41094333,-80.16585333,1.50,18.743,-27.743,0.000,,17,18,,
T,2026-07-24 18:05:16.000,26.41094333,-80.16585333,1.40,18.743,-27.743,0.000,,17,18,,
T,2026-07-24 18:05:17.000,26.41094333,-80.16585333,1.40,18.743,-27.743,0.000,,17,18,,
T,2026-07-24 18:05:18.000,26.41094333,-80.16585333,1.50,18.743,-27.743,0.000,,17,18,,
T,2026-07-24 18:05:19.000,26.41094333,-80.16585333,1.50,18.743,-27.743,0.000,,17,18,,
T,2026-07-24 18:05:20.000,26.41094333,-80.16585333,1.50,18.743,-27.743,0.000,,17,18,,
T,2026-07-24 18:05:21.000,26.41094333,-80.16585333,1.50,18.743,-27.743,0.000,,17,18,,
T,2026-07-24 18:05:22.000,26.41094333,-80.16585333,1.50,18.743,-27.743,0.000,,17,18,,
T,2026-07-24 18:05:23.000,26.41094333,-80.16585333,1.50,18.743,-27.743,0.000,,17,18,,
T,2026-07-24 18:05:24.000,26.41094333,-80.16585333,1.50,18.743,-27.743,0.000,,17,18,,
T,2026-07-24 18:05:25.000,26.41094333,-80.16585333,1.50,18.743,-27.743,0.000,,16,18,,
T,2026-07-24 18:05:26.000,26.41094333,-80.16585333,1.50,18.743,-27.743,0.000,,15,18,,
T,2026-07-24 18:05:27.000,26.41094333,-80.16585333,1.50,18.743,-27.743,0.000,,16,18,,
T,2026-07-24 18:05:28.000,26.41094667,-80.16589000,1.60,20.843,-27.743,0.295,280,17,18,,
T,2026-07-24 18:05:29.000,26.41095167,-80.16590167,1.60,21.143,-27.743,0.410,304,17,18,,
T,2026-07-24 18:05:30.000,26.41095167,-80.16591000,1.60,21.143,-27.743,0.483,303,17,18,,
T,2026-07-24 18:05:31.000,26.41096833,-80.16591500,1.50,21.343,-27.743,0.639,0,17,18,,
T,2026-07-24 18:05:32.000,26.41098833,-80.16591167,1.60,20.743,-27.743,0.817,8,17,18,,
T,2026-07-24 18:05:33.000,26.41100833,-80.16590500,1.60,20.943,-27.743,1.023,22,17,18,,
T,2026-07-24 18:05:34.000,26.41102833,-80.16589833,1.60,20.743,-27.743,1.233,13,17,18,,
T,2026-07-24 18:05:35.000,26.41105167,-80.16589500,1.70,20.643,-27.743,1.455,11,17,18,,
T,2026-07-24 18:05:36.000,26.41107667,-80.16589167,1.70,20.343,-27.743,1.670,8,17,18,,
T,2026-07-24 18:05:37.000,26.41110000,-80.16588833,1.70,19.743,-27.743,1.793,7,17,18,,
T,2026-07-24 18:05:38.000,26.41112500,-80.16588167,1.70,19.343,-27.743,1.923,6,17,18,,
T,2026-07-24 18:05:39.000,26.41114667,-80.16587667,1.70,19.443,-27.743,2.062,7,17,18,,
T,2026-07-24 18:05:40.000,26.41116667,-80.16586833,1.70,19.044,-27.744,2.247,8,17,18,,
T,2026-07-24 18:05:41.000,26.41118667,-80.16586333,1.70,18.644,-27.744,2.367,10,17,18,,
T,2026-07-24 18:05:42.000,26.41121000,-80.16586000,1.70,18.644,-27.744,2.486,10,17,18,,
T,2026-07-24 18:05:43.000,26.41123833,-80.16585667,1.70,18.544,-27.744,2.591,11,17,18,,
T,2026-07-24 18:05:44.000,26.41126833,-80.16584833,2.00,18.244,-27.744,2.709,13,16,18,,
T,2026-07-24 18:05:45.000,26.41129667,-80.16584167,2.10,17.844,-27.744,2.809,10,17,18,,
T,2026-07-24 18:05:46.000,26.41132667,-80.16583333,2.20,17.444,-27.744,2.911,14,17,18,,
T,2026-07-24 18:05:47.000,26.41135667,-80.16582500,2.30,16.944,-27.744,2.990,12,17,18,,
T,2026-07-24 18:05:48.000,26.41138500,-80.16581500,2.30,16.344,-27.744,3.091,13,17,18,,
T,2026-07-24 18:05:49.000,26.41141333,-80.16580833,2.40,16.344,-27.744,3.153,11,17,18,,
T,2026-07-24 18:05:50.000,26.41144167,-80.16580000,2.40,16.544,-27.744,3.215,13,17,18,,
T,2026-07-24 18:05:51.000,26.41147000,-80.16579167,2.40,15.944,-27.744,3.271,15,16,18,,
T,2026-07-24 18:05:52.000,26.41149833,-80.16578167,2.40,15.344,-27.744,3.295,17,17,18,,
T,2026-07-24 18:05:53.000,26.41152667,-80.16577333,2.30,15.044,-27.744,3.307,18,17,18,,
T,2026-07-24 18:05:54.000,26.41155500,-80.16576500,2.40,15.044,-27.744,3.295,19,17,18,,
T,2026-07-24 18:05:55.000,26.41158333,-80.16575167,2.40,15.444,-27.744,3.297,21,17,18,,
T,2026-07-24 18:05:56.000,26.41161000,-80.16573833,2.40,16.044,-27.744,3.296,22,17,18,,
T,2026-07-24 18:05:57.000,26.41163667,-80.16572500,2.40,16.344,-27.744,3.314,20,17,18,,
T,2026-07-24 18:05:58.000,26.41166167,-80.16571167,2.40,15.544,-27.744,3.307,24,17,18,,
T,2026-07-24 18:05:59.000,26.41168833,-80.16570000,2.30,15.445,-27.745,3.315,27,17,18,,
T,2026-07-24 18:06:00.000,26.41171667,-80.16568667,2.40,15.645,-27.745,3.313,24,17,18,,
T,2026-07-24 18:06:01.000,26.41174500,-80.16567167,2.40,15.245,-27.745,3.314,28,17,18,,
T,2026-07-24 18:06:02.000,26.41177333,-80.16565667,2.40,15.345,-27.745,3.325,27,17,18,,
T,2026-07-24 18:06:03.000,26.41180000,-80.16563833,2.30,14.845,-27.745,3.352,29,16,18,,
T,2026-07-24 18:06:04.000,26.41183000,-80.16561833,2.30,14.845,-27.745,3.385,32,16,18,,
T,2026-07-24 18:06:05.000,26.41185833,-80.16559833,2.30,14.545,-27.745,3.409,28,17,18,,
T,2026-07-24 18:06:06.000,26.41188500,-80.16557667,2.40,14.745,-27.745,3.454,31,17,18,,
T,2026-07-24 18:06:07.000,26.41191333,-80.16556000,2.40,14.945,-27.745,3.498,33,17,18,,
T,2026-07-24 18:06:08.000,26.41194500,-80.16554167,2.40,15.045,-27.745,3.514,31,17,18,,
T,2026-07-24 18:06:09.000,26.41197500,-80.16552667,2.40,14.845,-27.745,3.509,31,17,18,,
T,2026-07-24 18:06:10.000,26.41200167,-80.16551000,2.40,14.345,-27.745,3.465,34,17,18,,
T,2026-07-24 18:06:11.000,26.41202667,-80.16549333,2.30,13.546,-27.746,3.366,39,17,18,,
T,2026-07-24 18:06:12.000,26.41204333,-80.16547000,2.10,13.046,-27.746,3.319,43,17,18,,
T,2026-07-24 18:06:13.000,26.41206333,-80.16545167,1.90,12.946,-27.746,3.280,42,17,18,,
T,2026-07-24 18:06:14.000,26.41208667,-80.16542667,1.90,12.946,-27.746,3.241,45,17,18,,
T,2026-07-24 18:06:15.000,26.41211000,-80.16540167,2.10,12.746,-27.746,3.226,43,17,18,,
T,2026-07-24 18:06:16.000,26.41213667,-80.16537500,2.20,12.546,-27.746,3.220,42,17,18,,
T,2026-07-24 18:06:17.000,26.41216167,-80.16534667,2.30,12.046,-27.746,3.232,42,17,18,,
T,2026-07-24 18:06:18.000,26.41219000,-80.16532000,2.30,11.746,-27.746,3.254,45,17,18,,
T,2026-07-24 18:06:19.000,26.41221333,-80.16529500,2.30,11.246,-27.746,3.258,51,17,18,,
T,2026-07-24 18:06:20.000,26.41224000,-80.16526833,2.30,11.147,-27.747,3.320,52,17,18,,
T,2026-07-24 18:06:21.000,26.41226000,-80.16524000,2.30,10.147,-27.747,3.490,46,17,18,,
T,2026-07-24 18:06:22.000,26.41228167,-80.16520500,2.30,9.847,-27.747,3.573,51,17,18,,
T,2026-07-24 18:06:23.000,26.41229833,-80.16517167,2.40,9.747,-27.747,3.665,56,17,18,,
T,2026-07-24 18:06:24.000,26.41231833,-80.16513500,2.30,9.747,-27.747,3.719,59,17,18,,
T,2026-07-24 18:06:25.000,26.41233500,-80.16509833,2.30,9.747,-27.747,3.725,69,17,18,,
T,2026-07-24 18:06:26.000,26.41235000,-80.16506167,2.30,10.048,-27.748,3.719,69,17,18,,
T,2026-07-24 18:06:27.000,26.41236333,-80.16502667,2.30,9.948,-27.748,3.699,69,17,18,,
T,2026-07-24 18:06:28.000,26.41237667,-80.16499167,2.30,10.048,-27.748,3.718,65,17,18,,
T,2026-07-24 18:06:29.000,26.41239167,-80.16496167,2.30,10.348,-27.748,3.779,64,17,18,,
T,2026-07-24 18:06:30.000,26.41240500,-80.16492833,2.30,10.248,-27.748,3.820,63,17,18,,
T,2026-07-24 18:06:31.000,26.41241167,-80.16489500,2.40,10.248,-27.748,3.772,66,17,18,,
T,2026-07-24 18:06:32.000,26.41242333,-80.16486333,2.40,10.548,-27.748,3.778,65,17,18,,
T,2026-07-24 18:06:33.000,26.41243833,-80.16482833,2.40,10.849,-27.749,3.733,70,17,18,,
T,2026-07-24 18:06:34.000,26.41245167,-80.16480000,2.50,10.949,-27.749,3.675,73,17,18,,
T,2026-07-24 18:06:35.000,26.41246833,-80.16476333,2.50,10.749,-27.749,3.657,76,17,18,,
T,2026-07-24 18:06:36.000,26.41248167,-80.16472500,2.50,11.349,-27.749,3.652,74,17,18,,
T,2026-07-24 18:06:37.000,26.41249000,-80.16468667,2.40,11.849,-27.749,3.649,72,17,18,,
T,2026-07-24 18:06:38.000,26.41249667,-80.16464167,2.20,14.049,-27.749,3.629,74,17,18,,
T,2026-07-24 18:06:39.000,26.41250667,-80.16460833,2.30,14.149,-27.749,3.600,76,17,18,,
T,2026-07-24 18:06:40.000,26.41251667,-80.16457333,2.40,14.550,-27.750,3.579,75,17,18,,
T,2026-07-24 18:06:41.000,26.41252500,-80.16453833,2.40,14.750,-27.750,3.595,75,17,18,,
T,2026-07-24 18:06:42.000,26.41253500,-80.16450167,2.50,14.950,-27.750,3.574,73,17,18,,
T,2026-07-24 18:06:43.000,26.41254500,-80.16446667,2.40,15.150,-27.750,3.557,74,17,18,,
T,2026-07-24 18:06:44.000,26.41255833,-80.16443000,2.10,15.850,-27.750,3.596,84,17,18,,
T,2026-07-24 18:06:45.000,26.41256500,-80.16438667,2.00,15.850,-27.750,3.635,80,17,18,,
T,2026-07-24 18:06:46.000,26.41256833,-80.16435167,2.00,15.651,-27.751,3.633,84,17,18,,
T,2026-07-24 18:06:47.000,26.41257167,-80.16431667,2.00,15.651,-27.751,3.642,82,17,18,,
T,2026-07-24 18:06:48.000,26.41257333,-80.16428500,1.90,15.451,-27.751,3.636,81,17,18,,
T,2026-07-24 18:06:49.000,26.41257333,-80.16425333,1.80,15.351,-27.751,3.634,81,17,18,,
T,2026-07-24 18:06:50.000,26.41257500,-80.16422333,1.80,15.451,-27.751,3.595,83,17,18,,
T,2026-07-24 18:06:51.000,26.41257667,-80.16419167,2.10,15.451,-27.751,3.560,90,17,18,,
T,2026-07-24 18:06:52.000,26.41257833,-80.16416167,2.20,14.651,-27.751,3.504,98,17,18,,
T,2026-07-24 18:06:53.000,26.41257833,-80.16413333,2.20,13.951,-27.751,3.396,94,16,18,,
T,2026-07-24 18:06:54.000,26.41257833,-80.16410667,2.20,12.952,-27.752,3.275,100,16,18,,
T,2026-07-24 18:06:55.000,26.41258167,-80.16407833,1.90,13.752,-27.752,3.089,91,17,18,,
T,2026-07-24 18:06:56.000,26.41257833,-80.16405500,1.80,13.452,-27.752,2.881,94,17,18,,
T,2026-07-24 18:06:57.000,26.41257000,-80.16404500,1.80,13.152,-27.752,2.577,99,16,18,,
T,2026-07-24 18:06:58.000,26.41257000,-80.16404167,1.70,13.052,-27.752,2.230,102,17,18,,
T,2026-07-24 18:06:59.000,26.41257333,-80.16404167,1.70,13.052,-27.752,1.877,45,17,18,,
T,2026-07-24 18:07:00.000,26.41258000,-80.16404000,1.60,13.152,-27.752,1.558,14,17,18,,
T,2026-07-24 18:07:01.000,26.41258500,-80.16404167,1.60,12.952,-27.752,1.219,103,17,18,,
T,2026-07-24 18:07:02.000,26.41258833,-80.16403833,1.60,13.252,-27.752,0.919,152,17,18,,
T,2026-07-24 18:07:03.000,26.41259167,-80.16403333,1.50,13.552,-27.752,0.711,134,17,18,,
T,2026-07-24 18:07:04.000,26.41259000,-80.16402667,1.50,13.652,-27.752,0.523,135,17,18,,
T,2026-07-24 18:07:05.000,26.41258667,-80.16401667,1.50,13.552,-27.752,0.410,114,17,18,,
T,2026-07-24 18:07:06.000,26.41258167,-80.16400833,1.60,13.352,-27.752,0.346,100,16,18,,
T,2026-07-24 18:07:07.000,26.41258167,-80.16400333,1.70,13.452,-27.752,0.000,,17,18,,
T,2026-07-24 18:07:08.000,26.41258500,-80.16399667,1.60,14.152,-27.752,0.000,,17,18,,
T,2026-07-24 18:07:09.000,26.41258667,-80.16399333,1.60,14.952,-27.752,0.000,,17,18,,
T,2026-07-24 18:07:10.000,26.41258667,-80.16399333,1.60,14.952,-27.752,0.000,,17,18,,
T,2026-07-24 18:07:11.000,26.41258667,-80.16399333,1.60,14.952,-27.752,0.000,,17,18,,
T,2026-07-24 18:07:12.000,26.41258667,-80.16399333,1.50,14.952,-27.752,0.000,,17,18,,
T,2026-07-24 18:07:13.000,26.41258667,-80.16399333,1.50,14.952,-27.752,0.000,,17,18,,
T,2026-07-24 18:07:14.000,26.41258667,-80.16399333,1.50,14.952,-27.752,0.000,,16,18,,
T,2026-07-24 18:07:15.000,26.41258667,-80.16399333,1.50,14.952,-27.752,0.000,,17,18,,
T,2026-07-24 18:07:16.000,26.41258667,-80.16399333,1.50,14.952,-27.752,0.000,,17,18,,
T,2026-07-24 18:07:17.000,26.41258667,-80.16399333,1.50,14.952,-27.752,0.000,,17,18,,
T,2026-07-24 18:07:18.000,26.41257500,-80.16394667,1.60,19.652,-27.752,0.337,91,16,18,,
T,2026-07-24 18:07:19.000,26.41257167,-80.16392667,1.70,18.852,-27.752,0.556,83,15,18,,
T,2026-07-24 18:07:20.000,26.41256833,-80.16390167,1.80,18.552,-27.752,0.776,86,16,18,,
T,2026-07-24 18:07:21.000,26.41257000,-80.16387667,1.80,18.653,-27.753,1.051,91,17,18,,
T,2026-07-24 18:07:22.000,26.41257000,-80.16385000,1.80,19.153,-27.753,1.350,95,17,18,,
T,2026-07-24 18:07:23.000,26.41257000,-80.16382167,1.80,19.653,-27.753,1.648,94,17,18,,
T,2026-07-24 18:07:24.000,26.41256667,-80.16379167,2.10,20.253,-27.753,1.968,93,17,18,,
T,2026-07-24 18:07:25.000,26.41256333,-80.16376000,2.20,20.353,-27.753,2.292,104,17,18,,
T,2026-07-24 18:07:26.000,26.41255667,-80.16372833,2.30,20.653,-27.753,2.603,108,17,18,,
T,2026-07-24 18:07:27.000,26.41254833,-80.16369667,2.40,20.753,-27.753,2.889,109,17,18,,
T,2026-07-24 18:07:28.000,26.41254167,-80.16366333,2.40,20.153,-27.753,3.063,105,17,18,,
T,2026-07-24 18:07:29.000,26.41252833,-80.16363167,2.40,19.054,-27.754,3.197,111,17,18,,
T,2026-07-24 18:07:30.000,26.41251500,-80.16360000,2.50,18.854,-27.754,3.310,110,17,18,,
T,2026-07-24 18:07:31.000,26.41250500,-80.16356833,2.40,18.654,-27.754,3.373,106,17,18,,
T,2026-07-24 18:07:32.000,26.41250167,-80.16354000,2.00,18.254,-27.754,3.423,102,17,18,,
T,2026-07-24 18:07:33.000,26.41249500,-80.16350500,2.20,18.054,-27.754,3.466,99,17,18,,
T,2026-07-24 18:07:34.000,26.41248667,-80.16347167,2.30,17.854,-27.754,3.492,107,17,18,,
T,2026-07-24 18:07:35.000,26.41247833,-80.16343833,2.40,17.754,-27.754,3.523,108,17,18,,
T,2026-07-24 18:07:36.000,26.41247000,-80.16340333,2.40,17.854,-27.754,3.537,103,17,18,,
T,2026-07-24 18:07:37.000,26.41246333,-80.16336833,2.40,17.355,-27.755,3.539,104,17,18,,
T,2026-07-24 18:07:38.000,26.41245667,-80.16333500,2.40,16.255,-27.755,3.541,103,16,18,,
T,2026-07-24 18:07:39.000,26.41245667,-80.16330000,2.40,15.655,-27.755,3.528,102,17,18,,
T,2026-07-24 18:07:40.000,26.41244667,-80.16326667,2.40,15.355,-27.755,3.509,101,17,18,,
T,2026-07-24 18:07:41.000,26.41244167,-80.16323500,2.30,14.955,-27.755,3.500,105,17,18,,
T,2026-07-24 18:07:42.000,26.41243500,-80.16320000,2.30,14.255,-27.755,3.495,102,17,18,,
T,2026-07-24 18:07:43.000,26.41243500,-80.16316500,2.30,13.555,-27.755,3.498,99,17,18,,
T,2026-07-24 18:07:44.000,26.41243000,-80.16312833,2.30,12.856,-27.756,3.510,102,17,18,,
T,2026-07-24 18:07:45.000,26.41242167,-80.16309333,2.30,12.656,-27.756,3.520,100,17,18,,
T,2026-07-24 18:07:46.000,26.41241500,-80.16305500,2.30,12.756,-27.756,3.529,101,17,18,,
T,2026-07-24 18:07:47.000,26.41241000,-80.16302000,2.30,12.556,-27.756,3.550,100,17,18,,
T,2026-07-24 18:07:48.000,26.41241000,-80.16298333,2.30,12.356,-27.756,3.569,101,17,18,,
T,2026-07-24 18:07:49.000,26.41240667,-80.16294500,2.30,11.656,-27.756,3.585,99,17,18,,
T,2026-07-24 18:07:50.000,26.41240833,-80.16291167,2.40,10.356,-27.756,3.618,96,17,18,,
T,2026-07-24 18:07:51.000,26.41240333,-80.16287833,2.40,9.057,-27.757,3.643,95,17,18,,
T,2026-07-24 18:07:52.000,26.41239667,-80.16284333,2.40,8.257,-27.757,3.657,94,17,18,,
T,2026-07-24 18:07:53.000,26.41239167,-80.16280667,2.40,7.357,-27.757,3.702,87,17,18,,
T,2026-07-24 18:07:54.000,26.41239333,-80.16276667,2.40,7.057,-27.757,3.763,84,17,18,,
T,2026-07-24 18:07:55.000,26.41239500,-80.16273333,2.40,7.257,-27.757,3.783,91,17,18,,
T,2026-07-24 18:07:56.000,26.41239333,-80.16269000,2.40,7.057,-27.757,3.795,94,17,18,,
T,2026-07-24 18:07:57.000,26.41239333,-80.16264667,2.40,7.458,-27.758,3.794,89,15,18,,
T,2026-07-24 18:07:58.000,26.41239333,-80.16261000,2.40,7.458,-27.758,3.768,92,15,18,,
T,2026-07-24 18:07:59.000,26.41239167,-80.16256833,2.40,7.158,-27.758,3.757,92,15,18,,
T,2026-07-24 18:08:00.000,26.41239333,-80.16252667,2.40,7.158,-27.758,3.743,89,15,18,,
T,2026-07-24 18:08:01.000,26.41239167,-80.16248500,2.40,6.858,-27.758,3.749,81,15,18,,
T,2026-07-24 18:08:02.000,26.41239333,-80.16244667,2.40,6.458,-27.758,3.763,80,15,18,,
T,2026-07-24 18:08:03.000,26.41239833,-80.16240167,2.40,6.659,-27.759,3.755,79,15,18,,
T,2026-07-24 18:08:04.000,26.41240833,-80.16236000,2.40,6.659,-27.759,3.729,77,15,18,,
T,2026-07-24 18:08:05.000,26.41241000,-80.16232000,2.30,6.159,-27.759,3.744,77,15,18,,
T,2026-07-24 18:08:06.000,26.41241333,-80.16228000,2.30,5.859,-27.759,3.752,78,15,18,,
T,2026-07-24 18:08:07.000,26.41241667,-80.16223833,2.40,5.759,-27.759,3.793,80,14,18,,
T,2026-07-24 18:08:08.000,26.41242000,-80.16219833,2.40,5.359,-27.759,3.860,82,15,18,,
T,2026-07-24 18:08:09.000,26.41242333,-80.16215667,2.40,4.960,-27.760,3.914,83,15,18,,
T,2026-07-24 18:08:10.000,26.41242833,-80.16211167,2.40,5.160,-27.760,3.958,81,15,18,,
T,2026-07-24 18:08:11.000,26.41243333,-80.16207000,2.50,5.060,-27.760,3.990,75,14,18,,
T,2026-07-24 18:08:12.000,26.41244333,-80.16202833,2.40,5.060,-27.760,4.016,72,15,18,,
T,2026-07-24 18:08:13.000,26.41245500,-80.16199333,2.50,4.860,-27.760,4.011,67,15,18,,
T,2026-07-24 18:08:14.000,26.41247167,-80.16196167,2.50,5.460,-27.760,3.997,56,15,18,,
T,2026-07-24 18:08:15.000,26.41248667,-80.16193167,2.50,5.461,-27.761,3.957,58,15,18,,
T,2026-07-24 18:08:16.000,26.41250167,-80.16190667,2.40,5.861,-27.761,3.928,61,15,18,,
T,2026-07-24 18:08:17.000,26.41251333,-80.16186667,2.20,6.661,-27.761,3.925,58,15,18,,
T,2026-07-24 18:08:18.000,26.41252667,-80.16182667,2.00,7.661,-27.761,3.881,65,15,18,,
T,2026-07-24 18:08:19.000,26.41253833,-80.16178667,2.00,8.661,-27.761,3.832,70,15,18,,
T,2026-07-24 18:08:20.000,26.41254833,-80.16175333,2.20,8.861,-27.761,3.755,80,15,18,,
T,2026-07-24 18:08:21.000,26.41255500,-80.16172000,2.20,9.061,-27.761,3.702,86,15,18,,
T,2026-07-24 18:08:22.000,26.41256333,-80.16168500,2.10,9.162,-27.762,3.658,88,15,18,,
T,2026-07-24 18:08:23.000,26.41256833,-80.16165667,2.00,8.762,-27.762,3.581,81,14,18,,
T,2026-07-24 18:08:24.000,26.41257833,-80.16163167,1.90,8.862,-27.762,3.469,66,15,18,,
T,2026-07-24 18:08:25.000,26.41259167,-80.16160500,1.90,8.762,-27.762,3.383,63,15,18,,
T,2026-07-24 18:08:26.000,26.41260000,-80.16158333,1.80,8.562,-27.762,3.236,70,15,18,,
T,2026-07-24 18:08:27.000,26.41260000,-80.16156833,1.80,8.762,-27.762,2.943,86,15,18,,
T,2026-07-24 18:08:28.000,26.41260833,-80.16155333,1.70,9.162,-27.762,2.646,84,14,18,,
T,2026-07-24 18:08:29.000,26.41261167,-80.16154500,1.70,9.262,-27.762,2.355,85,14,18,,
T,2026-07-24 18:08:30.000,26.41262000,-80.16154333,1.70,9.862,-27.762,2.055,32,15,18,,
T,2026-07-24 18:08:31.000,26.41262667,-80.16154167,1.60,10.462,-27.762,1.726,11,15,18,,
T,2026-07-24 18:08:32.000,26.41263167,-80.16153833,1.60,10.962,-27.762,1.385,24,15,18,,
T,2026-07-24 18:08:33.000,26.41263833,-80.16153833,1.50,11.262,-27.762,1.083,344,15,18,,
T,2026-07-24 18:08:34.000,26.41264333,-80.16153833,1.50,11.762,-27.762,0.817,296,15,18,,
T,2026-07-24 18:08:35.000,26.41264500,-80.16154000,1.40,12.162,-27.762,0.537,261,15,18,,
T,2026-07-24 18:08:36.000,26.41264500,-80.16154000,1.40,12.562,-27.762,0.000,,14,18,,
T,2026-07-24 18:08:37.000,26.41264667,-80.16154000,1.40,13.162,-27.762,0.000,,14,18,,
T,2026-07-24 18:08:38.000,26.41264833,-80.16154000,1.40,13.562,-27.762,0.000,,15,18,,
T,2026-07-24 18:08:39.000,26.41264833,-80.16154000,1.40,13.562,-27.762,0.000,,15,18,,
T,2026-07-24 18:08:40.000,26.41264833,-80.16154000,1.40,13.562,-27.762,0.000,,15,18,,
T,2026-07-24 18:08:41.000,26.41264833,-80.16154000,1.40,13.562,-27.762,0.000,,15,18,,
T,2026-07-24 18:08:42.000,26.41264833,-80.16154000,1.40,13.562,-27.762,0.000,,15,18,,
T,2026-07-24 18:08:43.000,26.41264833,-80.16154000,1.40,13.562,-27.762,0.000,,15,18,,
T,2026-07-24 18:08:44.000,26.41264833,-80.16154000,1.40,13.562,-27.762,0.000,,15,18,,
T,2026-07-24 18:08:45.000,26.41264833,-80.16154000,1.40,13.562,-27.762,0.000,,15,18,,
T,2026-07-24 18:08:46.000,26.41265167,-80.16152667,1.50,16.362,-27.762,0.235,129,15,18,,
T,2026-07-24 18:08:47.000,26.41265000,-80.16151167,1.60,16.462,-27.762,0.326,98,14,18,,
T,2026-07-24 18:08:48.000,26.41265000,-80.16149667,1.70,16.562,-27.762,0.428,102,14,18,,
T,2026-07-24 18:08:49.000,26.41264000,-80.16149167,1.80,16.662,-27.762,0.518,135,15,18,,
T,2026-07-24 18:08:50.000,26.41262667,-80.16148500,1.80,16.962,-27.762,0.650,144,15,18,,
T,2026-07-24 18:08:51.000,26.41261500,-80.16147667,1.70,16.262,-27.762,0.818,157,15,18,,
T,2026-07-24 18:08:52.000,26.41259833,-80.16146833,1.80,15.962,-27.762,0.987,152,15,18,,
T,2026-07-24 18:08:53.000,26.41258167,-80.16145833,1.80,15.463,-27.763,1.147,133,15,18,,
T,2026-07-24 18:08:54.000,26.41256667,-80.16144167,1.90,15.263,-27.763,1.347,147,15,18,,
T,2026-07-24 18:08:55.000,26.41255167,-80.16142667,2.00,15.163,-27.763,1.444,153,15,18,,
T,2026-07-24 18:08:56.000,26.41253500,-80.16141333,2.00,15.463,-27.763,1.500,167,15,18,,
T,2026-07-24 18:08:57.000,26.41251833,-80.16140333,2.00,15.463,-27.763,1.533,153,15,18,,
T,2026-07-24 18:08:58.000,26.41249667,-80.16139000,2.20,15.463,-27.763,1.636,174,15,18,,
T,2026-07-24 18:08:59.000,26.41247333,-80.16138333,2.10,15.463,-27.763,1.757,170,15,18,,
T,2026-07-24 18:09:00.000,26.41244833,-80.16137667,2.10,15.463,-27.763,1.835,178,15,18,,
T,2026-07-24 18:09:01.000,26.41242833,-80.16137500,2.10,15.763,-27.763,1.905,182,15,18,,
T,2026-07-24 18:09:02.000,26.41240500,-80.16137000,2.20,15.763,-27.763,1.954,173,15,18,,
T,2026-07-24 18:09:03.000,26.41238167,-80.16135833,2.10,15.863,-27.763,1.986,161,15,18,,
T,2026-07-24 18:09:04.000,26.41235667,-80.16134667,2.10,16.463,-27.763,2.009,158,15,18,,
T,2026-07-24 18:09:05.000,26.41233167,-80.16133333,2.10,16.563,-27.763,2.081,160,15,18,,
T,2026-07-24 18:09:06.000,26.41230667,-80.16132000,2.10,16.463,-27.763,2.207,157,15,18,,
T,2026-07-24 18:09:07.000,26.41228167,-80.16130833,2.10,16.263,-27.763,2.338,167,14,18,,
T,2026-07-24 18:09:08.000,26.41226167,-80.16130167,2.10,16.363,-27.763,2.361,181,15,18,,
T,2026-07-24 18:09:09.000,26.41224333,-80.16129833,2.10,16.463,-27.763,2.370,184,15,18,,
T,2026-07-24 18:09:10.000,26.41222833,-80.16129333,2.10,15.963,-27.763,2.362,191,15,18,,
T,2026-07-24 18:09:11.000,26.41219833,-80.16128667,2.00,15.463,-27.763,2.452,189,15,18,,
T,2026-07-24 18:09:12.000,26.41217000,-80.16127333,1.90,15.163,-27.763,2.577,174,15,18,,
T,2026-07-24 18:09:13.000,26.41214167,-80.16126500,2.10,14.363,-27.763,2.731,170,15,18,,
T,2026-07-24 18:09:14.000,26.41211333,-80.16125500,2.20,13.563,-27.763,2.846,167,15,18,,
T,2026-07-24 18:09:15.000,26.41208333,-80.16124667,2.30,12.463,-27.763,2.938,166,15,18,,
T,2026-07-24 18:09:16.000,26.41205500,-80.16123500,2.30,11.763,-27.763,3.011,167,15,18,,
T,2026-07-24 18:09:17.000,26.41202333,-80.16122833,2.30,10.963,-27.763,3.076,171,15,18,,
T,2026-07-24 18:09:18.000,26.41199667,-80.16122667,2.30,10.763,-27.763,3.201,172,15,18,,
T,2026-07-24 18:09:19.000,26.41197000,-80.16122167,2.30,9.763,-27.763,3.334,171,15,18,,
T,2026-07-24 18:09:20.000,26.41193667,-80.16121667,2.30,9.163,-27.763,3.473,175,15,18,,
T,2026-07-24 18:09:21.000,26.41190333,-80.16121000,2.30,8.563,-27.763,3.502,172,15,18,,
T,2026-07-24 18:09:22.000,26.41186833,-80.16120000,2.30,8.663,-27.763,3.497,174,15,18,,
T,2026-07-24 18:09:23.000,26.41183500,-80.16119000,2.30,8.963,-27.763,3.474,175,15,18,,
T,2026-07-24 18:09:24.000,26.41180500,-80.16118667,2.30,8.563,-27.763,3.454,180,15,18,,
T,2026-07-24 18:09:25.000,26.41177167,-80.16117833,2.30,8.563,-27.763,3.448,176,15,18,,
T,2026-07-24 18:09:26.000,26.41173667,-80.16117500,2.30,8.163,-27.763,3.463,177,15,18,,
T,2026-07-24 18:09:27.000,26.41170500,-80.16117167,2.30,8.063,-27.763,3.471,176,15,18,,
T,2026-07-24 18:09:28.000,26.41167000,-80.16117000,2.30,7.663,-27.763,3.463,179,15,18,,
T,2026-07-24 18:09:29.000,26.41163833,-80.16116833,2.30,7.263,-27.763,3.455,178,15,18,,
T,2026-07-24 18:09:30.000,26.41160500,-80.16116333,2.20,6.963,-27.763,3.440,173,15,19,,
T,2026-07-24 18:09:31.000,26.41157333,-80.16115833,2.20,6.863,-27.763,3.397,172,15,19,,
T,2026-07-24 18:09:32.000,26.41153833,-80.16116000,2.20,6.863,-27.763,3.398,180,15,19,,
T,2026-07-24 18:09:33.000,26.41150167,-80.16115833,2.20,7.163,-27.763,3.421,181,15,19,,
T,2026-07-24 18:09:34.000,26.41146667,-80.16115833,2.20,7.663,-27.763,3.443,182,15,19,,
T,2026-07-24 18:09:35.000,26.41143167,-80.16115833,2.20,8.063,-27.763,3.419,180,15,19,,
T,2026-07-24 18:09:36.000,26.41140167,-80.16115833,2.20,8.063,-27.763,3.405,181,15,19,,
T,2026-07-24 18:09:37.000,26.41136833,-80.16116000,2.30,7.963,-27.763,3.411,181,15,19,,
T,2026-07-24 18:09:38.000,26.41134167,-80.16116000,2.30,7.563,-27.763,3.384,181,15,19,,
T,2026-07-24 18:09:39.000,26.41131000,-80.16116000,2.30,7.663,-27.763,3.386,181,15,19,,
T,2026-07-24 18:09:40.000,26.41127833,-80.16115667,2.30,7.963,-27.763,3.398,179,15,19,,
T,2026-07-24 18:09:41.000,26.41124667,-80.16115500,2.30,7.863,-27.763,3.427,180,15,19,,
T,2026-07-24 18:09:42.000,26.41121333,-80.16115333,2.30,7.963,-27.763,3.415,180,15,19,,
T,2026-07-24 18:09:43.000,26.41118000,-80.16115333,2.30,8.063,-27.763,3.416,178,15,19,,
T,2026-07-24 18:09:44.000,26.41114667,-80.16115333,2.30,8.163,-27.763,3.423,178,15,19,,
T,2026-07-24 18:09:45.000,26.41111333,-80.16115333,2.30,8.263,-27.763,3.457,181,15,19,,
T,2026-07-24 18:09:46.000,26.41108000,-80.16115500,2.30,8.763,-27.763,3.478,181,15,19,,
T,2026-07-24 18:09:47.000,26.41104333,-80.16115667,2.30,9.163,-27.763,3.496,180,15,19,,
T,2026-07-24 18:09:48.000,26.41100833,-80.16115500,2.30,9.563,-27.763,3.535,181,15,19,,
T,2026-07-24 18:09:49.000,26.41097667,-80.16115500,2.30,9.963,-27.763,3.512,180,15,19,,
T,2026-07-24 18:09:50.000,26.41094500,-80.16115500,2.30,9.963,-27.763,3.514,179,15,19,,
T,2026-07-24 18:09:51.000,26.41091500,-80.16115667,2.30,9.863,-27.763,3.503,184,15,19,,
T,2026-07-24 18:09:52.000,26.41088667,-80.16115833,2.30,9.463,-27.763,3.495,183,15,19,,
T,2026-07-24 18:09:53.000,26.41085500,-80.16116167,2.30,9.363,-27.763,3.447,183,15,19,,
T,2026-07-24 18:09:54.000,26.41082500,-80.16116333,2.30,9.163,-27.763,3.432,187,15,19,,
T,2026-07-24 18:09:55.000,26.41079333,-80.16116500,2.40,8.963,-27.763,3.400,187,15,19,,
T,2026-07-24 18:09:56.000,26.41076333,-80.16117000,2.40,8.663,-27.763,3.363,190,15,19,,
T,2026-07-24 18:09:57.000,26.41073667,-80.16117667,2.40,8.063,-27.763,3.289,193,15,19,,
T,2026-07-24 18:09:58.000,26.41071000,-80.16117833,2.40,7.663,-27.763,3.201,189,15,19,,
T,2026-07-24 18:09:59.000,26.41068667,-80.16118333,2.10,7.563,-27.763,3.163,195,15,19,,
T,2026-07-24 18:10:00.000,26.41066500,-80.16118833,2.00,8.463,-27.763,3.056,198,15,19,,
T,2026-07-24 18:10:01.000,26.41064667,-80.16119333,2.00,9.063,-27.763,2.898,196,15,19,,
T,2026-07-24 18:10:02.000,26.41064000,-80.16120333,1.90,9.862,-27.762,2.688,198,15,19,,
T,2026-07-24 18:10:03.000,26.41063500,-80.16121167,1.90,10.462,-27.762,2.493,241,15,19,,
T,2026-07-24 18:10:04.000,26.41063667,-80.16121500,2.00,11.562,-27.762,2.204,243,15,19,,
T,2026-07-24 18:10:05.000,26.41063667,-80.16121667,1.90,13.162,-27.762,1.942,73,15,19,,
T,2026-07-24 18:10:06.000,26.41063833,-80.16121000,1.90,14.262,-27.762,1.666,90,15,19,,
T,2026-07-24 18:10:07.000,26.41063667,-80.16121000,1.80,15.362,-27.762,1.408,98,15,19,,
T,2026-07-24 18:10:08.000,26.41063333,-80.16121333,1.80,16.162,-27.762,1.161,101,15,19,,
T,2026-07-24 18:10:09.000,26.41063167,-80.16121667,1.70,16.662,-27.762,0.932,80,15,19,,
T,2026-07-24 18:10:10.000,26.41062667,-80.16121500,1.70,16.962,-27.762,0.720,110,15,19,,
T,2026-07-24 18:10:11.000,26.41062167,-80.16121500,1.60,17.462,-27.762,0.570,137,15,19,,
T,2026-07-24 18:10:12.000,26.41061500,-80.16121333,1.60,17.462,-27.762,0.484,151,15,19,,
T,2026-07-24 18:10:13.000,26.41061000,-80.16121167,1.60,17.162,-27.762,0.000,,15,19,,
T,2026-07-24 18:10:14.000,26.41060833,-80.16120833,1.60,17.062,-27.762,0.000,,15,19,,
T,2026-07-24 18:10:15.000,26.41060667,-80.16120333,1.60,17.062,-27.762,0.000,,15,19,,
T,2026-07-24 18:10:16.000,26.41060667,-80.16120333,1.70,17.062,-27.762,0.000,,15,19,,
T,2026-07-24 18:10:17.000,26.41060667,-80.16120333,1.60,17.062,-27.762,0.000,,15,19,,
T,2026-07-24 18:10:18.000,26.41060667,-80.16120333,1.60,17.062,-27.762,0.000,,15,19,,
T,2026-07-24 18:10:19.000,26.41060667,-80.16120333,1.60,17.062,-27.762,0.000,,15,19,,
T,2026-07-24 18:10:20.000,26.41060667,-80.16120333,1.50,17.062,-27.762,0.000,,15,19,,
T,2026-07-24 18:10:21.000,26.41060667,-80.16120333,1.50,17.062,-27.762,0.000,,15,19,,
T,2026-07-24 18:10:22.000,26.41060667,-80.16120333,1.50,17.062,-27.762,0.000,,15,19,,
T,2026-07-24 18:10:23.000,26.41060667,-80.16120333,1.50,17.062,-27.762,0.000,,15,19,,
T,2026-07-24 18:10:24.000,26.41060667,-80.16120333,1.50,17.062,-27.762,0.000,,15,19,,
T,2026-07-24 18:10:25.000,26.41060667,-80.16120333,1.40,17.062,-27.762,0.000,,15,19,,
T,2026-07-24 18:10:26.000,26.41060667,-80.16120333,1.40,17.062,-27.762,0.000,,14,19,,
T,2026-07-24 18:10:27.000,26.41060667,-80.16120333,1.40,17.062,-27.762,0.000,,15,19,,
T,2026-07-24 18:10:28.000,26.41060667,-80.16120333,1.50,17.062,-27.762,0.000,,14,19,,
T,2026-07-24 18:10:29.000,26.41060667,-80.16120333,1.50,17.062,-27.762,0.000,,14,19,,
T,2026-07-24 18:10:30.000,26.41060667,-80.16120333,1.50,17.062,-27.762,0.000,,14,19,,
T,2026-07-24 18:10:31.000,26.41060667,-80.16120333,1.50,17.062,-27.762,0.000,,14,19,,
T,2026-07-24 18:10:32.000,26.41060667,-80.16120333,1.50,17.062,-27.762,0.000,,14,19,,
T,2026-07-24 18:10:33.000,26.41060667,-80.16120333,1.50,17.062,-27.762,0.000,,14,19,,
T,2026-07-24 18:10:34.000,26.41060667,-80.16120333,1.50,17.062,-27.762,0.000,,15,19,,
T,2026-07-24 18:10:35.000,26.41060667,-80.16120333,1.50,17.062,-27.762,0.000,,15,19,,
T,2026-07-24 18:10:36.000,26.41060667,-80.16120333,1.50,17.062,-27.762,0.000,,15,19,,
T,2026-07-24 18:10:37.000,26.41060667,-80.16120333,1.50,17.062,-27.762,0.000,,15,19,,
T,2026-07-24 18:10:38.000,26.41060667,-80.16120333,1.60,17.062,-27.762,0.000,,15,19,,
T,2026-07-24 18:10:39.000,26.41060667,-80.16120333,1.60,17.062,-27.762,0.000,,15,19,,
T,2026-07-24 18:10:40.000,26.41060667,-80.16120333,1.50,17.062,-27.762,0.000,,15,19,,
T,2026-07-24 18:10:41.000,26.41060667,-80.16120333,1.50,17.062,-27.762,0.000,,15,19,,
T,2026-07-24 18:10:42.000,26.41060667,-80.16120333,1.60,17.062,-27.762,0.000,,15,19,,
T,2026-07-24 18:10:43.000,26.41060667,-80.16120333,1.50,17.062,-27.762,0.000,,15,19,,
T,2026-07-24 18:10:44.000,26.41060667,-80.16120333,1.50,17.062,-27.762,0.000,,15,19,,
T,2026-07-24 18:10:45.000,26.41060667,-80.16120333,1.50,17.062,-27.762,0.000,,15,19,,
T,2026-07-24 18:10:46.000,26.41060667,-80.16120333,1.50,17.062,-27.762,0.000,,15,19,,
T,2026-07-24 18:10:47.000,26.41056833,-80.16116500,1.50,17.063,-27.763,0.160,141,15,19,,
T,2026-07-24 18:10:48.000,26.41056500,-80.16115833,1.60,17.163,-27.763,0.227,118,15,19,,
T,2026-07-24 18:10:49.000,26.41056833,-80.16114833,1.70,17.363,-27.763,0.292,81,15,19,,
T,2026-07-24 18:10:50.000,26.41057333,-80.16113833,1.70,17.463,-27.763,0.375,88,15,19,,
T,2026-07-24 18:10:51.000,26.41057833,-80.16112500,1.80,17.663,-27.763,0.459,83,15,19,,
T,2026-07-24 18:10:52.000,26.41058167,-80.16111000,1.80,17.963,-27.763,0.593,83,15,19,,
T,2026-07-24 18:10:53.000,26.41058833,-80.16109833,1.70,18.363,-27.763,0.698,64,15,19,,
T,2026-07-24 18:10:54.000,26.41059833,-80.16108667,1.70,18.663,-27.763,0.803,55,15,19,,
T,2026-07-24 18:10:55.000,26.41060333,-80.16108167,1.70,18.963,-27.763,0.929,29,15,19,,
T,2026-07-24 18:10:56.000,26.41061167,-80.16107667,1.70,18.863,-27.763,1.024,16,15,19,,
T,2026-07-24 18:10:57.000,26.41062000,-80.16107833,1.70,18.563,-27.763,1.098,2,15,19,,
T,2026-07-24 18:10:58.000,26.41063167,-80.16107833,1.70,18.463,-27.763,1.149,4,15,19,,
T,2026-07-24 18:10:59.000,26.41064500,-80.16108167,1.80,18.763,-27.763,1.160,8,15,19,,
T,2026-07-24 18:11:00.000,26.41065500,-80.16108167,1.80,19.263,-27.763,1.150,4,15,19,,
T,2026-07-24 18:11:01.000,26.41066333,-80.16108333,1.80,19.563,-27.763,1.127,5,15,19,,
T,2026-07-24 18:11:02.000,26.41066500,-80.16108500,1.80,19.963,-27.763,1.016,340,15,19,,
T,2026-07-24 18:11:03.000,26.41066667,-80.16108833,1.80,20.063,-27.763,0.933,351,15,19,,
T,2026-07-24 18:11:04.000,26.41067000,-80.16108667,1.70,19.963,-27.763,0.840,346,15,19,,
T,2026-07-24 18:11:05.000,26.41067000,-80.16108667,1.70,20.263,-27.763,0.717,328,15,19,,
T,2026-07-24 18:11:06.000,26.41067167,-80.16108667,1.60,20.563,-27.763,0.583,350,15,19,,
T,2026-07-24 18:11:07.000,26.41067500,-80.16108833,1.70,20.963,-27.763,0.469,78,15,19,,
T,2026-07-24 18:11:08.000,26.41067667,-80.16109000,1.60,21.363,-27.763,0.000,,15,19,,
T,2026-07-24 18:11:09.000,26.41068000,-80.16109167,1.60,21.363,-27.763,0.000,,15,19,,
T,2026-07-24 18:11:10.000,26.41068333,-80.16109000,1.60,21.563,-27.763,0.000,,15,19,,
T,2026-07-24 18:11:11.000,26.41068333,-80.16109000,1.70,21.563,-27.763,0.000,,15,19,,
T,2026-07-24 18:11:12.000,26.41068333,-80.16109000,1.60,21.563,-27.763,0.000,,15,19,,
T,2026-07-24 18:11:13.000,26.41068333,-80.16109000,1.60,21.563,-27.763,0.000,,15,19,,
T,2026-07-24 18:11:14.000,26.41068333,-80.16109000,1.60,21.563,-27.763,0.000,,15,19,,
T,2026-07-24 18:11:15.000,26.41068333,-80.16109000,1.60,21.563,-27.763,0.000,,15,19,,
T,2026-07-24 18:11:16.000,26.41068333,-80.16109000,1.60,21.563,-27.763,0.000,,15,19,,
T,2026-07-24 18:11:17.000,26.41068333,-80.16109000,1.60,21.563,-27.763,0.000,,15,19,,
T,2026-07-24 18:11:18.000,26.41068333,-80.16109000,1.60,21.563,-27.763,0.000,,15,19,,
T,2026-07-24 18:11:19.000,26.41068333,-80.16109000,1.60,21.563,-27.763,0.000,,15,19,,
T,2026-07-24 18:11:20.000,26.41068333,-80.16109000,1.60,21.563,-27.763,0.000,,15,19,,
T,2026-07-24 18:11:21.000,26.41068333,-80.16109000,1.60,21.563,-27.763,0.000,,15,19,,
T,2026-07-24 18:11:22.000,26.41068333,-80.16109000,1.60,21.563,-27.763,0.000,,15,19,,
T,2026-07-24 18:11:23.000,26.41068333,-80.16109000,1.50,21.563,-27.763,0.000,,15,19,,
T,2026-07-24 18:11:24.000,26.41068333,-80.16109000,1.60,21.563,-27.763,0.000,,15,19,,
T,2026-07-24 18:11:25.000,26.41068333,-80.16109000,1.50,21.563,-27.763,0.000,,15,19,,
T,2026-07-24 18:11:26.000,26.41068333,-80.16109000,1.50,21.563,-27.763,0.000,,15,19,,
T,2026-07-24 18:11:27.000,26.41068333,-80.16109000,1.60,21.563,-27.763,0.000,,15,19,,
T,2026-07-24 18:11:28.000,26.41068333,-80.16109000,1.60,21.563,-27.763,0.000,,15,19,,
T,2026-07-24 18:11:29.000,26.41068333,-80.16109000,1.60,21.563,-27.763,0.000,,15,19,,
T,2026-07-24 18:11:30.000,26.41068333,-80.16109000,1.60,21.563,-27.763,0.000,,15,19,,
T,2026-07-24 18:11:31.000,26.41068333,-80.16109000,1.60,21.563,-27.763,0.000,,15,19,,
T,2026-07-24 18:11:32.000,26.41068333,-80.16109000,1.60,21.563,-27.763,0.000,,15,19,,
T,2026-07-24 18:11:33.000,26.41068333,-80.16109000,1.60,21.563,-27.763,0.000,,15,19,,
T,2026-07-24 18:11:34.000,26.41068333,-80.16109000,1.60,21.563,-27.763,0.000,,15,19,,
T,2026-07-24 18:11:35.000,26.41068333,-80.16109000,1.60,21.563,-27.763,0.000,,15,19,,
T,2026-07-24 18:11:36.000,26.41068333,-80.16109000,1.60,21.563,-27.763,0.000,,15,19,,
T,2026-07-24 18:11:37.000,26.41068333,-80.16109000,1.60,21.563,-27.763,0.000,,15,19,,
T,2026-07-24 18:11:38.000,26.41068333,-80.16109000,1.60,21.563,-27.763,0.000,,15,19,,
T,2026-07-24 18:11:39.000,26.41068333,-80.16109000,1.60,21.563,-27.763,0.000,,15,19,,
T,2026-07-24 18:11:40.000,26.41068333,-80.16109000,1.60,21.563,-27.763,0.000,,15,19,,
T,2026-07-24 18:11:41.000,26.41068333,-80.16109000,1.60,21.563,-27.763,0.000,,15,19,,
T,2026-07-24 18:11:42.000,26.41068333,-80.16109000,1.60,21.563,-27.763,0.000,,15,19,,
T,2026-07-24 18:11:43.000,26.41068333,-80.16109000,1.60,21.563,-27.763,0.000,,15,19,,
T,2026-07-24 18:11:44.000,26.41068333,-80.16109000,1.60,21.563,-27.763,0.000,,15,19,,
T,2026-07-24 18:11:45.000,26.41068333,-80.16109000,1.60,21.563,-27.763,0.000,,15,19,,
T,2026-07-24 18:11:46.000,26.41068333,-80.16109000,1.60,21.563,-27.763,0.000,,15,19,,
T,2026-07-24 18:11:47.000,26.41068333,-80.16109000,1.60,21.563,-27.763,0.000,,15,19,,
T,2026-07-24 18:11:48.000,26.41068333,-80.16109000,1.60,21.563,-27.763,0.000,,15,19,,
T,2026-07-24 18:11:49.000,26.41068333,-80.16109000,1.60,21.563,-27.763,0.000,,15,19,,
T,2026-07-24 18:11:50.000,26.41068333,-80.16109000,1.60,21.563,-27.763,0.000,,15,19,,
T,2026-07-24 18:11:51.000,26.41068333,-80.16109000,1.60,21.563,-27.763,0.000,,15,19,,
T,2026-07-24 18:11:52.000,26.41068333,-80.16109000,1.60,21.563,-27.763,0.000,,15,19,,
T,2026-07-24 18:11:53.000,26.41068333,-80.16109000,1.60,21.563,-27.763,0.000,,15,19,,
T,2026-07-24 18:11:54.000,26.41068333,-80.16109000,1.60,21.563,-27.763,0.000,,15,19,,
T,2026-07-24 18:11:55.000,26.41068333,-80.16109000,1.60,21.563,-27.763,0.000,,15,19,,
T,2026-07-24 18:11:56.000,26.41068333,-80.16109000,1.60,21.563,-27.763,0.000,,15,19,,
T,2026-07-24 18:11:57.000,26.41068333,-80.16109000,1.60,21.563,-27.763,0.000,,16,19,,
T,2026-07-24 18:11:58.000,26.41068333,-80.16109000,1.60,21.563,-27.763,0.000,,16,19,,
T,2026-07-24 18:11:59.000,26.41068333,-80.16109000,1.60,21.563,-27.763,0.000,,16,19,,
T,2026-07-24 18:12:00.000,26.41068333,-80.16109000,1.60,21.563,-27.763,0.000,,16,19,,
T,2026-07-24 18:12:01.000,26.41068333,-80.16109000,1.60,21.563,-27.763,0.000,,16,19,,
T,2026-07-24 18:12:02.000,26.41068333,-80.16109000,1.60,21.563,-27.763,0.000,,16,19,,
T,2026-07-24 18:12:03.000,26.41068333,-80.16109000,1.50,21.563,-27.763,0.000,,16,19,,
T,2026-07-24 18:12:04.000,26.41068333,-80.16109000,1.50,21.563,-27.763,0.000,,16,19,,
T,2026-07-24 18:12:05.000,26.41068333,-80.16109000,1.50,21.563,-27.763,0.000,,16,19,,
T,2026-07-24 18:12:06.000,26.41068333,-80.16109000,1.50,21.563,-27.763,0.000,,16,19,,
T,2026-07-24 18:12:07.000,26.41068333,-80.16109000,1.50,21.563,-27.763,0.000,,16,19,,
T,2026-07-24 18:12:08.000,26.41068333,-80.16109000,1.50,21.563,-27.763,0.000,,15,19,,
T,2026-07-24 18:12:09.000,26.41068333,-80.16109000,1.50,21.563,-27.763,0.000,,15,19,,
T,2026-07-24 18:12:10.000,26.41068333,-80.16109000,1.60,21.563,-27.763,0.000,,15,19,,
T,2026-07-24 18:12:11.000,26.41068333,-80.16109000,1.60,21.563,-27.763,0.000,,15,19,,
T,2026-07-24 18:12:12.000,26.41068333,-80.16109000,1.50,21.563,-27.763,0.000,,15,19,,
T,2026-07-24 18:12:13.000,26.41068333,-80.16109000,1.50,21.563,-27.763,0.000,,16,19,,
T,2026-07-24 18:12:14.000,26.41068333,-80.16109000,1.60,21.563,-27.763,0.000,,16,19,,
T,2026-07-24 18:12:15.000,26.41068333,-80.16109000,1.60,21.563,-27.763,0.000,,16,19,,
T,2026-07-24 18:12:16.000,26.41068333,-80.16109000,1.60,21.563,-27.763,0.000,,17,19,,
T,2026-07-24 18:12:17.000,26.41068333,-80.16109000,1.60,21.563,-27.763,0.000,,17,19,,
T,2026-07-24 18:12:18.000,26.41068333,-80.16109000,1.60,21.563,-27.763,0.000,,17,19,,
T,2026-07-24 18:12:19.000,26.41068333,-80.16109000,1.60,21.563,-27.763,0.000,,17,19,,
T,2026-07-24 18:12:20.000,26.41068333,-80.16109000,1.50,21.563,-27.763,0.000,,17,19,,
T,2026-07-24 18:12:21.000,26.41068333,-80.16109000,1.50,21.563,-27.763,0.000,,17,19,,
T,2026-07-24 18:12:22.000,26.41068333,-80.16109000,1.50,21.563,-27.763,0.000,,17,19,,
T,2026-07-24 18:12:23.000,26.41068333,-80.16109000,1.50,21.563,-27.763,0.000,,17,19,,
T,2026-07-24 18:12:24.000,26.41068333,-80.16109000,1.50,21.563,-27.763,0.000,,17,19,,
T,2026-07-24 18:12:25.000,26.41068333,-80.16109000,1.50,21.563,-27.763,0.000,,17,19,,
T,2026-07-24 18:12:26.000,26.41068333,-80.16109000,1.50,21.563,-27.763,0.000,,17,19,,
T,2026-07-24 18:12:27.000,26.41068333,-80.16109000,1.50,21.563,-27.763,0.000,,17,19,,
T,2026-07-24 18:12:28.000,26.41068333,-80.16109000,1.50,21.563,-27.763,0.000,,16,19,,
T,2026-07-24 18:12:29.000,26.41068333,-80.16109000,1.50,21.563,-27.763,0.000,,16,19,,
T,2026-07-24 18:12:30.000,26.41068333,-80.16109000,1.50,21.563,-27.763,0.000,,16,19,,
T,2026-07-24 18:12:31.000,26.41068333,-80.16109000,1.40,21.563,-27.763,0.000,,16,19,,
T,2026-07-24 18:12:32.000,26.41068333,-80.16109000,1.40,21.563,-27.763,0.000,,16,19,,
T,2026-07-24 18:12:33.000,26.41068333,-80.16109000,1.50,21.563,-27.763,0.000,,17,19,,
T,2026-07-24 18:12:34.000,26.41068333,-80.16109000,1.50,21.563,-27.763,0.000,,17,19,,
T,2026-07-24 18:12:35.000,26.41068333,-80.16109000,1.50,21.563,-27.763,0.000,,17,19,,
T,2026-07-24 18:12:36.000,26.41068333,-80.16109000,1.40,21.563,-27.763,0.000,,17,19,,
T,2026-07-24 18:12:37.000,26.41068333,-80.16109000,1.40,21.563,-27.763,0.000,,17,19,,
T,2026-07-24 18:12:38.000,26.41068333,-80.16109000,1.50,21.563,-27.763,0.000,,17,19,,
T,2026-07-24 18:12:39.000,26.41068333,-80.16109000,1.50,21.563,-27.763,0.000,,17,19,,
T,2026-07-24 18:12:40.000,26.41068333,-80.16109000,1.40,21.563,-27.763,0.000,,17,19,,
T,2026-07-24 18:12:41.000,26.41068333,-80.16109000,1.40,21.563,-27.763,0.000,,17,19,,
T,2026-07-24 18:12:42.000,26.41068333,-80.16109000,1.40,21.563,-27.763,0.000,,17,19,,
T,2026-07-24 18:12:43.000,26.41068333,-80.16109000,1.40,21.563,-27.763,0.000,,16,19,,
T,2026-07-24 18:12:44.000,26.41068333,-80.16109000,1.40,21.563,-27.763,0.000,,16,19,,
T,2026-07-24 18:12:45.000,26.41068333,-80.16109000,1.40,21.563,-27.763,0.000,,15,19,,
T,2026-07-24 18:12:46.000,26.41068333,-80.16109000,1.40,21.563,-27.763,0.000,,16,19,,
T,2026-07-24 18:12:47.000,26.41068333,-80.16109000,1.40,21.563,-27.763,0.000,,16,19,,
T,2026-07-24 18:12:48.000,26.41068333,-80.16109000,1.40,21.563,-27.763,0.000,,16,19,,
T,2026-07-24 18:12:49.000,26.41068333,-80.16109000,1.40,21.563,-27.763,0.000,,16,19,,
T,2026-07-24 18:12:50.000,26.41068333,-80.16109000,1.40,21.563,-27.763,0.000,,15,19,,
T,2026-07-24 18:12:51.000,26.41068333,-80.16109000,1.40,21.563,-27.763,0.000,,16,19,,
T,2026-07-24 18:12:52.000,26.41068333,-80.16109000,1.40,21.563,-27.763,0.000,,16,19,,
T,2026-07-24 18:12:53.000,26.41068333,-80.16109000,1.40,21.563,-27.763,0.000,,16,19,,
T,2026-07-24 18:12:54.000,26.41068333,-80.16109000,1.50,21.563,-27.763,0.000,,17,19,,
T,2026-07-24 18:12:55.000,26.41068333,-80.16109000,1.50,21.563,-27.763,0.000,,17,19,,
T,2026-07-24 18:12:56.000,26.41068333,-80.16109000,1.50,21.563,-27.763,0.000,,17,19,,
T,2026-07-24 18:12:57.000,26.41068333,-80.16109000,1.50,21.563,-27.763,0.000,,17,19,,
T,2026-07-24 18:12:58.000,26.41068333,-80.16109000,1.50,21.563,-27.763,0.000,,17,19,,
T,2026-07-24 18:12:59.000,26.41068333,-80.16109000,1.50,21.563,-27.763,0.000,,16,19,,
T,2026-07-24 18:13:00.000,26.41068333,-80.16109000,1.50,21.563,-27.763,0.000,,16,19,,
T,2026-07-24 18:13:01.000,26.41068333,-80.16109000,1.50,21.563,-27.763,0.000,,16,19,,
T,2026-07-24 18:13:02.000,26.41068333,-80.16109000,1.50,21.563,-27.763,0.000,,15,19,,
T,2026-07-24 18:13:03.000,26.41068333,-80.16109000,1.50,21.563,-27.763,0.000,,15,19,,
T,2026-07-24 18:13:04.000,26.41068333,-80.16109000,1.50,21.563,-27.763,0.000,,16,19,,
T,2026-07-24 18:13:05.000,26.41068333,-80.16109000,1.50,21.563,-27.763,0.000,,16,19,,
T,2026-07-24 18:13:06.000,26.41068333,-80.16109000,1.50,21.563,-27.763,0.000,,16,19,,
T,2026-07-24 18:13:07.000,26.41068333,-80.16109000,1.50,21.563,-27.763,0.000,,16,19,,
T,2026-07-24 18:13:08.000,26.41068333,-80.16109000,1.50,21.563,-27.763,0.000,,16,19,,
T,2026-07-24 18:13:09.000,26.41068333,-80.16109000,1.50,21.563,-27.763,0.000,,16,19,,
T,2026-07-24 18:13:10.000,26.41068333,-80.16109000,1.60,21.563,-27.763,0.000,,16,19,,
T,2026-07-24 18:13:11.000,26.41068333,-80.16109000,1.50,21.563,-27.763,0.000,,16,19,,
T,2026-07-24 18:13:12.000,26.41068333,-80.16109000,1.50,21.563,-27.763,0.000,,16,19,,
T,2026-07-24 18:13:13.000,26.41068333,-80.16109000,1.50,21.563,-27.763,0.000,,16,19,,
T,2026-07-24 18:13:14.000,26.41068333,-80.16109000,1.60,21.563,-27.763,0.000,,16,19,,
T,2026-07-24 18:13:15.000,26.41068333,-80.16109000,1.60,21.563,-27.763,0.000,,16,19,,
T,2026-07-24 18:13:16.000,26.41068333,-80.16109000,1.60,21.563,-27.763,0.000,,17,19,,
T,2026-07-24 18:13:17.000,26.41068333,-80.16109000,1.60,21.563,-27.763,0.000,,17,19,,
T,2026-07-24 18:13:18.000,26.41068333,-80.16109000,1.60,21.563,-27.763,0.000,,17,19,,
T,2026-07-24 18:13:19.000,26.41068333,-80.16109000,1.60,21.563,-27.763,0.000,,17,19,,
T,2026-07-24 18:13:20.000,26.41068333,-80.16109000,1.50,21.563,-27.763,0.000,,17,19,,
T,2026-07-24 18:13:21.000,26.41068333,-80.16109000,1.50,21.563,-27.763,0.000,,17,19,,
T,2026-07-24 18:13:22.000,26.41068333,-80.16109000,1.60,21.563,-27.763,0.000,,17,19,,
T,2026-07-24 18:13:23.000,26.41068333,-80.16109000,1.50,21.563,-27.763,0.000,,17,19,,
T,2026-07-24 18:13:24.000,26.41068333,-80.16109000,1.50,21.563,-27.763,0.000,,17,19,,
T,2026-07-24 18:13:25.000,26.41068333,-80.16109000,1.50,21.563,-27.763,0.000,,17,19,,
T,2026-07-24 18:13:26.000,26.41068333,-80.16109000,1.50,21.563,-27.763,0.000,,16,19,,
T,2026-07-24 18:13:27.000,26.41068333,-80.16109000,1.50,21.563,-27.763,0.000,,16,19,,
T,2026-07-24 18:13:28.000,26.41068333,-80.16109000,1.50,21.563,-27.763,0.000,,16,19,,
T,2026-07-24 18:13:29.000,26.41068333,-80.16109000,1.50,21.563,-27.763,0.000,,16,19,,
T,2026-07-24 18:13:30.000,26.41068333,-80.16109000,1.60,21.563,-27.763,0.000,,16,19,,
T,2026-07-24 18:13:31.000,26.41068333,-80.16109000,1.50,21.563,-27.763,0.000,,16,19,,
T,2026-07-24 18:13:32.000,26.41068333,-80.16109000,1.50,21.563,-27.763,0.000,,17,19,,
T,2026-07-24 18:13:33.000,26.41068333,-80.16109000,1.50,21.563,-27.763,0.000,,17,19,,
T,2026-07-24 18:13:34.000,26.41068333,-80.16109000,1.60,21.563,-27.763,0.000,,17,19,,
T,2026-07-24 18:13:35.000,26.41068333,-80.16109000,1.50,21.563,-27.763,0.000,,17,19,,
T,2026-07-24 18:13:36.000,26.41068333,-80.16109000,1.50,21.563,-27.763,0.000,,17,19,,
T,2026-07-24 18:13:37.000,26.41068333,-80.16109000,1.50,21.563,-27.763,0.000,,17,19,,
T,2026-07-24 18:13:38.000,26.41068333,-80.16109000,1.60,21.563,-27.763,0.000,,17,19,,
T,2026-07-24 18:13:39.000,26.41068333,-80.16109000,1.50,21.563,-27.763,0.000,,17,19,,
T,2026-07-24 18:13:40.000,26.41068333,-80.16109000,1.50,21.563,-27.763,0.000,,17,19,,
T,2026-07-24 18:13:41.000,26.41068333,-80.16109000,1.50,21.563,-27.763,0.000,,17,19,,
T,2026-07-24 18:13:42.000,26.41068333,-80.16109000,1.60,21.563,-27.763,0.000,,17,19,,
T,2026-07-24 18:13:43.000,26.41068333,-80.16109000,1.50,21.563,-27.763,0.000,,17,19,,
T,2026-07-24 18:13:44.000,26.41068333,-80.16109000,1.50,21.563,-27.763,0.000,,17,19,,
T,2026-07-24 18:13:45.000,26.41068333,-80.16109000,1.50,21.563,-27.763,0.000,,17,19,,
T,2026-07-24 18:13:46.000,26.41068333,-80.16109000,1.50,21.563,-27.763,0.000,,17,19,,
T,2026-07-24 18:13:47.000,26.41068333,-80.16109000,1.50,21.563,-27.763,0.000,,17,19,,
T,2026-07-24 18:13:48.000,26.41068333,-80.16109000,1.50,21.563,-27.763,0.000,,17,19,,
T,2026-07-24 18:13:49.000,26.41068333,-80.16109000,1.50,21.563,-27.763,0.000,,17,19,,
T,2026-07-24 18:13:50.000,26.41068333,-80.16109000,1.50,21.563,-27.763,0.000,,17,19,,
T,2026-07-24 18:13:51.000,26.41068333,-80.16109000,1.50,21.563,-27.763,0.000,,17,19,,
T,2026-07-24 18:13:52.000,26.41068333,-80.16109000,1.50,21.563,-27.763,0.000,,17,19,,
T,2026-07-24 18:13:53.000,26.41068333,-80.16109000,1.50,21.563,-27.763,0.000,,17,19,,
T,2026-07-24 18:13:54.000,26.41068333,-80.16109000,1.50,21.563,-27.763,0.000,,17,19,,
T,2026-07-24 18:13:55.000,26.41068333,-80.16109000,1.50,21.563,-27.763,0.000,,17,19,,
T,2026-07-24 18:13:56.000,26.41068333,-80.16109000,1.50,21.563,-27.763,0.000,,17,19,,
T,2026-07-24 18:13:57.000,26.41068333,-80.16109000,1.50,21.563,-27.763,0.000,,17,19,,
T,2026-07-24 18:13:58.000,26.41068333,-80.16109000,1.50,21.563,-27.763,0.000,,17,19,,
T,2026-07-24 18:13:59.000,26.41068333,-80.16109000,1.50,21.563,-27.763,0.000,,17,19,,
T,2026-07-24 18:14:00.000,26.41068333,-80.16109000,1.50,21.563,-27.763,0.000,,17,19,,
T,2026-07-24 18:14:01.000,26.41068333,-80.16109000,1.50,21.563,-27.763,0.000,,17,19,,
T,2026-07-24 18:14:02.000,26.41068333,-80.16109000,1.50,21.563,-27.763,0.000,,17,19,,
T,2026-07-24 18:14:03.000,26.41068333,-80.16109000,1.50,21.563,-27.763,0.000,,17,19,,
T,2026-07-24 18:14:04.000,26.41068333,-80.16109000,1.50,21.563,-27.763,0.000,,17,19,,
T,2026-07-24 18:14:05.000,26.41068333,-80.16109000,1.50,21.563,-27.763,0.000,,17,19,,
T,2026-07-24 18:14:06.000,26.41068333,-80.16109000,1.50,21.563,-27.763,0.000,,16,19,,
T,2026-07-24 18:14:07.000,26.41068333,-80.16109000,1.50,21.563,-27.763,0.000,,16,19,,
T,2026-07-24 18:14:08.000,26.41068333,-80.16109000,1.50,21.563,-27.763,0.000,,16,19,,
T,2026-07-24 18:14:09.000,26.41068333,-80.16109000,1.50,21.563,-27.763,0.000,,16,19,,
T,2026-07-24 18:14:10.000,26.41068333,-80.16109000,1.50,21.563,-27.763,0.000,,16,19,,
T,2026-07-24 18:14:11.000,26.41068333,-80.16109000,1.50,21.563,-27.763,0.000,,16,19,,
T,2026-07-24 18:14:12.000,26.41068333,-80.16109000,1.50,21.563,-27.763,0.000,,16,19,,
T,2026-07-24 18:14:13.000,26.41068333,-80.16109000,1.50,21.563,-27.763,0.000,,16,19,,
T,2026-07-24 18:14:14.000,26.41068333,-80.16109000,1.50,21.563,-27.763,0.000,,16,19,,
T,2026-07-24 18:14:15.000,26.41068333,-80.16109000,1.50,21.563,-27.763,0.000,,16,19,,
T,2026-07-24 18:14:16.000,26.41068333,-80.16109000,1.50,21.563,-27.763,0.000,,16,19,,
T,2026-07-24 18:14:17.000,26.41068333,-80.16109000,1.50,21.563,-27.763,0.000,,16,19,,
T,2026-07-24 18:14:18.000,26.41068333,-80.16109000,1.50,21.563,-27.763,0.000,,16,19,,
T,2026-07-24 18:14:19.000,26.41068333,-80.16109000,1.50,21.563,-27.763,0.000,,16,19,,
T,2026-07-24 18:14:20.000,26.41068333,-80.16109000,1.50,21.563,-27.763,0.000,,15,19,,
T,2026-07-24 18:14:21.000,26.41068333,-80.16109000,1.50,21.563,-27.763,0.000,,15,19,,
T,2026-07-24 18:14:22.000,26.41068333,-80.16109000,1.60,21.563,-27.763,0.000,,15,19,,
T,2026-07-24 18:14:23.000,26.41068333,-80.16109000,1.60,21.563,-27.763,0.000,,16,19,,
T,2026-07-24 18:14:24.000,26.41068333,-80.16109000,1.60,21.563,-27.763,0.000,,15,19,,
T,2026-07-24 18:14:25.000,26.41068333,-80.16109000,1.60,21.563,-27.763,0.000,,16,19,,
T,2026-07-24 18:14:26.000,26.41068333,-80.16109000,1.60,21.563,-27.763,0.000,,16,19,,
T,2026-07-24 18:14:27.000,26.41068333,-80.16109000,1.60,21.563,-27.763,0.000,,16,19,,
T,2026-07-24 18:14:28.000,26.41068333,-80.16109000,1.60,21.563,-27.763,0.000,,16,19,,
T,2026-07-24 18:14:29.000,26.41068333,-80.16109000,1.60,21.563,-27.763,0.000,,16,19,,
T,2026-07-24 18:14:30.000,26.41068333,-80.16109000,1.60,21.563,-27.763,0.000,,16,19,,
T,2026-07-24 18:14:31.000,26.41068333,-80.16109000,1.60,21.563,-27.763,0.000,,16,19,,
T,2026-07-24 18:14:32.000,26.41068333,-80.16109000,1.50,21.563,-27.763,0.000,,16,19,,
T,2026-07-24 18:14:33.000,26.41068333,-80.16109000,1.50,21.563,-27.763,0.000,,16,19,,
T,2026-07-24 18:14:34.000,26.41068333,-80.16109000,1.60,21.563,-27.763,0.000,,16,19,,
T,2026-07-24 18:14:35.000,26.41068333,-80.16109000,1.60,21.563,-27.763,0.000,,15,19,,
T,2026-07-24 18:14:36.000,26.41068333,-80.16109000,1.60,21.563,-27.763,0.000,,15,19,,
T,2026-07-24 18:14:37.000,26.41068333,-80.16109000,1.60,21.563,-27.763,0.000,,15,19,,
T,2026-07-24 18:14:38.000,26.41068333,-80.16109000,1.60,21.563,-27.763,0.000,,15,19,,
T,2026-07-24 18:14:39.000,26.41068333,-80.16109000,1.60,21.563,-27.763,0.000,,15,19,,
T,2026-07-24 18:14:40.000,26.41068333,-80.16109000,1.60,21.563,-27.763,0.000,,16,19,,
T,2026-07-24 18:14:41.000,26.41068333,-80.16109000,1.60,21.563,-27.763,0.000,,16,19,,
T,2026-07-24 18:14:42.000,26.41068333,-80.16109000,1.60,21.563,-27.763,0.000,,16,19,,
T,2026-07-24 18:14:43.000,26.41068333,-80.16109000,1.60,21.563,-27.763,0.000,,15,19,,
T,2026-07-24 18:14:44.000,26.41068333,-80.16109000,1.60,21.563,-27.763,0.000,,15,19,,
T,2026-07-24 18:14:45.000,26.41068333,-80.16109000,1.60,21.563,-27.763,0.000,,16,19,,
T,2026-07-24 18:14:46.000,26.41068333,-80.16109000,1.60,21.563,-27.763,0.000,,16,19,,
T,2026-07-24 18:14:47.000,26.41068333,-80.16109000,1.60,21.563,-27.763,0.000,,16,19,,
T,2026-07-24 18:14:48.000,26.41068333,-80.16109000,1.60,21.563,-27.763,0.000,,16,19,,
T,2026-07-24 18:14:49.000,26.41068333,-80.16109000,1.60,21.563,-27.763,0.000,,16,19,,
T,2026-07-24 18:14:50.000,26.41068333,-80.16109000,1.60,21.563,-27.763,0.000,,15,19,,
T,2026-07-24 18:14:51.000,26.41068333,-80.16109000,1.60,21.563,-27.763,0.000,,16,19,,
T,2026-07-24 18:14:52.000,26.41068333,-80.16109000,1.60,21.563,-27.763,0.000,,16,19,,
T,2026-07-24 18:14:53.000,26.41068333,-80.16109000,1.60,21.563,-27.763,0.000,,16,19,,
T,2026-07-24 18:14:54.000,26.41068333,-80.16109000,1.60,21.563,-27.763,0.000,,16,19,,
T,2026-07-24 18:14:55.000,26.41068333,-80.16109000,1.60,21.563,-27.763,0.000,,16,19,,
T,2026-07-24 18:14:56.000,26.41068333,-80.16109000,1.60,21.563,-27.763,0.000,,16,19,,
T,2026-07-24 18:14:57.000,26.41068333,-80.16109000,1.60,21.563,-27.763,0.000,,16,19,,
T,2026-07-24 18:14:58.000,26.41068333,-80.16109000,1.60,21.563,-27.763,0.000,,15,19,,
T,2026-07-24 18:14:59.000,26.41068333,-80.16109000,1.60,21.563,-27.763,0.000,,15,19,,
T,2026-07-24 18:15:00.000,26.41068333,-80.16109000,1.60,21.563,-27.763,0.000,,15,19,,
T,2026-07-24 18:15:01.000,26.41068333,-80.16109000,1.60,21.563,-27.763,0.000,,16,19,,
T,2026-07-24 18:15:02.000,26.41068333,-80.16109000,1.70,21.563,-27.763,0.000,,16,19,,
T,2026-07-24 18:15:03.000,26.41068333,-80.16109000,1.60,21.563,-27.763,0.000,,16,19,,
T,2026-07-24 18:15:04.000,26.41068333,-80.16109000,1.60,21.563,-27.763,0.000,,16,19,,
T,2026-07-24 18:15:05.000,26.41068333,-80.16109000,1.60,21.563,-27.763,0.000,,16,19,,
T,2026-07-24 18:15:06.000,26.41068333,-80.16109000,1.70,21.563,-27.763,0.000,,16,19,,
T,2026-07-24 18:15:07.000,26.41068333,-80.16109000,1.60,21.563,-27.763,0.000,,16,19,,
T,2026-07-24 18:15:08.000,26.41068333,-80.16109000,1.60,21.563,-27.763,0.000,,16,19,,
T,2026-07-24 18:15:09.000,26.41068333,-80.16109000,1.60,21.563,-27.763,0.000,,16,19,,
T,2026-07-24 18:15:10.000,26.41068333,-80.16109000,1.70,21.563,-27.763,0.000,,15,19,,
T,2026-07-24 18:15:11.000,26.41068333,-80.16109000,1.60,21.563,-27.763,0.000,,15,19,,
T,2026-07-24 18:15:12.000,26.41068333,-80.16109000,1.70,21.563,-27.763,0.000,,15,19,,
T,2026-07-24 18:15:13.000,26.41068333,-80.16109000,1.70,21.563,-27.763,0.000,,15,19,,
T,2026-07-24 18:15:14.000,26.41068333,-80.16109000,1.70,21.563,-27.763,0.000,,15,19,,
T,2026-07-24 18:15:15.000,26.41068333,-80.16109000,1.70,21.563,-27.763,0.000,,15,19,,
T,2026-07-24 18:15:16.000,26.41068333,-80.16109000,1.70,21.563,-27.763,0.000,,15,19,,
T,2026-07-24 18:15:17.000,26.41068333,-80.16109000,1.70,21.563,-27.763,0.000,,15,19,,
T,2026-07-24 18:15:18.000,26.41068333,-80.16109000,1.70,21.563,-27.763,0.000,,15,19,,
T,2026-07-24 18:15:19.000,26.41068333,-80.16109000,1.60,21.563,-27.763,0.000,,15,19,,
T,2026-07-24 18:15:20.000,26.41068333,-80.16109000,1.60,21.563,-27.763,0.000,,15,19,,
T,2026-07-24 18:15:21.000,26.41068333,-80.16109000,1.60,21.563,-27.763,0.000,,15,19,,
T,2026-07-24 18:15:22.000,26.41068333,-80.16109000,1.70,21.563,-27.763,0.000,,15,19,,
T,2026-07-24 18:15:23.000,26.41068333,-80.16109000,1.60,21.563,-27.763,0.000,,16,19,,
T,2026-07-24 18:15:24.000,26.41068333,-80.16109000,1.60,21.563,-27.763,0.000,,16,19,,
T,2026-07-24 18:15:25.000,26.41068333,-80.16109000,1.60,21.563,-27.763,0.000,,16,19,,
T,2026-07-24 18:15:26.000,26.41068333,-80.16109000,1.60,21.563,-27.763,0.000,,16,19,,
T,2026-07-24 18:15:27.000,26.41068333,-80.16109000,1.60,21.563,-27.763,0.000,,16,19,,
T,2026-07-24 18:15:28.000,26.41068333,-80.16109000,1.60,21.563,-27.763,0.000,,15,19,,
T,2026-07-24 18:15:29.000,26.41068333,-80.16109000,1.60,21.563,-27.763,0.000,,15,19,,
T,2026-07-24 18:15:30.000,26.41068333,-80.16109000,1.60,21.563,-27.763,0.000,,15,19,,
T,2026-07-24 18:15:31.000,26.41068333,-80.16109000,1.60,21.563,-27.763,0.000,,15,19,,
T,2026-07-24 18:15:32.000,26.41068333,-80.16109000,1.60,21.563,-27.763,0.000,,15,19,,
T,2026-07-24 18:15:33.000,26.41068333,-80.16109000,1.60,21.563,-27.763,0.000,,15,19,,
T,2026-07-24 18:15:34.000,26.41068333,-80.16109000,1.60,21.563,-27.763,0.000,,15,19,,
T,2026-07-24 18:15:35.000,26.41068333,-80.16109000,1.60,21.563,-27.763,0.000,,15,19,,
T,2026-07-24 18:15:36.000,26.41068333,-80.16109000,1.60,21.563,-27.763,0.000,,15,19,,
T,2026-07-24 18:15:37.000,26.41068333,-80.16109000,1.60,21.563,-27.763,0.000,,15,19,,
T,2026-07-24 18:15:38.000,26.41068333,-80.16109000,1.60,21.563,-27.763,0.000,,15,19,,
T,2026-07-24 18:15:39.000,26.41068333,-80.16109000,1.60,21.563,-27.763,0.000,,15,19,,
T,2026-07-24 18:15:40.000,26.41068333,-80.16109000,1.60,21.563,-27.763,0.000,,15,19,,
T,2026-07-24 18:15:41.000,26.41068333,-80.16109000,1.60,21.563,-27.763,0.000,,15,19,,
T,2026-07-24 18:15:42.000,26.41068333,-80.16109000,1.60,21.563,-27.763,0.000,,15,19,,
T,2026-07-24 18:15:43.000,26.41068333,-80.16109000,1.60,21.563,-27.763,0.000,,15,19,,
T,2026-07-24 18:15:44.000,26.41068333,-80.16109000,1.60,21.563,-27.763,0.000,,15,19,,
T,2026-07-24 18:15:45.000,26.41068333,-80.16109000,1.60,21.563,-27.763,0.000,,15,19,,
T,2026-07-24 18:15:46.000,26.41068333,-80.16109000,1.60,21.563,-27.763,0.000,,15,19,,
T,2026-07-24 18:15:47.000,26.41068333,-80.16109000,1.60,21.563,-27.763,0.000,,15,19,,
T,2026-07-24 18:15:48.000,26.41068333,-80.16109000,1.60,21.563,-27.763,0.000,,15,19,,
T,2026-07-24 18:15:49.000,26.41068333,-80.16109000,1.60,21.563,-27.763,0.000,,15,19,,
T,2026-07-24 18:15:50.000,26.41068333,-80.16109000,1.70,21.563,-27.763,0.000,,15,19,,
T,2026-07-24 18:15:51.000,26.41068333,-80.16109000,1.60,21.563,-27.763,0.000,,15,19,,
T,2026-07-24 18:15:52.000,26.41068333,-80.16109000,1.60,21.563,-27.763,0.000,,15,19,,
T,2026-07-24 18:15:53.000,26.41068333,-80.16109000,1.70,21.563,-27.763,0.000,,15,19,,
T,2026-07-24 18:15:54.000,26.41068333,-80.16109000,1.70,21.563,-27.763,0.000,,15,19,,
T,2026-07-24 18:15:55.000,26.41068333,-80.16109000,1.70,21.563,-27.763,0.000,,15,19,,
T,2026-07-24 18:15:56.000,26.41068333,-80.16109000,1.70,21.563,-27.763,0.000,,15,19,,
T,2026-07-24 18:15:57.000,26.41068333,-80.16109000,1.70,21.563,-27.763,0.000,,15,19,,
T,2026-07-24 18:15:58.000,26.41068333,-80.16109000,1.70,21.563,-27.763,0.000,,15,19,,
T,2026-07-24 18:15:59.000,26.41068333,-80.16109000,1.70,21.563,-27.763,0.000,,15,19,,
T,2026-07-24 18:16:00.000,26.41068333,-80.16109000,1.70,21.563,-27.763,0.000,,15,19,,
T,2026-07-24 18:16:01.000,26.41068333,-80.16109000,1.80,21.563,-27.763,0.000,,15,19,,
T,2026-07-24 18:16:02.000,26.41068333,-80.16109000,1.80,21.563,-27.763,0.000,,15,19,,
T,2026-07-24 18:16:03.000,26.41068333,-80.16109000,1.80,21.563,-27.763,0.000,,15,19,,
T,2026-07-24 18:16:04.000,26.41068333,-80.16109000,1.80,21.563,-27.763,0.000,,15,19,,
T,2026-07-24 18:16:05.000,26.41068333,-80.16109000,1.80,21.563,-27.763,0.000,,16,19,,
T,2026-07-24 18:16:06.000,26.41068333,-80.16109000,1.80,21.563,-27.763,0.000,,16,19,,
T,2026-07-24 18:16:07.000,26.41068333,-80.16109000,1.80,21.563,-27.763,0.000,,16,19,,
T,2026-07-24 18:16:08.000,26.41068333,-80.16109000,1.70,21.563,-27.763,0.000,,16,19,,
T,2026-07-24 18:16:09.000,26.41068333,-80.16109000,1.70,21.563,-27.763,0.000,,16,19,,
T,2026-07-24 18:16:10.000,26.41068333,-80.16109000,1.70,21.563,-27.763,0.000,,16,19,,
T,2026-07-24 18:16:11.000,26.41068333,-80.16109000,1.70,21.563,-27.763,0.000,,16,19,,
T,2026-07-24 18:16:12.000,26.41068333,-80.16109000,1.70,21.563,-27.763,0.000,,16,19,,
T,2026-07-24 18:16:13.000,26.41068333,-80.16109000,1.70,21.563,-27.763,0.000,,15,19,,
T,2026-07-24 18:16:14.000,26.41068333,-80.16109000,1.70,21.563,-27.763,0.000,,15,19,,
T,2026-07-24 18:16:15.000,26.41068333,-80.16109000,1.70,21.563,-27.763,0.000,,15,19,,
T,2026-07-24 18:16:16.000,26.41068333,-80.16109000,1.70,21.563,-27.763,0.000,,16,19,,
T,2026-07-24 18:16:17.000,26.41068333,-80.16109000,1.70,21.563,-27.763,0.000,,16,19,,
T,2026-07-24 18:16:18.000,26.41068333,-80.16109000,1.70,21.563,-27.763,0.000,,16,19,,
T,2026-07-24 18:16:19.000,26.41065833,-80.16109833,1.80,26.163,-27.763,0.182,329,16,19,,
T,2026-07-24 18:16:20.000,26.41065500,-80.16109667,1.80,26.163,-27.763,0.000,,16,19,,
T,2026-07-24 18:16:21.000,26.41065500,-80.16109667,1.80,26.063,-27.763,0.000,,16,19,,
T,2026-07-24 18:16:22.000,26.41065000,-80.16109667,1.80,25.963,-27.763,0.000,,16,19,,
T,2026-07-24 18:16:23.000,26.41065000,-80.16109667,1.70,25.963,-27.763,0.000,,15,19,,
T,2026-07-24 18:16:24.000,26.41065000,-80.16109667,1.70,25.963,-27.763,0.000,,15,19,,
T,2026-07-24 18:16:25.000,26.41065000,-80.16109667,1.80,25.963,-27.763,0.000,,15,19,,
T,2026-07-24 18:16:26.000,26.41065000,-80.16109667,1.80,25.963,-27.763,0.000,,15,19,,
T,2026-07-24 18:16:27.000,26.41065000,-80.16109667,1.80,25.963,-27.763,0.000,,16,19,,
T,2026-07-24 18:16:28.000,26.41065000,-80.16109667,1.80,25.963,-27.763,0.000,,16,19,,
T,2026-07-24 18:16:29.000,26.41065000,-80.16109667,1.80,25.963,-27.763,0.000,,16,19,,
T,2026-07-24 18:16:30.000,26.41065000,-80.16109667,1.70,25.963,-27.763,0.000,,16,19,,
T,2026-07-24 18:16:31.000,26.41065000,-80.16109667,1.70,25.963,-27.763,0.000,,16,19,,
T,2026-07-24 18:16:32.000,26.41065000,-80.16109667,1.70,25.963,-27.763,0.000,,16,19,,
T,2026-07-24 18:16:33.000,26.41065000,-80.16109667,1.80,25.963,-27.763,0.000,,16,19,,
T,2026-07-24 18:16:34.000,26.41065000,-80.16109667,1.80,25.963,-27.763,0.000,,16,19,,
T,2026-07-24 18:16:35.000,26.41065000,-80.16109667,1.80,25.963,-27.763,0.000,,16,19,,
T,2026-07-24 18:16:36.000,26.41065000,-80.16109667,1.80,25.963,-27.763,0.000,,16,19,,
T,2026-07-24 18:16:37.000,26.41065000,-80.16109667,1.80,25.963,-27.763,0.000,,16,19,,
T,2026-07-24 18:16:38.000,26.41065000,-80.16109667,1.80,25.963,-27.763,0.000,,16,19,,
T,2026-07-24 18:16:39.000,26.41065000,-80.16109667,1.80,25.963,-27.763,0.000,,16,19,,
T,2026-07-24 18:16:40.000,26.41065000,-80.16109667,1.80,25.963,-27.763,0.000,,16,19,,
T,2026-07-24 18:16:41.000,26.41065000,-80.16109667,1.80,25.963,-27.763,0.000,,16,19,,
T,2026-07-24 18:16:42.000,26.41065000,-80.16109667,1.80,25.963,-27.763,0.000,,16,19,,
T,2026-07-24 18:16:43.000,26.41065000,-80.16109667,1.80,25.963,-27.763,0.000,,16,19,,
T,2026-07-24 18:16:44.000,26.41065000,-80.16109667,1.80,25.963,-27.763,0.000,,16,19,,
T,2026-07-24 18:16:45.000,26.41065000,-80.16109667,1.80,25.963,-27.763,0.000,,16,19,,
T,2026-07-24 18:16:46.000,26.41065000,-80.16109667,1.70,25.963,-27.763,0.000,,16,19,,
T,2026-07-24 18:16:47.000,26.41065000,-80.16109667,1.80,25.963,-27.763,0.000,,16,19,,
T,2026-07-24 18:16:48.000,26.41065000,-80.16109667,1.70,25.963,-27.763,0.000,,16,19,,
T,2026-07-24 18:16:49.000,26.41065000,-80.16109667,1.70,25.963,-27.763,0.000,,16,19,,
T,2026-07-24 18:16:50.000,26.41065000,-80.16109667,1.80,25.963,-27.763,0.000,,16,19,,
T,2026-07-24 18:16:51.000,26.41065000,-80.16109667,1.80,25.963,-27.763,0.000,,16,19,,
T,2026-07-24 18:16:52.000,26.41065000,-80.16109667,1.80,25.963,-27.763,0.000,,16,19,,
T,2026-07-24 18:16:53.000,26.41065000,-80.16109667,1.80,25.963,-27.763,0.000,,16,20,,
T,2026-07-24 18:16:54.000,26.41065000,-80.16109667,1.70,25.963,-27.763,0.000,,16,20,,
T,2026-07-24 18:16:55.000,26.41065000,-80.16109667,1.70,25.963,-27.763,0.000,,16,20,,
T,2026-07-24 18:16:56.000,26.41065000,-80.16109667,1.70,25.963,-27.763,0.000,,16,20,,
T,2026-07-24 18:16:57.000,26.41065000,-80.16109667,1.70,25.963,-27.763,0.000,,16,20,,
T,2026-07-24 18:16:58.000,26.41065000,-80.16109667,1.70,25.963,-27.763,0.000,,16,20,,
T,2026-07-24 18:16:59.000,26.41065000,-80.16109667,1.70,25.963,-27.763,0.000,,16,20,,
T,2026-07-24 18:17:00.000,26.41065000,-80.16109667,1.70,25.963,-27.763,0.000,,16,20,,
T,2026-07-24 18:17:01.000,26.41065000,-80.16109667,1.70,25.963,-27.763,0.000,,16,20,,
T,2026-07-24 18:17:02.000,26.41065000,-80.16109667,1.70,25.963,-27.763,0.000,,16,20,,
T,2026-07-24 18:17:03.000,26.41065000,-80.16109667,1.70,25.963,-27.763,0.000,,16,20,,
T,2026-07-24 18:17:04.000,26.41065000,-80.16109667,1.70,25.963,-27.763,0.000,,16,20,,
T,2026-07-24 18:17:05.000,26.41065000,-80.16109667,1.70,25.963,-27.763,0.000,,16,20,,
T,2026-07-24 18:17:06.000,26.41065000,-80.16109667,1.70,25.963,-27.763,0.000,,16,21,,
T,2026-07-24 18:17:07.000,26.41065000,-80.16109667,1.70,25.963,-27.763,0.000,,16,21,,
T,2026-07-24 18:17:08.000,26.41065000,-80.16109667,1.70,25.963,-27.763,0.000,,16,21,,
T,2026-07-24 18:17:09.000,26.41065000,-80.16109667,1.70,25.963,-27.763,0.000,,16,21,,
T,2026-07-24 18:17:10.000,26.41065000,-80.16109667,1.60,25.963,-27.763,0.000,,16,21,,
T,2026-07-24 18:17:11.000,26.41065000,-80.16109667,1.70,25.963,-27.763,0.000,,16,21,,
T,2026-07-24 18:17:12.000,26.41065000,-80.16109667,1.60,25.963,-27.763,0.000,,16,21,,
T,2026-07-24 18:17:13.000,26.41065000,-80.16109667,1.60,25.963,-27.763,0.000,,16,21,,
T,2026-07-24 18:17:14.000,26.41065000,-80.16109667,1.60,25.963,-27.763,0.000,,16,21,,
T,2026-07-24 18:17:15.000,26.41065000,-80.16109667,1.60,25.963,-27.763,0.000,,16,21,,
T,2026-07-24 18:17:16.000,26.41065000,-80.16109667,1.60,25.963,-27.763,0.000,,16,21,,
T,2026-07-24 18:17:17.000,26.41065000,-80.16109667,1.70,25.963,-27.763,0.000,,16,21,,
T,2026-07-24 18:17:18.000,26.41065000,-80.16109667,1.70,25.963,-27.763,0.000,,16,21,,
T,2026-07-24 18:17:19.000,26.41065000,-80.16109667,1.70,25.963,-27.763,0.000,,16,21,,
T,2026-07-24 18:17:20.000,26.41065000,-80.16109667,1.70,25.963,-27.763,0.000,,16,21,,
T,2026-07-24 18:17:21.000,26.41065000,-80.16109667,1.70,25.963,-27.763,0.000,,16,21,,
T,2026-07-24 18:17:22.000,26.41065000,-80.16109667,1.70,25.963,-27.763,0.000,,16,21,,
T,2026-07-24 18:17:23.000,26.41065000,-80.16109667,1.70,25.963,-27.763,0.000,,16,21,,
T,2026-07-24 18:17:24.000,26.41065000,-80.16109667,1.70,25.963,-27.763,0.000,,16,21,,
T,2026-07-24 18:17:25.000,26.41065000,-80.16109667,1.70,25.963,-27.763,0.000,,16,21,,
T,2026-07-24 18:17:26.000,26.41065000,-80.16109667,1.70,25.963,-27.763,0.000,,16,21,,
T,2026-07-24 18:17:27.000,26.41065000,-80.16109667,1.80,25.963,-27.763,0.000,,15,21,,
