<?xml version="1.0" encoding="UTF-8"?>
<!-- Created with BasicAirData GPS Logger for Android - ver. 3.3.0 -->
<!-- Track 9 = 2767 TrackPoints + 5 Placemarks -->

<!-- Track Statistics (based on Total Time | Time in Movement): -->
<!--  Distance = 7.14 km -->
<!--  Duration = 46:06 | 27:41 -->
<!--  Altitude Gap = 22 m -->
<!--  Max Speed = 18 mph -->
<!--  Avg Speed = 5.8 | 9.6 mph -->
<!--  Direction = W -->
<!--  Activity = cycling -->
<!--  Altitudes = Corrected using EGM96 grid (bilinear interpolation) -->

<gpx version="1.0"
     creator="BasicAirData GPS Logger 3.3.0"
     xmlns="http://www.topografix.com/GPX/1/0"
     xmlns:xsi="http://www.w3.org/2001/XMLSchema-instance"
     xsi:schemaLocation="http://www.topografix.com/GPX/1/0 http://www.topografix.com/GPX/1/0/gpx.xsd">
<name>GPS Logger 20260718-141642</name>
<desc>Global path</desc>
<time>2026-07-21T17:16:52Z</time>
<keywords>cycling</keywords>
<bounds minlat="26.40956667" minlon="-80.17080500" maxlat="26.42372500" maxlon="-80.15274333" />

<wpt lat="26.41063500" lon="-80.16101833"><ele>14.663</ele><time>2026-07-18T18:16:46Z</time><name>Gate</name><sat>15</sat></wpt>

<wpt lat="26.42368167" lon="-80.15281833"><ele>9.204</ele><time>2026-07-18T18:30:08Z</time><name>Site1</name><sat>15</sat></wpt>

<wpt lat="26.41649833" lon="-80.17008667"><ele>15.429</ele><time>2026-07-18T18:48:46Z</time><name>Site2</name><sat>16</sat></wpt>

<wpt lat="26.40989500" lon="-80.16668833"><ele>17.639</ele><time>2026-07-18T19:00:57Z</time><name>Site3</name><sat>16</sat></wpt>

<wpt lat="26.41592333" lon="-80.16348333"><ele>21.956</ele><time>2026-07-18T19:15:04Z</time><name>Receiving</name><sat>13</sat></wpt>

<trk>
 <name>Track 20260718-141642</name>
 <trkseg>
  <trkpt lat="26.41061500" lon="-80.16111167"><ele>3.563</ele><time>2026-07-18T18:16:42Z</time><speed>0.231</speed><sat>12</sat></trkpt>
  <trkpt lat="26.41061333" lon="-80.16110333"><ele>4.863</ele><time>2026-07-18T18:16:43Z</time><speed>0.091</speed><sat>14</sat></trkpt>
  <trkpt lat="26.41062667" lon="-80.16106167"><ele>9.963</ele><time>2026-07-18T18:16:44Z</time><speed>0.033</speed><sat>13</sat></trkpt>
  <trkpt lat="26.41063333" lon="-80.16103000"><ele>13.463</ele><time>2026-07-18T18:16:45Z</time><speed>0.176</speed><sat>15</sat></trkpt>
  <trkpt lat="26.41063500" lon="-80.16101833"><ele>14.663</ele><time>2026-07-18T18:16:46Z</time><speed>0.089</speed><sat>15</sat></trkpt>
  <trkpt lat="26.41063833" lon="-80.16101167"><ele>15.563</ele><time>2026-07-18T18:16:47Z</time><speed>0.043</speed><sat>15</sat></trkpt>
  <trkpt lat="26.41063833" lon="-80.16101167"><ele>15.663</ele><time>2026-07-18T18:16:48Z</time><speed>0.148</speed><sat>15</sat></trkpt>
  <trkpt lat="26.41063333" lon="-80.16101167"><ele>15.863</ele><time>2026-07-18T18:16:49Z</time><speed>0.085</speed><sat>14</sat></trkpt>
  <trkpt lat="26.41063167" lon="-80.16101167"><ele>15.663</ele><time>2026-07-18T18:16:50Z</time><speed>0.238</speed><sat>14</sat></trkpt>
  <trkpt lat="26.41063000" lon="-80.16101000"><ele>15.663</ele><time>2026-07-18T18:16:51Z</time><speed>0.126</speed><sat>14</sat></trkpt>
  <trkpt lat="26.41062500" lon="-80.16101000"><ele>15.663</ele><time>2026-07-18T18:16:52Z</time><speed>0.110</speed><sat>14</sat></trkpt>
  <trkpt lat="26.41062000" lon="-80.16101333"><ele>15.363</ele><time>2026-07-18T18:16:53Z</time><speed>0.228</speed><sat>15</sat></trkpt>
  <trkpt lat="26.41061667" lon="-80.16101500"><ele>15.163</ele><time>2026-07-18T18:16:54Z</time><speed>0.065</speed><sat>15</sat></trkpt>
  <trkpt lat="26.41061167" lon="-80.16101667"><ele>15.263</ele><time>2026-07-18T18:16:55Z</time><speed>0.142</speed><sat>14</sat></trkpt>
  <trkpt lat="26.41061000" lon="-80.16101833"><ele>15.263</ele><time>2026-07-18T18:16:56Z</time><speed>0.032</speed><sat>14</sat></trkpt>
  <trkpt lat="26.41060667" lon="-80.16102000"><ele>15.163</ele><time>2026-07-18T18:16:57Z</time><speed>0.021</speed><sat>14</sat></trkpt>
  <trkpt lat="26.41060333" lon="-80.16102167"><ele>15.063</ele><time>2026-07-18T18:16:58Z</time><speed>0.112</speed><sat>15</sat></trkpt>
  <trkpt lat="26.41060333" lon="-80.16102333"><ele>15.063</ele><time>2026-07-18T18:16:59Z</time><speed>0.109</speed><sat>13</sat></trkpt>
  <trkpt lat="26.41060333" lon="-80.16102333"><ele>15.263</ele><time>2026-07-18T18:17:00Z</time><speed>0.086</speed><sat>13</sat></trkpt>
  <trkpt lat="26.41060500" lon="-80.16102333"><ele>15.263</ele><time>2026-07-18T18:17:01Z</time><speed>0.080</speed><sat>14</sat></trkpt>
  <trkpt lat="26.41060500" lon="-80.16102333"><ele>15.163</ele><time>2026-07-18T18:17:02Z</time><speed>0.080</speed><sat>14</sat></trkpt>
  <trkpt lat="26.41060667" lon="-80.16102167"><ele>15.363</ele><time>2026-07-18T18:17:03Z</time><speed>0.065</speed><sat>13</sat></trkpt>
  <trkpt lat="26.41060833" lon="-80.16102167"><ele>15.463</ele><time>2026-07-18T18:17:04Z</time><speed>0.061</speed><sat>13</sat></trkpt>
  <trkpt lat="26.41061000" lon="-80.16102000"><ele>15.463</ele><time>2026-07-18T18:17:05Z</time><speed>0.048</speed><sat>13</sat></trkpt>
  <trkpt lat="26.41061000" lon="-80.16102000"><ele>15.463</ele><time>2026-07-18T18:17:06Z</time><speed>0.045</speed><sat>13</sat></trkpt>
  <trkpt lat="26.41060833" lon="-80.16101833"><ele>15.563</ele><time>2026-07-18T18:17:07Z</time><speed>0.048</speed><sat>13</sat></trkpt>
  <trkpt lat="26.41060667" lon="-80.16101833"><ele>15.563</ele><time>2026-07-18T18:17:08Z</time><speed>0.046</speed><sat>13</sat></trkpt>
  <trkpt lat="26.41060500" lon="-80.16101667"><ele>15.563</ele><time>2026-07-18T18:17:09Z</time><speed>0.000</speed><sat>13</sat></trkpt>
  <trkpt lat="26.41060333" lon="-80.16101667"><ele>15.563</ele><time>2026-07-18T18:17:10Z</time><speed>0.000</speed><sat>14</sat></trkpt>
  <trkpt lat="26.41060333" lon="-80.16101667"><ele>15.663</ele><time>2026-07-18T18:17:11Z</time><speed>0.000</speed><sat>14</sat></trkpt>
  <trkpt lat="26.41060333" lon="-80.16101667"><ele>15.663</ele><time>2026-07-18T18:17:12Z</time><speed>0.000</speed><sat>14</sat></trkpt>
  <trkpt lat="26.41060333" lon="-80.16101667"><ele>15.663</ele><time>2026-07-18T18:17:13Z</time><speed>0.000</speed><sat>14</sat></trkpt>
  <trkpt lat="26.41060333" lon="-80.16101667"><ele>15.663</ele><time>2026-07-18T18:17:14Z</time><speed>0.000</speed><sat>15</sat></trkpt>
  <trkpt lat="26.41060333" lon="-80.16101667"><ele>15.663</ele><time>2026-07-18T18:17:15Z</time><speed>0.000</speed><sat>14</sat></trkpt>
  <trkpt lat="26.41060333" lon="-80.16101667"><ele>15.663</ele><time>2026-07-18T18:17:16Z</time><speed>0.000</speed><sat>14</sat></trkpt>
  <trkpt lat="26.41060333" lon="-80.16101667"><ele>15.663</ele><time>2026-07-18T18:17:17Z</time><speed>0.000</speed><sat>14</sat></trkpt>
  <trkpt lat="26.41060333" lon="-80.16101667"><ele>15.663</ele><time>2026-07-18T18:17:18Z</time><speed>0.000</speed><sat>15</sat></trkpt>
  <trkpt lat="26.41060333" lon="-80.16101667"><ele>15.663</ele><time>2026-07-18T18:17:19Z</time><speed>0.000</speed><sat>15</sat></trkpt>
  <trkpt lat="26.41060333" lon="-80.16101667"><ele>15.663</ele><time>2026-07-18T18:17:20Z</time><speed>0.000</speed><sat>14</sat></trkpt>
  <trkpt lat="26.41060333" lon="-80.16101667"><ele>15.663</ele><time>2026-07-18T18:17:21Z</time><speed>0.000</speed><sat>14</sat></trkpt>
  <trkpt lat="26.41060333" lon="-80.16101667"><ele>15.663</ele><time>2026-07-18T18:17:22Z</time><speed>0.000</speed><sat>14</sat></trkpt>
  <trkpt lat="26.41060333" lon="-80.16101667"><ele>15.663</ele><time>2026-07-18T18:17:23Z</time><speed>0.000</speed><sat>14</sat></trkpt>
  <trkpt lat="26.41060333" lon="-80.16101667"><ele>15.663</ele><time>2026-07-18T18:17:24Z</time><speed>0.000</speed><sat>14</sat></trkpt>
  <trkpt lat="26.41060333" lon="-80.16101667"><ele>15.663</ele><time>2026-07-18T18:17:25Z</time><speed>0.000</speed><sat>14</sat></trkpt>
  <trkpt lat="26.41060333" lon="-80.16101667"><ele>15.663</ele><time>2026-07-18T18:17:26Z</time><speed>0.000</speed><sat>14</sat></trkpt>
  <trkpt lat="26.41060333" lon="-80.16101667"><ele>15.663</ele><time>2026-07-18T18:17:27Z</time><speed>0.000</speed><sat>15</sat></trkpt>
  <trkpt lat="26.41060333" lon="-80.16101667"><ele>15.663</ele><time>2026-07-18T18:17:28Z</time><speed>0.000</speed><sat>16</sat></trkpt>
  <trkpt lat="26.41060333" lon="-80.16101667"><ele>15.663</ele><time>2026-07-18T18:17:29Z</time><speed>0.000</speed><sat>16</sat></trkpt>
  <trkpt lat="26.41060333" lon="-80.16101667"><ele>15.663</ele><time>2026-07-18T18:17:30Z</time><speed>0.000</speed><sat>15</sat></trkpt>
  <trkpt lat="26.41060333" lon="-80.16101667"><ele>15.663</ele><time>2026-07-18T18:17:31Z</time><speed>0.000</speed><sat>15</sat></trkpt>
  <trkpt lat="26.41060333" lon="-80.16101667"><ele>15.663</ele><time>2026-07-18T18:17:32Z</time><speed>0.000</speed><sat>15</sat></trkpt>
  <trkpt lat="26.41060333" lon="-80.16101667"><ele>15.663</ele><time>2026-07-18T18:17:33Z</time><speed>0.000</speed><sat>16</sat></trkpt>
  <trkpt lat="26.41060333" lon="-80.16101667"><ele>15.663</ele><time>2026-07-18T18:17:34Z</time><speed>0.000</speed><sat>15</sat></trkpt>
  <trkpt lat="26.41060333" lon="-80.16101667"><ele>15.663</ele><time>2026-07-18T18:17:35Z</time><speed>0.000</speed><sat>15</sat></trkpt>
  <trkpt lat="26.41060333" lon="-80.16101667"><ele>15.663</ele><time>2026-07-18T18:17:36Z</time><speed>0.000</speed><sat>15</sat></trkpt>
  <trkpt lat="26.41060333" lon="-80.16101667"><ele>15.663</ele><time>2026-07-18T18:17:37Z</time><speed>0.000</speed><sat>14</sat></trkpt>
  <trkpt lat="26.41060333" lon="-80.16101667"><ele>15.663</ele><time>2026-07-18T18:17:38Z</time><speed>0.000</speed><sat>14</sat></trkpt>
  <trkpt lat="26.41060333" lon="-80.16101667"><ele>15.663</ele><time>2026-07-18T18:17:39Z</time><speed>0.000</speed><sat>14</sat></trkpt>
  <trkpt lat="26.41057167" lon="-80.16101833"><ele>16.063</ele><time>2026-07-18T18:17:40Z</time><speed>0.257</speed><sat>14</sat></trkpt>
  <trkpt lat="26.41058167" lon="-80.16100833"><ele>15.963</ele><time>2026-07-18T18:17:41Z</time><speed>0.299</speed><sat>14</sat></trkpt>
  <trkpt lat="26.41058167" lon="-80.16100333"><ele>15.763</ele><time>2026-07-18T18:17:42Z</time><speed>0.338</speed><sat>14</sat></trkpt>
  <trkpt lat="26.41058333" lon="-80.16100167"><ele>15.663</ele><time>2026-07-18T18:17:43Z</time><speed>0.409</speed><sat>14</sat></trkpt>
  <trkpt lat="26.41059500" lon="-80.16099333"><ele>15.163</ele><time>2026-07-18T18:17:44Z</time><speed>0.520</speed><sat>15</sat></trkpt>
  <trkpt lat="26.41061500" lon="-80.16099333"><ele>14.763</ele><time>2026-07-18T18:17:45Z</time><speed>0.631</speed><sat>15</sat></trkpt>
  <trkpt lat="26.41062333" lon="-80.16101167"><ele>14.463</ele><time>2026-07-18T18:17:46Z</time><speed>0.742</speed><sat>15</sat></trkpt>
  <trkpt lat="26.41061000" lon="-80.16103500"><ele>13.963</ele><time>2026-07-18T18:17:47Z</time><speed>0.872</speed><sat>16</sat></trkpt>
  <trkpt lat="26.41060167" lon="-80.16105833"><ele>13.663</ele><time>2026-07-18T18:17:48Z</time><speed>1.017</speed><sat>16</sat></trkpt>
  <trkpt lat="26.41059667" lon="-80.16108000"><ele>13.463</ele><time>2026-07-18T18:17:49Z</time><speed>1.089</speed><sat>17</sat></trkpt>
  <trkpt lat="26.41059167" lon="-80.16109833"><ele>13.263</ele><time>2026-07-18T18:17:50Z</time><speed>1.186</speed><sat>17</sat></trkpt>
  <trkpt lat="26.41058500" lon="-80.16111167"><ele>13.163</ele><time>2026-07-18T18:17:51Z</time><speed>1.264</speed><sat>16</sat></trkpt>
  <trkpt lat="26.41058000" lon="-80.16113000"><ele>12.963</ele><time>2026-07-18T18:17:52Z</time><speed>1.358</speed><sat>16</sat></trkpt>
  <trkpt lat="26.41058167" lon="-80.16114167"><ele>12.463</ele><time>2026-07-18T18:17:53Z</time><speed>1.349</speed><sat>16</sat></trkpt>
  <trkpt lat="26.41058167" lon="-80.16115167"><ele>12.363</ele><time>2026-07-18T18:17:54Z</time><speed>1.295</speed><sat>16</sat></trkpt>
  <trkpt lat="26.41058167" lon="-80.16115667"><ele>12.163</ele><time>2026-07-18T18:17:55Z</time><speed>1.209</speed><sat>15</sat></trkpt>
  <trkpt lat="26.41058333" lon="-80.16116167"><ele>11.863</ele><time>2026-07-18T18:17:56Z</time><speed>1.182</speed><sat>16</sat></trkpt>
  <trkpt lat="26.41058667" lon="-80.16117167"><ele>11.263</ele><time>2026-07-18T18:17:57Z</time><speed>1.139</speed><sat>16</sat></trkpt>
  <trkpt lat="26.41059333" lon="-80.16117833"><ele>10.763</ele><time>2026-07-18T18:17:58Z</time><speed>1.183</speed><sat>16</sat></trkpt>
  <trkpt lat="26.41060500" lon="-80.16119333"><ele>10.363</ele><time>2026-07-18T18:17:59Z</time><speed>1.157</speed><sat>16</sat></trkpt>
  <trkpt lat="26.41060500" lon="-80.16120500"><ele>9.862</ele><time>2026-07-18T18:18:00Z</time><speed>1.098</speed><sat>16</sat></trkpt>
  <trkpt lat="26.41061833" lon="-80.16120333"><ele>9.562</ele><time>2026-07-18T18:18:01Z</time><speed>1.068</speed><sat>16</sat></trkpt>
  <trkpt lat="26.41063333" lon="-80.16120167"><ele>8.762</ele><time>2026-07-18T18:18:02Z</time><speed>0.995</speed><sat>15</sat></trkpt>
  <trkpt lat="26.41064833" lon="-80.16119833"><ele>7.763</ele><time>2026-07-18T18:18:03Z</time><speed>1.039</speed><sat>16</sat></trkpt>
  <trkpt lat="26.41066667" lon="-80.16119333"><ele>7.063</ele><time>2026-07-18T18:18:04Z</time><speed>1.086</speed><sat>15</sat></trkpt>
  <trkpt lat="26.41069167" lon="-80.16118833"><ele>7.563</ele><time>2026-07-18T18:18:05Z</time><speed>1.212</speed><sat>16</sat></trkpt>
  <trkpt lat="26.41071167" lon="-80.16118333"><ele>7.263</ele><time>2026-07-18T18:18:06Z</time><speed>1.291</speed><sat>15</sat></trkpt>
  <trkpt lat="26.41072500" lon="-80.16118333"><ele>7.163</ele><time>2026-07-18T18:18:07Z</time><speed>1.343</speed><sat>16</sat></trkpt>
  <trkpt lat="26.41073667" lon="-80.16118833"><ele>7.463</ele><time>2026-07-18T18:18:08Z</time><speed>1.271</speed><sat>15</sat></trkpt>
  <trkpt lat="26.41075333" lon="-80.16118667"><ele>8.363</ele><time>2026-07-18T18:18:09Z</time><speed>1.380</speed><sat>16</sat></trkpt>
  <trkpt lat="26.41077333" lon="-80.16118333"><ele>9.063</ele><time>2026-07-18T18:18:10Z</time><speed>1.516</speed><sat>17</sat></trkpt>
  <trkpt lat="26.41079667" lon="-80.16118000"><ele>9.563</ele><time>2026-07-18T18:18:11Z</time><speed>1.653</speed><sat>17</sat></trkpt>
  <trkpt lat="26.41082000" lon="-80.16117500"><ele>9.463</ele><time>2026-07-18T18:18:12Z</time><speed>1.857</speed><sat>16</sat></trkpt>
  <trkpt lat="26.41084833" lon="-80.16117000"><ele>9.163</ele><time>2026-07-18T18:18:13Z</time><speed>2.031</speed><sat>18</sat></trkpt>
  <trkpt lat="26.41087000" lon="-80.16116667"><ele>8.763</ele><time>2026-07-18T18:18:14Z</time><speed>2.189</speed><sat>17</sat></trkpt>
  <trkpt lat="26.41089500" lon="-80.16116500"><ele>8.563</ele><time>2026-07-18T18:18:15Z</time><speed>2.293</speed><sat>17</sat></trkpt>
  <trkpt lat="26.41093333" lon="-80.16116500"><ele>8.763</ele><time>2026-07-18T18:18:16Z</time><speed>2.428</speed><sat>18</sat></trkpt>
  <trkpt lat="26.41096667" lon="-80.16116500"><ele>9.163</ele><time>2026-07-18T18:18:17Z</time><speed>2.573</speed><sat>18</sat></trkpt>
  <trkpt lat="26.41099500" lon="-80.16116500"><ele>9.163</ele><time>2026-07-18T18:18:18Z</time><speed>2.755</speed><sat>18</sat></trkpt>
  <trkpt lat="26.41103333" lon="-80.16116833"><ele>9.163</ele><time>2026-07-18T18:18:19Z</time><speed>2.855</speed><sat>18</sat></trkpt>
  <trkpt lat="26.41106000" lon="-80.16117000"><ele>9.263</ele><time>2026-07-18T18:18:20Z</time><speed>2.917</speed><sat>18</sat></trkpt>
  <trkpt lat="26.41108833" lon="-80.16117000"><ele>9.263</ele><time>2026-07-18T18:18:21Z</time><speed>2.960</speed><sat>18</sat></trkpt>
  <trkpt lat="26.41112167" lon="-80.16117167"><ele>8.963</ele><time>2026-07-18T18:18:22Z</time><speed>2.948</speed><sat>18</sat></trkpt>
  <trkpt lat="26.41115000" lon="-80.16117500"><ele>8.263</ele><time>2026-07-18T18:18:23Z</time><speed>2.944</speed><sat>18</sat></trkpt>
  <trkpt lat="26.41118167" lon="-80.16117500"><ele>7.963</ele><time>2026-07-18T18:18:24Z</time><speed>2.947</speed><sat>18</sat></trkpt>
  <trkpt lat="26.41121000" lon="-80.16117000"><ele>7.963</ele><time>2026-07-18T18:18:25Z</time><speed>2.991</speed><sat>18</sat></trkpt>
  <trkpt lat="26.41123667" lon="-80.16116833"><ele>7.863</ele><time>2026-07-18T18:18:26Z</time><speed>3.012</speed><sat>18</sat></trkpt>
  <trkpt lat="26.41126667" lon="-80.16116833"><ele>7.963</ele><time>2026-07-18T18:18:27Z</time><speed>3.023</speed><sat>18</sat></trkpt>
  <trkpt lat="26.41129167" lon="-80.16116667"><ele>7.963</ele><time>2026-07-18T18:18:28Z</time><speed>3.048</speed><sat>18</sat></trkpt>
  <trkpt lat="26.41131833" lon="-80.16117333"><ele>8.063</ele><time>2026-07-18T18:18:29Z</time><speed>3.080</speed><sat>18</sat></trkpt>
  <trkpt lat="26.41134500" lon="-80.16117333"><ele>8.063</ele><time>2026-07-18T18:18:30Z</time><speed>3.117</speed><sat>18</sat></trkpt>
  <trkpt lat="26.41137333" lon="-80.16117500"><ele>8.163</ele><time>2026-07-18T18:18:31Z</time><speed>3.169</speed><sat>18</sat></trkpt>
  <trkpt lat="26.41139833" lon="-80.16117667"><ele>8.463</ele><time>2026-07-18T18:18:32Z</time><speed>3.181</speed><sat>18</sat></trkpt>
  <trkpt lat="26.41142500" lon="-80.16117667"><ele>8.863</ele><time>2026-07-18T18:18:33Z</time><speed>3.189</speed><sat>18</sat></trkpt>
  <trkpt lat="26.41145167" lon="-80.16117667"><ele>8.663</ele><time>2026-07-18T18:18:34Z</time><speed>3.226</speed><sat>18</sat></trkpt>
  <trkpt lat="26.41147667" lon="-80.16117833"><ele>8.263</ele><time>2026-07-18T18:18:35Z</time><speed>3.214</speed><sat>18</sat></trkpt>
  <trkpt lat="26.41150167" lon="-80.16117833"><ele>8.163</ele><time>2026-07-18T18:18:36Z</time><speed>3.199</speed><sat>18</sat></trkpt>
  <trkpt lat="26.41152833" lon="-80.16117833"><ele>7.563</ele><time>2026-07-18T18:18:37Z</time><speed>3.220</speed><sat>17</sat></trkpt>
  <trkpt lat="26.41155333" lon="-80.16117833"><ele>7.263</ele><time>2026-07-18T18:18:38Z</time><speed>3.211</speed><sat>17</sat></trkpt>
  <trkpt lat="26.41158000" lon="-80.16118000"><ele>6.863</ele><time>2026-07-18T18:18:39Z</time><speed>3.204</speed><sat>18</sat></trkpt>
  <trkpt lat="26.41160667" lon="-80.16118000"><ele>6.663</ele><time>2026-07-18T18:18:40Z</time><speed>3.193</speed><sat>18</sat></trkpt>
  <trkpt lat="26.41163333" lon="-80.16117667"><ele>6.163</ele><time>2026-07-18T18:18:41Z</time><speed>3.161</speed><sat>18</sat></trkpt>
  <trkpt lat="26.41165500" lon="-80.16117500"><ele>5.863</ele><time>2026-07-18T18:18:42Z</time><speed>3.216</speed><sat>18</sat></trkpt>
  <trkpt lat="26.41168167" lon="-80.16117500"><ele>5.863</ele><time>2026-07-18T18:18:43Z</time><speed>3.229</speed><sat>18</sat></trkpt>
  <trkpt lat="26.41170833" lon="-80.16117833"><ele>5.763</ele><time>2026-07-18T18:18:44Z</time><speed>3.214</speed><sat>18</sat></trkpt>
  <trkpt lat="26.41173333" lon="-80.16118333"><ele>5.663</ele><time>2026-07-18T18:18:45Z</time><speed>3.222</speed><sat>18</sat></trkpt>
  <trkpt lat="26.41176167" lon="-80.16118833"><ele>5.663</ele><time>2026-07-18T18:18:46Z</time><speed>3.212</speed><sat>18</sat></trkpt>
  <trkpt lat="26.41179167" lon="-80.16119667"><ele>5.863</ele><time>2026-07-18T18:18:47Z</time><speed>3.206</speed><sat>18</sat></trkpt>
  <trkpt lat="26.41182333" lon="-80.16120167"><ele>5.863</ele><time>2026-07-18T18:18:48Z</time><speed>3.194</speed><sat>18</sat></trkpt>
  <trkpt lat="26.41185333" lon="-80.16120833"><ele>5.963</ele><time>2026-07-18T18:18:49Z</time><speed>3.170</speed><sat>18</sat></trkpt>
  <trkpt lat="26.41188333" lon="-80.16121500"><ele>6.163</ele><time>2026-07-18T18:18:50Z</time><speed>3.148</speed><sat>18</sat></trkpt>
  <trkpt lat="26.41191500" lon="-80.16122167"><ele>6.663</ele><time>2026-07-18T18:18:51Z</time><speed>3.172</speed><sat>18</sat></trkpt>
  <trkpt lat="26.41195333" lon="-80.16122833"><ele>7.563</ele><time>2026-07-18T18:18:52Z</time><speed>3.136</speed><sat>18</sat></trkpt>
  <trkpt lat="26.41198333" lon="-80.16123500"><ele>7.863</ele><time>2026-07-18T18:18:53Z</time><speed>3.129</speed><sat>18</sat></trkpt>
  <trkpt lat="26.41200833" lon="-80.16124167"><ele>8.263</ele><time>2026-07-18T18:18:54Z</time><speed>3.125</speed><sat>18</sat></trkpt>
  <trkpt lat="26.41203500" lon="-80.16124833"><ele>8.763</ele><time>2026-07-18T18:18:55Z</time><speed>3.119</speed><sat>18</sat></trkpt>
  <trkpt lat="26.41206000" lon="-80.16125500"><ele>9.163</ele><time>2026-07-18T18:18:56Z</time><speed>3.082</speed><sat>18</sat></trkpt>
  <trkpt lat="26.41208167" lon="-80.16126167"><ele>9.663</ele><time>2026-07-18T18:18:57Z</time><speed>3.026</speed><sat>18</sat></trkpt>
  <trkpt lat="26.41211333" lon="-80.16126833"><ele>10.263</ele><time>2026-07-18T18:18:58Z</time><speed>2.931</speed><sat>18</sat></trkpt>
  <trkpt lat="26.41214000" lon="-80.16127500"><ele>10.763</ele><time>2026-07-18T18:18:59Z</time><speed>2.865</speed><sat>18</sat></trkpt>
  <trkpt lat="26.41216333" lon="-80.16127667"><ele>11.063</ele><time>2026-07-18T18:19:00Z</time><speed>2.810</speed><sat>18</sat></trkpt>
  <trkpt lat="26.41219167" lon="-80.16128667"><ele>11.263</ele><time>2026-07-18T18:19:01Z</time><speed>2.726</speed><sat>18</sat></trkpt>
  <trkpt lat="26.41221833" lon="-80.16129333"><ele>11.363</ele><time>2026-07-18T18:19:02Z</time><speed>2.680</speed><sat>18</sat></trkpt>
  <trkpt lat="26.41223833" lon="-80.16130500"><ele>11.563</ele><time>2026-07-18T18:19:03Z</time><speed>2.582</speed><sat>18</sat></trkpt>
  <trkpt lat="26.41226000" lon="-80.16131833"><ele>11.963</ele><time>2026-07-18T18:19:04Z</time><speed>2.496</speed><sat>18</sat></trkpt>
  <trkpt lat="26.41228333" lon="-80.16132833"><ele>12.263</ele><time>2026-07-18T18:19:05Z</time><speed>2.412</speed><sat>18</sat></trkpt>
  <trkpt lat="26.41230667" lon="-80.16134000"><ele>12.263</ele><time>2026-07-18T18:19:06Z</time><speed>2.376</speed><sat>18</sat></trkpt>
  <trkpt lat="26.41233333" lon="-80.16135000"><ele>12.163</ele><time>2026-07-18T18:19:07Z</time><speed>2.357</speed><sat>18</sat></trkpt>
  <trkpt lat="26.41235500" lon="-80.16136000"><ele>11.863</ele><time>2026-07-18T18:19:08Z</time><speed>2.371</speed><sat>18</sat></trkpt>
  <trkpt lat="26.41238333" lon="-80.16136500"><ele>11.863</ele><time>2026-07-18T18:19:09Z</time><speed>2.359</speed><sat>18</sat></trkpt>
  <trkpt lat="26.41240667" lon="-80.16137833"><ele>11.863</ele><time>2026-07-18T18:19:10Z</time><speed>2.351</speed><sat>18</sat></trkpt>
  <trkpt lat="26.41242833" lon="-80.16138333"><ele>11.963</ele><time>2026-07-18T18:19:11Z</time><speed>2.320</speed><sat>18</sat></trkpt>
  <trkpt lat="26.41244833" lon="-80.16139667"><ele>12.163</ele><time>2026-07-18T18:19:12Z</time><speed>2.309</speed><sat>18</sat></trkpt>
  <trkpt lat="26.41246833" lon="-80.16141000"><ele>12.263</ele><time>2026-07-18T18:19:13Z</time><speed>2.363</speed><sat>18</sat></trkpt>
  <trkpt lat="26.41249000" lon="-80.16142167"><ele>12.363</ele><time>2026-07-18T18:19:14Z</time><speed>2.405</speed><sat>18</sat></trkpt>
  <trkpt lat="26.41250833" lon="-80.16143167"><ele>12.263</ele><time>2026-07-18T18:19:15Z</time><speed>2.411</speed><sat>18</sat></trkpt>
  <trkpt lat="26.41253000" lon="-80.16143667"><ele>12.963</ele><time>2026-07-18T18:19:16Z</time><speed>2.419</speed><sat>18</sat></trkpt>
  <trkpt lat="26.41255000" lon="-80.16144833"><ele>12.463</ele><time>2026-07-18T18:19:17Z</time><speed>2.386</speed><sat>18</sat></trkpt>
  <trkpt lat="26.41256667" lon="-80.16146000"><ele>12.562</ele><time>2026-07-18T18:19:18Z</time><speed>2.332</speed><sat>18</sat></trkpt>
  <trkpt lat="26.41258333" lon="-80.16145833"><ele>12.663</ele><time>2026-07-18T18:19:19Z</time><speed>2.271</speed><sat>18</sat></trkpt>
  <trkpt lat="26.41259667" lon="-80.16145500"><ele>13.163</ele><time>2026-07-18T18:19:20Z</time><speed>2.141</speed><sat>18</sat></trkpt>
  <trkpt lat="26.41260500" lon="-80.16145167"><ele>13.163</ele><time>2026-07-18T18:19:21Z</time><speed>2.002</speed><sat>17</sat></trkpt>
  <trkpt lat="26.41261333" lon="-80.16145000"><ele>13.363</ele><time>2026-07-18T18:19:22Z</time><speed>1.852</speed><sat>17</sat></trkpt>
  <trkpt lat="26.41262833" lon="-80.16143833"><ele>13.963</ele><time>2026-07-18T18:19:23Z</time><speed>1.761</speed><sat>17</sat></trkpt>
  <trkpt lat="26.41265167" lon="-80.16142333"><ele>14.863</ele><time>2026-07-18T18:19:24Z</time><speed>1.740</speed><sat>17</sat></trkpt>
  <trkpt lat="26.41267167" lon="-80.16140500"><ele>15.763</ele><time>2026-07-18T18:19:25Z</time><speed>1.721</speed><sat>17</sat></trkpt>
  <trkpt lat="26.41268833" lon="-80.16138833"><ele>16.063</ele><time>2026-07-18T18:19:26Z</time><speed>1.682</speed><sat>17</sat></trkpt>
  <trkpt lat="26.41270167" lon="-80.16136833"><ele>15.763</ele><time>2026-07-18T18:19:27Z</time><speed>1.736</speed><sat>17</sat></trkpt>
  <trkpt lat="26.41271833" lon="-80.16135000"><ele>15.163</ele><time>2026-07-18T18:19:28Z</time><speed>1.805</speed><sat>18</sat></trkpt>
  <trkpt lat="26.41273333" lon="-80.16132833"><ele>14.463</ele><time>2026-07-18T18:19:29Z</time><speed>1.913</speed><sat>18</sat></trkpt>
  <trkpt lat="26.41274833" lon="-80.16130167"><ele>14.263</ele><time>2026-07-18T18:19:30Z</time><speed>2.126</speed><sat>18</sat></trkpt>
  <trkpt lat="26.41276000" lon="-80.16127500"><ele>14.063</ele><time>2026-07-18T18:19:31Z</time><speed>2.348</speed><sat>18</sat></trkpt>
  <trkpt lat="26.41277667" lon="-80.16125000"><ele>14.063</ele><time>2026-07-18T18:19:32Z</time><speed>2.566</speed><sat>18</sat></trkpt>
  <trkpt lat="26.41279333" lon="-80.16122667"><ele>14.164</ele><time>2026-07-18T18:19:33Z</time><speed>2.682</speed><sat>18</sat></trkpt>
  <trkpt lat="26.41280667" lon="-80.16120167"><ele>13.964</ele><time>2026-07-18T18:19:34Z</time><speed>2.725</speed><sat>18</sat></trkpt>
  <trkpt lat="26.41281500" lon="-80.16117667"><ele>12.364</ele><time>2026-07-18T18:19:35Z</time><speed>2.778</speed><sat>18</sat></trkpt>
  <trkpt lat="26.41282833" lon="-80.16114833"><ele>11.664</ele><time>2026-07-18T18:19:36Z</time><speed>2.878</speed><sat>18</sat></trkpt>
  <trkpt lat="26.41284333" lon="-80.16112000"><ele>11.064</ele><time>2026-07-18T18:19:37Z</time><speed>2.935</speed><sat>18</sat></trkpt>
  <trkpt lat="26.41286000" lon="-80.16109167"><ele>10.464</ele><time>2026-07-18T18:19:38Z</time><speed>3.016</speed><sat>18</sat></trkpt>
  <trkpt lat="26.41287500" lon="-80.16106333"><ele>10.464</ele><time>2026-07-18T18:19:39Z</time><speed>3.070</speed><sat>18</sat></trkpt>
  <trkpt lat="26.41289167" lon="-80.16103667"><ele>10.464</ele><time>2026-07-18T18:19:40Z</time><speed>3.084</speed><sat>18</sat></trkpt>
  <trkpt lat="26.41291000" lon="-80.16101000"><ele>10.365</ele><time>2026-07-18T18:19:41Z</time><speed>3.083</speed><sat>18</sat></trkpt>
  <trkpt lat="26.41292500" lon="-80.16098500"><ele>10.165</ele><time>2026-07-18T18:19:42Z</time><speed>3.061</speed><sat>18</sat></trkpt>
  <trkpt lat="26.41294167" lon="-80.16095667"><ele>10.065</ele><time>2026-07-18T18:19:43Z</time><speed>3.109</speed><sat>18</sat></trkpt>
  <trkpt lat="26.41295667" lon="-80.16092833"><ele>9.865</ele><time>2026-07-18T18:19:44Z</time><speed>3.175</speed><sat>18</sat></trkpt>
  <trkpt lat="26.41297167" lon="-80.16089833"><ele>9.765</ele><time>2026-07-18T18:19:45Z</time><speed>3.247</speed><sat>18</sat></trkpt>
  <trkpt lat="26.41299000" lon="-80.16086833"><ele>9.765</ele><time>2026-07-18T18:19:46Z</time><speed>3.287</speed><sat>17</sat></trkpt>
  <trkpt lat="26.41300500" lon="-80.16084000"><ele>9.865</ele><time>2026-07-18T18:19:47Z</time><speed>3.320</speed><sat>18</sat></trkpt>
  <trkpt lat="26.41302167" lon="-80.16081000"><ele>9.865</ele><time>2026-07-18T18:19:48Z</time><speed>3.354</speed><sat>18</sat></trkpt>
  <trkpt lat="26.41303833" lon="-80.16077833"><ele>9.766</ele><time>2026-07-18T18:19:49Z</time><speed>3.368</speed><sat>18</sat></trkpt>
  <trkpt lat="26.41305500" lon="-80.16075000"><ele>9.566</ele><time>2026-07-18T18:19:50Z</time><speed>3.367</speed><sat>18</sat></trkpt>
  <trkpt lat="26.41307000" lon="-80.16072167"><ele>9.466</ele><time>2026-07-18T18:19:51Z</time><speed>3.403</speed><sat>18</sat></trkpt>
  <trkpt lat="26.41308667" lon="-80.16069500"><ele>9.266</ele><time>2026-07-18T18:19:52Z</time><speed>3.435</speed><sat>18</sat></trkpt>
  <trkpt lat="26.41310167" lon="-80.16066667"><ele>9.166</ele><time>2026-07-18T18:19:53Z</time><speed>3.430</speed><sat>18</sat></trkpt>
  <trkpt lat="26.41312000" lon="-80.16063833"><ele>9.366</ele><time>2026-07-18T18:19:54Z</time><speed>3.466</speed><sat>18</sat></trkpt>
  <trkpt lat="26.41314000" lon="-80.16060833"><ele>9.566</ele><time>2026-07-18T18:19:55Z</time><speed>3.501</speed><sat>18</sat></trkpt>
  <trkpt lat="26.41315833" lon="-80.16057833"><ele>9.866</ele><time>2026-07-18T18:19:56Z</time><speed>3.495</speed><sat>18</sat></trkpt>
  <trkpt lat="26.41317833" lon="-80.16055000"><ele>10.267</ele><time>2026-07-18T18:19:57Z</time><speed>3.499</speed><sat>18</sat></trkpt>
  <trkpt lat="26.41319500" lon="-80.16052167"><ele>10.467</ele><time>2026-07-18T18:19:58Z</time><speed>3.475</speed><sat>18</sat></trkpt>
  <trkpt lat="26.41321000" lon="-80.16049500"><ele>10.767</ele><time>2026-07-18T18:19:59Z</time><speed>3.471</speed><sat>18</sat></trkpt>
  <trkpt lat="26.41322333" lon="-80.16046500"><ele>10.667</ele><time>2026-07-18T18:20:00Z</time><speed>3.480</speed><sat>18</sat></trkpt>
  <trkpt lat="26.41323833" lon="-80.16043500"><ele>10.467</ele><time>2026-07-18T18:20:01Z</time><speed>3.489</speed><sat>18</sat></trkpt>
  <trkpt lat="26.41325667" lon="-80.16040333"><ele>10.567</ele><time>2026-07-18T18:20:02Z</time><speed>3.520</speed><sat>17</sat></trkpt>
  <trkpt lat="26.41327500" lon="-80.16037333"><ele>10.767</ele><time>2026-07-18T18:20:03Z</time><speed>3.546</speed><sat>18</sat></trkpt>
  <trkpt lat="26.41329000" lon="-80.16034167"><ele>10.768</ele><time>2026-07-18T18:20:04Z</time><speed>3.522</speed><sat>18</sat></trkpt>
  <trkpt lat="26.41330333" lon="-80.16031000"><ele>10.768</ele><time>2026-07-18T18:20:05Z</time><speed>3.503</speed><sat>18</sat></trkpt>
  <trkpt lat="26.41331833" lon="-80.16027667"><ele>10.468</ele><time>2026-07-18T18:20:06Z</time><speed>3.527</speed><sat>18</sat></trkpt>
  <trkpt lat="26.41333667" lon="-80.16024667"><ele>10.268</ele><time>2026-07-18T18:20:07Z</time><speed>3.554</speed><sat>18</sat></trkpt>
  <trkpt lat="26.41335333" lon="-80.16021333"><ele>9.868</ele><time>2026-07-18T18:20:08Z</time><speed>3.593</speed><sat>18</sat></trkpt>
  <trkpt lat="26.41337167" lon="-80.16018333"><ele>9.768</ele><time>2026-07-18T18:20:09Z</time><speed>3.632</speed><sat>18</sat></trkpt>
  <trkpt lat="26.41339167" lon="-80.16015500"><ele>9.368</ele><time>2026-07-18T18:20:10Z</time><speed>3.668</speed><sat>18</sat></trkpt>
  <trkpt lat="26.41341500" lon="-80.16013000"><ele>9.468</ele><time>2026-07-18T18:20:11Z</time><speed>3.673</speed><sat>18</sat></trkpt>
  <trkpt lat="26.41343333" lon="-80.16010333"><ele>9.469</ele><time>2026-07-18T18:20:12Z</time><speed>3.605</speed><sat>18</sat></trkpt>
  <trkpt lat="26.41345167" lon="-80.16007333"><ele>9.269</ele><time>2026-07-18T18:20:13Z</time><speed>3.581</speed><sat>18</sat></trkpt>
  <trkpt lat="26.41347000" lon="-80.16004167"><ele>9.169</ele><time>2026-07-18T18:20:14Z</time><speed>3.615</speed><sat>18</sat></trkpt>
  <trkpt lat="26.41349167" lon="-80.16001167"><ele>8.969</ele><time>2026-07-18T18:20:15Z</time><speed>3.613</speed><sat>18</sat></trkpt>
  <trkpt lat="26.41351333" lon="-80.15998333"><ele>8.669</ele><time>2026-07-18T18:20:16Z</time><speed>3.611</speed><sat>18</sat></trkpt>
  <trkpt lat="26.41353500" lon="-80.15995667"><ele>8.469</ele><time>2026-07-18T18:20:17Z</time><speed>3.590</speed><sat>18</sat></trkpt>
  <trkpt lat="26.41356000" lon="-80.15993167"><ele>8.469</ele><time>2026-07-18T18:20:18Z</time><speed>3.574</speed><sat>18</sat></trkpt>
  <trkpt lat="26.41358500" lon="-80.15990667"><ele>8.769</ele><time>2026-07-18T18:20:19Z</time><speed>3.573</speed><sat>18</sat></trkpt>
  <trkpt lat="26.41361167" lon="-80.15988333"><ele>8.670</ele><time>2026-07-18T18:20:20Z</time><speed>3.581</speed><sat>18</sat></trkpt>
  <trkpt lat="26.41363833" lon="-80.15985833"><ele>8.370</ele><time>2026-07-18T18:20:21Z</time><speed>3.599</speed><sat>18</sat></trkpt>
  <trkpt lat="26.41366667" lon="-80.15983167"><ele>8.770</ele><time>2026-07-18T18:20:22Z</time><speed>3.686</speed><sat>17</sat></trkpt>
  <trkpt lat="26.41369500" lon="-80.15980667"><ele>8.970</ele><time>2026-07-18T18:20:23Z</time><speed>3.734</speed><sat>17</sat></trkpt>
  <trkpt lat="26.41372500" lon="-80.15978500"><ele>8.870</ele><time>2026-07-18T18:20:24Z</time><speed>3.724</speed><sat>17</sat></trkpt>
  <trkpt lat="26.41375500" lon="-80.15976333"><ele>8.870</ele><time>2026-07-18T18:20:25Z</time><speed>3.746</speed><sat>17</sat></trkpt>
  <trkpt lat="26.41378333" lon="-80.15974333"><ele>9.470</ele><time>2026-07-18T18:20:26Z</time><speed>3.778</speed><sat>17</sat></trkpt>
  <trkpt lat="26.41381000" lon="-80.15972167"><ele>9.670</ele><time>2026-07-18T18:20:27Z</time><speed>3.827</speed><sat>17</sat></trkpt>
  <trkpt lat="26.41384000" lon="-80.15970000"><ele>9.970</ele><time>2026-07-18T18:20:28Z</time><speed>3.870</speed><sat>17</sat></trkpt>
  <trkpt lat="26.41386833" lon="-80.15967667"><ele>10.171</ele><time>2026-07-18T18:20:29Z</time><speed>3.868</speed><sat>17</sat></trkpt>
  <trkpt lat="26.41389667" lon="-80.15965333"><ele>10.271</ele><time>2026-07-18T18:20:30Z</time><speed>3.854</speed><sat>17</sat></trkpt>
  <trkpt lat="26.41392167" lon="-80.15963000"><ele>10.271</ele><time>2026-07-18T18:20:31Z</time><speed>3.856</speed><sat>17</sat></trkpt>
  <trkpt lat="26.41395000" lon="-80.15960833"><ele>10.271</ele><time>2026-07-18T18:20:32Z</time><speed>3.850</speed><sat>17</sat></trkpt>
  <trkpt lat="26.41397833" lon="-80.15958500"><ele>10.271</ele><time>2026-07-18T18:20:33Z</time><speed>3.841</speed><sat>17</sat></trkpt>
  <trkpt lat="26.41400333" lon="-80.15956167"><ele>10.071</ele><time>2026-07-18T18:20:34Z</time><speed>3.826</speed><sat>17</sat></trkpt>
  <trkpt lat="26.41403000" lon="-80.15953667"><ele>9.871</ele><time>2026-07-18T18:20:35Z</time><speed>3.868</speed><sat>17</sat></trkpt>
  <trkpt lat="26.41406000" lon="-80.15951500"><ele>9.871</ele><time>2026-07-18T18:20:36Z</time><speed>3.879</speed><sat>17</sat></trkpt>
  <trkpt lat="26.41408667" lon="-80.15949333"><ele>9.971</ele><time>2026-07-18T18:20:37Z</time><speed>3.813</speed><sat>18</sat></trkpt>
  <trkpt lat="26.41411333" lon="-80.15947167"><ele>10.072</ele><time>2026-07-18T18:20:38Z</time><speed>3.780</speed><sat>17</sat></trkpt>
  <trkpt lat="26.41414333" lon="-80.15944833"><ele>9.872</ele><time>2026-07-18T18:20:39Z</time><speed>3.777</speed><sat>18</sat></trkpt>
  <trkpt lat="26.41417167" lon="-80.15942833"><ele>9.972</ele><time>2026-07-18T18:20:40Z</time><speed>3.805</speed><sat>18</sat></trkpt>
  <trkpt lat="26.41420333" lon="-80.15940500"><ele>10.172</ele><time>2026-07-18T18:20:41Z</time><speed>3.823</speed><sat>17</sat></trkpt>
  <trkpt lat="26.41423167" lon="-80.15938167"><ele>10.272</ele><time>2026-07-18T18:20:42Z</time><speed>3.840</speed><sat>18</sat></trkpt>
  <trkpt lat="26.41426167" lon="-80.15936167"><ele>10.372</ele><time>2026-07-18T18:20:43Z</time><speed>3.868</speed><sat>17</sat></trkpt>
  <trkpt lat="26.41429167" lon="-80.15934000"><ele>10.372</ele><time>2026-07-18T18:20:44Z</time><speed>3.896</speed><sat>18</sat></trkpt>
  <trkpt lat="26.41431167" lon="-80.15931667"><ele>9.872</ele><time>2026-07-18T18:20:45Z</time><speed>3.896</speed><sat>18</sat></trkpt>
  <trkpt lat="26.41434667" lon="-80.15929167"><ele>9.872</ele><time>2026-07-18T18:20:46Z</time><speed>3.919</speed><sat>17</sat></trkpt>
  <trkpt lat="26.41437667" lon="-80.15926667"><ele>9.773</ele><time>2026-07-18T18:20:47Z</time><speed>3.986</speed><sat>17</sat></trkpt>
  <trkpt lat="26.41440667" lon="-80.15924167"><ele>9.673</ele><time>2026-07-18T18:20:48Z</time><speed>4.025</speed><sat>17</sat></trkpt>
  <trkpt lat="26.41443500" lon="-80.15921667"><ele>9.573</ele><time>2026-07-18T18:20:49Z</time><speed>4.053</speed><sat>17</sat></trkpt>
  <trkpt lat="26.41446333" lon="-80.15919333"><ele>9.673</ele><time>2026-07-18T18:20:50Z</time><speed>4.048</speed><sat>17</sat></trkpt>
  <trkpt lat="26.41449333" lon="-80.15916833"><ele>9.773</ele><time>2026-07-18T18:20:51Z</time><speed>4.059</speed><sat>17</sat></trkpt>
  <trkpt lat="26.41452167" lon="-80.15914333"><ele>9.973</ele><time>2026-07-18T18:20:52Z</time><speed>4.063</speed><sat>17</sat></trkpt>
  <trkpt lat="26.41455167" lon="-80.15911833"><ele>10.173</ele><time>2026-07-18T18:20:53Z</time><speed>4.063</speed><sat>17</sat></trkpt>
  <trkpt lat="26.41458500" lon="-80.15909333"><ele>10.173</ele><time>2026-07-18T18:20:54Z</time><speed>4.035</speed><sat>18</sat></trkpt>
  <trkpt lat="26.41462000" lon="-80.15906833"><ele>10.273</ele><time>2026-07-18T18:20:55Z</time><speed>3.988</speed><sat>18</sat></trkpt>
  <trkpt lat="26.41465167" lon="-80.15904333"><ele>10.374</ele><time>2026-07-18T18:20:56Z</time><speed>3.956</speed><sat>18</sat></trkpt>
  <trkpt lat="26.41468000" lon="-80.15902000"><ele>10.174</ele><time>2026-07-18T18:20:57Z</time><speed>3.943</speed><sat>18</sat></trkpt>
  <trkpt lat="26.41471333" lon="-80.15899500"><ele>9.974</ele><time>2026-07-18T18:20:58Z</time><speed>3.931</speed><sat>18</sat></trkpt>
  <trkpt lat="26.41474333" lon="-80.15897167"><ele>9.774</ele><time>2026-07-18T18:20:59Z</time><speed>3.926</speed><sat>18</sat></trkpt>
  <trkpt lat="26.41477333" lon="-80.15894667"><ele>9.774</ele><time>2026-07-18T18:21:00Z</time><speed>3.940</speed><sat>18</sat></trkpt>
  <trkpt lat="26.41480167" lon="-80.15892167"><ele>9.774</ele><time>2026-07-18T18:21:01Z</time><speed>3.928</speed><sat>18</sat></trkpt>
  <trkpt lat="26.41483000" lon="-80.15889833"><ele>9.774</ele><time>2026-07-18T18:21:02Z</time><speed>3.926</speed><sat>18</sat></trkpt>
  <trkpt lat="26.41485833" lon="-80.15887500"><ele>9.574</ele><time>2026-07-18T18:21:03Z</time><speed>3.899</speed><sat>18</sat></trkpt>
  <trkpt lat="26.41488667" lon="-80.15885167"><ele>9.475</ele><time>2026-07-18T18:21:04Z</time><speed>3.921</speed><sat>18</sat></trkpt>
  <trkpt lat="26.41491500" lon="-80.15882833"><ele>9.675</ele><time>2026-07-18T18:21:05Z</time><speed>3.929</speed><sat>17</sat></trkpt>
  <trkpt lat="26.41494000" lon="-80.15880667"><ele>9.775</ele><time>2026-07-18T18:21:06Z</time><speed>3.916</speed><sat>18</sat></trkpt>
  <trkpt lat="26.41496667" lon="-80.15878333"><ele>9.675</ele><time>2026-07-18T18:21:07Z</time><speed>3.889</speed><sat>18</sat></trkpt>
  <trkpt lat="26.41499167" lon="-80.15876167"><ele>9.475</ele><time>2026-07-18T18:21:08Z</time><speed>3.864</speed><sat>18</sat></trkpt>
  <trkpt lat="26.41501833" lon="-80.15873667"><ele>9.275</ele><time>2026-07-18T18:21:09Z</time><speed>3.840</speed><sat>17</sat></trkpt>
  <trkpt lat="26.41504500" lon="-80.15871500"><ele>9.475</ele><time>2026-07-18T18:21:10Z</time><speed>3.802</speed><sat>18</sat></trkpt>
  <trkpt lat="26.41507167" lon="-80.15869167"><ele>9.475</ele><time>2026-07-18T18:21:11Z</time><speed>3.796</speed><sat>18</sat></trkpt>
  <trkpt lat="26.41510167" lon="-80.15866833"><ele>9.475</ele><time>2026-07-18T18:21:12Z</time><speed>3.796</speed><sat>18</sat></trkpt>
  <trkpt lat="26.41512333" lon="-80.15864500"><ele>9.276</ele><time>2026-07-18T18:21:13Z</time><speed>3.792</speed><sat>18</sat></trkpt>
  <trkpt lat="26.41515333" lon="-80.15862000"><ele>9.276</ele><time>2026-07-18T18:21:14Z</time><speed>3.778</speed><sat>18</sat></trkpt>
  <trkpt lat="26.41518000" lon="-80.15859667"><ele>9.276</ele><time>2026-07-18T18:21:15Z</time><speed>3.782</speed><sat>18</sat></trkpt>
  <trkpt lat="26.41521000" lon="-80.15857333"><ele>9.176</ele><time>2026-07-18T18:21:16Z</time><speed>3.783</speed><sat>18</sat></trkpt>
  <trkpt lat="26.41523833" lon="-80.15854833"><ele>9.076</ele><time>2026-07-18T18:21:17Z</time><speed>3.801</speed><sat>18</sat></trkpt>
  <trkpt lat="26.41526667" lon="-80.15852667"><ele>8.976</ele><time>2026-07-18T18:21:18Z</time><speed>3.817</speed><sat>18</sat></trkpt>
  <trkpt lat="26.41529833" lon="-80.15850167"><ele>8.976</ele><time>2026-07-18T18:21:19Z</time><speed>3.848</speed><sat>18</sat></trkpt>
  <trkpt lat="26.41532833" lon="-80.15848000"><ele>8.976</ele><time>2026-07-18T18:21:20Z</time><speed>3.875</speed><sat>18</sat></trkpt>
  <trkpt lat="26.41535833" lon="-80.15845833"><ele>8.876</ele><time>2026-07-18T18:21:21Z</time><speed>3.871</speed><sat>18</sat></trkpt>
  <trkpt lat="26.41538500" lon="-80.15843667"><ele>8.777</ele><time>2026-07-18T18:21:22Z</time><speed>3.859</speed><sat>18</sat></trkpt>
  <trkpt lat="26.41540333" lon="-80.15841500"><ele>8.277</ele><time>2026-07-18T18:21:23Z</time><speed>3.892</speed><sat>18</sat></trkpt>
  <trkpt lat="26.41543500" lon="-80.15839000"><ele>8.877</ele><time>2026-07-18T18:21:24Z</time><speed>3.925</speed><sat>17</sat></trkpt>
  <trkpt lat="26.41546833" lon="-80.15836500"><ele>9.677</ele><time>2026-07-18T18:21:25Z</time><speed>3.966</speed><sat>17</sat></trkpt>
  <trkpt lat="26.41550167" lon="-80.15834167"><ele>9.777</ele><time>2026-07-18T18:21:26Z</time><speed>4.010</speed><sat>17</sat></trkpt>
  <trkpt lat="26.41553500" lon="-80.15831833"><ele>9.877</ele><time>2026-07-18T18:21:27Z</time><speed>4.012</speed><sat>17</sat></trkpt>
  <trkpt lat="26.41556500" lon="-80.15829333"><ele>9.477</ele><time>2026-07-18T18:21:28Z</time><speed>4.030</speed><sat>17</sat></trkpt>
  <trkpt lat="26.41559667" lon="-80.15827000"><ele>9.477</ele><time>2026-07-18T18:21:29Z</time><speed>4.027</speed><sat>18</sat></trkpt>
  <trkpt lat="26.41563000" lon="-80.15824667"><ele>9.577</ele><time>2026-07-18T18:21:30Z</time><speed>4.042</speed><sat>18</sat></trkpt>
  <trkpt lat="26.41566000" lon="-80.15822333"><ele>9.578</ele><time>2026-07-18T18:21:31Z</time><speed>4.041</speed><sat>18</sat></trkpt>
  <trkpt lat="26.41569000" lon="-80.15820167"><ele>9.678</ele><time>2026-07-18T18:21:32Z</time><speed>4.044</speed><sat>18</sat></trkpt>
  <trkpt lat="26.41571833" lon="-80.15817833"><ele>9.978</ele><time>2026-07-18T18:21:33Z</time><speed>4.012</speed><sat>17</sat></trkpt>
  <trkpt lat="26.41574333" lon="-80.15815500"><ele>10.678</ele><time>2026-07-18T18:21:34Z</time><speed>4.011</speed><sat>18</sat></trkpt>
  <trkpt lat="26.41576500" lon="-80.15813000"><ele>10.778</ele><time>2026-07-18T18:21:35Z</time><speed>3.962</speed><sat>17</sat></trkpt>
  <trkpt lat="26.41579667" lon="-80.15811000"><ele>11.378</ele><time>2026-07-18T18:21:36Z</time><speed>3.921</speed><sat>17</sat></trkpt>
  <trkpt lat="26.41582667" lon="-80.15809333"><ele>12.478</ele><time>2026-07-18T18:21:37Z</time><speed>3.895</speed><sat>17</sat></trkpt>
  <trkpt lat="26.41584500" lon="-80.15806833"><ele>12.378</ele><time>2026-07-18T18:21:38Z</time><speed>3.850</speed><sat>17</sat></trkpt>
  <trkpt lat="26.41587000" lon="-80.15804833"><ele>12.878</ele><time>2026-07-18T18:21:39Z</time><speed>3.785</speed><sat>18</sat></trkpt>
  <trkpt lat="26.41588667" lon="-80.15802333"><ele>12.979</ele><time>2026-07-18T18:21:40Z</time><speed>3.735</speed><sat>17</sat></trkpt>
  <trkpt lat="26.41591833" lon="-80.15800333"><ele>13.579</ele><time>2026-07-18T18:21:41Z</time><speed>3.725</speed><sat>17</sat></trkpt>
  <trkpt lat="26.41594500" lon="-80.15798167"><ele>13.479</ele><time>2026-07-18T18:21:42Z</time><speed>3.698</speed><sat>18</sat></trkpt>
  <trkpt lat="26.41596500" lon="-80.15796167"><ele>13.379</ele><time>2026-07-18T18:21:43Z</time><speed>3.684</speed><sat>18</sat></trkpt>
  <trkpt lat="26.41599500" lon="-80.15794000"><ele>13.379</ele><time>2026-07-18T18:21:44Z</time><speed>3.628</speed><sat>17</sat></trkpt>
  <trkpt lat="26.41601833" lon="-80.15792000"><ele>13.079</ele><time>2026-07-18T18:21:45Z</time><speed>3.637</speed><sat>18</sat></trkpt>
  <trkpt lat="26.41604333" lon="-80.15790000"><ele>12.879</ele><time>2026-07-18T18:21:46Z</time><speed>3.646</speed><sat>18</sat></trkpt>
  <trkpt lat="26.41607000" lon="-80.15787833"><ele>11.479</ele><time>2026-07-18T18:21:47Z</time><speed>3.672</speed><sat>18</sat></trkpt>
  <trkpt lat="26.41610333" lon="-80.15786167"><ele>11.679</ele><time>2026-07-18T18:21:48Z</time><speed>3.704</speed><sat>18</sat></trkpt>
  <trkpt lat="26.41613333" lon="-80.15785000"><ele>11.779</ele><time>2026-07-18T18:21:49Z</time><speed>3.749</speed><sat>18</sat></trkpt>
  <trkpt lat="26.41617000" lon="-80.15783833"><ele>12.179</ele><time>2026-07-18T18:21:50Z</time><speed>3.806</speed><sat>18</sat></trkpt>
  <trkpt lat="26.41620000" lon="-80.15782167"><ele>11.780</ele><time>2026-07-18T18:21:51Z</time><speed>3.820</speed><sat>18</sat></trkpt>
  <trkpt lat="26.41623167" lon="-80.15780500"><ele>11.680</ele><time>2026-07-18T18:21:52Z</time><speed>3.824</speed><sat>18</sat></trkpt>
  <trkpt lat="26.41626667" lon="-80.15779167"><ele>11.080</ele><time>2026-07-18T18:21:53Z</time><speed>3.824</speed><sat>17</sat></trkpt>
  <trkpt lat="26.41629500" lon="-80.15777667"><ele>10.780</ele><time>2026-07-18T18:21:54Z</time><speed>3.855</speed><sat>17</sat></trkpt>
  <trkpt lat="26.41632333" lon="-80.15776000"><ele>10.180</ele><time>2026-07-18T18:21:55Z</time><speed>3.855</speed><sat>17</sat></trkpt>
  <trkpt lat="26.41636167" lon="-80.15775000"><ele>10.680</ele><time>2026-07-18T18:21:56Z</time><speed>3.883</speed><sat>18</sat></trkpt>
  <trkpt lat="26.41641333" lon="-80.15774500"><ele>11.980</ele><time>2026-07-18T18:21:57Z</time><speed>3.898</speed><sat>18</sat></trkpt>
  <trkpt lat="26.41645833" lon="-80.15773500"><ele>12.680</ele><time>2026-07-18T18:21:58Z</time><speed>3.844</speed><sat>17</sat></trkpt>
  <trkpt lat="26.41649000" lon="-80.15772333"><ele>12.380</ele><time>2026-07-18T18:21:59Z</time><speed>3.842</speed><sat>18</sat></trkpt>
  <trkpt lat="26.41650667" lon="-80.15770833"><ele>11.180</ele><time>2026-07-18T18:22:00Z</time><speed>3.814</speed><sat>18</sat></trkpt>
  <trkpt lat="26.41653500" lon="-80.15769833"><ele>10.480</ele><time>2026-07-18T18:22:01Z</time><speed>3.772</speed><sat>18</sat></trkpt>
  <trkpt lat="26.41657167" lon="-80.15768667"><ele>9.680</ele><time>2026-07-18T18:22:02Z</time><speed>3.763</speed><sat>18</sat></trkpt>
  <trkpt lat="26.41660000" lon="-80.15767833"><ele>9.080</ele><time>2026-07-18T18:22:03Z</time><speed>3.761</speed><sat>18</sat></trkpt>
  <trkpt lat="26.41662333" lon="-80.15766667"><ele>8.680</ele><time>2026-07-18T18:22:04Z</time><speed>3.729</speed><sat>18</sat></trkpt>
  <trkpt lat="26.41665333" lon="-80.15765833"><ele>8.280</ele><time>2026-07-18T18:22:05Z</time><speed>3.697</speed><sat>17</sat></trkpt>
  <trkpt lat="26.41668500" lon="-80.15764667"><ele>8.281</ele><time>2026-07-18T18:22:06Z</time><speed>3.620</speed><sat>17</sat></trkpt>
  <trkpt lat="26.41671667" lon="-80.15763833"><ele>7.681</ele><time>2026-07-18T18:22:07Z</time><speed>3.565</speed><sat>17</sat></trkpt>
  <trkpt lat="26.41674000" lon="-80.15763667"><ele>7.281</ele><time>2026-07-18T18:22:08Z</time><speed>3.583</speed><sat>18</sat></trkpt>
  <trkpt lat="26.41677833" lon="-80.15763500"><ele>7.281</ele><time>2026-07-18T18:22:09Z</time><speed>3.570</speed><sat>17</sat></trkpt>
  <trkpt lat="26.41680500" lon="-80.15763500"><ele>6.881</ele><time>2026-07-18T18:22:10Z</time><speed>3.542</speed><sat>18</sat></trkpt>
  <trkpt lat="26.41684000" lon="-80.15763167"><ele>6.581</ele><time>2026-07-18T18:22:11Z</time><speed>3.578</speed><sat>18</sat></trkpt>
  <trkpt lat="26.41687500" lon="-80.15763167"><ele>6.281</ele><time>2026-07-18T18:22:12Z</time><speed>3.600</speed><sat>18</sat></trkpt>
  <trkpt lat="26.41690833" lon="-80.15763167"><ele>5.881</ele><time>2026-07-18T18:22:13Z</time><speed>3.607</speed><sat>18</sat></trkpt>
  <trkpt lat="26.41694500" lon="-80.15763167"><ele>5.881</ele><time>2026-07-18T18:22:14Z</time><speed>3.663</speed><sat>18</sat></trkpt>
  <trkpt lat="26.41698000" lon="-80.15763000"><ele>5.681</ele><time>2026-07-18T18:22:15Z</time><speed>3.705</speed><sat>18</sat></trkpt>
  <trkpt lat="26.41701833" lon="-80.15762667"><ele>5.581</ele><time>2026-07-18T18:22:16Z</time><speed>3.724</speed><sat>18</sat></trkpt>
  <trkpt lat="26.41706000" lon="-80.15762167"><ele>5.681</ele><time>2026-07-18T18:22:17Z</time><speed>3.698</speed><sat>18</sat></trkpt>
  <trkpt lat="26.41710167" lon="-80.15762333"><ele>6.081</ele><time>2026-07-18T18:22:18Z</time><speed>3.690</speed><sat>18</sat></trkpt>
  <trkpt lat="26.41713333" lon="-80.15762667"><ele>5.781</ele><time>2026-07-18T18:22:19Z</time><speed>3.668</speed><sat>18</sat></trkpt>
  <trkpt lat="26.41716333" lon="-80.15763167"><ele>5.581</ele><time>2026-07-18T18:22:20Z</time><speed>3.683</speed><sat>18</sat></trkpt>
  <trkpt lat="26.41719667" lon="-80.15763333"><ele>5.581</ele><time>2026-07-18T18:22:21Z</time><speed>3.650</speed><sat>18</sat></trkpt>
  <trkpt lat="26.41722833" lon="-80.15763833"><ele>5.981</ele><time>2026-07-18T18:22:22Z</time><speed>3.635</speed><sat>18</sat></trkpt>
  <trkpt lat="26.41726500" lon="-80.15764833"><ele>7.381</ele><time>2026-07-18T18:22:23Z</time><speed>3.632</speed><sat>18</sat></trkpt>
  <trkpt lat="26.41729500" lon="-80.15765333"><ele>7.481</ele><time>2026-07-18T18:22:24Z</time><speed>3.534</speed><sat>18</sat></trkpt>
  <trkpt lat="26.41732667" lon="-80.15765667"><ele>7.381</ele><time>2026-07-18T18:22:25Z</time><speed>3.498</speed><sat>18</sat></trkpt>
  <trkpt lat="26.41736167" lon="-80.15766333"><ele>7.481</ele><time>2026-07-18T18:22:26Z</time><speed>3.515</speed><sat>18</sat></trkpt>
  <trkpt lat="26.41739333" lon="-80.15767333"><ele>7.581</ele><time>2026-07-18T18:22:27Z</time><speed>3.539</speed><sat>18</sat></trkpt>
  <trkpt lat="26.41742333" lon="-80.15767833"><ele>7.781</ele><time>2026-07-18T18:22:28Z</time><speed>3.521</speed><sat>18</sat></trkpt>
  <trkpt lat="26.41745833" lon="-80.15768500"><ele>7.681</ele><time>2026-07-18T18:22:29Z</time><speed>3.505</speed><sat>18</sat></trkpt>
  <trkpt lat="26.41749167" lon="-80.15768833"><ele>7.581</ele><time>2026-07-18T18:22:30Z</time><speed>3.460</speed><sat>18</sat></trkpt>
  <trkpt lat="26.41752167" lon="-80.15769167"><ele>7.281</ele><time>2026-07-18T18:22:31Z</time><speed>3.471</speed><sat>18</sat></trkpt>
  <trkpt lat="26.41755833" lon="-80.15769667"><ele>6.981</ele><time>2026-07-18T18:22:32Z</time><speed>3.504</speed><sat>18</sat></trkpt>
  <trkpt lat="26.41759000" lon="-80.15770167"><ele>6.381</ele><time>2026-07-18T18:22:33Z</time><speed>3.499</speed><sat>18</sat></trkpt>
  <trkpt lat="26.41762667" lon="-80.15771333"><ele>6.181</ele><time>2026-07-18T18:22:34Z</time><speed>3.570</speed><sat>18</sat></trkpt>
  <trkpt lat="26.41766000" lon="-80.15772833"><ele>6.481</ele><time>2026-07-18T18:22:35Z</time><speed>3.589</speed><sat>18</sat></trkpt>
  <trkpt lat="26.41769333" lon="-80.15774667"><ele>7.081</ele><time>2026-07-18T18:22:36Z</time><speed>3.580</speed><sat>18</sat></trkpt>
  <trkpt lat="26.41772500" lon="-80.15776333"><ele>7.381</ele><time>2026-07-18T18:22:37Z</time><speed>3.552</speed><sat>18</sat></trkpt>
  <trkpt lat="26.41775667" lon="-80.15777833"><ele>7.481</ele><time>2026-07-18T18:22:38Z</time><speed>3.570</speed><sat>18</sat></trkpt>
  <trkpt lat="26.41778833" lon="-80.15779667"><ele>7.581</ele><time>2026-07-18T18:22:39Z</time><speed>3.540</speed><sat>18</sat></trkpt>
  <trkpt lat="26.41781500" lon="-80.15780833"><ele>7.480</ele><time>2026-07-18T18:22:40Z</time><speed>3.458</speed><sat>18</sat></trkpt>
  <trkpt lat="26.41785000" lon="-80.15782833"><ele>6.980</ele><time>2026-07-18T18:22:41Z</time><speed>3.430</speed><sat>18</sat></trkpt>
  <trkpt lat="26.41788333" lon="-80.15784500"><ele>6.480</ele><time>2026-07-18T18:22:42Z</time><speed>3.392</speed><sat>18</sat></trkpt>
  <trkpt lat="26.41791333" lon="-80.15786000"><ele>6.180</ele><time>2026-07-18T18:22:43Z</time><speed>3.359</speed><sat>18</sat></trkpt>
  <trkpt lat="26.41794000" lon="-80.15787167"><ele>5.880</ele><time>2026-07-18T18:22:44Z</time><speed>3.302</speed><sat>18</sat></trkpt>
  <trkpt lat="26.41796833" lon="-80.15789167"><ele>5.880</ele><time>2026-07-18T18:22:45Z</time><speed>3.270</speed><sat>18</sat></trkpt>
  <trkpt lat="26.41799833" lon="-80.15790667"><ele>5.680</ele><time>2026-07-18T18:22:46Z</time><speed>3.264</speed><sat>18</sat></trkpt>
  <trkpt lat="26.41803000" lon="-80.15792500"><ele>5.680</ele><time>2026-07-18T18:22:47Z</time><speed>3.311</speed><sat>18</sat></trkpt>
  <trkpt lat="26.41805833" lon="-80.15795167"><ele>6.480</ele><time>2026-07-18T18:22:48Z</time><speed>3.335</speed><sat>18</sat></trkpt>
  <trkpt lat="26.41808333" lon="-80.15797500"><ele>6.780</ele><time>2026-07-18T18:22:49Z</time><speed>3.418</speed><sat>18</sat></trkpt>
  <trkpt lat="26.41811000" lon="-80.15800000"><ele>6.980</ele><time>2026-07-18T18:22:50Z</time><speed>3.526</speed><sat>18</sat></trkpt>
  <trkpt lat="26.41813833" lon="-80.15802167"><ele>7.280</ele><time>2026-07-18T18:22:51Z</time><speed>3.575</speed><sat>18</sat></trkpt>
  <trkpt lat="26.41816833" lon="-80.15804500"><ele>7.680</ele><time>2026-07-18T18:22:52Z</time><speed>3.596</speed><sat>18</sat></trkpt>
  <trkpt lat="26.41819667" lon="-80.15806833"><ele>7.580</ele><time>2026-07-18T18:22:53Z</time><speed>3.637</speed><sat>18</sat></trkpt>
  <trkpt lat="26.41822333" lon="-80.15808833"><ele>7.680</ele><time>2026-07-18T18:22:54Z</time><speed>3.679</speed><sat>18</sat></trkpt>
  <trkpt lat="26.41825000" lon="-80.15810833"><ele>7.579</ele><time>2026-07-18T18:22:55Z</time><speed>3.709</speed><sat>18</sat></trkpt>
  <trkpt lat="26.41827833" lon="-80.15813000"><ele>7.879</ele><time>2026-07-18T18:22:56Z</time><speed>3.712</speed><sat>18</sat></trkpt>
  <trkpt lat="26.41830500" lon="-80.15815167"><ele>7.979</ele><time>2026-07-18T18:22:57Z</time><speed>3.717</speed><sat>18</sat></trkpt>
  <trkpt lat="26.41833167" lon="-80.15817167"><ele>8.079</ele><time>2026-07-18T18:22:58Z</time><speed>3.737</speed><sat>18</sat></trkpt>
  <trkpt lat="26.41836000" lon="-80.15819167"><ele>7.979</ele><time>2026-07-18T18:22:59Z</time><speed>3.740</speed><sat>18</sat></trkpt>
  <trkpt lat="26.41838667" lon="-80.15820833"><ele>7.679</ele><time>2026-07-18T18:23:00Z</time><speed>3.758</speed><sat>18</sat></trkpt>
  <trkpt lat="26.41841333" lon="-80.15823167"><ele>7.679</ele><time>2026-07-18T18:23:01Z</time><speed>3.751</speed><sat>18</sat></trkpt>
  <trkpt lat="26.41844000" lon="-80.15825333"><ele>7.379</ele><time>2026-07-18T18:23:02Z</time><speed>3.729</speed><sat>18</sat></trkpt>
  <trkpt lat="26.41846667" lon="-80.15827667"><ele>7.879</ele><time>2026-07-18T18:23:03Z</time><speed>3.746</speed><sat>18</sat></trkpt>
  <trkpt lat="26.41849333" lon="-80.15830000"><ele>7.679</ele><time>2026-07-18T18:23:04Z</time><speed>3.760</speed><sat>18</sat></trkpt>
  <trkpt lat="26.41852000" lon="-80.15832000"><ele>7.579</ele><time>2026-07-18T18:23:05Z</time><speed>3.747</speed><sat>18</sat></trkpt>
  <trkpt lat="26.41854667" lon="-80.15833500"><ele>7.279</ele><time>2026-07-18T18:23:06Z</time><speed>3.762</speed><sat>18</sat></trkpt>
  <trkpt lat="26.41857333" lon="-80.15835667"><ele>7.179</ele><time>2026-07-18T18:23:07Z</time><speed>3.749</speed><sat>18</sat></trkpt>
  <trkpt lat="26.41860000" lon="-80.15837833"><ele>7.479</ele><time>2026-07-18T18:23:08Z</time><speed>3.717</speed><sat>18</sat></trkpt>
  <trkpt lat="26.41862667" lon="-80.15839833"><ele>7.678</ele><time>2026-07-18T18:23:09Z</time><speed>3.684</speed><sat>18</sat></trkpt>
  <trkpt lat="26.41865167" lon="-80.15842167"><ele>7.778</ele><time>2026-07-18T18:23:10Z</time><speed>3.665</speed><sat>18</sat></trkpt>
  <trkpt lat="26.41867833" lon="-80.15844167"><ele>7.778</ele><time>2026-07-18T18:23:11Z</time><speed>3.639</speed><sat>18</sat></trkpt>
  <trkpt lat="26.41870333" lon="-80.15846000"><ele>8.278</ele><time>2026-07-18T18:23:12Z</time><speed>3.644</speed><sat>18</sat></trkpt>
  <trkpt lat="26.41873167" lon="-80.15848333"><ele>8.778</ele><time>2026-07-18T18:23:13Z</time><speed>3.632</speed><sat>18</sat></trkpt>
  <trkpt lat="26.41875667" lon="-80.15850167"><ele>8.778</ele><time>2026-07-18T18:23:14Z</time><speed>3.580</speed><sat>18</sat></trkpt>
  <trkpt lat="26.41878000" lon="-80.15851667"><ele>8.678</ele><time>2026-07-18T18:23:15Z</time><speed>3.558</speed><sat>18</sat></trkpt>
  <trkpt lat="26.41881000" lon="-80.15853833"><ele>8.578</ele><time>2026-07-18T18:23:16Z</time><speed>3.524</speed><sat>18</sat></trkpt>
  <trkpt lat="26.41883833" lon="-80.15856000"><ele>8.478</ele><time>2026-07-18T18:23:17Z</time><speed>3.515</speed><sat>18</sat></trkpt>
  <trkpt lat="26.41886667" lon="-80.15858167"><ele>8.578</ele><time>2026-07-18T18:23:18Z</time><speed>3.516</speed><sat>18</sat></trkpt>
  <trkpt lat="26.41889333" lon="-80.15860333"><ele>8.378</ele><time>2026-07-18T18:23:19Z</time><speed>3.510</speed><sat>18</sat></trkpt>
  <trkpt lat="26.41892000" lon="-80.15862500"><ele>8.478</ele><time>2026-07-18T18:23:20Z</time><speed>3.491</speed><sat>18</sat></trkpt>
  <trkpt lat="26.41894667" lon="-80.15864667"><ele>8.478</ele><time>2026-07-18T18:23:21Z</time><speed>3.501</speed><sat>18</sat></trkpt>
  <trkpt lat="26.41897167" lon="-80.15866833"><ele>8.378</ele><time>2026-07-18T18:23:22Z</time><speed>3.486</speed><sat>18</sat></trkpt>
  <trkpt lat="26.41900000" lon="-80.15868833"><ele>8.778</ele><time>2026-07-18T18:23:23Z</time><speed>3.487</speed><sat>18</sat></trkpt>
  <trkpt lat="26.41902667" lon="-80.15870833"><ele>8.977</ele><time>2026-07-18T18:23:24Z</time><speed>3.512</speed><sat>18</sat></trkpt>
  <trkpt lat="26.41905333" lon="-80.15873000"><ele>8.877</ele><time>2026-07-18T18:23:25Z</time><speed>3.513</speed><sat>18</sat></trkpt>
  <trkpt lat="26.41908000" lon="-80.15874833"><ele>8.977</ele><time>2026-07-18T18:23:26Z</time><speed>3.524</speed><sat>18</sat></trkpt>
  <trkpt lat="26.41910500" lon="-80.15876667"><ele>9.177</ele><time>2026-07-18T18:23:27Z</time><speed>3.518</speed><sat>18</sat></trkpt>
  <trkpt lat="26.41913000" lon="-80.15878667"><ele>9.277</ele><time>2026-07-18T18:23:28Z</time><speed>3.510</speed><sat>18</sat></trkpt>
  <trkpt lat="26.41915667" lon="-80.15880500"><ele>9.477</ele><time>2026-07-18T18:23:29Z</time><speed>3.506</speed><sat>18</sat></trkpt>
  <trkpt lat="26.41918500" lon="-80.15882500"><ele>9.577</ele><time>2026-07-18T18:23:30Z</time><speed>3.518</speed><sat>18</sat></trkpt>
  <trkpt lat="26.41921167" lon="-80.15884833"><ele>9.677</ele><time>2026-07-18T18:23:31Z</time><speed>3.541</speed><sat>18</sat></trkpt>
  <trkpt lat="26.41923833" lon="-80.15887333"><ele>9.877</ele><time>2026-07-18T18:23:32Z</time><speed>3.571</speed><sat>18</sat></trkpt>
  <trkpt lat="26.41926333" lon="-80.15889667"><ele>9.977</ele><time>2026-07-18T18:23:33Z</time><speed>3.543</speed><sat>18</sat></trkpt>
  <trkpt lat="26.41928833" lon="-80.15892167"><ele>9.977</ele><time>2026-07-18T18:23:34Z</time><speed>3.560</speed><sat>18</sat></trkpt>
  <trkpt lat="26.41931333" lon="-80.15894667"><ele>10.177</ele><time>2026-07-18T18:23:35Z</time><speed>3.587</speed><sat>18</sat></trkpt>
  <trkpt lat="26.41934000" lon="-80.15897167"><ele>10.277</ele><time>2026-07-18T18:23:36Z</time><speed>3.602</speed><sat>18</sat></trkpt>
  <trkpt lat="26.41936667" lon="-80.15899667"><ele>10.476</ele><time>2026-07-18T18:23:37Z</time><speed>3.600</speed><sat>18</sat></trkpt>
  <trkpt lat="26.41939000" lon="-80.15901833"><ele>10.676</ele><time>2026-07-18T18:23:38Z</time><speed>3.591</speed><sat>18</sat></trkpt>
  <trkpt lat="26.41941500" lon="-80.15904167"><ele>10.776</ele><time>2026-07-18T18:23:39Z</time><speed>3.602</speed><sat>18</sat></trkpt>
  <trkpt lat="26.41943667" lon="-80.15906500"><ele>11.176</ele><time>2026-07-18T18:23:40Z</time><speed>3.540</speed><sat>18</sat></trkpt>
  <trkpt lat="26.41945667" lon="-80.15908833"><ele>11.876</ele><time>2026-07-18T18:23:41Z</time><speed>3.434</speed><sat>18</sat></trkpt>
  <trkpt lat="26.41947167" lon="-80.15911333"><ele>13.076</ele><time>2026-07-18T18:23:42Z</time><speed>3.304</speed><sat>18</sat></trkpt>
  <trkpt lat="26.41948333" lon="-80.15913000"><ele>13.576</ele><time>2026-07-18T18:23:43Z</time><speed>3.155</speed><sat>18</sat></trkpt>
  <trkpt lat="26.41949333" lon="-80.15914167"><ele>13.676</ele><time>2026-07-18T18:23:44Z</time><speed>2.934</speed><sat>18</sat></trkpt>
  <trkpt lat="26.41950667" lon="-80.15915167"><ele>13.676</ele><time>2026-07-18T18:23:45Z</time><speed>2.706</speed><sat>18</sat></trkpt>
  <trkpt lat="26.41952167" lon="-80.15916000"><ele>13.476</ele><time>2026-07-18T18:23:46Z</time><speed>2.543</speed><sat>18</sat></trkpt>
  <trkpt lat="26.41954667" lon="-80.15917333"><ele>12.976</ele><time>2026-07-18T18:23:47Z</time><speed>2.424</speed><sat>18</sat></trkpt>
  <trkpt lat="26.41957000" lon="-80.15917500"><ele>12.476</ele><time>2026-07-18T18:23:48Z</time><speed>2.344</speed><sat>18</sat></trkpt>
  <trkpt lat="26.41959500" lon="-80.15917167"><ele>12.276</ele><time>2026-07-18T18:23:49Z</time><speed>2.305</speed><sat>18</sat></trkpt>
  <trkpt lat="26.41962500" lon="-80.15915833"><ele>12.476</ele><time>2026-07-18T18:23:50Z</time><speed>2.346</speed><sat>18</sat></trkpt>
  <trkpt lat="26.41964833" lon="-80.15913833"><ele>12.476</ele><time>2026-07-18T18:23:51Z</time><speed>2.396</speed><sat>18</sat></trkpt>
  <trkpt lat="26.41967000" lon="-80.15911333"><ele>12.576</ele><time>2026-07-18T18:23:52Z</time><speed>2.472</speed><sat>18</sat></trkpt>
  <trkpt lat="26.41969167" lon="-80.15908667"><ele>12.576</ele><time>2026-07-18T18:23:53Z</time><speed>2.638</speed><sat>18</sat></trkpt>
  <trkpt lat="26.41971667" lon="-80.15905667"><ele>12.576</ele><time>2026-07-18T18:23:54Z</time><speed>2.871</speed><sat>18</sat></trkpt>
  <trkpt lat="26.41974000" lon="-80.15903167"><ele>12.576</ele><time>2026-07-18T18:23:55Z</time><speed>3.095</speed><sat>18</sat></trkpt>
  <trkpt lat="26.41976333" lon="-80.15900333"><ele>12.377</ele><time>2026-07-18T18:23:56Z</time><speed>3.250</speed><sat>18</sat></trkpt>
  <trkpt lat="26.41978667" lon="-80.15897833"><ele>12.077</ele><time>2026-07-18T18:23:57Z</time><speed>3.358</speed><sat>18</sat></trkpt>
  <trkpt lat="26.41981000" lon="-80.15895500"><ele>11.777</ele><time>2026-07-18T18:23:58Z</time><speed>3.445</speed><sat>18</sat></trkpt>
  <trkpt lat="26.41983000" lon="-80.15893000"><ele>11.577</ele><time>2026-07-18T18:23:59Z</time><speed>3.455</speed><sat>18</sat></trkpt>
  <trkpt lat="26.41985000" lon="-80.15890167"><ele>10.677</ele><time>2026-07-18T18:24:00Z</time><speed>3.486</speed><sat>17</sat></trkpt>
  <trkpt lat="26.41987000" lon="-80.15887333"><ele>9.877</ele><time>2026-07-18T18:24:01Z</time><speed>3.493</speed><sat>18</sat></trkpt>
  <trkpt lat="26.41989000" lon="-80.15885000"><ele>9.577</ele><time>2026-07-18T18:24:02Z</time><speed>3.509</speed><sat>18</sat></trkpt>
  <trkpt lat="26.41990833" lon="-80.15882500"><ele>9.577</ele><time>2026-07-18T18:24:03Z</time><speed>3.487</speed><sat>18</sat></trkpt>
  <trkpt lat="26.41992667" lon="-80.15880167"><ele>9.678</ele><time>2026-07-18T18:24:04Z</time><speed>3.459</speed><sat>18</sat></trkpt>
  <trkpt lat="26.41994833" lon="-80.15877667"><ele>9.678</ele><time>2026-07-18T18:24:05Z</time><speed>3.448</speed><sat>18</sat></trkpt>
  <trkpt lat="26.41996833" lon="-80.15875167"><ele>9.578</ele><time>2026-07-18T18:24:06Z</time><speed>3.441</speed><sat>18</sat></trkpt>
  <trkpt lat="26.41998833" lon="-80.15872667"><ele>9.478</ele><time>2026-07-18T18:24:07Z</time><speed>3.458</speed><sat>18</sat></trkpt>
  <trkpt lat="26.42001333" lon="-80.15870500"><ele>9.678</ele><time>2026-07-18T18:24:08Z</time><speed>3.511</speed><sat>18</sat></trkpt>
  <trkpt lat="26.42003500" lon="-80.15867833"><ele>9.778</ele><time>2026-07-18T18:24:09Z</time><speed>3.529</speed><sat>18</sat></trkpt>
  <trkpt lat="26.42005500" lon="-80.15865500"><ele>9.778</ele><time>2026-07-18T18:24:10Z</time><speed>3.505</speed><sat>18</sat></trkpt>
  <trkpt lat="26.42007833" lon="-80.15863000"><ele>10.178</ele><time>2026-07-18T18:24:11Z</time><speed>3.517</speed><sat>18</sat></trkpt>
  <trkpt lat="26.42010000" lon="-80.15861167"><ele>10.578</ele><time>2026-07-18T18:24:12Z</time><speed>3.490</speed><sat>18</sat></trkpt>
  <trkpt lat="26.42012667" lon="-80.15860500"><ele>10.978</ele><time>2026-07-18T18:24:13Z</time><speed>3.451</speed><sat>18</sat></trkpt>
  <trkpt lat="26.42015500" lon="-80.15860333"><ele>11.178</ele><time>2026-07-18T18:24:14Z</time><speed>3.423</speed><sat>18</sat></trkpt>
  <trkpt lat="26.42018333" lon="-80.15861000"><ele>11.478</ele><time>2026-07-18T18:24:15Z</time><speed>3.397</speed><sat>18</sat></trkpt>
  <trkpt lat="26.42020500" lon="-80.15862167"><ele>11.478</ele><time>2026-07-18T18:24:16Z</time><speed>3.359</speed><sat>18</sat></trkpt>
  <trkpt lat="26.42022833" lon="-80.15863667"><ele>11.678</ele><time>2026-07-18T18:24:17Z</time><speed>3.292</speed><sat>18</sat></trkpt>
  <trkpt lat="26.42025000" lon="-80.15865167"><ele>11.378</ele><time>2026-07-18T18:24:18Z</time><speed>3.146</speed><sat>18</sat></trkpt>
  <trkpt lat="26.42026833" lon="-80.15866333"><ele>11.078</ele><time>2026-07-18T18:24:19Z</time><speed>3.140</speed><sat>18</sat></trkpt>
  <trkpt lat="26.42029500" lon="-80.15867667"><ele>10.178</ele><time>2026-07-18T18:24:20Z</time><speed>3.122</speed><sat>18</sat></trkpt>
  <trkpt lat="26.42032167" lon="-80.15869500"><ele>9.678</ele><time>2026-07-18T18:24:21Z</time><speed>3.115</speed><sat>18</sat></trkpt>
  <trkpt lat="26.42034833" lon="-80.15871500"><ele>9.178</ele><time>2026-07-18T18:24:22Z</time><speed>3.108</speed><sat>18</sat></trkpt>
  <trkpt lat="26.42037500" lon="-80.15873500"><ele>8.778</ele><time>2026-07-18T18:24:23Z</time><speed>3.154</speed><sat>18</sat></trkpt>
  <trkpt lat="26.42040333" lon="-80.15875833"><ele>8.578</ele><time>2026-07-18T18:24:24Z</time><speed>3.181</speed><sat>18</sat></trkpt>
  <trkpt lat="26.42043167" lon="-80.15877833"><ele>8.278</ele><time>2026-07-18T18:24:25Z</time><speed>3.231</speed><sat>18</sat></trkpt>
  <trkpt lat="26.42046500" lon="-80.15880000"><ele>8.278</ele><time>2026-07-18T18:24:26Z</time><speed>3.300</speed><sat>18</sat></trkpt>
  <trkpt lat="26.42049667" lon="-80.15882167"><ele>8.578</ele><time>2026-07-18T18:24:27Z</time><speed>3.429</speed><sat>18</sat></trkpt>
  <trkpt lat="26.42052833" lon="-80.15884333"><ele>8.778</ele><time>2026-07-18T18:24:28Z</time><speed>3.555</speed><sat>18</sat></trkpt>
  <trkpt lat="26.42055500" lon="-80.15886667"><ele>9.178</ele><time>2026-07-18T18:24:29Z</time><speed>3.629</speed><sat>18</sat></trkpt>
  <trkpt lat="26.42058333" lon="-80.15888667"><ele>9.378</ele><time>2026-07-18T18:24:30Z</time><speed>3.673</speed><sat>18</sat></trkpt>
  <trkpt lat="26.42061167" lon="-80.15890667"><ele>9.677</ele><time>2026-07-18T18:24:31Z</time><speed>3.713</speed><sat>18</sat></trkpt>
  <trkpt lat="26.42063833" lon="-80.15892167"><ele>9.177</ele><time>2026-07-18T18:24:32Z</time><speed>3.832</speed><sat>18</sat></trkpt>
  <trkpt lat="26.42066500" lon="-80.15894167"><ele>8.877</ele><time>2026-07-18T18:24:33Z</time><speed>3.832</speed><sat>18</sat></trkpt>
  <trkpt lat="26.42068667" lon="-80.15895500"><ele>8.377</ele><time>2026-07-18T18:24:34Z</time><speed>3.800</speed><sat>18</sat></trkpt>
  <trkpt lat="26.42070333" lon="-80.15896833"><ele>8.077</ele><time>2026-07-18T18:24:35Z</time><speed>3.746</speed><sat>18</sat></trkpt>
  <trkpt lat="26.42072833" lon="-80.15898833"><ele>7.977</ele><time>2026-07-18T18:24:36Z</time><speed>3.677</speed><sat>18</sat></trkpt>
  <trkpt lat="26.42075000" lon="-80.15901333"><ele>7.977</ele><time>2026-07-18T18:24:37Z</time><speed>3.598</speed><sat>18</sat></trkpt>
  <trkpt lat="26.42077667" lon="-80.15903667"><ele>7.777</ele><time>2026-07-18T18:24:38Z</time><speed>3.574</speed><sat>18</sat></trkpt>
  <trkpt lat="26.42080000" lon="-80.15907000"><ele>8.977</ele><time>2026-07-18T18:24:39Z</time><speed>3.602</speed><sat>18</sat></trkpt>
  <trkpt lat="26.42082167" lon="-80.15909167"><ele>8.577</ele><time>2026-07-18T18:24:40Z</time><speed>3.591</speed><sat>18</sat></trkpt>
  <trkpt lat="26.42084500" lon="-80.15911833"><ele>8.477</ele><time>2026-07-18T18:24:41Z</time><speed>3.571</speed><sat>18</sat></trkpt>
  <trkpt lat="26.42086167" lon="-80.15914000"><ele>7.777</ele><time>2026-07-18T18:24:42Z</time><speed>3.484</speed><sat>18</sat></trkpt>
  <trkpt lat="26.42088500" lon="-80.15916167"><ele>7.477</ele><time>2026-07-18T18:24:43Z</time><speed>3.471</speed><sat>18</sat></trkpt>
  <trkpt lat="26.42090000" lon="-80.15918167"><ele>6.977</ele><time>2026-07-18T18:24:44Z</time><speed>3.503</speed><sat>18</sat></trkpt>
  <trkpt lat="26.42092167" lon="-80.15920000"><ele>6.376</ele><time>2026-07-18T18:24:45Z</time><speed>3.553</speed><sat>18</sat></trkpt>
  <trkpt lat="26.42095167" lon="-80.15922333"><ele>5.876</ele><time>2026-07-18T18:24:46Z</time><speed>3.588</speed><sat>18</sat></trkpt>
  <trkpt lat="26.42097333" lon="-80.15924833"><ele>5.376</ele><time>2026-07-18T18:24:47Z</time><speed>3.612</speed><sat>18</sat></trkpt>
  <trkpt lat="26.42100000" lon="-80.15927333"><ele>5.176</ele><time>2026-07-18T18:24:48Z</time><speed>3.617</speed><sat>18</sat></trkpt>
  <trkpt lat="26.42102667" lon="-80.15929833"><ele>4.976</ele><time>2026-07-18T18:24:49Z</time><speed>3.562</speed><sat>18</sat></trkpt>
  <trkpt lat="26.42105500" lon="-80.15932667"><ele>4.876</ele><time>2026-07-18T18:24:50Z</time><speed>3.631</speed><sat>18</sat></trkpt>
  <trkpt lat="26.42108333" lon="-80.15935667"><ele>5.176</ele><time>2026-07-18T18:24:51Z</time><speed>3.651</speed><sat>18</sat></trkpt>
  <trkpt lat="26.42110667" lon="-80.15937833"><ele>4.776</ele><time>2026-07-18T18:24:52Z</time><speed>3.648</speed><sat>18</sat></trkpt>
  <trkpt lat="26.42113500" lon="-80.15940500"><ele>4.476</ele><time>2026-07-18T18:24:53Z</time><speed>3.677</speed><sat>18</sat></trkpt>
  <trkpt lat="26.42116500" lon="-80.15943167"><ele>4.276</ele><time>2026-07-18T18:24:54Z</time><speed>3.664</speed><sat>18</sat></trkpt>
  <trkpt lat="26.42119667" lon="-80.15945500"><ele>4.076</ele><time>2026-07-18T18:24:55Z</time><speed>3.659</speed><sat>18</sat></trkpt>
  <trkpt lat="26.42122500" lon="-80.15948167"><ele>4.275</ele><time>2026-07-18T18:24:56Z</time><speed>3.684</speed><sat>18</sat></trkpt>
  <trkpt lat="26.42125333" lon="-80.15950667"><ele>4.575</ele><time>2026-07-18T18:24:57Z</time><speed>3.694</speed><sat>18</sat></trkpt>
  <trkpt lat="26.42128500" lon="-80.15952833"><ele>4.675</ele><time>2026-07-18T18:24:58Z</time><speed>3.698</speed><sat>18</sat></trkpt>
  <trkpt lat="26.42131333" lon="-80.15955167"><ele>4.975</ele><time>2026-07-18T18:24:59Z</time><speed>3.711</speed><sat>18</sat></trkpt>
  <trkpt lat="26.42134000" lon="-80.15957667"><ele>5.275</ele><time>2026-07-18T18:25:00Z</time><speed>3.685</speed><sat>18</sat></trkpt>
  <trkpt lat="26.42136667" lon="-80.15960000"><ele>5.775</ele><time>2026-07-18T18:25:01Z</time><speed>3.644</speed><sat>18</sat></trkpt>
  <trkpt lat="26.42139333" lon="-80.15962167"><ele>6.375</ele><time>2026-07-18T18:25:02Z</time><speed>3.706</speed><sat>18</sat></trkpt>
  <trkpt lat="26.42142333" lon="-80.15965333"><ele>7.375</ele><time>2026-07-18T18:25:03Z</time><speed>3.703</speed><sat>18</sat></trkpt>
  <trkpt lat="26.42145167" lon="-80.15967833"><ele>8.175</ele><time>2026-07-18T18:25:04Z</time><speed>3.738</speed><sat>18</sat></trkpt>
  <trkpt lat="26.42148333" lon="-80.15970000"><ele>9.175</ele><time>2026-07-18T18:25:05Z</time><speed>3.757</speed><sat>18</sat></trkpt>
  <trkpt lat="26.42152000" lon="-80.15972333"><ele>10.375</ele><time>2026-07-18T18:25:06Z</time><speed>3.759</speed><sat>18</sat></trkpt>
  <trkpt lat="26.42155333" lon="-80.15974500"><ele>10.875</ele><time>2026-07-18T18:25:07Z</time><speed>3.764</speed><sat>18</sat></trkpt>
  <trkpt lat="26.42158500" lon="-80.15976000"><ele>11.575</ele><time>2026-07-18T18:25:08Z</time><speed>3.760</speed><sat>18</sat></trkpt>
  <trkpt lat="26.42161833" lon="-80.15977833"><ele>11.674</ele><time>2026-07-18T18:25:09Z</time><speed>3.755</speed><sat>18</sat></trkpt>
  <trkpt lat="26.42165000" lon="-80.15979167"><ele>11.774</ele><time>2026-07-18T18:25:10Z</time><speed>3.755</speed><sat>18</sat></trkpt>
  <trkpt lat="26.42168333" lon="-80.15980667"><ele>11.774</ele><time>2026-07-18T18:25:11Z</time><speed>3.834</speed><sat>18</sat></trkpt>
  <trkpt lat="26.42171833" lon="-80.15982000"><ele>12.274</ele><time>2026-07-18T18:25:12Z</time><speed>3.791</speed><sat>18</sat></trkpt>
  <trkpt lat="26.42175000" lon="-80.15983500"><ele>12.674</ele><time>2026-07-18T18:25:13Z</time><speed>3.780</speed><sat>18</sat></trkpt>
  <trkpt lat="26.42178000" lon="-80.15985167"><ele>13.774</ele><time>2026-07-18T18:25:14Z</time><speed>3.790</speed><sat>18</sat></trkpt>
  <trkpt lat="26.42181167" lon="-80.15987000"><ele>14.274</ele><time>2026-07-18T18:25:15Z</time><speed>3.780</speed><sat>18</sat></trkpt>
  <trkpt lat="26.42183667" lon="-80.15988167"><ele>14.174</ele><time>2026-07-18T18:25:16Z</time><speed>3.779</speed><sat>18</sat></trkpt>
  <trkpt lat="26.42186500" lon="-80.15989000"><ele>14.574</ele><time>2026-07-18T18:25:17Z</time><speed>3.765</speed><sat>18</sat></trkpt>
  <trkpt lat="26.42189333" lon="-80.15990500"><ele>15.574</ele><time>2026-07-18T18:25:18Z</time><speed>3.789</speed><sat>18</sat></trkpt>
  <trkpt lat="26.42192667" lon="-80.15991667"><ele>16.174</ele><time>2026-07-18T18:25:19Z</time><speed>3.770</speed><sat>18</sat></trkpt>
  <trkpt lat="26.42195833" lon="-80.15991833"><ele>15.974</ele><time>2026-07-18T18:25:20Z</time><speed>3.732</speed><sat>18</sat></trkpt>
  <trkpt lat="26.42199500" lon="-80.15992333"><ele>16.174</ele><time>2026-07-18T18:25:21Z</time><speed>3.672</speed><sat>18</sat></trkpt>
  <trkpt lat="26.42202833" lon="-80.15992500"><ele>16.674</ele><time>2026-07-18T18:25:22Z</time><speed>3.669</speed><sat>18</sat></trkpt>
  <trkpt lat="26.42206000" lon="-80.15992333"><ele>16.674</ele><time>2026-07-18T18:25:23Z</time><speed>3.675</speed><sat>18</sat></trkpt>
  <trkpt lat="26.42209000" lon="-80.15991833"><ele>16.874</ele><time>2026-07-18T18:25:24Z</time><speed>3.646</speed><sat>18</sat></trkpt>
  <trkpt lat="26.42212000" lon="-80.15991167"><ele>16.774</ele><time>2026-07-18T18:25:25Z</time><speed>3.615</speed><sat>18</sat></trkpt>
  <trkpt lat="26.42214167" lon="-80.15991000"><ele>16.574</ele><time>2026-07-18T18:25:26Z</time><speed>3.519</speed><sat>18</sat></trkpt>
  <trkpt lat="26.42217500" lon="-80.15989667"><ele>16.274</ele><time>2026-07-18T18:25:27Z</time><speed>3.519</speed><sat>18</sat></trkpt>
  <trkpt lat="26.42221500" lon="-80.15987667"><ele>15.274</ele><time>2026-07-18T18:25:28Z</time><speed>3.462</speed><sat>18</sat></trkpt>
  <trkpt lat="26.42224000" lon="-80.15985833"><ele>14.674</ele><time>2026-07-18T18:25:29Z</time><speed>3.434</speed><sat>18</sat></trkpt>
  <trkpt lat="26.42226833" lon="-80.15983833"><ele>14.275</ele><time>2026-07-18T18:25:30Z</time><speed>3.449</speed><sat>18</sat></trkpt>
  <trkpt lat="26.42229667" lon="-80.15981667"><ele>13.575</ele><time>2026-07-18T18:25:31Z</time><speed>3.485</speed><sat>18</sat></trkpt>
  <trkpt lat="26.42232667" lon="-80.15979500"><ele>13.175</ele><time>2026-07-18T18:25:32Z</time><speed>3.486</speed><sat>18</sat></trkpt>
  <trkpt lat="26.42235667" lon="-80.15977333"><ele>12.875</ele><time>2026-07-18T18:25:33Z</time><speed>3.486</speed><sat>18</sat></trkpt>
  <trkpt lat="26.42238167" lon="-80.15974667"><ele>12.275</ele><time>2026-07-18T18:25:34Z</time><speed>3.497</speed><sat>18</sat></trkpt>
  <trkpt lat="26.42241167" lon="-80.15972333"><ele>12.175</ele><time>2026-07-18T18:25:35Z</time><speed>3.504</speed><sat>18</sat></trkpt>
  <trkpt lat="26.42243833" lon="-80.15970000"><ele>12.175</ele><time>2026-07-18T18:25:36Z</time><speed>3.594</speed><sat>18</sat></trkpt>
  <trkpt lat="26.42246667" lon="-80.15967500"><ele>12.275</ele><time>2026-07-18T18:25:37Z</time><speed>3.602</speed><sat>18</sat></trkpt>
  <trkpt lat="26.42248833" lon="-80.15964667"><ele>11.975</ele><time>2026-07-18T18:25:38Z</time><speed>3.648</speed><sat>17</sat></trkpt>
  <trkpt lat="26.42252000" lon="-80.15961833"><ele>12.176</ele><time>2026-07-18T18:25:39Z</time><speed>3.661</speed><sat>18</sat></trkpt>
  <trkpt lat="26.42254167" lon="-80.15959000"><ele>12.276</ele><time>2026-07-18T18:25:40Z</time><speed>3.646</speed><sat>18</sat></trkpt>
  <trkpt lat="26.42256833" lon="-80.15956500"><ele>12.876</ele><time>2026-07-18T18:25:41Z</time><speed>3.610</speed><sat>18</sat></trkpt>
  <trkpt lat="26.42259167" lon="-80.15953667"><ele>13.076</ele><time>2026-07-18T18:25:42Z</time><speed>3.629</speed><sat>18</sat></trkpt>
  <trkpt lat="26.42261167" lon="-80.15951000"><ele>13.276</ele><time>2026-07-18T18:25:43Z</time><speed>3.622</speed><sat>18</sat></trkpt>
  <trkpt lat="26.42262833" lon="-80.15947833"><ele>13.476</ele><time>2026-07-18T18:25:44Z</time><speed>3.615</speed><sat>18</sat></trkpt>
  <trkpt lat="26.42264500" lon="-80.15944500"><ele>13.476</ele><time>2026-07-18T18:25:45Z</time><speed>3.618</speed><sat>18</sat></trkpt>
  <trkpt lat="26.42266000" lon="-80.15941167"><ele>13.377</ele><time>2026-07-18T18:25:46Z</time><speed>3.634</speed><sat>18</sat></trkpt>
  <trkpt lat="26.42267167" lon="-80.15938000"><ele>13.477</ele><time>2026-07-18T18:25:47Z</time><speed>3.649</speed><sat>18</sat></trkpt>
  <trkpt lat="26.42268333" lon="-80.15934833"><ele>13.877</ele><time>2026-07-18T18:25:48Z</time><speed>3.621</speed><sat>18</sat></trkpt>
  <trkpt lat="26.42269000" lon="-80.15931333"><ele>13.977</ele><time>2026-07-18T18:25:49Z</time><speed>3.625</speed><sat>18</sat></trkpt>
  <trkpt lat="26.42269667" lon="-80.15927833"><ele>14.077</ele><time>2026-07-18T18:25:50Z</time><speed>3.620</speed><sat>18</sat></trkpt>
  <trkpt lat="26.42270500" lon="-80.15924500"><ele>13.977</ele><time>2026-07-18T18:25:51Z</time><speed>3.608</speed><sat>18</sat></trkpt>
  <trkpt lat="26.42271333" lon="-80.15920833"><ele>14.177</ele><time>2026-07-18T18:25:52Z</time><speed>3.573</speed><sat>18</sat></trkpt>
  <trkpt lat="26.42271667" lon="-80.15916333"><ele>14.078</ele><time>2026-07-18T18:25:53Z</time><speed>3.577</speed><sat>18</sat></trkpt>
  <trkpt lat="26.42272167" lon="-80.15912667"><ele>14.578</ele><time>2026-07-18T18:25:54Z</time><speed>3.581</speed><sat>18</sat></trkpt>
  <trkpt lat="26.42272167" lon="-80.15908833"><ele>14.878</ele><time>2026-07-18T18:25:55Z</time><speed>3.581</speed><sat>18</sat></trkpt>
  <trkpt lat="26.42271667" lon="-80.15905167"><ele>13.978</ele><time>2026-07-18T18:25:56Z</time><speed>3.550</speed><sat>17</sat></trkpt>
  <trkpt lat="26.42271500" lon="-80.15901500"><ele>13.778</ele><time>2026-07-18T18:25:57Z</time><speed>3.541</speed><sat>17</sat></trkpt>
  <trkpt lat="26.42271500" lon="-80.15897667"><ele>13.678</ele><time>2026-07-18T18:25:58Z</time><speed>3.550</speed><sat>17</sat></trkpt>
  <trkpt lat="26.42271167" lon="-80.15894333"><ele>13.379</ele><time>2026-07-18T18:25:59Z</time><speed>3.543</speed><sat>18</sat></trkpt>
  <trkpt lat="26.42270833" lon="-80.15891000"><ele>13.079</ele><time>2026-07-18T18:26:00Z</time><speed>3.503</speed><sat>17</sat></trkpt>
  <trkpt lat="26.42271000" lon="-80.15888167"><ele>12.479</ele><time>2026-07-18T18:26:01Z</time><speed>3.471</speed><sat>18</sat></trkpt>
  <trkpt lat="26.42270833" lon="-80.15884833"><ele>12.179</ele><time>2026-07-18T18:26:02Z</time><speed>3.467</speed><sat>18</sat></trkpt>
  <trkpt lat="26.42271000" lon="-80.15881333"><ele>11.779</ele><time>2026-07-18T18:26:03Z</time><speed>3.449</speed><sat>18</sat></trkpt>
  <trkpt lat="26.42271000" lon="-80.15877667"><ele>11.579</ele><time>2026-07-18T18:26:04Z</time><speed>3.413</speed><sat>18</sat></trkpt>
  <trkpt lat="26.42271167" lon="-80.15874167"><ele>11.479</ele><time>2026-07-18T18:26:05Z</time><speed>3.390</speed><sat>18</sat></trkpt>
  <trkpt lat="26.42271500" lon="-80.15870333"><ele>11.780</ele><time>2026-07-18T18:26:06Z</time><speed>3.401</speed><sat>18</sat></trkpt>
  <trkpt lat="26.42272167" lon="-80.15866667"><ele>12.080</ele><time>2026-07-18T18:26:07Z</time><speed>3.359</speed><sat>18</sat></trkpt>
  <trkpt lat="26.42272333" lon="-80.15863000"><ele>12.080</ele><time>2026-07-18T18:26:08Z</time><speed>3.339</speed><sat>18</sat></trkpt>
  <trkpt lat="26.42272333" lon="-80.15860000"><ele>11.680</ele><time>2026-07-18T18:26:09Z</time><speed>3.331</speed><sat>18</sat></trkpt>
  <trkpt lat="26.42273333" lon="-80.15855000"><ele>12.080</ele><time>2026-07-18T18:26:10Z</time><speed>3.353</speed><sat>18</sat></trkpt>
  <trkpt lat="26.42273167" lon="-80.15851667"><ele>12.780</ele><time>2026-07-18T18:26:11Z</time><speed>3.389</speed><sat>18</sat></trkpt>
  <trkpt lat="26.42273333" lon="-80.15848500"><ele>13.280</ele><time>2026-07-18T18:26:12Z</time><speed>3.379</speed><sat>18</sat></trkpt>
  <trkpt lat="26.42273667" lon="-80.15845333"><ele>13.281</ele><time>2026-07-18T18:26:13Z</time><speed>3.389</speed><sat>18</sat></trkpt>
  <trkpt lat="26.42274167" lon="-80.15842167"><ele>13.281</ele><time>2026-07-18T18:26:14Z</time><speed>3.419</speed><sat>18</sat></trkpt>
  <trkpt lat="26.42274500" lon="-80.15838833"><ele>13.281</ele><time>2026-07-18T18:26:15Z</time><speed>3.432</speed><sat>18</sat></trkpt>
  <trkpt lat="26.42274500" lon="-80.15835500"><ele>13.081</ele><time>2026-07-18T18:26:16Z</time><speed>3.430</speed><sat>18</sat></trkpt>
  <trkpt lat="26.42274167" lon="-80.15832000"><ele>12.681</ele><time>2026-07-18T18:26:17Z</time><speed>3.451</speed><sat>18</sat></trkpt>
  <trkpt lat="26.42274000" lon="-80.15828167"><ele>12.181</ele><time>2026-07-18T18:26:18Z</time><speed>3.475</speed><sat>18</sat></trkpt>
  <trkpt lat="26.42274167" lon="-80.15824667"><ele>11.681</ele><time>2026-07-18T18:26:19Z</time><speed>3.475</speed><sat>18</sat></trkpt>
  <trkpt lat="26.42274667" lon="-80.15821333"><ele>11.482</ele><time>2026-07-18T18:26:20Z</time><speed>3.495</speed><sat>18</sat></trkpt>
  <trkpt lat="26.42275500" lon="-80.15817500"><ele>11.582</ele><time>2026-07-18T18:26:21Z</time><speed>3.515</speed><sat>18</sat></trkpt>
  <trkpt lat="26.42276000" lon="-80.15813833"><ele>11.182</ele><time>2026-07-18T18:26:22Z</time><speed>3.561</speed><sat>18</sat></trkpt>
  <trkpt lat="26.42276500" lon="-80.15809833"><ele>11.282</ele><time>2026-07-18T18:26:23Z</time><speed>3.578</speed><sat>18</sat></trkpt>
  <trkpt lat="26.42276667" lon="-80.15806167"><ele>10.882</ele><time>2026-07-18T18:26:24Z</time><speed>3.565</speed><sat>18</sat></trkpt>
  <trkpt lat="26.42276500" lon="-80.15803167"><ele>10.182</ele><time>2026-07-18T18:26:25Z</time><speed>3.575</speed><sat>18</sat></trkpt>
  <trkpt lat="26.42276500" lon="-80.15799333"><ele>10.282</ele><time>2026-07-18T18:26:26Z</time><speed>3.572</speed><sat>18</sat></trkpt>
  <trkpt lat="26.42275833" lon="-80.15795833"><ele>10.383</ele><time>2026-07-18T18:26:27Z</time><speed>3.587</speed><sat>18</sat></trkpt>
  <trkpt lat="26.42275667" lon="-80.15791833"><ele>11.483</ele><time>2026-07-18T18:26:28Z</time><speed>3.609</speed><sat>18</sat></trkpt>
  <trkpt lat="26.42276000" lon="-80.15788167"><ele>11.483</ele><time>2026-07-18T18:26:29Z</time><speed>3.631</speed><sat>18</sat></trkpt>
  <trkpt lat="26.42276333" lon="-80.15784333"><ele>12.083</ele><time>2026-07-18T18:26:30Z</time><speed>3.640</speed><sat>18</sat></trkpt>
  <trkpt lat="26.42276333" lon="-80.15780667"><ele>11.683</ele><time>2026-07-18T18:26:31Z</time><speed>3.649</speed><sat>18</sat></trkpt>
  <trkpt lat="26.42276667" lon="-80.15776667"><ele>11.583</ele><time>2026-07-18T18:26:32Z</time><speed>3.646</speed><sat>18</sat></trkpt>
  <trkpt lat="26.42276833" lon="-80.15773000"><ele>10.884</ele><time>2026-07-18T18:26:33Z</time><speed>3.645</speed><sat>18</sat></trkpt>
  <trkpt lat="26.42277167" lon="-80.15769500"><ele>10.184</ele><time>2026-07-18T18:26:34Z</time><speed>3.653</speed><sat>18</sat></trkpt>
  <trkpt lat="26.42277667" lon="-80.15765833"><ele>9.784</ele><time>2026-07-18T18:26:35Z</time><speed>3.658</speed><sat>18</sat></trkpt>
  <trkpt lat="26.42278167" lon="-80.15762167"><ele>9.384</ele><time>2026-07-18T18:26:36Z</time><speed>3.637</speed><sat>18</sat></trkpt>
  <trkpt lat="26.42278833" lon="-80.15758667"><ele>9.484</ele><time>2026-07-18T18:26:37Z</time><speed>3.624</speed><sat>18</sat></trkpt>
  <trkpt lat="26.42279500" lon="-80.15754833"><ele>9.384</ele><time>2026-07-18T18:26:38Z</time><speed>3.620</speed><sat>18</sat></trkpt>
  <trkpt lat="26.42280500" lon="-80.15750833"><ele>9.484</ele><time>2026-07-18T18:26:39Z</time><speed>3.606</speed><sat>18</sat></trkpt>
  <trkpt lat="26.42281500" lon="-80.15746833"><ele>9.885</ele><time>2026-07-18T18:26:40Z</time><speed>3.567</speed><sat>18</sat></trkpt>
  <trkpt lat="26.42282333" lon="-80.15743167"><ele>9.985</ele><time>2026-07-18T18:26:41Z</time><speed>3.519</speed><sat>18</sat></trkpt>
  <trkpt lat="26.42283000" lon="-80.15740000"><ele>9.785</ele><time>2026-07-18T18:26:42Z</time><speed>3.499</speed><sat>18</sat></trkpt>
  <trkpt lat="26.42283500" lon="-80.15736167"><ele>9.985</ele><time>2026-07-18T18:26:43Z</time><speed>3.470</speed><sat>18</sat></trkpt>
  <trkpt lat="26.42283833" lon="-80.15732667"><ele>10.185</ele><time>2026-07-18T18:26:44Z</time><speed>3.464</speed><sat>18</sat></trkpt>
  <trkpt lat="26.42284667" lon="-80.15729000"><ele>10.285</ele><time>2026-07-18T18:26:45Z</time><speed>3.460</speed><sat>18</sat></trkpt>
  <trkpt lat="26.42285333" lon="-80.15725167"><ele>10.386</ele><time>2026-07-18T18:26:46Z</time><speed>3.484</speed><sat>18</sat></trkpt>
  <trkpt lat="26.42285667" lon="-80.15721167"><ele>10.886</ele><time>2026-07-18T18:26:47Z</time><speed>3.492</speed><sat>18</sat></trkpt>
  <trkpt lat="26.42286333" lon="-80.15717667"><ele>10.786</ele><time>2026-07-18T18:26:48Z</time><speed>3.455</speed><sat>18</sat></trkpt>
  <trkpt lat="26.42286667" lon="-80.15714167"><ele>10.886</ele><time>2026-07-18T18:26:49Z</time><speed>3.458</speed><sat>18</sat></trkpt>
  <trkpt lat="26.42287500" lon="-80.15710500"><ele>10.786</ele><time>2026-07-18T18:26:50Z</time><speed>3.488</speed><sat>18</sat></trkpt>
  <trkpt lat="26.42287833" lon="-80.15707333"><ele>10.486</ele><time>2026-07-18T18:26:51Z</time><speed>3.520</speed><sat>18</sat></trkpt>
  <trkpt lat="26.42288500" lon="-80.15703500"><ele>11.086</ele><time>2026-07-18T18:26:52Z</time><speed>3.529</speed><sat>18</sat></trkpt>
  <trkpt lat="26.42289000" lon="-80.15700167"><ele>10.887</ele><time>2026-07-18T18:26:53Z</time><speed>3.553</speed><sat>18</sat></trkpt>
  <trkpt lat="26.42289167" lon="-80.15696833"><ele>10.787</ele><time>2026-07-18T18:26:54Z</time><speed>3.560</speed><sat>17</sat></trkpt>
  <trkpt lat="26.42289500" lon="-80.15693500"><ele>10.187</ele><time>2026-07-18T18:26:55Z</time><speed>3.560</speed><sat>17</sat></trkpt>
  <trkpt lat="26.42290000" lon="-80.15690000"><ele>10.087</ele><time>2026-07-18T18:26:56Z</time><speed>3.526</speed><sat>18</sat></trkpt>
  <trkpt lat="26.42290333" lon="-80.15686667"><ele>9.987</ele><time>2026-07-18T18:26:57Z</time><speed>3.504</speed><sat>17</sat></trkpt>
  <trkpt lat="26.42291167" lon="-80.15683167"><ele>10.787</ele><time>2026-07-18T18:26:58Z</time><speed>3.505</speed><sat>18</sat></trkpt>
  <trkpt lat="26.42291833" lon="-80.15679500"><ele>11.187</ele><time>2026-07-18T18:26:59Z</time><speed>3.491</speed><sat>18</sat></trkpt>
  <trkpt lat="26.42292333" lon="-80.15676000"><ele>11.288</ele><time>2026-07-18T18:27:00Z</time><speed>3.488</speed><sat>18</sat></trkpt>
  <trkpt lat="26.42293167" lon="-80.15672333"><ele>11.888</ele><time>2026-07-18T18:27:01Z</time><speed>3.502</speed><sat>18</sat></trkpt>
  <trkpt lat="26.42293500" lon="-80.15668667"><ele>12.088</ele><time>2026-07-18T18:27:02Z</time><speed>3.497</speed><sat>18</sat></trkpt>
  <trkpt lat="26.42294000" lon="-80.15665167"><ele>12.488</ele><time>2026-07-18T18:27:03Z</time><speed>3.492</speed><sat>18</sat></trkpt>
  <trkpt lat="26.42294667" lon="-80.15661833"><ele>13.188</ele><time>2026-07-18T18:27:04Z</time><speed>3.474</speed><sat>18</sat></trkpt>
  <trkpt lat="26.42295333" lon="-80.15658667"><ele>13.788</ele><time>2026-07-18T18:27:05Z</time><speed>3.484</speed><sat>18</sat></trkpt>
  <trkpt lat="26.42295000" lon="-80.15656500"><ele>13.688</ele><time>2026-07-18T18:27:06Z</time><speed>3.502</speed><sat>18</sat></trkpt>
  <trkpt lat="26.42295667" lon="-80.15652833"><ele>14.089</ele><time>2026-07-18T18:27:07Z</time><speed>3.523</speed><sat>18</sat></trkpt>
  <trkpt lat="26.42295833" lon="-80.15649333"><ele>14.189</ele><time>2026-07-18T18:27:08Z</time><speed>3.537</speed><sat>18</sat></trkpt>
  <trkpt lat="26.42295667" lon="-80.15646167"><ele>14.189</ele><time>2026-07-18T18:27:09Z</time><speed>3.562</speed><sat>18</sat></trkpt>
  <trkpt lat="26.42295333" lon="-80.15642333"><ele>13.589</ele><time>2026-07-18T18:27:10Z</time><speed>3.577</speed><sat>18</sat></trkpt>
  <trkpt lat="26.42295667" lon="-80.15638000"><ele>13.589</ele><time>2026-07-18T18:27:11Z</time><speed>3.577</speed><sat>18</sat></trkpt>
  <trkpt lat="26.42295667" lon="-80.15634000"><ele>13.589</ele><time>2026-07-18T18:27:12Z</time><speed>3.610</speed><sat>18</sat></trkpt>
  <trkpt lat="26.42295833" lon="-80.15630167"><ele>13.490</ele><time>2026-07-18T18:27:13Z</time><speed>3.630</speed><sat>18</sat></trkpt>
  <trkpt lat="26.42295833" lon="-80.15626167"><ele>13.390</ele><time>2026-07-18T18:27:14Z</time><speed>3.662</speed><sat>18</sat></trkpt>
  <trkpt lat="26.42295833" lon="-80.15622667"><ele>13.390</ele><time>2026-07-18T18:27:15Z</time><speed>3.666</speed><sat>18</sat></trkpt>
  <trkpt lat="26.42295667" lon="-80.15619167"><ele>13.190</ele><time>2026-07-18T18:27:16Z</time><speed>3.684</speed><sat>18</sat></trkpt>
  <trkpt lat="26.42295333" lon="-80.15615333"><ele>12.990</ele><time>2026-07-18T18:27:17Z</time><speed>3.659</speed><sat>18</sat></trkpt>
  <trkpt lat="26.42295000" lon="-80.15612167"><ele>13.090</ele><time>2026-07-18T18:27:18Z</time><speed>3.613</speed><sat>18</sat></trkpt>
  <trkpt lat="26.42294500" lon="-80.15609000"><ele>13.790</ele><time>2026-07-18T18:27:19Z</time><speed>3.545</speed><sat>18</sat></trkpt>
  <trkpt lat="26.42295000" lon="-80.15605333"><ele>13.991</ele><time>2026-07-18T18:27:20Z</time><speed>3.516</speed><sat>18</sat></trkpt>
  <trkpt lat="26.42295167" lon="-80.15600333"><ele>13.191</ele><time>2026-07-18T18:27:21Z</time><speed>3.501</speed><sat>18</sat></trkpt>
  <trkpt lat="26.42295333" lon="-80.15596667"><ele>13.291</ele><time>2026-07-18T18:27:22Z</time><speed>3.471</speed><sat>18</sat></trkpt>
  <trkpt lat="26.42295167" lon="-80.15592833"><ele>13.291</ele><time>2026-07-18T18:27:23Z</time><speed>3.443</speed><sat>18</sat></trkpt>
  <trkpt lat="26.42294500" lon="-80.15588833"><ele>13.191</ele><time>2026-07-18T18:27:24Z</time><speed>3.449</speed><sat>18</sat></trkpt>
  <trkpt lat="26.42294333" lon="-80.15585167"><ele>13.191</ele><time>2026-07-18T18:27:25Z</time><speed>3.442</speed><sat>18</sat></trkpt>
  <trkpt lat="26.42294167" lon="-80.15581667"><ele>13.292</ele><time>2026-07-18T18:27:26Z</time><speed>3.423</speed><sat>18</sat></trkpt>
  <trkpt lat="26.42293833" lon="-80.15578333"><ele>13.492</ele><time>2026-07-18T18:27:27Z</time><speed>3.423</speed><sat>18</sat></trkpt>
  <trkpt lat="26.42293833" lon="-80.15574833"><ele>13.892</ele><time>2026-07-18T18:27:28Z</time><speed>3.462</speed><sat>18</sat></trkpt>
  <trkpt lat="26.42293333" lon="-80.15571167"><ele>13.792</ele><time>2026-07-18T18:27:29Z</time><speed>3.522</speed><sat>18</sat></trkpt>
  <trkpt lat="26.42292500" lon="-80.15567333"><ele>13.092</ele><time>2026-07-18T18:27:30Z</time><speed>3.530</speed><sat>18</sat></trkpt>
  <trkpt lat="26.42291833" lon="-80.15564000"><ele>12.592</ele><time>2026-07-18T18:27:31Z</time><speed>3.528</speed><sat>18</sat></trkpt>
  <trkpt lat="26.42290833" lon="-80.15560333"><ele>12.092</ele><time>2026-07-18T18:27:32Z</time><speed>3.524</speed><sat>18</sat></trkpt>
  <trkpt lat="26.42290000" lon="-80.15556500"><ele>11.993</ele><time>2026-07-18T18:27:33Z</time><speed>3.541</speed><sat>18</sat></trkpt>
  <trkpt lat="26.42289500" lon="-80.15552833"><ele>11.593</ele><time>2026-07-18T18:27:34Z</time><speed>3.533</speed><sat>18</sat></trkpt>
  <trkpt lat="26.42289000" lon="-80.15549000"><ele>11.593</ele><time>2026-07-18T18:27:35Z</time><speed>3.539</speed><sat>18</sat></trkpt>
  <trkpt lat="26.42288333" lon="-80.15545333"><ele>11.493</ele><time>2026-07-18T18:27:36Z</time><speed>3.546</speed><sat>18</sat></trkpt>
  <trkpt lat="26.42287333" lon="-80.15541667"><ele>11.193</ele><time>2026-07-18T18:27:37Z</time><speed>3.569</speed><sat>18</sat></trkpt>
  <trkpt lat="26.42286667" lon="-80.15538167"><ele>11.093</ele><time>2026-07-18T18:27:38Z</time><speed>3.568</speed><sat>18</sat></trkpt>
  <trkpt lat="26.42285833" lon="-80.15534667"><ele>10.893</ele><time>2026-07-18T18:27:39Z</time><speed>3.562</speed><sat>18</sat></trkpt>
  <trkpt lat="26.42285167" lon="-80.15530833"><ele>11.194</ele><time>2026-07-18T18:27:40Z</time><speed>3.559</speed><sat>18</sat></trkpt>
  <trkpt lat="26.42284500" lon="-80.15527000"><ele>11.294</ele><time>2026-07-18T18:27:41Z</time><speed>3.559</speed><sat>18</sat></trkpt>
  <trkpt lat="26.42283833" lon="-80.15523167"><ele>11.294</ele><time>2026-07-18T18:27:42Z</time><speed>3.563</speed><sat>18</sat></trkpt>
  <trkpt lat="26.42283333" lon="-80.15519500"><ele>11.594</ele><time>2026-07-18T18:27:43Z</time><speed>3.554</speed><sat>18</sat></trkpt>
  <trkpt lat="26.42283167" lon="-80.15515500"><ele>12.294</ele><time>2026-07-18T18:27:44Z</time><speed>3.553</speed><sat>18</sat></trkpt>
  <trkpt lat="26.42282833" lon="-80.15511833"><ele>12.794</ele><time>2026-07-18T18:27:45Z</time><speed>3.542</speed><sat>18</sat></trkpt>
  <trkpt lat="26.42282333" lon="-80.15508000"><ele>13.294</ele><time>2026-07-18T18:27:46Z</time><speed>3.541</speed><sat>18</sat></trkpt>
  <trkpt lat="26.42281667" lon="-80.15504500"><ele>13.395</ele><time>2026-07-18T18:27:47Z</time><speed>3.536</speed><sat>18</sat></trkpt>
  <trkpt lat="26.42281167" lon="-80.15501167"><ele>12.795</ele><time>2026-07-18T18:27:48Z</time><speed>3.541</speed><sat>18</sat></trkpt>
  <trkpt lat="26.42280833" lon="-80.15497667"><ele>13.095</ele><time>2026-07-18T18:27:49Z</time><speed>3.528</speed><sat>18</sat></trkpt>
  <trkpt lat="26.42280167" lon="-80.15494000"><ele>13.095</ele><time>2026-07-18T18:27:50Z</time><speed>3.529</speed><sat>18</sat></trkpt>
  <trkpt lat="26.42279833" lon="-80.15490500"><ele>13.395</ele><time>2026-07-18T18:27:51Z</time><speed>3.510</speed><sat>18</sat></trkpt>
  <trkpt lat="26.42279333" lon="-80.15487167"><ele>13.195</ele><time>2026-07-18T18:27:52Z</time><speed>3.482</speed><sat>18</sat></trkpt>
  <trkpt lat="26.42278667" lon="-80.15483667"><ele>13.295</ele><time>2026-07-18T18:27:53Z</time><speed>3.473</speed><sat>18</sat></trkpt>
  <trkpt lat="26.42278333" lon="-80.15480167"><ele>13.696</ele><time>2026-07-18T18:27:54Z</time><speed>3.468</speed><sat>18</sat></trkpt>
  <trkpt lat="26.42277667" lon="-80.15476833"><ele>13.996</ele><time>2026-07-18T18:27:55Z</time><speed>3.463</speed><sat>18</sat></trkpt>
  <trkpt lat="26.42277167" lon="-80.15473167"><ele>14.196</ele><time>2026-07-18T18:27:56Z</time><speed>3.455</speed><sat>18</sat></trkpt>
  <trkpt lat="26.42276333" lon="-80.15469833"><ele>14.196</ele><time>2026-07-18T18:27:57Z</time><speed>3.453</speed><sat>18</sat></trkpt>
  <trkpt lat="26.42275833" lon="-80.15466167"><ele>14.196</ele><time>2026-07-18T18:27:58Z</time><speed>3.449</speed><sat>18</sat></trkpt>
  <trkpt lat="26.42275167" lon="-80.15462500"><ele>14.196</ele><time>2026-07-18T18:27:59Z</time><speed>3.435</speed><sat>18</sat></trkpt>
  <trkpt lat="26.42274500" lon="-80.15459167"><ele>14.196</ele><time>2026-07-18T18:28:00Z</time><speed>3.394</speed><sat>18</sat></trkpt>
  <trkpt lat="26.42274167" lon="-80.15455833"><ele>13.897</ele><time>2026-07-18T18:28:01Z</time><speed>3.415</speed><sat>18</sat></trkpt>
  <trkpt lat="26.42273833" lon="-80.15452167"><ele>13.597</ele><time>2026-07-18T18:28:02Z</time><speed>3.440</speed><sat>18</sat></trkpt>
  <trkpt lat="26.42273833" lon="-80.15448667"><ele>13.297</ele><time>2026-07-18T18:28:03Z</time><speed>3.453</speed><sat>18</sat></trkpt>
  <trkpt lat="26.42273833" lon="-80.15444833"><ele>13.297</ele><time>2026-07-18T18:28:04Z</time><speed>3.475</speed><sat>18</sat></trkpt>
  <trkpt lat="26.42273667" lon="-80.15441167"><ele>13.497</ele><time>2026-07-18T18:28:05Z</time><speed>3.480</speed><sat>18</sat></trkpt>
  <trkpt lat="26.42273500" lon="-80.15437833"><ele>13.297</ele><time>2026-07-18T18:28:06Z</time><speed>3.506</speed><sat>18</sat></trkpt>
  <trkpt lat="26.42273167" lon="-80.15434500"><ele>12.897</ele><time>2026-07-18T18:28:07Z</time><speed>3.519</speed><sat>18</sat></trkpt>
  <trkpt lat="26.42272833" lon="-80.15431000"><ele>12.498</ele><time>2026-07-18T18:28:08Z</time><speed>3.512</speed><sat>18</sat></trkpt>
  <trkpt lat="26.42272333" lon="-80.15427833"><ele>11.698</ele><time>2026-07-18T18:28:09Z</time><speed>3.528</speed><sat>18</sat></trkpt>
  <trkpt lat="26.42272167" lon="-80.15424667"><ele>11.498</ele><time>2026-07-18T18:28:10Z</time><speed>3.558</speed><sat>18</sat></trkpt>
  <trkpt lat="26.42272333" lon="-80.15420833"><ele>11.498</ele><time>2026-07-18T18:28:11Z</time><speed>3.557</speed><sat>18</sat></trkpt>
  <trkpt lat="26.42272333" lon="-80.15417000"><ele>11.298</ele><time>2026-07-18T18:28:12Z</time><speed>3.543</speed><sat>18</sat></trkpt>
  <trkpt lat="26.42272333" lon="-80.15413333"><ele>10.798</ele><time>2026-07-18T18:28:13Z</time><speed>3.510</speed><sat>18</sat></trkpt>
  <trkpt lat="26.42272000" lon="-80.15409167"><ele>10.898</ele><time>2026-07-18T18:28:14Z</time><speed>3.490</speed><sat>18</sat></trkpt>
  <trkpt lat="26.42271833" lon="-80.15404667"><ele>11.199</ele><time>2026-07-18T18:28:15Z</time><speed>3.501</speed><sat>18</sat></trkpt>
  <trkpt lat="26.42271667" lon="-80.15400500"><ele>11.199</ele><time>2026-07-18T18:28:16Z</time><speed>3.476</speed><sat>18</sat></trkpt>
  <trkpt lat="26.42271667" lon="-80.15396833"><ele>11.199</ele><time>2026-07-18T18:28:17Z</time><speed>3.472</speed><sat>18</sat></trkpt>
  <trkpt lat="26.42271667" lon="-80.15393000"><ele>11.099</ele><time>2026-07-18T18:28:18Z</time><speed>3.487</speed><sat>18</sat></trkpt>
  <trkpt lat="26.42271500" lon="-80.15389333"><ele>10.699</ele><time>2026-07-18T18:28:19Z</time><speed>3.495</speed><sat>18</sat></trkpt>
  <trkpt lat="26.42271500" lon="-80.15386000"><ele>10.099</ele><time>2026-07-18T18:28:20Z</time><speed>3.521</speed><sat>18</sat></trkpt>
  <trkpt lat="26.42271667" lon="-80.15382500"><ele>9.800</ele><time>2026-07-18T18:28:21Z</time><speed>3.515</speed><sat>18</sat></trkpt>
  <trkpt lat="26.42271667" lon="-80.15378833"><ele>9.700</ele><time>2026-07-18T18:28:22Z</time><speed>3.523</speed><sat>18</sat></trkpt>
  <trkpt lat="26.42271667" lon="-80.15375333"><ele>9.500</ele><time>2026-07-18T18:28:23Z</time><speed>3.562</speed><sat>18</sat></trkpt>
  <trkpt lat="26.42272000" lon="-80.15371333"><ele>9.600</ele><time>2026-07-18T18:28:24Z</time><speed>3.541</speed><sat>18</sat></trkpt>
  <trkpt lat="26.42272000" lon="-80.15367667"><ele>10.100</ele><time>2026-07-18T18:28:25Z</time><speed>3.521</speed><sat>18</sat></trkpt>
  <trkpt lat="26.42272167" lon="-80.15364167"><ele>9.900</ele><time>2026-07-18T18:28:26Z</time><speed>3.535</speed><sat>18</sat></trkpt>
  <trkpt lat="26.42272333" lon="-80.15361000"><ele>9.600</ele><time>2026-07-18T18:28:27Z</time><speed>3.516</speed><sat>18</sat></trkpt>
  <trkpt lat="26.42273000" lon="-80.15357167"><ele>9.401</ele><time>2026-07-18T18:28:28Z</time><speed>3.482</speed><sat>18</sat></trkpt>
  <trkpt lat="26.42273667" lon="-80.15354333"><ele>9.201</ele><time>2026-07-18T18:28:29Z</time><speed>3.414</speed><sat>18</sat></trkpt>
  <trkpt lat="26.42273833" lon="-80.15351333"><ele>9.201</ele><time>2026-07-18T18:28:30Z</time><speed>3.262</speed><sat>18</sat></trkpt>
  <trkpt lat="26.42274000" lon="-80.15349000"><ele>9.001</ele><time>2026-07-18T18:28:31Z</time><speed>3.125</speed><sat>18</sat></trkpt>
  <trkpt lat="26.42273500" lon="-80.15346833"><ele>8.901</ele><time>2026-07-18T18:28:32Z</time><speed>2.951</speed><sat>18</sat></trkpt>
  <trkpt lat="26.42273167" lon="-80.15345167"><ele>8.801</ele><time>2026-07-18T18:28:33Z</time><speed>2.753</speed><sat>18</sat></trkpt>
  <trkpt lat="26.42273333" lon="-80.15343667"><ele>8.801</ele><time>2026-07-18T18:28:34Z</time><speed>2.584</speed><sat>18</sat></trkpt>
  <trkpt lat="26.42273000" lon="-80.15341667"><ele>8.701</ele><time>2026-07-18T18:28:35Z</time><speed>2.414</speed><sat>18</sat></trkpt>
  <trkpt lat="26.42272833" lon="-80.15339833"><ele>8.501</ele><time>2026-07-18T18:28:36Z</time><speed>2.244</speed><sat>18</sat></trkpt>
  <trkpt lat="26.42272667" lon="-80.15338167"><ele>8.401</ele><time>2026-07-18T18:28:37Z</time><speed>2.075</speed><sat>18</sat></trkpt>
  <trkpt lat="26.42272667" lon="-80.15336333"><ele>8.701</ele><time>2026-07-18T18:28:38Z</time><speed>1.943</speed><sat>18</sat></trkpt>
  <trkpt lat="26.42272167" lon="-80.15334000"><ele>8.802</ele><time>2026-07-18T18:28:39Z</time><speed>1.854</speed><sat>18</sat></trkpt>
  <trkpt lat="26.42271833" lon="-80.15332167"><ele>9.202</ele><time>2026-07-18T18:28:40Z</time><speed>1.847</speed><sat>18</sat></trkpt>
  <trkpt lat="26.42271333" lon="-80.15330167"><ele>9.802</ele><time>2026-07-18T18:28:41Z</time><speed>1.816</speed><sat>18</sat></trkpt>
  <trkpt lat="26.42271500" lon="-80.15328167"><ele>9.902</ele><time>2026-07-18T18:28:42Z</time><speed>1.839</speed><sat>18</sat></trkpt>
  <trkpt lat="26.42272167" lon="-80.15326333"><ele>10.702</ele><time>2026-07-18T18:28:43Z</time><speed>1.846</speed><sat>18</sat></trkpt>
  <trkpt lat="26.42272833" lon="-80.15324833"><ele>10.802</ele><time>2026-07-18T18:28:44Z</time><speed>1.819</speed><sat>18</sat></trkpt>
  <trkpt lat="26.42273667" lon="-80.15323500"><ele>11.002</ele><time>2026-07-18T18:28:45Z</time><speed>1.772</speed><sat>18</sat></trkpt>
  <trkpt lat="26.42275000" lon="-80.15323000"><ele>10.602</ele><time>2026-07-18T18:28:46Z</time><speed>1.754</speed><sat>18</sat></trkpt>
  <trkpt lat="26.42276667" lon="-80.15322333"><ele>10.402</ele><time>2026-07-18T18:28:47Z</time><speed>1.788</speed><sat>18</sat></trkpt>
  <trkpt lat="26.42278500" lon="-80.15322333"><ele>10.102</ele><time>2026-07-18T18:28:48Z</time><speed>1.717</speed><sat>18</sat></trkpt>
  <trkpt lat="26.42279667" lon="-80.15322500"><ele>10.002</ele><time>2026-07-18T18:28:49Z</time><speed>1.596</speed><sat>18</sat></trkpt>
  <trkpt lat="26.42280500" lon="-80.15322333"><ele>10.402</ele><time>2026-07-18T18:28:50Z</time><speed>1.449</speed><sat>18</sat></trkpt>
  <trkpt lat="26.42281667" lon="-80.15322500"><ele>10.702</ele><time>2026-07-18T18:28:51Z</time><speed>1.405</speed><sat>18</sat></trkpt>
  <trkpt lat="26.42283667" lon="-80.15322833"><ele>11.202</ele><time>2026-07-18T18:28:52Z</time><speed>1.372</speed><sat>18</sat></trkpt>
  <trkpt lat="26.42285333" lon="-80.15323333"><ele>11.402</ele><time>2026-07-18T18:28:53Z</time><speed>1.386</speed><sat>18</sat></trkpt>
  <trkpt lat="26.42286833" lon="-80.15323333"><ele>11.302</ele><time>2026-07-18T18:28:54Z</time><speed>1.456</speed><sat>17</sat></trkpt>
  <trkpt lat="26.42288833" lon="-80.15323167"><ele>11.602</ele><time>2026-07-18T18:28:55Z</time><speed>1.534</speed><sat>18</sat></trkpt>
  <trkpt lat="26.42290667" lon="-80.15322833"><ele>11.802</ele><time>2026-07-18T18:28:56Z</time><speed>1.581</speed><sat>18</sat></trkpt>
  <trkpt lat="26.42292500" lon="-80.15322167"><ele>12.002</ele><time>2026-07-18T18:28:57Z</time><speed>1.573</speed><sat>18</sat></trkpt>
  <trkpt lat="26.42294333" lon="-80.15321833"><ele>11.902</ele><time>2026-07-18T18:28:58Z</time><speed>1.672</speed><sat>18</sat></trkpt>
  <trkpt lat="26.42296333" lon="-80.15322000"><ele>11.602</ele><time>2026-07-18T18:28:59Z</time><speed>1.819</speed><sat>18</sat></trkpt>
  <trkpt lat="26.42298333" lon="-80.15322167"><ele>11.702</ele><time>2026-07-18T18:29:00Z</time><speed>1.986</speed><sat>18</sat></trkpt>
  <trkpt lat="26.42300667" lon="-80.15322333"><ele>11.402</ele><time>2026-07-18T18:29:01Z</time><speed>2.085</speed><sat>18</sat></trkpt>
  <trkpt lat="26.42302833" lon="-80.15322333"><ele>11.102</ele><time>2026-07-18T18:29:02Z</time><speed>2.164</speed><sat>16</sat></trkpt>
  <trkpt lat="26.42304833" lon="-80.15321667"><ele>10.902</ele><time>2026-07-18T18:29:03Z</time><speed>2.192</speed><sat>17</sat></trkpt>
  <trkpt lat="26.42306500" lon="-80.15321000"><ele>10.702</ele><time>2026-07-18T18:29:04Z</time><speed>2.176</speed><sat>16</sat></trkpt>
  <trkpt lat="26.42308167" lon="-80.15320500"><ele>10.402</ele><time>2026-07-18T18:29:05Z</time><speed>2.194</speed><sat>18</sat></trkpt>
  <trkpt lat="26.42309833" lon="-80.15320333"><ele>10.202</ele><time>2026-07-18T18:29:06Z</time><speed>2.169</speed><sat>18</sat></trkpt>
  <trkpt lat="26.42311000" lon="-80.15319667"><ele>10.102</ele><time>2026-07-18T18:29:07Z</time><speed>2.162</speed><sat>18</sat></trkpt>
  <trkpt lat="26.42312333" lon="-80.15319667"><ele>10.002</ele><time>2026-07-18T18:29:08Z</time><speed>2.131</speed><sat>18</sat></trkpt>
  <trkpt lat="26.42314500" lon="-80.15321000"><ele>10.002</ele><time>2026-07-18T18:29:09Z</time><speed>2.158</speed><sat>18</sat></trkpt>
  <trkpt lat="26.42316167" lon="-80.15320667"><ele>10.902</ele><time>2026-07-18T18:29:10Z</time><speed>2.161</speed><sat>18</sat></trkpt>
  <trkpt lat="26.42318667" lon="-80.15320833"><ele>11.402</ele><time>2026-07-18T18:29:11Z</time><speed>2.112</speed><sat>16</sat></trkpt>
  <trkpt lat="26.42320667" lon="-80.15320000"><ele>11.302</ele><time>2026-07-18T18:29:12Z</time><speed>2.099</speed><sat>14</sat></trkpt>
  <trkpt lat="26.42322667" lon="-80.15318667"><ele>11.503</ele><time>2026-07-18T18:29:13Z</time><speed>2.123</speed><sat>15</sat></trkpt>
  <trkpt lat="26.42325000" lon="-80.15317833"><ele>11.903</ele><time>2026-07-18T18:29:14Z</time><speed>2.110</speed><sat>14</sat></trkpt>
  <trkpt lat="26.42326000" lon="-80.15316833"><ele>11.903</ele><time>2026-07-18T18:29:15Z</time><speed>2.058</speed><sat>14</sat></trkpt>
  <trkpt lat="26.42326833" lon="-80.15315333"><ele>12.103</ele><time>2026-07-18T18:29:16Z</time><speed>2.054</speed><sat>15</sat></trkpt>
  <trkpt lat="26.42327333" lon="-80.15313500"><ele>12.003</ele><time>2026-07-18T18:29:17Z</time><speed>2.049</speed><sat>15</sat></trkpt>
  <trkpt lat="26.42328000" lon="-80.15311667"><ele>12.003</ele><time>2026-07-18T18:29:18Z</time><speed>2.049</speed><sat>11</sat></trkpt>
  <trkpt lat="26.42328833" lon="-80.15309833"><ele>12.703</ele><time>2026-07-18T18:29:19Z</time><speed>2.015</speed><sat>13</sat></trkpt>
  <trkpt lat="26.42329333" lon="-80.15307833"><ele>12.703</ele><time>2026-07-18T18:29:20Z</time><speed>1.999</speed><sat>15</sat></trkpt>
  <trkpt lat="26.42330333" lon="-80.15306000"><ele>12.903</ele><time>2026-07-18T18:29:21Z</time><speed>2.022</speed><sat>14</sat></trkpt>
  <trkpt lat="26.42331667" lon="-80.15304000"><ele>13.203</ele><time>2026-07-18T18:29:22Z</time><speed>2.023</speed><sat>14</sat></trkpt>
  <trkpt lat="26.42333333" lon="-80.15302000"><ele>13.703</ele><time>2026-07-18T18:29:23Z</time><speed>2.007</speed><sat>14</sat></trkpt>
  <trkpt lat="26.42334500" lon="-80.15300333"><ele>13.603</ele><time>2026-07-18T18:29:24Z</time><speed>2.022</speed><sat>14</sat></trkpt>
  <trkpt lat="26.42335833" lon="-80.15298833"><ele>13.503</ele><time>2026-07-18T18:29:25Z</time><speed>2.031</speed><sat>14</sat></trkpt>
  <trkpt lat="26.42336833" lon="-80.15297500"><ele>13.603</ele><time>2026-07-18T18:29:26Z</time><speed>2.005</speed><sat>14</sat></trkpt>
  <trkpt lat="26.42338000" lon="-80.15296333"><ele>13.604</ele><time>2026-07-18T18:29:27Z</time><speed>2.001</speed><sat>14</sat></trkpt>
  <trkpt lat="26.42339333" lon="-80.15295000"><ele>13.304</ele><time>2026-07-18T18:29:28Z</time><speed>2.021</speed><sat>14</sat></trkpt>
  <trkpt lat="26.42340000" lon="-80.15293667"><ele>12.704</ele><time>2026-07-18T18:29:29Z</time><speed>1.990</speed><sat>16</sat></trkpt>
  <trkpt lat="26.42341000" lon="-80.15292167"><ele>12.804</ele><time>2026-07-18T18:29:30Z</time><speed>1.972</speed><sat>15</sat></trkpt>
  <trkpt lat="26.42341833" lon="-80.15290500"><ele>12.504</ele><time>2026-07-18T18:29:31Z</time><speed>1.974</speed><sat>16</sat></trkpt>
  <trkpt lat="26.42343167" lon="-80.15289167"><ele>12.904</ele><time>2026-07-18T18:29:32Z</time><speed>1.932</speed><sat>16</sat></trkpt>
  <trkpt lat="26.42344500" lon="-80.15287500"><ele>13.304</ele><time>2026-07-18T18:29:33Z</time><speed>1.931</speed><sat>16</sat></trkpt>
  <trkpt lat="26.42345667" lon="-80.15285667"><ele>13.504</ele><time>2026-07-18T18:29:34Z</time><speed>1.949</speed><sat>15</sat></trkpt>
  <trkpt lat="26.42347000" lon="-80.15283667"><ele>14.104</ele><time>2026-07-18T18:29:35Z</time><speed>1.977</speed><sat>15</sat></trkpt>
  <trkpt lat="26.42347667" lon="-80.15282333"><ele>13.504</ele><time>2026-07-18T18:29:36Z</time><speed>1.983</speed><sat>16</sat></trkpt>
  <trkpt lat="26.42348500" lon="-80.15281000"><ele>12.904</ele><time>2026-07-18T18:29:37Z</time><speed>1.968</speed><sat>16</sat></trkpt>
  <trkpt lat="26.42349500" lon="-80.15280167"><ele>12.904</ele><time>2026-07-18T18:29:38Z</time><speed>1.908</speed><sat>15</sat></trkpt>
  <trkpt lat="26.42351000" lon="-80.15279833"><ele>12.904</ele><time>2026-07-18T18:29:39Z</time><speed>1.895</speed><sat>15</sat></trkpt>
  <trkpt lat="26.42352500" lon="-80.15280167"><ele>12.704</ele><time>2026-07-18T18:29:40Z</time><speed>1.890</speed><sat>15</sat></trkpt>
  <trkpt lat="26.42353667" lon="-80.15280000"><ele>11.704</ele><time>2026-07-18T18:29:41Z</time><speed>1.864</speed><sat>17</sat></trkpt>
  <trkpt lat="26.42354333" lon="-80.15280167"><ele>11.304</ele><time>2026-07-18T18:29:42Z</time><speed>1.839</speed><sat>17</sat></trkpt>
  <trkpt lat="26.42355500" lon="-80.15280000"><ele>10.904</ele><time>2026-07-18T18:29:43Z</time><speed>1.770</speed><sat>18</sat></trkpt>
  <trkpt lat="26.42356833" lon="-80.15280000"><ele>10.504</ele><time>2026-07-18T18:29:44Z</time><speed>1.709</speed><sat>18</sat></trkpt>
  <trkpt lat="26.42358167" lon="-80.15280167"><ele>10.004</ele><time>2026-07-18T18:29:45Z</time><speed>1.642</speed><sat>18</sat></trkpt>
  <trkpt lat="26.42359167" lon="-80.15280333"><ele>9.804</ele><time>2026-07-18T18:29:46Z</time><speed>1.594</speed><sat>18</sat></trkpt>
  <trkpt lat="26.42360000" lon="-80.15280167"><ele>9.604</ele><time>2026-07-18T18:29:47Z</time><speed>1.512</speed><sat>18</sat></trkpt>
  <trkpt lat="26.42361167" lon="-80.15280000"><ele>9.204</ele><time>2026-07-18T18:29:48Z</time><speed>1.483</speed><sat>18</sat></trkpt>
  <trkpt lat="26.42362333" lon="-80.15279833"><ele>9.004</ele><time>2026-07-18T18:29:49Z</time><speed>1.410</speed><sat>17</sat></trkpt>
  <trkpt lat="26.42363167" lon="-80.15279667"><ele>8.904</ele><time>2026-07-18T18:29:50Z</time><speed>1.323</speed><sat>16</sat></trkpt>
  <trkpt lat="26.42363833" lon="-80.15279667"><ele>8.304</ele><time>2026-07-18T18:29:51Z</time><speed>1.234</speed><sat>16</sat></trkpt>
  <trkpt lat="26.42364667" lon="-80.15279667"><ele>7.904</ele><time>2026-07-18T18:29:52Z</time><speed>1.151</speed><sat>16</sat></trkpt>
  <trkpt lat="26.42365333" lon="-80.15279667"><ele>7.504</ele><time>2026-07-18T18:29:53Z</time><speed>1.095</speed><sat>15</sat></trkpt>
  <trkpt lat="26.42366000" lon="-80.15279500"><ele>7.104</ele><time>2026-07-18T18:29:54Z</time><speed>1.016</speed><sat>15</sat></trkpt>
  <trkpt lat="26.42366667" lon="-80.15279333"><ele>6.804</ele><time>2026-07-18T18:29:55Z</time><speed>0.950</speed><sat>15</sat></trkpt>
  <trkpt lat="26.42367333" lon="-80.15279333"><ele>6.704</ele><time>2026-07-18T18:29:56Z</time><speed>0.866</speed><sat>15</sat></trkpt>
  <trkpt lat="26.42367500" lon="-80.15279833"><ele>7.204</ele><time>2026-07-18T18:29:57Z</time><speed>0.816</speed><sat>14</sat></trkpt>
  <trkpt lat="26.42367500" lon="-80.15280000"><ele>7.604</ele><time>2026-07-18T18:29:58Z</time><speed>0.701</speed><sat>14</sat></trkpt>
  <trkpt lat="26.42367500" lon="-80.15280000"><ele>7.904</ele><time>2026-07-18T18:29:59Z</time><speed>0.616</speed><sat>14</sat></trkpt>
  <trkpt lat="26.42367667" lon="-80.15280333"><ele>8.104</ele><time>2026-07-18T18:30:00Z</time><speed>0.528</speed><sat>14</sat></trkpt>
  <trkpt lat="26.42367833" lon="-80.15280667"><ele>8.504</ele><time>2026-07-18T18:30:01Z</time><speed>0.429</speed><sat>14</sat></trkpt>
  <trkpt lat="26.42368000" lon="-80.15281000"><ele>8.604</ele><time>2026-07-18T18:30:02Z</time><speed>0.000</speed><sat>14</sat></trkpt>
  <trkpt lat="26.42368000" lon="-80.15281500"><ele>9.004</ele><time>2026-07-18T18:30:03Z</time><speed>0.000</speed><sat>14</sat></trkpt>
  <trkpt lat="26.42368167" lon="-80.15281833"><ele>9.204</ele><time>2026-07-18T18:30:04Z</time><speed>0.000</speed><sat>14</sat></trkpt>
  <trkpt lat="26.42368167" lon="-80.15281833"><ele>9.204</ele><time>2026-07-18T18:30:05Z</time><speed>0.000</speed><sat>14</sat></trkpt>
  <trkpt lat="26.42368167" lon="-80.15281833"><ele>9.204</ele><time>2026-07-18T18:30:06Z</time><speed>0.000</speed><sat>14</sat></trkpt>
  <trkpt lat="26.42368167" lon="-80.15281833"><ele>9.204</ele><time>2026-07-18T18:30:07Z</time><speed>0.000</speed><sat>14</sat></trkpt>
  <trkpt lat="26.42368167" lon="-80.15281833"><ele>9.204</ele><time>2026-07-18T18:30:08Z</time><speed>0.000</speed><sat>15</sat></trkpt>
  <trkpt lat="26.42369333" lon="-80.15283333"><ele>10.104</ele><time>2026-07-18T18:30:09Z</time><speed>0.171</speed><sat>15</sat></trkpt>
  <trkpt lat="26.42369500" lon="-80.15283833"><ele>10.304</ele><time>2026-07-18T18:30:10Z</time><speed>0.202</speed><sat>16</sat></trkpt>
  <trkpt lat="26.42369833" lon="-80.15283833"><ele>10.404</ele><time>2026-07-18T18:30:11Z</time><speed>0.000</speed><sat>16</sat></trkpt>
  <trkpt lat="26.42370000" lon="-80.15283667"><ele>10.104</ele><time>2026-07-18T18:30:12Z</time><speed>0.000</speed><sat>17</sat></trkpt>
  <trkpt lat="26.42370333" lon="-80.15283500"><ele>10.004</ele><time>2026-07-18T18:30:13Z</time><speed>0.000</speed><sat>17</sat></trkpt>
  <trkpt lat="26.42370333" lon="-80.15283500"><ele>10.004</ele><time>2026-07-18T18:30:14Z</time><speed>0.000</speed><sat>17</sat></trkpt>
  <trkpt lat="26.42370333" lon="-80.15283500"><ele>10.004</ele><time>2026-07-18T18:30:15Z</time><speed>0.000</speed><sat>17</sat></trkpt>
  <trkpt lat="26.42370333" lon="-80.15283500"><ele>10.004</ele><time>2026-07-18T18:30:16Z</time><speed>0.000</speed><sat>17</sat></trkpt>
  <trkpt lat="26.42370333" lon="-80.15283500"><ele>10.004</ele><time>2026-07-18T18:30:17Z</time><speed>0.000</speed><sat>17</sat></trkpt>
  <trkpt lat="26.42370333" lon="-80.15283500"><ele>10.004</ele><time>2026-07-18T18:30:18Z</time><speed>0.000</speed><sat>17</sat></trkpt>
  <trkpt lat="26.42370333" lon="-80.15283500"><ele>10.004</ele><time>2026-07-18T18:30:19Z</time><speed>0.000</speed><sat>17</sat></trkpt>
  <trkpt lat="26.42370333" lon="-80.15283500"><ele>10.004</ele><time>2026-07-18T18:30:20Z</time><speed>0.000</speed><sat>17</sat></trkpt>
  <trkpt lat="26.42370333" lon="-80.15283500"><ele>10.004</ele><time>2026-07-18T18:30:21Z</time><speed>0.000</speed><sat>17</sat></trkpt>
  <trkpt lat="26.42370333" lon="-80.15283500"><ele>10.004</ele><time>2026-07-18T18:30:22Z</time><speed>0.000</speed><sat>17</sat></trkpt>
  <trkpt lat="26.42370333" lon="-80.15283500"><ele>10.004</ele><time>2026-07-18T18:30:23Z</time><speed>0.000</speed><sat>16</sat></trkpt>
  <trkpt lat="26.42370333" lon="-80.15283500"><ele>10.004</ele><time>2026-07-18T18:30:24Z</time><speed>0.000</speed><sat>15</sat></trkpt>
  <trkpt lat="26.42370333" lon="-80.15283500"><ele>10.004</ele><time>2026-07-18T18:30:25Z</time><speed>0.000</speed><sat>15</sat></trkpt>
  <trkpt lat="26.42370333" lon="-80.15283500"><ele>10.004</ele><time>2026-07-18T18:30:26Z</time><speed>0.000</speed><sat>16</sat></trkpt>
  <trkpt lat="26.42370333" lon="-80.15283500"><ele>10.004</ele><time>2026-07-18T18:30:27Z</time><speed>0.000</speed><sat>16</sat></trkpt>
  <trkpt lat="26.42370333" lon="-80.15283500"><ele>10.004</ele><time>2026-07-18T18:30:28Z</time><speed>0.000</speed><sat>16</sat></trkpt>
  <trkpt lat="26.42370333" lon="-80.15283500"><ele>10.004</ele><time>2026-07-18T18:30:29Z</time><speed>0.000</speed><sat>16</sat></trkpt>
  <trkpt lat="26.42370333" lon="-80.15283500"><ele>10.004</ele><time>2026-07-18T18:30:30Z</time><speed>0.000</speed><sat>16</sat></trkpt>
  <trkpt lat="26.42370333" lon="-80.15283500"><ele>10.004</ele><time>2026-07-18T18:30:31Z</time><speed>0.000</speed><sat>16</sat></trkpt>
  <trkpt lat="26.42370333" lon="-80.15283500"><ele>10.004</ele><time>2026-07-18T18:30:32Z</time><speed>0.000</speed><sat>15</sat></trkpt>
  <trkpt lat="26.42370333" lon="-80.15283500"><ele>10.004</ele><time>2026-07-18T18:30:33Z</time><speed>0.000</speed><sat>14</sat></trkpt>
  <trkpt lat="26.42370333" lon="-80.15283500"><ele>10.004</ele><time>2026-07-18T18:30:34Z</time><speed>0.000</speed><sat>14</sat></trkpt>
  <trkpt lat="26.42370333" lon="-80.15283500"><ele>10.004</ele><time>2026-07-18T18:30:35Z</time><speed>0.000</speed><sat>14</sat></trkpt>
  <trkpt lat="26.42370333" lon="-80.15283500"><ele>10.004</ele><time>2026-07-18T18:30:36Z</time><speed>0.000</speed><sat>14</sat></trkpt>
  <trkpt lat="26.42370333" lon="-80.15283500"><ele>10.004</ele><time>2026-07-18T18:30:37Z</time><speed>0.000</speed><sat>14</sat></trkpt>
  <trkpt lat="26.42370333" lon="-80.15283500"><ele>10.004</ele><time>2026-07-18T18:30:38Z</time><speed>0.000</speed><sat>14</sat></trkpt>
  <trkpt lat="26.42370333" lon="-80.15283500"><ele>10.004</ele><time>2026-07-18T18:30:39Z</time><speed>0.000</speed><sat>14</sat></trkpt>
  <trkpt lat="26.42370333" lon="-80.15283500"><ele>10.004</ele><time>2026-07-18T18:30:40Z</time><speed>0.000</speed><sat>14</sat></trkpt>
  <trkpt lat="26.42370333" lon="-80.15283500"><ele>10.004</ele><time>2026-07-18T18:30:41Z</time><speed>0.000</speed><sat>15</sat></trkpt>
  <trkpt lat="26.42370333" lon="-80.15283500"><ele>10.004</ele><time>2026-07-18T18:30:42Z</time><speed>0.000</speed><sat>15</sat></trkpt>
  <trkpt lat="26.42370333" lon="-80.15283500"><ele>10.004</ele><time>2026-07-18T18:30:43Z</time><speed>0.000</speed><sat>15</sat></trkpt>
  <trkpt lat="26.42370333" lon="-80.15283500"><ele>10.004</ele><time>2026-07-18T18:30:44Z</time><speed>0.000</speed><sat>14</sat></trkpt>
  <trkpt lat="26.42370333" lon="-80.15283500"><ele>10.004</ele><time>2026-07-18T18:30:45Z</time><speed>0.000</speed><sat>13</sat></trkpt>
  <trkpt lat="26.42370333" lon="-80.15283500"><ele>10.004</ele><time>2026-07-18T18:30:46Z</time><speed>0.000</speed><sat>14</sat></trkpt>
  <trkpt lat="26.42370333" lon="-80.15283500"><ele>10.004</ele><time>2026-07-18T18:30:47Z</time><speed>0.000</speed><sat>14</sat></trkpt>
  <trkpt lat="26.42370333" lon="-80.15283500"><ele>10.004</ele><time>2026-07-18T18:30:48Z</time><speed>0.000</speed><sat>15</sat></trkpt>
  <trkpt lat="26.42370333" lon="-80.15283500"><ele>10.004</ele><time>2026-07-18T18:30:49Z</time><speed>0.000</speed><sat>15</sat></trkpt>
  <trkpt lat="26.42370333" lon="-80.15283500"><ele>10.004</ele><time>2026-07-18T18:30:50Z</time><speed>0.000</speed><sat>14</sat></trkpt>
  <trkpt lat="26.42370333" lon="-80.15283500"><ele>10.004</ele><time>2026-07-18T18:30:51Z</time><speed>0.000</speed><sat>14</sat></trkpt>
  <trkpt lat="26.42370333" lon="-80.15283500"><ele>10.004</ele><time>2026-07-18T18:30:52Z</time><speed>0.000</speed><sat>14</sat></trkpt>
  <trkpt lat="26.42370333" lon="-80.15283500"><ele>10.004</ele><time>2026-07-18T18:30:53Z</time><speed>0.000</speed><sat>15</sat></trkpt>
  <trkpt lat="26.42370333" lon="-80.15283500"><ele>10.004</ele><time>2026-07-18T18:30:54Z</time><speed>0.000</speed><sat>15</sat></trkpt>
  <trkpt lat="26.42370333" lon="-80.15283500"><ele>10.004</ele><time>2026-07-18T18:30:55Z</time><speed>0.000</speed><sat>15</sat></trkpt>
  <trkpt lat="26.42370333" lon="-80.15283500"><ele>10.004</ele><time>2026-07-18T18:30:56Z</time><speed>0.000</speed><sat>15</sat></trkpt>
  <trkpt lat="26.42370333" lon="-80.15283500"><ele>10.004</ele><time>2026-07-18T18:30:57Z</time><speed>0.000</speed><sat>15</sat></trkpt>
  <trkpt lat="26.42370333" lon="-80.15283500"><ele>10.004</ele><time>2026-07-18T18:30:58Z</time><speed>0.000</speed><sat>14</sat></trkpt>
  <trkpt lat="26.42370333" lon="-80.15283500"><ele>10.004</ele><time>2026-07-18T18:30:59Z</time><speed>0.000</speed><sat>14</sat></trkpt>
  <trkpt lat="26.42370333" lon="-80.15283500"><ele>10.004</ele><time>2026-07-18T18:31:00Z</time><speed>0.000</speed><sat>14</sat></trkpt>
  <trkpt lat="26.42370333" lon="-80.15283500"><ele>10.004</ele><time>2026-07-18T18:31:01Z</time><speed>0.000</speed><sat>14</sat></trkpt>
  <trkpt lat="26.42370333" lon="-80.15283500"><ele>10.004</ele><time>2026-07-18T18:31:02Z</time><speed>0.000</speed><sat>14</sat></trkpt>
  <trkpt lat="26.42370333" lon="-80.15283500"><ele>10.004</ele><time>2026-07-18T18:31:03Z</time><speed>0.000</speed><sat>14</sat></trkpt>
  <trkpt lat="26.42370333" lon="-80.15283500"><ele>10.004</ele><time>2026-07-18T18:31:04Z</time><speed>0.000</speed><sat>14</sat></trkpt>
  <trkpt lat="26.42370333" lon="-80.15283500"><ele>10.004</ele><time>2026-07-18T18:31:05Z</time><speed>0.000</speed><sat>15</sat></trkpt>
  <trkpt lat="26.42370333" lon="-80.15283500"><ele>10.004</ele><time>2026-07-18T18:31:06Z</time><speed>0.000</speed><sat>15</sat></trkpt>
  <trkpt lat="26.42370333" lon="-80.15283500"><ele>10.004</ele><time>2026-07-18T18:31:07Z</time><speed>0.000</speed><sat>15</sat></trkpt>
  <trkpt lat="26.42370333" lon="-80.15283500"><ele>10.004</ele><time>2026-07-18T18:31:08Z</time><speed>0.000</speed><sat>15</sat></trkpt>
  <trkpt lat="26.42370333" lon="-80.15283500"><ele>10.004</ele><time>2026-07-18T18:31:09Z</time><speed>0.000</speed><sat>15</sat></trkpt>
  <trkpt lat="26.42370333" lon="-80.15283500"><ele>10.004</ele><time>2026-07-18T18:31:10Z</time><speed>0.000</speed><sat>15</sat></trkpt>
  <trkpt lat="26.42370333" lon="-80.15283500"><ele>10.004</ele><time>2026-07-18T18:31:11Z</time><speed>0.000</speed><sat>15</sat></trkpt>
  <trkpt lat="26.42370333" lon="-80.15283500"><ele>10.004</ele><time>2026-07-18T18:31:12Z</time><speed>0.000</speed><sat>15</sat></trkpt>
  <trkpt lat="26.42370333" lon="-80.15283500"><ele>10.004</ele><time>2026-07-18T18:31:13Z</time><speed>0.000</speed><sat>15</sat></trkpt>
  <trkpt lat="26.42370333" lon="-80.15283500"><ele>10.004</ele><time>2026-07-18T18:31:14Z</time><speed>0.000</speed><sat>15</sat></trkpt>
  <trkpt lat="26.42370333" lon="-80.15283500"><ele>10.004</ele><time>2026-07-18T18:31:15Z</time><speed>0.000</speed><sat>15</sat></trkpt>
  <trkpt lat="26.42370333" lon="-80.15283500"><ele>10.004</ele><time>2026-07-18T18:31:16Z</time><speed>0.000</speed><sat>15</sat></trkpt>
  <trkpt lat="26.42370333" lon="-80.15283500"><ele>10.004</ele><time>2026-07-18T18:31:17Z</time><speed>0.000</speed><sat>15</sat></trkpt>
  <trkpt lat="26.42370333" lon="-80.15283500"><ele>10.004</ele><time>2026-07-18T18:31:18Z</time><speed>0.000</speed><sat>15</sat></trkpt>
  <trkpt lat="26.42370333" lon="-80.15283500"><ele>10.004</ele><time>2026-07-18T18:31:19Z</time><speed>0.000</speed><sat>15</sat></trkpt>
  <trkpt lat="26.42370333" lon="-80.15283500"><ele>10.004</ele><time>2026-07-18T18:31:20Z</time><speed>0.000</speed><sat>15</sat></trkpt>
  <trkpt lat="26.42370333" lon="-80.15283500"><ele>10.004</ele><time>2026-07-18T18:31:21Z</time><speed>0.000</speed><sat>15</sat></trkpt>
  <trkpt lat="26.42370333" lon="-80.15283500"><ele>10.004</ele><time>2026-07-18T18:31:22Z</time><speed>0.000</speed><sat>15</sat></trkpt>
  <trkpt lat="26.42370333" lon="-80.15283500"><ele>10.004</ele><time>2026-07-18T18:31:23Z</time><speed>0.000</speed><sat>15</sat></trkpt>
  <trkpt lat="26.42370333" lon="-80.15283500"><ele>10.004</ele><time>2026-07-18T18:31:24Z</time><speed>0.000</speed><sat>15</sat></trkpt>
  <trkpt lat="26.42370333" lon="-80.15283500"><ele>10.004</ele><time>2026-07-18T18:31:25Z</time><speed>0.000</speed><sat>15</sat></trkpt>
  <trkpt lat="26.42370333" lon="-80.15283500"><ele>10.004</ele><time>2026-07-18T18:31:26Z</time><speed>0.000</speed><sat>15</sat></trkpt>
  <trkpt lat="26.42370333" lon="-80.15283500"><ele>10.004</ele><time>2026-07-18T18:31:27Z</time><speed>0.000</speed><sat>16</sat></trkpt>
  <trkpt lat="26.42370333" lon="-80.15283500"><ele>10.004</ele><time>2026-07-18T18:31:28Z</time><speed>0.000</speed><sat>16</sat></trkpt>
  <trkpt lat="26.42370333" lon="-80.15283500"><ele>10.004</ele><time>2026-07-18T18:31:29Z</time><speed>0.000</speed><sat>16</sat></trkpt>
  <trkpt lat="26.42370333" lon="-80.15283500"><ele>10.004</ele><time>2026-07-18T18:31:30Z</time><speed>0.000</speed><sat>15</sat></trkpt>
  <trkpt lat="26.42370333" lon="-80.15283500"><ele>10.004</ele><time>2026-07-18T18:31:31Z</time><speed>0.000</speed><sat>15</sat></trkpt>
  <trkpt lat="26.42370333" lon="-80.15283500"><ele>10.004</ele><time>2026-07-18T18:31:32Z</time><speed>0.000</speed><sat>15</sat></trkpt>
  <trkpt lat="26.42370333" lon="-80.15283500"><ele>10.004</ele><time>2026-07-18T18:31:33Z</time><speed>0.000</speed><sat>15</sat></trkpt>
  <trkpt lat="26.42370333" lon="-80.15283500"><ele>10.004</ele><time>2026-07-18T18:31:34Z</time><speed>0.000</speed><sat>15</sat></trkpt>
  <trkpt lat="26.42370333" lon="-80.15283500"><ele>10.004</ele><time>2026-07-18T18:31:35Z</time><speed>0.000</speed><sat>15</sat></trkpt>
  <trkpt lat="26.42370333" lon="-80.15283500"><ele>10.004</ele><time>2026-07-18T18:31:36Z</time><speed>0.000</speed><sat>16</sat></trkpt>
  <trkpt lat="26.42370333" lon="-80.15283500"><ele>10.004</ele><time>2026-07-18T18:31:37Z</time><speed>0.000</speed><sat>16</sat></trkpt>
  <trkpt lat="26.42370333" lon="-80.15283500"><ele>10.004</ele><time>2026-07-18T18:31:38Z</time><speed>0.000</speed><sat>16</sat></trkpt>
  <trkpt lat="26.42370333" lon="-80.15283500"><ele>10.004</ele><time>2026-07-18T18:31:39Z</time><speed>0.000</speed><sat>16</sat></trkpt>
  <trkpt lat="26.42370333" lon="-80.15283500"><ele>10.004</ele><time>2026-07-18T18:31:40Z</time><speed>0.000</speed><sat>16</sat></trkpt>
  <trkpt lat="26.42370333" lon="-80.15283500"><ele>10.004</ele><time>2026-07-18T18:31:41Z</time><speed>0.000</speed><sat>16</sat></trkpt>
  <trkpt lat="26.42370333" lon="-80.15283500"><ele>10.004</ele><time>2026-07-18T18:31:42Z</time><speed>0.000</speed><sat>16</sat></trkpt>
  <trkpt lat="26.42370333" lon="-80.15283500"><ele>10.004</ele><time>2026-07-18T18:31:43Z</time><speed>0.000</speed><sat>16</sat></trkpt>
  <trkpt lat="26.42370333" lon="-80.15283500"><ele>10.004</ele><time>2026-07-18T18:31:44Z</time><speed>0.000</speed><sat>16</sat></trkpt>
  <trkpt lat="26.42370333" lon="-80.15283500"><ele>10.004</ele><time>2026-07-18T18:31:45Z</time><speed>0.000</speed><sat>16</sat></trkpt>
  <trkpt lat="26.42370333" lon="-80.15283500"><ele>10.004</ele><time>2026-07-18T18:31:46Z</time><speed>0.000</speed><sat>16</sat></trkpt>
  <trkpt lat="26.42370333" lon="-80.15283500"><ele>10.004</ele><time>2026-07-18T18:31:47Z</time><speed>0.000</speed><sat>16</sat></trkpt>
  <trkpt lat="26.42370333" lon="-80.15283500"><ele>10.004</ele><time>2026-07-18T18:31:48Z</time><speed>0.000</speed><sat>16</sat></trkpt>
  <trkpt lat="26.42370333" lon="-80.15283500"><ele>10.004</ele><time>2026-07-18T18:31:49Z</time><speed>0.000</speed><sat>16</sat></trkpt>
  <trkpt lat="26.42370333" lon="-80.15283500"><ele>10.004</ele><time>2026-07-18T18:31:50Z</time><speed>0.000</speed><sat>16</sat></trkpt>
  <trkpt lat="26.42370333" lon="-80.15283500"><ele>10.004</ele><time>2026-07-18T18:31:51Z</time><speed>0.000</speed><sat>16</sat></trkpt>
  <trkpt lat="26.42370333" lon="-80.15283500"><ele>10.004</ele><time>2026-07-18T18:31:52Z</time><speed>0.000</speed><sat>16</sat></trkpt>
  <trkpt lat="26.42370333" lon="-80.15283500"><ele>10.004</ele><time>2026-07-18T18:31:53Z</time><speed>0.000</speed><sat>16</sat></trkpt>
  <trkpt lat="26.42370333" lon="-80.15283500"><ele>10.004</ele><time>2026-07-18T18:31:54Z</time><speed>0.000</speed><sat>16</sat></trkpt>
  <trkpt lat="26.42370333" lon="-80.15283500"><ele>10.004</ele><time>2026-07-18T18:31:55Z</time><speed>0.000</speed><sat>16</sat></trkpt>
  <trkpt lat="26.42370333" lon="-80.15283500"><ele>10.004</ele><time>2026-07-18T18:31:56Z</time><speed>0.000</speed><sat>16</sat></trkpt>
  <trkpt lat="26.42370333" lon="-80.15283500"><ele>10.004</ele><time>2026-07-18T18:31:57Z</time><speed>0.000</speed><sat>16</sat></trkpt>
  <trkpt lat="26.42370333" lon="-80.15283500"><ele>10.004</ele><time>2026-07-18T18:31:58Z</time><speed>0.000</speed><sat>16</sat></trkpt>
  <trkpt lat="26.42370333" lon="-80.15283500"><ele>10.004</ele><time>2026-07-18T18:31:59Z</time><speed>0.000</speed><sat>16</sat></trkpt>
  <trkpt lat="26.42370333" lon="-80.15283500"><ele>10.004</ele><time>2026-07-18T18:32:00Z</time><speed>0.000</speed><sat>16</sat></trkpt>
  <trkpt lat="26.42370333" lon="-80.15283500"><ele>10.004</ele><time>2026-07-18T18:32:01Z</time><speed>0.000</speed><sat>16</sat></trkpt>
  <trkpt lat="26.42370333" lon="-80.15283500"><ele>10.004</ele><time>2026-07-18T18:32:02Z</time><speed>0.000</speed><sat>16</sat></trkpt>
  <trkpt lat="26.42370333" lon="-80.15283500"><ele>10.004</ele><time>2026-07-18T18:32:03Z</time><speed>0.000</speed><sat>16</sat></trkpt>
  <trkpt lat="26.42370333" lon="-80.15282833"><ele>14.104</ele><time>2026-07-18T18:32:04Z</time><speed>0.301</speed><sat>16</sat></trkpt>
  <trkpt lat="26.42370000" lon="-80.15283667"><ele>14.004</ele><time>2026-07-18T18:32:05Z</time><speed>0.000</speed><sat>16</sat></trkpt>
  <trkpt lat="26.42369333" lon="-80.15283500"><ele>14.104</ele><time>2026-07-18T18:32:06Z</time><speed>0.000</speed><sat>16</sat></trkpt>
  <trkpt lat="26.42369500" lon="-80.15282833"><ele>14.104</ele><time>2026-07-18T18:32:07Z</time><speed>0.000</speed><sat>16</sat></trkpt>
  <trkpt lat="26.42369500" lon="-80.15281333"><ele>14.104</ele><time>2026-07-18T18:32:08Z</time><speed>0.427</speed><sat>16</sat></trkpt>
  <trkpt lat="26.42369167" lon="-80.15280833"><ele>14.604</ele><time>2026-07-18T18:32:09Z</time><speed>0.454</speed><sat>16</sat></trkpt>
  <trkpt lat="26.42369500" lon="-80.15280500"><ele>14.704</ele><time>2026-07-18T18:32:10Z</time><speed>0.000</speed><sat>16</sat></trkpt>
  <trkpt lat="26.42369667" lon="-80.15280000"><ele>14.604</ele><time>2026-07-18T18:32:11Z</time><speed>0.000</speed><sat>16</sat></trkpt>
  <trkpt lat="26.42369833" lon="-80.15279500"><ele>14.604</ele><time>2026-07-18T18:32:12Z</time><speed>0.502</speed><sat>16</sat></trkpt>
  <trkpt lat="26.42370667" lon="-80.15280167"><ele>14.404</ele><time>2026-07-18T18:32:13Z</time><speed>0.435</speed><sat>16</sat></trkpt>
  <trkpt lat="26.42371333" lon="-80.15280500"><ele>14.404</ele><time>2026-07-18T18:32:14Z</time><speed>0.000</speed><sat>16</sat></trkpt>
  <trkpt lat="26.42372167" lon="-80.15280333"><ele>14.304</ele><time>2026-07-18T18:32:15Z</time><speed>0.000</speed><sat>15</sat></trkpt>
  <trkpt lat="26.42372000" lon="-80.15280167"><ele>14.004</ele><time>2026-07-18T18:32:16Z</time><speed>0.348</speed><sat>15</sat></trkpt>
  <trkpt lat="26.42372333" lon="-80.15280333"><ele>14.004</ele><time>2026-07-18T18:32:17Z</time><speed>0.373</speed><sat>15</sat></trkpt>
  <trkpt lat="26.42372500" lon="-80.15280167"><ele>14.004</ele><time>2026-07-18T18:32:18Z</time><speed>0.000</speed><sat>15</sat></trkpt>
  <trkpt lat="26.42372500" lon="-80.15280000"><ele>14.104</ele><time>2026-07-18T18:32:19Z</time><speed>0.000</speed><sat>15</sat></trkpt>
  <trkpt lat="26.42372000" lon="-80.15279833"><ele>14.304</ele><time>2026-07-18T18:32:20Z</time><speed>0.000</speed><sat>15</sat></trkpt>
  <trkpt lat="26.42372000" lon="-80.15279833"><ele>14.304</ele><time>2026-07-18T18:32:21Z</time><speed>0.000</speed><sat>16</sat></trkpt>
  <trkpt lat="26.42371333" lon="-80.15278500"><ele>14.304</ele><time>2026-07-18T18:32:22Z</time><speed>0.354</speed><sat>16</sat></trkpt>
  <trkpt lat="26.42371333" lon="-80.15277500"><ele>14.204</ele><time>2026-07-18T18:32:23Z</time><speed>0.000</speed><sat>16</sat></trkpt>
  <trkpt lat="26.42370833" lon="-80.15276333"><ele>14.005</ele><time>2026-07-18T18:32:24Z</time><speed>0.514</speed><sat>16</sat></trkpt>
  <trkpt lat="26.42370833" lon="-80.15275333"><ele>13.705</ele><time>2026-07-18T18:32:25Z</time><speed>0.000</speed><sat>16</sat></trkpt>
  <trkpt lat="26.42370167" lon="-80.15274833"><ele>13.005</ele><time>2026-07-18T18:32:26Z</time><speed>0.586</speed><sat>16</sat></trkpt>
  <trkpt lat="26.42369500" lon="-80.15274667"><ele>13.105</ele><time>2026-07-18T18:32:27Z</time><speed>0.577</speed><sat>16</sat></trkpt>
  <trkpt lat="26.42369500" lon="-80.15274500"><ele>13.205</ele><time>2026-07-18T18:32:28Z</time><speed>0.602</speed><sat>16</sat></trkpt>
  <trkpt lat="26.42369333" lon="-80.15274333"><ele>13.305</ele><time>2026-07-18T18:32:29Z</time><speed>0.000</speed><sat>16</sat></trkpt>
  <trkpt lat="26.42369667" lon="-80.15275000"><ele>13.005</ele><time>2026-07-18T18:32:30Z</time><speed>0.563</speed><sat>16</sat></trkpt>
  <trkpt lat="26.42369667" lon="-80.15275667"><ele>13.005</ele><time>2026-07-18T18:32:31Z</time><speed>0.000</speed><sat>16</sat></trkpt>
  <trkpt lat="26.42369500" lon="-80.15276333"><ele>12.905</ele><time>2026-07-18T18:32:32Z</time><speed>0.543</speed><sat>16</sat></trkpt>
  <trkpt lat="26.42369167" lon="-80.15276667"><ele>12.904</ele><time>2026-07-18T18:32:33Z</time><speed>0.000</speed><sat>16</sat></trkpt>
  <trkpt lat="26.42369667" lon="-80.15276667"><ele>12.904</ele><time>2026-07-18T18:32:34Z</time><speed>0.422</speed><sat>16</sat></trkpt>
  <trkpt lat="26.42369000" lon="-80.15276833"><ele>12.704</ele><time>2026-07-18T18:32:35Z</time><speed>0.000</speed><sat>16</sat></trkpt>
  <trkpt lat="26.42368667" lon="-80.15276500"><ele>13.004</ele><time>2026-07-18T18:32:36Z</time><speed>0.000</speed><sat>16</sat></trkpt>
  <trkpt lat="26.42368167" lon="-80.15276667"><ele>13.104</ele><time>2026-07-18T18:32:37Z</time><speed>0.000</speed><sat>16</sat></trkpt>
  <trkpt lat="26.42368167" lon="-80.15276667"><ele>13.104</ele><time>2026-07-18T18:32:38Z</time><speed>0.000</speed><sat>16</sat></trkpt>
  <trkpt lat="26.42368167" lon="-80.15276667"><ele>13.104</ele><time>2026-07-18T18:32:39Z</time><speed>0.000</speed><sat>16</sat></trkpt>
  <trkpt lat="26.42368167" lon="-80.15276667"><ele>13.104</ele><time>2026-07-18T18:32:40Z</time><speed>0.000</speed><sat>16</sat></trkpt>
  <trkpt lat="26.42368167" lon="-80.15276667"><ele>13.104</ele><time>2026-07-18T18:32:41Z</time><speed>0.000</speed><sat>16</sat></trkpt>
  <trkpt lat="26.42368167" lon="-80.15276667"><ele>13.104</ele><time>2026-07-18T18:32:42Z</time><speed>0.000</speed><sat>16</sat></trkpt>
  <trkpt lat="26.42368167" lon="-80.15276667"><ele>13.104</ele><time>2026-07-18T18:32:43Z</time><speed>0.000</speed><sat>16</sat></trkpt>
  <trkpt lat="26.42366333" lon="-80.15276333"><ele>12.204</ele><time>2026-07-18T18:32:44Z</time><speed>0.382</speed><sat>16</sat></trkpt>
  <trkpt lat="26.42366167" lon="-80.15275833"><ele>12.105</ele><time>2026-07-18T18:32:45Z</time><speed>0.000</speed><sat>16</sat></trkpt>
  <trkpt lat="26.42366167" lon="-80.15276000"><ele>11.904</ele><time>2026-07-18T18:32:46Z</time><speed>0.000</speed><sat>16</sat></trkpt>
  <trkpt lat="26.42365667" lon="-80.15276333"><ele>12.204</ele><time>2026-07-18T18:32:47Z</time><speed>0.000</speed><sat>16</sat></trkpt>
  <trkpt lat="26.42365333" lon="-80.15276667"><ele>12.304</ele><time>2026-07-18T18:32:48Z</time><speed>0.400</speed><sat>16</sat></trkpt>
  <trkpt lat="26.42365000" lon="-80.15277000"><ele>12.404</ele><time>2026-07-18T18:32:49Z</time><speed>0.410</speed><sat>16</sat></trkpt>
  <trkpt lat="26.42365167" lon="-80.15277500"><ele>12.204</ele><time>2026-07-18T18:32:50Z</time><speed>0.429</speed><sat>16</sat></trkpt>
  <trkpt lat="26.42365500" lon="-80.15278500"><ele>11.904</ele><time>2026-07-18T18:32:51Z</time><speed>0.457</speed><sat>16</sat></trkpt>
  <trkpt lat="26.42365333" lon="-80.15279333"><ele>11.404</ele><time>2026-07-18T18:32:52Z</time><speed>0.463</speed><sat>17</sat></trkpt>
  <trkpt lat="26.42365667" lon="-80.15280333"><ele>11.504</ele><time>2026-07-18T18:32:53Z</time><speed>0.436</speed><sat>17</sat></trkpt>
  <trkpt lat="26.42365667" lon="-80.15280667"><ele>11.304</ele><time>2026-07-18T18:32:54Z</time><speed>0.410</speed><sat>17</sat></trkpt>
  <trkpt lat="26.42365833" lon="-80.15281167"><ele>11.004</ele><time>2026-07-18T18:32:55Z</time><speed>0.433</speed><sat>16</sat></trkpt>
  <trkpt lat="26.42366167" lon="-80.15281333"><ele>10.804</ele><time>2026-07-18T18:32:56Z</time><speed>0.417</speed><sat>15</sat></trkpt>
  <trkpt lat="26.42366667" lon="-80.15281333"><ele>10.804</ele><time>2026-07-18T18:32:57Z</time><speed>0.000</speed><sat>14</sat></trkpt>
  <trkpt lat="26.42367000" lon="-80.15281500"><ele>10.904</ele><time>2026-07-18T18:32:58Z</time><speed>0.000</speed><sat>14</sat></trkpt>
  <trkpt lat="26.42367333" lon="-80.15281667"><ele>10.904</ele><time>2026-07-18T18:32:59Z</time><speed>0.000</speed><sat>14</sat></trkpt>
  <trkpt lat="26.42367333" lon="-80.15281667"><ele>10.904</ele><time>2026-07-18T18:33:00Z</time><speed>0.000</speed><sat>15</sat></trkpt>
  <trkpt lat="26.42367333" lon="-80.15281667"><ele>10.904</ele><time>2026-07-18T18:33:01Z</time><speed>0.000</speed><sat>15</sat></trkpt>
  <trkpt lat="26.42367333" lon="-80.15281667"><ele>10.904</ele><time>2026-07-18T18:33:02Z</time><speed>0.000</speed><sat>15</sat></trkpt>
  <trkpt lat="26.42367333" lon="-80.15281667"><ele>10.904</ele><time>2026-07-18T18:33:03Z</time><speed>0.000</speed><sat>15</sat></trkpt>
  <trkpt lat="26.42367333" lon="-80.15281667"><ele>10.904</ele><time>2026-07-18T18:33:04Z</time><speed>0.000</speed><sat>15</sat></trkpt>
  <trkpt lat="26.42367333" lon="-80.15281667"><ele>10.904</ele><time>2026-07-18T18:33:05Z</time><speed>0.000</speed><sat>16</sat></trkpt>
  <trkpt lat="26.42367333" lon="-80.15281667"><ele>10.904</ele><time>2026-07-18T18:33:06Z</time><speed>0.000</speed><sat>16</sat></trkpt>
  <trkpt lat="26.42367333" lon="-80.15281667"><ele>10.904</ele><time>2026-07-18T18:33:07Z</time><speed>0.000</speed><sat>16</sat></trkpt>
  <trkpt lat="26.42367333" lon="-80.15281667"><ele>10.904</ele><time>2026-07-18T18:33:08Z</time><speed>0.000</speed><sat>16</sat></trkpt>
  <trkpt lat="26.42367333" lon="-80.15281667"><ele>10.904</ele><time>2026-07-18T18:33:09Z</time><speed>0.000</speed><sat>16</sat></trkpt>
  <trkpt lat="26.42367333" lon="-80.15281667"><ele>10.904</ele><time>2026-07-18T18:33:10Z</time><speed>0.000</speed><sat>16</sat></trkpt>
  <trkpt lat="26.42367333" lon="-80.15281667"><ele>10.904</ele><time>2026-07-18T18:33:11Z</time><speed>0.000</speed><sat>16</sat></trkpt>
  <trkpt lat="26.42367333" lon="-80.15281667"><ele>10.904</ele><time>2026-07-18T18:33:12Z</time><speed>0.000</speed><sat>16</sat></trkpt>
  <trkpt lat="26.42367333" lon="-80.15281667"><ele>10.904</ele><time>2026-07-18T18:33:13Z</time><speed>0.000</speed><sat>16</sat></trkpt>
  <trkpt lat="26.42367333" lon="-80.15281667"><ele>10.904</ele><time>2026-07-18T18:33:14Z</time><speed>0.000</speed><sat>16</sat></trkpt>
  <trkpt lat="26.42367333" lon="-80.15281667"><ele>10.904</ele><time>2026-07-18T18:33:15Z</time><speed>0.000</speed><sat>16</sat></trkpt>
  <trkpt lat="26.42367333" lon="-80.15281667"><ele>10.904</ele><time>2026-07-18T18:33:16Z</time><speed>0.000</speed><sat>16</sat></trkpt>
  <trkpt lat="26.42367333" lon="-80.15281667"><ele>10.904</ele><time>2026-07-18T18:33:17Z</time><speed>0.000</speed><sat>16</sat></trkpt>
  <trkpt lat="26.42367333" lon="-80.15281667"><ele>10.904</ele><time>2026-07-18T18:33:18Z</time><speed>0.000</speed><sat>16</sat></trkpt>
  <trkpt lat="26.42367333" lon="-80.15281667"><ele>10.904</ele><time>2026-07-18T18:33:19Z</time><speed>0.000</speed><sat>15</sat></trkpt>
  <trkpt lat="26.42367333" lon="-80.15281667"><ele>10.904</ele><time>2026-07-18T18:33:20Z</time><speed>0.000</speed><sat>15</sat></trkpt>
  <trkpt lat="26.42367333" lon="-80.15281667"><ele>10.904</ele><time>2026-07-18T18:33:21Z</time><speed>0.000</speed><sat>14</sat></trkpt>
  <trkpt lat="26.42367333" lon="-80.15281667"><ele>10.904</ele><time>2026-07-18T18:33:22Z</time><speed>0.000</speed><sat>14</sat></trkpt>
  <trkpt lat="26.42367333" lon="-80.15281667"><ele>10.904</ele><time>2026-07-18T18:33:23Z</time><speed>0.000</speed><sat>14</sat></trkpt>
  <trkpt lat="26.42367333" lon="-80.15281667"><ele>10.904</ele><time>2026-07-18T18:33:24Z</time><speed>0.000</speed><sat>14</sat></trkpt>
  <trkpt lat="26.42367333" lon="-80.15281667"><ele>10.904</ele><time>2026-07-18T18:33:25Z</time><speed>0.000</speed><sat>14</sat></trkpt>
  <trkpt lat="26.42367333" lon="-80.15281667"><ele>10.904</ele><time>2026-07-18T18:33:26Z</time><speed>0.000</speed><sat>14</sat></trkpt>
  <trkpt lat="26.42367333" lon="-80.15281667"><ele>10.904</ele><time>2026-07-18T18:33:27Z</time><speed>0.000</speed><sat>14</sat></trkpt>
  <trkpt lat="26.42369500" lon="-80.15283167"><ele>13.304</ele><time>2026-07-18T18:33:28Z</time><speed>0.199</speed><sat>14</sat></trkpt>
  <trkpt lat="26.42369667" lon="-80.15283500"><ele>13.604</ele><time>2026-07-18T18:33:29Z</time><speed>0.000</speed><sat>15</sat></trkpt>
  <trkpt lat="26.42369667" lon="-80.15284000"><ele>13.704</ele><time>2026-07-18T18:33:30Z</time><speed>0.000</speed><sat>16</sat></trkpt>
  <trkpt lat="26.42369833" lon="-80.15284000"><ele>13.804</ele><time>2026-07-18T18:33:31Z</time><speed>0.000</speed><sat>16</sat></trkpt>
  <trkpt lat="26.42369833" lon="-80.15284000"><ele>13.804</ele><time>2026-07-18T18:33:32Z</time><speed>0.000</speed><sat>15</sat></trkpt>
  <trkpt lat="26.42369833" lon="-80.15284000"><ele>13.804</ele><time>2026-07-18T18:33:33Z</time><speed>0.000</speed><sat>14</sat></trkpt>
  <trkpt lat="26.42369833" lon="-80.15284000"><ele>13.804</ele><time>2026-07-18T18:33:34Z</time><speed>0.000</speed><sat>14</sat></trkpt>
  <trkpt lat="26.42369833" lon="-80.15284000"><ele>13.804</ele><time>2026-07-18T18:33:35Z</time><speed>0.000</speed><sat>14</sat></trkpt>
  <trkpt lat="26.42369833" lon="-80.15284000"><ele>13.804</ele><time>2026-07-18T18:33:36Z</time><speed>0.000</speed><sat>14</sat></trkpt>
  <trkpt lat="26.42369833" lon="-80.15284000"><ele>13.804</ele><time>2026-07-18T18:33:37Z</time><speed>0.000</speed><sat>14</sat></trkpt>
  <trkpt lat="26.42369833" lon="-80.15284000"><ele>13.804</ele><time>2026-07-18T18:33:38Z</time><speed>0.000</speed><sat>14</sat></trkpt>
  <trkpt lat="26.42369833" lon="-80.15284000"><ele>13.804</ele><time>2026-07-18T18:33:39Z</time><speed>0.000</speed><sat>14</sat></trkpt>
  <trkpt lat="26.42369833" lon="-80.15284000"><ele>13.804</ele><time>2026-07-18T18:33:40Z</time><speed>0.000</speed><sat>14</sat></trkpt>
  <trkpt lat="26.42369833" lon="-80.15284000"><ele>13.804</ele><time>2026-07-18T18:33:41Z</time><speed>0.000</speed><sat>14</sat></trkpt>
  <trkpt lat="26.42369833" lon="-80.15284000"><ele>13.804</ele><time>2026-07-18T18:33:42Z</time><speed>0.000</speed><sat>14</sat></trkpt>
  <trkpt lat="26.42369833" lon="-80.15284000"><ele>13.804</ele><time>2026-07-18T18:33:43Z</time><speed>0.000</speed><sat>14</sat></trkpt>
  <trkpt lat="26.42369833" lon="-80.15284000"><ele>13.804</ele><time>2026-07-18T18:33:44Z</time><speed>0.000</speed><sat>14</sat></trkpt>
  <trkpt lat="26.42369833" lon="-80.15284000"><ele>13.804</ele><time>2026-07-18T18:33:45Z</time><speed>0.000</speed><sat>14</sat></trkpt>
  <trkpt lat="26.42369833" lon="-80.15284000"><ele>13.804</ele><time>2026-07-18T18:33:46Z</time><speed>0.000</speed><sat>14</sat></trkpt>
  <trkpt lat="26.42369833" lon="-80.15284000"><ele>13.804</ele><time>2026-07-18T18:33:47Z</time><speed>0.000</speed><sat>14</sat></trkpt>
  <trkpt lat="26.42369833" lon="-80.15284000"><ele>13.804</ele><time>2026-07-18T18:33:48Z</time><speed>0.000</speed><sat>14</sat></trkpt>
  <trkpt lat="26.42369833" lon="-80.15284000"><ele>13.804</ele><time>2026-07-18T18:33:49Z</time><speed>0.000</speed><sat>15</sat></trkpt>
  <trkpt lat="26.42369833" lon="-80.15284000"><ele>13.804</ele><time>2026-07-18T18:33:50Z</time><speed>0.000</speed><sat>14</sat></trkpt>
  <trkpt lat="26.42369833" lon="-80.15284000"><ele>13.804</ele><time>2026-07-18T18:33:51Z</time><speed>0.000</speed><sat>14</sat></trkpt>
  <trkpt lat="26.42369833" lon="-80.15284000"><ele>13.804</ele><time>2026-07-18T18:33:52Z</time><speed>0.000</speed><sat>14</sat></trkpt>
  <trkpt lat="26.42369833" lon="-80.15284000"><ele>13.804</ele><time>2026-07-18T18:33:53Z</time><speed>0.000</speed><sat>14</sat></trkpt>
  <trkpt lat="26.42369833" lon="-80.15284000"><ele>13.804</ele><time>2026-07-18T18:33:54Z</time><speed>0.000</speed><sat>14</sat></trkpt>
  <trkpt lat="26.42369833" lon="-80.15284000"><ele>13.804</ele><time>2026-07-18T18:33:55Z</time><speed>0.000</speed><sat>13</sat></trkpt>
  <trkpt lat="26.42369833" lon="-80.15284000"><ele>13.804</ele><time>2026-07-18T18:33:56Z</time><speed>0.000</speed><sat>13</sat></trkpt>
  <trkpt lat="26.42369833" lon="-80.15284000"><ele>13.804</ele><time>2026-07-18T18:33:57Z</time><speed>0.000</speed><sat>13</sat></trkpt>
  <trkpt lat="26.42369833" lon="-80.15284000"><ele>13.804</ele><time>2026-07-18T18:33:58Z</time><speed>0.000</speed><sat>14</sat></trkpt>
  <trkpt lat="26.42369833" lon="-80.15284000"><ele>13.804</ele><time>2026-07-18T18:33:59Z</time><speed>0.000</speed><sat>15</sat></trkpt>
  <trkpt lat="26.42369833" lon="-80.15284000"><ele>13.804</ele><time>2026-07-18T18:34:00Z</time><speed>0.000</speed><sat>14</sat></trkpt>
  <trkpt lat="26.42369833" lon="-80.15284000"><ele>13.804</ele><time>2026-07-18T18:34:01Z</time><speed>0.000</speed><sat>14</sat></trkpt>
  <trkpt lat="26.42369833" lon="-80.15284000"><ele>13.804</ele><time>2026-07-18T18:34:02Z</time><speed>0.000</speed><sat>15</sat></trkpt>
  <trkpt lat="26.42369833" lon="-80.15284000"><ele>13.804</ele><time>2026-07-18T18:34:03Z</time><speed>0.000</speed><sat>14</sat></trkpt>
  <trkpt lat="26.42369833" lon="-80.15284000"><ele>13.804</ele><time>2026-07-18T18:34:04Z</time><speed>0.000</speed><sat>16</sat></trkpt>
  <trkpt lat="26.42369833" lon="-80.15284000"><ele>13.804</ele><time>2026-07-18T18:34:05Z</time><speed>0.000</speed><sat>16</sat></trkpt>
  <trkpt lat="26.42369833" lon="-80.15284000"><ele>13.804</ele><time>2026-07-18T18:34:06Z</time><speed>0.000</speed><sat>16</sat></trkpt>
  <trkpt lat="26.42369833" lon="-80.15284000"><ele>13.804</ele><time>2026-07-18T18:34:07Z</time><speed>0.000</speed><sat>15</sat></trkpt>
  <trkpt lat="26.42369833" lon="-80.15284000"><ele>13.804</ele><time>2026-07-18T18:34:08Z</time><speed>0.000</speed><sat>15</sat></trkpt>
  <trkpt lat="26.42369833" lon="-80.15284000"><ele>13.804</ele><time>2026-07-18T18:34:09Z</time><speed>0.000</speed><sat>16</sat></trkpt>
  <trkpt lat="26.42369833" lon="-80.15284000"><ele>13.804</ele><time>2026-07-18T18:34:10Z</time><speed>0.000</speed><sat>15</sat></trkpt>
  <trkpt lat="26.42369833" lon="-80.15284000"><ele>13.804</ele><time>2026-07-18T18:34:11Z</time><speed>0.000</speed><sat>15</sat></trkpt>
  <trkpt lat="26.42369833" lon="-80.15284000"><ele>13.804</ele><time>2026-07-18T18:34:12Z</time><speed>0.000</speed><sat>15</sat></trkpt>
  <trkpt lat="26.42369833" lon="-80.15284000"><ele>13.804</ele><time>2026-07-18T18:34:13Z</time><speed>0.000</speed><sat>15</sat></trkpt>
  <trkpt lat="26.42369833" lon="-80.15284000"><ele>13.804</ele><time>2026-07-18T18:34:14Z</time><speed>0.000</speed><sat>16</sat></trkpt>
  <trkpt lat="26.42369833" lon="-80.15284000"><ele>13.804</ele><time>2026-07-18T18:34:15Z</time><speed>0.000</speed><sat>15</sat></trkpt>
  <trkpt lat="26.42369833" lon="-80.15284000"><ele>13.804</ele><time>2026-07-18T18:34:16Z</time><speed>0.000</speed><sat>16</sat></trkpt>
  <trkpt lat="26.42369833" lon="-80.15284000"><ele>13.804</ele><time>2026-07-18T18:34:17Z</time><speed>0.000</speed><sat>15</sat></trkpt>
  <trkpt lat="26.42369833" lon="-80.15284000"><ele>13.804</ele><time>2026-07-18T18:34:18Z</time><speed>0.000</speed><sat>14</sat></trkpt>
  <trkpt lat="26.42369833" lon="-80.15284000"><ele>13.804</ele><time>2026-07-18T18:34:19Z</time><speed>0.000</speed><sat>14</sat></trkpt>
  <trkpt lat="26.42369833" lon="-80.15284000"><ele>13.804</ele><time>2026-07-18T18:34:20Z</time><speed>0.000</speed><sat>14</sat></trkpt>
  <trkpt lat="26.42369833" lon="-80.15284000"><ele>13.804</ele><time>2026-07-18T18:34:21Z</time><speed>0.000</speed><sat>14</sat></trkpt>
  <trkpt lat="26.42369833" lon="-80.15284000"><ele>13.804</ele><time>2026-07-18T18:34:22Z</time><speed>0.000</speed><sat>14</sat></trkpt>
  <trkpt lat="26.42369833" lon="-80.15284000"><ele>13.804</ele><time>2026-07-18T18:34:23Z</time><speed>0.000</speed><sat>14</sat></trkpt>
  <trkpt lat="26.42369833" lon="-80.15284000"><ele>13.804</ele><time>2026-07-18T18:34:24Z</time><speed>0.000</speed><sat>14</sat></trkpt>
  <trkpt lat="26.42369833" lon="-80.15284000"><ele>13.804</ele><time>2026-07-18T18:34:25Z</time><speed>0.000</speed><sat>14</sat></trkpt>
  <trkpt lat="26.42369833" lon="-80.15284000"><ele>13.804</ele><time>2026-07-18T18:34:26Z</time><speed>0.000</speed><sat>14</sat></trkpt>
  <trkpt lat="26.42369833" lon="-80.15284000"><ele>13.804</ele><time>2026-07-18T18:34:27Z</time><speed>0.000</speed><sat>14</sat></trkpt>
  <trkpt lat="26.42369833" lon="-80.15284000"><ele>13.804</ele><time>2026-07-18T18:34:28Z</time><speed>0.000</speed><sat>14</sat></trkpt>
  <trkpt lat="26.42369833" lon="-80.15284000"><ele>13.804</ele><time>2026-07-18T18:34:29Z</time><speed>0.000</speed><sat>14</sat></trkpt>
  <trkpt lat="26.42369833" lon="-80.15284000"><ele>13.804</ele><time>2026-07-18T18:34:30Z</time><speed>0.000</speed><sat>14</sat></trkpt>
  <trkpt lat="26.42369833" lon="-80.15284000"><ele>13.804</ele><time>2026-07-18T18:34:31Z</time><speed>0.000</speed><sat>14</sat></trkpt>
  <trkpt lat="26.42369833" lon="-80.15284000"><ele>13.804</ele><time>2026-07-18T18:34:32Z</time><speed>0.000</speed><sat>14</sat></trkpt>
  <trkpt lat="26.42369833" lon="-80.15284000"><ele>13.804</ele><time>2026-07-18T18:34:33Z</time><speed>0.000</speed><sat>15</sat></trkpt>
  <trkpt lat="26.42369833" lon="-80.15284000"><ele>13.804</ele><time>2026-07-18T18:34:34Z</time><speed>0.000</speed><sat>15</sat></trkpt>
  <trkpt lat="26.42369833" lon="-80.15284000"><ele>13.804</ele><time>2026-07-18T18:34:35Z</time><speed>0.000</speed><sat>15</sat></trkpt>
  <trkpt lat="26.42369833" lon="-80.15284000"><ele>13.804</ele><time>2026-07-18T18:34:36Z</time><speed>0.000</speed><sat>15</sat></trkpt>
  <trkpt lat="26.42369833" lon="-80.15284000"><ele>13.804</ele><time>2026-07-18T18:34:37Z</time><speed>0.000</speed><sat>15</sat></trkpt>
  <trkpt lat="26.42369833" lon="-80.15284000"><ele>13.804</ele><time>2026-07-18T18:34:38Z</time><speed>0.000</speed><sat>15</sat></trkpt>
  <trkpt lat="26.42369833" lon="-80.15284000"><ele>13.804</ele><time>2026-07-18T18:34:39Z</time><speed>0.000</speed><sat>15</sat></trkpt>
  <trkpt lat="26.42369833" lon="-80.15284000"><ele>13.804</ele><time>2026-07-18T18:34:40Z</time><speed>0.000</speed><sat>15</sat></trkpt>
  <trkpt lat="26.42369833" lon="-80.15284000"><ele>13.804</ele><time>2026-07-18T18:34:41Z</time><speed>0.000</speed><sat>15</sat></trkpt>
  <trkpt lat="26.42369833" lon="-80.15284000"><ele>13.804</ele><time>2026-07-18T18:34:42Z</time><speed>0.000</speed><sat>15</sat></trkpt>
  <trkpt lat="26.42369833" lon="-80.15284000"><ele>13.804</ele><time>2026-07-18T18:34:43Z</time><speed>0.000</speed><sat>16</sat></trkpt>
  <trkpt lat="26.42369833" lon="-80.15284000"><ele>13.804</ele><time>2026-07-18T18:34:44Z</time><speed>0.000</speed><sat>16</sat></trkpt>
  <trkpt lat="26.42369833" lon="-80.15284000"><ele>13.804</ele><time>2026-07-18T18:34:45Z</time><speed>0.000</speed><sat>16</sat></trkpt>
  <trkpt lat="26.42369833" lon="-80.15284000"><ele>13.804</ele><time>2026-07-18T18:34:46Z</time><speed>0.000</speed><sat>16</sat></trkpt>
  <trkpt lat="26.42369833" lon="-80.15284000"><ele>13.804</ele><time>2026-07-18T18:34:47Z</time><speed>0.000</speed><sat>16</sat></trkpt>
  <trkpt lat="26.42369833" lon="-80.15284000"><ele>13.804</ele><time>2026-07-18T18:34:48Z</time><speed>0.000</speed><sat>15</sat></trkpt>
  <trkpt lat="26.42369833" lon="-80.15284000"><ele>13.804</ele><time>2026-07-18T18:34:49Z</time><speed>0.000</speed><sat>15</sat></trkpt>
  <trkpt lat="26.42369833" lon="-80.15284000"><ele>13.804</ele><time>2026-07-18T18:34:50Z</time><speed>0.000</speed><sat>15</sat></trkpt>
  <trkpt lat="26.42369833" lon="-80.15284000"><ele>13.804</ele><time>2026-07-18T18:34:51Z</time><speed>0.000</speed><sat>15</sat></trkpt>
  <trkpt lat="26.42369833" lon="-80.15284000"><ele>13.804</ele><time>2026-07-18T18:34:52Z</time><speed>0.000</speed><sat>15</sat></trkpt>
  <trkpt lat="26.42369833" lon="-80.15284000"><ele>13.804</ele><time>2026-07-18T18:34:53Z</time><speed>0.000</speed><sat>15</sat></trkpt>
  <trkpt lat="26.42369833" lon="-80.15284000"><ele>13.804</ele><time>2026-07-18T18:34:54Z</time><speed>0.000</speed><sat>15</sat></trkpt>
  <trkpt lat="26.42369833" lon="-80.15284000"><ele>13.804</ele><time>2026-07-18T18:34:55Z</time><speed>0.000</speed><sat>15</sat></trkpt>
  <trkpt lat="26.42369833" lon="-80.15284000"><ele>13.804</ele><time>2026-07-18T18:34:56Z</time><speed>0.000</speed><sat>15</sat></trkpt>
  <trkpt lat="26.42369833" lon="-80.15284000"><ele>13.804</ele><time>2026-07-18T18:34:57Z</time><speed>0.000</speed><sat>15</sat></trkpt>
  <trkpt lat="26.42369833" lon="-80.15284000"><ele>13.804</ele><time>2026-07-18T18:34:58Z</time><speed>0.000</speed><sat>15</sat></trkpt>
  <trkpt lat="26.42369833" lon="-80.15284000"><ele>13.804</ele><time>2026-07-18T18:34:59Z</time><speed>0.000</speed><sat>15</sat></trkpt>
  <trkpt lat="26.42369833" lon="-80.15284000"><ele>13.804</ele><time>2026-07-18T18:35:00Z</time><speed>0.000</speed><sat>15</sat></trkpt>
  <trkpt lat="26.42369833" lon="-80.15284000"><ele>13.804</ele><time>2026-07-18T18:35:01Z</time><speed>0.000</speed><sat>15</sat></trkpt>
  <trkpt lat="26.42369833" lon="-80.15284000"><ele>13.804</ele><time>2026-07-18T18:35:02Z</time><speed>0.000</speed><sat>15</sat></trkpt>
  <trkpt lat="26.42369833" lon="-80.15284000"><ele>13.804</ele><time>2026-07-18T18:35:03Z</time><speed>0.000</speed><sat>15</sat></trkpt>
  <trkpt lat="26.42369833" lon="-80.15284000"><ele>13.804</ele><time>2026-07-18T18:35:04Z</time><speed>0.000</speed><sat>15</sat></trkpt>
  <trkpt lat="26.42369833" lon="-80.15284000"><ele>13.804</ele><time>2026-07-18T18:35:05Z</time><speed>0.000</speed><sat>15</sat></trkpt>
  <trkpt lat="26.42369833" lon="-80.15284000"><ele>13.804</ele><time>2026-07-18T18:35:06Z</time><speed>0.000</speed><sat>14</sat></trkpt>
  <trkpt lat="26.42369833" lon="-80.15284000"><ele>13.804</ele><time>2026-07-18T18:35:07Z</time><speed>0.000</speed><sat>14</sat></trkpt>
  <trkpt lat="26.42369833" lon="-80.15284000"><ele>13.804</ele><time>2026-07-18T18:35:08Z</time><speed>0.000</speed><sat>14</sat></trkpt>
  <trkpt lat="26.42369833" lon="-80.15284000"><ele>13.804</ele><time>2026-07-18T18:35:09Z</time><speed>0.000</speed><sat>15</sat></trkpt>
  <trkpt lat="26.42369833" lon="-80.15284000"><ele>13.804</ele><time>2026-07-18T18:35:10Z</time><speed>0.000</speed><sat>15</sat></trkpt>
  <trkpt lat="26.42369833" lon="-80.15284000"><ele>13.804</ele><time>2026-07-18T18:35:11Z</time><speed>0.000</speed><sat>15</sat></trkpt>
  <trkpt lat="26.42369833" lon="-80.15284000"><ele>13.804</ele><time>2026-07-18T18:35:12Z</time><speed>0.000</speed><sat>15</sat></trkpt>
  <trkpt lat="26.42369833" lon="-80.15284000"><ele>13.804</ele><time>2026-07-18T18:35:13Z</time><speed>0.000</speed><sat>15</sat></trkpt>
  <trkpt lat="26.42369833" lon="-80.15284000"><ele>13.804</ele><time>2026-07-18T18:35:14Z</time><speed>0.000</speed><sat>15</sat></trkpt>
  <trkpt lat="26.42369833" lon="-80.15284000"><ele>13.804</ele><time>2026-07-18T18:35:15Z</time><speed>0.000</speed><sat>14</sat></trkpt>
  <trkpt lat="26.42369833" lon="-80.15284000"><ele>13.804</ele><time>2026-07-18T18:35:16Z</time><speed>0.000</speed><sat>14</sat></trkpt>
  <trkpt lat="26.42369000" lon="-80.15282333"><ele>16.404</ele><time>2026-07-18T18:35:17Z</time><speed>0.180</speed><sat>14</sat></trkpt>
  <trkpt lat="26.42369167" lon="-80.15282500"><ele>16.704</ele><time>2026-07-18T18:35:18Z</time><speed>0.000</speed><sat>14</sat></trkpt>
  <trkpt lat="26.42369500" lon="-80.15282500"><ele>16.804</ele><time>2026-07-18T18:35:19Z</time><speed>0.000</speed><sat>14</sat></trkpt>
  <trkpt lat="26.42369833" lon="-80.15282500"><ele>16.704</ele><time>2026-07-18T18:35:20Z</time><speed>0.000</speed><sat>14</sat></trkpt>
  <trkpt lat="26.42369833" lon="-80.15282500"><ele>16.704</ele><time>2026-07-18T18:35:21Z</time><speed>0.000</speed><sat>14</sat></trkpt>
  <trkpt lat="26.42369833" lon="-80.15282500"><ele>16.704</ele><time>2026-07-18T18:35:22Z</time><speed>0.000</speed><sat>14</sat></trkpt>
  <trkpt lat="26.42369833" lon="-80.15282500"><ele>16.704</ele><time>2026-07-18T18:35:23Z</time><speed>0.000</speed><sat>14</sat></trkpt>
  <trkpt lat="26.42369833" lon="-80.15282500"><ele>16.704</ele><time>2026-07-18T18:35:24Z</time><speed>0.000</speed><sat>14</sat></trkpt>
  <trkpt lat="26.42369833" lon="-80.15282500"><ele>16.704</ele><time>2026-07-18T18:35:25Z</time><speed>0.000</speed><sat>14</sat></trkpt>
  <trkpt lat="26.42369833" lon="-80.15282500"><ele>16.704</ele><time>2026-07-18T18:35:26Z</time><speed>0.000</speed><sat>15</sat></trkpt>
  <trkpt lat="26.42369833" lon="-80.15282500"><ele>16.704</ele><time>2026-07-18T18:35:27Z</time><speed>0.000</speed><sat>15</sat></trkpt>
  <trkpt lat="26.42369833" lon="-80.15282500"><ele>16.704</ele><time>2026-07-18T18:35:28Z</time><speed>0.000</speed><sat>15</sat></trkpt>
  <trkpt lat="26.42369833" lon="-80.15282500"><ele>16.704</ele><time>2026-07-18T18:35:29Z</time><speed>0.000</speed><sat>15</sat></trkpt>
  <trkpt lat="26.42369833" lon="-80.15282500"><ele>16.704</ele><time>2026-07-18T18:35:30Z</time><speed>0.000</speed><sat>15</sat></trkpt>
  <trkpt lat="26.42369833" lon="-80.15282500"><ele>16.704</ele><time>2026-07-18T18:35:31Z</time><speed>0.000</speed><sat>15</sat></trkpt>
  <trkpt lat="26.42369833" lon="-80.15282500"><ele>16.704</ele><time>2026-07-18T18:35:32Z</time><speed>0.000</speed><sat>15</sat></trkpt>
  <trkpt lat="26.42369833" lon="-80.15282500"><ele>16.704</ele><time>2026-07-18T18:35:33Z</time><speed>0.000</speed><sat>15</sat></trkpt>
  <trkpt lat="26.42369833" lon="-80.15282500"><ele>16.704</ele><time>2026-07-18T18:35:34Z</time><speed>0.000</speed><sat>15</sat></trkpt>
  <trkpt lat="26.42369833" lon="-80.15282500"><ele>16.704</ele><time>2026-07-18T18:35:35Z</time><speed>0.000</speed><sat>14</sat></trkpt>
  <trkpt lat="26.42369833" lon="-80.15282500"><ele>16.704</ele><time>2026-07-18T18:35:36Z</time><speed>0.000</speed><sat>14</sat></trkpt>
  <trkpt lat="26.42369833" lon="-80.15282500"><ele>16.704</ele><time>2026-07-18T18:35:37Z</time><speed>0.000</speed><sat>15</sat></trkpt>
  <trkpt lat="26.42369833" lon="-80.15282500"><ele>16.704</ele><time>2026-07-18T18:35:38Z</time><speed>0.000</speed><sat>15</sat></trkpt>
  <trkpt lat="26.42369833" lon="-80.15282500"><ele>16.704</ele><time>2026-07-18T18:35:39Z</time><speed>0.000</speed><sat>15</sat></trkpt>
  <trkpt lat="26.42369833" lon="-80.15282500"><ele>16.704</ele><time>2026-07-18T18:35:40Z</time><speed>0.000</speed><sat>15</sat></trkpt>
  <trkpt lat="26.42369833" lon="-80.15282500"><ele>16.704</ele><time>2026-07-18T18:35:41Z</time><speed>0.000</speed><sat>15</sat></trkpt>
  <trkpt lat="26.42369833" lon="-80.15282500"><ele>16.704</ele><time>2026-07-18T18:35:42Z</time><speed>0.000</speed><sat>15</sat></trkpt>
  <trkpt lat="26.42369833" lon="-80.15282500"><ele>16.704</ele><time>2026-07-18T18:35:43Z</time><speed>0.000</speed><sat>15</sat></trkpt>
  <trkpt lat="26.42369833" lon="-80.15282500"><ele>16.704</ele><time>2026-07-18T18:35:44Z</time><speed>0.000</speed><sat>14</sat></trkpt>
  <trkpt lat="26.42369833" lon="-80.15282500"><ele>16.704</ele><time>2026-07-18T18:35:45Z</time><speed>0.000</speed><sat>15</sat></trkpt>
  <trkpt lat="26.42369833" lon="-80.15282500"><ele>16.704</ele><time>2026-07-18T18:35:46Z</time><speed>0.000</speed><sat>15</sat></trkpt>
  <trkpt lat="26.42369833" lon="-80.15282500"><ele>16.704</ele><time>2026-07-18T18:35:47Z</time><speed>0.000</speed><sat>15</sat></trkpt>
  <trkpt lat="26.42369833" lon="-80.15282500"><ele>16.704</ele><time>2026-07-18T18:35:48Z</time><speed>0.000</speed><sat>15</sat></trkpt>
  <trkpt lat="26.42369833" lon="-80.15282500"><ele>16.704</ele><time>2026-07-18T18:35:49Z</time><speed>0.000</speed><sat>15</sat></trkpt>
  <trkpt lat="26.42369833" lon="-80.15282500"><ele>16.704</ele><time>2026-07-18T18:35:50Z</time><speed>0.000</speed><sat>15</sat></trkpt>
  <trkpt lat="26.42369833" lon="-80.15282500"><ele>16.704</ele><time>2026-07-18T18:35:51Z</time><speed>0.000</speed><sat>15</sat></trkpt>
  <trkpt lat="26.42369833" lon="-80.15282500"><ele>16.704</ele><time>2026-07-18T18:35:52Z</time><speed>0.000</speed><sat>15</sat></trkpt>
  <trkpt lat="26.42369833" lon="-80.15282500"><ele>16.704</ele><time>2026-07-18T18:35:53Z</time><speed>0.000</speed><sat>15</sat></trkpt>
  <trkpt lat="26.42369833" lon="-80.15282500"><ele>16.704</ele><time>2026-07-18T18:35:54Z</time><speed>0.000</speed><sat>15</sat></trkpt>
  <trkpt lat="26.42369833" lon="-80.15282500"><ele>16.704</ele><time>2026-07-18T18:35:55Z</time><speed>0.000</speed><sat>15</sat></trkpt>
  <trkpt lat="26.42369833" lon="-80.15282500"><ele>16.704</ele><time>2026-07-18T18:35:56Z</time><speed>0.000</speed><sat>15</sat></trkpt>
  <trkpt lat="26.42369833" lon="-80.15282500"><ele>16.704</ele><time>2026-07-18T18:35:57Z</time><speed>0.000</speed><sat>15</sat></trkpt>
  <trkpt lat="26.42369833" lon="-80.15282500"><ele>16.704</ele><time>2026-07-18T18:35:58Z</time><speed>0.000</speed><sat>15</sat></trkpt>
  <trkpt lat="26.42369833" lon="-80.15282500"><ele>16.704</ele><time>2026-07-18T18:35:59Z</time><speed>0.000</speed><sat>15</sat></trkpt>
  <trkpt lat="26.42369833" lon="-80.15282500"><ele>16.704</ele><time>2026-07-18T18:36:00Z</time><speed>0.000</speed><sat>15</sat></trkpt>
  <trkpt lat="26.42369833" lon="-80.15282500"><ele>16.704</ele><time>2026-07-18T18:36:01Z</time><speed>0.000</speed><sat>15</sat></trkpt>
  <trkpt lat="26.42369833" lon="-80.15282500"><ele>16.704</ele><time>2026-07-18T18:36:02Z</time><speed>0.000</speed><sat>15</sat></trkpt>
  <trkpt lat="26.42369833" lon="-80.15282500"><ele>16.704</ele><time>2026-07-18T18:36:03Z</time><speed>0.000</speed><sat>15</sat></trkpt>
  <trkpt lat="26.42369833" lon="-80.15282500"><ele>16.704</ele><time>2026-07-18T18:36:04Z</time><speed>0.000</speed><sat>15</sat></trkpt>
  <trkpt lat="26.42369833" lon="-80.15282500"><ele>16.704</ele><time>2026-07-18T18:36:05Z</time><speed>0.000</speed><sat>15</sat></trkpt>
  <trkpt lat="26.42369833" lon="-80.15282500"><ele>16.704</ele><time>2026-07-18T18:36:06Z</time><speed>0.000</speed><sat>15</sat></trkpt>
  <trkpt lat="26.42369833" lon="-80.15282500"><ele>16.704</ele><time>2026-07-18T18:36:07Z</time><speed>0.000</speed><sat>15</sat></trkpt>
  <trkpt lat="26.42369833" lon="-80.15282500"><ele>16.704</ele><time>2026-07-18T18:36:08Z</time><speed>0.000</speed><sat>15</sat></trkpt>
  <trkpt lat="26.42369833" lon="-80.15282500"><ele>16.704</ele><time>2026-07-18T18:36:09Z</time><speed>0.000</speed><sat>14</sat></trkpt>
  <trkpt lat="26.42369833" lon="-80.15282500"><ele>16.704</ele><time>2026-07-18T18:36:10Z</time><speed>0.000</speed><sat>14</sat></trkpt>
  <trkpt lat="26.42369833" lon="-80.15282500"><ele>16.704</ele><time>2026-07-18T18:36:11Z</time><speed>0.000</speed><sat>13</sat></trkpt>
  <trkpt lat="26.42369833" lon="-80.15282500"><ele>16.704</ele><time>2026-07-18T18:36:12Z</time><speed>0.000</speed><sat>13</sat></trkpt>
  <trkpt lat="26.42369833" lon="-80.15282500"><ele>16.704</ele><time>2026-07-18T18:36:13Z</time><speed>0.000</speed><sat>15</sat></trkpt>
  <trkpt lat="26.42369833" lon="-80.15282500"><ele>16.704</ele><time>2026-07-18T18:36:14Z</time><speed>0.000</speed><sat>14</sat></trkpt>
  <trkpt lat="26.42369833" lon="-80.15282500"><ele>16.704</ele><time>2026-07-18T18:36:15Z</time><speed>0.000</speed><sat>14</sat></trkpt>
  <trkpt lat="26.42369833" lon="-80.15282500"><ele>16.704</ele><time>2026-07-18T18:36:16Z</time><speed>0.000</speed><sat>15</sat></trkpt>
  <trkpt lat="26.42369833" lon="-80.15282500"><ele>16.704</ele><time>2026-07-18T18:36:17Z</time><speed>0.000</speed><sat>14</sat></trkpt>
  <trkpt lat="26.42369833" lon="-80.15282500"><ele>16.704</ele><time>2026-07-18T18:36:18Z</time><speed>0.000</speed><sat>14</sat></trkpt>
  <trkpt lat="26.42369833" lon="-80.15282500"><ele>16.704</ele><time>2026-07-18T18:36:19Z</time><speed>0.000</speed><sat>14</sat></trkpt>
  <trkpt lat="26.42369833" lon="-80.15282500"><ele>16.704</ele><time>2026-07-18T18:36:20Z</time><speed>0.000</speed><sat>14</sat></trkpt>
  <trkpt lat="26.42369833" lon="-80.15282500"><ele>16.704</ele><time>2026-07-18T18:36:21Z</time><speed>0.000</speed><sat>14</sat></trkpt>
  <trkpt lat="26.42369833" lon="-80.15282500"><ele>16.704</ele><time>2026-07-18T18:36:22Z</time><speed>0.000</speed><sat>14</sat></trkpt>
  <trkpt lat="26.42369833" lon="-80.15282500"><ele>16.704</ele><time>2026-07-18T18:36:23Z</time><speed>0.000</speed><sat>14</sat></trkpt>
  <trkpt lat="26.42369833" lon="-80.15282500"><ele>16.704</ele><time>2026-07-18T18:36:24Z</time><speed>0.000</speed><sat>14</sat></trkpt>
  <trkpt lat="26.42369833" lon="-80.15282500"><ele>16.704</ele><time>2026-07-18T18:36:25Z</time><speed>0.000</speed><sat>15</sat></trkpt>
  <trkpt lat="26.42369833" lon="-80.15282500"><ele>16.704</ele><time>2026-07-18T18:36:26Z</time><speed>0.000</speed><sat>14</sat></trkpt>
  <trkpt lat="26.42369833" lon="-80.15282500"><ele>16.704</ele><time>2026-07-18T18:36:27Z</time><speed>0.000</speed><sat>14</sat></trkpt>
  <trkpt lat="26.42369833" lon="-80.15282500"><ele>16.704</ele><time>2026-07-18T18:36:28Z</time><speed>0.000</speed><sat>14</sat></trkpt>
  <trkpt lat="26.42369833" lon="-80.15282500"><ele>16.704</ele><time>2026-07-18T18:36:29Z</time><speed>0.000</speed><sat>14</sat></trkpt>
  <trkpt lat="26.42369833" lon="-80.15282500"><ele>16.704</ele><time>2026-07-18T18:36:30Z</time><speed>0.000</speed><sat>15</sat></trkpt>
  <trkpt lat="26.42369833" lon="-80.15282500"><ele>16.704</ele><time>2026-07-18T18:36:31Z</time><speed>0.000</speed><sat>15</sat></trkpt>
  <trkpt lat="26.42370000" lon="-80.15283167"><ele>20.504</ele><time>2026-07-18T18:36:32Z</time><speed>0.288</speed><sat>15</sat></trkpt>
  <trkpt lat="26.42370167" lon="-80.15282833"><ele>20.204</ele><time>2026-07-18T18:36:33Z</time><speed>0.310</speed><sat>15</sat></trkpt>
  <trkpt lat="26.42370833" lon="-80.15282833"><ele>19.904</ele><time>2026-07-18T18:36:34Z</time><speed>0.000</speed><sat>15</sat></trkpt>
  <trkpt lat="26.42371167" lon="-80.15282833"><ele>19.604</ele><time>2026-07-18T18:36:35Z</time><speed>0.000</speed><sat>15</sat></trkpt>
  <trkpt lat="26.42371167" lon="-80.15283000"><ele>19.304</ele><time>2026-07-18T18:36:36Z</time><speed>0.000</speed><sat>15</sat></trkpt>
  <trkpt lat="26.42371167" lon="-80.15283000"><ele>19.304</ele><time>2026-07-18T18:36:37Z</time><speed>0.000</speed><sat>14</sat></trkpt>
  <trkpt lat="26.42371167" lon="-80.15283000"><ele>19.304</ele><time>2026-07-18T18:36:38Z</time><speed>0.000</speed><sat>14</sat></trkpt>
  <trkpt lat="26.42371167" lon="-80.15283000"><ele>19.304</ele><time>2026-07-18T18:36:39Z</time><speed>0.000</speed><sat>16</sat></trkpt>
  <trkpt lat="26.42371167" lon="-80.15283000"><ele>19.304</ele><time>2026-07-18T18:36:40Z</time><speed>0.000</speed><sat>16</sat></trkpt>
  <trkpt lat="26.42371167" lon="-80.15283000"><ele>19.304</ele><time>2026-07-18T18:36:41Z</time><speed>0.000</speed><sat>16</sat></trkpt>
  <trkpt lat="26.42371167" lon="-80.15283000"><ele>19.304</ele><time>2026-07-18T18:36:42Z</time><speed>0.000</speed><sat>16</sat></trkpt>
  <trkpt lat="26.42371167" lon="-80.15283000"><ele>19.304</ele><time>2026-07-18T18:36:43Z</time><speed>0.000</speed><sat>16</sat></trkpt>
  <trkpt lat="26.42371167" lon="-80.15283000"><ele>19.304</ele><time>2026-07-18T18:36:44Z</time><speed>0.000</speed><sat>16</sat></trkpt>
  <trkpt lat="26.42371167" lon="-80.15283000"><ele>19.304</ele><time>2026-07-18T18:36:45Z</time><speed>0.000</speed><sat>15</sat></trkpt>
  <trkpt lat="26.42371167" lon="-80.15283000"><ele>19.304</ele><time>2026-07-18T18:36:46Z</time><speed>0.000</speed><sat>14</sat></trkpt>
  <trkpt lat="26.42371167" lon="-80.15283000"><ele>19.304</ele><time>2026-07-18T18:36:47Z</time><speed>0.000</speed><sat>14</sat></trkpt>
  <trkpt lat="26.42371167" lon="-80.15283000"><ele>19.304</ele><time>2026-07-18T18:36:48Z</time><speed>0.000</speed><sat>13</sat></trkpt>
  <trkpt lat="26.42371167" lon="-80.15283000"><ele>19.304</ele><time>2026-07-18T18:36:49Z</time><speed>0.000</speed><sat>14</sat></trkpt>
  <trkpt lat="26.42370500" lon="-80.15284333"><ele>18.404</ele><time>2026-07-18T18:36:50Z</time><speed>0.220</speed><sat>14</sat></trkpt>
  <trkpt lat="26.42370333" lon="-80.15284500"><ele>18.404</ele><time>2026-07-18T18:36:51Z</time><speed>0.000</speed><sat>14</sat></trkpt>
  <trkpt lat="26.42370333" lon="-80.15284833"><ele>18.604</ele><time>2026-07-18T18:36:52Z</time><speed>0.000</speed><sat>13</sat></trkpt>
  <trkpt lat="26.42370167" lon="-80.15284833"><ele>18.704</ele><time>2026-07-18T18:36:53Z</time><speed>0.000</speed><sat>14</sat></trkpt>
  <trkpt lat="26.42370167" lon="-80.15284833"><ele>18.704</ele><time>2026-07-18T18:36:54Z</time><speed>0.000</speed><sat>14</sat></trkpt>
  <trkpt lat="26.42370167" lon="-80.15284833"><ele>18.704</ele><time>2026-07-18T18:36:55Z</time><speed>0.000</speed><sat>15</sat></trkpt>
  <trkpt lat="26.42370167" lon="-80.15284833"><ele>18.704</ele><time>2026-07-18T18:36:56Z</time><speed>0.000</speed><sat>15</sat></trkpt>
  <trkpt lat="26.42370167" lon="-80.15284833"><ele>18.704</ele><time>2026-07-18T18:36:57Z</time><speed>0.000</speed><sat>15</sat></trkpt>
  <trkpt lat="26.42370167" lon="-80.15284833"><ele>18.704</ele><time>2026-07-18T18:36:58Z</time><speed>0.000</speed><sat>15</sat></trkpt>
  <trkpt lat="26.42370167" lon="-80.15284833"><ele>18.704</ele><time>2026-07-18T18:36:59Z</time><speed>0.000</speed><sat>15</sat></trkpt>
  <trkpt lat="26.42370167" lon="-80.15284833"><ele>18.704</ele><time>2026-07-18T18:37:00Z</time><speed>0.000</speed><sat>15</sat></trkpt>
  <trkpt lat="26.42370167" lon="-80.15284833"><ele>18.704</ele><time>2026-07-18T18:37:01Z</time><speed>0.000</speed><sat>15</sat></trkpt>
  <trkpt lat="26.42370167" lon="-80.15284833"><ele>18.704</ele><time>2026-07-18T18:37:02Z</time><speed>0.000</speed><sat>15</sat></trkpt>
  <trkpt lat="26.42370167" lon="-80.15284833"><ele>18.704</ele><time>2026-07-18T18:37:03Z</time><speed>0.000</speed><sat>15</sat></trkpt>
  <trkpt lat="26.42370167" lon="-80.15284833"><ele>18.704</ele><time>2026-07-18T18:37:04Z</time><speed>0.000</speed><sat>15</sat></trkpt>
  <trkpt lat="26.42370167" lon="-80.15284833"><ele>18.704</ele><time>2026-07-18T18:37:05Z</time><speed>0.000</speed><sat>15</sat></trkpt>
  <trkpt lat="26.42370167" lon="-80.15284833"><ele>18.704</ele><time>2026-07-18T18:37:06Z</time><speed>0.000</speed><sat>15</sat></trkpt>
  <trkpt lat="26.42370167" lon="-80.15284833"><ele>18.704</ele><time>2026-07-18T18:37:07Z</time><speed>0.000</speed><sat>15</sat></trkpt>
  <trkpt lat="26.42370167" lon="-80.15284833"><ele>18.704</ele><time>2026-07-18T18:37:08Z</time><speed>0.000</speed><sat>15</sat></trkpt>
  <trkpt lat="26.42370167" lon="-80.15284833"><ele>18.704</ele><time>2026-07-18T18:37:09Z</time><speed>0.000</speed><sat>15</sat></trkpt>
  <trkpt lat="26.42370167" lon="-80.15284833"><ele>18.704</ele><time>2026-07-18T18:37:10Z</time><speed>0.000</speed><sat>15</sat></trkpt>
  <trkpt lat="26.42370167" lon="-80.15284833"><ele>18.704</ele><time>2026-07-18T18:37:11Z</time><speed>0.000</speed><sat>15</sat></trkpt>
  <trkpt lat="26.42370167" lon="-80.15284833"><ele>18.704</ele><time>2026-07-18T18:37:12Z</time><speed>0.000</speed><sat>15</sat></trkpt>
  <trkpt lat="26.42370167" lon="-80.15284833"><ele>18.704</ele><time>2026-07-18T18:37:13Z</time><speed>0.000</speed><sat>15</sat></trkpt>
  <trkpt lat="26.42368833" lon="-80.15284500"><ele>18.704</ele><time>2026-07-18T18:37:14Z</time><speed>0.290</speed><sat>15</sat></trkpt>
  <trkpt lat="26.42368167" lon="-80.15284333"><ele>18.804</ele><time>2026-07-18T18:37:15Z</time><speed>0.321</speed><sat>15</sat></trkpt>
  <trkpt lat="26.42367333" lon="-80.15284333"><ele>18.904</ele><time>2026-07-18T18:37:16Z</time><speed>0.371</speed><sat>15</sat></trkpt>
  <trkpt lat="26.42366167" lon="-80.15283833"><ele>18.804</ele><time>2026-07-18T18:37:17Z</time><speed>0.455</speed><sat>15</sat></trkpt>
  <trkpt lat="26.42365000" lon="-80.15283333"><ele>18.504</ele><time>2026-07-18T18:37:18Z</time><speed>0.560</speed><sat>15</sat></trkpt>
  <trkpt lat="26.42364000" lon="-80.15282667"><ele>18.304</ele><time>2026-07-18T18:37:19Z</time><speed>0.652</speed><sat>15</sat></trkpt>
  <trkpt lat="26.42362667" lon="-80.15282167"><ele>17.904</ele><time>2026-07-18T18:37:20Z</time><speed>0.758</speed><sat>15</sat></trkpt>
  <trkpt lat="26.42361667" lon="-80.15282000"><ele>18.004</ele><time>2026-07-18T18:37:21Z</time><speed>0.836</speed><sat>15</sat></trkpt>
  <trkpt lat="26.42361000" lon="-80.15281500"><ele>18.004</ele><time>2026-07-18T18:37:22Z</time><speed>0.881</speed><sat>15</sat></trkpt>
  <trkpt lat="26.42360167" lon="-80.15281000"><ele>18.304</ele><time>2026-07-18T18:37:23Z</time><speed>1.005</speed><sat>15</sat></trkpt>
  <trkpt lat="26.42358333" lon="-80.15280833"><ele>18.104</ele><time>2026-07-18T18:37:24Z</time><speed>1.102</speed><sat>15</sat></trkpt>
  <trkpt lat="26.42357167" lon="-80.15280667"><ele>18.304</ele><time>2026-07-18T18:37:25Z</time><speed>1.150</speed><sat>15</sat></trkpt>
  <trkpt lat="26.42356167" lon="-80.15280167"><ele>18.204</ele><time>2026-07-18T18:37:26Z</time><speed>1.188</speed><sat>15</sat></trkpt>
  <trkpt lat="26.42354833" lon="-80.15279667"><ele>18.404</ele><time>2026-07-18T18:37:27Z</time><speed>1.237</speed><sat>16</sat></trkpt>
  <trkpt lat="26.42354167" lon="-80.15279000"><ele>18.704</ele><time>2026-07-18T18:37:28Z</time><speed>1.271</speed><sat>16</sat></trkpt>
  <trkpt lat="26.42353333" lon="-80.15278167"><ele>18.704</ele><time>2026-07-18T18:37:29Z</time><speed>1.250</speed><sat>15</sat></trkpt>
  <trkpt lat="26.42353000" lon="-80.15277333"><ele>18.704</ele><time>2026-07-18T18:37:30Z</time><speed>1.181</speed><sat>16</sat></trkpt>
  <trkpt lat="26.42353000" lon="-80.15277333"><ele>18.904</ele><time>2026-07-18T18:37:31Z</time><speed>1.128</speed><sat>16</sat></trkpt>
  <trkpt lat="26.42353167" lon="-80.15277500"><ele>18.704</ele><time>2026-07-18T18:37:32Z</time><speed>1.081</speed><sat>16</sat></trkpt>
  <trkpt lat="26.42353167" lon="-80.15277667"><ele>18.804</ele><time>2026-07-18T18:37:33Z</time><speed>0.926</speed><sat>16</sat></trkpt>
  <trkpt lat="26.42353000" lon="-80.15277500"><ele>18.804</ele><time>2026-07-18T18:37:34Z</time><speed>0.795</speed><sat>15</sat></trkpt>
  <trkpt lat="26.42353000" lon="-80.15277333"><ele>18.904</ele><time>2026-07-18T18:37:35Z</time><speed>0.686</speed><sat>17</sat></trkpt>
  <trkpt lat="26.42353000" lon="-80.15277667"><ele>19.004</ele><time>2026-07-18T18:37:36Z</time><speed>0.598</speed><sat>16</sat></trkpt>
  <trkpt lat="26.42353000" lon="-80.15278500"><ele>19.204</ele><time>2026-07-18T18:37:37Z</time><speed>0.587</speed><sat>17</sat></trkpt>
  <trkpt lat="26.42352000" lon="-80.15279167"><ele>19.104</ele><time>2026-07-18T18:37:38Z</time><speed>0.585</speed><sat>17</sat></trkpt>
  <trkpt lat="26.42350333" lon="-80.15280667"><ele>19.104</ele><time>2026-07-18T18:37:39Z</time><speed>0.701</speed><sat>17</sat></trkpt>
  <trkpt lat="26.42348833" lon="-80.15281500"><ele>18.904</ele><time>2026-07-18T18:37:40Z</time><speed>0.798</speed><sat>17</sat></trkpt>
  <trkpt lat="26.42347500" lon="-80.15282500"><ele>18.604</ele><time>2026-07-18T18:37:41Z</time><speed>0.916</speed><sat>17</sat></trkpt>
  <trkpt lat="26.42346333" lon="-80.15283333"><ele>18.204</ele><time>2026-07-18T18:37:42Z</time><speed>1.034</speed><sat>17</sat></trkpt>
  <trkpt lat="26.42345500" lon="-80.15284167"><ele>18.104</ele><time>2026-07-18T18:37:43Z</time><speed>1.113</speed><sat>17</sat></trkpt>
  <trkpt lat="26.42344833" lon="-80.15284833"><ele>18.204</ele><time>2026-07-18T18:37:44Z</time><speed>1.230</speed><sat>17</sat></trkpt>
  <trkpt lat="26.42344167" lon="-80.15285833"><ele>18.004</ele><time>2026-07-18T18:37:45Z</time><speed>1.348</speed><sat>17</sat></trkpt>
  <trkpt lat="26.42343167" lon="-80.15287167"><ele>18.304</ele><time>2026-07-18T18:37:46Z</time><speed>1.489</speed><sat>17</sat></trkpt>
  <trkpt lat="26.42342167" lon="-80.15289000"><ele>18.404</ele><time>2026-07-18T18:37:47Z</time><speed>1.541</speed><sat>17</sat></trkpt>
  <trkpt lat="26.42340667" lon="-80.15290667"><ele>18.404</ele><time>2026-07-18T18:37:48Z</time><speed>1.633</speed><sat>16</sat></trkpt>
  <trkpt lat="26.42339833" lon="-80.15292167"><ele>18.404</ele><time>2026-07-18T18:37:49Z</time><speed>1.610</speed><sat>16</sat></trkpt>
  <trkpt lat="26.42338667" lon="-80.15293333"><ele>18.304</ele><time>2026-07-18T18:37:50Z</time><speed>1.585</speed><sat>16</sat></trkpt>
  <trkpt lat="26.42337500" lon="-80.15293833"><ele>17.904</ele><time>2026-07-18T18:37:51Z</time><speed>1.564</speed><sat>16</sat></trkpt>
  <trkpt lat="26.42336833" lon="-80.15294667"><ele>17.804</ele><time>2026-07-18T18:37:52Z</time><speed>1.528</speed><sat>16</sat></trkpt>
  <trkpt lat="26.42336167" lon="-80.15295667"><ele>18.004</ele><time>2026-07-18T18:37:53Z</time><speed>1.546</speed><sat>16</sat></trkpt>
  <trkpt lat="26.42335500" lon="-80.15296500"><ele>17.603</ele><time>2026-07-18T18:37:54Z</time><speed>1.530</speed><sat>16</sat></trkpt>
  <trkpt lat="26.42334500" lon="-80.15298667"><ele>17.003</ele><time>2026-07-18T18:37:55Z</time><speed>1.635</speed><sat>16</sat></trkpt>
  <trkpt lat="26.42333000" lon="-80.15300500"><ele>16.203</ele><time>2026-07-18T18:37:56Z</time><speed>1.719</speed><sat>17</sat></trkpt>
  <trkpt lat="26.42332167" lon="-80.15303000"><ele>15.503</ele><time>2026-07-18T18:37:57Z</time><speed>1.780</speed><sat>17</sat></trkpt>
  <trkpt lat="26.42331000" lon="-80.15305833"><ele>15.203</ele><time>2026-07-18T18:37:58Z</time><speed>1.797</speed><sat>17</sat></trkpt>
  <trkpt lat="26.42329500" lon="-80.15308333"><ele>14.803</ele><time>2026-07-18T18:37:59Z</time><speed>1.899</speed><sat>17</sat></trkpt>
  <trkpt lat="26.42327333" lon="-80.15311167"><ele>14.303</ele><time>2026-07-18T18:38:00Z</time><speed>2.098</speed><sat>17</sat></trkpt>
  <trkpt lat="26.42325167" lon="-80.15313833"><ele>13.503</ele><time>2026-07-18T18:38:01Z</time><speed>2.266</speed><sat>17</sat></trkpt>
  <trkpt lat="26.42323667" lon="-80.15316333"><ele>13.303</ele><time>2026-07-18T18:38:02Z</time><speed>2.478</speed><sat>17</sat></trkpt>
  <trkpt lat="26.42322667" lon="-80.15319333"><ele>13.602</ele><time>2026-07-18T18:38:03Z</time><speed>2.621</speed><sat>17</sat></trkpt>
  <trkpt lat="26.42321500" lon="-80.15321500"><ele>13.602</ele><time>2026-07-18T18:38:04Z</time><speed>2.758</speed><sat>17</sat></trkpt>
  <trkpt lat="26.42319500" lon="-80.15322833"><ele>13.702</ele><time>2026-07-18T18:38:05Z</time><speed>2.753</speed><sat>17</sat></trkpt>
  <trkpt lat="26.42317833" lon="-80.15323667"><ele>14.502</ele><time>2026-07-18T18:38:06Z</time><speed>2.737</speed><sat>17</sat></trkpt>
  <trkpt lat="26.42315333" lon="-80.15323500"><ele>14.502</ele><time>2026-07-18T18:38:07Z</time><speed>2.725</speed><sat>17</sat></trkpt>
  <trkpt lat="26.42312167" lon="-80.15323333"><ele>14.302</ele><time>2026-07-18T18:38:08Z</time><speed>2.759</speed><sat>17</sat></trkpt>
  <trkpt lat="26.42308833" lon="-80.15323333"><ele>14.902</ele><time>2026-07-18T18:38:09Z</time><speed>2.803</speed><sat>17</sat></trkpt>
  <trkpt lat="26.42306000" lon="-80.15323167"><ele>15.602</ele><time>2026-07-18T18:38:10Z</time><speed>2.834</speed><sat>17</sat></trkpt>
  <trkpt lat="26.42302500" lon="-80.15323167"><ele>15.402</ele><time>2026-07-18T18:38:11Z</time><speed>2.935</speed><sat>17</sat></trkpt>
  <trkpt lat="26.42298333" lon="-80.15323333"><ele>15.102</ele><time>2026-07-18T18:38:12Z</time><speed>3.031</speed><sat>17</sat></trkpt>
  <trkpt lat="26.42293667" lon="-80.15322833"><ele>14.702</ele><time>2026-07-18T18:38:13Z</time><speed>3.165</speed><sat>17</sat></trkpt>
  <trkpt lat="26.42289833" lon="-80.15322000"><ele>14.802</ele><time>2026-07-18T18:38:14Z</time><speed>3.263</speed><sat>16</sat></trkpt>
  <trkpt lat="26.42287167" lon="-80.15321667"><ele>14.602</ele><time>2026-07-18T18:38:15Z</time><speed>3.335</speed><sat>16</sat></trkpt>
  <trkpt lat="26.42284333" lon="-80.15321000"><ele>14.302</ele><time>2026-07-18T18:38:16Z</time><speed>3.390</speed><sat>16</sat></trkpt>
  <trkpt lat="26.42281500" lon="-80.15321167"><ele>14.202</ele><time>2026-07-18T18:38:17Z</time><speed>3.430</speed><sat>16</sat></trkpt>
  <trkpt lat="26.42278167" lon="-80.15321667"><ele>14.502</ele><time>2026-07-18T18:38:18Z</time><speed>3.432</speed><sat>16</sat></trkpt>
  <trkpt lat="26.42275500" lon="-80.15322167"><ele>14.402</ele><time>2026-07-18T18:38:19Z</time><speed>3.367</speed><sat>16</sat></trkpt>
  <trkpt lat="26.42273667" lon="-80.15323000"><ele>14.602</ele><time>2026-07-18T18:38:20Z</time><speed>3.216</speed><sat>16</sat></trkpt>
  <trkpt lat="26.42271500" lon="-80.15323667"><ele>15.202</ele><time>2026-07-18T18:38:21Z</time><speed>3.051</speed><sat>16</sat></trkpt>
  <trkpt lat="26.42269500" lon="-80.15325500"><ele>15.602</ele><time>2026-07-18T18:38:22Z</time><speed>2.934</speed><sat>16</sat></trkpt>
  <trkpt lat="26.42267000" lon="-80.15326500"><ele>16.402</ele><time>2026-07-18T18:38:23Z</time><speed>2.867</speed><sat>16</sat></trkpt>
  <trkpt lat="26.42263833" lon="-80.15327500"><ele>17.002</ele><time>2026-07-18T18:38:24Z</time><speed>2.858</speed><sat>17</sat></trkpt>
  <trkpt lat="26.42260833" lon="-80.15328333"><ele>16.902</ele><time>2026-07-18T18:38:25Z</time><speed>2.913</speed><sat>17</sat></trkpt>
  <trkpt lat="26.42257167" lon="-80.15329333"><ele>16.702</ele><time>2026-07-18T18:38:26Z</time><speed>3.023</speed><sat>17</sat></trkpt>
  <trkpt lat="26.42253667" lon="-80.15330333"><ele>16.802</ele><time>2026-07-18T18:38:27Z</time><speed>3.173</speed><sat>17</sat></trkpt>
  <trkpt lat="26.42249833" lon="-80.15331167"><ele>16.902</ele><time>2026-07-18T18:38:28Z</time><speed>3.305</speed><sat>17</sat></trkpt>
  <trkpt lat="26.42245833" lon="-80.15331833"><ele>16.602</ele><time>2026-07-18T18:38:29Z</time><speed>3.461</speed><sat>17</sat></trkpt>
  <trkpt lat="26.42242500" lon="-80.15332667"><ele>16.701</ele><time>2026-07-18T18:38:30Z</time><speed>3.684</speed><sat>17</sat></trkpt>
  <trkpt lat="26.42239000" lon="-80.15333500"><ele>16.901</ele><time>2026-07-18T18:38:31Z</time><speed>3.857</speed><sat>17</sat></trkpt>
  <trkpt lat="26.42235167" lon="-80.15334167"><ele>17.301</ele><time>2026-07-18T18:38:32Z</time><speed>3.958</speed><sat>17</sat></trkpt>
  <trkpt lat="26.42231500" lon="-80.15334500"><ele>17.401</ele><time>2026-07-18T18:38:33Z</time><speed>4.007</speed><sat>17</sat></trkpt>
  <trkpt lat="26.42228333" lon="-80.15334833"><ele>17.501</ele><time>2026-07-18T18:38:34Z</time><speed>3.984</speed><sat>17</sat></trkpt>
  <trkpt lat="26.42225500" lon="-80.15334167"><ele>17.801</ele><time>2026-07-18T18:38:35Z</time><speed>3.931</speed><sat>17</sat></trkpt>
  <trkpt lat="26.42224333" lon="-80.15332833"><ele>18.201</ele><time>2026-07-18T18:38:36Z</time><speed>3.723</speed><sat>17</sat></trkpt>
  <trkpt lat="26.42222833" lon="-80.15333000"><ele>18.401</ele><time>2026-07-18T18:38:37Z</time><speed>3.447</speed><sat>16</sat></trkpt>
  <trkpt lat="26.42221333" lon="-80.15333333"><ele>18.401</ele><time>2026-07-18T18:38:38Z</time><speed>3.163</speed><sat>17</sat></trkpt>
  <trkpt lat="26.42220167" lon="-80.15333833"><ele>18.701</ele><time>2026-07-18T18:38:39Z</time><speed>2.903</speed><sat>17</sat></trkpt>
  <trkpt lat="26.42219667" lon="-80.15334167"><ele>18.601</ele><time>2026-07-18T18:38:40Z</time><speed>2.579</speed><sat>17</sat></trkpt>
  <trkpt lat="26.42219333" lon="-80.15334667"><ele>18.701</ele><time>2026-07-18T18:38:41Z</time><speed>2.242</speed><sat>17</sat></trkpt>
  <trkpt lat="26.42219333" lon="-80.15334667"><ele>18.901</ele><time>2026-07-18T18:38:42Z</time><speed>1.875</speed><sat>17</sat></trkpt>
  <trkpt lat="26.42219500" lon="-80.15335167"><ele>19.001</ele><time>2026-07-18T18:38:43Z</time><speed>1.522</speed><sat>17</sat></trkpt>
  <trkpt lat="26.42219333" lon="-80.15335167"><ele>18.901</ele><time>2026-07-18T18:38:44Z</time><speed>1.280</speed><sat>17</sat></trkpt>
  <trkpt lat="26.42218833" lon="-80.15335333"><ele>18.701</ele><time>2026-07-18T18:38:45Z</time><speed>1.033</speed><sat>16</sat></trkpt>
  <trkpt lat="26.42218667" lon="-80.15335833"><ele>18.501</ele><time>2026-07-18T18:38:46Z</time><speed>0.904</speed><sat>17</sat></trkpt>
  <trkpt lat="26.42218333" lon="-80.15336000"><ele>18.501</ele><time>2026-07-18T18:38:47Z</time><speed>0.795</speed><sat>17</sat></trkpt>
  <trkpt lat="26.42217833" lon="-80.15336333"><ele>18.201</ele><time>2026-07-18T18:38:48Z</time><speed>0.729</speed><sat>17</sat></trkpt>
  <trkpt lat="26.42216833" lon="-80.15336667"><ele>18.201</ele><time>2026-07-18T18:38:49Z</time><speed>0.663</speed><sat>17</sat></trkpt>
  <trkpt lat="26.42216000" lon="-80.15337333"><ele>18.201</ele><time>2026-07-18T18:38:50Z</time><speed>0.671</speed><sat>17</sat></trkpt>
  <trkpt lat="26.42214833" lon="-80.15337833"><ele>18.201</ele><time>2026-07-18T18:38:51Z</time><speed>0.747</speed><sat>17</sat></trkpt>
  <trkpt lat="26.42213500" lon="-80.15338667"><ele>18.501</ele><time>2026-07-18T18:38:52Z</time><speed>0.881</speed><sat>17</sat></trkpt>
  <trkpt lat="26.42213000" lon="-80.15339667"><ele>18.901</ele><time>2026-07-18T18:38:53Z</time><speed>0.988</speed><sat>17</sat></trkpt>
  <trkpt lat="26.42212500" lon="-80.15340667"><ele>19.401</ele><time>2026-07-18T18:38:54Z</time><speed>1.031</speed><sat>17</sat></trkpt>
  <trkpt lat="26.42212667" lon="-80.15341333"><ele>19.601</ele><time>2026-07-18T18:38:55Z</time><speed>1.043</speed><sat>17</sat></trkpt>
  <trkpt lat="26.42212833" lon="-80.15341667"><ele>19.701</ele><time>2026-07-18T18:38:56Z</time><speed>0.995</speed><sat>17</sat></trkpt>
  <trkpt lat="26.42212667" lon="-80.15342000"><ele>19.801</ele><time>2026-07-18T18:38:57Z</time><speed>0.950</speed><sat>17</sat></trkpt>
  <trkpt lat="26.42212833" lon="-80.15342167"><ele>19.801</ele><time>2026-07-18T18:38:58Z</time><speed>0.874</speed><sat>17</sat></trkpt>
  <trkpt lat="26.42212833" lon="-80.15342167"><ele>19.901</ele><time>2026-07-18T18:38:59Z</time><speed>0.776</speed><sat>17</sat></trkpt>
  <trkpt lat="26.42213000" lon="-80.15342333"><ele>19.901</ele><time>2026-07-18T18:39:00Z</time><speed>0.668</speed><sat>17</sat></trkpt>
  <trkpt lat="26.42213000" lon="-80.15342333"><ele>19.801</ele><time>2026-07-18T18:39:01Z</time><speed>0.529</speed><sat>17</sat></trkpt>
  <trkpt lat="26.42213167" lon="-80.15342333"><ele>19.701</ele><time>2026-07-18T18:39:02Z</time><speed>0.000</speed><sat>16</sat></trkpt>
  <trkpt lat="26.42213167" lon="-80.15342167"><ele>19.701</ele><time>2026-07-18T18:39:03Z</time><speed>0.000</speed><sat>16</sat></trkpt>
  <trkpt lat="26.42213333" lon="-80.15342000"><ele>19.701</ele><time>2026-07-18T18:39:04Z</time><speed>0.000</speed><sat>17</sat></trkpt>
  <trkpt lat="26.42213333" lon="-80.15342000"><ele>19.701</ele><time>2026-07-18T18:39:05Z</time><speed>0.000</speed><sat>17</sat></trkpt>
  <trkpt lat="26.42213333" lon="-80.15342000"><ele>19.701</ele><time>2026-07-18T18:39:06Z</time><speed>0.000</speed><sat>17</sat></trkpt>
  <trkpt lat="26.42213500" lon="-80.15340833"><ele>19.301</ele><time>2026-07-18T18:39:07Z</time><speed>0.200</speed><sat>17</sat></trkpt>
  <trkpt lat="26.42213667" lon="-80.15340000"><ele>19.101</ele><time>2026-07-18T18:39:08Z</time><speed>0.258</speed><sat>17</sat></trkpt>
  <trkpt lat="26.42213667" lon="-80.15339167"><ele>18.901</ele><time>2026-07-18T18:39:09Z</time><speed>0.322</speed><sat>17</sat></trkpt>
  <trkpt lat="26.42213833" lon="-80.15338333"><ele>18.901</ele><time>2026-07-18T18:39:10Z</time><speed>0.400</speed><sat>16</sat></trkpt>
  <trkpt lat="26.42214167" lon="-80.15337667"><ele>19.101</ele><time>2026-07-18T18:39:11Z</time><speed>0.473</speed><sat>16</sat></trkpt>
  <trkpt lat="26.42214833" lon="-80.15336833"><ele>19.501</ele><time>2026-07-18T18:39:12Z</time><speed>0.552</speed><sat>16</sat></trkpt>
  <trkpt lat="26.42215167" lon="-80.15336500"><ele>19.801</ele><time>2026-07-18T18:39:13Z</time><speed>0.597</speed><sat>16</sat></trkpt>
  <trkpt lat="26.42215833" lon="-80.15336000"><ele>20.201</ele><time>2026-07-18T18:39:14Z</time><speed>0.679</speed><sat>16</sat></trkpt>
  <trkpt lat="26.42217167" lon="-80.15335667"><ele>20.501</ele><time>2026-07-18T18:39:15Z</time><speed>0.777</speed><sat>16</sat></trkpt>
  <trkpt lat="26.42218333" lon="-80.15335667"><ele>20.601</ele><time>2026-07-18T18:39:16Z</time><speed>0.859</speed><sat>16</sat></trkpt>
  <trkpt lat="26.42219667" lon="-80.15335833"><ele>20.701</ele><time>2026-07-18T18:39:17Z</time><speed>0.903</speed><sat>16</sat></trkpt>
  <trkpt lat="26.42220333" lon="-80.15335833"><ele>20.901</ele><time>2026-07-18T18:39:18Z</time><speed>0.903</speed><sat>15</sat></trkpt>
  <trkpt lat="26.42221000" lon="-80.15335667"><ele>21.401</ele><time>2026-07-18T18:39:19Z</time><speed>0.879</speed><sat>16</sat></trkpt>
  <trkpt lat="26.42221667" lon="-80.15336000"><ele>21.701</ele><time>2026-07-18T18:39:20Z</time><speed>0.900</speed><sat>16</sat></trkpt>
  <trkpt lat="26.42221833" lon="-80.15335833"><ele>21.701</ele><time>2026-07-18T18:39:21Z</time><speed>0.893</speed><sat>16</sat></trkpt>
  <trkpt lat="26.42223167" lon="-80.15336000"><ele>22.001</ele><time>2026-07-18T18:39:22Z</time><speed>0.894</speed><sat>16</sat></trkpt>
  <trkpt lat="26.42224500" lon="-80.15336667"><ele>22.501</ele><time>2026-07-18T18:39:23Z</time><speed>0.989</speed><sat>16</sat></trkpt>
  <trkpt lat="26.42226500" lon="-80.15337500"><ele>23.001</ele><time>2026-07-18T18:39:24Z</time><speed>1.069</speed><sat>16</sat></trkpt>
  <trkpt lat="26.42228833" lon="-80.15337667"><ele>23.501</ele><time>2026-07-18T18:39:25Z</time><speed>1.165</speed><sat>16</sat></trkpt>
  <trkpt lat="26.42231167" lon="-80.15338000"><ele>23.801</ele><time>2026-07-18T18:39:26Z</time><speed>1.282</speed><sat>16</sat></trkpt>
  <trkpt lat="26.42232833" lon="-80.15337667"><ele>24.301</ele><time>2026-07-18T18:39:27Z</time><speed>1.407</speed><sat>16</sat></trkpt>
  <trkpt lat="26.42235167" lon="-80.15337500"><ele>24.801</ele><time>2026-07-18T18:39:28Z</time><speed>1.583</speed><sat>16</sat></trkpt>
  <trkpt lat="26.42237500" lon="-80.15337000"><ele>25.001</ele><time>2026-07-18T18:39:29Z</time><speed>1.772</speed><sat>16</sat></trkpt>
  <trkpt lat="26.42240000" lon="-80.15336000"><ele>25.401</ele><time>2026-07-18T18:39:30Z</time><speed>1.920</speed><sat>16</sat></trkpt>
  <trkpt lat="26.42242833" lon="-80.15334667"><ele>25.401</ele><time>2026-07-18T18:39:31Z</time><speed>2.109</speed><sat>16</sat></trkpt>
  <trkpt lat="26.42245500" lon="-80.15333500"><ele>25.701</ele><time>2026-07-18T18:39:32Z</time><speed>2.267</speed><sat>17</sat></trkpt>
  <trkpt lat="26.42247667" lon="-80.15332667"><ele>25.902</ele><time>2026-07-18T18:39:33Z</time><speed>2.377</speed><sat>17</sat></trkpt>
  <trkpt lat="26.42250333" lon="-80.15331833"><ele>26.002</ele><time>2026-07-18T18:39:34Z</time><speed>2.463</speed><sat>17</sat></trkpt>
  <trkpt lat="26.42252667" lon="-80.15331167"><ele>26.102</ele><time>2026-07-18T18:39:35Z</time><speed>2.470</speed><sat>17</sat></trkpt>
  <trkpt lat="26.42254833" lon="-80.15330833"><ele>26.302</ele><time>2026-07-18T18:39:36Z</time><speed>2.472</speed><sat>17</sat></trkpt>
  <trkpt lat="26.42257000" lon="-80.15330500"><ele>26.402</ele><time>2026-07-18T18:39:37Z</time><speed>2.470</speed><sat>17</sat></trkpt>
  <trkpt lat="26.42259500" lon="-80.15330167"><ele>26.402</ele><time>2026-07-18T18:39:38Z</time><speed>2.470</speed><sat>17</sat></trkpt>
  <trkpt lat="26.42261833" lon="-80.15329500"><ele>26.302</ele><time>2026-07-18T18:39:39Z</time><speed>2.449</speed><sat>17</sat></trkpt>
  <trkpt lat="26.42263333" lon="-80.15329000"><ele>26.002</ele><time>2026-07-18T18:39:40Z</time><speed>2.383</speed><sat>16</sat></trkpt>
  <trkpt lat="26.42265500" lon="-80.15328000"><ele>25.502</ele><time>2026-07-18T18:39:41Z</time><speed>2.307</speed><sat>16</sat></trkpt>
  <trkpt lat="26.42266333" lon="-80.15327167"><ele>25.002</ele><time>2026-07-18T18:39:42Z</time><speed>2.137</speed><sat>16</sat></trkpt>
  <trkpt lat="26.42267333" lon="-80.15326833"><ele>24.902</ele><time>2026-07-18T18:39:43Z</time><speed>1.950</speed><sat>16</sat></trkpt>
  <trkpt lat="26.42268667" lon="-80.15326333"><ele>24.402</ele><time>2026-07-18T18:39:44Z</time><speed>1.792</speed><sat>17</sat></trkpt>
  <trkpt lat="26.42269667" lon="-80.15325833"><ele>23.902</ele><time>2026-07-18T18:39:45Z</time><speed>1.691</speed><sat>17</sat></trkpt>
  <trkpt lat="26.42270667" lon="-80.15325500"><ele>23.202</ele><time>2026-07-18T18:39:46Z</time><speed>1.571</speed><sat>16</sat></trkpt>
  <trkpt lat="26.42271333" lon="-80.15325167"><ele>22.802</ele><time>2026-07-18T18:39:47Z</time><speed>1.481</speed><sat>17</sat></trkpt>
  <trkpt lat="26.42271833" lon="-80.15325000"><ele>22.702</ele><time>2026-07-18T18:39:48Z</time><speed>1.297</speed><sat>17</sat></trkpt>
  <trkpt lat="26.42272333" lon="-80.15325000"><ele>22.602</ele><time>2026-07-18T18:39:49Z</time><speed>1.133</speed><sat>17</sat></trkpt>
  <trkpt lat="26.42272167" lon="-80.15325167"><ele>22.502</ele><time>2026-07-18T18:39:50Z</time><speed>0.991</speed><sat>17</sat></trkpt>
  <trkpt lat="26.42271667" lon="-80.15325500"><ele>22.402</ele><time>2026-07-18T18:39:51Z</time><speed>0.825</speed><sat>17</sat></trkpt>
  <trkpt lat="26.42271667" lon="-80.15325833"><ele>22.002</ele><time>2026-07-18T18:39:52Z</time><speed>0.762</speed><sat>16</sat></trkpt>
  <trkpt lat="26.42271500" lon="-80.15325667"><ele>21.702</ele><time>2026-07-18T18:39:53Z</time><speed>0.695</speed><sat>16</sat></trkpt>
  <trkpt lat="26.42271500" lon="-80.15325833"><ele>21.402</ele><time>2026-07-18T18:39:54Z</time><speed>0.597</speed><sat>15</sat></trkpt>
  <trkpt lat="26.42271333" lon="-80.15325833"><ele>21.402</ele><time>2026-07-18T18:39:55Z</time><speed>0.469</speed><sat>16</sat></trkpt>
  <trkpt lat="26.42271000" lon="-80.15325667"><ele>21.302</ele><time>2026-07-18T18:39:56Z</time><speed>0.000</speed><sat>16</sat></trkpt>
  <trkpt lat="26.42270833" lon="-80.15325667"><ele>21.402</ele><time>2026-07-18T18:39:57Z</time><speed>0.000</speed><sat>15</sat></trkpt>
  <trkpt lat="26.42270833" lon="-80.15325833"><ele>21.402</ele><time>2026-07-18T18:39:58Z</time><speed>0.000</speed><sat>16</sat></trkpt>
  <trkpt lat="26.42270833" lon="-80.15325833"><ele>21.402</ele><time>2026-07-18T18:39:59Z</time><speed>0.000</speed><sat>16</sat></trkpt>
  <trkpt lat="26.42270833" lon="-80.15325833"><ele>21.402</ele><time>2026-07-18T18:40:00Z</time><speed>0.000</speed><sat>16</sat></trkpt>
  <trkpt lat="26.42270833" lon="-80.15325833"><ele>21.402</ele><time>2026-07-18T18:40:01Z</time><speed>0.000</speed><sat>16</sat></trkpt>
  <trkpt lat="26.42270833" lon="-80.15325833"><ele>21.402</ele><time>2026-07-18T18:40:02Z</time><speed>0.000</speed><sat>17</sat></trkpt>
  <trkpt lat="26.42270833" lon="-80.15325833"><ele>21.402</ele><time>2026-07-18T18:40:03Z</time><speed>0.000</speed><sat>17</sat></trkpt>
  <trkpt lat="26.42270833" lon="-80.15325833"><ele>21.402</ele><time>2026-07-18T18:40:04Z</time><speed>0.000</speed><sat>16</sat></trkpt>
  <trkpt lat="26.42270833" lon="-80.15325833"><ele>21.402</ele><time>2026-07-18T18:40:05Z</time><speed>0.000</speed><sat>16</sat></trkpt>
  <trkpt lat="26.42270833" lon="-80.15325833"><ele>21.402</ele><time>2026-07-18T18:40:06Z</time><speed>0.000</speed><sat>17</sat></trkpt>
  <trkpt lat="26.42270833" lon="-80.15325833"><ele>21.402</ele><time>2026-07-18T18:40:07Z</time><speed>0.000</speed><sat>16</sat></trkpt>
  <trkpt lat="26.42270833" lon="-80.15325833"><ele>21.402</ele><time>2026-07-18T18:40:08Z</time><speed>0.000</speed><sat>16</sat></trkpt>
  <trkpt lat="26.42270833" lon="-80.15325833"><ele>21.402</ele><time>2026-07-18T18:40:09Z</time><speed>0.000</speed><sat>16</sat></trkpt>
  <trkpt lat="26.42270833" lon="-80.15325833"><ele>21.402</ele><time>2026-07-18T18:40:10Z</time><speed>0.000</speed><sat>15</sat></trkpt>
  <trkpt lat="26.42270833" lon="-80.15325833"><ele>21.402</ele><time>2026-07-18T18:40:11Z</time><speed>0.000</speed><sat>16</sat></trkpt>
  <trkpt lat="26.42270833" lon="-80.15325833"><ele>21.402</ele><time>2026-07-18T18:40:12Z</time><speed>0.000</speed><sat>16</sat></trkpt>
  <trkpt lat="26.42270833" lon="-80.15325833"><ele>21.402</ele><time>2026-07-18T18:40:13Z</time><speed>0.000</speed><sat>16</sat></trkpt>
  <trkpt lat="26.42270833" lon="-80.15325833"><ele>21.402</ele><time>2026-07-18T18:40:14Z</time><speed>0.000</speed><sat>16</sat></trkpt>
  <trkpt lat="26.42270833" lon="-80.15325833"><ele>21.402</ele><time>2026-07-18T18:40:15Z</time><speed>0.000</speed><sat>16</sat></trkpt>
  <trkpt lat="26.42270833" lon="-80.15325833"><ele>21.402</ele><time>2026-07-18T18:40:16Z</time><speed>0.000</speed><sat>16</sat></trkpt>
  <trkpt lat="26.42270833" lon="-80.15325833"><ele>21.402</ele><time>2026-07-18T18:40:17Z</time><speed>0.000</speed><sat>16</sat></trkpt>
  <trkpt lat="26.42270833" lon="-80.15325833"><ele>21.402</ele><time>2026-07-18T18:40:18Z</time><speed>0.000</speed><sat>16</sat></trkpt>
  <trkpt lat="26.42270833" lon="-80.15325833"><ele>21.402</ele><time>2026-07-18T18:40:19Z</time><speed>0.000</speed><sat>16</sat></trkpt>
  <trkpt lat="26.42270833" lon="-80.15325833"><ele>21.402</ele><time>2026-07-18T18:40:20Z</time><speed>0.000</speed><sat>17</sat></trkpt>
  <trkpt lat="26.42270833" lon="-80.15325833"><ele>21.402</ele><time>2026-07-18T18:40:21Z</time><speed>0.000</speed><sat>17</sat></trkpt>
  <trkpt lat="26.42270833" lon="-80.15325833"><ele>21.402</ele><time>2026-07-18T18:40:22Z</time><speed>0.000</speed><sat>17</sat></trkpt>
  <trkpt lat="26.42270833" lon="-80.15325833"><ele>21.402</ele><time>2026-07-18T18:40:23Z</time><speed>0.000</speed><sat>16</sat></trkpt>
  <trkpt lat="26.42270833" lon="-80.15325833"><ele>21.402</ele><time>2026-07-18T18:40:24Z</time><speed>0.000</speed><sat>16</sat></trkpt>
  <trkpt lat="26.42268500" lon="-80.15325500"><ele>20.302</ele><time>2026-07-18T18:40:25Z</time><speed>0.175</speed><sat>16</sat></trkpt>
  <trkpt lat="26.42267833" lon="-80.15326167"><ele>20.102</ele><time>2026-07-18T18:40:26Z</time><speed>0.272</speed><sat>16</sat></trkpt>
  <trkpt lat="26.42267500" lon="-80.15327333"><ele>19.602</ele><time>2026-07-18T18:40:27Z</time><speed>0.434</speed><sat>16</sat></trkpt>
  <trkpt lat="26.42267833" lon="-80.15329333"><ele>18.902</ele><time>2026-07-18T18:40:28Z</time><speed>0.618</speed><sat>16</sat></trkpt>
  <trkpt lat="26.42268500" lon="-80.15331333"><ele>18.502</ele><time>2026-07-18T18:40:29Z</time><speed>0.865</speed><sat>16</sat></trkpt>
  <trkpt lat="26.42269333" lon="-80.15334167"><ele>18.302</ele><time>2026-07-18T18:40:30Z</time><speed>1.112</speed><sat>16</sat></trkpt>
  <trkpt lat="26.42270000" lon="-80.15336833"><ele>18.101</ele><time>2026-07-18T18:40:31Z</time><speed>1.366</speed><sat>16</sat></trkpt>
  <trkpt lat="26.42270500" lon="-80.15339167"><ele>17.501</ele><time>2026-07-18T18:40:32Z</time><speed>1.623</speed><sat>16</sat></trkpt>
  <trkpt lat="26.42271333" lon="-80.15341667"><ele>17.401</ele><time>2026-07-18T18:40:33Z</time><speed>1.897</speed><sat>16</sat></trkpt>
  <trkpt lat="26.42272333" lon="-80.15344333"><ele>17.701</ele><time>2026-07-18T18:40:34Z</time><speed>2.100</speed><sat>16</sat></trkpt>
  <trkpt lat="26.42272833" lon="-80.15347167"><ele>18.001</ele><time>2026-07-18T18:40:35Z</time><speed>2.312</speed><sat>16</sat></trkpt>
  <trkpt lat="26.42273667" lon="-80.15349667"><ele>17.901</ele><time>2026-07-18T18:40:36Z</time><speed>2.397</speed><sat>16</sat></trkpt>
  <trkpt lat="26.42273833" lon="-80.15351667"><ele>18.201</ele><time>2026-07-18T18:40:37Z</time><speed>2.390</speed><sat>16</sat></trkpt>
  <trkpt lat="26.42273833" lon="-80.15353667"><ele>18.401</ele><time>2026-07-18T18:40:38Z</time><speed>2.407</speed><sat>16</sat></trkpt>
  <trkpt lat="26.42274000" lon="-80.15356000"><ele>18.901</ele><time>2026-07-18T18:40:39Z</time><speed>2.356</speed><sat>16</sat></trkpt>
  <trkpt lat="26.42273500" lon="-80.15358500"><ele>18.801</ele><time>2026-07-18T18:40:40Z</time><speed>2.324</speed><sat>16</sat></trkpt>
  <trkpt lat="26.42273167" lon="-80.15361167"><ele>18.300</ele><time>2026-07-18T18:40:41Z</time><speed>2.338</speed><sat>15</sat></trkpt>
  <trkpt lat="26.42272833" lon="-80.15364167"><ele>17.900</ele><time>2026-07-18T18:40:42Z</time><speed>2.375</speed><sat>15</sat></trkpt>
  <trkpt lat="26.42272333" lon="-80.15367667"><ele>17.600</ele><time>2026-07-18T18:40:43Z</time><speed>2.424</speed><sat>16</sat></trkpt>
  <trkpt lat="26.42271667" lon="-80.15370833"><ele>17.100</ele><time>2026-07-18T18:40:44Z</time><speed>2.512</speed><sat>16</sat></trkpt>
  <trkpt lat="26.42271333" lon="-80.15374333"><ele>16.700</ele><time>2026-07-18T18:40:45Z</time><speed>2.598</speed><sat>16</sat></trkpt>
  <trkpt lat="26.42271167" lon="-80.15378000"><ele>15.900</ele><time>2026-07-18T18:40:46Z</time><speed>2.815</speed><sat>15</sat></trkpt>
  <trkpt lat="26.42271167" lon="-80.15382500"><ele>15.600</ele><time>2026-07-18T18:40:47Z</time><speed>3.108</speed><sat>15</sat></trkpt>
  <trkpt lat="26.42271000" lon="-80.15387333"><ele>14.999</ele><time>2026-07-18T18:40:48Z</time><speed>3.382</speed><sat>15</sat></trkpt>
  <trkpt lat="26.42271167" lon="-80.15392167"><ele>14.599</ele><time>2026-07-18T18:40:49Z</time><speed>3.676</speed><sat>16</sat></trkpt>
  <trkpt lat="26.42271500" lon="-80.15397333"><ele>14.599</ele><time>2026-07-18T18:40:50Z</time><speed>3.928</speed><sat>16</sat></trkpt>
  <trkpt lat="26.42271167" lon="-80.15402333"><ele>14.499</ele><time>2026-07-18T18:40:51Z</time><speed>4.142</speed><sat>15</sat></trkpt>
  <trkpt lat="26.42271167" lon="-80.15407667"><ele>14.299</ele><time>2026-07-18T18:40:52Z</time><speed>4.361</speed><sat>15</sat></trkpt>
  <trkpt lat="26.42271500" lon="-80.15413000"><ele>14.298</ele><time>2026-07-18T18:40:53Z</time><speed>4.553</speed><sat>16</sat></trkpt>
  <trkpt lat="26.42271500" lon="-80.15417667"><ele>13.398</ele><time>2026-07-18T18:40:54Z</time><speed>4.746</speed><sat>16</sat></trkpt>
  <trkpt lat="26.42272333" lon="-80.15423333"><ele>13.098</ele><time>2026-07-18T18:40:55Z</time><speed>4.939</speed><sat>16</sat></trkpt>
  <trkpt lat="26.42272833" lon="-80.15428000"><ele>12.298</ele><time>2026-07-18T18:40:56Z</time><speed>5.063</speed><sat>16</sat></trkpt>
  <trkpt lat="26.42273167" lon="-80.15433667"><ele>12.197</ele><time>2026-07-18T18:40:57Z</time><speed>5.165</speed><sat>16</sat></trkpt>
  <trkpt lat="26.42273833" lon="-80.15439167"><ele>11.997</ele><time>2026-07-18T18:40:58Z</time><speed>5.246</speed><sat>16</sat></trkpt>
  <trkpt lat="26.42274167" lon="-80.15444333"><ele>11.397</ele><time>2026-07-18T18:40:59Z</time><speed>5.326</speed><sat>16</sat></trkpt>
  <trkpt lat="26.42275167" lon="-80.15450167"><ele>11.397</ele><time>2026-07-18T18:41:00Z</time><speed>5.415</speed><sat>16</sat></trkpt>
  <trkpt lat="26.42276333" lon="-80.15456667"><ele>12.297</ele><time>2026-07-18T18:41:01Z</time><speed>5.522</speed><sat>16</sat></trkpt>
  <trkpt lat="26.42277167" lon="-80.15462833"><ele>12.596</ele><time>2026-07-18T18:41:02Z</time><speed>5.631</speed><sat>16</sat></trkpt>
  <trkpt lat="26.42278000" lon="-80.15469333"><ele>12.796</ele><time>2026-07-18T18:41:03Z</time><speed>5.771</speed><sat>16</sat></trkpt>
  <trkpt lat="26.42279000" lon="-80.15476167"><ele>12.996</ele><time>2026-07-18T18:41:04Z</time><speed>5.924</speed><sat>16</sat></trkpt>
  <trkpt lat="26.42280167" lon="-80.15483500"><ele>13.395</ele><time>2026-07-18T18:41:05Z</time><speed>6.084</speed><sat>16</sat></trkpt>
  <trkpt lat="26.42281333" lon="-80.15492333"><ele>14.995</ele><time>2026-07-18T18:41:06Z</time><speed>7.351</speed><sat>16</sat></trkpt>
  <trkpt lat="26.42282333" lon="-80.15499500"><ele>14.995</ele><time>2026-07-18T18:41:07Z</time><speed>7.440</speed><sat>16</sat></trkpt>
  <trkpt lat="26.42283000" lon="-80.15507000"><ele>15.695</ele><time>2026-07-18T18:41:08Z</time><speed>7.454</speed><sat>16</sat></trkpt>
  <trkpt lat="26.42284000" lon="-80.15514333"><ele>16.394</ele><time>2026-07-18T18:41:09Z</time><speed>7.589</speed><sat>16</sat></trkpt>
  <trkpt lat="26.42285000" lon="-80.15521667"><ele>16.994</ele><time>2026-07-18T18:41:10Z</time><speed>7.559</speed><sat>16</sat></trkpt>
  <trkpt lat="26.42285667" lon="-80.15529167"><ele>16.394</ele><time>2026-07-18T18:41:11Z</time><speed>7.702</speed><sat>16</sat></trkpt>
  <trkpt lat="26.42286667" lon="-80.15536833"><ele>16.493</ele><time>2026-07-18T18:41:12Z</time><speed>7.790</speed><sat>16</sat></trkpt>
  <trkpt lat="26.42288167" lon="-80.15544333"><ele>16.493</ele><time>2026-07-18T18:41:13Z</time><speed>7.657</speed><sat>16</sat></trkpt>
  <trkpt lat="26.42289500" lon="-80.15552167"><ele>16.493</ele><time>2026-07-18T18:41:14Z</time><speed>7.631</speed><sat>16</sat></trkpt>
  <trkpt lat="26.42290667" lon="-80.15560000"><ele>16.392</ele><time>2026-07-18T18:41:15Z</time><speed>7.639</speed><sat>16</sat></trkpt>
  <trkpt lat="26.42292167" lon="-80.15567833"><ele>17.092</ele><time>2026-07-18T18:41:16Z</time><speed>7.512</speed><sat>16</sat></trkpt>
  <trkpt lat="26.42293667" lon="-80.15575667"><ele>17.292</ele><time>2026-07-18T18:41:17Z</time><speed>7.617</speed><sat>16</sat></trkpt>
  <trkpt lat="26.42294333" lon="-80.15583167"><ele>17.591</ele><time>2026-07-18T18:41:18Z</time><speed>7.646</speed><sat>16</sat></trkpt>
  <trkpt lat="26.42295333" lon="-80.15590833"><ele>17.891</ele><time>2026-07-18T18:41:19Z</time><speed>7.482</speed><sat>16</sat></trkpt>
  <trkpt lat="26.42295500" lon="-80.15599000"><ele>18.591</ele><time>2026-07-18T18:41:20Z</time><speed>7.490</speed><sat>16</sat></trkpt>
  <trkpt lat="26.42295667" lon="-80.15606833"><ele>18.890</ele><time>2026-07-18T18:41:21Z</time><speed>7.733</speed><sat>16</sat></trkpt>
  <trkpt lat="26.42295167" lon="-80.15614500"><ele>19.190</ele><time>2026-07-18T18:41:22Z</time><speed>7.733</speed><sat>15</sat></trkpt>
  <trkpt lat="26.42295333" lon="-80.15621833"><ele>19.690</ele><time>2026-07-18T18:41:23Z</time><speed>7.700</speed><sat>16</sat></trkpt>
  <trkpt lat="26.42295500" lon="-80.15630000"><ele>19.890</ele><time>2026-07-18T18:41:24Z</time><speed>7.722</speed><sat>16</sat></trkpt>
  <trkpt lat="26.42296333" lon="-80.15637667"><ele>20.089</ele><time>2026-07-18T18:41:25Z</time><speed>7.687</speed><sat>16</sat></trkpt>
  <trkpt lat="26.42296000" lon="-80.15645500"><ele>19.689</ele><time>2026-07-18T18:41:26Z</time><speed>7.499</speed><sat>16</sat></trkpt>
  <trkpt lat="26.42296000" lon="-80.15653500"><ele>20.389</ele><time>2026-07-18T18:41:27Z</time><speed>7.600</speed><sat>16</sat></trkpt>
  <trkpt lat="26.42295667" lon="-80.15660833"><ele>20.488</ele><time>2026-07-18T18:41:28Z</time><speed>7.749</speed><sat>16</sat></trkpt>
  <trkpt lat="26.42295167" lon="-80.15668333"><ele>20.188</ele><time>2026-07-18T18:41:29Z</time><speed>7.753</speed><sat>15</sat></trkpt>
  <trkpt lat="26.42294500" lon="-80.15676000"><ele>20.388</ele><time>2026-07-18T18:41:30Z</time><speed>7.770</speed><sat>15</sat></trkpt>
  <trkpt lat="26.42293667" lon="-80.15683333"><ele>20.087</ele><time>2026-07-18T18:41:31Z</time><speed>7.588</speed><sat>15</sat></trkpt>
  <trkpt lat="26.42292500" lon="-80.15690167"><ele>19.187</ele><time>2026-07-18T18:41:32Z</time><speed>7.702</speed><sat>16</sat></trkpt>
  <trkpt lat="26.42291667" lon="-80.15698333"><ele>19.287</ele><time>2026-07-18T18:41:33Z</time><speed>7.555</speed><sat>16</sat></trkpt>
  <trkpt lat="26.42290500" lon="-80.15705667"><ele>19.586</ele><time>2026-07-18T18:41:34Z</time><speed>7.575</speed><sat>16</sat></trkpt>
  <trkpt lat="26.42289333" lon="-80.15713667"><ele>19.686</ele><time>2026-07-18T18:41:35Z</time><speed>7.607</speed><sat>16</sat></trkpt>
  <trkpt lat="26.42287667" lon="-80.15721167"><ele>19.386</ele><time>2026-07-18T18:41:36Z</time><speed>7.611</speed><sat>16</sat></trkpt>
  <trkpt lat="26.42286000" lon="-80.15728667"><ele>19.285</ele><time>2026-07-18T18:41:37Z</time><speed>7.631</speed><sat>16</sat></trkpt>
  <trkpt lat="26.42284500" lon="-80.15736333"><ele>19.085</ele><time>2026-07-18T18:41:38Z</time><speed>7.670</speed><sat>16</sat></trkpt>
  <trkpt lat="26.42283000" lon="-80.15744000"><ele>19.285</ele><time>2026-07-18T18:41:39Z</time><speed>7.536</speed><sat>16</sat></trkpt>
  <trkpt lat="26.42281833" lon="-80.15751500"><ele>19.384</ele><time>2026-07-18T18:41:40Z</time><speed>7.821</speed><sat>16</sat></trkpt>
  <trkpt lat="26.42280000" lon="-80.15758667"><ele>19.384</ele><time>2026-07-18T18:41:41Z</time><speed>7.830</speed><sat>16</sat></trkpt>
  <trkpt lat="26.42278667" lon="-80.15766667"><ele>20.384</ele><time>2026-07-18T18:41:42Z</time><speed>8.161</speed><sat>16</sat></trkpt>
  <trkpt lat="26.42277500" lon="-80.15774500"><ele>21.183</ele><time>2026-07-18T18:41:43Z</time><speed>7.621</speed><sat>16</sat></trkpt>
  <trkpt lat="26.42276333" lon="-80.15782167"><ele>20.883</ele><time>2026-07-18T18:41:44Z</time><speed>7.703</speed><sat>16</sat></trkpt>
  <trkpt lat="26.42275333" lon="-80.15789333"><ele>20.783</ele><time>2026-07-18T18:41:45Z</time><speed>7.488</speed><sat>16</sat></trkpt>
  <trkpt lat="26.42274500" lon="-80.15796667"><ele>20.983</ele><time>2026-07-18T18:41:46Z</time><speed>7.809</speed><sat>16</sat></trkpt>
  <trkpt lat="26.42273833" lon="-80.15804167"><ele>20.782</ele><time>2026-07-18T18:41:47Z</time><speed>7.560</speed><sat>16</sat></trkpt>
  <trkpt lat="26.42272833" lon="-80.15811667"><ele>19.782</ele><time>2026-07-18T18:41:48Z</time><speed>7.536</speed><sat>15</sat></trkpt>
  <trkpt lat="26.42273000" lon="-80.15819333"><ele>19.482</ele><time>2026-07-18T18:41:49Z</time><speed>7.365</speed><sat>14</sat></trkpt>
  <trkpt lat="26.42273167" lon="-80.15827333"><ele>19.281</ele><time>2026-07-18T18:41:50Z</time><speed>7.387</speed><sat>14</sat></trkpt>
  <trkpt lat="26.42273167" lon="-80.15835000"><ele>18.881</ele><time>2026-07-18T18:41:51Z</time><speed>7.599</speed><sat>14</sat></trkpt>
  <trkpt lat="26.42272833" lon="-80.15842667"><ele>17.981</ele><time>2026-07-18T18:41:52Z</time><speed>7.680</speed><sat>14</sat></trkpt>
  <trkpt lat="26.42273000" lon="-80.15849667"><ele>17.880</ele><time>2026-07-18T18:41:53Z</time><speed>7.794</speed><sat>15</sat></trkpt>
  <trkpt lat="26.42273167" lon="-80.15857500"><ele>18.280</ele><time>2026-07-18T18:41:54Z</time><speed>7.811</speed><sat>16</sat></trkpt>
  <trkpt lat="26.42273000" lon="-80.15865500"><ele>18.680</ele><time>2026-07-18T18:41:55Z</time><speed>7.721</speed><sat>16</sat></trkpt>
  <trkpt lat="26.42272833" lon="-80.15873167"><ele>19.179</ele><time>2026-07-18T18:41:56Z</time><speed>7.736</speed><sat>15</sat></trkpt>
  <trkpt lat="26.42273000" lon="-80.15880833"><ele>18.979</ele><time>2026-07-18T18:41:57Z</time><speed>7.706</speed><sat>16</sat></trkpt>
  <trkpt lat="26.42273333" lon="-80.15888333"><ele>18.679</ele><time>2026-07-18T18:41:58Z</time><speed>7.693</speed><sat>15</sat></trkpt>
  <trkpt lat="26.42273833" lon="-80.15895333"><ele>18.378</ele><time>2026-07-18T18:41:59Z</time><speed>7.573</speed><sat>15</sat></trkpt>
  <trkpt lat="26.42274167" lon="-80.15903000"><ele>18.678</ele><time>2026-07-18T18:42:00Z</time><speed>7.656</speed><sat>15</sat></trkpt>
  <trkpt lat="26.42274167" lon="-80.15910833"><ele>18.978</ele><time>2026-07-18T18:42:01Z</time><speed>7.673</speed><sat>15</sat></trkpt>
  <trkpt lat="26.42273333" lon="-80.15917833"><ele>18.778</ele><time>2026-07-18T18:42:02Z</time><speed>7.506</speed><sat>14</sat></trkpt>
  <trkpt lat="26.42271667" lon="-80.15925000"><ele>19.177</ele><time>2026-07-18T18:42:03Z</time><speed>7.699</speed><sat>16</sat></trkpt>
  <trkpt lat="26.42269833" lon="-80.15932500"><ele>19.877</ele><time>2026-07-18T18:42:04Z</time><speed>7.848</speed><sat>16</sat></trkpt>
  <trkpt lat="26.42267833" lon="-80.15939667"><ele>19.377</ele><time>2026-07-18T18:42:05Z</time><speed>7.811</speed><sat>16</sat></trkpt>
  <trkpt lat="26.42264333" lon="-80.15946333"><ele>19.576</ele><time>2026-07-18T18:42:06Z</time><speed>7.723</speed><sat>16</sat></trkpt>
  <trkpt lat="26.42260833" lon="-80.15953167"><ele>19.776</ele><time>2026-07-18T18:42:07Z</time><speed>7.588</speed><sat>16</sat></trkpt>
  <trkpt lat="26.42256333" lon="-80.15959000"><ele>20.076</ele><time>2026-07-18T18:42:08Z</time><speed>7.624</speed><sat>16</sat></trkpt>
  <trkpt lat="26.42251500" lon="-80.15965167"><ele>19.275</ele><time>2026-07-18T18:42:09Z</time><speed>7.628</speed><sat>16</sat></trkpt>
  <trkpt lat="26.42246833" lon="-80.15970333"><ele>19.375</ele><time>2026-07-18T18:42:10Z</time><speed>7.717</speed><sat>16</sat></trkpt>
  <trkpt lat="26.42242333" lon="-80.15975500"><ele>19.875</ele><time>2026-07-18T18:42:11Z</time><speed>7.585</speed><sat>16</sat></trkpt>
  <trkpt lat="26.42237333" lon="-80.15979667"><ele>20.275</ele><time>2026-07-18T18:42:12Z</time><speed>7.419</speed><sat>16</sat></trkpt>
  <trkpt lat="26.42231500" lon="-80.15983167"><ele>19.975</ele><time>2026-07-18T18:42:13Z</time><speed>7.565</speed><sat>16</sat></trkpt>
  <trkpt lat="26.42225333" lon="-80.15986167"><ele>19.374</ele><time>2026-07-18T18:42:14Z</time><speed>7.535</speed><sat>16</sat></trkpt>
  <trkpt lat="26.42218667" lon="-80.15988833"><ele>19.574</ele><time>2026-07-18T18:42:15Z</time><speed>7.451</speed><sat>16</sat></trkpt>
  <trkpt lat="26.42212167" lon="-80.15990167"><ele>19.474</ele><time>2026-07-18T18:42:16Z</time><speed>7.466</speed><sat>16</sat></trkpt>
  <trkpt lat="26.42204833" lon="-80.15990667"><ele>19.174</ele><time>2026-07-18T18:42:17Z</time><speed>7.466</speed><sat>16</sat></trkpt>
  <trkpt lat="26.42197667" lon="-80.15990333"><ele>18.774</ele><time>2026-07-18T18:42:18Z</time><speed>7.345</speed><sat>16</sat></trkpt>
  <trkpt lat="26.42190500" lon="-80.15989333"><ele>19.074</ele><time>2026-07-18T18:42:19Z</time><speed>7.520</speed><sat>16</sat></trkpt>
  <trkpt lat="26.42183333" lon="-80.15986833"><ele>19.274</ele><time>2026-07-18T18:42:20Z</time><speed>7.769</speed><sat>16</sat></trkpt>
  <trkpt lat="26.42176667" lon="-80.15984500"><ele>19.174</ele><time>2026-07-18T18:42:21Z</time><speed>7.609</speed><sat>15</sat></trkpt>
  <trkpt lat="26.42170000" lon="-80.15982167"><ele>19.374</ele><time>2026-07-18T18:42:22Z</time><speed>7.741</speed><sat>16</sat></trkpt>
  <trkpt lat="26.42164000" lon="-80.15979500"><ele>18.874</ele><time>2026-07-18T18:42:23Z</time><speed>7.833</speed><sat>16</sat></trkpt>
  <trkpt lat="26.42158000" lon="-80.15976333"><ele>18.675</ele><time>2026-07-18T18:42:24Z</time><speed>7.654</speed><sat>16</sat></trkpt>
  <trkpt lat="26.42152000" lon="-80.15973333"><ele>17.875</ele><time>2026-07-18T18:42:25Z</time><speed>7.643</speed><sat>16</sat></trkpt>
  <trkpt lat="26.42145833" lon="-80.15968833"><ele>17.275</ele><time>2026-07-18T18:42:26Z</time><speed>7.668</speed><sat>16</sat></trkpt>
  <trkpt lat="26.42139500" lon="-80.15965000"><ele>16.875</ele><time>2026-07-18T18:42:27Z</time><speed>7.669</speed><sat>16</sat></trkpt>
  <trkpt lat="26.42133833" lon="-80.15960667"><ele>17.175</ele><time>2026-07-18T18:42:28Z</time><speed>7.518</speed><sat>16</sat></trkpt>
  <trkpt lat="26.42129167" lon="-80.15956500"><ele>17.575</ele><time>2026-07-18T18:42:29Z</time><speed>7.552</speed><sat>16</sat></trkpt>
  <trkpt lat="26.42123833" lon="-80.15952333"><ele>17.475</ele><time>2026-07-18T18:42:30Z</time><speed>7.662</speed><sat>16</sat></trkpt>
  <trkpt lat="26.42118667" lon="-80.15947333"><ele>17.275</ele><time>2026-07-18T18:42:31Z</time><speed>7.868</speed><sat>16</sat></trkpt>
  <trkpt lat="26.42113500" lon="-80.15943000"><ele>17.376</ele><time>2026-07-18T18:42:32Z</time><speed>7.762</speed><sat>16</sat></trkpt>
  <trkpt lat="26.42108333" lon="-80.15938000"><ele>17.676</ele><time>2026-07-18T18:42:33Z</time><speed>7.641</speed><sat>16</sat></trkpt>
  <trkpt lat="26.42103500" lon="-80.15932333"><ele>18.676</ele><time>2026-07-18T18:42:34Z</time><speed>7.660</speed><sat>16</sat></trkpt>
  <trkpt lat="26.42098333" lon="-80.15926833"><ele>19.076</ele><time>2026-07-18T18:42:35Z</time><speed>7.652</speed><sat>16</sat></trkpt>
  <trkpt lat="26.42092667" lon="-80.15921333"><ele>19.076</ele><time>2026-07-18T18:42:36Z</time><speed>7.637</speed><sat>16</sat></trkpt>
  <trkpt lat="26.42087667" lon="-80.15916333"><ele>18.777</ele><time>2026-07-18T18:42:37Z</time><speed>7.624</speed><sat>16</sat></trkpt>
  <trkpt lat="26.42082500" lon="-80.15911000"><ele>19.077</ele><time>2026-07-18T18:42:38Z</time><speed>7.430</speed><sat>16</sat></trkpt>
  <trkpt lat="26.42077000" lon="-80.15906333"><ele>19.277</ele><time>2026-07-18T18:42:39Z</time><speed>7.641</speed><sat>16</sat></trkpt>
  <trkpt lat="26.42071500" lon="-80.15901500"><ele>19.477</ele><time>2026-07-18T18:42:40Z</time><speed>7.679</speed><sat>16</sat></trkpt>
  <trkpt lat="26.42066500" lon="-80.15896667"><ele>19.877</ele><time>2026-07-18T18:42:41Z</time><speed>7.772</speed><sat>16</sat></trkpt>
  <trkpt lat="26.42060833" lon="-80.15891500"><ele>20.177</ele><time>2026-07-18T18:42:42Z</time><speed>7.457</speed><sat>16</sat></trkpt>
  <trkpt lat="26.42055667" lon="-80.15887667"><ele>20.778</ele><time>2026-07-18T18:42:43Z</time><speed>6.983</speed><sat>16</sat></trkpt>
  <trkpt lat="26.42051000" lon="-80.15883833"><ele>21.078</ele><time>2026-07-18T18:42:44Z</time><speed>7.137</speed><sat>16</sat></trkpt>
  <trkpt lat="26.42046667" lon="-80.15880167"><ele>21.578</ele><time>2026-07-18T18:42:45Z</time><speed>6.529</speed><sat>16</sat></trkpt>
  <trkpt lat="26.42042167" lon="-80.15877667"><ele>21.278</ele><time>2026-07-18T18:42:46Z</time><speed>6.214</speed><sat>16</sat></trkpt>
  <trkpt lat="26.42037833" lon="-80.15875000"><ele>21.178</ele><time>2026-07-18T18:42:47Z</time><speed>5.745</speed><sat>16</sat></trkpt>
  <trkpt lat="26.42033667" lon="-80.15872667"><ele>20.278</ele><time>2026-07-18T18:42:48Z</time><speed>5.327</speed><sat>16</sat></trkpt>
  <trkpt lat="26.42029000" lon="-80.15869500"><ele>19.978</ele><time>2026-07-18T18:42:49Z</time><speed>5.130</speed><sat>16</sat></trkpt>
  <trkpt lat="26.42025667" lon="-80.15867000"><ele>19.078</ele><time>2026-07-18T18:42:50Z</time><speed>4.266</speed><sat>16</sat></trkpt>
  <trkpt lat="26.42023667" lon="-80.15866167"><ele>19.178</ele><time>2026-07-18T18:42:51Z</time><speed>2.498</speed><sat>16</sat></trkpt>
  <trkpt lat="26.42022500" lon="-80.15865500"><ele>18.878</ele><time>2026-07-18T18:42:52Z</time><speed>1.936</speed><sat>16</sat></trkpt>
  <trkpt lat="26.42021500" lon="-80.15864500"><ele>18.278</ele><time>2026-07-18T18:42:53Z</time><speed>0.000</speed><sat>16</sat></trkpt>
  <trkpt lat="26.42021167" lon="-80.15864500"><ele>17.978</ele><time>2026-07-18T18:42:54Z</time><speed>0.000</speed><sat>16</sat></trkpt>
  <trkpt lat="26.42021000" lon="-80.15864333"><ele>17.778</ele><time>2026-07-18T18:42:55Z</time><speed>0.000</speed><sat>16</sat></trkpt>
  <trkpt lat="26.42021000" lon="-80.15864333"><ele>17.778</ele><time>2026-07-18T18:42:56Z</time><speed>0.000</speed><sat>16</sat></trkpt>
  <trkpt lat="26.42021000" lon="-80.15864333"><ele>17.778</ele><time>2026-07-18T18:42:57Z</time><speed>0.000</speed><sat>16</sat></trkpt>
  <trkpt lat="26.42021000" lon="-80.15864333"><ele>17.778</ele><time>2026-07-18T18:42:58Z</time><speed>0.000</speed><sat>16</sat></trkpt>
  <trkpt lat="26.42021000" lon="-80.15864333"><ele>17.778</ele><time>2026-07-18T18:42:59Z</time><speed>0.000</speed><sat>16</sat></trkpt>
  <trkpt lat="26.42021000" lon="-80.15864333"><ele>17.778</ele><time>2026-07-18T18:43:00Z</time><speed>0.000</speed><sat>16</sat></trkpt>
  <trkpt lat="26.42021000" lon="-80.15864333"><ele>17.778</ele><time>2026-07-18T18:43:01Z</time><speed>0.000</speed><sat>16</sat></trkpt>
  <trkpt lat="26.42021000" lon="-80.15864333"><ele>17.778</ele><time>2026-07-18T18:43:02Z</time><speed>0.000</speed><sat>16</sat></trkpt>
  <trkpt lat="26.42021000" lon="-80.15864333"><ele>17.778</ele><time>2026-07-18T18:43:03Z</time><speed>0.000</speed><sat>16</sat></trkpt>
  <trkpt lat="26.42021000" lon="-80.15864333"><ele>17.778</ele><time>2026-07-18T18:43:04Z</time><speed>0.000</speed><sat>16</sat></trkpt>
  <trkpt lat="26.42021000" lon="-80.15864333"><ele>17.778</ele><time>2026-07-18T18:43:05Z</time><speed>0.000</speed><sat>16</sat></trkpt>
  <trkpt lat="26.42021000" lon="-80.15864333"><ele>17.778</ele><time>2026-07-18T18:43:06Z</time><speed>0.000</speed><sat>16</sat></trkpt>
  <trkpt lat="26.42021000" lon="-80.15864333"><ele>17.778</ele><time>2026-07-18T18:43:07Z</time><speed>0.000</speed><sat>16</sat></trkpt>
  <trkpt lat="26.42021000" lon="-80.15864333"><ele>17.778</ele><time>2026-07-18T18:43:08Z</time><speed>0.000</speed><sat>16</sat></trkpt>
  <trkpt lat="26.42021000" lon="-80.15864333"><ele>17.778</ele><time>2026-07-18T18:43:09Z</time><speed>0.000</speed><sat>16</sat></trkpt>
  <trkpt lat="26.42021000" lon="-80.15864333"><ele>17.778</ele><time>2026-07-18T18:43:10Z</time><speed>0.000</speed><sat>16</sat></trkpt>
  <trkpt lat="26.42021000" lon="-80.15864333"><ele>17.778</ele><time>2026-07-18T18:43:11Z</time><speed>0.000</speed><sat>16</sat></trkpt>
  <trkpt lat="26.42021000" lon="-80.15864333"><ele>17.778</ele><time>2026-07-18T18:43:12Z</time><speed>0.000</speed><sat>16</sat></trkpt>
  <trkpt lat="26.42021000" lon="-80.15864333"><ele>17.778</ele><time>2026-07-18T18:43:13Z</time><speed>0.000</speed><sat>16</sat></trkpt>
  <trkpt lat="26.42021000" lon="-80.15864333"><ele>17.778</ele><time>2026-07-18T18:43:14Z</time><speed>0.000</speed><sat>16</sat></trkpt>
  <trkpt lat="26.42021000" lon="-80.15864333"><ele>17.778</ele><time>2026-07-18T18:43:15Z</time><speed>0.000</speed><sat>16</sat></trkpt>
  <trkpt lat="26.42021000" lon="-80.15864333"><ele>17.778</ele><time>2026-07-18T18:43:16Z</time><speed>0.000</speed><sat>16</sat></trkpt>
  <trkpt lat="26.42021000" lon="-80.15864333"><ele>17.778</ele><time>2026-07-18T18:43:17Z</time><speed>0.000</speed><sat>16</sat></trkpt>
  <trkpt lat="26.42021000" lon="-80.15864333"><ele>17.778</ele><time>2026-07-18T18:43:18Z</time><speed>0.000</speed><sat>16</sat></trkpt>
  <trkpt lat="26.42021000" lon="-80.15864333"><ele>17.778</ele><time>2026-07-18T18:43:19Z</time><speed>0.000</speed><sat>16</sat></trkpt>
  <trkpt lat="26.42021000" lon="-80.15864333"><ele>17.778</ele><time>2026-07-18T18:43:20Z</time><speed>0.000</speed><sat>16</sat></trkpt>
  <trkpt lat="26.42021000" lon="-80.15864333"><ele>17.778</ele><time>2026-07-18T18:43:21Z</time><speed>0.000</speed><sat>16</sat></trkpt>
  <trkpt lat="26.42018667" lon="-80.15861500"><ele>19.078</ele><time>2026-07-18T18:43:22Z</time><speed>2.502</speed><sat>16</sat></trkpt>
  <trkpt lat="26.42015833" lon="-80.15861833"><ele>18.778</ele><time>2026-07-18T18:43:23Z</time><speed>3.052</speed><sat>16</sat></trkpt>
  <trkpt lat="26.42012500" lon="-80.15863167"><ele>18.678</ele><time>2026-07-18T18:43:24Z</time><speed>3.714</speed><sat>16</sat></trkpt>
  <trkpt lat="26.42008833" lon="-80.15865333"><ele>18.478</ele><time>2026-07-18T18:43:25Z</time><speed>3.910</speed><sat>16</sat></trkpt>
  <trkpt lat="26.42005333" lon="-80.15867833"><ele>18.578</ele><time>2026-07-18T18:43:26Z</time><speed>4.103</speed><sat>16</sat></trkpt>
  <trkpt lat="26.42002500" lon="-80.15871833"><ele>17.978</ele><time>2026-07-18T18:43:27Z</time><speed>4.787</speed><sat>16</sat></trkpt>
  <trkpt lat="26.41998667" lon="-80.15876833"><ele>17.678</ele><time>2026-07-18T18:43:28Z</time><speed>5.172</speed><sat>16</sat></trkpt>
  <trkpt lat="26.41994500" lon="-80.15881500"><ele>17.278</ele><time>2026-07-18T18:43:29Z</time><speed>5.493</speed><sat>16</sat></trkpt>
  <trkpt lat="26.41990500" lon="-80.15885500"><ele>17.377</ele><time>2026-07-18T18:43:30Z</time><speed>5.490</speed><sat>16</sat></trkpt>
  <trkpt lat="26.41986333" lon="-80.15889167"><ele>17.777</ele><time>2026-07-18T18:43:31Z</time><speed>5.584</speed><sat>16</sat></trkpt>
  <trkpt lat="26.41982000" lon="-80.15893000"><ele>18.377</ele><time>2026-07-18T18:43:32Z</time><speed>5.321</speed><sat>16</sat></trkpt>
  <trkpt lat="26.41978833" lon="-80.15896833"><ele>19.477</ele><time>2026-07-18T18:43:33Z</time><speed>5.137</speed><sat>16</sat></trkpt>
  <trkpt lat="26.41975500" lon="-80.15901000"><ele>19.777</ele><time>2026-07-18T18:43:34Z</time><speed>4.988</speed><sat>16</sat></trkpt>
  <trkpt lat="26.41973167" lon="-80.15905333"><ele>19.476</ele><time>2026-07-18T18:43:35Z</time><speed>4.794</speed><sat>16</sat></trkpt>
  <trkpt lat="26.41970167" lon="-80.15909000"><ele>18.676</ele><time>2026-07-18T18:43:36Z</time><speed>4.243</speed><sat>16</sat></trkpt>
  <trkpt lat="26.41968167" lon="-80.15912167"><ele>17.776</ele><time>2026-07-18T18:43:37Z</time><speed>3.683</speed><sat>16</sat></trkpt>
  <trkpt lat="26.41965667" lon="-80.15914500"><ele>16.776</ele><time>2026-07-18T18:43:38Z</time><speed>2.972</speed><sat>16</sat></trkpt>
  <trkpt lat="26.41963833" lon="-80.15916333"><ele>15.976</ele><time>2026-07-18T18:43:39Z</time><speed>3.099</speed><sat>16</sat></trkpt>
  <trkpt lat="26.41962667" lon="-80.15918167"><ele>16.276</ele><time>2026-07-18T18:43:40Z</time><speed>1.026</speed><sat>16</sat></trkpt>
  <trkpt lat="26.41963167" lon="-80.15919167"><ele>17.276</ele><time>2026-07-18T18:43:41Z</time><speed>0.000</speed><sat>16</sat></trkpt>
  <trkpt lat="26.41963333" lon="-80.15919667"><ele>17.476</ele><time>2026-07-18T18:43:42Z</time><speed>0.000</speed><sat>16</sat></trkpt>
  <trkpt lat="26.41963333" lon="-80.15919667"><ele>17.476</ele><time>2026-07-18T18:43:43Z</time><speed>0.000</speed><sat>16</sat></trkpt>
  <trkpt lat="26.41963333" lon="-80.15919667"><ele>17.476</ele><time>2026-07-18T18:43:44Z</time><speed>0.000</speed><sat>16</sat></trkpt>
  <trkpt lat="26.41963333" lon="-80.15919667"><ele>17.476</ele><time>2026-07-18T18:43:45Z</time><speed>0.000</speed><sat>16</sat></trkpt>
  <trkpt lat="26.41963333" lon="-80.15919667"><ele>17.476</ele><time>2026-07-18T18:43:46Z</time><speed>0.000</speed><sat>16</sat></trkpt>
  <trkpt lat="26.41963333" lon="-80.15919667"><ele>17.476</ele><time>2026-07-18T18:43:47Z</time><speed>0.000</speed><sat>16</sat></trkpt>
  <trkpt lat="26.41963333" lon="-80.15919667"><ele>17.476</ele><time>2026-07-18T18:43:48Z</time><speed>0.000</speed><sat>16</sat></trkpt>
  <trkpt lat="26.41963333" lon="-80.15919667"><ele>17.476</ele><time>2026-07-18T18:43:49Z</time><speed>0.000</speed><sat>16</sat></trkpt>
  <trkpt lat="26.41963333" lon="-80.15919667"><ele>17.476</ele><time>2026-07-18T18:43:50Z</time><speed>0.000</speed><sat>16</sat></trkpt>
  <trkpt lat="26.41963333" lon="-80.15919667"><ele>17.476</ele><time>2026-07-18T18:43:51Z</time><speed>0.000</speed><sat>16</sat></trkpt>
  <trkpt lat="26.41963333" lon="-80.15919667"><ele>17.476</ele><time>2026-07-18T18:43:52Z</time><speed>0.000</speed><sat>16</sat></trkpt>
  <trkpt lat="26.41963333" lon="-80.15919667"><ele>17.476</ele><time>2026-07-18T18:43:53Z</time><speed>0.000</speed><sat>16</sat></trkpt>
  <trkpt lat="26.41963333" lon="-80.15919667"><ele>17.476</ele><time>2026-07-18T18:43:54Z</time><speed>0.000</speed><sat>16</sat></trkpt>
  <trkpt lat="26.41963333" lon="-80.15919667"><ele>17.476</ele><time>2026-07-18T18:43:55Z</time><speed>0.000</speed><sat>16</sat></trkpt>
  <trkpt lat="26.41963333" lon="-80.15919667"><ele>17.476</ele><time>2026-07-18T18:43:56Z</time><speed>0.000</speed><sat>16</sat></trkpt>
  <trkpt lat="26.41963333" lon="-80.15919667"><ele>17.476</ele><time>2026-07-18T18:43:57Z</time><speed>0.000</speed><sat>16</sat></trkpt>
  <trkpt lat="26.41963333" lon="-80.15919667"><ele>17.476</ele><time>2026-07-18T18:43:58Z</time><speed>0.000</speed><sat>16</sat></trkpt>
  <trkpt lat="26.41963333" lon="-80.15919667"><ele>17.476</ele><time>2026-07-18T18:43:59Z</time><speed>0.000</speed><sat>16</sat></trkpt>
  <trkpt lat="26.41963333" lon="-80.15919667"><ele>17.476</ele><time>2026-07-18T18:44:00Z</time><speed>0.000</speed><sat>16</sat></trkpt>
  <trkpt lat="26.41963333" lon="-80.15919667"><ele>17.476</ele><time>2026-07-18T18:44:01Z</time><speed>0.000</speed><sat>16</sat></trkpt>
  <trkpt lat="26.41963000" lon="-80.15920167"><ele>17.176</ele><time>2026-07-18T18:44:02Z</time><speed>2.353</speed><sat>16</sat></trkpt>
  <trkpt lat="26.41963167" lon="-80.15923167"><ele>16.776</ele><time>2026-07-18T18:44:03Z</time><speed>2.761</speed><sat>16</sat></trkpt>
  <trkpt lat="26.41964000" lon="-80.15926667"><ele>16.375</ele><time>2026-07-18T18:44:04Z</time><speed>3.629</speed><sat>16</sat></trkpt>
  <trkpt lat="26.41966000" lon="-80.15930167"><ele>15.875</ele><time>2026-07-18T18:44:05Z</time><speed>4.013</speed><sat>16</sat></trkpt>
  <trkpt lat="26.41968667" lon="-80.15933500"><ele>15.475</ele><time>2026-07-18T18:44:06Z</time><speed>4.533</speed><sat>16</sat></trkpt>
  <trkpt lat="26.41972667" lon="-80.15937833"><ele>15.575</ele><time>2026-07-18T18:44:07Z</time><speed>5.078</speed><sat>16</sat></trkpt>
  <trkpt lat="26.41975833" lon="-80.15942000"><ele>15.275</ele><time>2026-07-18T18:44:08Z</time><speed>5.245</speed><sat>16</sat></trkpt>
  <trkpt lat="26.41979167" lon="-80.15946667"><ele>15.175</ele><time>2026-07-18T18:44:09Z</time><speed>5.657</speed><sat>16</sat></trkpt>
  <trkpt lat="26.41982500" lon="-80.15951000"><ele>14.875</ele><time>2026-07-18T18:44:10Z</time><speed>5.679</speed><sat>16</sat></trkpt>
  <trkpt lat="26.41985667" lon="-80.15955500"><ele>14.874</ele><time>2026-07-18T18:44:11Z</time><speed>5.880</speed><sat>16</sat></trkpt>
  <trkpt lat="26.41988833" lon="-80.15960333"><ele>14.474</ele><time>2026-07-18T18:44:12Z</time><speed>5.980</speed><sat>16</sat></trkpt>
  <trkpt lat="26.41993000" lon="-80.15965167"><ele>14.574</ele><time>2026-07-18T18:44:13Z</time><speed>6.204</speed><sat>16</sat></trkpt>
  <trkpt lat="26.41996333" lon="-80.15970167"><ele>14.374</ele><time>2026-07-18T18:44:14Z</time><speed>6.466</speed><sat>16</sat></trkpt>
  <trkpt lat="26.42000500" lon="-80.15975167"><ele>14.274</ele><time>2026-07-18T18:44:15Z</time><speed>6.488</speed><sat>16</sat></trkpt>
  <trkpt lat="26.42004667" lon="-80.15980333"><ele>14.673</ele><time>2026-07-18T18:44:16Z</time><speed>6.635</speed><sat>16</sat></trkpt>
  <trkpt lat="26.42008000" lon="-80.15985167"><ele>13.973</ele><time>2026-07-18T18:44:17Z</time><speed>6.643</speed><sat>16</sat></trkpt>
  <trkpt lat="26.42011167" lon="-80.15989833"><ele>13.573</ele><time>2026-07-18T18:44:18Z</time><speed>6.797</speed><sat>16</sat></trkpt>
  <trkpt lat="26.42014500" lon="-80.15995667"><ele>12.873</ele><time>2026-07-18T18:44:19Z</time><speed>7.039</speed><sat>16</sat></trkpt>
  <trkpt lat="26.42018000" lon="-80.16001500"><ele>12.873</ele><time>2026-07-18T18:44:20Z</time><speed>7.026</speed><sat>16</sat></trkpt>
  <trkpt lat="26.42022000" lon="-80.16007667"><ele>13.372</ele><time>2026-07-18T18:44:21Z</time><speed>7.151</speed><sat>16</sat></trkpt>
  <trkpt lat="26.42025667" lon="-80.16013833"><ele>13.372</ele><time>2026-07-18T18:44:22Z</time><speed>7.035</speed><sat>16</sat></trkpt>
  <trkpt lat="26.42028833" lon="-80.16019833"><ele>12.872</ele><time>2026-07-18T18:44:23Z</time><speed>7.227</speed><sat>16</sat></trkpt>
  <trkpt lat="26.42031667" lon="-80.16026333"><ele>12.772</ele><time>2026-07-18T18:44:24Z</time><speed>7.221</speed><sat>16</sat></trkpt>
  <trkpt lat="26.42034667" lon="-80.16033333"><ele>12.971</ele><time>2026-07-18T18:44:25Z</time><speed>7.347</speed><sat>16</sat></trkpt>
  <trkpt lat="26.42037667" lon="-80.16040333"><ele>13.571</ele><time>2026-07-18T18:44:26Z</time><speed>7.458</speed><sat>16</sat></trkpt>
  <trkpt lat="26.42041167" lon="-80.16047167"><ele>13.671</ele><time>2026-07-18T18:44:27Z</time><speed>7.457</speed><sat>16</sat></trkpt>
  <trkpt lat="26.42044167" lon="-80.16054167"><ele>13.571</ele><time>2026-07-18T18:44:28Z</time><speed>7.617</speed><sat>16</sat></trkpt>
  <trkpt lat="26.42047500" lon="-80.16060833"><ele>13.870</ele><time>2026-07-18T18:44:29Z</time><speed>7.647</speed><sat>16</sat></trkpt>
  <trkpt lat="26.42050333" lon="-80.16068500"><ele>14.170</ele><time>2026-07-18T18:44:30Z</time><speed>7.978</speed><sat>16</sat></trkpt>
  <trkpt lat="26.42053167" lon="-80.16076000"><ele>13.770</ele><time>2026-07-18T18:44:31Z</time><speed>7.564</speed><sat>16</sat></trkpt>
  <trkpt lat="26.42055333" lon="-80.16082500"><ele>13.470</ele><time>2026-07-18T18:44:32Z</time><speed>7.243</speed><sat>16</sat></trkpt>
  <trkpt lat="26.42057500" lon="-80.16089167"><ele>12.869</ele><time>2026-07-18T18:44:33Z</time><speed>7.231</speed><sat>16</sat></trkpt>
  <trkpt lat="26.42059667" lon="-80.16095833"><ele>12.469</ele><time>2026-07-18T18:44:34Z</time><speed>7.261</speed><sat>16</sat></trkpt>
  <trkpt lat="26.42061667" lon="-80.16103000"><ele>12.569</ele><time>2026-07-18T18:44:35Z</time><speed>7.448</speed><sat>16</sat></trkpt>
  <trkpt lat="26.42063667" lon="-80.16109500"><ele>12.069</ele><time>2026-07-18T18:44:36Z</time><speed>7.317</speed><sat>16</sat></trkpt>
  <trkpt lat="26.42065667" lon="-80.16115333"><ele>11.468</ele><time>2026-07-18T18:44:37Z</time><speed>6.987</speed><sat>16</sat></trkpt>
  <trkpt lat="26.42067833" lon="-80.16122167"><ele>11.368</ele><time>2026-07-18T18:44:38Z</time><speed>7.236</speed><sat>16</sat></trkpt>
  <trkpt lat="26.42070000" lon="-80.16129500"><ele>12.068</ele><time>2026-07-18T18:44:39Z</time><speed>7.245</speed><sat>16</sat></trkpt>
  <trkpt lat="26.42071667" lon="-80.16136000"><ele>12.367</ele><time>2026-07-18T18:44:40Z</time><speed>7.395</speed><sat>16</sat></trkpt>
  <trkpt lat="26.42073333" lon="-80.16143000"><ele>12.367</ele><time>2026-07-18T18:44:41Z</time><speed>7.067</speed><sat>16</sat></trkpt>
  <trkpt lat="26.42074500" lon="-80.16149667"><ele>12.367</ele><time>2026-07-18T18:44:42Z</time><speed>7.100</speed><sat>16</sat></trkpt>
  <trkpt lat="26.42076000" lon="-80.16156500"><ele>12.667</ele><time>2026-07-18T18:44:43Z</time><speed>7.198</speed><sat>16</sat></trkpt>
  <trkpt lat="26.42077167" lon="-80.16163500"><ele>12.766</ele><time>2026-07-18T18:44:44Z</time><speed>7.020</speed><sat>16</sat></trkpt>
  <trkpt lat="26.42077833" lon="-80.16170333"><ele>12.466</ele><time>2026-07-18T18:44:45Z</time><speed>7.218</speed><sat>16</sat></trkpt>
  <trkpt lat="26.42079333" lon="-80.16177333"><ele>11.766</ele><time>2026-07-18T18:44:46Z</time><speed>7.236</speed><sat>16</sat></trkpt>
  <trkpt lat="26.42080833" lon="-80.16184333"><ele>11.766</ele><time>2026-07-18T18:44:47Z</time><speed>7.258</speed><sat>16</sat></trkpt>
  <trkpt lat="26.42081833" lon="-80.16191333"><ele>11.265</ele><time>2026-07-18T18:44:48Z</time><speed>7.268</speed><sat>16</sat></trkpt>
  <trkpt lat="26.42082000" lon="-80.16199667"><ele>11.565</ele><time>2026-07-18T18:44:49Z</time><speed>7.304</speed><sat>16</sat></trkpt>
  <trkpt lat="26.42082833" lon="-80.16207667"><ele>12.365</ele><time>2026-07-18T18:44:50Z</time><speed>7.332</speed><sat>16</sat></trkpt>
  <trkpt lat="26.42083000" lon="-80.16215500"><ele>12.864</ele><time>2026-07-18T18:44:51Z</time><speed>7.327</speed><sat>16</sat></trkpt>
  <trkpt lat="26.42083833" lon="-80.16223667"><ele>13.664</ele><time>2026-07-18T18:44:52Z</time><speed>7.588</speed><sat>16</sat></trkpt>
  <trkpt lat="26.42084167" lon="-80.16231500"><ele>13.964</ele><time>2026-07-18T18:44:53Z</time><speed>7.355</speed><sat>16</sat></trkpt>
  <trkpt lat="26.42084333" lon="-80.16239000"><ele>14.063</ele><time>2026-07-18T18:44:54Z</time><speed>7.393</speed><sat>16</sat></trkpt>
  <trkpt lat="26.42085167" lon="-80.16246167"><ele>14.563</ele><time>2026-07-18T18:44:55Z</time><speed>7.531</speed><sat>16</sat></trkpt>
  <trkpt lat="26.42085500" lon="-80.16253500"><ele>15.363</ele><time>2026-07-18T18:44:56Z</time><speed>7.545</speed><sat>16</sat></trkpt>
  <trkpt lat="26.42085667" lon="-80.16261167"><ele>16.062</ele><time>2026-07-18T18:44:57Z</time><speed>7.525</speed><sat>16</sat></trkpt>
  <trkpt lat="26.42085500" lon="-80.16268333"><ele>16.562</ele><time>2026-07-18T18:44:58Z</time><speed>7.519</speed><sat>16</sat></trkpt>
  <trkpt lat="26.42084500" lon="-80.16276000"><ele>16.162</ele><time>2026-07-18T18:44:59Z</time><speed>7.536</speed><sat>16</sat></trkpt>
  <trkpt lat="26.42084000" lon="-80.16283333"><ele>15.861</ele><time>2026-07-18T18:45:00Z</time><speed>7.794</speed><sat>16</sat></trkpt>
  <trkpt lat="26.42083500" lon="-80.16291167"><ele>16.161</ele><time>2026-07-18T18:45:01Z</time><speed>7.691</speed><sat>16</sat></trkpt>
  <trkpt lat="26.42082000" lon="-80.16298500"><ele>15.861</ele><time>2026-07-18T18:45:02Z</time><speed>7.578</speed><sat>16</sat></trkpt>
  <trkpt lat="26.42080500" lon="-80.16305500"><ele>16.261</ele><time>2026-07-18T18:45:03Z</time><speed>7.662</speed><sat>16</sat></trkpt>
  <trkpt lat="26.42079667" lon="-80.16313000"><ele>17.160</ele><time>2026-07-18T18:45:04Z</time><speed>7.680</speed><sat>16</sat></trkpt>
  <trkpt lat="26.42078667" lon="-80.16320667"><ele>17.960</ele><time>2026-07-18T18:45:05Z</time><speed>7.715</speed><sat>16</sat></trkpt>
  <trkpt lat="26.42077833" lon="-80.16328333"><ele>18.160</ele><time>2026-07-18T18:45:06Z</time><speed>7.525</speed><sat>16</sat></trkpt>
  <trkpt lat="26.42076833" lon="-80.16335333"><ele>17.559</ele><time>2026-07-18T18:45:07Z</time><speed>7.743</speed><sat>16</sat></trkpt>
  <trkpt lat="26.42075833" lon="-80.16343333"><ele>17.259</ele><time>2026-07-18T18:45:08Z</time><speed>7.750</speed><sat>16</sat></trkpt>
  <trkpt lat="26.42074000" lon="-80.16350833"><ele>16.959</ele><time>2026-07-18T18:45:09Z</time><speed>7.656</speed><sat>16</sat></trkpt>
  <trkpt lat="26.42072167" lon="-80.16358167"><ele>16.658</ele><time>2026-07-18T18:45:10Z</time><speed>7.649</speed><sat>16</sat></trkpt>
  <trkpt lat="26.42070333" lon="-80.16365000"><ele>16.558</ele><time>2026-07-18T18:45:11Z</time><speed>7.401</speed><sat>16</sat></trkpt>
  <trkpt lat="26.42069000" lon="-80.16371833"><ele>16.358</ele><time>2026-07-18T18:45:12Z</time><speed>7.418</speed><sat>16</sat></trkpt>
  <trkpt lat="26.42066500" lon="-80.16378667"><ele>15.657</ele><time>2026-07-18T18:45:13Z</time><speed>7.415</speed><sat>16</sat></trkpt>
  <trkpt lat="26.42065000" lon="-80.16386000"><ele>15.557</ele><time>2026-07-18T18:45:14Z</time><speed>7.623</speed><sat>16</sat></trkpt>
  <trkpt lat="26.42062833" lon="-80.16393833"><ele>15.457</ele><time>2026-07-18T18:45:15Z</time><speed>7.618</speed><sat>16</sat></trkpt>
  <trkpt lat="26.42060333" lon="-80.16401333"><ele>14.656</ele><time>2026-07-18T18:45:16Z</time><speed>7.502</speed><sat>16</sat></trkpt>
  <trkpt lat="26.42057333" lon="-80.16408500"><ele>13.756</ele><time>2026-07-18T18:45:17Z</time><speed>7.529</speed><sat>16</sat></trkpt>
  <trkpt lat="26.42054333" lon="-80.16415333"><ele>13.456</ele><time>2026-07-18T18:45:18Z</time><speed>7.532</speed><sat>16</sat></trkpt>
  <trkpt lat="26.42052000" lon="-80.16422833"><ele>13.456</ele><time>2026-07-18T18:45:19Z</time><speed>8.050</speed><sat>16</sat></trkpt>
  <trkpt lat="26.42049500" lon="-80.16430000"><ele>12.955</ele><time>2026-07-18T18:45:20Z</time><speed>7.660</speed><sat>16</sat></trkpt>
  <trkpt lat="26.42047333" lon="-80.16437000"><ele>12.955</ele><time>2026-07-18T18:45:21Z</time><speed>7.486</speed><sat>16</sat></trkpt>
  <trkpt lat="26.42045167" lon="-80.16444000"><ele>12.655</ele><time>2026-07-18T18:45:22Z</time><speed>7.492</speed><sat>16</sat></trkpt>
  <trkpt lat="26.42043000" lon="-80.16451500"><ele>12.054</ele><time>2026-07-18T18:45:23Z</time><speed>7.250</speed><sat>16</sat></trkpt>
  <trkpt lat="26.42040667" lon="-80.16458500"><ele>11.754</ele><time>2026-07-18T18:45:24Z</time><speed>6.885</speed><sat>16</sat></trkpt>
  <trkpt lat="26.42039333" lon="-80.16464667"><ele>11.954</ele><time>2026-07-18T18:45:25Z</time><speed>6.333</speed><sat>16</sat></trkpt>
  <trkpt lat="26.42038500" lon="-80.16470500"><ele>12.153</ele><time>2026-07-18T18:45:26Z</time><speed>5.159</speed><sat>16</sat></trkpt>
  <trkpt lat="26.42037833" lon="-80.16473000"><ele>12.753</ele><time>2026-07-18T18:45:27Z</time><speed>1.954</speed><sat>16</sat></trkpt>
  <trkpt lat="26.42037333" lon="-80.16473833"><ele>12.853</ele><time>2026-07-18T18:45:28Z</time><speed>0.000</speed><sat>16</sat></trkpt>
  <trkpt lat="26.42037333" lon="-80.16474500"><ele>12.953</ele><time>2026-07-18T18:45:29Z</time><speed>0.000</speed><sat>15</sat></trkpt>
  <trkpt lat="26.42036833" lon="-80.16475333"><ele>12.953</ele><time>2026-07-18T18:45:30Z</time><speed>0.000</speed><sat>16</sat></trkpt>
  <trkpt lat="26.42036000" lon="-80.16476167"><ele>13.053</ele><time>2026-07-18T18:45:31Z</time><speed>0.136</speed><sat>16</sat></trkpt>
  <trkpt lat="26.42035333" lon="-80.16477333"><ele>13.553</ele><time>2026-07-18T18:45:32Z</time><speed>0.106</speed><sat>16</sat></trkpt>
  <trkpt lat="26.42035333" lon="-80.16478667"><ele>13.853</ele><time>2026-07-18T18:45:33Z</time><speed>0.113</speed><sat>16</sat></trkpt>
  <trkpt lat="26.42034833" lon="-80.16480167"><ele>14.153</ele><time>2026-07-18T18:45:34Z</time><speed>2.205</speed><sat>16</sat></trkpt>
  <trkpt lat="26.42034167" lon="-80.16482833"><ele>14.453</ele><time>2026-07-18T18:45:35Z</time><speed>3.256</speed><sat>16</sat></trkpt>
  <trkpt lat="26.42033500" lon="-80.16486667"><ele>15.353</ele><time>2026-07-18T18:45:36Z</time><speed>3.863</speed><sat>16</sat></trkpt>
  <trkpt lat="26.42032333" lon="-80.16490833"><ele>16.053</ele><time>2026-07-18T18:45:37Z</time><speed>4.302</speed><sat>16</sat></trkpt>
  <trkpt lat="26.42030500" lon="-80.16494833"><ele>16.152</ele><time>2026-07-18T18:45:38Z</time><speed>4.834</speed><sat>16</sat></trkpt>
  <trkpt lat="26.42028500" lon="-80.16499500"><ele>15.952</ele><time>2026-07-18T18:45:39Z</time><speed>5.021</speed><sat>16</sat></trkpt>
  <trkpt lat="26.42027167" lon="-80.16504333"><ele>15.552</ele><time>2026-07-18T18:45:40Z</time><speed>5.137</speed><sat>16</sat></trkpt>
  <trkpt lat="26.42025833" lon="-80.16509167"><ele>14.652</ele><time>2026-07-18T18:45:41Z</time><speed>5.420</speed><sat>16</sat></trkpt>
  <trkpt lat="26.42023833" lon="-80.16513667"><ele>14.552</ele><time>2026-07-18T18:45:42Z</time><speed>5.407</speed><sat>16</sat></trkpt>
  <trkpt lat="26.42022333" lon="-80.16519167"><ele>14.551</ele><time>2026-07-18T18:45:43Z</time><speed>5.795</speed><sat>16</sat></trkpt>
  <trkpt lat="26.42019667" lon="-80.16524833"><ele>14.951</ele><time>2026-07-18T18:45:44Z</time><speed>5.764</speed><sat>16</sat></trkpt>
  <trkpt lat="26.42017667" lon="-80.16530000"><ele>14.651</ele><time>2026-07-18T18:45:45Z</time><speed>5.849</speed><sat>16</sat></trkpt>
  <trkpt lat="26.42015167" lon="-80.16535000"><ele>15.051</ele><time>2026-07-18T18:45:46Z</time><speed>6.080</speed><sat>16</sat></trkpt>
  <trkpt lat="26.42013000" lon="-80.16540500"><ele>14.450</ele><time>2026-07-18T18:45:47Z</time><speed>6.248</speed><sat>16</sat></trkpt>
  <trkpt lat="26.42010667" lon="-80.16546000"><ele>14.650</ele><time>2026-07-18T18:45:48Z</time><speed>6.215</speed><sat>16</sat></trkpt>
  <trkpt lat="26.42007667" lon="-80.16551667"><ele>14.750</ele><time>2026-07-18T18:45:49Z</time><speed>6.042</speed><sat>16</sat></trkpt>
  <trkpt lat="26.42005333" lon="-80.16557333"><ele>15.150</ele><time>2026-07-18T18:45:50Z</time><speed>6.229</speed><sat>16</sat></trkpt>
  <trkpt lat="26.42002667" lon="-80.16562833"><ele>15.549</ele><time>2026-07-18T18:45:51Z</time><speed>6.009</speed><sat>16</sat></trkpt>
  <trkpt lat="26.42000500" lon="-80.16567833"><ele>15.449</ele><time>2026-07-18T18:45:52Z</time><speed>6.091</speed><sat>16</sat></trkpt>
  <trkpt lat="26.41997833" lon="-80.16572500"><ele>14.949</ele><time>2026-07-18T18:45:53Z</time><speed>6.070</speed><sat>16</sat></trkpt>
  <trkpt lat="26.41995667" lon="-80.16577167"><ele>15.149</ele><time>2026-07-18T18:45:54Z</time><speed>5.842</speed><sat>16</sat></trkpt>
  <trkpt lat="26.41993000" lon="-80.16582667"><ele>15.349</ele><time>2026-07-18T18:45:55Z</time><speed>6.331</speed><sat>16</sat></trkpt>
  <trkpt lat="26.41990500" lon="-80.16588667"><ele>16.048</ele><time>2026-07-18T18:45:56Z</time><speed>6.292</speed><sat>16</sat></trkpt>
  <trkpt lat="26.41988000" lon="-80.16594333"><ele>16.448</ele><time>2026-07-18T18:45:57Z</time><speed>6.042</speed><sat>16</sat></trkpt>
  <trkpt lat="26.41985000" lon="-80.16600000"><ele>16.848</ele><time>2026-07-18T18:45:58Z</time><speed>5.898</speed><sat>16</sat></trkpt>
  <trkpt lat="26.41981833" lon="-80.16604667"><ele>16.848</ele><time>2026-07-18T18:45:59Z</time><speed>6.035</speed><sat>16</sat></trkpt>
  <trkpt lat="26.41977833" lon="-80.16610333"><ele>15.747</ele><time>2026-07-18T18:46:00Z</time><speed>5.952</speed><sat>16</sat></trkpt>
  <trkpt lat="26.41975333" lon="-80.16615833"><ele>15.047</ele><time>2026-07-18T18:46:01Z</time><speed>5.973</speed><sat>16</sat></trkpt>
  <trkpt lat="26.41971667" lon="-80.16620667"><ele>14.547</ele><time>2026-07-18T18:46:02Z</time><speed>5.867</speed><sat>16</sat></trkpt>
  <trkpt lat="26.41968167" lon="-80.16625167"><ele>14.347</ele><time>2026-07-18T18:46:03Z</time><speed>5.672</speed><sat>16</sat></trkpt>
  <trkpt lat="26.41964667" lon="-80.16630167"><ele>13.847</ele><time>2026-07-18T18:46:04Z</time><speed>5.654</speed><sat>16</sat></trkpt>
  <trkpt lat="26.41960667" lon="-80.16634000"><ele>13.746</ele><time>2026-07-18T18:46:05Z</time><speed>5.647</speed><sat>16</sat></trkpt>
  <trkpt lat="26.41956833" lon="-80.16637833"><ele>13.946</ele><time>2026-07-18T18:46:06Z</time><speed>6.010</speed><sat>16</sat></trkpt>
  <trkpt lat="26.41953833" lon="-80.16642667"><ele>14.246</ele><time>2026-07-18T18:46:07Z</time><speed>5.854</speed><sat>16</sat></trkpt>
  <trkpt lat="26.41950333" lon="-80.16647667"><ele>14.546</ele><time>2026-07-18T18:46:08Z</time><speed>6.220</speed><sat>16</sat></trkpt>
  <trkpt lat="26.41948000" lon="-80.16652000"><ele>14.046</ele><time>2026-07-18T18:46:09Z</time><speed>6.341</speed><sat>16</sat></trkpt>
  <trkpt lat="26.41944167" lon="-80.16657500"><ele>15.145</ele><time>2026-07-18T18:46:10Z</time><speed>6.508</speed><sat>16</sat></trkpt>
  <trkpt lat="26.41940500" lon="-80.16662667"><ele>16.045</ele><time>2026-07-18T18:46:11Z</time><speed>6.664</speed><sat>16</sat></trkpt>
  <trkpt lat="26.41936000" lon="-80.16667333"><ele>16.545</ele><time>2026-07-18T18:46:12Z</time><speed>6.958</speed><sat>16</sat></trkpt>
  <trkpt lat="26.41932000" lon="-80.16672333"><ele>17.245</ele><time>2026-07-18T18:46:13Z</time><speed>6.949</speed><sat>16</sat></trkpt>
  <trkpt lat="26.41927000" lon="-80.16676500"><ele>18.444</ele><time>2026-07-18T18:46:14Z</time><speed>6.934</speed><sat>16</sat></trkpt>
  <trkpt lat="26.41922000" lon="-80.16681333"><ele>18.844</ele><time>2026-07-18T18:46:15Z</time><speed>7.168</speed><sat>15</sat></trkpt>
  <trkpt lat="26.41916667" lon="-80.16686333"><ele>18.444</ele><time>2026-07-18T18:46:16Z</time><speed>7.158</speed><sat>16</sat></trkpt>
  <trkpt lat="26.41912167" lon="-80.16691667"><ele>18.144</ele><time>2026-07-18T18:46:17Z</time><speed>7.142</speed><sat>15</sat></trkpt>
  <trkpt lat="26.41907500" lon="-80.16696333"><ele>17.243</ele><time>2026-07-18T18:46:18Z</time><speed>7.242</speed><sat>15</sat></trkpt>
  <trkpt lat="26.41902833" lon="-80.16700833"><ele>17.343</ele><time>2026-07-18T18:46:19Z</time><speed>7.147</speed><sat>15</sat></trkpt>
  <trkpt lat="26.41897833" lon="-80.16705667"><ele>17.143</ele><time>2026-07-18T18:46:20Z</time><speed>7.385</speed><sat>15</sat></trkpt>
  <trkpt lat="26.41892667" lon="-80.16710167"><ele>17.043</ele><time>2026-07-18T18:46:21Z</time><speed>7.408</speed><sat>15</sat></trkpt>
  <trkpt lat="26.41887000" lon="-80.16714333"><ele>15.843</ele><time>2026-07-18T18:46:22Z</time><speed>6.955</speed><sat>15</sat></trkpt>
  <trkpt lat="26.41881167" lon="-80.16718333"><ele>15.542</ele><time>2026-07-18T18:46:23Z</time><speed>7.109</speed><sat>15</sat></trkpt>
  <trkpt lat="26.41875500" lon="-80.16722500"><ele>15.042</ele><time>2026-07-18T18:46:24Z</time><speed>7.387</speed><sat>15</sat></trkpt>
  <trkpt lat="26.41870333" lon="-80.16726667"><ele>15.342</ele><time>2026-07-18T18:46:25Z</time><speed>7.143</speed><sat>16</sat></trkpt>
  <trkpt lat="26.41865167" lon="-80.16730333"><ele>15.042</ele><time>2026-07-18T18:46:26Z</time><speed>7.110</speed><sat>15</sat></trkpt>
  <trkpt lat="26.41859500" lon="-80.16733500"><ele>15.142</ele><time>2026-07-18T18:46:27Z</time><speed>7.021</speed><sat>15</sat></trkpt>
  <trkpt lat="26.41854500" lon="-80.16737000"><ele>15.041</ele><time>2026-07-18T18:46:28Z</time><speed>7.019</speed><sat>14</sat></trkpt>
  <trkpt lat="26.41849333" lon="-80.16740167"><ele>14.941</ele><time>2026-07-18T18:46:29Z</time><speed>6.994</speed><sat>15</sat></trkpt>
  <trkpt lat="26.41843500" lon="-80.16743167"><ele>14.641</ele><time>2026-07-18T18:46:30Z</time><speed>6.994</speed><sat>15</sat></trkpt>
  <trkpt lat="26.41837500" lon="-80.16745500"><ele>14.541</ele><time>2026-07-18T18:46:31Z</time><speed>6.811</speed><sat>15</sat></trkpt>
  <trkpt lat="26.41831500" lon="-80.16747333"><ele>14.241</ele><time>2026-07-18T18:46:32Z</time><speed>6.801</speed><sat>16</sat></trkpt>
  <trkpt lat="26.41824833" lon="-80.16748500"><ele>12.941</ele><time>2026-07-18T18:46:33Z</time><speed>6.935</speed><sat>16</sat></trkpt>
  <trkpt lat="26.41817833" lon="-80.16750500"><ele>11.841</ele><time>2026-07-18T18:46:34Z</time><speed>7.086</speed><sat>16</sat></trkpt>
  <trkpt lat="26.41811167" lon="-80.16752667"><ele>11.741</ele><time>2026-07-18T18:46:35Z</time><speed>7.211</speed><sat>16</sat></trkpt>
  <trkpt lat="26.41804167" lon="-80.16753833"><ele>12.141</ele><time>2026-07-18T18:46:36Z</time><speed>6.835</speed><sat>16</sat></trkpt>
  <trkpt lat="26.41798000" lon="-80.16755333"><ele>12.140</ele><time>2026-07-18T18:46:37Z</time><speed>7.203</speed><sat>16</sat></trkpt>
  <trkpt lat="26.41792333" lon="-80.16757167"><ele>11.940</ele><time>2026-07-18T18:46:38Z</time><speed>6.876</speed><sat>16</sat></trkpt>
  <trkpt lat="26.41786667" lon="-80.16759000"><ele>10.940</ele><time>2026-07-18T18:46:39Z</time><speed>6.889</speed><sat>16</sat></trkpt>
  <trkpt lat="26.41780000" lon="-80.16759667"><ele>11.140</ele><time>2026-07-18T18:46:40Z</time><speed>6.604</speed><sat>16</sat></trkpt>
  <trkpt lat="26.41773167" lon="-80.16759833"><ele>10.840</ele><time>2026-07-18T18:46:41Z</time><speed>6.972</speed><sat>16</sat></trkpt>
  <trkpt lat="26.41766167" lon="-80.16760500"><ele>10.040</ele><time>2026-07-18T18:46:42Z</time><speed>6.682</speed><sat>16</sat></trkpt>
  <trkpt lat="26.41760167" lon="-80.16760667"><ele>10.040</ele><time>2026-07-18T18:46:43Z</time><speed>6.685</speed><sat>16</sat></trkpt>
  <trkpt lat="26.41754667" lon="-80.16760833"><ele>10.440</ele><time>2026-07-18T18:46:44Z</time><speed>6.517</speed><sat>16</sat></trkpt>
  <trkpt lat="26.41748833" lon="-80.16760833"><ele>10.440</ele><time>2026-07-18T18:46:45Z</time><speed>6.326</speed><sat>16</sat></trkpt>
  <trkpt lat="26.41743333" lon="-80.16760333"><ele>11.540</ele><time>2026-07-18T18:46:46Z</time><speed>6.134</speed><sat>16</sat></trkpt>
  <trkpt lat="26.41738500" lon="-80.16760000"><ele>12.540</ele><time>2026-07-18T18:46:47Z</time><speed>5.864</speed><sat>16</sat></trkpt>
  <trkpt lat="26.41734500" lon="-80.16759833"><ele>12.440</ele><time>2026-07-18T18:46:48Z</time><speed>4.447</speed><sat>16</sat></trkpt>
  <trkpt lat="26.41731500" lon="-80.16759500"><ele>12.040</ele><time>2026-07-18T18:46:49Z</time><speed>2.457</speed><sat>16</sat></trkpt>
  <trkpt lat="26.41730167" lon="-80.16759167"><ele>11.840</ele><time>2026-07-18T18:46:50Z</time><speed>1.353</speed><sat>16</sat></trkpt>
  <trkpt lat="26.41729333" lon="-80.16757833"><ele>11.440</ele><time>2026-07-18T18:46:51Z</time><speed>1.268</speed><sat>16</sat></trkpt>
  <trkpt lat="26.41729000" lon="-80.16757167"><ele>11.040</ele><time>2026-07-18T18:46:52Z</time><speed>0.000</speed><sat>16</sat></trkpt>
  <trkpt lat="26.41728667" lon="-80.16756500"><ele>10.540</ele><time>2026-07-18T18:46:53Z</time><speed>0.000</speed><sat>16</sat></trkpt>
  <trkpt lat="26.41728833" lon="-80.16756333"><ele>10.140</ele><time>2026-07-18T18:46:54Z</time><speed>0.000</speed><sat>16</sat></trkpt>
  <trkpt lat="26.41728833" lon="-80.16756333"><ele>10.140</ele><time>2026-07-18T18:46:55Z</time><speed>0.000</speed><sat>16</sat></trkpt>
  <trkpt lat="26.41728833" lon="-80.16756333"><ele>10.140</ele><time>2026-07-18T18:46:56Z</time><speed>0.000</speed><sat>16</sat></trkpt>
  <trkpt lat="26.41728833" lon="-80.16756333"><ele>10.140</ele><time>2026-07-18T18:46:57Z</time><speed>0.000</speed><sat>16</sat></trkpt>
  <trkpt lat="26.41729167" lon="-80.16756333"><ele>9.940</ele><time>2026-07-18T18:46:58Z</time><speed>0.168</speed><sat>16</sat></trkpt>
  <trkpt lat="26.41731500" lon="-80.16756667"><ele>9.440</ele><time>2026-07-18T18:46:59Z</time><speed>2.299</speed><sat>16</sat></trkpt>
  <trkpt lat="26.41733833" lon="-80.16757000"><ele>8.940</ele><time>2026-07-18T18:47:00Z</time><speed>2.332</speed><sat>16</sat></trkpt>
  <trkpt lat="26.41736333" lon="-80.16758000"><ele>8.340</ele><time>2026-07-18T18:47:01Z</time><speed>2.230</speed><sat>16</sat></trkpt>
  <trkpt lat="26.41739000" lon="-80.16759500"><ele>8.040</ele><time>2026-07-18T18:47:02Z</time><speed>2.637</speed><sat>16</sat></trkpt>
  <trkpt lat="26.41740333" lon="-80.16760667"><ele>7.740</ele><time>2026-07-18T18:47:03Z</time><speed>1.167</speed><sat>16</sat></trkpt>
  <trkpt lat="26.41741167" lon="-80.16761667"><ele>7.840</ele><time>2026-07-18T18:47:04Z</time><speed>1.002</speed><sat>16</sat></trkpt>
  <trkpt lat="26.41740833" lon="-80.16761833"><ele>7.940</ele><time>2026-07-18T18:47:05Z</time><speed>0.000</speed><sat>16</sat></trkpt>
  <trkpt lat="26.41739333" lon="-80.16762000"><ele>7.640</ele><time>2026-07-18T18:47:06Z</time><speed>0.000</speed><sat>16</sat></trkpt>
  <trkpt lat="26.41737667" lon="-80.16762667"><ele>8.240</ele><time>2026-07-18T18:47:07Z</time><speed>1.793</speed><sat>16</sat></trkpt>
  <trkpt lat="26.41735167" lon="-80.16763667"><ele>9.240</ele><time>2026-07-18T18:47:08Z</time><speed>2.114</speed><sat>16</sat></trkpt>
  <trkpt lat="26.41732167" lon="-80.16764333"><ele>9.540</ele><time>2026-07-18T18:47:09Z</time><speed>2.611</speed><sat>16</sat></trkpt>
  <trkpt lat="26.41728833" lon="-80.16764833"><ele>9.340</ele><time>2026-07-18T18:47:10Z</time><speed>4.018</speed><sat>16</sat></trkpt>
  <trkpt lat="26.41724667" lon="-80.16765333"><ele>10.140</ele><time>2026-07-18T18:47:11Z</time><speed>4.041</speed><sat>16</sat></trkpt>
  <trkpt lat="26.41720833" lon="-80.16765167"><ele>11.040</ele><time>2026-07-18T18:47:12Z</time><speed>4.674</speed><sat>16</sat></trkpt>
  <trkpt lat="26.41716333" lon="-80.16765167"><ele>11.640</ele><time>2026-07-18T18:47:13Z</time><speed>5.159</speed><sat>16</sat></trkpt>
  <trkpt lat="26.41711167" lon="-80.16764833"><ele>12.040</ele><time>2026-07-18T18:47:14Z</time><speed>5.337</speed><sat>16</sat></trkpt>
  <trkpt lat="26.41705667" lon="-80.16764833"><ele>12.940</ele><time>2026-07-18T18:47:15Z</time><speed>5.375</speed><sat>16</sat></trkpt>
  <trkpt lat="26.41701000" lon="-80.16764500"><ele>13.539</ele><time>2026-07-18T18:47:16Z</time><speed>5.201</speed><sat>16</sat></trkpt>
  <trkpt lat="26.41696167" lon="-80.16763000"><ele>14.240</ele><time>2026-07-18T18:47:17Z</time><speed>5.237</speed><sat>16</sat></trkpt>
  <trkpt lat="26.41690667" lon="-80.16762167"><ele>14.640</ele><time>2026-07-18T18:47:18Z</time><speed>5.115</speed><sat>16</sat></trkpt>
  <trkpt lat="26.41685667" lon="-80.16761667"><ele>14.240</ele><time>2026-07-18T18:47:19Z</time><speed>5.002</speed><sat>16</sat></trkpt>
  <trkpt lat="26.41681000" lon="-80.16761500"><ele>14.340</ele><time>2026-07-18T18:47:20Z</time><speed>5.382</speed><sat>16</sat></trkpt>
  <trkpt lat="26.41677500" lon="-80.16762667"><ele>15.139</ele><time>2026-07-18T18:47:21Z</time><speed>4.062</speed><sat>16</sat></trkpt>
  <trkpt lat="26.41674000" lon="-80.16764667"><ele>14.839</ele><time>2026-07-18T18:47:22Z</time><speed>4.315</speed><sat>16</sat></trkpt>
  <trkpt lat="26.41670667" lon="-80.16765333"><ele>15.339</ele><time>2026-07-18T18:47:23Z</time><speed>4.280</speed><sat>16</sat></trkpt>
  <trkpt lat="26.41666000" lon="-80.16764167"><ele>14.939</ele><time>2026-07-18T18:47:24Z</time><speed>4.783</speed><sat>16</sat></trkpt>
  <trkpt lat="26.41661500" lon="-80.16764167"><ele>15.739</ele><time>2026-07-18T18:47:25Z</time><speed>5.100</speed><sat>15</sat></trkpt>
  <trkpt lat="26.41657333" lon="-80.16765167"><ele>15.639</ele><time>2026-07-18T18:47:26Z</time><speed>5.089</speed><sat>15</sat></trkpt>
  <trkpt lat="26.41654500" lon="-80.16768500"><ele>15.539</ele><time>2026-07-18T18:47:27Z</time><speed>4.627</speed><sat>15</sat></trkpt>
  <trkpt lat="26.41651500" lon="-80.16772000"><ele>15.039</ele><time>2026-07-18T18:47:28Z</time><speed>5.087</speed><sat>15</sat></trkpt>
  <trkpt lat="26.41648333" lon="-80.16776667"><ele>14.839</ele><time>2026-07-18T18:47:29Z</time><speed>5.714</speed><sat>15</sat></trkpt>
  <trkpt lat="26.41645167" lon="-80.16782333"><ele>15.138</ele><time>2026-07-18T18:47:30Z</time><speed>5.709</speed><sat>15</sat></trkpt>
  <trkpt lat="26.41641833" lon="-80.16787333"><ele>15.738</ele><time>2026-07-18T18:47:31Z</time><speed>5.701</speed><sat>15</sat></trkpt>
  <trkpt lat="26.41639000" lon="-80.16792500"><ele>16.438</ele><time>2026-07-18T18:47:32Z</time><speed>5.475</speed><sat>15</sat></trkpt>
  <trkpt lat="26.41635833" lon="-80.16797333"><ele>16.538</ele><time>2026-07-18T18:47:33Z</time><speed>4.951</speed><sat>16</sat></trkpt>
  <trkpt lat="26.41632500" lon="-80.16802000"><ele>16.638</ele><time>2026-07-18T18:47:34Z</time><speed>5.132</speed><sat>16</sat></trkpt>
  <trkpt lat="26.41628500" lon="-80.16806667"><ele>15.537</ele><time>2026-07-18T18:47:35Z</time><speed>6.457</speed><sat>15</sat></trkpt>
  <trkpt lat="26.41625167" lon="-80.16811833"><ele>14.937</ele><time>2026-07-18T18:47:36Z</time><speed>6.204</speed><sat>16</sat></trkpt>
  <trkpt lat="26.41622167" lon="-80.16818000"><ele>14.937</ele><time>2026-07-18T18:47:37Z</time><speed>6.493</speed><sat>16</sat></trkpt>
  <trkpt lat="26.41622333" lon="-80.16825167"><ele>15.137</ele><time>2026-07-18T18:47:38Z</time><speed>6.482</speed><sat>16</sat></trkpt>
  <trkpt lat="26.41623000" lon="-80.16832333"><ele>15.536</ele><time>2026-07-18T18:47:39Z</time><speed>6.344</speed><sat>16</sat></trkpt>
  <trkpt lat="26.41623500" lon="-80.16838833"><ele>16.436</ele><time>2026-07-18T18:47:40Z</time><speed>6.317</speed><sat>16</sat></trkpt>
  <trkpt lat="26.41623667" lon="-80.16845500"><ele>17.036</ele><time>2026-07-18T18:47:41Z</time><speed>6.283</speed><sat>16</sat></trkpt>
  <trkpt lat="26.41623667" lon="-80.16852167"><ele>17.135</ele><time>2026-07-18T18:47:42Z</time><speed>6.126</speed><sat>15</sat></trkpt>
  <trkpt lat="26.41623333" lon="-80.16858333"><ele>17.835</ele><time>2026-07-18T18:47:43Z</time><speed>6.267</speed><sat>15</sat></trkpt>
  <trkpt lat="26.41623667" lon="-80.16864333"><ele>17.935</ele><time>2026-07-18T18:47:44Z</time><speed>6.796</speed><sat>15</sat></trkpt>
  <trkpt lat="26.41624667" lon="-80.16871000"><ele>18.335</ele><time>2026-07-18T18:47:45Z</time><speed>6.780</speed><sat>15</sat></trkpt>
  <trkpt lat="26.41626667" lon="-80.16877667"><ele>17.934</ele><time>2026-07-18T18:47:46Z</time><speed>6.280</speed><sat>15</sat></trkpt>
  <trkpt lat="26.41628333" lon="-80.16884000"><ele>17.234</ele><time>2026-07-18T18:47:47Z</time><speed>5.981</speed><sat>15</sat></trkpt>
  <trkpt lat="26.41629000" lon="-80.16891167"><ele>16.834</ele><time>2026-07-18T18:47:48Z</time><speed>6.010</speed><sat>15</sat></trkpt>
  <trkpt lat="26.41628500" lon="-80.16898167"><ele>16.734</ele><time>2026-07-18T18:47:49Z</time><speed>6.586</speed><sat>15</sat></trkpt>
  <trkpt lat="26.41628333" lon="-80.16905000"><ele>17.333</ele><time>2026-07-18T18:47:50Z</time><speed>6.376</speed><sat>15</sat></trkpt>
  <trkpt lat="26.41628667" lon="-80.16911833"><ele>17.433</ele><time>2026-07-18T18:47:51Z</time><speed>6.339</speed><sat>15</sat></trkpt>
  <trkpt lat="26.41628833" lon="-80.16919000"><ele>17.533</ele><time>2026-07-18T18:47:52Z</time><speed>6.544</speed><sat>15</sat></trkpt>
  <trkpt lat="26.41629167" lon="-80.16925667"><ele>17.332</ele><time>2026-07-18T18:47:53Z</time><speed>6.556</speed><sat>15</sat></trkpt>
  <trkpt lat="26.41629833" lon="-80.16932500"><ele>17.132</ele><time>2026-07-18T18:47:54Z</time><speed>6.537</speed><sat>14</sat></trkpt>
  <trkpt lat="26.41631000" lon="-80.16939500"><ele>17.132</ele><time>2026-07-18T18:47:55Z</time><speed>6.572</speed><sat>14</sat></trkpt>
  <trkpt lat="26.41631500" lon="-80.16947000"><ele>17.132</ele><time>2026-07-18T18:47:56Z</time><speed>6.757</speed><sat>15</sat></trkpt>
  <trkpt lat="26.41631333" lon="-80.16954500"><ele>17.331</ele><time>2026-07-18T18:47:57Z</time><speed>6.622</speed><sat>15</sat></trkpt>
  <trkpt lat="26.41630667" lon="-80.16961333"><ele>17.531</ele><time>2026-07-18T18:47:58Z</time><speed>6.889</speed><sat>16</sat></trkpt>
  <trkpt lat="26.41630667" lon="-80.16968000"><ele>17.931</ele><time>2026-07-18T18:47:59Z</time><speed>7.462</speed><sat>16</sat></trkpt>
  <trkpt lat="26.41630500" lon="-80.16975000"><ele>19.230</ele><time>2026-07-18T18:48:00Z</time><speed>7.050</speed><sat>16</sat></trkpt>
  <trkpt lat="26.41629500" lon="-80.16982000"><ele>19.330</ele><time>2026-07-18T18:48:01Z</time><speed>6.792</speed><sat>16</sat></trkpt>
  <trkpt lat="26.41628500" lon="-80.16988667"><ele>19.530</ele><time>2026-07-18T18:48:02Z</time><speed>6.639</speed><sat>16</sat></trkpt>
  <trkpt lat="26.41627833" lon="-80.16995000"><ele>20.030</ele><time>2026-07-18T18:48:03Z</time><speed>6.145</speed><sat>16</sat></trkpt>
  <trkpt lat="26.41627667" lon="-80.17001667"><ele>19.929</ele><time>2026-07-18T18:48:04Z</time><speed>6.127</speed><sat>15</sat></trkpt>
  <trkpt lat="26.41628167" lon="-80.17007167"><ele>20.029</ele><time>2026-07-18T18:48:05Z</time><speed>5.763</speed><sat>16</sat></trkpt>
  <trkpt lat="26.41630000" lon="-80.17011833"><ele>20.629</ele><time>2026-07-18T18:48:06Z</time><speed>5.493</speed><sat>16</sat></trkpt>
  <trkpt lat="26.41633667" lon="-80.17015500"><ele>20.829</ele><time>2026-07-18T18:48:07Z</time><speed>5.269</speed><sat>15</sat></trkpt>
  <trkpt lat="26.41638333" lon="-80.17016167"><ele>20.029</ele><time>2026-07-18T18:48:08Z</time><speed>4.354</speed><sat>15</sat></trkpt>
  <trkpt lat="26.41643167" lon="-80.17016500"><ele>19.229</ele><time>2026-07-18T18:48:09Z</time><speed>4.655</speed><sat>16</sat></trkpt>
  <trkpt lat="26.41648333" lon="-80.17016833"><ele>19.629</ele><time>2026-07-18T18:48:10Z</time><speed>4.139</speed><sat>16</sat></trkpt>
  <trkpt lat="26.41652000" lon="-80.17016333"><ele>19.329</ele><time>2026-07-18T18:48:11Z</time><speed>2.977</speed><sat>16</sat></trkpt>
  <trkpt lat="26.41654333" lon="-80.17016167"><ele>18.829</ele><time>2026-07-18T18:48:12Z</time><speed>2.231</speed><sat>16</sat></trkpt>
  <trkpt lat="26.41656000" lon="-80.17015500"><ele>18.429</ele><time>2026-07-18T18:48:13Z</time><speed>1.964</speed><sat>16</sat></trkpt>
  <trkpt lat="26.41657000" lon="-80.17014833"><ele>17.429</ele><time>2026-07-18T18:48:14Z</time><speed>1.662</speed><sat>16</sat></trkpt>
  <trkpt lat="26.41658167" lon="-80.17014000"><ele>16.329</ele><time>2026-07-18T18:48:15Z</time><speed>1.494</speed><sat>16</sat></trkpt>
  <trkpt lat="26.41659167" lon="-80.17013333"><ele>15.729</ele><time>2026-07-18T18:48:16Z</time><speed>1.087</speed><sat>16</sat></trkpt>
  <trkpt lat="26.41659667" lon="-80.17012833"><ele>15.329</ele><time>2026-07-18T18:48:17Z</time><speed>0.000</speed><sat>16</sat></trkpt>
  <trkpt lat="26.41659833" lon="-80.17012667"><ele>15.129</ele><time>2026-07-18T18:48:18Z</time><speed>0.000</speed><sat>15</sat></trkpt>
  <trkpt lat="26.41659833" lon="-80.17012500"><ele>15.129</ele><time>2026-07-18T18:48:19Z</time><speed>0.000</speed><sat>15</sat></trkpt>
  <trkpt lat="26.41659833" lon="-80.17012500"><ele>15.129</ele><time>2026-07-18T18:48:20Z</time><speed>0.000</speed><sat>15</sat></trkpt>
  <trkpt lat="26.41659833" lon="-80.17012500"><ele>15.129</ele><time>2026-07-18T18:48:21Z</time><speed>0.000</speed><sat>15</sat></trkpt>
  <trkpt lat="26.41659833" lon="-80.17012500"><ele>15.129</ele><time>2026-07-18T18:48:22Z</time><speed>0.000</speed><sat>15</sat></trkpt>
  <trkpt lat="26.41659833" lon="-80.17012500"><ele>15.129</ele><time>2026-07-18T18:48:23Z</time><speed>0.000</speed><sat>15</sat></trkpt>
  <trkpt lat="26.41659833" lon="-80.17012500"><ele>15.129</ele><time>2026-07-18T18:48:24Z</time><speed>0.000</speed><sat>15</sat></trkpt>
  <trkpt lat="26.41659833" lon="-80.17012500"><ele>15.129</ele><time>2026-07-18T18:48:25Z</time><speed>0.000</speed><sat>15</sat></trkpt>
  <trkpt lat="26.41659833" lon="-80.17012500"><ele>15.129</ele><time>2026-07-18T18:48:26Z</time><speed>0.000</speed><sat>15</sat></trkpt>
  <trkpt lat="26.41659833" lon="-80.17012500"><ele>15.129</ele><time>2026-07-18T18:48:27Z</time><speed>0.000</speed><sat>15</sat></trkpt>
  <trkpt lat="26.41659833" lon="-80.17012500"><ele>15.129</ele><time>2026-07-18T18:48:28Z</time><speed>0.000</speed><sat>15</sat></trkpt>
  <trkpt lat="26.41659833" lon="-80.17012500"><ele>15.129</ele><time>2026-07-18T18:48:29Z</time><speed>0.000</speed><sat>15</sat></trkpt>
  <trkpt lat="26.41656500" lon="-80.17013500"><ele>14.829</ele><time>2026-07-18T18:48:30Z</time><speed>1.458</speed><sat>15</sat></trkpt>
  <trkpt lat="26.41655667" lon="-80.17013167"><ele>14.629</ele><time>2026-07-18T18:48:31Z</time><speed>1.297</speed><sat>15</sat></trkpt>
  <trkpt lat="26.41654667" lon="-80.17013000"><ele>14.429</ele><time>2026-07-18T18:48:32Z</time><speed>1.288</speed><sat>15</sat></trkpt>
  <trkpt lat="26.41653000" lon="-80.17013000"><ele>14.229</ele><time>2026-07-18T18:48:33Z</time><speed>0.463</speed><sat>15</sat></trkpt>
  <trkpt lat="26.41652000" lon="-80.17013333"><ele>14.329</ele><time>2026-07-18T18:48:34Z</time><speed>1.314</speed><sat>15</sat></trkpt>
  <trkpt lat="26.41650167" lon="-80.17013500"><ele>14.229</ele><time>2026-07-18T18:48:35Z</time><speed>1.328</speed><sat>15</sat></trkpt>
  <trkpt lat="26.41648667" lon="-80.17012833"><ele>13.929</ele><time>2026-07-18T18:48:36Z</time><speed>1.508</speed><sat>15</sat></trkpt>
  <trkpt lat="26.41647667" lon="-80.17012000"><ele>14.229</ele><time>2026-07-18T18:48:37Z</time><speed>1.313</speed><sat>16</sat></trkpt>
  <trkpt lat="26.41647500" lon="-80.17012000"><ele>14.729</ele><time>2026-07-18T18:48:38Z</time><speed>1.029</speed><sat>16</sat></trkpt>
  <trkpt lat="26.41647500" lon="-80.17011833"><ele>15.529</ele><time>2026-07-18T18:48:39Z</time><speed>0.426</speed><sat>16</sat></trkpt>
  <trkpt lat="26.41648000" lon="-80.17010833"><ele>15.729</ele><time>2026-07-18T18:48:40Z</time><speed>1.097</speed><sat>16</sat></trkpt>
  <trkpt lat="26.41648667" lon="-80.17009667"><ele>15.629</ele><time>2026-07-18T18:48:41Z</time><speed>1.061</speed><sat>16</sat></trkpt>
  <trkpt lat="26.41648667" lon="-80.17009167"><ele>15.429</ele><time>2026-07-18T18:48:42Z</time><speed>0.000</speed><sat>16</sat></trkpt>
  <trkpt lat="26.41649167" lon="-80.17008833"><ele>15.429</ele><time>2026-07-18T18:48:43Z</time><speed>0.000</speed><sat>16</sat></trkpt>
  <trkpt lat="26.41649833" lon="-80.17008667"><ele>15.429</ele><time>2026-07-18T18:48:44Z</time><speed>0.000</speed><sat>16</sat></trkpt>
  <trkpt lat="26.41649833" lon="-80.17008667"><ele>15.429</ele><time>2026-07-18T18:48:45Z</time><speed>0.000</speed><sat>16</sat></trkpt>
  <trkpt lat="26.41649833" lon="-80.17008667"><ele>15.429</ele><time>2026-07-18T18:48:46Z</time><speed>0.000</speed><sat>16</sat></trkpt>
  <trkpt lat="26.41649833" lon="-80.17008667"><ele>15.429</ele><time>2026-07-18T18:48:47Z</time><speed>0.000</speed><sat>16</sat></trkpt>
  <trkpt lat="26.41649833" lon="-80.17008667"><ele>15.429</ele><time>2026-07-18T18:48:48Z</time><speed>0.000</speed><sat>16</sat></trkpt>
  <trkpt lat="26.41649833" lon="-80.17008667"><ele>15.429</ele><time>2026-07-18T18:48:49Z</time><speed>0.000</speed><sat>16</sat></trkpt>
  <trkpt lat="26.41649833" lon="-80.17008667"><ele>15.429</ele><time>2026-07-18T18:48:50Z</time><speed>0.000</speed><sat>16</sat></trkpt>
  <trkpt lat="26.41649833" lon="-80.17008667"><ele>15.429</ele><time>2026-07-18T18:48:51Z</time><speed>0.000</speed><sat>15</sat></trkpt>
  <trkpt lat="26.41649833" lon="-80.17008667"><ele>15.429</ele><time>2026-07-18T18:48:52Z</time><speed>0.000</speed><sat>15</sat></trkpt>
  <trkpt lat="26.41649833" lon="-80.17008667"><ele>15.429</ele><time>2026-07-18T18:48:53Z</time><speed>0.000</speed><sat>16</sat></trkpt>
  <trkpt lat="26.41649833" lon="-80.17008667"><ele>15.429</ele><time>2026-07-18T18:48:54Z</time><speed>0.000</speed><sat>16</sat></trkpt>
  <trkpt lat="26.41649833" lon="-80.17008667"><ele>15.429</ele><time>2026-07-18T18:48:55Z</time><speed>0.000</speed><sat>16</sat></trkpt>
  <trkpt lat="26.41649833" lon="-80.17008667"><ele>15.429</ele><time>2026-07-18T18:48:56Z</time><speed>0.000</speed><sat>16</sat></trkpt>
  <trkpt lat="26.41649833" lon="-80.17008667"><ele>15.429</ele><time>2026-07-18T18:48:57Z</time><speed>0.000</speed><sat>16</sat></trkpt>
  <trkpt lat="26.41649833" lon="-80.17008667"><ele>15.429</ele><time>2026-07-18T18:48:58Z</time><speed>0.000</speed><sat>16</sat></trkpt>
  <trkpt lat="26.41649833" lon="-80.17008667"><ele>15.429</ele><time>2026-07-18T18:48:59Z</time><speed>0.000</speed><sat>16</sat></trkpt>
  <trkpt lat="26.41649833" lon="-80.17008667"><ele>15.429</ele><time>2026-07-18T18:49:00Z</time><speed>0.000</speed><sat>16</sat></trkpt>
  <trkpt lat="26.41649833" lon="-80.17008667"><ele>15.429</ele><time>2026-07-18T18:49:01Z</time><speed>0.000</speed><sat>16</sat></trkpt>
  <trkpt lat="26.41649833" lon="-80.17008667"><ele>15.429</ele><time>2026-07-18T18:49:02Z</time><speed>0.000</speed><sat>16</sat></trkpt>
  <trkpt lat="26.41649833" lon="-80.17008667"><ele>15.429</ele><time>2026-07-18T18:49:03Z</time><speed>0.000</speed><sat>16</sat></trkpt>
  <trkpt lat="26.41649833" lon="-80.17008667"><ele>15.429</ele><time>2026-07-18T18:49:04Z</time><speed>0.000</speed><sat>16</sat></trkpt>
  <trkpt lat="26.41649833" lon="-80.17008667"><ele>15.429</ele><time>2026-07-18T18:49:05Z</time><speed>0.000</speed><sat>16</sat></trkpt>
  <trkpt lat="26.41649833" lon="-80.17008667"><ele>15.429</ele><time>2026-07-18T18:49:06Z</time><speed>0.000</speed><sat>16</sat></trkpt>
  <trkpt lat="26.41649833" lon="-80.17008667"><ele>15.429</ele><time>2026-07-18T18:49:07Z</time><speed>0.000</speed><sat>16</sat></trkpt>
  <trkpt lat="26.41649833" lon="-80.17008667"><ele>15.429</ele><time>2026-07-18T18:49:08Z</time><speed>0.000</speed><sat>16</sat></trkpt>
  <trkpt lat="26.41649833" lon="-80.17008667"><ele>15.429</ele><time>2026-07-18T18:49:09Z</time><speed>0.000</speed><sat>16</sat></trkpt>
  <trkpt lat="26.41649833" lon="-80.17008667"><ele>15.429</ele><time>2026-07-18T18:49:10Z</time><speed>0.000</speed><sat>16</sat></trkpt>
  <trkpt lat="26.41649833" lon="-80.17008667"><ele>15.429</ele><time>2026-07-18T18:49:11Z</time><speed>0.000</speed><sat>16</sat></trkpt>
  <trkpt lat="26.41649833" lon="-80.17008667"><ele>15.429</ele><time>2026-07-18T18:49:12Z</time><speed>0.000</speed><sat>16</sat></trkpt>
  <trkpt lat="26.41649833" lon="-80.17008667"><ele>15.429</ele><time>2026-07-18T18:49:13Z</time><speed>0.000</speed><sat>16</sat></trkpt>
  <trkpt lat="26.41649833" lon="-80.17008667"><ele>15.429</ele><time>2026-07-18T18:49:14Z</time><speed>0.000</speed><sat>16</sat></trkpt>
  <trkpt lat="26.41649833" lon="-80.17008667"><ele>15.429</ele><time>2026-07-18T18:49:15Z</time><speed>0.000</speed><sat>16</sat></trkpt>
  <trkpt lat="26.41649833" lon="-80.17008667"><ele>15.429</ele><time>2026-07-18T18:49:16Z</time><speed>0.000</speed><sat>16</sat></trkpt>
  <trkpt lat="26.41649833" lon="-80.17008667"><ele>15.429</ele><time>2026-07-18T18:49:17Z</time><speed>0.000</speed><sat>16</sat></trkpt>
  <trkpt lat="26.41649833" lon="-80.17008667"><ele>15.429</ele><time>2026-07-18T18:49:18Z</time><speed>0.000</speed><sat>16</sat></trkpt>
  <trkpt lat="26.41649833" lon="-80.17008667"><ele>15.429</ele><time>2026-07-18T18:49:19Z</time><speed>0.000</speed><sat>16</sat></trkpt>
  <trkpt lat="26.41649833" lon="-80.17008667"><ele>15.429</ele><time>2026-07-18T18:49:20Z</time><speed>0.000</speed><sat>16</sat></trkpt>
  <trkpt lat="26.41649833" lon="-80.17008667"><ele>15.429</ele><time>2026-07-18T18:49:21Z</time><speed>0.000</speed><sat>16</sat></trkpt>
  <trkpt lat="26.41649833" lon="-80.17008667"><ele>15.429</ele><time>2026-07-18T18:49:22Z</time><speed>0.000</speed><sat>16</sat></trkpt>
  <trkpt lat="26.41649833" lon="-80.17008667"><ele>15.429</ele><time>2026-07-18T18:49:23Z</time><speed>0.000</speed><sat>16</sat></trkpt>
  <trkpt lat="26.41649833" lon="-80.17008667"><ele>15.429</ele><time>2026-07-18T18:49:24Z</time><speed>0.000</speed><sat>16</sat></trkpt>
  <trkpt lat="26.41649833" lon="-80.17008667"><ele>15.429</ele><time>2026-07-18T18:49:25Z</time><speed>0.000</speed><sat>16</sat></trkpt>
  <trkpt lat="26.41649833" lon="-80.17008667"><ele>15.429</ele><time>2026-07-18T18:49:26Z</time><speed>0.000</speed><sat>16</sat></trkpt>
  <trkpt lat="26.41649833" lon="-80.17008667"><ele>15.429</ele><time>2026-07-18T18:49:27Z</time><speed>0.000</speed><sat>16</sat></trkpt>
  <trkpt lat="26.41649833" lon="-80.17008667"><ele>15.429</ele><time>2026-07-18T18:49:28Z</time><speed>0.000</speed><sat>16</sat></trkpt>
  <trkpt lat="26.41649833" lon="-80.17008667"><ele>15.429</ele><time>2026-07-18T18:49:29Z</time><speed>0.000</speed><sat>16</sat></trkpt>
  <trkpt lat="26.41649833" lon="-80.17008667"><ele>15.429</ele><time>2026-07-18T18:49:30Z</time><speed>0.000</speed><sat>16</sat></trkpt>
  <trkpt lat="26.41656000" lon="-80.17004833"><ele>16.129</ele><time>2026-07-18T18:49:31Z</time><speed>1.699</speed><sat>16</sat></trkpt>
  <trkpt lat="26.41656333" lon="-80.17003833"><ele>15.529</ele><time>2026-07-18T18:49:32Z</time><speed>1.185</speed><sat>16</sat></trkpt>
  <trkpt lat="26.41656500" lon="-80.17003667"><ele>14.929</ele><time>2026-07-18T18:49:33Z</time><speed>0.000</speed><sat>16</sat></trkpt>
  <trkpt lat="26.41656667" lon="-80.17003500"><ele>14.429</ele><time>2026-07-18T18:49:34Z</time><speed>0.000</speed><sat>16</sat></trkpt>
  <trkpt lat="26.41656833" lon="-80.17004000"><ele>14.429</ele><time>2026-07-18T18:49:35Z</time><speed>0.000</speed><sat>16</sat></trkpt>
  <trkpt lat="26.41656833" lon="-80.17004000"><ele>14.429</ele><time>2026-07-18T18:49:36Z</time><speed>0.000</speed><sat>16</sat></trkpt>
  <trkpt lat="26.41656833" lon="-80.17004000"><ele>14.429</ele><time>2026-07-18T18:49:37Z</time><speed>0.000</speed><sat>16</sat></trkpt>
  <trkpt lat="26.41656833" lon="-80.17004000"><ele>14.429</ele><time>2026-07-18T18:49:38Z</time><speed>0.000</speed><sat>16</sat></trkpt>
  <trkpt lat="26.41656833" lon="-80.17004000"><ele>14.429</ele><time>2026-07-18T18:49:39Z</time><speed>0.000</speed><sat>16</sat></trkpt>
  <trkpt lat="26.41656833" lon="-80.17004000"><ele>14.429</ele><time>2026-07-18T18:49:40Z</time><speed>0.000</speed><sat>16</sat></trkpt>
  <trkpt lat="26.41656833" lon="-80.17004000"><ele>14.429</ele><time>2026-07-18T18:49:41Z</time><speed>0.000</speed><sat>16</sat></trkpt>
  <trkpt lat="26.41656833" lon="-80.17004000"><ele>14.429</ele><time>2026-07-18T18:49:42Z</time><speed>0.000</speed><sat>16</sat></trkpt>
  <trkpt lat="26.41656833" lon="-80.17004000"><ele>14.429</ele><time>2026-07-18T18:49:43Z</time><speed>0.000</speed><sat>16</sat></trkpt>
  <trkpt lat="26.41656833" lon="-80.17004000"><ele>14.429</ele><time>2026-07-18T18:49:44Z</time><speed>0.000</speed><sat>16</sat></trkpt>
  <trkpt lat="26.41656833" lon="-80.17004000"><ele>14.429</ele><time>2026-07-18T18:49:45Z</time><speed>0.000</speed><sat>16</sat></trkpt>
  <trkpt lat="26.41656833" lon="-80.17004000"><ele>14.429</ele><time>2026-07-18T18:49:46Z</time><speed>0.000</speed><sat>16</sat></trkpt>
  <trkpt lat="26.41656833" lon="-80.17004000"><ele>14.429</ele><time>2026-07-18T18:49:47Z</time><speed>0.000</speed><sat>15</sat></trkpt>
  <trkpt lat="26.41656833" lon="-80.17004000"><ele>14.429</ele><time>2026-07-18T18:49:48Z</time><speed>0.000</speed><sat>15</sat></trkpt>
  <trkpt lat="26.41656833" lon="-80.17004000"><ele>14.429</ele><time>2026-07-18T18:49:49Z</time><speed>0.000</speed><sat>15</sat></trkpt>
  <trkpt lat="26.41656833" lon="-80.17004000"><ele>14.429</ele><time>2026-07-18T18:49:50Z</time><speed>0.000</speed><sat>16</sat></trkpt>
  <trkpt lat="26.41656833" lon="-80.17004000"><ele>14.429</ele><time>2026-07-18T18:49:51Z</time><speed>0.000</speed><sat>16</sat></trkpt>
  <trkpt lat="26.41656833" lon="-80.17004000"><ele>14.429</ele><time>2026-07-18T18:49:52Z</time><speed>0.000</speed><sat>16</sat></trkpt>
  <trkpt lat="26.41656833" lon="-80.17004000"><ele>14.429</ele><time>2026-07-18T18:49:53Z</time><speed>0.000</speed><sat>16</sat></trkpt>
  <trkpt lat="26.41656833" lon="-80.17004000"><ele>14.429</ele><time>2026-07-18T18:49:54Z</time><speed>0.000</speed><sat>16</sat></trkpt>
  <trkpt lat="26.41656833" lon="-80.17004000"><ele>14.429</ele><time>2026-07-18T18:49:55Z</time><speed>0.000</speed><sat>16</sat></trkpt>
  <trkpt lat="26.41656833" lon="-80.17004000"><ele>14.429</ele><time>2026-07-18T18:49:56Z</time><speed>0.000</speed><sat>16</sat></trkpt>
  <trkpt lat="26.41656833" lon="-80.17004000"><ele>14.429</ele><time>2026-07-18T18:49:57Z</time><speed>0.000</speed><sat>16</sat></trkpt>
  <trkpt lat="26.41656833" lon="-80.17004000"><ele>14.429</ele><time>2026-07-18T18:49:58Z</time><speed>0.000</speed><sat>16</sat></trkpt>
  <trkpt lat="26.41656833" lon="-80.17004000"><ele>14.429</ele><time>2026-07-18T18:49:59Z</time><speed>0.000</speed><sat>16</sat></trkpt>
  <trkpt lat="26.41656833" lon="-80.17004000"><ele>14.429</ele><time>2026-07-18T18:50:00Z</time><speed>0.000</speed><sat>16</sat></trkpt>
  <trkpt lat="26.41656833" lon="-80.17004000"><ele>14.429</ele><time>2026-07-18T18:50:01Z</time><speed>0.000</speed><sat>16</sat></trkpt>
  <trkpt lat="26.41656833" lon="-80.17004000"><ele>14.429</ele><time>2026-07-18T18:50:02Z</time><speed>0.000</speed><sat>16</sat></trkpt>
  <trkpt lat="26.41656833" lon="-80.17004000"><ele>14.429</ele><time>2026-07-18T18:50:03Z</time><speed>0.000</speed><sat>16</sat></trkpt>
  <trkpt lat="26.41656833" lon="-80.17004000"><ele>14.429</ele><time>2026-07-18T18:50:04Z</time><speed>0.000</speed><sat>16</sat></trkpt>
  <trkpt lat="26.41656833" lon="-80.17004000"><ele>14.429</ele><time>2026-07-18T18:50:05Z</time><speed>0.000</speed><sat>16</sat></trkpt>
  <trkpt lat="26.41656833" lon="-80.17004000"><ele>14.429</ele><time>2026-07-18T18:50:06Z</time><speed>0.000</speed><sat>16</sat></trkpt>
  <trkpt lat="26.41656833" lon="-80.17004000"><ele>14.429</ele><time>2026-07-18T18:50:07Z</time><speed>0.000</speed><sat>16</sat></trkpt>
  <trkpt lat="26.41656833" lon="-80.17004000"><ele>14.429</ele><time>2026-07-18T18:50:08Z</time><speed>0.000</speed><sat>16</sat></trkpt>
  <trkpt lat="26.41656833" lon="-80.17004000"><ele>14.429</ele><time>2026-07-18T18:50:09Z</time><speed>0.000</speed><sat>16</sat></trkpt>
  <trkpt lat="26.41656833" lon="-80.17004000"><ele>14.429</ele><time>2026-07-18T18:50:10Z</time><speed>0.000</speed><sat>16</sat></trkpt>
  <trkpt lat="26.41656833" lon="-80.17004000"><ele>14.429</ele><time>2026-07-18T18:50:11Z</time><speed>0.000</speed><sat>15</sat></trkpt>
  <trkpt lat="26.41656833" lon="-80.17004000"><ele>14.429</ele><time>2026-07-18T18:50:12Z</time><speed>0.000</speed><sat>15</sat></trkpt>
  <trkpt lat="26.41656833" lon="-80.17004000"><ele>14.429</ele><time>2026-07-18T18:50:13Z</time><speed>0.000</speed><sat>15</sat></trkpt>
  <trkpt lat="26.41656833" lon="-80.17004000"><ele>14.429</ele><time>2026-07-18T18:50:14Z</time><speed>0.000</speed><sat>15</sat></trkpt>
  <trkpt lat="26.41656833" lon="-80.17004000"><ele>14.429</ele><time>2026-07-18T18:50:15Z</time><speed>0.000</speed><sat>15</sat></trkpt>
  <trkpt lat="26.41656833" lon="-80.17004000"><ele>14.429</ele><time>2026-07-18T18:50:16Z</time><speed>0.000</speed><sat>16</sat></trkpt>
  <trkpt lat="26.41656833" lon="-80.17004000"><ele>14.429</ele><time>2026-07-18T18:50:17Z</time><speed>0.000</speed><sat>16</sat></trkpt>
  <trkpt lat="26.41656833" lon="-80.17004000"><ele>14.429</ele><time>2026-07-18T18:50:18Z</time><speed>0.000</speed><sat>16</sat></trkpt>
  <trkpt lat="26.41656833" lon="-80.17004000"><ele>14.429</ele><time>2026-07-18T18:50:19Z</time><speed>0.000</speed><sat>16</sat></trkpt>
  <trkpt lat="26.41656833" lon="-80.17004000"><ele>14.429</ele><time>2026-07-18T18:50:20Z</time><speed>0.000</speed><sat>16</sat></trkpt>
  <trkpt lat="26.41656833" lon="-80.17004000"><ele>14.429</ele><time>2026-07-18T18:50:21Z</time><speed>0.000</speed><sat>16</sat></trkpt>
  <trkpt lat="26.41656833" lon="-80.17004000"><ele>14.429</ele><time>2026-07-18T18:50:22Z</time><speed>0.000</speed><sat>16</sat></trkpt>
  <trkpt lat="26.41656833" lon="-80.17004000"><ele>14.429</ele><time>2026-07-18T18:50:23Z</time><speed>0.000</speed><sat>16</sat></trkpt>
  <trkpt lat="26.41656833" lon="-80.17004000"><ele>14.429</ele><time>2026-07-18T18:50:24Z</time><speed>0.000</speed><sat>16</sat></trkpt>
  <trkpt lat="26.41656833" lon="-80.17004000"><ele>14.429</ele><time>2026-07-18T18:50:25Z</time><speed>0.000</speed><sat>16</sat></trkpt>
  <trkpt lat="26.41656833" lon="-80.17004000"><ele>14.429</ele><time>2026-07-18T18:50:26Z</time><speed>0.000</speed><sat>16</sat></trkpt>
  <trkpt lat="26.41656833" lon="-80.17004000"><ele>14.429</ele><time>2026-07-18T18:50:27Z</time><speed>0.000</speed><sat>16</sat></trkpt>
  <trkpt lat="26.41656833" lon="-80.17004000"><ele>14.429</ele><time>2026-07-18T18:50:28Z</time><speed>0.000</speed><sat>16</sat></trkpt>
  <trkpt lat="26.41656833" lon="-80.17004000"><ele>14.429</ele><time>2026-07-18T18:50:29Z</time><speed>0.000</speed><sat>16</sat></trkpt>
  <trkpt lat="26.41656833" lon="-80.17004000"><ele>14.429</ele><time>2026-07-18T18:50:30Z</time><speed>0.000</speed><sat>16</sat></trkpt>
  <trkpt lat="26.41656833" lon="-80.17004000"><ele>14.429</ele><time>2026-07-18T18:50:31Z</time><speed>0.000</speed><sat>16</sat></trkpt>
  <trkpt lat="26.41656833" lon="-80.17004000"><ele>14.429</ele><time>2026-07-18T18:50:32Z</time><speed>0.000</speed><sat>16</sat></trkpt>
  <trkpt lat="26.41656833" lon="-80.17004000"><ele>14.429</ele><time>2026-07-18T18:50:33Z</time><speed>0.000</speed><sat>16</sat></trkpt>
  <trkpt lat="26.41656833" lon="-80.17004000"><ele>14.429</ele><time>2026-07-18T18:50:34Z</time><speed>0.000</speed><sat>16</sat></trkpt>
  <trkpt lat="26.41656833" lon="-80.17004000"><ele>14.429</ele><time>2026-07-18T18:50:35Z</time><speed>0.000</speed><sat>16</sat></trkpt>
  <trkpt lat="26.41656833" lon="-80.17004000"><ele>14.429</ele><time>2026-07-18T18:50:36Z</time><speed>0.000</speed><sat>16</sat></trkpt>
  <trkpt lat="26.41656833" lon="-80.17004000"><ele>14.429</ele><time>2026-07-18T18:50:37Z</time><speed>0.000</speed><sat>16</sat></trkpt>
  <trkpt lat="26.41656833" lon="-80.17004000"><ele>14.429</ele><time>2026-07-18T18:50:38Z</time><speed>0.000</speed><sat>16</sat></trkpt>
  <trkpt lat="26.41656833" lon="-80.17004000"><ele>14.429</ele><time>2026-07-18T18:50:39Z</time><speed>0.000</speed><sat>16</sat></trkpt>
  <trkpt lat="26.41656833" lon="-80.17004000"><ele>14.429</ele><time>2026-07-18T18:50:40Z</time><speed>0.000</speed><sat>16</sat></trkpt>
  <trkpt lat="26.41656833" lon="-80.17004000"><ele>14.429</ele><time>2026-07-18T18:50:41Z</time><speed>0.000</speed><sat>16</sat></trkpt>
  <trkpt lat="26.41656833" lon="-80.17004000"><ele>14.429</ele><time>2026-07-18T18:50:42Z</time><speed>0.000</speed><sat>16</sat></trkpt>
  <trkpt lat="26.41656833" lon="-80.17004000"><ele>14.429</ele><time>2026-07-18T18:50:43Z</time><speed>0.000</speed><sat>16</sat></trkpt>
  <trkpt lat="26.41656833" lon="-80.17004000"><ele>14.429</ele><time>2026-07-18T18:50:44Z</time><speed>0.000</speed><sat>16</sat></trkpt>
  <trkpt lat="26.41656833" lon="-80.17004000"><ele>14.429</ele><time>2026-07-18T18:50:45Z</time><speed>0.000</speed><sat>16</sat></trkpt>
  <trkpt lat="26.41656833" lon="-80.17004000"><ele>14.429</ele><time>2026-07-18T18:50:46Z</time><speed>0.000</speed><sat>16</sat></trkpt>
  <trkpt lat="26.41656833" lon="-80.17004000"><ele>14.429</ele><time>2026-07-18T18:50:47Z</time><speed>0.000</speed><sat>15</sat></trkpt>
  <trkpt lat="26.41656833" lon="-80.17004000"><ele>14.429</ele><time>2026-07-18T18:50:48Z</time><speed>0.000</speed><sat>15</sat></trkpt>
  <trkpt lat="26.41656833" lon="-80.17004000"><ele>14.429</ele><time>2026-07-18T18:50:49Z</time><speed>0.000</speed><sat>15</sat></trkpt>
  <trkpt lat="26.41656833" lon="-80.17004000"><ele>14.429</ele><time>2026-07-18T18:50:50Z</time><speed>0.000</speed><sat>15</sat></trkpt>
  <trkpt lat="26.41656833" lon="-80.17004000"><ele>14.429</ele><time>2026-07-18T18:50:51Z</time><speed>0.000</speed><sat>15</sat></trkpt>
  <trkpt lat="26.41656833" lon="-80.17004000"><ele>14.429</ele><time>2026-07-18T18:50:52Z</time><speed>0.000</speed><sat>15</sat></trkpt>
  <trkpt lat="26.41659667" lon="-80.17010500"><ele>16.629</ele><time>2026-07-18T18:50:53Z</time><speed>1.455</speed><sat>15</sat></trkpt>
  <trkpt lat="26.41660000" lon="-80.17012000"><ele>16.429</ele><time>2026-07-18T18:50:54Z</time><speed>1.338</speed><sat>15</sat></trkpt>
  <trkpt lat="26.41659667" lon="-80.17013167"><ele>16.429</ele><time>2026-07-18T18:50:55Z</time><speed>0.000</speed><sat>16</sat></trkpt>
  <trkpt lat="26.41659500" lon="-80.17013500"><ele>16.329</ele><time>2026-07-18T18:50:56Z</time><speed>0.000</speed><sat>16</sat></trkpt>
  <trkpt lat="26.41659167" lon="-80.17013167"><ele>15.729</ele><time>2026-07-18T18:50:57Z</time><speed>0.000</speed><sat>15</sat></trkpt>
  <trkpt lat="26.41659167" lon="-80.17013167"><ele>15.729</ele><time>2026-07-18T18:50:58Z</time><speed>0.000</speed><sat>15</sat></trkpt>
  <trkpt lat="26.41659167" lon="-80.17013167"><ele>15.729</ele><time>2026-07-18T18:50:59Z</time><speed>0.000</speed><sat>15</sat></trkpt>
  <trkpt lat="26.41659167" lon="-80.17013167"><ele>15.729</ele><time>2026-07-18T18:51:00Z</time><speed>0.000</speed><sat>15</sat></trkpt>
  <trkpt lat="26.41659167" lon="-80.17013167"><ele>15.729</ele><time>2026-07-18T18:51:01Z</time><speed>0.000</speed><sat>14</sat></trkpt>
  <trkpt lat="26.41659167" lon="-80.17013167"><ele>15.729</ele><time>2026-07-18T18:51:02Z</time><speed>0.000</speed><sat>15</sat></trkpt>
  <trkpt lat="26.41659167" lon="-80.17013167"><ele>15.729</ele><time>2026-07-18T18:51:03Z</time><speed>0.000</speed><sat>15</sat></trkpt>
  <trkpt lat="26.41659167" lon="-80.17013167"><ele>15.729</ele><time>2026-07-18T18:51:04Z</time><speed>0.000</speed><sat>15</sat></trkpt>
  <trkpt lat="26.41659167" lon="-80.17013167"><ele>15.729</ele><time>2026-07-18T18:51:05Z</time><speed>0.000</speed><sat>15</sat></trkpt>
  <trkpt lat="26.41659167" lon="-80.17013167"><ele>15.729</ele><time>2026-07-18T18:51:06Z</time><speed>0.000</speed><sat>15</sat></trkpt>
  <trkpt lat="26.41659167" lon="-80.17013167"><ele>15.729</ele><time>2026-07-18T18:51:07Z</time><speed>0.000</speed><sat>15</sat></trkpt>
  <trkpt lat="26.41659167" lon="-80.17013167"><ele>15.729</ele><time>2026-07-18T18:51:08Z</time><speed>0.000</speed><sat>14</sat></trkpt>
  <trkpt lat="26.41659167" lon="-80.17013167"><ele>15.729</ele><time>2026-07-18T18:51:09Z</time><speed>0.000</speed><sat>14</sat></trkpt>
  <trkpt lat="26.41659167" lon="-80.17013167"><ele>15.729</ele><time>2026-07-18T18:51:10Z</time><speed>0.000</speed><sat>14</sat></trkpt>
  <trkpt lat="26.41659167" lon="-80.17013167"><ele>15.729</ele><time>2026-07-18T18:51:11Z</time><speed>0.000</speed><sat>13</sat></trkpt>
  <trkpt lat="26.41659167" lon="-80.17013167"><ele>15.729</ele><time>2026-07-18T18:51:12Z</time><speed>0.000</speed><sat>13</sat></trkpt>
  <trkpt lat="26.41659167" lon="-80.17013167"><ele>15.729</ele><time>2026-07-18T18:51:13Z</time><speed>0.000</speed><sat>14</sat></trkpt>
  <trkpt lat="26.41659167" lon="-80.17013167"><ele>15.729</ele><time>2026-07-18T18:51:14Z</time><speed>0.000</speed><sat>14</sat></trkpt>
  <trkpt lat="26.41659167" lon="-80.17013167"><ele>15.729</ele><time>2026-07-18T18:51:15Z</time><speed>0.000</speed><sat>14</sat></trkpt>
  <trkpt lat="26.41659167" lon="-80.17013167"><ele>15.729</ele><time>2026-07-18T18:51:16Z</time><speed>0.000</speed><sat>14</sat></trkpt>
  <trkpt lat="26.41659167" lon="-80.17013167"><ele>15.729</ele><time>2026-07-18T18:51:17Z</time><speed>0.000</speed><sat>14</sat></trkpt>
  <trkpt lat="26.41659167" lon="-80.17013167"><ele>15.729</ele><time>2026-07-18T18:51:18Z</time><speed>0.000</speed><sat>16</sat></trkpt>
  <trkpt lat="26.41659167" lon="-80.17013167"><ele>15.729</ele><time>2026-07-18T18:51:19Z</time><speed>0.000</speed><sat>14</sat></trkpt>
  <trkpt lat="26.41659167" lon="-80.17013167"><ele>15.729</ele><time>2026-07-18T18:51:20Z</time><speed>0.000</speed><sat>15</sat></trkpt>
  <trkpt lat="26.41659167" lon="-80.17013167"><ele>15.729</ele><time>2026-07-18T18:51:21Z</time><speed>0.000</speed><sat>15</sat></trkpt>
  <trkpt lat="26.41659167" lon="-80.17013167"><ele>15.729</ele><time>2026-07-18T18:51:22Z</time><speed>0.000</speed><sat>15</sat></trkpt>
  <trkpt lat="26.41659167" lon="-80.17013167"><ele>15.729</ele><time>2026-07-18T18:51:23Z</time><speed>0.000</speed><sat>15</sat></trkpt>
  <trkpt lat="26.41659167" lon="-80.17013167"><ele>15.729</ele><time>2026-07-18T18:51:24Z</time><speed>0.000</speed><sat>15</sat></trkpt>
  <trkpt lat="26.41659167" lon="-80.17013167"><ele>15.729</ele><time>2026-07-18T18:51:25Z</time><speed>0.000</speed><sat>14</sat></trkpt>
  <trkpt lat="26.41659167" lon="-80.17013167"><ele>15.729</ele><time>2026-07-18T18:51:26Z</time><speed>0.000</speed><sat>14</sat></trkpt>
  <trkpt lat="26.41659167" lon="-80.17013167"><ele>15.729</ele><time>2026-07-18T18:51:27Z</time><speed>0.000</speed><sat>14</sat></trkpt>
  <trkpt lat="26.41659167" lon="-80.17013167"><ele>15.729</ele><time>2026-07-18T18:51:28Z</time><speed>0.000</speed><sat>14</sat></trkpt>
  <trkpt lat="26.41659167" lon="-80.17013167"><ele>15.729</ele><time>2026-07-18T18:51:29Z</time><speed>0.000</speed><sat>14</sat></trkpt>
  <trkpt lat="26.41659167" lon="-80.17013167"><ele>15.729</ele><time>2026-07-18T18:51:30Z</time><speed>0.000</speed><sat>14</sat></trkpt>
  <trkpt lat="26.41659167" lon="-80.17013167"><ele>15.729</ele><time>2026-07-18T18:51:31Z</time><speed>0.000</speed><sat>14</sat></trkpt>
  <trkpt lat="26.41659167" lon="-80.17013167"><ele>15.729</ele><time>2026-07-18T18:51:32Z</time><speed>0.000</speed><sat>14</sat></trkpt>
  <trkpt lat="26.41659167" lon="-80.17013167"><ele>15.729</ele><time>2026-07-18T18:51:33Z</time><speed>0.000</speed><sat>14</sat></trkpt>
  <trkpt lat="26.41659167" lon="-80.17013167"><ele>15.729</ele><time>2026-07-18T18:51:34Z</time><speed>0.000</speed><sat>14</sat></trkpt>
  <trkpt lat="26.41659167" lon="-80.17013167"><ele>15.729</ele><time>2026-07-18T18:51:35Z</time><speed>0.000</speed><sat>14</sat></trkpt>
  <trkpt lat="26.41659167" lon="-80.17013167"><ele>15.729</ele><time>2026-07-18T18:51:36Z</time><speed>0.000</speed><sat>15</sat></trkpt>
  <trkpt lat="26.41659167" lon="-80.17013167"><ele>15.729</ele><time>2026-07-18T18:51:37Z</time><speed>0.000</speed><sat>15</sat></trkpt>
  <trkpt lat="26.41659167" lon="-80.17013167"><ele>15.729</ele><time>2026-07-18T18:51:38Z</time><speed>0.000</speed><sat>14</sat></trkpt>
  <trkpt lat="26.41659167" lon="-80.17013167"><ele>15.729</ele><time>2026-07-18T18:51:39Z</time><speed>0.000</speed><sat>14</sat></trkpt>
  <trkpt lat="26.41659167" lon="-80.17013167"><ele>15.729</ele><time>2026-07-18T18:51:40Z</time><speed>0.000</speed><sat>14</sat></trkpt>
  <trkpt lat="26.41659167" lon="-80.17013167"><ele>15.729</ele><time>2026-07-18T18:51:41Z</time><speed>0.000</speed><sat>14</sat></trkpt>
  <trkpt lat="26.41659167" lon="-80.17013167"><ele>15.729</ele><time>2026-07-18T18:51:42Z</time><speed>0.000</speed><sat>14</sat></trkpt>
  <trkpt lat="26.41659167" lon="-80.17013167"><ele>15.729</ele><time>2026-07-18T18:51:43Z</time><speed>0.000</speed><sat>14</sat></trkpt>
  <trkpt lat="26.41659167" lon="-80.17013167"><ele>15.729</ele><time>2026-07-18T18:51:44Z</time><speed>0.000</speed><sat>14</sat></trkpt>
  <trkpt lat="26.41659167" lon="-80.17013167"><ele>15.729</ele><time>2026-07-18T18:51:45Z</time><speed>0.000</speed><sat>14</sat></trkpt>
  <trkpt lat="26.41659167" lon="-80.17013167"><ele>15.729</ele><time>2026-07-18T18:51:46Z</time><speed>0.000</speed><sat>14</sat></trkpt>
  <trkpt lat="26.41659167" lon="-80.17013167"><ele>15.729</ele><time>2026-07-18T18:51:47Z</time><speed>0.000</speed><sat>14</sat></trkpt>
  <trkpt lat="26.41659167" lon="-80.17013167"><ele>15.729</ele><time>2026-07-18T18:51:48Z</time><speed>0.000</speed><sat>14</sat></trkpt>
  <trkpt lat="26.41659167" lon="-80.17013167"><ele>15.729</ele><time>2026-07-18T18:51:49Z</time><speed>0.000</speed><sat>14</sat></trkpt>
  <trkpt lat="26.41659167" lon="-80.17013167"><ele>15.729</ele><time>2026-07-18T18:51:50Z</time><speed>0.000</speed><sat>14</sat></trkpt>
  <trkpt lat="26.41659167" lon="-80.17013167"><ele>15.729</ele><time>2026-07-18T18:51:51Z</time><speed>0.000</speed><sat>14</sat></trkpt>
  <trkpt lat="26.41659167" lon="-80.17013167"><ele>15.729</ele><time>2026-07-18T18:51:52Z</time><speed>0.000</speed><sat>14</sat></trkpt>
  <trkpt lat="26.41659167" lon="-80.17013167"><ele>15.729</ele><time>2026-07-18T18:51:53Z</time><speed>0.000</speed><sat>13</sat></trkpt>
  <trkpt lat="26.41659167" lon="-80.17013167"><ele>15.729</ele><time>2026-07-18T18:51:54Z</time><speed>0.000</speed><sat>13</sat></trkpt>
  <trkpt lat="26.41659167" lon="-80.17013167"><ele>15.729</ele><time>2026-07-18T18:51:55Z</time><speed>0.000</speed><sat>13</sat></trkpt>
  <trkpt lat="26.41659167" lon="-80.17013167"><ele>15.729</ele><time>2026-07-18T18:51:56Z</time><speed>0.000</speed><sat>13</sat></trkpt>
  <trkpt lat="26.41659167" lon="-80.17013167"><ele>15.729</ele><time>2026-07-18T18:51:57Z</time><speed>0.000</speed><sat>13</sat></trkpt>
  <trkpt lat="26.41659167" lon="-80.17013167"><ele>15.729</ele><time>2026-07-18T18:51:58Z</time><speed>0.000</speed><sat>13</sat></trkpt>
  <trkpt lat="26.41659167" lon="-80.17013167"><ele>15.729</ele><time>2026-07-18T18:51:59Z</time><speed>0.000</speed><sat>14</sat></trkpt>
  <trkpt lat="26.41659167" lon="-80.17013167"><ele>15.729</ele><time>2026-07-18T18:52:00Z</time><speed>0.000</speed><sat>14</sat></trkpt>
  <trkpt lat="26.41659167" lon="-80.17013167"><ele>15.729</ele><time>2026-07-18T18:52:01Z</time><speed>0.000</speed><sat>13</sat></trkpt>
  <trkpt lat="26.41659167" lon="-80.17013167"><ele>15.729</ele><time>2026-07-18T18:52:02Z</time><speed>0.000</speed><sat>13</sat></trkpt>
  <trkpt lat="26.41659167" lon="-80.17013167"><ele>15.729</ele><time>2026-07-18T18:52:03Z</time><speed>0.000</speed><sat>13</sat></trkpt>
  <trkpt lat="26.41659167" lon="-80.17013167"><ele>15.729</ele><time>2026-07-18T18:52:04Z</time><speed>0.000</speed><sat>13</sat></trkpt>
  <trkpt lat="26.41659167" lon="-80.17013167"><ele>15.729</ele><time>2026-07-18T18:52:05Z</time><speed>0.000</speed><sat>13</sat></trkpt>
  <trkpt lat="26.41659167" lon="-80.17013167"><ele>15.729</ele><time>2026-07-18T18:52:06Z</time><speed>0.000</speed><sat>13</sat></trkpt>
  <trkpt lat="26.41659167" lon="-80.17013167"><ele>15.729</ele><time>2026-07-18T18:52:07Z</time><speed>0.000</speed><sat>13</sat></trkpt>
  <trkpt lat="26.41659167" lon="-80.17013167"><ele>15.729</ele><time>2026-07-18T18:52:08Z</time><speed>0.000</speed><sat>14</sat></trkpt>
  <trkpt lat="26.41659167" lon="-80.17013167"><ele>15.729</ele><time>2026-07-18T18:52:09Z</time><speed>0.000</speed><sat>13</sat></trkpt>
  <trkpt lat="26.41659167" lon="-80.17013167"><ele>15.729</ele><time>2026-07-18T18:52:10Z</time><speed>0.000</speed><sat>14</sat></trkpt>
  <trkpt lat="26.41659167" lon="-80.17013167"><ele>15.729</ele><time>2026-07-18T18:52:11Z</time><speed>0.000</speed><sat>14</sat></trkpt>
  <trkpt lat="26.41659167" lon="-80.17013167"><ele>15.729</ele><time>2026-07-18T18:52:12Z</time><speed>0.000</speed><sat>14</sat></trkpt>
  <trkpt lat="26.41659167" lon="-80.17013167"><ele>15.729</ele><time>2026-07-18T18:52:13Z</time><speed>0.000</speed><sat>14</sat></trkpt>
  <trkpt lat="26.41659167" lon="-80.17013167"><ele>15.729</ele><time>2026-07-18T18:52:14Z</time><speed>0.000</speed><sat>14</sat></trkpt>
  <trkpt lat="26.41659167" lon="-80.17013167"><ele>15.729</ele><time>2026-07-18T18:52:15Z</time><speed>0.000</speed><sat>13</sat></trkpt>
  <trkpt lat="26.41659167" lon="-80.17013167"><ele>15.729</ele><time>2026-07-18T18:52:16Z</time><speed>0.000</speed><sat>13</sat></trkpt>
  <trkpt lat="26.41659167" lon="-80.17013167"><ele>15.729</ele><time>2026-07-18T18:52:17Z</time><speed>0.000</speed><sat>13</sat></trkpt>
  <trkpt lat="26.41659167" lon="-80.17013167"><ele>15.729</ele><time>2026-07-18T18:52:18Z</time><speed>0.000</speed><sat>13</sat></trkpt>
  <trkpt lat="26.41659167" lon="-80.17013167"><ele>15.729</ele><time>2026-07-18T18:52:19Z</time><speed>0.000</speed><sat>13</sat></trkpt>
  <trkpt lat="26.41659167" lon="-80.17013167"><ele>15.729</ele><time>2026-07-18T18:52:20Z</time><speed>0.000</speed><sat>13</sat></trkpt>
  <trkpt lat="26.41659167" lon="-80.17013167"><ele>15.729</ele><time>2026-07-18T18:52:21Z</time><speed>0.000</speed><sat>13</sat></trkpt>
  <trkpt lat="26.41659167" lon="-80.17013167"><ele>15.729</ele><time>2026-07-18T18:52:22Z</time><speed>0.000</speed><sat>13</sat></trkpt>
  <trkpt lat="26.41659167" lon="-80.17013167"><ele>15.729</ele><time>2026-07-18T18:52:23Z</time><speed>0.000</speed><sat>13</sat></trkpt>
  <trkpt lat="26.41659167" lon="-80.17013167"><ele>15.729</ele><time>2026-07-18T18:52:24Z</time><speed>0.000</speed><sat>13</sat></trkpt>
  <trkpt lat="26.41659167" lon="-80.17013167"><ele>15.729</ele><time>2026-07-18T18:52:25Z</time><speed>0.000</speed><sat>13</sat></trkpt>
  <trkpt lat="26.41659167" lon="-80.17013167"><ele>15.729</ele><time>2026-07-18T18:52:26Z</time><speed>0.000</speed><sat>13</sat></trkpt>
  <trkpt lat="26.41659167" lon="-80.17013167"><ele>15.729</ele><time>2026-07-18T18:52:27Z</time><speed>0.000</speed><sat>14</sat></trkpt>
  <trkpt lat="26.41659167" lon="-80.17013167"><ele>15.729</ele><time>2026-07-18T18:52:28Z</time><speed>0.000</speed><sat>14</sat></trkpt>
  <trkpt lat="26.41659167" lon="-80.17013167"><ele>15.729</ele><time>2026-07-18T18:52:29Z</time><speed>0.000</speed><sat>14</sat></trkpt>
  <trkpt lat="26.41659167" lon="-80.17013167"><ele>15.729</ele><time>2026-07-18T18:52:30Z</time><speed>0.000</speed><sat>14</sat></trkpt>
  <trkpt lat="26.41659167" lon="-80.17013167"><ele>15.729</ele><time>2026-07-18T18:52:31Z</time><speed>0.000</speed><sat>14</sat></trkpt>
  <trkpt lat="26.41659167" lon="-80.17013167"><ele>15.729</ele><time>2026-07-18T18:52:32Z</time><speed>0.000</speed><sat>14</sat></trkpt>
  <trkpt lat="26.41659167" lon="-80.17013167"><ele>15.729</ele><time>2026-07-18T18:52:33Z</time><speed>0.000</speed><sat>14</sat></trkpt>
  <trkpt lat="26.41659167" lon="-80.17013167"><ele>15.729</ele><time>2026-07-18T18:52:34Z</time><speed>0.000</speed><sat>14</sat></trkpt>
  <trkpt lat="26.41659167" lon="-80.17013167"><ele>15.729</ele><time>2026-07-18T18:52:35Z</time><speed>0.000</speed><sat>14</sat></trkpt>
  <trkpt lat="26.41659167" lon="-80.17013167"><ele>15.729</ele><time>2026-07-18T18:52:36Z</time><speed>0.000</speed><sat>14</sat></trkpt>
  <trkpt lat="26.41659167" lon="-80.17013167"><ele>15.729</ele><time>2026-07-18T18:52:37Z</time><speed>0.000</speed><sat>14</sat></trkpt>
  <trkpt lat="26.41659167" lon="-80.17013167"><ele>15.729</ele><time>2026-07-18T18:52:38Z</time><speed>0.000</speed><sat>14</sat></trkpt>
  <trkpt lat="26.41659167" lon="-80.17013167"><ele>15.729</ele><time>2026-07-18T18:52:39Z</time><speed>0.000</speed><sat>14</sat></trkpt>
  <trkpt lat="26.41659167" lon="-80.17013167"><ele>15.729</ele><time>2026-07-18T18:52:40Z</time><speed>0.000</speed><sat>14</sat></trkpt>
  <trkpt lat="26.41659167" lon="-80.17013167"><ele>15.729</ele><time>2026-07-18T18:52:41Z</time><speed>0.000</speed><sat>14</sat></trkpt>
  <trkpt lat="26.41659167" lon="-80.17013167"><ele>15.729</ele><time>2026-07-18T18:52:42Z</time><speed>0.000</speed><sat>14</sat></trkpt>
  <trkpt lat="26.41659167" lon="-80.17013167"><ele>15.729</ele><time>2026-07-18T18:52:43Z</time><speed>0.000</speed><sat>14</sat></trkpt>
  <trkpt lat="26.41659167" lon="-80.17013167"><ele>15.729</ele><time>2026-07-18T18:52:44Z</time><speed>0.000</speed><sat>14</sat></trkpt>
  <trkpt lat="26.41659167" lon="-80.17013167"><ele>15.729</ele><time>2026-07-18T18:52:45Z</time><speed>0.000</speed><sat>14</sat></trkpt>
  <trkpt lat="26.41659167" lon="-80.17013167"><ele>15.729</ele><time>2026-07-18T18:52:46Z</time><speed>0.000</speed><sat>14</sat></trkpt>
  <trkpt lat="26.41659167" lon="-80.17013167"><ele>15.729</ele><time>2026-07-18T18:52:47Z</time><speed>0.000</speed><sat>14</sat></trkpt>
  <trkpt lat="26.41659167" lon="-80.17013167"><ele>15.729</ele><time>2026-07-18T18:52:48Z</time><speed>0.000</speed><sat>14</sat></trkpt>
  <trkpt lat="26.41659167" lon="-80.17013167"><ele>15.729</ele><time>2026-07-18T18:52:49Z</time><speed>0.000</speed><sat>14</sat></trkpt>
  <trkpt lat="26.41659167" lon="-80.17013167"><ele>15.729</ele><time>2026-07-18T18:52:50Z</time><speed>0.000</speed><sat>14</sat></trkpt>
  <trkpt lat="26.41659167" lon="-80.17013167"><ele>15.729</ele><time>2026-07-18T18:52:51Z</time><speed>0.000</speed><sat>14</sat></trkpt>
  <trkpt lat="26.41659167" lon="-80.17013167"><ele>15.729</ele><time>2026-07-18T18:52:52Z</time><speed>0.000</speed><sat>14</sat></trkpt>
  <trkpt lat="26.41659167" lon="-80.17013167"><ele>15.729</ele><time>2026-07-18T18:52:53Z</time><speed>0.000</speed><sat>14</sat></trkpt>
  <trkpt lat="26.41659167" lon="-80.17013167"><ele>15.729</ele><time>2026-07-18T18:52:54Z</time><speed>0.000</speed><sat>14</sat></trkpt>
  <trkpt lat="26.41659167" lon="-80.17013167"><ele>15.729</ele><time>2026-07-18T18:52:55Z</time><speed>0.000</speed><sat>14</sat></trkpt>
  <trkpt lat="26.41659167" lon="-80.17013167"><ele>15.729</ele><time>2026-07-18T18:52:56Z</time><speed>0.000</speed><sat>14</sat></trkpt>
  <trkpt lat="26.41659167" lon="-80.17013167"><ele>15.729</ele><time>2026-07-18T18:52:57Z</time><speed>0.000</speed><sat>14</sat></trkpt>
  <trkpt lat="26.41659167" lon="-80.17013167"><ele>15.729</ele><time>2026-07-18T18:52:58Z</time><speed>0.000</speed><sat>14</sat></trkpt>
  <trkpt lat="26.41659167" lon="-80.17013167"><ele>15.729</ele><time>2026-07-18T18:52:59Z</time><speed>0.000</speed><sat>14</sat></trkpt>
  <trkpt lat="26.41659167" lon="-80.17013167"><ele>15.729</ele><time>2026-07-18T18:53:00Z</time><speed>0.000</speed><sat>14</sat></trkpt>
  <trkpt lat="26.41659167" lon="-80.17013167"><ele>15.729</ele><time>2026-07-18T18:53:01Z</time><speed>0.000</speed><sat>14</sat></trkpt>
  <trkpt lat="26.41659167" lon="-80.17013167"><ele>15.729</ele><time>2026-07-18T18:53:02Z</time><speed>0.000</speed><sat>14</sat></trkpt>
  <trkpt lat="26.41659167" lon="-80.17013167"><ele>15.729</ele><time>2026-07-18T18:53:03Z</time><speed>0.000</speed><sat>14</sat></trkpt>
  <trkpt lat="26.41659167" lon="-80.17013167"><ele>15.729</ele><time>2026-07-18T18:53:04Z</time><speed>0.000</speed><sat>14</sat></trkpt>
  <trkpt lat="26.41659167" lon="-80.17013167"><ele>15.729</ele><time>2026-07-18T18:53:05Z</time><speed>0.000</speed><sat>14</sat></trkpt>
  <trkpt lat="26.41659167" lon="-80.17013167"><ele>15.729</ele><time>2026-07-18T18:53:06Z</time><speed>0.000</speed><sat>14</sat></trkpt>
  <trkpt lat="26.41659167" lon="-80.17013167"><ele>15.729</ele><time>2026-07-18T18:53:07Z</time><speed>0.000</speed><sat>14</sat></trkpt>
  <trkpt lat="26.41659167" lon="-80.17013167"><ele>15.729</ele><time>2026-07-18T18:53:08Z</time><speed>0.000</speed><sat>14</sat></trkpt>
  <trkpt lat="26.41659167" lon="-80.17013167"><ele>15.729</ele><time>2026-07-18T18:53:09Z</time><speed>0.000</speed><sat>14</sat></trkpt>
  <trkpt lat="26.41659167" lon="-80.17013167"><ele>15.729</ele><time>2026-07-18T18:53:10Z</time><speed>0.000</speed><sat>14</sat></trkpt>
  <trkpt lat="26.41659167" lon="-80.17013167"><ele>15.729</ele><time>2026-07-18T18:53:11Z</time><speed>0.000</speed><sat>14</sat></trkpt>
  <trkpt lat="26.41659167" lon="-80.17013167"><ele>15.729</ele><time>2026-07-18T18:53:12Z</time><speed>0.000</speed><sat>14</sat></trkpt>
  <trkpt lat="26.41659167" lon="-80.17013167"><ele>15.729</ele><time>2026-07-18T18:53:13Z</time><speed>0.000</speed><sat>14</sat></trkpt>
  <trkpt lat="26.41659167" lon="-80.17013167"><ele>15.729</ele><time>2026-07-18T18:53:14Z</time><speed>0.000</speed><sat>14</sat></trkpt>
  <trkpt lat="26.41659167" lon="-80.17013167"><ele>15.729</ele><time>2026-07-18T18:53:15Z</time><speed>0.000</speed><sat>14</sat></trkpt>
  <trkpt lat="26.41659167" lon="-80.17013167"><ele>15.729</ele><time>2026-07-18T18:53:16Z</time><speed>0.000</speed><sat>14</sat></trkpt>
  <trkpt lat="26.41659167" lon="-80.17013167"><ele>15.729</ele><time>2026-07-18T18:53:17Z</time><speed>0.000</speed><sat>14</sat></trkpt>
  <trkpt lat="26.41659167" lon="-80.17013167"><ele>15.729</ele><time>2026-07-18T18:53:18Z</time><speed>0.000</speed><sat>15</sat></trkpt>
  <trkpt lat="26.41659167" lon="-80.17013167"><ele>15.729</ele><time>2026-07-18T18:53:19Z</time><speed>0.000</speed><sat>14</sat></trkpt>
  <trkpt lat="26.41659167" lon="-80.17013167"><ele>15.729</ele><time>2026-07-18T18:53:20Z</time><speed>0.000</speed><sat>14</sat></trkpt>
  <trkpt lat="26.41659167" lon="-80.17013167"><ele>15.729</ele><time>2026-07-18T18:53:21Z</time><speed>0.000</speed><sat>15</sat></trkpt>
  <trkpt lat="26.41659167" lon="-80.17013167"><ele>15.729</ele><time>2026-07-18T18:53:22Z</time><speed>0.000</speed><sat>15</sat></trkpt>
  <trkpt lat="26.41659167" lon="-80.17013167"><ele>15.729</ele><time>2026-07-18T18:53:23Z</time><speed>0.000</speed><sat>15</sat></trkpt>
  <trkpt lat="26.41659167" lon="-80.17013167"><ele>15.729</ele><time>2026-07-18T18:53:24Z</time><speed>0.000</speed><sat>15</sat></trkpt>
  <trkpt lat="26.41659167" lon="-80.17013167"><ele>15.729</ele><time>2026-07-18T18:53:25Z</time><speed>0.000</speed><sat>15</sat></trkpt>
  <trkpt lat="26.41659167" lon="-80.17013167"><ele>15.729</ele><time>2026-07-18T18:53:26Z</time><speed>0.000</speed><sat>15</sat></trkpt>
  <trkpt lat="26.41659167" lon="-80.17013167"><ele>15.729</ele><time>2026-07-18T18:53:27Z</time><speed>0.000</speed><sat>15</sat></trkpt>
  <trkpt lat="26.41659167" lon="-80.17013167"><ele>15.729</ele><time>2026-07-18T18:53:28Z</time><speed>0.000</speed><sat>15</sat></trkpt>
  <trkpt lat="26.41659167" lon="-80.17013167"><ele>15.729</ele><time>2026-07-18T18:53:29Z</time><speed>0.000</speed><sat>15</sat></trkpt>
  <trkpt lat="26.41659167" lon="-80.17013167"><ele>15.729</ele><time>2026-07-18T18:53:30Z</time><speed>0.000</speed><sat>15</sat></trkpt>
  <trkpt lat="26.41659167" lon="-80.17013167"><ele>15.729</ele><time>2026-07-18T18:53:31Z</time><speed>0.000</speed><sat>15</sat></trkpt>
  <trkpt lat="26.41659167" lon="-80.17013167"><ele>15.729</ele><time>2026-07-18T18:53:32Z</time><speed>0.000</speed><sat>15</sat></trkpt>
  <trkpt lat="26.41659167" lon="-80.17013167"><ele>15.729</ele><time>2026-07-18T18:53:33Z</time><speed>0.000</speed><sat>15</sat></trkpt>
  <trkpt lat="26.41659167" lon="-80.17013167"><ele>15.729</ele><time>2026-07-18T18:53:34Z</time><speed>0.000</speed><sat>14</sat></trkpt>
  <trkpt lat="26.41659167" lon="-80.17013167"><ele>15.729</ele><time>2026-07-18T18:53:35Z</time><speed>0.000</speed><sat>14</sat></trkpt>
  <trkpt lat="26.41659167" lon="-80.17013167"><ele>15.729</ele><time>2026-07-18T18:53:36Z</time><speed>0.000</speed><sat>14</sat></trkpt>
  <trkpt lat="26.41659167" lon="-80.17013167"><ele>15.729</ele><time>2026-07-18T18:53:37Z</time><speed>0.000</speed><sat>14</sat></trkpt>
  <trkpt lat="26.41659167" lon="-80.17013167"><ele>15.729</ele><time>2026-07-18T18:53:38Z</time><speed>0.000</speed><sat>14</sat></trkpt>
  <trkpt lat="26.41659167" lon="-80.17013167"><ele>15.729</ele><time>2026-07-18T18:53:39Z</time><speed>0.000</speed><sat>14</sat></trkpt>
  <trkpt lat="26.41659167" lon="-80.17013167"><ele>15.729</ele><time>2026-07-18T18:53:40Z</time><speed>0.000</speed><sat>14</sat></trkpt>
  <trkpt lat="26.41659167" lon="-80.17013167"><ele>15.729</ele><time>2026-07-18T18:53:41Z</time><speed>0.000</speed><sat>14</sat></trkpt>
  <trkpt lat="26.41659167" lon="-80.17013167"><ele>15.729</ele><time>2026-07-18T18:53:42Z</time><speed>0.000</speed><sat>14</sat></trkpt>
  <trkpt lat="26.41659167" lon="-80.17013167"><ele>15.729</ele><time>2026-07-18T18:53:43Z</time><speed>0.000</speed><sat>14</sat></trkpt>
  <trkpt lat="26.41659167" lon="-80.17013167"><ele>15.729</ele><time>2026-07-18T18:53:44Z</time><speed>0.000</speed><sat>15</sat></trkpt>
  <trkpt lat="26.41659167" lon="-80.17013167"><ele>15.729</ele><time>2026-07-18T18:53:45Z</time><speed>0.000</speed><sat>15</sat></trkpt>
  <trkpt lat="26.41659167" lon="-80.17013167"><ele>15.729</ele><time>2026-07-18T18:53:46Z</time><speed>0.000</speed><sat>15</sat></trkpt>
  <trkpt lat="26.41659167" lon="-80.17013167"><ele>15.729</ele><time>2026-07-18T18:53:47Z</time><speed>0.000</speed><sat>15</sat></trkpt>
  <trkpt lat="26.41659167" lon="-80.17013167"><ele>15.729</ele><time>2026-07-18T18:53:48Z</time><speed>0.000</speed><sat>15</sat></trkpt>
  <trkpt lat="26.41659167" lon="-80.17013167"><ele>15.729</ele><time>2026-07-18T18:53:49Z</time><speed>0.000</speed><sat>15</sat></trkpt>
  <trkpt lat="26.41659167" lon="-80.17013167"><ele>15.729</ele><time>2026-07-18T18:53:50Z</time><speed>0.000</speed><sat>15</sat></trkpt>
  <trkpt lat="26.41659167" lon="-80.17013167"><ele>15.729</ele><time>2026-07-18T18:53:51Z</time><speed>0.000</speed><sat>15</sat></trkpt>
  <trkpt lat="26.41659167" lon="-80.17013167"><ele>15.729</ele><time>2026-07-18T18:53:52Z</time><speed>0.000</speed><sat>16</sat></trkpt>
  <trkpt lat="26.41661667" lon="-80.17009833"><ele>17.129</ele><time>2026-07-18T18:53:53Z</time><speed>1.281</speed><sat>15</sat></trkpt>
  <trkpt lat="26.41662833" lon="-80.17008500"><ele>17.029</ele><time>2026-07-18T18:53:54Z</time><speed>1.274</speed><sat>15</sat></trkpt>
  <trkpt lat="26.41663500" lon="-80.17007333"><ele>17.329</ele><time>2026-07-18T18:53:55Z</time><speed>1.487</speed><sat>16</sat></trkpt>
  <trkpt lat="26.41664167" lon="-80.17005667"><ele>17.429</ele><time>2026-07-18T18:53:56Z</time><speed>1.712</speed><sat>16</sat></trkpt>
  <trkpt lat="26.41664167" lon="-80.17003667"><ele>17.429</ele><time>2026-07-18T18:53:57Z</time><speed>2.017</speed><sat>16</sat></trkpt>
  <trkpt lat="26.41663500" lon="-80.17001500"><ele>16.930</ele><time>2026-07-18T18:53:58Z</time><speed>2.218</speed><sat>15</sat></trkpt>
  <trkpt lat="26.41662833" lon="-80.16999500"><ele>17.030</ele><time>2026-07-18T18:53:59Z</time><speed>2.228</speed><sat>15</sat></trkpt>
  <trkpt lat="26.41661833" lon="-80.16997667"><ele>17.530</ele><time>2026-07-18T18:54:00Z</time><speed>2.351</speed><sat>15</sat></trkpt>
  <trkpt lat="26.41660000" lon="-80.16996167"><ele>17.630</ele><time>2026-07-18T18:54:01Z</time><speed>2.381</speed><sat>15</sat></trkpt>
  <trkpt lat="26.41657667" lon="-80.16995833"><ele>17.930</ele><time>2026-07-18T18:54:02Z</time><speed>2.694</speed><sat>15</sat></trkpt>
  <trkpt lat="26.41654500" lon="-80.16996500"><ele>17.730</ele><time>2026-07-18T18:54:03Z</time><speed>2.669</speed><sat>16</sat></trkpt>
  <trkpt lat="26.41651833" lon="-80.16997167"><ele>17.030</ele><time>2026-07-18T18:54:04Z</time><speed>2.631</speed><sat>16</sat></trkpt>
  <trkpt lat="26.41650500" lon="-80.16998667"><ele>16.930</ele><time>2026-07-18T18:54:05Z</time><speed>2.202</speed><sat>16</sat></trkpt>
  <trkpt lat="26.41649000" lon="-80.17000333"><ele>16.629</ele><time>2026-07-18T18:54:06Z</time><speed>2.189</speed><sat>16</sat></trkpt>
  <trkpt lat="26.41647500" lon="-80.17002000"><ele>16.629</ele><time>2026-07-18T18:54:07Z</time><speed>2.065</speed><sat>16</sat></trkpt>
  <trkpt lat="26.41646500" lon="-80.17004167"><ele>16.829</ele><time>2026-07-18T18:54:08Z</time><speed>1.933</speed><sat>16</sat></trkpt>
  <trkpt lat="26.41645667" lon="-80.17006500"><ele>17.029</ele><time>2026-07-18T18:54:09Z</time><speed>1.897</speed><sat>16</sat></trkpt>
  <trkpt lat="26.41645500" lon="-80.17008333"><ele>16.929</ele><time>2026-07-18T18:54:10Z</time><speed>1.677</speed><sat>16</sat></trkpt>
  <trkpt lat="26.41645333" lon="-80.17010333"><ele>16.629</ele><time>2026-07-18T18:54:11Z</time><speed>1.942</speed><sat>16</sat></trkpt>
  <trkpt lat="26.41644667" lon="-80.17012500"><ele>16.329</ele><time>2026-07-18T18:54:12Z</time><speed>2.143</speed><sat>16</sat></trkpt>
  <trkpt lat="26.41644000" lon="-80.17014667"><ele>16.929</ele><time>2026-07-18T18:54:13Z</time><speed>1.899</speed><sat>16</sat></trkpt>
  <trkpt lat="26.41642833" lon="-80.17015667"><ele>17.629</ele><time>2026-07-18T18:54:14Z</time><speed>2.216</speed><sat>16</sat></trkpt>
  <trkpt lat="26.41640167" lon="-80.17015167"><ele>18.329</ele><time>2026-07-18T18:54:15Z</time><speed>2.704</speed><sat>16</sat></trkpt>
  <trkpt lat="26.41638000" lon="-80.17014167"><ele>18.929</ele><time>2026-07-18T18:54:16Z</time><speed>2.796</speed><sat>16</sat></trkpt>
  <trkpt lat="26.41635500" lon="-80.17012500"><ele>19.029</ele><time>2026-07-18T18:54:17Z</time><speed>2.931</speed><sat>16</sat></trkpt>
  <trkpt lat="26.41633333" lon="-80.17011167"><ele>18.929</ele><time>2026-07-18T18:54:18Z</time><speed>3.516</speed><sat>16</sat></trkpt>
  <trkpt lat="26.41631333" lon="-80.17009000"><ele>18.729</ele><time>2026-07-18T18:54:19Z</time><speed>3.390</speed><sat>16</sat></trkpt>
  <trkpt lat="26.41629667" lon="-80.17005833"><ele>18.729</ele><time>2026-07-18T18:54:20Z</time><speed>3.636</speed><sat>16</sat></trkpt>
  <trkpt lat="26.41628667" lon="-80.17001833"><ele>19.129</ele><time>2026-07-18T18:54:21Z</time><speed>4.159</speed><sat>16</sat></trkpt>
  <trkpt lat="26.41628667" lon="-80.16997333"><ele>18.829</ele><time>2026-07-18T18:54:22Z</time><speed>4.374</speed><sat>16</sat></trkpt>
  <trkpt lat="26.41629000" lon="-80.16992167"><ele>18.430</ele><time>2026-07-18T18:54:23Z</time><speed>4.852</speed><sat>16</sat></trkpt>
  <trkpt lat="26.41629500" lon="-80.16987333"><ele>17.530</ele><time>2026-07-18T18:54:24Z</time><speed>5.090</speed><sat>16</sat></trkpt>
  <trkpt lat="26.41630167" lon="-80.16982333"><ele>15.830</ele><time>2026-07-18T18:54:25Z</time><speed>5.305</speed><sat>15</sat></trkpt>
  <trkpt lat="26.41630167" lon="-80.16977500"><ele>14.130</ele><time>2026-07-18T18:54:26Z</time><speed>5.599</speed><sat>15</sat></trkpt>
  <trkpt lat="26.41630833" lon="-80.16972000"><ele>13.431</ele><time>2026-07-18T18:54:27Z</time><speed>5.825</speed><sat>15</sat></trkpt>
  <trkpt lat="26.41631167" lon="-80.16966000"><ele>12.931</ele><time>2026-07-18T18:54:28Z</time><speed>5.974</speed><sat>15</sat></trkpt>
  <trkpt lat="26.41631833" lon="-80.16960333"><ele>13.431</ele><time>2026-07-18T18:54:29Z</time><speed>6.078</speed><sat>16</sat></trkpt>
  <trkpt lat="26.41632333" lon="-80.16954333"><ele>14.931</ele><time>2026-07-18T18:54:30Z</time><speed>6.192</speed><sat>16</sat></trkpt>
  <trkpt lat="26.41631167" lon="-80.16947833"><ele>14.632</ele><time>2026-07-18T18:54:31Z</time><speed>6.337</speed><sat>16</sat></trkpt>
  <trkpt lat="26.41631333" lon="-80.16941000"><ele>14.132</ele><time>2026-07-18T18:54:32Z</time><speed>6.464</speed><sat>16</sat></trkpt>
  <trkpt lat="26.41630833" lon="-80.16934500"><ele>13.932</ele><time>2026-07-18T18:54:33Z</time><speed>6.576</speed><sat>16</sat></trkpt>
  <trkpt lat="26.41629333" lon="-80.16928167"><ele>14.132</ele><time>2026-07-18T18:54:34Z</time><speed>6.602</speed><sat>16</sat></trkpt>
  <trkpt lat="26.41628167" lon="-80.16921833"><ele>14.533</ele><time>2026-07-18T18:54:35Z</time><speed>6.570</speed><sat>16</sat></trkpt>
  <trkpt lat="26.41627667" lon="-80.16914667"><ele>14.933</ele><time>2026-07-18T18:54:36Z</time><speed>6.462</speed><sat>16</sat></trkpt>
  <trkpt lat="26.41626833" lon="-80.16908333"><ele>15.733</ele><time>2026-07-18T18:54:37Z</time><speed>6.321</speed><sat>16</sat></trkpt>
  <trkpt lat="26.41627000" lon="-80.16902167"><ele>16.433</ele><time>2026-07-18T18:54:38Z</time><speed>6.621</speed><sat>16</sat></trkpt>
  <trkpt lat="26.41627667" lon="-80.16895333"><ele>16.534</ele><time>2026-07-18T18:54:39Z</time><speed>6.358</speed><sat>16</sat></trkpt>
  <trkpt lat="26.41628000" lon="-80.16888667"><ele>17.334</ele><time>2026-07-18T18:54:40Z</time><speed>6.393</speed><sat>16</sat></trkpt>
  <trkpt lat="26.41627333" lon="-80.16882167"><ele>18.134</ele><time>2026-07-18T18:54:41Z</time><speed>6.184</speed><sat>16</sat></trkpt>
  <trkpt lat="26.41627167" lon="-80.16876167"><ele>17.734</ele><time>2026-07-18T18:54:42Z</time><speed>5.917</speed><sat>16</sat></trkpt>
  <trkpt lat="26.41625833" lon="-80.16870500"><ele>16.935</ele><time>2026-07-18T18:54:43Z</time><speed>5.447</speed><sat>16</sat></trkpt>
  <trkpt lat="26.41624833" lon="-80.16865333"><ele>16.235</ele><time>2026-07-18T18:54:44Z</time><speed>5.093</speed><sat>16</sat></trkpt>
  <trkpt lat="26.41623500" lon="-80.16860333"><ele>16.035</ele><time>2026-07-18T18:54:45Z</time><speed>4.628</speed><sat>16</sat></trkpt>
  <trkpt lat="26.41622500" lon="-80.16855333"><ele>15.635</ele><time>2026-07-18T18:54:46Z</time><speed>4.798</speed><sat>16</sat></trkpt>
  <trkpt lat="26.41622833" lon="-80.16849833"><ele>15.036</ele><time>2026-07-18T18:54:47Z</time><speed>5.131</speed><sat>15</sat></trkpt>
  <trkpt lat="26.41623167" lon="-80.16845167"><ele>14.436</ele><time>2026-07-18T18:54:48Z</time><speed>5.153</speed><sat>15</sat></trkpt>
  <trkpt lat="26.41623167" lon="-80.16839333"><ele>14.436</ele><time>2026-07-18T18:54:49Z</time><speed>5.172</speed><sat>15</sat></trkpt>
  <trkpt lat="26.41623500" lon="-80.16833833"><ele>14.836</ele><time>2026-07-18T18:54:50Z</time><speed>5.373</speed><sat>15</sat></trkpt>
  <trkpt lat="26.41624667" lon="-80.16828500"><ele>15.236</ele><time>2026-07-18T18:54:51Z</time><speed>5.391</speed><sat>15</sat></trkpt>
  <trkpt lat="26.41625000" lon="-80.16823000"><ele>15.337</ele><time>2026-07-18T18:54:52Z</time><speed>5.578</speed><sat>15</sat></trkpt>
  <trkpt lat="26.41625833" lon="-80.16817500"><ele>15.737</ele><time>2026-07-18T18:54:53Z</time><speed>5.388</speed><sat>15</sat></trkpt>
  <trkpt lat="26.41627500" lon="-80.16812500"><ele>15.737</ele><time>2026-07-18T18:54:54Z</time><speed>5.603</speed><sat>15</sat></trkpt>
  <trkpt lat="26.41630167" lon="-80.16807500"><ele>15.737</ele><time>2026-07-18T18:54:55Z</time><speed>5.810</speed><sat>15</sat></trkpt>
  <trkpt lat="26.41633333" lon="-80.16802667"><ele>16.338</ele><time>2026-07-18T18:54:56Z</time><speed>5.493</speed><sat>15</sat></trkpt>
  <trkpt lat="26.41636333" lon="-80.16798333"><ele>16.738</ele><time>2026-07-18T18:54:57Z</time><speed>5.235</speed><sat>15</sat></trkpt>
  <trkpt lat="26.41640000" lon="-80.16794333"><ele>16.738</ele><time>2026-07-18T18:54:58Z</time><speed>5.371</speed><sat>15</sat></trkpt>
  <trkpt lat="26.41642833" lon="-80.16790167"><ele>17.838</ele><time>2026-07-18T18:54:59Z</time><speed>5.331</speed><sat>15</sat></trkpt>
  <trkpt lat="26.41645000" lon="-80.16785167"><ele>18.238</ele><time>2026-07-18T18:55:00Z</time><speed>5.546</speed><sat>15</sat></trkpt>
  <trkpt lat="26.41648167" lon="-80.16779833"><ele>18.239</ele><time>2026-07-18T18:55:01Z</time><speed>6.003</speed><sat>15</sat></trkpt>
  <trkpt lat="26.41651167" lon="-80.16775167"><ele>18.539</ele><time>2026-07-18T18:55:02Z</time><speed>5.538</speed><sat>15</sat></trkpt>
  <trkpt lat="26.41654167" lon="-80.16771333"><ele>18.439</ele><time>2026-07-18T18:55:03Z</time><speed>5.137</speed><sat>15</sat></trkpt>
  <trkpt lat="26.41656833" lon="-80.16768500"><ele>18.039</ele><time>2026-07-18T18:55:04Z</time><speed>4.576</speed><sat>15</sat></trkpt>
  <trkpt lat="26.41659000" lon="-80.16766000"><ele>17.139</ele><time>2026-07-18T18:55:05Z</time><speed>4.216</speed><sat>15</sat></trkpt>
  <trkpt lat="26.41661333" lon="-80.16763667"><ele>17.139</ele><time>2026-07-18T18:55:06Z</time><speed>3.901</speed><sat>15</sat></trkpt>
  <trkpt lat="26.41663333" lon="-80.16760500"><ele>16.839</ele><time>2026-07-18T18:55:07Z</time><speed>3.584</speed><sat>15</sat></trkpt>
  <trkpt lat="26.41664500" lon="-80.16757500"><ele>17.040</ele><time>2026-07-18T18:55:08Z</time><speed>3.283</speed><sat>15</sat></trkpt>
  <trkpt lat="26.41664000" lon="-80.16754500"><ele>16.940</ele><time>2026-07-18T18:55:09Z</time><speed>3.017</speed><sat>15</sat></trkpt>
  <trkpt lat="26.41662333" lon="-80.16752167"><ele>16.640</ele><time>2026-07-18T18:55:10Z</time><speed>2.392</speed><sat>15</sat></trkpt>
  <trkpt lat="26.41660333" lon="-80.16750667"><ele>16.840</ele><time>2026-07-18T18:55:11Z</time><speed>1.988</speed><sat>15</sat></trkpt>
  <trkpt lat="26.41657833" lon="-80.16749500"><ele>16.640</ele><time>2026-07-18T18:55:12Z</time><speed>2.295</speed><sat>15</sat></trkpt>
  <trkpt lat="26.41655333" lon="-80.16748167"><ele>16.940</ele><time>2026-07-18T18:55:13Z</time><speed>3.184</speed><sat>15</sat></trkpt>
  <trkpt lat="26.41652167" lon="-80.16746167"><ele>17.340</ele><time>2026-07-18T18:55:14Z</time><speed>3.701</speed><sat>15</sat></trkpt>
  <trkpt lat="26.41648500" lon="-80.16744667"><ele>17.940</ele><time>2026-07-18T18:55:15Z</time><speed>4.041</speed><sat>15</sat></trkpt>
  <trkpt lat="26.41645167" lon="-80.16742500"><ele>18.740</ele><time>2026-07-18T18:55:16Z</time><speed>4.329</speed><sat>15</sat></trkpt>
  <trkpt lat="26.41641833" lon="-80.16740667"><ele>19.440</ele><time>2026-07-18T18:55:17Z</time><speed>4.155</speed><sat>15</sat></trkpt>
  <trkpt lat="26.41638167" lon="-80.16738667"><ele>19.840</ele><time>2026-07-18T18:55:18Z</time><speed>4.117</speed><sat>15</sat></trkpt>
  <trkpt lat="26.41634667" lon="-80.16736667"><ele>19.840</ele><time>2026-07-18T18:55:19Z</time><speed>4.090</speed><sat>15</sat></trkpt>
  <trkpt lat="26.41631167" lon="-80.16735000"><ele>19.240</ele><time>2026-07-18T18:55:20Z</time><speed>3.770</speed><sat>15</sat></trkpt>
  <trkpt lat="26.41627833" lon="-80.16733500"><ele>18.840</ele><time>2026-07-18T18:55:21Z</time><speed>3.456</speed><sat>15</sat></trkpt>
  <trkpt lat="26.41625167" lon="-80.16732333"><ele>18.340</ele><time>2026-07-18T18:55:22Z</time><speed>2.781</speed><sat>15</sat></trkpt>
  <trkpt lat="26.41623667" lon="-80.16730000"><ele>17.940</ele><time>2026-07-18T18:55:23Z</time><speed>2.221</speed><sat>15</sat></trkpt>
  <trkpt lat="26.41622500" lon="-80.16728667"><ele>17.741</ele><time>2026-07-18T18:55:24Z</time><speed>1.597</speed><sat>15</sat></trkpt>
  <trkpt lat="26.41621500" lon="-80.16728167"><ele>18.341</ele><time>2026-07-18T18:55:25Z</time><speed>1.254</speed><sat>15</sat></trkpt>
  <trkpt lat="26.41620167" lon="-80.16728333"><ele>18.641</ele><time>2026-07-18T18:55:26Z</time><speed>1.259</speed><sat>15</sat></trkpt>
  <trkpt lat="26.41618667" lon="-80.16728500"><ele>18.841</ele><time>2026-07-18T18:55:27Z</time><speed>1.992</speed><sat>15</sat></trkpt>
  <trkpt lat="26.41617000" lon="-80.16730000"><ele>19.240</ele><time>2026-07-18T18:55:28Z</time><speed>2.591</speed><sat>15</sat></trkpt>
  <trkpt lat="26.41615000" lon="-80.16732000"><ele>19.640</ele><time>2026-07-18T18:55:29Z</time><speed>3.033</speed><sat>15</sat></trkpt>
  <trkpt lat="26.41613000" lon="-80.16734667"><ele>20.140</ele><time>2026-07-18T18:55:30Z</time><speed>3.609</speed><sat>15</sat></trkpt>
  <trkpt lat="26.41611000" lon="-80.16738167"><ele>20.140</ele><time>2026-07-18T18:55:31Z</time><speed>4.394</speed><sat>15</sat></trkpt>
  <trkpt lat="26.41608833" lon="-80.16742667"><ele>20.140</ele><time>2026-07-18T18:55:32Z</time><speed>4.803</speed><sat>15</sat></trkpt>
  <trkpt lat="26.41607167" lon="-80.16747667"><ele>20.240</ele><time>2026-07-18T18:55:33Z</time><speed>5.320</speed><sat>15</sat></trkpt>
  <trkpt lat="26.41604833" lon="-80.16751833"><ele>19.639</ele><time>2026-07-18T18:55:34Z</time><speed>5.123</speed><sat>15</sat></trkpt>
  <trkpt lat="26.41602500" lon="-80.16755667"><ele>18.939</ele><time>2026-07-18T18:55:35Z</time><speed>4.721</speed><sat>15</sat></trkpt>
  <trkpt lat="26.41600333" lon="-80.16759500"><ele>19.239</ele><time>2026-07-18T18:55:36Z</time><speed>4.286</speed><sat>15</sat></trkpt>
  <trkpt lat="26.41598167" lon="-80.16763000"><ele>18.539</ele><time>2026-07-18T18:55:37Z</time><speed>4.028</speed><sat>15</sat></trkpt>
  <trkpt lat="26.41596167" lon="-80.16766333"><ele>18.439</ele><time>2026-07-18T18:55:38Z</time><speed>3.487</speed><sat>15</sat></trkpt>
  <trkpt lat="26.41594167" lon="-80.16768833"><ele>17.839</ele><time>2026-07-18T18:55:39Z</time><speed>3.250</speed><sat>15</sat></trkpt>
  <trkpt lat="26.41592333" lon="-80.16771167"><ele>16.739</ele><time>2026-07-18T18:55:40Z</time><speed>2.775</speed><sat>15</sat></trkpt>
  <trkpt lat="26.41590833" lon="-80.16773000"><ele>15.939</ele><time>2026-07-18T18:55:41Z</time><speed>2.135</speed><sat>15</sat></trkpt>
  <trkpt lat="26.41589500" lon="-80.16774333"><ele>15.338</ele><time>2026-07-18T18:55:42Z</time><speed>1.419</speed><sat>15</sat></trkpt>
  <trkpt lat="26.41588833" lon="-80.16775333"><ele>15.138</ele><time>2026-07-18T18:55:43Z</time><speed>1.085</speed><sat>15</sat></trkpt>
  <trkpt lat="26.41588500" lon="-80.16776000"><ele>15.138</ele><time>2026-07-18T18:55:44Z</time><speed>0.000</speed><sat>15</sat></trkpt>
  <trkpt lat="26.41588167" lon="-80.16776500"><ele>15.038</ele><time>2026-07-18T18:55:45Z</time><speed>0.000</speed><sat>15</sat></trkpt>
  <trkpt lat="26.41588000" lon="-80.16776667"><ele>15.038</ele><time>2026-07-18T18:55:46Z</time><speed>0.000</speed><sat>15</sat></trkpt>
  <trkpt lat="26.41588000" lon="-80.16776667"><ele>15.038</ele><time>2026-07-18T18:55:47Z</time><speed>0.000</speed><sat>15</sat></trkpt>
  <trkpt lat="26.41588000" lon="-80.16776667"><ele>15.038</ele><time>2026-07-18T18:55:48Z</time><speed>0.000</speed><sat>15</sat></trkpt>
  <trkpt lat="26.41588000" lon="-80.16776667"><ele>15.038</ele><time>2026-07-18T18:55:49Z</time><speed>0.000</speed><sat>15</sat></trkpt>
  <trkpt lat="26.41588000" lon="-80.16776667"><ele>15.038</ele><time>2026-07-18T18:55:50Z</time><speed>0.000</speed><sat>15</sat></trkpt>
  <trkpt lat="26.41588000" lon="-80.16776667"><ele>15.038</ele><time>2026-07-18T18:55:51Z</time><speed>0.000</speed><sat>15</sat></trkpt>
  <trkpt lat="26.41588000" lon="-80.16776667"><ele>15.038</ele><time>2026-07-18T18:55:52Z</time><speed>0.000</speed><sat>15</sat></trkpt>
  <trkpt lat="26.41588000" lon="-80.16776667"><ele>15.038</ele><time>2026-07-18T18:55:53Z</time><speed>0.000</speed><sat>15</sat></trkpt>
  <trkpt lat="26.41588000" lon="-80.16776667"><ele>15.038</ele><time>2026-07-18T18:55:54Z</time><speed>0.000</speed><sat>15</sat></trkpt>
  <trkpt lat="26.41588000" lon="-80.16776667"><ele>15.038</ele><time>2026-07-18T18:55:55Z</time><speed>0.000</speed><sat>15</sat></trkpt>
  <trkpt lat="26.41584500" lon="-80.16780833"><ele>15.238</ele><time>2026-07-18T18:55:56Z</time><speed>2.986</speed><sat>15</sat></trkpt>
  <trkpt lat="26.41582167" lon="-80.16784667"><ele>15.038</ele><time>2026-07-18T18:55:57Z</time><speed>4.486</speed><sat>15</sat></trkpt>
  <trkpt lat="26.41579333" lon="-80.16789167"><ele>14.838</ele><time>2026-07-18T18:55:58Z</time><speed>5.229</speed><sat>15</sat></trkpt>
  <trkpt lat="26.41576167" lon="-80.16794000"><ele>14.838</ele><time>2026-07-18T18:55:59Z</time><speed>5.581</speed><sat>15</sat></trkpt>
  <trkpt lat="26.41573000" lon="-80.16799167"><ele>14.937</ele><time>2026-07-18T18:56:00Z</time><speed>5.698</speed><sat>15</sat></trkpt>
  <trkpt lat="26.41570000" lon="-80.16804500"><ele>15.037</ele><time>2026-07-18T18:56:01Z</time><speed>6.440</speed><sat>15</sat></trkpt>
  <trkpt lat="26.41566833" lon="-80.16810500"><ele>15.337</ele><time>2026-07-18T18:56:02Z</time><speed>6.647</speed><sat>15</sat></trkpt>
  <trkpt lat="26.41563500" lon="-80.16816667"><ele>15.937</ele><time>2026-07-18T18:56:03Z</time><speed>6.644</speed><sat>15</sat></trkpt>
  <trkpt lat="26.41559500" lon="-80.16822667"><ele>16.236</ele><time>2026-07-18T18:56:04Z</time><speed>7.026</speed><sat>15</sat></trkpt>
  <trkpt lat="26.41556000" lon="-80.16828500"><ele>16.736</ele><time>2026-07-18T18:56:05Z</time><speed>7.021</speed><sat>15</sat></trkpt>
  <trkpt lat="26.41552333" lon="-80.16834833"><ele>17.236</ele><time>2026-07-18T18:56:06Z</time><speed>7.194</speed><sat>15</sat></trkpt>
  <trkpt lat="26.41548833" lon="-80.16840833"><ele>17.035</ele><time>2026-07-18T18:56:07Z</time><speed>7.209</speed><sat>15</sat></trkpt>
  <trkpt lat="26.41545000" lon="-80.16846833"><ele>17.335</ele><time>2026-07-18T18:56:08Z</time><speed>7.318</speed><sat>15</sat></trkpt>
  <trkpt lat="26.41541667" lon="-80.16853333"><ele>18.035</ele><time>2026-07-18T18:56:09Z</time><speed>7.406</speed><sat>15</sat></trkpt>
  <trkpt lat="26.41538333" lon="-80.16859500"><ele>18.235</ele><time>2026-07-18T18:56:10Z</time><speed>7.399</speed><sat>15</sat></trkpt>
  <trkpt lat="26.41534000" lon="-80.16865333"><ele>17.534</ele><time>2026-07-18T18:56:11Z</time><speed>7.385</speed><sat>15</sat></trkpt>
  <trkpt lat="26.41530167" lon="-80.16871667"><ele>16.434</ele><time>2026-07-18T18:56:12Z</time><speed>7.493</speed><sat>15</sat></trkpt>
  <trkpt lat="26.41526333" lon="-80.16878333"><ele>16.634</ele><time>2026-07-18T18:56:13Z</time><speed>7.629</speed><sat>15</sat></trkpt>
  <trkpt lat="26.41523667" lon="-80.16885333"><ele>17.434</ele><time>2026-07-18T18:56:14Z</time><speed>7.399</speed><sat>15</sat></trkpt>
  <trkpt lat="26.41520667" lon="-80.16892000"><ele>18.033</ele><time>2026-07-18T18:56:15Z</time><speed>7.735</speed><sat>15</sat></trkpt>
  <trkpt lat="26.41516500" lon="-80.16898167"><ele>18.433</ele><time>2026-07-18T18:56:16Z</time><speed>7.712</speed><sat>15</sat></trkpt>
  <trkpt lat="26.41512167" lon="-80.16904500"><ele>19.833</ele><time>2026-07-18T18:56:17Z</time><speed>7.502</speed><sat>15</sat></trkpt>
  <trkpt lat="26.41508667" lon="-80.16910500"><ele>20.432</ele><time>2026-07-18T18:56:18Z</time><speed>7.233</speed><sat>15</sat></trkpt>
  <trkpt lat="26.41503833" lon="-80.16916000"><ele>18.832</ele><time>2026-07-18T18:56:19Z</time><speed>7.017</speed><sat>15</sat></trkpt>
  <trkpt lat="26.41499167" lon="-80.16920000"><ele>17.132</ele><time>2026-07-18T18:56:20Z</time><speed>6.287</speed><sat>15</sat></trkpt>
  <trkpt lat="26.41496000" lon="-80.16923833"><ele>16.632</ele><time>2026-07-18T18:56:21Z</time><speed>4.787</speed><sat>15</sat></trkpt>
  <trkpt lat="26.41495167" lon="-80.16925167"><ele>16.432</ele><time>2026-07-18T18:56:22Z</time><speed>1.037</speed><sat>15</sat></trkpt>
  <trkpt lat="26.41494333" lon="-80.16925000"><ele>15.732</ele><time>2026-07-18T18:56:23Z</time><speed>0.000</speed><sat>15</sat></trkpt>
  <trkpt lat="26.41494000" lon="-80.16924833"><ele>15.632</ele><time>2026-07-18T18:56:24Z</time><speed>0.000</speed><sat>15</sat></trkpt>
  <trkpt lat="26.41493833" lon="-80.16924667"><ele>15.432</ele><time>2026-07-18T18:56:25Z</time><speed>0.000</speed><sat>15</sat></trkpt>
  <trkpt lat="26.41493833" lon="-80.16924667"><ele>15.432</ele><time>2026-07-18T18:56:26Z</time><speed>0.000</speed><sat>15</sat></trkpt>
  <trkpt lat="26.41493833" lon="-80.16924667"><ele>15.432</ele><time>2026-07-18T18:56:27Z</time><speed>0.000</speed><sat>15</sat></trkpt>
  <trkpt lat="26.41493833" lon="-80.16924667"><ele>15.432</ele><time>2026-07-18T18:56:28Z</time><speed>0.000</speed><sat>15</sat></trkpt>
  <trkpt lat="26.41493833" lon="-80.16924667"><ele>15.432</ele><time>2026-07-18T18:56:29Z</time><speed>0.000</speed><sat>15</sat></trkpt>
  <trkpt lat="26.41494833" lon="-80.16922333"><ele>15.032</ele><time>2026-07-18T18:56:30Z</time><speed>2.509</speed><sat>15</sat></trkpt>
  <trkpt lat="26.41496333" lon="-80.16920000"><ele>14.632</ele><time>2026-07-18T18:56:31Z</time><speed>2.693</speed><sat>15</sat></trkpt>
  <trkpt lat="26.41497667" lon="-80.16917833"><ele>14.232</ele><time>2026-07-18T18:56:32Z</time><speed>1.731</speed><sat>15</sat></trkpt>
  <trkpt lat="26.41498500" lon="-80.16916500"><ele>13.632</ele><time>2026-07-18T18:56:33Z</time><speed>0.000</speed><sat>15</sat></trkpt>
  <trkpt lat="26.41498667" lon="-80.16916167"><ele>13.332</ele><time>2026-07-18T18:56:34Z</time><speed>0.000</speed><sat>15</sat></trkpt>
  <trkpt lat="26.41498500" lon="-80.16917167"><ele>13.432</ele><time>2026-07-18T18:56:35Z</time><speed>0.000</speed><sat>15</sat></trkpt>
  <trkpt lat="26.41498500" lon="-80.16917167"><ele>13.432</ele><time>2026-07-18T18:56:36Z</time><speed>0.000</speed><sat>15</sat></trkpt>
  <trkpt lat="26.41499333" lon="-80.16920333"><ele>12.232</ele><time>2026-07-18T18:56:37Z</time><speed>2.025</speed><sat>15</sat></trkpt>
  <trkpt lat="26.41500333" lon="-80.16922500"><ele>11.232</ele><time>2026-07-18T18:56:38Z</time><speed>2.586</speed><sat>15</sat></trkpt>
  <trkpt lat="26.41502000" lon="-80.16924667"><ele>11.032</ele><time>2026-07-18T18:56:39Z</time><speed>2.559</speed><sat>15</sat></trkpt>
  <trkpt lat="26.41503333" lon="-80.16927333"><ele>10.732</ele><time>2026-07-18T18:56:40Z</time><speed>3.388</speed><sat>15</sat></trkpt>
  <trkpt lat="26.41505833" lon="-80.16930833"><ele>11.232</ele><time>2026-07-18T18:56:41Z</time><speed>3.980</speed><sat>15</sat></trkpt>
  <trkpt lat="26.41508833" lon="-80.16934167"><ele>12.331</ele><time>2026-07-18T18:56:42Z</time><speed>4.146</speed><sat>15</sat></trkpt>
  <trkpt lat="26.41512333" lon="-80.16938000"><ele>13.031</ele><time>2026-07-18T18:56:43Z</time><speed>4.606</speed><sat>15</sat></trkpt>
  <trkpt lat="26.41515500" lon="-80.16941667"><ele>13.031</ele><time>2026-07-18T18:56:44Z</time><speed>4.866</speed><sat>15</sat></trkpt>
  <trkpt lat="26.41518833" lon="-80.16944667"><ele>13.631</ele><time>2026-07-18T18:56:45Z</time><speed>5.253</speed><sat>15</sat></trkpt>
  <trkpt lat="26.41521833" lon="-80.16948333"><ele>13.731</ele><time>2026-07-18T18:56:46Z</time><speed>5.265</speed><sat>15</sat></trkpt>
  <trkpt lat="26.41524000" lon="-80.16953833"><ele>13.131</ele><time>2026-07-18T18:56:47Z</time><speed>6.138</speed><sat>15</sat></trkpt>
  <trkpt lat="26.41525833" lon="-80.16960667"><ele>12.630</ele><time>2026-07-18T18:56:48Z</time><speed>6.565</speed><sat>15</sat></trkpt>
  <trkpt lat="26.41527500" lon="-80.16967667"><ele>13.130</ele><time>2026-07-18T18:56:49Z</time><speed>6.158</speed><sat>15</sat></trkpt>
  <trkpt lat="26.41528167" lon="-80.16974833"><ele>13.130</ele><time>2026-07-18T18:56:50Z</time><speed>6.322</speed><sat>15</sat></trkpt>
  <trkpt lat="26.41527500" lon="-80.16981667"><ele>12.630</ele><time>2026-07-18T18:56:51Z</time><speed>6.082</speed><sat>15</sat></trkpt>
  <trkpt lat="26.41526333" lon="-80.16989000"><ele>12.729</ele><time>2026-07-18T18:56:52Z</time><speed>6.308</speed><sat>15</sat></trkpt>
  <trkpt lat="26.41524500" lon="-80.16995500"><ele>13.429</ele><time>2026-07-18T18:56:53Z</time><speed>6.448</speed><sat>15</sat></trkpt>
  <trkpt lat="26.41522833" lon="-80.17001333"><ele>14.729</ele><time>2026-07-18T18:56:54Z</time><speed>6.418</speed><sat>15</sat></trkpt>
  <trkpt lat="26.41521833" lon="-80.17007167"><ele>14.628</ele><time>2026-07-18T18:56:55Z</time><speed>6.312</speed><sat>15</sat></trkpt>
  <trkpt lat="26.41519833" lon="-80.17012833"><ele>14.428</ele><time>2026-07-18T18:56:56Z</time><speed>6.290</speed><sat>15</sat></trkpt>
  <trkpt lat="26.41518167" lon="-80.17018500"><ele>14.028</ele><time>2026-07-18T18:56:57Z</time><speed>5.690</speed><sat>15</sat></trkpt>
  <trkpt lat="26.41516333" lon="-80.17025167"><ele>14.128</ele><time>2026-07-18T18:56:58Z</time><speed>6.530</speed><sat>15</sat></trkpt>
  <trkpt lat="26.41515167" lon="-80.17031500"><ele>14.127</ele><time>2026-07-18T18:56:59Z</time><speed>6.286</speed><sat>15</sat></trkpt>
  <trkpt lat="26.41513500" lon="-80.17037667"><ele>13.527</ele><time>2026-07-18T18:57:00Z</time><speed>6.264</speed><sat>15</sat></trkpt>
  <trkpt lat="26.41512833" lon="-80.17043500"><ele>13.527</ele><time>2026-07-18T18:57:01Z</time><speed>6.062</speed><sat>15</sat></trkpt>
  <trkpt lat="26.41512167" lon="-80.17049500"><ele>13.227</ele><time>2026-07-18T18:57:02Z</time><speed>5.855</speed><sat>15</sat></trkpt>
  <trkpt lat="26.41512000" lon="-80.17055500"><ele>12.126</ele><time>2026-07-18T18:57:03Z</time><speed>6.240</speed><sat>15</sat></trkpt>
  <trkpt lat="26.41511500" lon="-80.17062833"><ele>11.726</ele><time>2026-07-18T18:57:04Z</time><speed>6.254</speed><sat>15</sat></trkpt>
  <trkpt lat="26.41510667" lon="-80.17070167"><ele>10.726</ele><time>2026-07-18T18:57:05Z</time><speed>5.895</speed><sat>15</sat></trkpt>
  <trkpt lat="26.41508833" lon="-80.17074833"><ele>10.126</ele><time>2026-07-18T18:57:06Z</time><speed>5.462</speed><sat>15</sat></trkpt>
  <trkpt lat="26.41505000" lon="-80.17077333"><ele>9.326</ele><time>2026-07-18T18:57:07Z</time><speed>4.821</speed><sat>15</sat></trkpt>
  <trkpt lat="26.41500167" lon="-80.17078333"><ele>9.225</ele><time>2026-07-18T18:57:08Z</time><speed>4.523</speed><sat>15</sat></trkpt>
  <trkpt lat="26.41494667" lon="-80.17079333"><ele>9.325</ele><time>2026-07-18T18:57:09Z</time><speed>4.930</speed><sat>15</sat></trkpt>
  <trkpt lat="26.41489833" lon="-80.17079333"><ele>9.925</ele><time>2026-07-18T18:57:10Z</time><speed>5.171</speed><sat>15</sat></trkpt>
  <trkpt lat="26.41484333" lon="-80.17079167"><ele>10.525</ele><time>2026-07-18T18:57:11Z</time><speed>5.938</speed><sat>15</sat></trkpt>
  <trkpt lat="26.41477833" lon="-80.17078833"><ele>10.925</ele><time>2026-07-18T18:57:12Z</time><speed>5.910</speed><sat>15</sat></trkpt>
  <trkpt lat="26.41472333" lon="-80.17079500"><ele>12.225</ele><time>2026-07-18T18:57:13Z</time><speed>5.878</speed><sat>15</sat></trkpt>
  <trkpt lat="26.41466833" lon="-80.17080000"><ele>13.025</ele><time>2026-07-18T18:57:14Z</time><speed>6.063</speed><sat>15</sat></trkpt>
  <trkpt lat="26.41460500" lon="-80.17079833"><ele>13.325</ele><time>2026-07-18T18:57:15Z</time><speed>6.481</speed><sat>15</sat></trkpt>
  <trkpt lat="26.41454500" lon="-80.17080333"><ele>12.725</ele><time>2026-07-18T18:57:16Z</time><speed>6.365</speed><sat>15</sat></trkpt>
  <trkpt lat="26.41447833" lon="-80.17080333"><ele>11.925</ele><time>2026-07-18T18:57:17Z</time><speed>6.829</speed><sat>15</sat></trkpt>
  <trkpt lat="26.41441667" lon="-80.17080500"><ele>11.925</ele><time>2026-07-18T18:57:18Z</time><speed>6.266</speed><sat>15</sat></trkpt>
  <trkpt lat="26.41436000" lon="-80.17079833"><ele>12.125</ele><time>2026-07-18T18:57:19Z</time><speed>6.126</speed><sat>15</sat></trkpt>
  <trkpt lat="26.41430167" lon="-80.17079667"><ele>12.525</ele><time>2026-07-18T18:57:20Z</time><speed>6.456</speed><sat>15</sat></trkpt>
  <trkpt lat="26.41423500" lon="-80.17079833"><ele>12.625</ele><time>2026-07-18T18:57:21Z</time><speed>6.969</speed><sat>15</sat></trkpt>
  <trkpt lat="26.41417333" lon="-80.17078833"><ele>12.925</ele><time>2026-07-18T18:57:22Z</time><speed>7.077</speed><sat>15</sat></trkpt>
  <trkpt lat="26.41411667" lon="-80.17078667"><ele>14.425</ele><time>2026-07-18T18:57:23Z</time><speed>6.835</speed><sat>15</sat></trkpt>
  <trkpt lat="26.41406000" lon="-80.17077667"><ele>15.025</ele><time>2026-07-18T18:57:24Z</time><speed>7.055</speed><sat>15</sat></trkpt>
  <trkpt lat="26.41400500" lon="-80.17076333"><ele>15.125</ele><time>2026-07-18T18:57:25Z</time><speed>7.381</speed><sat>15</sat></trkpt>
  <trkpt lat="26.41394167" lon="-80.17075667"><ele>15.825</ele><time>2026-07-18T18:57:26Z</time><speed>7.496</speed><sat>14</sat></trkpt>
  <trkpt lat="26.41387000" lon="-80.17076500"><ele>15.125</ele><time>2026-07-18T18:57:27Z</time><speed>7.687</speed><sat>14</sat></trkpt>
  <trkpt lat="26.41379833" lon="-80.17076833"><ele>15.525</ele><time>2026-07-18T18:57:28Z</time><speed>7.381</speed><sat>15</sat></trkpt>
  <trkpt lat="26.41372500" lon="-80.17076667"><ele>15.825</ele><time>2026-07-18T18:57:29Z</time><speed>7.406</speed><sat>14</sat></trkpt>
  <trkpt lat="26.41365000" lon="-80.17076167"><ele>16.025</ele><time>2026-07-18T18:57:30Z</time><speed>7.231</speed><sat>14</sat></trkpt>
  <trkpt lat="26.41358000" lon="-80.17075500"><ele>17.125</ele><time>2026-07-18T18:57:31Z</time><speed>7.252</speed><sat>14</sat></trkpt>
  <trkpt lat="26.41350667" lon="-80.17075000"><ele>17.225</ele><time>2026-07-18T18:57:32Z</time><speed>7.529</speed><sat>15</sat></trkpt>
  <trkpt lat="26.41343667" lon="-80.17074167"><ele>17.225</ele><time>2026-07-18T18:57:33Z</time><speed>7.521</speed><sat>15</sat></trkpt>
  <trkpt lat="26.41337167" lon="-80.17074500"><ele>18.125</ele><time>2026-07-18T18:57:34Z</time><speed>7.077</speed><sat>15</sat></trkpt>
  <trkpt lat="26.41331333" lon="-80.17074667"><ele>18.525</ele><time>2026-07-18T18:57:35Z</time><speed>6.761</speed><sat>15</sat></trkpt>
  <trkpt lat="26.41325667" lon="-80.17074833"><ele>19.225</ele><time>2026-07-18T18:57:36Z</time><speed>6.487</speed><sat>15</sat></trkpt>
  <trkpt lat="26.41320000" lon="-80.17074667"><ele>18.525</ele><time>2026-07-18T18:57:37Z</time><speed>6.333</speed><sat>15</sat></trkpt>
  <trkpt lat="26.41315167" lon="-80.17073500"><ele>17.525</ele><time>2026-07-18T18:57:38Z</time><speed>6.327</speed><sat>15</sat></trkpt>
  <trkpt lat="26.41310000" lon="-80.17072667"><ele>17.725</ele><time>2026-07-18T18:57:39Z</time><speed>6.221</speed><sat>15</sat></trkpt>
  <trkpt lat="26.41303667" lon="-80.17072167"><ele>18.225</ele><time>2026-07-18T18:57:40Z</time><speed>6.393</speed><sat>15</sat></trkpt>
  <trkpt lat="26.41297667" lon="-80.17071333"><ele>18.525</ele><time>2026-07-18T18:57:41Z</time><speed>6.393</speed><sat>15</sat></trkpt>
  <trkpt lat="26.41292167" lon="-80.17071167"><ele>19.325</ele><time>2026-07-18T18:57:42Z</time><speed>5.979</speed><sat>15</sat></trkpt>
  <trkpt lat="26.41286667" lon="-80.17070333"><ele>20.025</ele><time>2026-07-18T18:57:43Z</time><speed>6.112</speed><sat>14</sat></trkpt>
  <trkpt lat="26.41281000" lon="-80.17070500"><ele>20.725</ele><time>2026-07-18T18:57:44Z</time><speed>6.391</speed><sat>15</sat></trkpt>
  <trkpt lat="26.41275167" lon="-80.17071833"><ele>20.824</ele><time>2026-07-18T18:57:45Z</time><speed>6.559</speed><sat>15</sat></trkpt>
  <trkpt lat="26.41268833" lon="-80.17073000"><ele>20.724</ele><time>2026-07-18T18:57:46Z</time><speed>6.384</speed><sat>15</sat></trkpt>
  <trkpt lat="26.41263667" lon="-80.17073167"><ele>20.724</ele><time>2026-07-18T18:57:47Z</time><speed>5.314</speed><sat>15</sat></trkpt>
  <trkpt lat="26.41257500" lon="-80.17072333"><ele>21.324</ele><time>2026-07-18T18:57:48Z</time><speed>6.193</speed><sat>14</sat></trkpt>
  <trkpt lat="26.41251167" lon="-80.17071500"><ele>22.424</ele><time>2026-07-18T18:57:49Z</time><speed>6.786</speed><sat>15</sat></trkpt>
  <trkpt lat="26.41244833" lon="-80.17071500"><ele>21.824</ele><time>2026-07-18T18:57:50Z</time><speed>6.566</speed><sat>14</sat></trkpt>
  <trkpt lat="26.41238333" lon="-80.17071167"><ele>21.024</ele><time>2026-07-18T18:57:51Z</time><speed>6.938</speed><sat>15</sat></trkpt>
  <trkpt lat="26.41231833" lon="-80.17070833"><ele>20.524</ele><time>2026-07-18T18:57:52Z</time><speed>7.328</speed><sat>15</sat></trkpt>
  <trkpt lat="26.41224667" lon="-80.17070667"><ele>20.724</ele><time>2026-07-18T18:57:53Z</time><speed>7.513</speed><sat>15</sat></trkpt>
  <trkpt lat="26.41217667" lon="-80.17070333"><ele>20.324</ele><time>2026-07-18T18:57:54Z</time><speed>7.502</speed><sat>15</sat></trkpt>
  <trkpt lat="26.41211000" lon="-80.17070167"><ele>18.524</ele><time>2026-07-18T18:57:55Z</time><speed>7.271</speed><sat>14</sat></trkpt>
  <trkpt lat="26.41204500" lon="-80.17069167"><ele>17.124</ele><time>2026-07-18T18:57:56Z</time><speed>7.161</speed><sat>14</sat></trkpt>
  <trkpt lat="26.41198000" lon="-80.17068167"><ele>16.024</ele><time>2026-07-18T18:57:57Z</time><speed>7.385</speed><sat>15</sat></trkpt>
  <trkpt lat="26.41190667" lon="-80.17067833"><ele>15.524</ele><time>2026-07-18T18:57:58Z</time><speed>7.282</speed><sat>15</sat></trkpt>
  <trkpt lat="26.41184333" lon="-80.17068667"><ele>15.124</ele><time>2026-07-18T18:57:59Z</time><speed>7.064</speed><sat>15</sat></trkpt>
  <trkpt lat="26.41178333" lon="-80.17069167"><ele>15.724</ele><time>2026-07-18T18:58:00Z</time><speed>6.105</speed><sat>15</sat></trkpt>
  <trkpt lat="26.41172167" lon="-80.17068667"><ele>16.924</ele><time>2026-07-18T18:58:01Z</time><speed>6.109</speed><sat>15</sat></trkpt>
  <trkpt lat="26.41165667" lon="-80.17067500"><ele>16.924</ele><time>2026-07-18T18:58:02Z</time><speed>6.441</speed><sat>15</sat></trkpt>
  <trkpt lat="26.41159500" lon="-80.17067667"><ele>16.424</ele><time>2026-07-18T18:58:03Z</time><speed>7.090</speed><sat>15</sat></trkpt>
  <trkpt lat="26.41152833" lon="-80.17067167"><ele>16.124</ele><time>2026-07-18T18:58:04Z</time><speed>7.580</speed><sat>15</sat></trkpt>
  <trkpt lat="26.41145667" lon="-80.17066667"><ele>15.924</ele><time>2026-07-18T18:58:05Z</time><speed>7.366</speed><sat>15</sat></trkpt>
  <trkpt lat="26.41139667" lon="-80.17067333"><ele>15.824</ele><time>2026-07-18T18:58:06Z</time><speed>7.093</speed><sat>15</sat></trkpt>
  <trkpt lat="26.41133000" lon="-80.17068333"><ele>15.524</ele><time>2026-07-18T18:58:07Z</time><speed>7.112</speed><sat>15</sat></trkpt>
  <trkpt lat="26.41126833" lon="-80.17069667"><ele>14.424</ele><time>2026-07-18T18:58:08Z</time><speed>6.811</speed><sat>15</sat></trkpt>
  <trkpt lat="26.41122000" lon="-80.17070500"><ele>13.824</ele><time>2026-07-18T18:58:09Z</time><speed>6.561</speed><sat>14</sat></trkpt>
  <trkpt lat="26.41116333" lon="-80.17070833"><ele>12.824</ele><time>2026-07-18T18:58:10Z</time><speed>6.556</speed><sat>15</sat></trkpt>
  <trkpt lat="26.41109500" lon="-80.17069500"><ele>12.724</ele><time>2026-07-18T18:58:11Z</time><speed>6.906</speed><sat>14</sat></trkpt>
  <trkpt lat="26.41102333" lon="-80.17068667"><ele>12.424</ele><time>2026-07-18T18:58:12Z</time><speed>7.080</speed><sat>15</sat></trkpt>
  <trkpt lat="26.41094833" lon="-80.17068500"><ele>12.124</ele><time>2026-07-18T18:58:13Z</time><speed>6.887</speed><sat>15</sat></trkpt>
  <trkpt lat="26.41088000" lon="-80.17069333"><ele>11.523</ele><time>2026-07-18T18:58:14Z</time><speed>7.189</speed><sat>15</sat></trkpt>
  <trkpt lat="26.41081333" lon="-80.17069333"><ele>11.423</ele><time>2026-07-18T18:58:15Z</time><speed>7.189</speed><sat>15</sat></trkpt>
  <trkpt lat="26.41074833" lon="-80.17069000"><ele>12.223</ele><time>2026-07-18T18:58:16Z</time><speed>7.073</speed><sat>14</sat></trkpt>
  <trkpt lat="26.41069167" lon="-80.17068167"><ele>13.923</ele><time>2026-07-18T18:58:17Z</time><speed>6.864</speed><sat>15</sat></trkpt>
  <trkpt lat="26.41062833" lon="-80.17067500"><ele>14.023</ele><time>2026-07-18T18:58:18Z</time><speed>6.986</speed><sat>15</sat></trkpt>
  <trkpt lat="26.41056500" lon="-80.17067667"><ele>13.323</ele><time>2026-07-18T18:58:19Z</time><speed>7.284</speed><sat>15</sat></trkpt>
  <trkpt lat="26.41049333" lon="-80.17068333"><ele>13.123</ele><time>2026-07-18T18:58:20Z</time><speed>7.530</speed><sat>15</sat></trkpt>
  <trkpt lat="26.41042333" lon="-80.17069000"><ele>13.723</ele><time>2026-07-18T18:58:21Z</time><speed>7.664</speed><sat>15</sat></trkpt>
  <trkpt lat="26.41035333" lon="-80.17068667"><ele>14.023</ele><time>2026-07-18T18:58:22Z</time><speed>7.370</speed><sat>14</sat></trkpt>
  <trkpt lat="26.41029000" lon="-80.17068167"><ele>14.323</ele><time>2026-07-18T18:58:23Z</time><speed>7.352</speed><sat>15</sat></trkpt>
  <trkpt lat="26.41022333" lon="-80.17068167"><ele>14.623</ele><time>2026-07-18T18:58:24Z</time><speed>7.098</speed><sat>15</sat></trkpt>
  <trkpt lat="26.41016000" lon="-80.17069000"><ele>13.723</ele><time>2026-07-18T18:58:25Z</time><speed>7.546</speed><sat>15</sat></trkpt>
  <trkpt lat="26.41009167" lon="-80.17069500"><ele>14.023</ele><time>2026-07-18T18:58:26Z</time><speed>7.521</speed><sat>14</sat></trkpt>
  <trkpt lat="26.41001833" lon="-80.17070833"><ele>14.423</ele><time>2026-07-18T18:58:27Z</time><speed>7.863</speed><sat>14</sat></trkpt>
  <trkpt lat="26.40994333" lon="-80.17071667"><ele>14.223</ele><time>2026-07-18T18:58:28Z</time><speed>7.882</speed><sat>13</sat></trkpt>
  <trkpt lat="26.40988167" lon="-80.17071667"><ele>14.223</ele><time>2026-07-18T18:58:29Z</time><speed>6.968</speed><sat>14</sat></trkpt>
  <trkpt lat="26.40982167" lon="-80.17071333"><ele>14.523</ele><time>2026-07-18T18:58:30Z</time><speed>6.559</speed><sat>14</sat></trkpt>
  <trkpt lat="26.40976000" lon="-80.17071167"><ele>13.823</ele><time>2026-07-18T18:58:31Z</time><speed>6.312</speed><sat>13</sat></trkpt>
  <trkpt lat="26.40970833" lon="-80.17070667"><ele>14.623</ele><time>2026-07-18T18:58:32Z</time><speed>6.104</speed><sat>13</sat></trkpt>
  <trkpt lat="26.40965833" lon="-80.17069667"><ele>15.523</ele><time>2026-07-18T18:58:33Z</time><speed>5.297</speed><sat>13</sat></trkpt>
  <trkpt lat="26.40961667" lon="-80.17068500"><ele>14.923</ele><time>2026-07-18T18:58:34Z</time><speed>4.827</speed><sat>14</sat></trkpt>
  <trkpt lat="26.40958333" lon="-80.17065500"><ele>14.623</ele><time>2026-07-18T18:58:35Z</time><speed>4.196</speed><sat>14</sat></trkpt>
  <trkpt lat="26.40956667" lon="-80.17061667"><ele>14.523</ele><time>2026-07-18T18:58:36Z</time><speed>3.915</speed><sat>14</sat></trkpt>
  <trkpt lat="26.40956833" lon="-80.17057000"><ele>14.223</ele><time>2026-07-18T18:58:37Z</time><speed>3.718</speed><sat>14</sat></trkpt>
  <trkpt lat="26.40957667" lon="-80.17052500"><ele>14.223</ele><time>2026-07-18T18:58:38Z</time><speed>4.375</speed><sat>14</sat></trkpt>
  <trkpt lat="26.40958000" lon="-80.17048000"><ele>14.624</ele><time>2026-07-18T18:58:39Z</time><speed>3.928</speed><sat>14</sat></trkpt>
  <trkpt lat="26.40958833" lon="-80.17044667"><ele>15.024</ele><time>2026-07-18T18:58:40Z</time><speed>3.028</speed><sat>14</sat></trkpt>
  <trkpt lat="26.40958833" lon="-80.17041667"><ele>14.724</ele><time>2026-07-18T18:58:41Z</time><speed>2.072</speed><sat>12</sat></trkpt>
  <trkpt lat="26.40958500" lon="-80.17040000"><ele>14.424</ele><time>2026-07-18T18:58:42Z</time><speed>1.697</speed><sat>12</sat></trkpt>
  <trkpt lat="26.40958000" lon="-80.17038667"><ele>13.624</ele><time>2026-07-18T18:58:43Z</time><speed>1.321</speed><sat>13</sat></trkpt>
  <trkpt lat="26.40958000" lon="-80.17037333"><ele>13.424</ele><time>2026-07-18T18:58:44Z</time><speed>1.289</speed><sat>14</sat></trkpt>
  <trkpt lat="26.40958167" lon="-80.17036333"><ele>12.824</ele><time>2026-07-18T18:58:45Z</time><speed>0.000</speed><sat>13</sat></trkpt>
  <trkpt lat="26.40958167" lon="-80.17035833"><ele>12.824</ele><time>2026-07-18T18:58:46Z</time><speed>0.000</speed><sat>13</sat></trkpt>
  <trkpt lat="26.40958000" lon="-80.17035667"><ele>12.924</ele><time>2026-07-18T18:58:47Z</time><speed>0.000</speed><sat>13</sat></trkpt>
  <trkpt lat="26.40958000" lon="-80.17035667"><ele>12.924</ele><time>2026-07-18T18:58:48Z</time><speed>0.000</speed><sat>13</sat></trkpt>
  <trkpt lat="26.40958000" lon="-80.17035667"><ele>12.924</ele><time>2026-07-18T18:58:49Z</time><speed>0.000</speed><sat>13</sat></trkpt>
  <trkpt lat="26.40958000" lon="-80.17035667"><ele>12.924</ele><time>2026-07-18T18:58:50Z</time><speed>0.000</speed><sat>13</sat></trkpt>
  <trkpt lat="26.40958000" lon="-80.17035667"><ele>12.924</ele><time>2026-07-18T18:58:51Z</time><speed>0.000</speed><sat>13</sat></trkpt>
  <trkpt lat="26.40958000" lon="-80.17035667"><ele>12.924</ele><time>2026-07-18T18:58:52Z</time><speed>0.000</speed><sat>13</sat></trkpt>
  <trkpt lat="26.40958000" lon="-80.17035667"><ele>12.924</ele><time>2026-07-18T18:58:53Z</time><speed>0.000</speed><sat>13</sat></trkpt>
  <trkpt lat="26.40958000" lon="-80.17035667"><ele>12.924</ele><time>2026-07-18T18:58:54Z</time><speed>0.000</speed><sat>13</sat></trkpt>
  <trkpt lat="26.40958000" lon="-80.17035667"><ele>12.924</ele><time>2026-07-18T18:58:55Z</time><speed>0.000</speed><sat>13</sat></trkpt>
  <trkpt lat="26.40958000" lon="-80.17035667"><ele>12.924</ele><time>2026-07-18T18:58:56Z</time><speed>0.000</speed><sat>13</sat></trkpt>
  <trkpt lat="26.40958000" lon="-80.17035667"><ele>12.924</ele><time>2026-07-18T18:58:57Z</time><speed>0.000</speed><sat>13</sat></trkpt>
  <trkpt lat="26.40958000" lon="-80.17035667"><ele>12.924</ele><time>2026-07-18T18:58:58Z</time><speed>0.000</speed><sat>12</sat></trkpt>
  <trkpt lat="26.40958000" lon="-80.17035667"><ele>12.924</ele><time>2026-07-18T18:58:59Z</time><speed>0.000</speed><sat>12</sat></trkpt>
  <trkpt lat="26.40958000" lon="-80.17035667"><ele>12.924</ele><time>2026-07-18T18:59:00Z</time><speed>0.000</speed><sat>12</sat></trkpt>
  <trkpt lat="26.40958000" lon="-80.17035667"><ele>12.924</ele><time>2026-07-18T18:59:01Z</time><speed>0.000</speed><sat>12</sat></trkpt>
  <trkpt lat="26.40958000" lon="-80.17035667"><ele>12.924</ele><time>2026-07-18T18:59:02Z</time><speed>0.000</speed><sat>12</sat></trkpt>
  <trkpt lat="26.40958000" lon="-80.17035667"><ele>12.924</ele><time>2026-07-18T18:59:03Z</time><speed>0.000</speed><sat>12</sat></trkpt>
  <trkpt lat="26.40958000" lon="-80.17035667"><ele>12.924</ele><time>2026-07-18T18:59:04Z</time><speed>0.000</speed><sat>13</sat></trkpt>
  <trkpt lat="26.40958000" lon="-80.17035667"><ele>12.924</ele><time>2026-07-18T18:59:05Z</time><speed>0.000</speed><sat>13</sat></trkpt>
  <trkpt lat="26.40958000" lon="-80.17035667"><ele>12.924</ele><time>2026-07-18T18:59:06Z</time><speed>0.000</speed><sat>13</sat></trkpt>
  <trkpt lat="26.40958000" lon="-80.17035667"><ele>12.924</ele><time>2026-07-18T18:59:07Z</time><speed>0.000</speed><sat>13</sat></trkpt>
  <trkpt lat="26.40958500" lon="-80.17031500"><ele>12.924</ele><time>2026-07-18T18:59:08Z</time><speed>3.300</speed><sat>13</sat></trkpt>
  <trkpt lat="26.40958167" lon="-80.17027333"><ele>12.424</ele><time>2026-07-18T18:59:09Z</time><speed>4.498</speed><sat>13</sat></trkpt>
  <trkpt lat="26.40958000" lon="-80.17022333"><ele>11.825</ele><time>2026-07-18T18:59:10Z</time><speed>5.152</speed><sat>13</sat></trkpt>
  <trkpt lat="26.40957500" lon="-80.17016833"><ele>12.325</ele><time>2026-07-18T18:59:11Z</time><speed>5.586</speed><sat>13</sat></trkpt>
  <trkpt lat="26.40958500" lon="-80.17010500"><ele>11.725</ele><time>2026-07-18T18:59:12Z</time><speed>6.084</speed><sat>13</sat></trkpt>
  <trkpt lat="26.40958333" lon="-80.17004333"><ele>11.125</ele><time>2026-07-18T18:59:13Z</time><speed>6.547</speed><sat>13</sat></trkpt>
  <trkpt lat="26.40958833" lon="-80.16997667"><ele>11.326</ele><time>2026-07-18T18:59:14Z</time><speed>6.732</speed><sat>13</sat></trkpt>
  <trkpt lat="26.40959667" lon="-80.16990667"><ele>11.726</ele><time>2026-07-18T18:59:15Z</time><speed>7.086</speed><sat>13</sat></trkpt>
  <trkpt lat="26.40960333" lon="-80.16983667"><ele>11.526</ele><time>2026-07-18T18:59:16Z</time><speed>7.053</speed><sat>13</sat></trkpt>
  <trkpt lat="26.40960500" lon="-80.16976500"><ele>11.727</ele><time>2026-07-18T18:59:17Z</time><speed>7.351</speed><sat>13</sat></trkpt>
  <trkpt lat="26.40960167" lon="-80.16969667"><ele>12.627</ele><time>2026-07-18T18:59:18Z</time><speed>7.086</speed><sat>13</sat></trkpt>
  <trkpt lat="26.40960667" lon="-80.16961833"><ele>12.927</ele><time>2026-07-18T18:59:19Z</time><speed>7.102</speed><sat>13</sat></trkpt>
  <trkpt lat="26.40960500" lon="-80.16954500"><ele>12.928</ele><time>2026-07-18T18:59:20Z</time><speed>7.118</speed><sat>13</sat></trkpt>
  <trkpt lat="26.40961167" lon="-80.16947000"><ele>13.328</ele><time>2026-07-18T18:59:21Z</time><speed>6.771</speed><sat>13</sat></trkpt>
  <trkpt lat="26.40961333" lon="-80.16940667"><ele>12.328</ele><time>2026-07-18T18:59:22Z</time><speed>6.351</speed><sat>13</sat></trkpt>
  <trkpt lat="26.40961833" lon="-80.16934000"><ele>12.828</ele><time>2026-07-18T18:59:23Z</time><speed>6.311</speed><sat>13</sat></trkpt>
  <trkpt lat="26.40962000" lon="-80.16928167"><ele>13.129</ele><time>2026-07-18T18:59:24Z</time><speed>6.033</speed><sat>13</sat></trkpt>
  <trkpt lat="26.40962500" lon="-80.16922333"><ele>13.129</ele><time>2026-07-18T18:59:25Z</time><speed>5.822</speed><sat>14</sat></trkpt>
  <trkpt lat="26.40963000" lon="-80.16916833"><ele>13.529</ele><time>2026-07-18T18:59:26Z</time><speed>5.204</speed><sat>14</sat></trkpt>
  <trkpt lat="26.40963833" lon="-80.16912500"><ele>13.329</ele><time>2026-07-18T18:59:27Z</time><speed>4.684</speed><sat>14</sat></trkpt>
  <trkpt lat="26.40964167" lon="-80.16908167"><ele>13.529</ele><time>2026-07-18T18:59:28Z</time><speed>4.137</speed><sat>14</sat></trkpt>
  <trkpt lat="26.40965000" lon="-80.16904333"><ele>13.430</ele><time>2026-07-18T18:59:29Z</time><speed>3.589</speed><sat>15</sat></trkpt>
  <trkpt lat="26.40965833" lon="-80.16901000"><ele>13.230</ele><time>2026-07-18T18:59:30Z</time><speed>3.251</speed><sat>15</sat></trkpt>
  <trkpt lat="26.40966000" lon="-80.16897833"><ele>12.530</ele><time>2026-07-18T18:59:31Z</time><speed>3.010</speed><sat>15</sat></trkpt>
  <trkpt lat="26.40966333" lon="-80.16894833"><ele>11.530</ele><time>2026-07-18T18:59:32Z</time><speed>2.525</speed><sat>15</sat></trkpt>
  <trkpt lat="26.40966000" lon="-80.16892333"><ele>10.730</ele><time>2026-07-18T18:59:33Z</time><speed>2.085</speed><sat>15</sat></trkpt>
  <trkpt lat="26.40965833" lon="-80.16889833"><ele>10.230</ele><time>2026-07-18T18:59:34Z</time><speed>2.247</speed><sat>15</sat></trkpt>
  <trkpt lat="26.40965500" lon="-80.16887500"><ele>10.130</ele><time>2026-07-18T18:59:35Z</time><speed>2.138</speed><sat>15</sat></trkpt>
  <trkpt lat="26.40965500" lon="-80.16885167"><ele>10.430</ele><time>2026-07-18T18:59:36Z</time><speed>2.436</speed><sat>15</sat></trkpt>
  <trkpt lat="26.40965667" lon="-80.16883000"><ele>10.130</ele><time>2026-07-18T18:59:37Z</time><speed>2.243</speed><sat>13</sat></trkpt>
  <trkpt lat="26.40965833" lon="-80.16881000"><ele>9.931</ele><time>2026-07-18T18:59:38Z</time><speed>2.262</speed><sat>13</sat></trkpt>
  <trkpt lat="26.40966000" lon="-80.16879000"><ele>10.031</ele><time>2026-07-18T18:59:39Z</time><speed>1.832</speed><sat>14</sat></trkpt>
  <trkpt lat="26.40966333" lon="-80.16877333"><ele>10.231</ele><time>2026-07-18T18:59:40Z</time><speed>1.419</speed><sat>13</sat></trkpt>
  <trkpt lat="26.40966500" lon="-80.16875833"><ele>10.431</ele><time>2026-07-18T18:59:41Z</time><speed>0.000</speed><sat>14</sat></trkpt>
  <trkpt lat="26.40966833" lon="-80.16875000"><ele>11.031</ele><time>2026-07-18T18:59:42Z</time><speed>0.000</speed><sat>14</sat></trkpt>
  <trkpt lat="26.40967000" lon="-80.16874000"><ele>11.631</ele><time>2026-07-18T18:59:43Z</time><speed>1.184</speed><sat>15</sat></trkpt>
  <trkpt lat="26.40967333" lon="-80.16873167"><ele>11.931</ele><time>2026-07-18T18:59:44Z</time><speed>1.320</speed><sat>14</sat></trkpt>
  <trkpt lat="26.40967500" lon="-80.16871833"><ele>12.531</ele><time>2026-07-18T18:59:45Z</time><speed>1.497</speed><sat>15</sat></trkpt>
  <trkpt lat="26.40968167" lon="-80.16870000"><ele>13.031</ele><time>2026-07-18T18:59:46Z</time><speed>1.287</speed><sat>14</sat></trkpt>
  <trkpt lat="26.40968333" lon="-80.16867833"><ele>13.531</ele><time>2026-07-18T18:59:47Z</time><speed>2.115</speed><sat>14</sat></trkpt>
  <trkpt lat="26.40968333" lon="-80.16865333"><ele>13.731</ele><time>2026-07-18T18:59:48Z</time><speed>2.568</speed><sat>14</sat></trkpt>
  <trkpt lat="26.40968167" lon="-80.16861833"><ele>14.231</ele><time>2026-07-18T18:59:49Z</time><speed>3.234</speed><sat>14</sat></trkpt>
  <trkpt lat="26.40967667" lon="-80.16857833"><ele>14.832</ele><time>2026-07-18T18:59:50Z</time><speed>3.819</speed><sat>15</sat></trkpt>
  <trkpt lat="26.40966500" lon="-80.16854167"><ele>14.932</ele><time>2026-07-18T18:59:51Z</time><speed>4.134</speed><sat>14</sat></trkpt>
  <trkpt lat="26.40965333" lon="-80.16849833"><ele>15.032</ele><time>2026-07-18T18:59:52Z</time><speed>5.155</speed><sat>14</sat></trkpt>
  <trkpt lat="26.40964167" lon="-80.16844833"><ele>15.032</ele><time>2026-07-18T18:59:53Z</time><speed>5.302</speed><sat>15</sat></trkpt>
  <trkpt lat="26.40963167" lon="-80.16839667"><ele>15.332</ele><time>2026-07-18T18:59:54Z</time><speed>5.478</speed><sat>15</sat></trkpt>
  <trkpt lat="26.40962333" lon="-80.16834667"><ele>15.032</ele><time>2026-07-18T18:59:55Z</time><speed>5.577</speed><sat>15</sat></trkpt>
  <trkpt lat="26.40961833" lon="-80.16829000"><ele>14.833</ele><time>2026-07-18T18:59:56Z</time><speed>5.846</speed><sat>15</sat></trkpt>
  <trkpt lat="26.40960833" lon="-80.16823500"><ele>15.133</ele><time>2026-07-18T18:59:57Z</time><speed>5.867</speed><sat>15</sat></trkpt>
  <trkpt lat="26.40959000" lon="-80.16817500"><ele>14.933</ele><time>2026-07-18T18:59:58Z</time><speed>6.234</speed><sat>15</sat></trkpt>
  <trkpt lat="26.40958167" lon="-80.16810667"><ele>15.033</ele><time>2026-07-18T18:59:59Z</time><speed>6.758</speed><sat>15</sat></trkpt>
  <trkpt lat="26.40958167" lon="-80.16803000"><ele>15.834</ele><time>2026-07-18T19:00:00Z</time><speed>7.166</speed><sat>15</sat></trkpt>
  <trkpt lat="26.40959667" lon="-80.16795000"><ele>15.534</ele><time>2026-07-18T19:00:01Z</time><speed>6.944</speed><sat>15</sat></trkpt>
  <trkpt lat="26.40962333" lon="-80.16788333"><ele>15.734</ele><time>2026-07-18T19:00:02Z</time><speed>6.570</speed><sat>15</sat></trkpt>
  <trkpt lat="26.40965667" lon="-80.16783000"><ele>15.235</ele><time>2026-07-18T19:00:03Z</time><speed>6.536</speed><sat>15</sat></trkpt>
  <trkpt lat="26.40968667" lon="-80.16778000"><ele>15.535</ele><time>2026-07-18T19:00:04Z</time><speed>6.160</speed><sat>15</sat></trkpt>
  <trkpt lat="26.40971333" lon="-80.16772833"><ele>15.935</ele><time>2026-07-18T19:00:05Z</time><speed>5.898</speed><sat>15</sat></trkpt>
  <trkpt lat="26.40972167" lon="-80.16766833"><ele>16.835</ele><time>2026-07-18T19:00:06Z</time><speed>6.071</speed><sat>15</sat></trkpt>
  <trkpt lat="26.40972500" lon="-80.16760833"><ele>16.936</ele><time>2026-07-18T19:00:07Z</time><speed>5.668</speed><sat>15</sat></trkpt>
  <trkpt lat="26.40972833" lon="-80.16755000"><ele>17.436</ele><time>2026-07-18T19:00:08Z</time><speed>5.750</speed><sat>14</sat></trkpt>
  <trkpt lat="26.40972667" lon="-80.16749167"><ele>17.336</ele><time>2026-07-18T19:00:09Z</time><speed>6.031</speed><sat>15</sat></trkpt>
  <trkpt lat="26.40972667" lon="-80.16743167"><ele>17.436</ele><time>2026-07-18T19:00:10Z</time><speed>5.912</speed><sat>15</sat></trkpt>
  <trkpt lat="26.40971333" lon="-80.16737333"><ele>17.237</ele><time>2026-07-18T19:00:11Z</time><speed>6.108</speed><sat>15</sat></trkpt>
  <trkpt lat="26.40968833" lon="-80.16731500"><ele>16.937</ele><time>2026-07-18T19:00:12Z</time><speed>6.497</speed><sat>15</sat></trkpt>
  <trkpt lat="26.40966000" lon="-80.16725167"><ele>17.537</ele><time>2026-07-18T19:00:13Z</time><speed>6.283</speed><sat>15</sat></trkpt>
  <trkpt lat="26.40964333" lon="-80.16718833"><ele>18.037</ele><time>2026-07-18T19:00:14Z</time><speed>6.397</speed><sat>15</sat></trkpt>
  <trkpt lat="26.40963833" lon="-80.16712167"><ele>17.938</ele><time>2026-07-18T19:00:15Z</time><speed>6.540</speed><sat>14</sat></trkpt>
  <trkpt lat="26.40964500" lon="-80.16706333"><ele>17.538</ele><time>2026-07-18T19:00:16Z</time><speed>6.540</speed><sat>15</sat></trkpt>
  <trkpt lat="26.40965167" lon="-80.16700333"><ele>17.138</ele><time>2026-07-18T19:00:17Z</time><speed>6.193</speed><sat>15</sat></trkpt>
  <trkpt lat="26.40965167" lon="-80.16694500"><ele>16.438</ele><time>2026-07-18T19:00:18Z</time><speed>5.606</speed><sat>15</sat></trkpt>
  <trkpt lat="26.40965000" lon="-80.16688500"><ele>16.539</ele><time>2026-07-18T19:00:19Z</time><speed>5.851</speed><sat>15</sat></trkpt>
  <trkpt lat="26.40966667" lon="-80.16684167"><ele>17.739</ele><time>2026-07-18T19:00:20Z</time><speed>4.865</speed><sat>15</sat></trkpt>
  <trkpt lat="26.40969500" lon="-80.16681333"><ele>18.739</ele><time>2026-07-18T19:00:21Z</time><speed>3.464</speed><sat>15</sat></trkpt>
  <trkpt lat="26.40971833" lon="-80.16679500"><ele>19.239</ele><time>2026-07-18T19:00:22Z</time><speed>2.980</speed><sat>15</sat></trkpt>
  <trkpt lat="26.40974333" lon="-80.16677667"><ele>19.339</ele><time>2026-07-18T19:00:23Z</time><speed>3.163</speed><sat>15</sat></trkpt>
  <trkpt lat="26.40976167" lon="-80.16675833"><ele>19.439</ele><time>2026-07-18T19:00:24Z</time><speed>3.195</speed><sat>15</sat></trkpt>
  <trkpt lat="26.40978500" lon="-80.16673667"><ele>19.539</ele><time>2026-07-18T19:00:25Z</time><speed>2.949</speed><sat>15</sat></trkpt>
  <trkpt lat="26.40980667" lon="-80.16672167"><ele>19.239</ele><time>2026-07-18T19:00:26Z</time><speed>2.574</speed><sat>15</sat></trkpt>
  <trkpt lat="26.40983000" lon="-80.16671000"><ele>19.239</ele><time>2026-07-18T19:00:27Z</time><speed>2.067</speed><sat>15</sat></trkpt>
  <trkpt lat="26.40984500" lon="-80.16670500"><ele>17.839</ele><time>2026-07-18T19:00:28Z</time><speed>1.509</speed><sat>15</sat></trkpt>
  <trkpt lat="26.40985833" lon="-80.16669667"><ele>16.939</ele><time>2026-07-18T19:00:29Z</time><speed>1.862</speed><sat>15</sat></trkpt>
  <trkpt lat="26.40987333" lon="-80.16669167"><ele>16.739</ele><time>2026-07-18T19:00:30Z</time><speed>1.701</speed><sat>15</sat></trkpt>
  <trkpt lat="26.40988500" lon="-80.16668667"><ele>16.939</ele><time>2026-07-18T19:00:31Z</time><speed>1.388</speed><sat>15</sat></trkpt>
  <trkpt lat="26.40989167" lon="-80.16668500"><ele>17.439</ele><time>2026-07-18T19:00:32Z</time><speed>0.000</speed><sat>15</sat></trkpt>
  <trkpt lat="26.40989500" lon="-80.16668500"><ele>17.539</ele><time>2026-07-18T19:00:33Z</time><speed>0.000</speed><sat>15</sat></trkpt>
  <trkpt lat="26.40989500" lon="-80.16668833"><ele>17.639</ele><time>2026-07-18T19:00:34Z</time><speed>0.000</speed><sat>15</sat></trkpt>
  <trkpt lat="26.40989500" lon="-80.16668833"><ele>17.639</ele><time>2026-07-18T19:00:35Z</time><speed>0.000</speed><sat>15</sat></trkpt>
  <trkpt lat="26.40989500" lon="-80.16668833"><ele>17.639</ele><time>2026-07-18T19:00:36Z</time><speed>0.000</speed><sat>15</sat></trkpt>
  <trkpt lat="26.40989500" lon="-80.16668833"><ele>17.639</ele><time>2026-07-18T19:00:37Z</time><speed>0.000</speed><sat>15</sat></trkpt>
  <trkpt lat="26.40989500" lon="-80.16668833"><ele>17.639</ele><time>2026-07-18T19:00:38Z</time><speed>0.000</speed><sat>15</sat></trkpt>
  <trkpt lat="26.40989500" lon="-80.16668833"><ele>17.639</ele><time>2026-07-18T19:00:39Z</time><speed>0.000</speed><sat>15</sat></trkpt>
  <trkpt lat="26.40989500" lon="-80.16668833"><ele>17.639</ele><time>2026-07-18T19:00:40Z</time><speed>0.000</speed><sat>15</sat></trkpt>
  <trkpt lat="26.40989500" lon="-80.16668833"><ele>17.639</ele><time>2026-07-18T19:00:41Z</time><speed>0.000</speed><sat>15</sat></trkpt>
  <trkpt lat="26.40989500" lon="-80.16668833"><ele>17.639</ele><time>2026-07-18T19:00:42Z</time><speed>0.000</speed><sat>15</sat></trkpt>
  <trkpt lat="26.40989500" lon="-80.16668833"><ele>17.639</ele><time>2026-07-18T19:00:43Z</time><speed>0.000</speed><sat>15</sat></trkpt>
  <trkpt lat="26.40989500" lon="-80.16668833"><ele>17.639</ele><time>2026-07-18T19:00:44Z</time><speed>0.000</speed><sat>15</sat></trkpt>
  <trkpt lat="26.40989500" lon="-80.16668833"><ele>17.639</ele><time>2026-07-18T19:00:45Z</time><speed>0.000</speed><sat>15</sat></trkpt>
  <trkpt lat="26.40989500" lon="-80.16668833"><ele>17.639</ele><time>2026-07-18T19:00:46Z</time><speed>0.000</speed><sat>15</sat></trkpt>
  <trkpt lat="26.40989500" lon="-80.16668833"><ele>17.639</ele><time>2026-07-18T19:00:47Z</time><speed>0.000</speed><sat>16</sat></trkpt>
  <trkpt lat="26.40989500" lon="-80.16668833"><ele>17.639</ele><time>2026-07-18T19:00:48Z</time><speed>0.000</speed><sat>16</sat></trkpt>
  <trkpt lat="26.40989500" lon="-80.16668833"><ele>17.639</ele><time>2026-07-18T19:00:49Z</time><speed>0.000</speed><sat>16</sat></trkpt>
  <trkpt lat="26.40989500" lon="-80.16668833"><ele>17.639</ele><time>2026-07-18T19:00:50Z</time><speed>0.000</speed><sat>16</sat></trkpt>
  <trkpt lat="26.40989500" lon="-80.16668833"><ele>17.639</ele><time>2026-07-18T19:00:51Z</time><speed>0.000</speed><sat>16</sat></trkpt>
  <trkpt lat="26.40989500" lon="-80.16668833"><ele>17.639</ele><time>2026-07-18T19:00:52Z</time><speed>0.000</speed><sat>16</sat></trkpt>
  <trkpt lat="26.40989500" lon="-80.16668833"><ele>17.639</ele><time>2026-07-18T19:00:53Z</time><speed>0.000</speed><sat>16</sat></trkpt>
  <trkpt lat="26.40989500" lon="-80.16668833"><ele>17.639</ele><time>2026-07-18T19:00:54Z</time><speed>0.000</speed><sat>16</sat></trkpt>
  <trkpt lat="26.40989500" lon="-80.16668833"><ele>17.639</ele><time>2026-07-18T19:00:55Z</time><speed>0.000</speed><sat>16</sat></trkpt>
  <trkpt lat="26.40989500" lon="-80.16668833"><ele>17.639</ele><time>2026-07-18T19:00:56Z</time><speed>0.000</speed><sat>16</sat></trkpt>
  <trkpt lat="26.40989500" lon="-80.16668833"><ele>17.639</ele><time>2026-07-18T19:00:57Z</time><speed>0.000</speed><sat>16</sat></trkpt>
  <trkpt lat="26.40989500" lon="-80.16668833"><ele>17.639</ele><time>2026-07-18T19:00:58Z</time><speed>0.000</speed><sat>15</sat></trkpt>
  <trkpt lat="26.40989500" lon="-80.16668833"><ele>17.639</ele><time>2026-07-18T19:00:59Z</time><speed>0.000</speed><sat>15</sat></trkpt>
  <trkpt lat="26.40989500" lon="-80.16668833"><ele>17.639</ele><time>2026-07-18T19:01:00Z</time><speed>0.000</speed><sat>15</sat></trkpt>
  <trkpt lat="26.40989500" lon="-80.16668833"><ele>17.639</ele><time>2026-07-18T19:01:01Z</time><speed>0.000</speed><sat>14</sat></trkpt>
  <trkpt lat="26.40989500" lon="-80.16668833"><ele>17.639</ele><time>2026-07-18T19:01:02Z</time><speed>0.000</speed><sat>14</sat></trkpt>
  <trkpt lat="26.40989500" lon="-80.16668833"><ele>17.639</ele><time>2026-07-18T19:01:03Z</time><speed>0.000</speed><sat>14</sat></trkpt>
  <trkpt lat="26.40989500" lon="-80.16668833"><ele>17.639</ele><time>2026-07-18T19:01:04Z</time><speed>0.000</speed><sat>14</sat></trkpt>
  <trkpt lat="26.40989500" lon="-80.16668833"><ele>17.639</ele><time>2026-07-18T19:01:05Z</time><speed>0.000</speed><sat>14</sat></trkpt>
  <trkpt lat="26.40989500" lon="-80.16668833"><ele>17.639</ele><time>2026-07-18T19:01:06Z</time><speed>0.000</speed><sat>15</sat></trkpt>
  <trkpt lat="26.40989500" lon="-80.16668833"><ele>17.639</ele><time>2026-07-18T19:01:07Z</time><speed>0.000</speed><sat>15</sat></trkpt>
  <trkpt lat="26.40989500" lon="-80.16668833"><ele>17.639</ele><time>2026-07-18T19:01:08Z</time><speed>0.000</speed><sat>15</sat></trkpt>
  <trkpt lat="26.40989500" lon="-80.16668833"><ele>17.639</ele><time>2026-07-18T19:01:09Z</time><speed>0.000</speed><sat>15</sat></trkpt>
  <trkpt lat="26.40989500" lon="-80.16668833"><ele>17.639</ele><time>2026-07-18T19:01:10Z</time><speed>0.000</speed><sat>15</sat></trkpt>
  <trkpt lat="26.40989500" lon="-80.16668833"><ele>17.639</ele><time>2026-07-18T19:01:11Z</time><speed>0.000</speed><sat>15</sat></trkpt>
  <trkpt lat="26.40989500" lon="-80.16668833"><ele>17.639</ele><time>2026-07-18T19:01:12Z</time><speed>0.000</speed><sat>15</sat></trkpt>
  <trkpt lat="26.40989500" lon="-80.16668833"><ele>17.639</ele><time>2026-07-18T19:01:13Z</time><speed>0.000</speed><sat>15</sat></trkpt>
  <trkpt lat="26.40989500" lon="-80.16668833"><ele>17.639</ele><time>2026-07-18T19:01:14Z</time><speed>0.000</speed><sat>15</sat></trkpt>
  <trkpt lat="26.40989500" lon="-80.16668833"><ele>17.639</ele><time>2026-07-18T19:01:15Z</time><speed>0.000</speed><sat>14</sat></trkpt>
  <trkpt lat="26.40989500" lon="-80.16668833"><ele>17.639</ele><time>2026-07-18T19:01:16Z</time><speed>0.000</speed><sat>14</sat></trkpt>
  <trkpt lat="26.40989500" lon="-80.16668833"><ele>17.639</ele><time>2026-07-18T19:01:17Z</time><speed>0.000</speed><sat>15</sat></trkpt>
  <trkpt lat="26.40989500" lon="-80.16668833"><ele>17.639</ele><time>2026-07-18T19:01:18Z</time><speed>0.000</speed><sat>15</sat></trkpt>
  <trkpt lat="26.40989500" lon="-80.16668833"><ele>17.639</ele><time>2026-07-18T19:01:19Z</time><speed>0.000</speed><sat>15</sat></trkpt>
  <trkpt lat="26.40989500" lon="-80.16668833"><ele>17.639</ele><time>2026-07-18T19:01:20Z</time><speed>0.000</speed><sat>15</sat></trkpt>
  <trkpt lat="26.40989500" lon="-80.16668833"><ele>17.639</ele><time>2026-07-18T19:01:21Z</time><speed>0.000</speed><sat>15</sat></trkpt>
  <trkpt lat="26.40989500" lon="-80.16668833"><ele>17.639</ele><time>2026-07-18T19:01:22Z</time><speed>0.000</speed><sat>14</sat></trkpt>
  <trkpt lat="26.40989500" lon="-80.16668833"><ele>17.639</ele><time>2026-07-18T19:01:23Z</time><speed>0.000</speed><sat>14</sat></trkpt>
  <trkpt lat="26.40989500" lon="-80.16668833"><ele>17.639</ele><time>2026-07-18T19:01:24Z</time><speed>0.000</speed><sat>14</sat></trkpt>
  <trkpt lat="26.40989500" lon="-80.16668833"><ele>17.639</ele><time>2026-07-18T19:01:25Z</time><speed>0.000</speed><sat>14</sat></trkpt>
  <trkpt lat="26.40989500" lon="-80.16668833"><ele>17.639</ele><time>2026-07-18T19:01:26Z</time><speed>0.000</speed><sat>15</sat></trkpt>
  <trkpt lat="26.40989500" lon="-80.16668833"><ele>17.639</ele><time>2026-07-18T19:01:27Z</time><speed>0.000</speed><sat>15</sat></trkpt>
  <trkpt lat="26.40989500" lon="-80.16668833"><ele>17.639</ele><time>2026-07-18T19:01:28Z</time><speed>0.000</speed><sat>15</sat></trkpt>
  <trkpt lat="26.40989500" lon="-80.16668833"><ele>17.639</ele><time>2026-07-18T19:01:29Z</time><speed>0.000</speed><sat>15</sat></trkpt>
  <trkpt lat="26.40989500" lon="-80.16668833"><ele>17.639</ele><time>2026-07-18T19:01:30Z</time><speed>0.000</speed><sat>15</sat></trkpt>
  <trkpt lat="26.40989500" lon="-80.16668833"><ele>17.639</ele><time>2026-07-18T19:01:31Z</time><speed>0.000</speed><sat>15</sat></trkpt>
  <trkpt lat="26.40989500" lon="-80.16668833"><ele>17.639</ele><time>2026-07-18T19:01:32Z</time><speed>0.000</speed><sat>15</sat></trkpt>
  <trkpt lat="26.40989500" lon="-80.16668833"><ele>17.639</ele><time>2026-07-18T19:01:33Z</time><speed>0.000</speed><sat>15</sat></trkpt>
  <trkpt lat="26.40989500" lon="-80.16668833"><ele>17.639</ele><time>2026-07-18T19:01:34Z</time><speed>0.000</speed><sat>15</sat></trkpt>
  <trkpt lat="26.40989500" lon="-80.16668833"><ele>17.639</ele><time>2026-07-18T19:01:35Z</time><speed>0.000</speed><sat>15</sat></trkpt>
  <trkpt lat="26.40989500" lon="-80.16668833"><ele>17.639</ele><time>2026-07-18T19:01:36Z</time><speed>0.000</speed><sat>15</sat></trkpt>
  <trkpt lat="26.40989500" lon="-80.16668833"><ele>17.639</ele><time>2026-07-18T19:01:37Z</time><speed>0.000</speed><sat>15</sat></trkpt>
  <trkpt lat="26.40989500" lon="-80.16668833"><ele>17.639</ele><time>2026-07-18T19:01:38Z</time><speed>0.000</speed><sat>15</sat></trkpt>
  <trkpt lat="26.40989500" lon="-80.16668833"><ele>17.639</ele><time>2026-07-18T19:01:39Z</time><speed>0.000</speed><sat>15</sat></trkpt>
  <trkpt lat="26.40989500" lon="-80.16668833"><ele>17.639</ele><time>2026-07-18T19:01:40Z</time><speed>0.000</speed><sat>15</sat></trkpt>
  <trkpt lat="26.40989500" lon="-80.16668833"><ele>17.639</ele><time>2026-07-18T19:01:41Z</time><speed>0.000</speed><sat>15</sat></trkpt>
  <trkpt lat="26.40989500" lon="-80.16668833"><ele>17.639</ele><time>2026-07-18T19:01:42Z</time><speed>0.000</speed><sat>15</sat></trkpt>
  <trkpt lat="26.40989500" lon="-80.16668833"><ele>17.639</ele><time>2026-07-18T19:01:43Z</time><speed>0.000</speed><sat>15</sat></trkpt>
  <trkpt lat="26.40989500" lon="-80.16668833"><ele>17.639</ele><time>2026-07-18T19:01:44Z</time><speed>0.000</speed><sat>15</sat></trkpt>
  <trkpt lat="26.40989500" lon="-80.16668833"><ele>17.639</ele><time>2026-07-18T19:01:45Z</time><speed>0.000</speed><sat>15</sat></trkpt>
  <trkpt lat="26.40989500" lon="-80.16668833"><ele>17.639</ele><time>2026-07-18T19:01:46Z</time><speed>0.000</speed><sat>14</sat></trkpt>
  <trkpt lat="26.40989500" lon="-80.16668833"><ele>17.639</ele><time>2026-07-18T19:01:47Z</time><speed>0.000</speed><sat>14</sat></trkpt>
  <trkpt lat="26.40989500" lon="-80.16668833"><ele>17.639</ele><time>2026-07-18T19:01:48Z</time><speed>0.000</speed><sat>14</sat></trkpt>
  <trkpt lat="26.40989500" lon="-80.16668833"><ele>17.639</ele><time>2026-07-18T19:01:49Z</time><speed>0.000</speed><sat>15</sat></trkpt>
  <trkpt lat="26.40989500" lon="-80.16668833"><ele>17.639</ele><time>2026-07-18T19:01:50Z</time><speed>0.000</speed><sat>15</sat></trkpt>
  <trkpt lat="26.40989500" lon="-80.16668833"><ele>17.639</ele><time>2026-07-18T19:01:51Z</time><speed>0.000</speed><sat>15</sat></trkpt>
  <trkpt lat="26.40989500" lon="-80.16668833"><ele>17.639</ele><time>2026-07-18T19:01:52Z</time><speed>0.000</speed><sat>15</sat></trkpt>
  <trkpt lat="26.40989500" lon="-80.16668833"><ele>17.639</ele><time>2026-07-18T19:01:53Z</time><speed>0.000</speed><sat>15</sat></trkpt>
  <trkpt lat="26.40989500" lon="-80.16668833"><ele>17.639</ele><time>2026-07-18T19:01:54Z</time><speed>0.000</speed><sat>15</sat></trkpt>
  <trkpt lat="26.40989500" lon="-80.16668833"><ele>17.639</ele><time>2026-07-18T19:01:55Z</time><speed>0.000</speed><sat>15</sat></trkpt>
  <trkpt lat="26.40989500" lon="-80.16668833"><ele>17.639</ele><time>2026-07-18T19:01:56Z</time><speed>0.000</speed><sat>15</sat></trkpt>
  <trkpt lat="26.40989500" lon="-80.16668833"><ele>17.639</ele><time>2026-07-18T19:01:57Z</time><speed>0.000</speed><sat>15</sat></trkpt>
  <trkpt lat="26.40989500" lon="-80.16668833"><ele>17.639</ele><time>2026-07-18T19:01:58Z</time><speed>0.000</speed><sat>14</sat></trkpt>
  <trkpt lat="26.40989500" lon="-80.16668833"><ele>17.639</ele><time>2026-07-18T19:01:59Z</time><speed>0.000</speed><sat>14</sat></trkpt>
  <trkpt lat="26.40989500" lon="-80.16668833"><ele>17.639</ele><time>2026-07-18T19:02:00Z</time><speed>0.000</speed><sat>14</sat></trkpt>
  <trkpt lat="26.40989500" lon="-80.16668833"><ele>17.639</ele><time>2026-07-18T19:02:01Z</time><speed>0.000</speed><sat>14</sat></trkpt>
  <trkpt lat="26.40989500" lon="-80.16668833"><ele>17.639</ele><time>2026-07-18T19:02:02Z</time><speed>0.000</speed><sat>14</sat></trkpt>
  <trkpt lat="26.40989500" lon="-80.16668833"><ele>17.639</ele><time>2026-07-18T19:02:03Z</time><speed>0.000</speed><sat>15</sat></trkpt>
  <trkpt lat="26.40989500" lon="-80.16668833"><ele>17.639</ele><time>2026-07-18T19:02:04Z</time><speed>0.000</speed><sat>15</sat></trkpt>
  <trkpt lat="26.40989500" lon="-80.16668833"><ele>17.639</ele><time>2026-07-18T19:02:05Z</time><speed>0.000</speed><sat>15</sat></trkpt>
  <trkpt lat="26.40989500" lon="-80.16668833"><ele>17.639</ele><time>2026-07-18T19:02:06Z</time><speed>0.000</speed><sat>15</sat></trkpt>
  <trkpt lat="26.40989500" lon="-80.16668833"><ele>17.639</ele><time>2026-07-18T19:02:07Z</time><speed>0.000</speed><sat>15</sat></trkpt>
  <trkpt lat="26.40989500" lon="-80.16668833"><ele>17.639</ele><time>2026-07-18T19:02:08Z</time><speed>0.000</speed><sat>15</sat></trkpt>
  <trkpt lat="26.40989500" lon="-80.16668833"><ele>17.639</ele><time>2026-07-18T19:02:09Z</time><speed>0.000</speed><sat>15</sat></trkpt>
  <trkpt lat="26.40989500" lon="-80.16668833"><ele>17.639</ele><time>2026-07-18T19:02:10Z</time><speed>0.000</speed><sat>15</sat></trkpt>
  <trkpt lat="26.40989500" lon="-80.16668833"><ele>17.639</ele><time>2026-07-18T19:02:11Z</time><speed>0.000</speed><sat>15</sat></trkpt>
  <trkpt lat="26.40989500" lon="-80.16668833"><ele>17.639</ele><time>2026-07-18T19:02:12Z</time><speed>0.000</speed><sat>15</sat></trkpt>
  <trkpt lat="26.40989500" lon="-80.16668833"><ele>17.639</ele><time>2026-07-18T19:02:13Z</time><speed>0.000</speed><sat>15</sat></trkpt>
  <trkpt lat="26.40989500" lon="-80.16668833"><ele>17.639</ele><time>2026-07-18T19:02:14Z</time><speed>0.000</speed><sat>15</sat></trkpt>
  <trkpt lat="26.40989500" lon="-80.16668833"><ele>17.639</ele><time>2026-07-18T19:02:15Z</time><speed>0.000</speed><sat>15</sat></trkpt>
  <trkpt lat="26.40989500" lon="-80.16668833"><ele>17.639</ele><time>2026-07-18T19:02:16Z</time><speed>0.000</speed><sat>15</sat></trkpt>
  <trkpt lat="26.40989500" lon="-80.16668833"><ele>17.639</ele><time>2026-07-18T19:02:17Z</time><speed>0.000</speed><sat>15</sat></trkpt>
  <trkpt lat="26.40989500" lon="-80.16668833"><ele>17.639</ele><time>2026-07-18T19:02:18Z</time><speed>0.000</speed><sat>15</sat></trkpt>
  <trkpt lat="26.40989500" lon="-80.16668833"><ele>17.639</ele><time>2026-07-18T19:02:19Z</time><speed>0.000</speed><sat>15</sat></trkpt>
  <trkpt lat="26.40989500" lon="-80.16668833"><ele>17.639</ele><time>2026-07-18T19:02:20Z</time><speed>0.000</speed><sat>15</sat></trkpt>
  <trkpt lat="26.40989500" lon="-80.16668833"><ele>17.639</ele><time>2026-07-18T19:02:21Z</time><speed>0.000</speed><sat>15</sat></trkpt>
  <trkpt lat="26.40989500" lon="-80.16668833"><ele>17.639</ele><time>2026-07-18T19:02:22Z</time><speed>0.000</speed><sat>15</sat></trkpt>
  <trkpt lat="26.40989500" lon="-80.16668833"><ele>17.639</ele><time>2026-07-18T19:02:23Z</time><speed>0.000</speed><sat>15</sat></trkpt>
  <trkpt lat="26.40989500" lon="-80.16668833"><ele>17.639</ele><time>2026-07-18T19:02:24Z</time><speed>0.000</speed><sat>15</sat></trkpt>
  <trkpt lat="26.40989500" lon="-80.16668833"><ele>17.639</ele><time>2026-07-18T19:02:25Z</time><speed>0.000</speed><sat>15</sat></trkpt>
  <trkpt lat="26.40989500" lon="-80.16668833"><ele>17.639</ele><time>2026-07-18T19:02:26Z</time><speed>0.000</speed><sat>15</sat></trkpt>
  <trkpt lat="26.40989500" lon="-80.16668833"><ele>17.639</ele><time>2026-07-18T19:02:27Z</time><speed>0.000</speed><sat>15</sat></trkpt>
  <trkpt lat="26.40989500" lon="-80.16668833"><ele>17.639</ele><time>2026-07-18T19:02:28Z</time><speed>0.000</speed><sat>15</sat></trkpt>
  <trkpt lat="26.40989500" lon="-80.16668833"><ele>17.639</ele><time>2026-07-18T19:02:29Z</time><speed>0.000</speed><sat>15</sat></trkpt>
  <trkpt lat="26.40989500" lon="-80.16668833"><ele>17.639</ele><time>2026-07-18T19:02:30Z</time><speed>0.000</speed><sat>15</sat></trkpt>
  <trkpt lat="26.40989500" lon="-80.16668833"><ele>17.639</ele><time>2026-07-18T19:02:31Z</time><speed>0.000</speed><sat>15</sat></trkpt>
  <trkpt lat="26.40989500" lon="-80.16668833"><ele>17.639</ele><time>2026-07-18T19:02:32Z</time><speed>0.000</speed><sat>15</sat></trkpt>
  <trkpt lat="26.40989500" lon="-80.16668833"><ele>17.639</ele><time>2026-07-18T19:02:33Z</time><speed>0.000</speed><sat>15</sat></trkpt>
  <trkpt lat="26.40989500" lon="-80.16668833"><ele>17.639</ele><time>2026-07-18T19:02:34Z</time><speed>0.000</speed><sat>15</sat></trkpt>
  <trkpt lat="26.40989500" lon="-80.16668833"><ele>17.639</ele><time>2026-07-18T19:02:35Z</time><speed>0.000</speed><sat>15</sat></trkpt>
  <trkpt lat="26.40989500" lon="-80.16668833"><ele>17.639</ele><time>2026-07-18T19:02:36Z</time><speed>0.000</speed><sat>15</sat></trkpt>
  <trkpt lat="26.40989500" lon="-80.16668833"><ele>17.639</ele><time>2026-07-18T19:02:37Z</time><speed>0.000</speed><sat>15</sat></trkpt>
  <trkpt lat="26.40989500" lon="-80.16668833"><ele>17.639</ele><time>2026-07-18T19:02:38Z</time><speed>0.000</speed><sat>15</sat></trkpt>
  <trkpt lat="26.40989833" lon="-80.16659333"><ele>25.640</ele><time>2026-07-18T19:02:39Z</time><speed>1.047</speed><sat>15</sat></trkpt>
  <trkpt lat="26.40990167" lon="-80.16659167"><ele>25.640</ele><time>2026-07-18T19:02:40Z</time><speed>0.000</speed><sat>15</sat></trkpt>
  <trkpt lat="26.40990167" lon="-80.16658833"><ele>25.740</ele><time>2026-07-18T19:02:41Z</time><speed>0.000</speed><sat>15</sat></trkpt>
  <trkpt lat="26.40990000" lon="-80.16658667"><ele>25.740</ele><time>2026-07-18T19:02:42Z</time><speed>0.000</speed><sat>15</sat></trkpt>
  <trkpt lat="26.40990000" lon="-80.16658667"><ele>25.740</ele><time>2026-07-18T19:02:43Z</time><speed>0.000</speed><sat>15</sat></trkpt>
  <trkpt lat="26.40990000" lon="-80.16658667"><ele>25.740</ele><time>2026-07-18T19:02:44Z</time><speed>0.000</speed><sat>15</sat></trkpt>
  <trkpt lat="26.40990000" lon="-80.16658667"><ele>25.740</ele><time>2026-07-18T19:02:45Z</time><speed>0.000</speed><sat>15</sat></trkpt>
  <trkpt lat="26.40990000" lon="-80.16658667"><ele>25.740</ele><time>2026-07-18T19:02:46Z</time><speed>0.000</speed><sat>15</sat></trkpt>
  <trkpt lat="26.40990000" lon="-80.16658667"><ele>25.740</ele><time>2026-07-18T19:02:47Z</time><speed>0.000</speed><sat>15</sat></trkpt>
  <trkpt lat="26.40990000" lon="-80.16658667"><ele>25.740</ele><time>2026-07-18T19:02:48Z</time><speed>0.000</speed><sat>15</sat></trkpt>
 </trkseg>
</trk>

</gpx>
 