<?xml version="1.0" encoding="UTF-8"?>
<!-- Created with BasicAirData GPS Logger for Android - ver. 3.3.0 -->
<!-- Track 5 = 4110 TrackPoints + 2 Placemarks -->

<!-- Track Statistics (based on Total Time | Time in Movement): -->
<!--  Distance = 6.27 km -->
<!--  Duration = 01:23:33 | 35:58 -->
<!--  Altitude Gap = 9 m -->
<!--  Max Speed = 16 mph -->
<!--  Avg Speed = 2.8 | 6.5 mph -->
<!--  Direction = NNE -->
<!--  Activity = running -->
<!--  Altitudes = Corrected using EGM96 grid (bilinear interpolation) -->

<gpx version="1.0"
     creator="BasicAirData GPS Logger 3.3.0"
     xmlns="http://www.topografix.com/GPX/1/0"
     xmlns:xsi="http://www.w3.org/2001/XMLSchema-instance"
     xsi:schemaLocation="http://www.topografix.com/GPX/1/0 http://www.topografix.com/GPX/1/0/gpx.xsd">
<name>GPS Logger 20260718-101927</name>
<desc>ST-2-Garbage</desc>
<time>2026-07-21T17:17:41Z</time>
<keywords>running</keywords>
<bounds minlat="26.40945667" minlon="-80.16962333" maxlat="26.42210833" maxlon="-80.15773167" />

<wpt lat="26.40988833" lon="-80.16669667"><ele>7.239</ele><time>2026-07-18T14:19:30Z</time><name>Station2</name><sat>16</sat></wpt>

<wpt lat="26.41605667" lon="-80.16460000"><ele>16.152</ele><time>2026-07-18T15:42:49Z</time><name>Garbage</name><sat>15</sat></wpt>

<trk>
 <name>Track 20260718-101927</name>
 <trkseg>
  <trkpt lat="26.40989000" lon="-80.16670000"><ele>7.339</ele><time>2026-07-18T14:19:27Z</time><speed>0.101</speed><sat>14</sat></trkpt>
  <trkpt lat="26.40988833" lon="-80.16670167"><ele>7.239</ele><time>2026-07-18T14:19:28Z</time><speed>0.067</speed><sat>16</sat></trkpt>
  <trkpt lat="26.40988833" lon="-80.16670000"><ele>7.239</ele><time>2026-07-18T14:19:29Z</time><speed>0.109</speed><sat>16</sat></trkpt>
  <trkpt lat="26.40988833" lon="-80.16669667"><ele>7.239</ele><time>2026-07-18T14:19:30Z</time><speed>0.179</speed><sat>16</sat></trkpt>
  <trkpt lat="26.40988833" lon="-80.16669667"><ele>7.139</ele><time>2026-07-18T14:19:31Z</time><speed>0.006</speed><sat>16</sat></trkpt>
  <trkpt lat="26.40988500" lon="-80.16669333"><ele>7.039</ele><time>2026-07-18T14:19:32Z</time><speed>0.100</speed><sat>16</sat></trkpt>
  <trkpt lat="26.40988333" lon="-80.16669167"><ele>7.039</ele><time>2026-07-18T14:19:33Z</time><speed>0.126</speed><sat>16</sat></trkpt>
  <trkpt lat="26.40988167" lon="-80.16669167"><ele>7.139</ele><time>2026-07-18T14:19:34Z</time><speed>0.027</speed><sat>16</sat></trkpt>
  <trkpt lat="26.40988000" lon="-80.16669167"><ele>7.239</ele><time>2026-07-18T14:19:35Z</time><speed>0.069</speed><sat>16</sat></trkpt>
  <trkpt lat="26.40987833" lon="-80.16668833"><ele>7.239</ele><time>2026-07-18T14:19:36Z</time><speed>0.123</speed><sat>16</sat></trkpt>
  <trkpt lat="26.40987667" lon="-80.16668833"><ele>7.239</ele><time>2026-07-18T14:19:37Z</time><speed>0.135</speed><sat>16</sat></trkpt>
  <trkpt lat="26.40987500" lon="-80.16668833"><ele>7.139</ele><time>2026-07-18T14:19:38Z</time><speed>0.099</speed><sat>16</sat></trkpt>
  <trkpt lat="26.40987333" lon="-80.16668667"><ele>7.139</ele><time>2026-07-18T14:19:39Z</time><speed>0.182</speed><sat>16</sat></trkpt>
  <trkpt lat="26.40987333" lon="-80.16668667"><ele>7.139</ele><time>2026-07-18T14:19:40Z</time><speed>0.078</speed><sat>16</sat></trkpt>
  <trkpt lat="26.40987167" lon="-80.16668667"><ele>7.039</ele><time>2026-07-18T14:19:41Z</time><speed>0.084</speed><sat>16</sat></trkpt>
  <trkpt lat="26.40987000" lon="-80.16668833"><ele>7.039</ele><time>2026-07-18T14:19:42Z</time><speed>0.082</speed><sat>16</sat></trkpt>
  <trkpt lat="26.40987000" lon="-80.16669000"><ele>7.039</ele><time>2026-07-18T14:19:43Z</time><speed>0.073</speed><sat>16</sat></trkpt>
  <trkpt lat="26.40987000" lon="-80.16669000"><ele>7.039</ele><time>2026-07-18T14:19:44Z</time><speed>0.078</speed><sat>16</sat></trkpt>
  <trkpt lat="26.40987000" lon="-80.16669000"><ele>7.039</ele><time>2026-07-18T14:19:45Z</time><speed>0.074</speed><sat>16</sat></trkpt>
  <trkpt lat="26.40987167" lon="-80.16669000"><ele>7.039</ele><time>2026-07-18T14:19:46Z</time><speed>0.070</speed><sat>16</sat></trkpt>
  <trkpt lat="26.40987333" lon="-80.16668833"><ele>7.039</ele><time>2026-07-18T14:19:47Z</time><speed>0.065</speed><sat>15</sat></trkpt>
  <trkpt lat="26.40987500" lon="-80.16669000"><ele>7.139</ele><time>2026-07-18T14:19:48Z</time><speed>0.057</speed><sat>15</sat></trkpt>
  <trkpt lat="26.40987667" lon="-80.16669000"><ele>7.239</ele><time>2026-07-18T14:19:49Z</time><speed>0.056</speed><sat>15</sat></trkpt>
  <trkpt lat="26.40987833" lon="-80.16669000"><ele>7.239</ele><time>2026-07-18T14:19:50Z</time><speed>0.053</speed><sat>15</sat></trkpt>
  <trkpt lat="26.40988000" lon="-80.16669000"><ele>7.239</ele><time>2026-07-18T14:19:51Z</time><speed>0.000</speed><sat>15</sat></trkpt>
  <trkpt lat="26.40988000" lon="-80.16669000"><ele>7.239</ele><time>2026-07-18T14:19:52Z</time><speed>0.000</speed><sat>15</sat></trkpt>
  <trkpt lat="26.40988000" lon="-80.16669000"><ele>7.439</ele><time>2026-07-18T14:19:53Z</time><speed>0.000</speed><sat>15</sat></trkpt>
  <trkpt lat="26.40988000" lon="-80.16669000"><ele>7.439</ele><time>2026-07-18T14:19:54Z</time><speed>0.000</speed><sat>15</sat></trkpt>
  <trkpt lat="26.40988000" lon="-80.16669000"><ele>7.439</ele><time>2026-07-18T14:19:55Z</time><speed>0.000</speed><sat>15</sat></trkpt>
  <trkpt lat="26.40988000" lon="-80.16669000"><ele>7.439</ele><time>2026-07-18T14:19:56Z</time><speed>0.000</speed><sat>16</sat></trkpt>
  <trkpt lat="26.40988000" lon="-80.16669000"><ele>7.439</ele><time>2026-07-18T14:19:57Z</time><speed>0.000</speed><sat>16</sat></trkpt>
  <trkpt lat="26.40988000" lon="-80.16669000"><ele>7.439</ele><time>2026-07-18T14:19:58Z</time><speed>0.000</speed><sat>16</sat></trkpt>
  <trkpt lat="26.40988000" lon="-80.16669000"><ele>7.439</ele><time>2026-07-18T14:19:59Z</time><speed>0.000</speed><sat>16</sat></trkpt>
  <trkpt lat="26.40988000" lon="-80.16669000"><ele>7.439</ele><time>2026-07-18T14:20:00Z</time><speed>0.000</speed><sat>16</sat></trkpt>
  <trkpt lat="26.40988000" lon="-80.16669000"><ele>7.439</ele><time>2026-07-18T14:20:01Z</time><speed>0.000</speed><sat>16</sat></trkpt>
  <trkpt lat="26.40988000" lon="-80.16669000"><ele>7.439</ele><time>2026-07-18T14:20:02Z</time><speed>0.000</speed><sat>16</sat></trkpt>
  <trkpt lat="26.40988000" lon="-80.16669000"><ele>7.439</ele><time>2026-07-18T14:20:03Z</time><speed>0.000</speed><sat>16</sat></trkpt>
  <trkpt lat="26.40988000" lon="-80.16669000"><ele>7.439</ele><time>2026-07-18T14:20:04Z</time><speed>0.000</speed><sat>16</sat></trkpt>
  <trkpt lat="26.40988000" lon="-80.16669000"><ele>7.439</ele><time>2026-07-18T14:20:05Z</time><speed>0.000</speed><sat>16</sat></trkpt>
  <trkpt lat="26.40988000" lon="-80.16669000"><ele>7.439</ele><time>2026-07-18T14:20:06Z</time><speed>0.000</speed><sat>16</sat></trkpt>
  <trkpt lat="26.40988000" lon="-80.16669000"><ele>7.439</ele><time>2026-07-18T14:20:07Z</time><speed>0.000</speed><sat>16</sat></trkpt>
  <trkpt lat="26.40988000" lon="-80.16669000"><ele>7.439</ele><time>2026-07-18T14:20:08Z</time><speed>0.000</speed><sat>16</sat></trkpt>
  <trkpt lat="26.40988000" lon="-80.16669000"><ele>7.439</ele><time>2026-07-18T14:20:09Z</time><speed>0.000</speed><sat>16</sat></trkpt>
  <trkpt lat="26.40988000" lon="-80.16669000"><ele>7.439</ele><time>2026-07-18T14:20:10Z</time><speed>0.000</speed><sat>16</sat></trkpt>
  <trkpt lat="26.40988000" lon="-80.16669000"><ele>7.439</ele><time>2026-07-18T14:20:11Z</time><speed>0.000</speed><sat>16</sat></trkpt>
  <trkpt lat="26.40988000" lon="-80.16669000"><ele>7.439</ele><time>2026-07-18T14:20:12Z</time><speed>0.000</speed><sat>16</sat></trkpt>
  <trkpt lat="26.40988000" lon="-80.16669000"><ele>7.439</ele><time>2026-07-18T14:20:13Z</time><speed>0.000</speed><sat>16</sat></trkpt>
  <trkpt lat="26.40988000" lon="-80.16669000"><ele>7.439</ele><time>2026-07-18T14:20:14Z</time><speed>0.000</speed><sat>16</sat></trkpt>
  <trkpt lat="26.40988000" lon="-80.16669000"><ele>7.439</ele><time>2026-07-18T14:20:15Z</time><speed>0.000</speed><sat>16</sat></trkpt>
  <trkpt lat="26.40988000" lon="-80.16669000"><ele>7.439</ele><time>2026-07-18T14:20:16Z</time><speed>0.000</speed><sat>16</sat></trkpt>
  <trkpt lat="26.40988000" lon="-80.16669000"><ele>7.439</ele><time>2026-07-18T14:20:17Z</time><speed>0.000</speed><sat>16</sat></trkpt>
  <trkpt lat="26.40988000" lon="-80.16669000"><ele>7.439</ele><time>2026-07-18T14:20:18Z</time><speed>0.000</speed><sat>16</sat></trkpt>
  <trkpt lat="26.40988000" lon="-80.16669000"><ele>7.439</ele><time>2026-07-18T14:20:19Z</time><speed>0.000</speed><sat>16</sat></trkpt>
  <trkpt lat="26.40988000" lon="-80.16669000"><ele>7.439</ele><time>2026-07-18T14:20:20Z</time><speed>0.000</speed><sat>16</sat></trkpt>
  <trkpt lat="26.40988000" lon="-80.16669000"><ele>7.439</ele><time>2026-07-18T14:20:21Z</time><speed>0.000</speed><sat>16</sat></trkpt>
  <trkpt lat="26.40988000" lon="-80.16669000"><ele>7.439</ele><time>2026-07-18T14:20:22Z</time><speed>0.000</speed><sat>16</sat></trkpt>
  <trkpt lat="26.40988000" lon="-80.16669000"><ele>7.439</ele><time>2026-07-18T14:20:23Z</time><speed>0.000</speed><sat>16</sat></trkpt>
  <trkpt lat="26.40988000" lon="-80.16669000"><ele>7.439</ele><time>2026-07-18T14:20:24Z</time><speed>0.000</speed><sat>16</sat></trkpt>
  <trkpt lat="26.40988000" lon="-80.16669000"><ele>7.439</ele><time>2026-07-18T14:20:25Z</time><speed>0.000</speed><sat>16</sat></trkpt>
  <trkpt lat="26.40986667" lon="-80.16670167"><ele>9.439</ele><time>2026-07-18T14:20:26Z</time><speed>0.244</speed><sat>15</sat></trkpt>
  <trkpt lat="26.40986000" lon="-80.16670000"><ele>9.539</ele><time>2026-07-18T14:20:27Z</time><speed>0.000</speed><sat>15</sat></trkpt>
  <trkpt lat="26.40985833" lon="-80.16669667"><ele>9.739</ele><time>2026-07-18T14:20:28Z</time><speed>0.000</speed><sat>15</sat></trkpt>
  <trkpt lat="26.40985833" lon="-80.16669833"><ele>10.039</ele><time>2026-07-18T14:20:29Z</time><speed>0.000</speed><sat>15</sat></trkpt>
  <trkpt lat="26.40985833" lon="-80.16669833"><ele>10.039</ele><time>2026-07-18T14:20:30Z</time><speed>0.000</speed><sat>16</sat></trkpt>
  <trkpt lat="26.40985833" lon="-80.16669833"><ele>10.039</ele><time>2026-07-18T14:20:31Z</time><speed>0.000</speed><sat>16</sat></trkpt>
  <trkpt lat="26.40985833" lon="-80.16669833"><ele>10.039</ele><time>2026-07-18T14:20:32Z</time><speed>0.000</speed><sat>16</sat></trkpt>
  <trkpt lat="26.40985833" lon="-80.16669833"><ele>10.039</ele><time>2026-07-18T14:20:33Z</time><speed>0.000</speed><sat>16</sat></trkpt>
  <trkpt lat="26.40985833" lon="-80.16669833"><ele>10.039</ele><time>2026-07-18T14:20:34Z</time><speed>0.000</speed><sat>16</sat></trkpt>
  <trkpt lat="26.40985833" lon="-80.16669833"><ele>10.039</ele><time>2026-07-18T14:20:35Z</time><speed>0.000</speed><sat>16</sat></trkpt>
  <trkpt lat="26.40985833" lon="-80.16669833"><ele>10.039</ele><time>2026-07-18T14:20:36Z</time><speed>0.000</speed><sat>16</sat></trkpt>
  <trkpt lat="26.40985833" lon="-80.16669833"><ele>10.039</ele><time>2026-07-18T14:20:37Z</time><speed>0.000</speed><sat>16</sat></trkpt>
  <trkpt lat="26.40985833" lon="-80.16669833"><ele>10.039</ele><time>2026-07-18T14:20:38Z</time><speed>0.000</speed><sat>16</sat></trkpt>
  <trkpt lat="26.40985833" lon="-80.16669833"><ele>10.039</ele><time>2026-07-18T14:20:39Z</time><speed>0.000</speed><sat>16</sat></trkpt>
  <trkpt lat="26.40985833" lon="-80.16669833"><ele>10.039</ele><time>2026-07-18T14:20:40Z</time><speed>0.000</speed><sat>16</sat></trkpt>
  <trkpt lat="26.40985833" lon="-80.16669833"><ele>10.039</ele><time>2026-07-18T14:20:41Z</time><speed>0.000</speed><sat>16</sat></trkpt>
  <trkpt lat="26.40985833" lon="-80.16669833"><ele>10.039</ele><time>2026-07-18T14:20:42Z</time><speed>0.000</speed><sat>16</sat></trkpt>
  <trkpt lat="26.40985833" lon="-80.16669833"><ele>10.039</ele><time>2026-07-18T14:20:43Z</time><speed>0.000</speed><sat>16</sat></trkpt>
  <trkpt lat="26.40985833" lon="-80.16669833"><ele>10.039</ele><time>2026-07-18T14:20:44Z</time><speed>0.000</speed><sat>16</sat></trkpt>
  <trkpt lat="26.40985833" lon="-80.16669833"><ele>10.039</ele><time>2026-07-18T14:20:45Z</time><speed>0.000</speed><sat>16</sat></trkpt>
  <trkpt lat="26.40985833" lon="-80.16669833"><ele>10.039</ele><time>2026-07-18T14:20:46Z</time><speed>0.000</speed><sat>16</sat></trkpt>
  <trkpt lat="26.40985833" lon="-80.16669833"><ele>10.039</ele><time>2026-07-18T14:20:47Z</time><speed>0.000</speed><sat>16</sat></trkpt>
  <trkpt lat="26.40985833" lon="-80.16669833"><ele>10.039</ele><time>2026-07-18T14:20:48Z</time><speed>0.000</speed><sat>16</sat></trkpt>
  <trkpt lat="26.40985833" lon="-80.16669833"><ele>10.039</ele><time>2026-07-18T14:20:49Z</time><speed>0.000</speed><sat>16</sat></trkpt>
  <trkpt lat="26.40985833" lon="-80.16669833"><ele>10.039</ele><time>2026-07-18T14:20:50Z</time><speed>0.000</speed><sat>16</sat></trkpt>
  <trkpt lat="26.40984333" lon="-80.16669667"><ele>13.039</ele><time>2026-07-18T14:20:51Z</time><speed>0.446</speed><sat>16</sat></trkpt>
  <trkpt lat="26.40982667" lon="-80.16668167"><ele>12.139</ele><time>2026-07-18T14:20:52Z</time><speed>0.601</speed><sat>16</sat></trkpt>
  <trkpt lat="26.40980833" lon="-80.16668500"><ele>11.739</ele><time>2026-07-18T14:20:53Z</time><speed>0.770</speed><sat>16</sat></trkpt>
  <trkpt lat="26.40979167" lon="-80.16668833"><ele>11.539</ele><time>2026-07-18T14:20:54Z</time><speed>0.955</speed><sat>16</sat></trkpt>
  <trkpt lat="26.40977667" lon="-80.16669833"><ele>11.339</ele><time>2026-07-18T14:20:55Z</time><speed>1.124</speed><sat>16</sat></trkpt>
  <trkpt lat="26.40976667" lon="-80.16671333"><ele>11.139</ele><time>2026-07-18T14:20:56Z</time><speed>1.246</speed><sat>16</sat></trkpt>
  <trkpt lat="26.40975500" lon="-80.16673167"><ele>11.139</ele><time>2026-07-18T14:20:57Z</time><speed>1.441</speed><sat>16</sat></trkpt>
  <trkpt lat="26.40973667" lon="-80.16675000"><ele>11.639</ele><time>2026-07-18T14:20:58Z</time><speed>1.642</speed><sat>16</sat></trkpt>
  <trkpt lat="26.40971500" lon="-80.16676667"><ele>11.839</ele><time>2026-07-18T14:20:59Z</time><speed>1.846</speed><sat>16</sat></trkpt>
  <trkpt lat="26.40969833" lon="-80.16678000"><ele>12.439</ele><time>2026-07-18T14:21:00Z</time><speed>1.977</speed><sat>16</sat></trkpt>
  <trkpt lat="26.40968000" lon="-80.16679833"><ele>12.939</ele><time>2026-07-18T14:21:01Z</time><speed>2.057</speed><sat>16</sat></trkpt>
  <trkpt lat="26.40966000" lon="-80.16681833"><ele>12.939</ele><time>2026-07-18T14:21:02Z</time><speed>2.131</speed><sat>16</sat></trkpt>
  <trkpt lat="26.40964167" lon="-80.16683833"><ele>12.839</ele><time>2026-07-18T14:21:03Z</time><speed>2.153</speed><sat>16</sat></trkpt>
  <trkpt lat="26.40963333" lon="-80.16685333"><ele>12.739</ele><time>2026-07-18T14:21:04Z</time><speed>2.112</speed><sat>16</sat></trkpt>
  <trkpt lat="26.40962833" lon="-80.16686833"><ele>12.939</ele><time>2026-07-18T14:21:05Z</time><speed>2.039</speed><sat>16</sat></trkpt>
  <trkpt lat="26.40962667" lon="-80.16686667"><ele>13.339</ele><time>2026-07-18T14:21:06Z</time><speed>1.924</speed><sat>16</sat></trkpt>
  <trkpt lat="26.40963000" lon="-80.16686167"><ele>13.239</ele><time>2026-07-18T14:21:07Z</time><speed>1.744</speed><sat>16</sat></trkpt>
  <trkpt lat="26.40963000" lon="-80.16685000"><ele>13.339</ele><time>2026-07-18T14:21:08Z</time><speed>1.589</speed><sat>16</sat></trkpt>
  <trkpt lat="26.40963167" lon="-80.16683833"><ele>13.239</ele><time>2026-07-18T14:21:09Z</time><speed>1.478</speed><sat>16</sat></trkpt>
  <trkpt lat="26.40963167" lon="-80.16681167"><ele>13.139</ele><time>2026-07-18T14:21:10Z</time><speed>1.513</speed><sat>16</sat></trkpt>
  <trkpt lat="26.40963500" lon="-80.16677667"><ele>13.039</ele><time>2026-07-18T14:21:11Z</time><speed>1.631</speed><sat>16</sat></trkpt>
  <trkpt lat="26.40963833" lon="-80.16673500"><ele>12.939</ele><time>2026-07-18T14:21:12Z</time><speed>1.724</speed><sat>16</sat></trkpt>
  <trkpt lat="26.40964667" lon="-80.16670000"><ele>12.739</ele><time>2026-07-18T14:21:13Z</time><speed>1.848</speed><sat>16</sat></trkpt>
  <trkpt lat="26.40965167" lon="-80.16666667"><ele>12.639</ele><time>2026-07-18T14:21:14Z</time><speed>2.024</speed><sat>16</sat></trkpt>
  <trkpt lat="26.40965333" lon="-80.16663667"><ele>12.540</ele><time>2026-07-18T14:21:15Z</time><speed>2.240</speed><sat>16</sat></trkpt>
  <trkpt lat="26.40965500" lon="-80.16660500"><ele>12.240</ele><time>2026-07-18T14:21:16Z</time><speed>2.518</speed><sat>16</sat></trkpt>
  <trkpt lat="26.40965667" lon="-80.16658000"><ele>11.340</ele><time>2026-07-18T14:21:17Z</time><speed>2.716</speed><sat>16</sat></trkpt>
  <trkpt lat="26.40965667" lon="-80.16655667"><ele>10.840</ele><time>2026-07-18T14:21:18Z</time><speed>2.864</speed><sat>16</sat></trkpt>
  <trkpt lat="26.40966000" lon="-80.16653333"><ele>10.540</ele><time>2026-07-18T14:21:19Z</time><speed>3.011</speed><sat>16</sat></trkpt>
  <trkpt lat="26.40965833" lon="-80.16650333"><ele>10.240</ele><time>2026-07-18T14:21:20Z</time><speed>3.021</speed><sat>16</sat></trkpt>
  <trkpt lat="26.40965500" lon="-80.16647333"><ele>9.640</ele><time>2026-07-18T14:21:21Z</time><speed>2.938</speed><sat>16</sat></trkpt>
  <trkpt lat="26.40964833" lon="-80.16644333"><ele>9.040</ele><time>2026-07-18T14:21:22Z</time><speed>2.883</speed><sat>16</sat></trkpt>
  <trkpt lat="26.40964000" lon="-80.16641500"><ele>8.140</ele><time>2026-07-18T14:21:23Z</time><speed>2.830</speed><sat>16</sat></trkpt>
  <trkpt lat="26.40963333" lon="-80.16638500"><ele>7.641</ele><time>2026-07-18T14:21:24Z</time><speed>2.814</speed><sat>16</sat></trkpt>
  <trkpt lat="26.40963000" lon="-80.16635000"><ele>7.041</ele><time>2026-07-18T14:21:25Z</time><speed>2.842</speed><sat>16</sat></trkpt>
  <trkpt lat="26.40962667" lon="-80.16631667"><ele>6.241</ele><time>2026-07-18T14:21:26Z</time><speed>2.873</speed><sat>16</sat></trkpt>
  <trkpt lat="26.40962500" lon="-80.16628333"><ele>5.141</ele><time>2026-07-18T14:21:27Z</time><speed>2.970</speed><sat>16</sat></trkpt>
  <trkpt lat="26.40962500" lon="-80.16624833"><ele>4.641</ele><time>2026-07-18T14:21:28Z</time><speed>3.096</speed><sat>16</sat></trkpt>
  <trkpt lat="26.40962500" lon="-80.16621000"><ele>4.341</ele><time>2026-07-18T14:21:29Z</time><speed>3.189</speed><sat>16</sat></trkpt>
  <trkpt lat="26.40962167" lon="-80.16617000"><ele>4.341</ele><time>2026-07-18T14:21:30Z</time><speed>3.314</speed><sat>16</sat></trkpt>
  <trkpt lat="26.40961833" lon="-80.16612833"><ele>4.242</ele><time>2026-07-18T14:21:31Z</time><speed>3.446</speed><sat>16</sat></trkpt>
  <trkpt lat="26.40962000" lon="-80.16609333"><ele>4.142</ele><time>2026-07-18T14:21:32Z</time><speed>3.481</speed><sat>16</sat></trkpt>
  <trkpt lat="26.40961833" lon="-80.16606167"><ele>4.142</ele><time>2026-07-18T14:21:33Z</time><speed>3.539</speed><sat>16</sat></trkpt>
  <trkpt lat="26.40961833" lon="-80.16602833"><ele>4.042</ele><time>2026-07-18T14:21:34Z</time><speed>3.590</speed><sat>15</sat></trkpt>
  <trkpt lat="26.40962000" lon="-80.16599333"><ele>4.242</ele><time>2026-07-18T14:21:35Z</time><speed>3.623</speed><sat>15</sat></trkpt>
  <trkpt lat="26.40962000" lon="-80.16595500"><ele>4.042</ele><time>2026-07-18T14:21:36Z</time><speed>3.626</speed><sat>15</sat></trkpt>
  <trkpt lat="26.40962667" lon="-80.16592167"><ele>4.042</ele><time>2026-07-18T14:21:37Z</time><speed>3.605</speed><sat>15</sat></trkpt>
  <trkpt lat="26.40962667" lon="-80.16589000"><ele>4.343</ele><time>2026-07-18T14:21:38Z</time><speed>3.569</speed><sat>15</sat></trkpt>
  <trkpt lat="26.40962667" lon="-80.16585667"><ele>4.543</ele><time>2026-07-18T14:21:39Z</time><speed>3.542</speed><sat>15</sat></trkpt>
  <trkpt lat="26.40962833" lon="-80.16582000"><ele>4.543</ele><time>2026-07-18T14:21:40Z</time><speed>3.484</speed><sat>15</sat></trkpt>
  <trkpt lat="26.40963333" lon="-80.16578000"><ele>4.943</ele><time>2026-07-18T14:21:41Z</time><speed>3.474</speed><sat>15</sat></trkpt>
  <trkpt lat="26.40964333" lon="-80.16574333"><ele>4.943</ele><time>2026-07-18T14:21:42Z</time><speed>3.526</speed><sat>15</sat></trkpt>
  <trkpt lat="26.40964833" lon="-80.16571000"><ele>4.843</ele><time>2026-07-18T14:21:43Z</time><speed>3.522</speed><sat>15</sat></trkpt>
  <trkpt lat="26.40965000" lon="-80.16567500"><ele>4.943</ele><time>2026-07-18T14:21:44Z</time><speed>3.471</speed><sat>15</sat></trkpt>
  <trkpt lat="26.40965500" lon="-80.16563833"><ele>4.844</ele><time>2026-07-18T14:21:45Z</time><speed>3.403</speed><sat>15</sat></trkpt>
  <trkpt lat="26.40965333" lon="-80.16560500"><ele>4.644</ele><time>2026-07-18T14:21:46Z</time><speed>3.373</speed><sat>15</sat></trkpt>
  <trkpt lat="26.40965000" lon="-80.16557167"><ele>4.644</ele><time>2026-07-18T14:21:47Z</time><speed>3.355</speed><sat>15</sat></trkpt>
  <trkpt lat="26.40964500" lon="-80.16554167"><ele>4.744</ele><time>2026-07-18T14:21:48Z</time><speed>3.325</speed><sat>15</sat></trkpt>
  <trkpt lat="26.40964000" lon="-80.16551167"><ele>4.944</ele><time>2026-07-18T14:21:49Z</time><speed>3.278</speed><sat>16</sat></trkpt>
  <trkpt lat="26.40964500" lon="-80.16548333"><ele>4.944</ele><time>2026-07-18T14:21:50Z</time><speed>3.212</speed><sat>16</sat></trkpt>
  <trkpt lat="26.40964333" lon="-80.16545333"><ele>6.244</ele><time>2026-07-18T14:21:51Z</time><speed>3.124</speed><sat>16</sat></trkpt>
  <trkpt lat="26.40964333" lon="-80.16542667"><ele>6.445</ele><time>2026-07-18T14:21:52Z</time><speed>3.034</speed><sat>16</sat></trkpt>
  <trkpt lat="26.40964333" lon="-80.16539500"><ele>6.645</ele><time>2026-07-18T14:21:53Z</time><speed>3.012</speed><sat>16</sat></trkpt>
  <trkpt lat="26.40964000" lon="-80.16535833"><ele>7.045</ele><time>2026-07-18T14:21:54Z</time><speed>3.018</speed><sat>16</sat></trkpt>
  <trkpt lat="26.40963500" lon="-80.16532500"><ele>7.045</ele><time>2026-07-18T14:21:55Z</time><speed>3.034</speed><sat>16</sat></trkpt>
  <trkpt lat="26.40963000" lon="-80.16529167"><ele>7.045</ele><time>2026-07-18T14:21:56Z</time><speed>3.058</speed><sat>16</sat></trkpt>
  <trkpt lat="26.40962500" lon="-80.16525667"><ele>6.945</ele><time>2026-07-18T14:21:57Z</time><speed>3.124</speed><sat>15</sat></trkpt>
  <trkpt lat="26.40962167" lon="-80.16522167"><ele>6.745</ele><time>2026-07-18T14:21:58Z</time><speed>3.172</speed><sat>16</sat></trkpt>
  <trkpt lat="26.40961833" lon="-80.16518833"><ele>6.845</ele><time>2026-07-18T14:21:59Z</time><speed>3.231</speed><sat>16</sat></trkpt>
  <trkpt lat="26.40961833" lon="-80.16515333"><ele>6.646</ele><time>2026-07-18T14:22:00Z</time><speed>3.309</speed><sat>16</sat></trkpt>
  <trkpt lat="26.40962500" lon="-80.16511833"><ele>6.746</ele><time>2026-07-18T14:22:01Z</time><speed>3.338</speed><sat>17</sat></trkpt>
  <trkpt lat="26.40962500" lon="-80.16508167"><ele>6.546</ele><time>2026-07-18T14:22:02Z</time><speed>3.417</speed><sat>17</sat></trkpt>
  <trkpt lat="26.40962333" lon="-80.16504333"><ele>6.446</ele><time>2026-07-18T14:22:03Z</time><speed>3.465</speed><sat>17</sat></trkpt>
  <trkpt lat="26.40962167" lon="-80.16500500"><ele>6.346</ele><time>2026-07-18T14:22:04Z</time><speed>3.515</speed><sat>17</sat></trkpt>
  <trkpt lat="26.40962333" lon="-80.16496500"><ele>6.146</ele><time>2026-07-18T14:22:05Z</time><speed>3.546</speed><sat>17</sat></trkpt>
  <trkpt lat="26.40962667" lon="-80.16492667"><ele>6.047</ele><time>2026-07-18T14:22:06Z</time><speed>3.563</speed><sat>17</sat></trkpt>
  <trkpt lat="26.40963167" lon="-80.16488833"><ele>5.747</ele><time>2026-07-18T14:22:07Z</time><speed>3.560</speed><sat>17</sat></trkpt>
  <trkpt lat="26.40963667" lon="-80.16484667"><ele>5.547</ele><time>2026-07-18T14:22:08Z</time><speed>3.613</speed><sat>17</sat></trkpt>
  <trkpt lat="26.40964000" lon="-80.16480833"><ele>5.147</ele><time>2026-07-18T14:22:09Z</time><speed>3.641</speed><sat>17</sat></trkpt>
  <trkpt lat="26.40964000" lon="-80.16476667"><ele>5.047</ele><time>2026-07-18T14:22:10Z</time><speed>3.674</speed><sat>17</sat></trkpt>
  <trkpt lat="26.40964000" lon="-80.16472833"><ele>5.347</ele><time>2026-07-18T14:22:11Z</time><speed>3.727</speed><sat>17</sat></trkpt>
  <trkpt lat="26.40964000" lon="-80.16469000"><ele>5.348</ele><time>2026-07-18T14:22:12Z</time><speed>3.738</speed><sat>17</sat></trkpt>
  <trkpt lat="26.40963667" lon="-80.16465333"><ele>5.648</ele><time>2026-07-18T14:22:13Z</time><speed>3.745</speed><sat>17</sat></trkpt>
  <trkpt lat="26.40963333" lon="-80.16461667"><ele>5.848</ele><time>2026-07-18T14:22:14Z</time><speed>3.725</speed><sat>17</sat></trkpt>
  <trkpt lat="26.40963000" lon="-80.16458000"><ele>6.148</ele><time>2026-07-18T14:22:15Z</time><speed>3.709</speed><sat>17</sat></trkpt>
  <trkpt lat="26.40962500" lon="-80.16454333"><ele>6.548</ele><time>2026-07-18T14:22:16Z</time><speed>3.712</speed><sat>17</sat></trkpt>
  <trkpt lat="26.40962333" lon="-80.16450833"><ele>7.148</ele><time>2026-07-18T14:22:17Z</time><speed>3.697</speed><sat>17</sat></trkpt>
  <trkpt lat="26.40962167" lon="-80.16447167"><ele>7.248</ele><time>2026-07-18T14:22:18Z</time><speed>3.683</speed><sat>17</sat></trkpt>
  <trkpt lat="26.40962167" lon="-80.16443000"><ele>7.349</ele><time>2026-07-18T14:22:19Z</time><speed>3.690</speed><sat>17</sat></trkpt>
  <trkpt lat="26.40962000" lon="-80.16439000"><ele>7.349</ele><time>2026-07-18T14:22:20Z</time><speed>3.682</speed><sat>17</sat></trkpt>
  <trkpt lat="26.40961667" lon="-80.16435333"><ele>7.249</ele><time>2026-07-18T14:22:21Z</time><speed>3.689</speed><sat>17</sat></trkpt>
  <trkpt lat="26.40961667" lon="-80.16431333"><ele>6.949</ele><time>2026-07-18T14:22:22Z</time><speed>3.686</speed><sat>17</sat></trkpt>
  <trkpt lat="26.40961500" lon="-80.16427167"><ele>7.049</ele><time>2026-07-18T14:22:23Z</time><speed>3.688</speed><sat>17</sat></trkpt>
  <trkpt lat="26.40961833" lon="-80.16423500"><ele>7.049</ele><time>2026-07-18T14:22:24Z</time><speed>3.703</speed><sat>17</sat></trkpt>
  <trkpt lat="26.40962500" lon="-80.16420000"><ele>7.050</ele><time>2026-07-18T14:22:25Z</time><speed>3.752</speed><sat>17</sat></trkpt>
  <trkpt lat="26.40962500" lon="-80.16416667"><ele>6.650</ele><time>2026-07-18T14:22:26Z</time><speed>3.789</speed><sat>17</sat></trkpt>
  <trkpt lat="26.40962333" lon="-80.16413167"><ele>7.050</ele><time>2026-07-18T14:22:27Z</time><speed>3.818</speed><sat>17</sat></trkpt>
  <trkpt lat="26.40962167" lon="-80.16409167"><ele>7.750</ele><time>2026-07-18T14:22:28Z</time><speed>3.817</speed><sat>17</sat></trkpt>
  <trkpt lat="26.40961500" lon="-80.16405333"><ele>7.750</ele><time>2026-07-18T14:22:29Z</time><speed>3.795</speed><sat>17</sat></trkpt>
  <trkpt lat="26.40961000" lon="-80.16401833"><ele>7.550</ele><time>2026-07-18T14:22:30Z</time><speed>3.754</speed><sat>17</sat></trkpt>
  <trkpt lat="26.40960000" lon="-80.16398833"><ele>7.150</ele><time>2026-07-18T14:22:31Z</time><speed>3.697</speed><sat>17</sat></trkpt>
  <trkpt lat="26.40958833" lon="-80.16395500"><ele>7.151</ele><time>2026-07-18T14:22:32Z</time><speed>3.645</speed><sat>17</sat></trkpt>
  <trkpt lat="26.40957833" lon="-80.16392333"><ele>6.451</ele><time>2026-07-18T14:22:33Z</time><speed>3.620</speed><sat>17</sat></trkpt>
  <trkpt lat="26.40957333" lon="-80.16388500"><ele>6.551</ele><time>2026-07-18T14:22:34Z</time><speed>3.593</speed><sat>17</sat></trkpt>
  <trkpt lat="26.40956833" lon="-80.16384833"><ele>6.451</ele><time>2026-07-18T14:22:35Z</time><speed>3.527</speed><sat>17</sat></trkpt>
  <trkpt lat="26.40956833" lon="-80.16381000"><ele>7.151</ele><time>2026-07-18T14:22:36Z</time><speed>3.491</speed><sat>17</sat></trkpt>
  <trkpt lat="26.40956167" lon="-80.16377667"><ele>7.051</ele><time>2026-07-18T14:22:37Z</time><speed>3.460</speed><sat>17</sat></trkpt>
  <trkpt lat="26.40955667" lon="-80.16374500"><ele>7.051</ele><time>2026-07-18T14:22:38Z</time><speed>3.414</speed><sat>17</sat></trkpt>
  <trkpt lat="26.40955500" lon="-80.16371333"><ele>6.952</ele><time>2026-07-18T14:22:39Z</time><speed>3.364</speed><sat>17</sat></trkpt>
  <trkpt lat="26.40955667" lon="-80.16367833"><ele>7.052</ele><time>2026-07-18T14:22:40Z</time><speed>3.342</speed><sat>17</sat></trkpt>
  <trkpt lat="26.40955500" lon="-80.16364500"><ele>7.352</ele><time>2026-07-18T14:22:41Z</time><speed>3.324</speed><sat>17</sat></trkpt>
  <trkpt lat="26.40955000" lon="-80.16361333"><ele>7.452</ele><time>2026-07-18T14:22:42Z</time><speed>3.339</speed><sat>17</sat></trkpt>
  <trkpt lat="26.40954000" lon="-80.16358167"><ele>7.352</ele><time>2026-07-18T14:22:43Z</time><speed>3.335</speed><sat>17</sat></trkpt>
  <trkpt lat="26.40953000" lon="-80.16356000"><ele>6.652</ele><time>2026-07-18T14:22:44Z</time><speed>3.201</speed><sat>17</sat></trkpt>
  <trkpt lat="26.40952500" lon="-80.16354333"><ele>6.552</ele><time>2026-07-18T14:22:45Z</time><speed>3.033</speed><sat>17</sat></trkpt>
  <trkpt lat="26.40952167" lon="-80.16352667"><ele>7.452</ele><time>2026-07-18T14:22:46Z</time><speed>2.840</speed><sat>17</sat></trkpt>
  <trkpt lat="26.40951500" lon="-80.16351000"><ele>7.752</ele><time>2026-07-18T14:22:47Z</time><speed>2.694</speed><sat>17</sat></trkpt>
  <trkpt lat="26.40951000" lon="-80.16349333"><ele>8.352</ele><time>2026-07-18T14:22:48Z</time><speed>2.601</speed><sat>17</sat></trkpt>
  <trkpt lat="26.40950167" lon="-80.16347167"><ele>8.352</ele><time>2026-07-18T14:22:49Z</time><speed>2.550</speed><sat>17</sat></trkpt>
  <trkpt lat="26.40949167" lon="-80.16344667"><ele>8.353</ele><time>2026-07-18T14:22:50Z</time><speed>2.505</speed><sat>17</sat></trkpt>
  <trkpt lat="26.40948500" lon="-80.16341667"><ele>8.153</ele><time>2026-07-18T14:22:51Z</time><speed>2.474</speed><sat>17</sat></trkpt>
  <trkpt lat="26.40948000" lon="-80.16338000"><ele>8.153</ele><time>2026-07-18T14:22:52Z</time><speed>2.428</speed><sat>17</sat></trkpt>
  <trkpt lat="26.40947500" lon="-80.16334667"><ele>8.253</ele><time>2026-07-18T14:22:53Z</time><speed>2.348</speed><sat>17</sat></trkpt>
  <trkpt lat="26.40947333" lon="-80.16331167"><ele>9.053</ele><time>2026-07-18T14:22:54Z</time><speed>2.452</speed><sat>17</sat></trkpt>
  <trkpt lat="26.40947500" lon="-80.16328000"><ele>9.753</ele><time>2026-07-18T14:22:55Z</time><speed>2.606</speed><sat>17</sat></trkpt>
  <trkpt lat="26.40947333" lon="-80.16324833"><ele>9.853</ele><time>2026-07-18T14:22:56Z</time><speed>2.770</speed><sat>17</sat></trkpt>
  <trkpt lat="26.40947000" lon="-80.16321833"><ele>9.454</ele><time>2026-07-18T14:22:57Z</time><speed>2.889</speed><sat>17</sat></trkpt>
  <trkpt lat="26.40946000" lon="-80.16319167"><ele>9.354</ele><time>2026-07-18T14:22:58Z</time><speed>2.990</speed><sat>17</sat></trkpt>
  <trkpt lat="26.40945667" lon="-80.16316000"><ele>8.754</ele><time>2026-07-18T14:22:59Z</time><speed>3.063</speed><sat>17</sat></trkpt>
  <trkpt lat="26.40945833" lon="-80.16312667"><ele>8.654</ele><time>2026-07-18T14:23:00Z</time><speed>3.131</speed><sat>17</sat></trkpt>
  <trkpt lat="26.40946000" lon="-80.16309333"><ele>8.154</ele><time>2026-07-18T14:23:01Z</time><speed>3.203</speed><sat>17</sat></trkpt>
  <trkpt lat="26.40946000" lon="-80.16306000"><ele>7.654</ele><time>2026-07-18T14:23:02Z</time><speed>3.265</speed><sat>16</sat></trkpt>
  <trkpt lat="26.40946167" lon="-80.16302667"><ele>7.354</ele><time>2026-07-18T14:23:03Z</time><speed>3.352</speed><sat>16</sat></trkpt>
  <trkpt lat="26.40946667" lon="-80.16299500"><ele>6.854</ele><time>2026-07-18T14:23:04Z</time><speed>3.374</speed><sat>16</sat></trkpt>
  <trkpt lat="26.40946833" lon="-80.16296167"><ele>6.455</ele><time>2026-07-18T14:23:05Z</time><speed>3.389</speed><sat>16</sat></trkpt>
  <trkpt lat="26.40946333" lon="-80.16293167"><ele>6.055</ele><time>2026-07-18T14:23:06Z</time><speed>3.407</speed><sat>16</sat></trkpt>
  <trkpt lat="26.40946167" lon="-80.16289667"><ele>5.855</ele><time>2026-07-18T14:23:07Z</time><speed>3.421</speed><sat>15</sat></trkpt>
  <trkpt lat="26.40946500" lon="-80.16286167"><ele>5.655</ele><time>2026-07-18T14:23:08Z</time><speed>3.423</speed><sat>15</sat></trkpt>
  <trkpt lat="26.40946333" lon="-80.16282667"><ele>5.655</ele><time>2026-07-18T14:23:09Z</time><speed>3.421</speed><sat>16</sat></trkpt>
  <trkpt lat="26.40946167" lon="-80.16279000"><ele>5.655</ele><time>2026-07-18T14:23:10Z</time><speed>3.414</speed><sat>16</sat></trkpt>
  <trkpt lat="26.40946000" lon="-80.16275500"><ele>5.455</ele><time>2026-07-18T14:23:11Z</time><speed>3.415</speed><sat>16</sat></trkpt>
  <trkpt lat="26.40946000" lon="-80.16272167"><ele>5.256</ele><time>2026-07-18T14:23:12Z</time><speed>3.422</speed><sat>16</sat></trkpt>
  <trkpt lat="26.40945667" lon="-80.16269000"><ele>4.956</ele><time>2026-07-18T14:23:13Z</time><speed>3.415</speed><sat>16</sat></trkpt>
  <trkpt lat="26.40945667" lon="-80.16265500"><ele>4.756</ele><time>2026-07-18T14:23:14Z</time><speed>3.428</speed><sat>16</sat></trkpt>
  <trkpt lat="26.40946000" lon="-80.16261667"><ele>5.056</ele><time>2026-07-18T14:23:15Z</time><speed>3.442</speed><sat>16</sat></trkpt>
  <trkpt lat="26.40946167" lon="-80.16257833"><ele>5.256</ele><time>2026-07-18T14:23:16Z</time><speed>3.462</speed><sat>16</sat></trkpt>
  <trkpt lat="26.40946167" lon="-80.16254167"><ele>5.356</ele><time>2026-07-18T14:23:17Z</time><speed>3.476</speed><sat>16</sat></trkpt>
  <trkpt lat="26.40946333" lon="-80.16250500"><ele>5.356</ele><time>2026-07-18T14:23:18Z</time><speed>3.515</speed><sat>16</sat></trkpt>
  <trkpt lat="26.40946333" lon="-80.16246667"><ele>5.557</ele><time>2026-07-18T14:23:19Z</time><speed>3.548</speed><sat>16</sat></trkpt>
  <trkpt lat="26.40946333" lon="-80.16243333"><ele>6.057</ele><time>2026-07-18T14:23:20Z</time><speed>3.497</speed><sat>16</sat></trkpt>
  <trkpt lat="26.40946167" lon="-80.16240333"><ele>6.557</ele><time>2026-07-18T14:23:21Z</time><speed>3.431</speed><sat>16</sat></trkpt>
  <trkpt lat="26.40945833" lon="-80.16237167"><ele>6.857</ele><time>2026-07-18T14:23:22Z</time><speed>3.380</speed><sat>15</sat></trkpt>
  <trkpt lat="26.40946000" lon="-80.16233333"><ele>7.257</ele><time>2026-07-18T14:23:23Z</time><speed>3.395</speed><sat>15</sat></trkpt>
  <trkpt lat="26.40946833" lon="-80.16229333"><ele>7.557</ele><time>2026-07-18T14:23:24Z</time><speed>3.387</speed><sat>16</sat></trkpt>
  <trkpt lat="26.40947667" lon="-80.16226333"><ele>7.657</ele><time>2026-07-18T14:23:25Z</time><speed>3.345</speed><sat>16</sat></trkpt>
  <trkpt lat="26.40949833" lon="-80.16223833"><ele>7.858</ele><time>2026-07-18T14:23:26Z</time><speed>3.297</speed><sat>16</sat></trkpt>
  <trkpt lat="26.40952333" lon="-80.16221833"><ele>7.858</ele><time>2026-07-18T14:23:27Z</time><speed>3.298</speed><sat>16</sat></trkpt>
  <trkpt lat="26.40954167" lon="-80.16219333"><ele>8.158</ele><time>2026-07-18T14:23:28Z</time><speed>3.256</speed><sat>16</sat></trkpt>
  <trkpt lat="26.40955667" lon="-80.16216667"><ele>8.558</ele><time>2026-07-18T14:23:29Z</time><speed>3.213</speed><sat>16</sat></trkpt>
  <trkpt lat="26.40956833" lon="-80.16214333"><ele>8.958</ele><time>2026-07-18T14:23:30Z</time><speed>3.181</speed><sat>16</sat></trkpt>
  <trkpt lat="26.40957833" lon="-80.16212167"><ele>9.458</ele><time>2026-07-18T14:23:31Z</time><speed>3.143</speed><sat>15</sat></trkpt>
  <trkpt lat="26.40957833" lon="-80.16209333"><ele>8.858</ele><time>2026-07-18T14:23:32Z</time><speed>3.122</speed><sat>15</sat></trkpt>
  <trkpt lat="26.40957667" lon="-80.16204500"><ele>7.358</ele><time>2026-07-18T14:23:33Z</time><speed>3.081</speed><sat>15</sat></trkpt>
  <trkpt lat="26.40957667" lon="-80.16201167"><ele>7.759</ele><time>2026-07-18T14:23:34Z</time><speed>3.055</speed><sat>15</sat></trkpt>
  <trkpt lat="26.40957667" lon="-80.16198000"><ele>7.959</ele><time>2026-07-18T14:23:35Z</time><speed>3.056</speed><sat>16</sat></trkpt>
  <trkpt lat="26.40957500" lon="-80.16195000"><ele>8.159</ele><time>2026-07-18T14:23:36Z</time><speed>3.037</speed><sat>16</sat></trkpt>
  <trkpt lat="26.40957500" lon="-80.16191667"><ele>8.659</ele><time>2026-07-18T14:23:37Z</time><speed>3.020</speed><sat>16</sat></trkpt>
  <trkpt lat="26.40958167" lon="-80.16188000"><ele>8.459</ele><time>2026-07-18T14:23:38Z</time><speed>3.035</speed><sat>16</sat></trkpt>
  <trkpt lat="26.40959000" lon="-80.16184333"><ele>8.759</ele><time>2026-07-18T14:23:39Z</time><speed>3.074</speed><sat>16</sat></trkpt>
  <trkpt lat="26.40960167" lon="-80.16180667"><ele>8.759</ele><time>2026-07-18T14:23:40Z</time><speed>3.215</speed><sat>16</sat></trkpt>
  <trkpt lat="26.40962333" lon="-80.16177333"><ele>8.760</ele><time>2026-07-18T14:23:41Z</time><speed>3.399</speed><sat>16</sat></trkpt>
  <trkpt lat="26.40964500" lon="-80.16174167"><ele>8.560</ele><time>2026-07-18T14:23:42Z</time><speed>3.533</speed><sat>16</sat></trkpt>
  <trkpt lat="26.40966667" lon="-80.16171333"><ele>8.560</ele><time>2026-07-18T14:23:43Z</time><speed>3.524</speed><sat>16</sat></trkpt>
  <trkpt lat="26.40968500" lon="-80.16169333"><ele>7.760</ele><time>2026-07-18T14:23:44Z</time><speed>3.464</speed><sat>16</sat></trkpt>
  <trkpt lat="26.40970500" lon="-80.16167833"><ele>7.460</ele><time>2026-07-18T14:23:45Z</time><speed>3.371</speed><sat>16</sat></trkpt>
  <trkpt lat="26.40972500" lon="-80.16166167"><ele>7.260</ele><time>2026-07-18T14:23:46Z</time><speed>3.308</speed><sat>16</sat></trkpt>
  <trkpt lat="26.40975667" lon="-80.16164833"><ele>7.560</ele><time>2026-07-18T14:23:47Z</time><speed>3.243</speed><sat>16</sat></trkpt>
  <trkpt lat="26.40978667" lon="-80.16164167"><ele>7.460</ele><time>2026-07-18T14:23:48Z</time><speed>3.153</speed><sat>16</sat></trkpt>
  <trkpt lat="26.40982167" lon="-80.16164000"><ele>7.460</ele><time>2026-07-18T14:23:49Z</time><speed>3.141</speed><sat>16</sat></trkpt>
  <trkpt lat="26.40985667" lon="-80.16164000"><ele>7.760</ele><time>2026-07-18T14:23:50Z</time><speed>3.090</speed><sat>16</sat></trkpt>
  <trkpt lat="26.40988833" lon="-80.16164333"><ele>8.160</ele><time>2026-07-18T14:23:51Z</time><speed>3.014</speed><sat>16</sat></trkpt>
  <trkpt lat="26.40992167" lon="-80.16164667"><ele>7.860</ele><time>2026-07-18T14:23:52Z</time><speed>2.979</speed><sat>16</sat></trkpt>
  <trkpt lat="26.40995500" lon="-80.16164500"><ele>7.060</ele><time>2026-07-18T14:23:53Z</time><speed>3.036</speed><sat>16</sat></trkpt>
  <trkpt lat="26.40999000" lon="-80.16164333"><ele>6.560</ele><time>2026-07-18T14:23:54Z</time><speed>3.183</speed><sat>16</sat></trkpt>
  <trkpt lat="26.41003333" lon="-80.16163667"><ele>6.260</ele><time>2026-07-18T14:23:55Z</time><speed>3.364</speed><sat>16</sat></trkpt>
  <trkpt lat="26.41006333" lon="-80.16163500"><ele>5.460</ele><time>2026-07-18T14:23:56Z</time><speed>3.526</speed><sat>16</sat></trkpt>
  <trkpt lat="26.41010000" lon="-80.16163333"><ele>4.860</ele><time>2026-07-18T14:23:57Z</time><speed>3.620</speed><sat>16</sat></trkpt>
  <trkpt lat="26.41013167" lon="-80.16163333"><ele>5.060</ele><time>2026-07-18T14:23:58Z</time><speed>3.672</speed><sat>16</sat></trkpt>
  <trkpt lat="26.41016167" lon="-80.16163333"><ele>5.160</ele><time>2026-07-18T14:23:59Z</time><speed>3.674</speed><sat>16</sat></trkpt>
  <trkpt lat="26.41019500" lon="-80.16163333"><ele>4.960</ele><time>2026-07-18T14:24:00Z</time><speed>3.697</speed><sat>16</sat></trkpt>
  <trkpt lat="26.41022667" lon="-80.16163167"><ele>5.260</ele><time>2026-07-18T14:24:01Z</time><speed>3.707</speed><sat>16</sat></trkpt>
  <trkpt lat="26.41026000" lon="-80.16163000"><ele>5.161</ele><time>2026-07-18T14:24:02Z</time><speed>3.705</speed><sat>16</sat></trkpt>
  <trkpt lat="26.41029667" lon="-80.16163000"><ele>5.161</ele><time>2026-07-18T14:24:03Z</time><speed>3.750</speed><sat>16</sat></trkpt>
  <trkpt lat="26.41033500" lon="-80.16163333"><ele>4.961</ele><time>2026-07-18T14:24:04Z</time><speed>3.755</speed><sat>16</sat></trkpt>
  <trkpt lat="26.41036833" lon="-80.16163667"><ele>4.861</ele><time>2026-07-18T14:24:05Z</time><speed>3.676</speed><sat>16</sat></trkpt>
  <trkpt lat="26.41039333" lon="-80.16164000"><ele>4.861</ele><time>2026-07-18T14:24:06Z</time><speed>3.547</speed><sat>16</sat></trkpt>
  <trkpt lat="26.41042000" lon="-80.16164167"><ele>4.561</ele><time>2026-07-18T14:24:07Z</time><speed>3.467</speed><sat>16</sat></trkpt>
  <trkpt lat="26.41045000" lon="-80.16164500"><ele>3.961</ele><time>2026-07-18T14:24:08Z</time><speed>3.450</speed><sat>16</sat></trkpt>
  <trkpt lat="26.41048167" lon="-80.16164333"><ele>4.061</ele><time>2026-07-18T14:24:09Z</time><speed>3.424</speed><sat>16</sat></trkpt>
  <trkpt lat="26.41051333" lon="-80.16164667"><ele>3.761</ele><time>2026-07-18T14:24:10Z</time><speed>3.359</speed><sat>16</sat></trkpt>
  <trkpt lat="26.41053667" lon="-80.16164667"><ele>3.561</ele><time>2026-07-18T14:24:11Z</time><speed>3.268</speed><sat>16</sat></trkpt>
  <trkpt lat="26.41056167" lon="-80.16164667"><ele>3.561</ele><time>2026-07-18T14:24:12Z</time><speed>3.142</speed><sat>16</sat></trkpt>
  <trkpt lat="26.41058833" lon="-80.16164167"><ele>2.961</ele><time>2026-07-18T14:24:13Z</time><speed>2.976</speed><sat>16</sat></trkpt>
  <trkpt lat="26.41061667" lon="-80.16163667"><ele>2.361</ele><time>2026-07-18T14:24:14Z</time><speed>2.789</speed><sat>16</sat></trkpt>
  <trkpt lat="26.41063500" lon="-80.16163500"><ele>3.061</ele><time>2026-07-18T14:24:15Z</time><speed>2.708</speed><sat>16</sat></trkpt>
  <trkpt lat="26.41065500" lon="-80.16163833"><ele>4.061</ele><time>2026-07-18T14:24:16Z</time><speed>2.711</speed><sat>16</sat></trkpt>
  <trkpt lat="26.41067500" lon="-80.16164500"><ele>4.461</ele><time>2026-07-18T14:24:17Z</time><speed>2.699</speed><sat>16</sat></trkpt>
  <trkpt lat="26.41069500" lon="-80.16165333"><ele>5.261</ele><time>2026-07-18T14:24:18Z</time><speed>2.684</speed><sat>16</sat></trkpt>
  <trkpt lat="26.41072167" lon="-80.16166500"><ele>5.461</ele><time>2026-07-18T14:24:19Z</time><speed>2.635</speed><sat>16</sat></trkpt>
  <trkpt lat="26.41074667" lon="-80.16167333"><ele>5.561</ele><time>2026-07-18T14:24:20Z</time><speed>2.610</speed><sat>16</sat></trkpt>
  <trkpt lat="26.41076833" lon="-80.16168333"><ele>6.261</ele><time>2026-07-18T14:24:21Z</time><speed>2.588</speed><sat>16</sat></trkpt>
  <trkpt lat="26.41078833" lon="-80.16169000"><ele>7.161</ele><time>2026-07-18T14:24:22Z</time><speed>2.590</speed><sat>16</sat></trkpt>
  <trkpt lat="26.41081500" lon="-80.16169500"><ele>7.561</ele><time>2026-07-18T14:24:23Z</time><speed>2.520</speed><sat>16</sat></trkpt>
  <trkpt lat="26.41082833" lon="-80.16169333"><ele>8.061</ele><time>2026-07-18T14:24:24Z</time><speed>2.426</speed><sat>16</sat></trkpt>
  <trkpt lat="26.41083667" lon="-80.16169667"><ele>8.161</ele><time>2026-07-18T14:24:25Z</time><speed>2.284</speed><sat>16</sat></trkpt>
  <trkpt lat="26.41084500" lon="-80.16169667"><ele>8.061</ele><time>2026-07-18T14:24:26Z</time><speed>2.098</speed><sat>16</sat></trkpt>
  <trkpt lat="26.41085333" lon="-80.16169833"><ele>7.961</ele><time>2026-07-18T14:24:27Z</time><speed>1.877</speed><sat>16</sat></trkpt>
  <trkpt lat="26.41086000" lon="-80.16169833"><ele>7.861</ele><time>2026-07-18T14:24:28Z</time><speed>1.636</speed><sat>16</sat></trkpt>
  <trkpt lat="26.41086500" lon="-80.16169833"><ele>7.661</ele><time>2026-07-18T14:24:29Z</time><speed>1.401</speed><sat>16</sat></trkpt>
  <trkpt lat="26.41087167" lon="-80.16169833"><ele>7.561</ele><time>2026-07-18T14:24:30Z</time><speed>1.175</speed><sat>16</sat></trkpt>
  <trkpt lat="26.41087833" lon="-80.16169833"><ele>7.361</ele><time>2026-07-18T14:24:31Z</time><speed>0.973</speed><sat>16</sat></trkpt>
  <trkpt lat="26.41088500" lon="-80.16169833"><ele>7.261</ele><time>2026-07-18T14:24:32Z</time><speed>0.776</speed><sat>16</sat></trkpt>
  <trkpt lat="26.41089000" lon="-80.16169833"><ele>7.061</ele><time>2026-07-18T14:24:33Z</time><speed>0.676</speed><sat>16</sat></trkpt>
  <trkpt lat="26.41089667" lon="-80.16170000"><ele>6.761</ele><time>2026-07-18T14:24:34Z</time><speed>0.625</speed><sat>16</sat></trkpt>
  <trkpt lat="26.41090500" lon="-80.16170000"><ele>6.361</ele><time>2026-07-18T14:24:35Z</time><speed>0.611</speed><sat>16</sat></trkpt>
  <trkpt lat="26.41091333" lon="-80.16170000"><ele>5.861</ele><time>2026-07-18T14:24:36Z</time><speed>0.605</speed><sat>16</sat></trkpt>
  <trkpt lat="26.41092000" lon="-80.16170333"><ele>5.561</ele><time>2026-07-18T14:24:37Z</time><speed>0.637</speed><sat>16</sat></trkpt>
  <trkpt lat="26.41093000" lon="-80.16170333"><ele>5.361</ele><time>2026-07-18T14:24:38Z</time><speed>0.690</speed><sat>16</sat></trkpt>
  <trkpt lat="26.41094000" lon="-80.16170500"><ele>5.261</ele><time>2026-07-18T14:24:39Z</time><speed>0.743</speed><sat>16</sat></trkpt>
  <trkpt lat="26.41094833" lon="-80.16170500"><ele>5.161</ele><time>2026-07-18T14:24:40Z</time><speed>0.779</speed><sat>16</sat></trkpt>
  <trkpt lat="26.41095833" lon="-80.16170500"><ele>5.161</ele><time>2026-07-18T14:24:41Z</time><speed>0.807</speed><sat>16</sat></trkpt>
  <trkpt lat="26.41096667" lon="-80.16170500"><ele>5.461</ele><time>2026-07-18T14:24:42Z</time><speed>0.830</speed><sat>16</sat></trkpt>
  <trkpt lat="26.41097667" lon="-80.16170500"><ele>5.961</ele><time>2026-07-18T14:24:43Z</time><speed>0.843</speed><sat>16</sat></trkpt>
  <trkpt lat="26.41098333" lon="-80.16170500"><ele>6.361</ele><time>2026-07-18T14:24:44Z</time><speed>0.841</speed><sat>16</sat></trkpt>
  <trkpt lat="26.41099000" lon="-80.16170333"><ele>6.561</ele><time>2026-07-18T14:24:45Z</time><speed>0.842</speed><sat>16</sat></trkpt>
  <trkpt lat="26.41099667" lon="-80.16170167"><ele>6.161</ele><time>2026-07-18T14:24:46Z</time><speed>0.849</speed><sat>16</sat></trkpt>
  <trkpt lat="26.41100167" lon="-80.16170000"><ele>6.061</ele><time>2026-07-18T14:24:47Z</time><speed>0.844</speed><sat>16</sat></trkpt>
  <trkpt lat="26.41100667" lon="-80.16170000"><ele>5.961</ele><time>2026-07-18T14:24:48Z</time><speed>0.831</speed><sat>16</sat></trkpt>
  <trkpt lat="26.41101333" lon="-80.16170000"><ele>5.661</ele><time>2026-07-18T14:24:49Z</time><speed>0.811</speed><sat>16</sat></trkpt>
  <trkpt lat="26.41101833" lon="-80.16170000"><ele>5.561</ele><time>2026-07-18T14:24:50Z</time><speed>0.805</speed><sat>16</sat></trkpt>
  <trkpt lat="26.41102500" lon="-80.16170000"><ele>5.361</ele><time>2026-07-18T14:24:51Z</time><speed>0.798</speed><sat>16</sat></trkpt>
  <trkpt lat="26.41103167" lon="-80.16169833"><ele>5.261</ele><time>2026-07-18T14:24:52Z</time><speed>0.793</speed><sat>16</sat></trkpt>
  <trkpt lat="26.41104000" lon="-80.16170000"><ele>4.961</ele><time>2026-07-18T14:24:53Z</time><speed>0.794</speed><sat>16</sat></trkpt>
  <trkpt lat="26.41104833" lon="-80.16170000"><ele>4.661</ele><time>2026-07-18T14:24:54Z</time><speed>0.808</speed><sat>16</sat></trkpt>
  <trkpt lat="26.41105833" lon="-80.16169833"><ele>4.461</ele><time>2026-07-18T14:24:55Z</time><speed>0.819</speed><sat>16</sat></trkpt>
  <trkpt lat="26.41106833" lon="-80.16169667"><ele>4.561</ele><time>2026-07-18T14:24:56Z</time><speed>0.850</speed><sat>16</sat></trkpt>
  <trkpt lat="26.41108000" lon="-80.16169500"><ele>4.761</ele><time>2026-07-18T14:24:57Z</time><speed>0.883</speed><sat>16</sat></trkpt>
  <trkpt lat="26.41109167" lon="-80.16169500"><ele>5.161</ele><time>2026-07-18T14:24:58Z</time><speed>0.918</speed><sat>16</sat></trkpt>
  <trkpt lat="26.41110167" lon="-80.16169500"><ele>5.461</ele><time>2026-07-18T14:24:59Z</time><speed>0.949</speed><sat>16</sat></trkpt>
  <trkpt lat="26.41111500" lon="-80.16169667"><ele>5.761</ele><time>2026-07-18T14:25:00Z</time><speed>0.990</speed><sat>16</sat></trkpt>
  <trkpt lat="26.41112500" lon="-80.16169667"><ele>5.961</ele><time>2026-07-18T14:25:01Z</time><speed>1.028</speed><sat>16</sat></trkpt>
  <trkpt lat="26.41113167" lon="-80.16169833"><ele>6.161</ele><time>2026-07-18T14:25:02Z</time><speed>1.069</speed><sat>16</sat></trkpt>
  <trkpt lat="26.41114333" lon="-80.16169833"><ele>6.161</ele><time>2026-07-18T14:25:03Z</time><speed>1.138</speed><sat>16</sat></trkpt>
  <trkpt lat="26.41115667" lon="-80.16169833"><ele>5.961</ele><time>2026-07-18T14:25:04Z</time><speed>1.208</speed><sat>16</sat></trkpt>
  <trkpt lat="26.41116833" lon="-80.16170500"><ele>6.061</ele><time>2026-07-18T14:25:05Z</time><speed>1.252</speed><sat>16</sat></trkpt>
  <trkpt lat="26.41117833" lon="-80.16170833"><ele>6.061</ele><time>2026-07-18T14:25:06Z</time><speed>1.274</speed><sat>16</sat></trkpt>
  <trkpt lat="26.41118667" lon="-80.16171333"><ele>5.961</ele><time>2026-07-18T14:25:07Z</time><speed>1.284</speed><sat>16</sat></trkpt>
  <trkpt lat="26.41119833" lon="-80.16171667"><ele>5.961</ele><time>2026-07-18T14:25:08Z</time><speed>1.303</speed><sat>16</sat></trkpt>
  <trkpt lat="26.41121000" lon="-80.16172167"><ele>5.761</ele><time>2026-07-18T14:25:09Z</time><speed>1.327</speed><sat>16</sat></trkpt>
  <trkpt lat="26.41122000" lon="-80.16172667"><ele>5.761</ele><time>2026-07-18T14:25:10Z</time><speed>1.318</speed><sat>16</sat></trkpt>
  <trkpt lat="26.41123167" lon="-80.16173167"><ele>5.461</ele><time>2026-07-18T14:25:11Z</time><speed>1.334</speed><sat>16</sat></trkpt>
  <trkpt lat="26.41124000" lon="-80.16174000"><ele>5.061</ele><time>2026-07-18T14:25:12Z</time><speed>1.333</speed><sat>16</sat></trkpt>
  <trkpt lat="26.41124833" lon="-80.16174333"><ele>5.261</ele><time>2026-07-18T14:25:13Z</time><speed>1.281</speed><sat>16</sat></trkpt>
  <trkpt lat="26.41125500" lon="-80.16174500"><ele>5.461</ele><time>2026-07-18T14:25:14Z</time><speed>1.191</speed><sat>16</sat></trkpt>
  <trkpt lat="26.41126167" lon="-80.16174500"><ele>5.561</ele><time>2026-07-18T14:25:15Z</time><speed>1.149</speed><sat>16</sat></trkpt>
  <trkpt lat="26.41127000" lon="-80.16175000"><ele>5.661</ele><time>2026-07-18T14:25:16Z</time><speed>1.109</speed><sat>16</sat></trkpt>
  <trkpt lat="26.41127500" lon="-80.16175500"><ele>6.161</ele><time>2026-07-18T14:25:17Z</time><speed>1.059</speed><sat>16</sat></trkpt>
  <trkpt lat="26.41128167" lon="-80.16175833"><ele>6.461</ele><time>2026-07-18T14:25:18Z</time><speed>1.009</speed><sat>16</sat></trkpt>
  <trkpt lat="26.41128667" lon="-80.16176000"><ele>6.661</ele><time>2026-07-18T14:25:19Z</time><speed>0.956</speed><sat>16</sat></trkpt>
  <trkpt lat="26.41129667" lon="-80.16176333"><ele>6.761</ele><time>2026-07-18T14:25:20Z</time><speed>0.938</speed><sat>16</sat></trkpt>
  <trkpt lat="26.41131000" lon="-80.16176833"><ele>6.661</ele><time>2026-07-18T14:25:21Z</time><speed>0.928</speed><sat>16</sat></trkpt>
  <trkpt lat="26.41132333" lon="-80.16177333"><ele>6.461</ele><time>2026-07-18T14:25:22Z</time><speed>0.939</speed><sat>16</sat></trkpt>
  <trkpt lat="26.41133500" lon="-80.16178000"><ele>6.060</ele><time>2026-07-18T14:25:23Z</time><speed>0.948</speed><sat>16</sat></trkpt>
  <trkpt lat="26.41135000" lon="-80.16178667"><ele>6.060</ele><time>2026-07-18T14:25:24Z</time><speed>1.015</speed><sat>16</sat></trkpt>
  <trkpt lat="26.41136167" lon="-80.16179333"><ele>5.760</ele><time>2026-07-18T14:25:25Z</time><speed>1.038</speed><sat>16</sat></trkpt>
  <trkpt lat="26.41137500" lon="-80.16179833"><ele>5.860</ele><time>2026-07-18T14:25:26Z</time><speed>1.071</speed><sat>16</sat></trkpt>
  <trkpt lat="26.41138667" lon="-80.16180167"><ele>5.960</ele><time>2026-07-18T14:25:27Z</time><speed>1.129</speed><sat>16</sat></trkpt>
  <trkpt lat="26.41139667" lon="-80.16180500"><ele>5.860</ele><time>2026-07-18T14:25:28Z</time><speed>1.191</speed><sat>16</sat></trkpt>
  <trkpt lat="26.41140667" lon="-80.16180833"><ele>5.760</ele><time>2026-07-18T14:25:29Z</time><speed>1.260</speed><sat>16</sat></trkpt>
  <trkpt lat="26.41141667" lon="-80.16181000"><ele>5.860</ele><time>2026-07-18T14:25:30Z</time><speed>1.285</speed><sat>16</sat></trkpt>
  <trkpt lat="26.41142833" lon="-80.16180833"><ele>5.860</ele><time>2026-07-18T14:25:31Z</time><speed>1.302</speed><sat>16</sat></trkpt>
  <trkpt lat="26.41144167" lon="-80.16181167"><ele>6.060</ele><time>2026-07-18T14:25:32Z</time><speed>1.315</speed><sat>16</sat></trkpt>
  <trkpt lat="26.41145500" lon="-80.16181500"><ele>5.960</ele><time>2026-07-18T14:25:33Z</time><speed>1.342</speed><sat>16</sat></trkpt>
  <trkpt lat="26.41146833" lon="-80.16182000"><ele>6.160</ele><time>2026-07-18T14:25:34Z</time><speed>1.354</speed><sat>16</sat></trkpt>
  <trkpt lat="26.41148167" lon="-80.16182833"><ele>6.460</ele><time>2026-07-18T14:25:35Z</time><speed>1.389</speed><sat>16</sat></trkpt>
  <trkpt lat="26.41149500" lon="-80.16183333"><ele>6.660</ele><time>2026-07-18T14:25:36Z</time><speed>1.405</speed><sat>16</sat></trkpt>
  <trkpt lat="26.41150833" lon="-80.16183500"><ele>6.960</ele><time>2026-07-18T14:25:37Z</time><speed>1.388</speed><sat>16</sat></trkpt>
  <trkpt lat="26.41151833" lon="-80.16184000"><ele>7.360</ele><time>2026-07-18T14:25:38Z</time><speed>1.366</speed><sat>15</sat></trkpt>
  <trkpt lat="26.41152833" lon="-80.16184333"><ele>7.360</ele><time>2026-07-18T14:25:39Z</time><speed>1.359</speed><sat>15</sat></trkpt>
  <trkpt lat="26.41153833" lon="-80.16184500"><ele>7.460</ele><time>2026-07-18T14:25:40Z</time><speed>1.393</speed><sat>15</sat></trkpt>
  <trkpt lat="26.41155167" lon="-80.16184833"><ele>7.160</ele><time>2026-07-18T14:25:41Z</time><speed>1.403</speed><sat>15</sat></trkpt>
  <trkpt lat="26.41156333" lon="-80.16185333"><ele>6.860</ele><time>2026-07-18T14:25:42Z</time><speed>1.403</speed><sat>15</sat></trkpt>
  <trkpt lat="26.41157667" lon="-80.16185500"><ele>6.960</ele><time>2026-07-18T14:25:43Z</time><speed>1.405</speed><sat>15</sat></trkpt>
  <trkpt lat="26.41159000" lon="-80.16186000"><ele>6.860</ele><time>2026-07-18T14:25:44Z</time><speed>1.415</speed><sat>15</sat></trkpt>
  <trkpt lat="26.41160167" lon="-80.16186333"><ele>6.960</ele><time>2026-07-18T14:25:45Z</time><speed>1.407</speed><sat>15</sat></trkpt>
  <trkpt lat="26.41161167" lon="-80.16186667"><ele>6.960</ele><time>2026-07-18T14:25:46Z</time><speed>1.407</speed><sat>15</sat></trkpt>
  <trkpt lat="26.41162667" lon="-80.16187167"><ele>6.760</ele><time>2026-07-18T14:25:47Z</time><speed>1.448</speed><sat>15</sat></trkpt>
  <trkpt lat="26.41163833" lon="-80.16187500"><ele>6.660</ele><time>2026-07-18T14:25:48Z</time><speed>1.488</speed><sat>15</sat></trkpt>
  <trkpt lat="26.41165333" lon="-80.16188000"><ele>6.560</ele><time>2026-07-18T14:25:49Z</time><speed>1.485</speed><sat>15</sat></trkpt>
  <trkpt lat="26.41166333" lon="-80.16188167"><ele>6.160</ele><time>2026-07-18T14:25:50Z</time><speed>1.469</speed><sat>16</sat></trkpt>
  <trkpt lat="26.41167333" lon="-80.16188500"><ele>5.760</ele><time>2026-07-18T14:25:51Z</time><speed>1.465</speed><sat>16</sat></trkpt>
  <trkpt lat="26.41168500" lon="-80.16188667"><ele>5.460</ele><time>2026-07-18T14:25:52Z</time><speed>1.470</speed><sat>16</sat></trkpt>
  <trkpt lat="26.41170000" lon="-80.16188833"><ele>5.160</ele><time>2026-07-18T14:25:53Z</time><speed>1.475</speed><sat>16</sat></trkpt>
  <trkpt lat="26.41171333" lon="-80.16189167"><ele>5.260</ele><time>2026-07-18T14:25:54Z</time><speed>1.462</speed><sat>16</sat></trkpt>
  <trkpt lat="26.41173000" lon="-80.16189167"><ele>4.860</ele><time>2026-07-18T14:25:55Z</time><speed>1.467</speed><sat>16</sat></trkpt>
  <trkpt lat="26.41174667" lon="-80.16189167"><ele>4.660</ele><time>2026-07-18T14:25:56Z</time><speed>1.494</speed><sat>16</sat></trkpt>
  <trkpt lat="26.41176333" lon="-80.16189167"><ele>4.660</ele><time>2026-07-18T14:25:57Z</time><speed>1.482</speed><sat>16</sat></trkpt>
  <trkpt lat="26.41177833" lon="-80.16189333"><ele>4.460</ele><time>2026-07-18T14:25:58Z</time><speed>1.468</speed><sat>16</sat></trkpt>
  <trkpt lat="26.41179167" lon="-80.16189667"><ele>4.360</ele><time>2026-07-18T14:25:59Z</time><speed>1.493</speed><sat>16</sat></trkpt>
  <trkpt lat="26.41180500" lon="-80.16189833"><ele>4.460</ele><time>2026-07-18T14:26:00Z</time><speed>1.510</speed><sat>16</sat></trkpt>
  <trkpt lat="26.41181833" lon="-80.16190333"><ele>4.560</ele><time>2026-07-18T14:26:01Z</time><speed>1.529</speed><sat>16</sat></trkpt>
  <trkpt lat="26.41183167" lon="-80.16191167"><ele>5.360</ele><time>2026-07-18T14:26:02Z</time><speed>1.518</speed><sat>16</sat></trkpt>
  <trkpt lat="26.41184667" lon="-80.16191833"><ele>6.060</ele><time>2026-07-18T14:26:03Z</time><speed>1.533</speed><sat>16</sat></trkpt>
  <trkpt lat="26.41185833" lon="-80.16192833"><ele>6.760</ele><time>2026-07-18T14:26:04Z</time><speed>1.533</speed><sat>16</sat></trkpt>
  <trkpt lat="26.41186667" lon="-80.16193833"><ele>7.160</ele><time>2026-07-18T14:26:05Z</time><speed>1.488</speed><sat>16</sat></trkpt>
  <trkpt lat="26.41187500" lon="-80.16194500"><ele>7.460</ele><time>2026-07-18T14:26:06Z</time><speed>1.433</speed><sat>17</sat></trkpt>
  <trkpt lat="26.41188167" lon="-80.16195667"><ele>7.460</ele><time>2026-07-18T14:26:07Z</time><speed>1.437</speed><sat>17</sat></trkpt>
  <trkpt lat="26.41188500" lon="-80.16196833"><ele>7.360</ele><time>2026-07-18T14:26:08Z</time><speed>1.421</speed><sat>17</sat></trkpt>
  <trkpt lat="26.41188833" lon="-80.16198167"><ele>7.360</ele><time>2026-07-18T14:26:09Z</time><speed>1.396</speed><sat>17</sat></trkpt>
  <trkpt lat="26.41188500" lon="-80.16199833"><ele>7.660</ele><time>2026-07-18T14:26:10Z</time><speed>1.397</speed><sat>17</sat></trkpt>
  <trkpt lat="26.41188000" lon="-80.16201333"><ele>7.760</ele><time>2026-07-18T14:26:11Z</time><speed>1.391</speed><sat>17</sat></trkpt>
  <trkpt lat="26.41187500" lon="-80.16203000"><ele>7.660</ele><time>2026-07-18T14:26:12Z</time><speed>1.411</speed><sat>17</sat></trkpt>
  <trkpt lat="26.41187333" lon="-80.16204833"><ele>7.960</ele><time>2026-07-18T14:26:13Z</time><speed>1.408</speed><sat>17</sat></trkpt>
  <trkpt lat="26.41187167" lon="-80.16206333"><ele>8.160</ele><time>2026-07-18T14:26:14Z</time><speed>1.391</speed><sat>17</sat></trkpt>
  <trkpt lat="26.41187167" lon="-80.16207667"><ele>8.260</ele><time>2026-07-18T14:26:15Z</time><speed>1.437</speed><sat>17</sat></trkpt>
  <trkpt lat="26.41187167" lon="-80.16209000"><ele>8.260</ele><time>2026-07-18T14:26:16Z</time><speed>1.488</speed><sat>17</sat></trkpt>
  <trkpt lat="26.41186500" lon="-80.16210167"><ele>8.159</ele><time>2026-07-18T14:26:17Z</time><speed>1.501</speed><sat>17</sat></trkpt>
  <trkpt lat="26.41186167" lon="-80.16211500"><ele>7.959</ele><time>2026-07-18T14:26:18Z</time><speed>1.531</speed><sat>17</sat></trkpt>
  <trkpt lat="26.41185667" lon="-80.16212500"><ele>7.859</ele><time>2026-07-18T14:26:19Z</time><speed>1.553</speed><sat>17</sat></trkpt>
  <trkpt lat="26.41185000" lon="-80.16213833"><ele>7.759</ele><time>2026-07-18T14:26:20Z</time><speed>1.540</speed><sat>17</sat></trkpt>
  <trkpt lat="26.41184667" lon="-80.16215333"><ele>7.959</ele><time>2026-07-18T14:26:21Z</time><speed>1.525</speed><sat>17</sat></trkpt>
  <trkpt lat="26.41184667" lon="-80.16216500"><ele>7.659</ele><time>2026-07-18T14:26:22Z</time><speed>1.499</speed><sat>17</sat></trkpt>
  <trkpt lat="26.41184333" lon="-80.16218000"><ele>7.459</ele><time>2026-07-18T14:26:23Z</time><speed>1.477</speed><sat>17</sat></trkpt>
  <trkpt lat="26.41184333" lon="-80.16219333"><ele>7.159</ele><time>2026-07-18T14:26:24Z</time><speed>1.478</speed><sat>17</sat></trkpt>
  <trkpt lat="26.41184333" lon="-80.16220833"><ele>7.159</ele><time>2026-07-18T14:26:25Z</time><speed>1.450</speed><sat>17</sat></trkpt>
  <trkpt lat="26.41184167" lon="-80.16222000"><ele>7.159</ele><time>2026-07-18T14:26:26Z</time><speed>1.407</speed><sat>17</sat></trkpt>
  <trkpt lat="26.41183667" lon="-80.16223167"><ele>7.059</ele><time>2026-07-18T14:26:27Z</time><speed>1.365</speed><sat>17</sat></trkpt>
  <trkpt lat="26.41183500" lon="-80.16224500"><ele>6.959</ele><time>2026-07-18T14:26:28Z</time><speed>1.324</speed><sat>17</sat></trkpt>
  <trkpt lat="26.41183333" lon="-80.16225667"><ele>6.759</ele><time>2026-07-18T14:26:29Z</time><speed>1.289</speed><sat>17</sat></trkpt>
  <trkpt lat="26.41183500" lon="-80.16227000"><ele>6.459</ele><time>2026-07-18T14:26:30Z</time><speed>1.279</speed><sat>17</sat></trkpt>
  <trkpt lat="26.41183500" lon="-80.16228333"><ele>6.359</ele><time>2026-07-18T14:26:31Z</time><speed>1.265</speed><sat>17</sat></trkpt>
  <trkpt lat="26.41183500" lon="-80.16229333"><ele>6.059</ele><time>2026-07-18T14:26:32Z</time><speed>1.239</speed><sat>17</sat></trkpt>
  <trkpt lat="26.41183667" lon="-80.16230500"><ele>6.459</ele><time>2026-07-18T14:26:33Z</time><speed>1.195</speed><sat>17</sat></trkpt>
  <trkpt lat="26.41184167" lon="-80.16231500"><ele>6.859</ele><time>2026-07-18T14:26:34Z</time><speed>1.138</speed><sat>17</sat></trkpt>
  <trkpt lat="26.41184500" lon="-80.16232000"><ele>6.859</ele><time>2026-07-18T14:26:35Z</time><speed>1.064</speed><sat>17</sat></trkpt>
  <trkpt lat="26.41184500" lon="-80.16232333"><ele>6.759</ele><time>2026-07-18T14:26:36Z</time><speed>0.978</speed><sat>17</sat></trkpt>
  <trkpt lat="26.41184333" lon="-80.16232500"><ele>6.459</ele><time>2026-07-18T14:26:37Z</time><speed>0.873</speed><sat>17</sat></trkpt>
  <trkpt lat="26.41184167" lon="-80.16232500"><ele>6.159</ele><time>2026-07-18T14:26:38Z</time><speed>0.766</speed><sat>16</sat></trkpt>
  <trkpt lat="26.41184000" lon="-80.16232500"><ele>5.959</ele><time>2026-07-18T14:26:39Z</time><speed>0.658</speed><sat>16</sat></trkpt>
  <trkpt lat="26.41184000" lon="-80.16232667"><ele>5.759</ele><time>2026-07-18T14:26:40Z</time><speed>0.546</speed><sat>16</sat></trkpt>
  <trkpt lat="26.41184000" lon="-80.16232833"><ele>5.659</ele><time>2026-07-18T14:26:41Z</time><speed>0.440</speed><sat>17</sat></trkpt>
  <trkpt lat="26.41184000" lon="-80.16233167"><ele>5.459</ele><time>2026-07-18T14:26:42Z</time><speed>0.000</speed><sat>17</sat></trkpt>
  <trkpt lat="26.41184000" lon="-80.16233333"><ele>5.258</ele><time>2026-07-18T14:26:43Z</time><speed>0.000</speed><sat>17</sat></trkpt>
  <trkpt lat="26.41184167" lon="-80.16233833"><ele>5.458</ele><time>2026-07-18T14:26:44Z</time><speed>0.000</speed><sat>17</sat></trkpt>
  <trkpt lat="26.41184167" lon="-80.16233833"><ele>5.458</ele><time>2026-07-18T14:26:45Z</time><speed>0.000</speed><sat>17</sat></trkpt>
  <trkpt lat="26.41184167" lon="-80.16233833"><ele>5.458</ele><time>2026-07-18T14:26:46Z</time><speed>0.000</speed><sat>17</sat></trkpt>
  <trkpt lat="26.41184167" lon="-80.16233833"><ele>5.458</ele><time>2026-07-18T14:26:47Z</time><speed>0.000</speed><sat>17</sat></trkpt>
  <trkpt lat="26.41184167" lon="-80.16233833"><ele>5.458</ele><time>2026-07-18T14:26:48Z</time><speed>0.000</speed><sat>17</sat></trkpt>
  <trkpt lat="26.41184167" lon="-80.16233833"><ele>5.458</ele><time>2026-07-18T14:26:49Z</time><speed>0.000</speed><sat>17</sat></trkpt>
  <trkpt lat="26.41184167" lon="-80.16233833"><ele>5.458</ele><time>2026-07-18T14:26:50Z</time><speed>0.000</speed><sat>17</sat></trkpt>
  <trkpt lat="26.41184167" lon="-80.16233833"><ele>5.458</ele><time>2026-07-18T14:26:51Z</time><speed>0.000</speed><sat>17</sat></trkpt>
  <trkpt lat="26.41184167" lon="-80.16233833"><ele>5.458</ele><time>2026-07-18T14:26:52Z</time><speed>0.000</speed><sat>17</sat></trkpt>
  <trkpt lat="26.41184167" lon="-80.16233833"><ele>5.458</ele><time>2026-07-18T14:26:53Z</time><speed>0.000</speed><sat>16</sat></trkpt>
  <trkpt lat="26.41184167" lon="-80.16233833"><ele>5.458</ele><time>2026-07-18T14:26:54Z</time><speed>0.000</speed><sat>17</sat></trkpt>
  <trkpt lat="26.41184167" lon="-80.16233833"><ele>5.458</ele><time>2026-07-18T14:26:55Z</time><speed>0.000</speed><sat>17</sat></trkpt>
  <trkpt lat="26.41184167" lon="-80.16233833"><ele>5.458</ele><time>2026-07-18T14:26:56Z</time><speed>0.000</speed><sat>17</sat></trkpt>
  <trkpt lat="26.41184167" lon="-80.16233833"><ele>5.458</ele><time>2026-07-18T14:26:57Z</time><speed>0.000</speed><sat>17</sat></trkpt>
  <trkpt lat="26.41184167" lon="-80.16233833"><ele>5.458</ele><time>2026-07-18T14:26:58Z</time><speed>0.000</speed><sat>17</sat></trkpt>
  <trkpt lat="26.41184500" lon="-80.16237667"><ele>4.658</ele><time>2026-07-18T14:26:59Z</time><speed>0.279</speed><sat>17</sat></trkpt>
  <trkpt lat="26.41184500" lon="-80.16239000"><ele>4.558</ele><time>2026-07-18T14:27:00Z</time><speed>0.422</speed><sat>17</sat></trkpt>
  <trkpt lat="26.41184833" lon="-80.16241167"><ele>4.558</ele><time>2026-07-18T14:27:01Z</time><speed>0.597</speed><sat>17</sat></trkpt>
  <trkpt lat="26.41185833" lon="-80.16243833"><ele>4.758</ele><time>2026-07-18T14:27:02Z</time><speed>0.829</speed><sat>17</sat></trkpt>
  <trkpt lat="26.41185500" lon="-80.16246333"><ele>5.158</ele><time>2026-07-18T14:27:03Z</time><speed>1.051</speed><sat>17</sat></trkpt>
  <trkpt lat="26.41185500" lon="-80.16249000"><ele>5.558</ele><time>2026-07-18T14:27:04Z</time><speed>1.330</speed><sat>17</sat></trkpt>
  <trkpt lat="26.41185667" lon="-80.16251667"><ele>5.558</ele><time>2026-07-18T14:27:05Z</time><speed>1.579</speed><sat>17</sat></trkpt>
  <trkpt lat="26.41185500" lon="-80.16255000"><ele>5.958</ele><time>2026-07-18T14:27:06Z</time><speed>1.835</speed><sat>17</sat></trkpt>
  <trkpt lat="26.41185667" lon="-80.16259000"><ele>6.357</ele><time>2026-07-18T14:27:07Z</time><speed>2.137</speed><sat>17</sat></trkpt>
  <trkpt lat="26.41185667" lon="-80.16263000"><ele>6.857</ele><time>2026-07-18T14:27:08Z</time><speed>2.464</speed><sat>17</sat></trkpt>
  <trkpt lat="26.41185500" lon="-80.16267167"><ele>6.657</ele><time>2026-07-18T14:27:09Z</time><speed>2.800</speed><sat>17</sat></trkpt>
  <trkpt lat="26.41185333" lon="-80.16271500"><ele>6.057</ele><time>2026-07-18T14:27:10Z</time><speed>3.073</speed><sat>17</sat></trkpt>
  <trkpt lat="26.41185667" lon="-80.16275833"><ele>5.957</ele><time>2026-07-18T14:27:11Z</time><speed>3.343</speed><sat>17</sat></trkpt>
  <trkpt lat="26.41185833" lon="-80.16280333"><ele>5.657</ele><time>2026-07-18T14:27:12Z</time><speed>3.548</speed><sat>17</sat></trkpt>
  <trkpt lat="26.41186333" lon="-80.16285000"><ele>5.556</ele><time>2026-07-18T14:27:13Z</time><speed>3.731</speed><sat>17</sat></trkpt>
  <trkpt lat="26.41186500" lon="-80.16289333"><ele>5.956</ele><time>2026-07-18T14:27:14Z</time><speed>3.836</speed><sat>17</sat></trkpt>
  <trkpt lat="26.41186833" lon="-80.16292833"><ele>5.956</ele><time>2026-07-18T14:27:15Z</time><speed>3.967</speed><sat>17</sat></trkpt>
  <trkpt lat="26.41187167" lon="-80.16297167"><ele>5.756</ele><time>2026-07-18T14:27:16Z</time><speed>4.073</speed><sat>17</sat></trkpt>
  <trkpt lat="26.41187667" lon="-80.16301333"><ele>5.456</ele><time>2026-07-18T14:27:17Z</time><speed>4.136</speed><sat>17</sat></trkpt>
  <trkpt lat="26.41188000" lon="-80.16305500"><ele>4.456</ele><time>2026-07-18T14:27:18Z</time><speed>4.155</speed><sat>17</sat></trkpt>
  <trkpt lat="26.41187833" lon="-80.16309667"><ele>4.355</ele><time>2026-07-18T14:27:19Z</time><speed>4.136</speed><sat>17</sat></trkpt>
  <trkpt lat="26.41187333" lon="-80.16313833"><ele>3.755</ele><time>2026-07-18T14:27:20Z</time><speed>4.109</speed><sat>17</sat></trkpt>
  <trkpt lat="26.41186167" lon="-80.16318000"><ele>3.655</ele><time>2026-07-18T14:27:21Z</time><speed>4.059</speed><sat>17</sat></trkpt>
  <trkpt lat="26.41184500" lon="-80.16321500"><ele>4.355</ele><time>2026-07-18T14:27:22Z</time><speed>4.066</speed><sat>17</sat></trkpt>
  <trkpt lat="26.41182333" lon="-80.16325500"><ele>4.955</ele><time>2026-07-18T14:27:23Z</time><speed>4.064</speed><sat>17</sat></trkpt>
  <trkpt lat="26.41180000" lon="-80.16329000"><ele>5.155</ele><time>2026-07-18T14:27:24Z</time><speed>4.094</speed><sat>17</sat></trkpt>
  <trkpt lat="26.41177500" lon="-80.16332333"><ele>5.254</ele><time>2026-07-18T14:27:25Z</time><speed>4.130</speed><sat>17</sat></trkpt>
  <trkpt lat="26.41175000" lon="-80.16335833"><ele>5.554</ele><time>2026-07-18T14:27:26Z</time><speed>4.181</speed><sat>17</sat></trkpt>
  <trkpt lat="26.41172667" lon="-80.16339333"><ele>5.654</ele><time>2026-07-18T14:27:27Z</time><speed>4.190</speed><sat>17</sat></trkpt>
  <trkpt lat="26.41171167" lon="-80.16343000"><ele>5.654</ele><time>2026-07-18T14:27:28Z</time><speed>4.227</speed><sat>17</sat></trkpt>
  <trkpt lat="26.41169833" lon="-80.16347000"><ele>5.454</ele><time>2026-07-18T14:27:29Z</time><speed>4.255</speed><sat>17</sat></trkpt>
  <trkpt lat="26.41169000" lon="-80.16351333"><ele>5.354</ele><time>2026-07-18T14:27:30Z</time><speed>4.314</speed><sat>17</sat></trkpt>
  <trkpt lat="26.41167833" lon="-80.16355667"><ele>5.253</ele><time>2026-07-18T14:27:31Z</time><speed>4.351</speed><sat>17</sat></trkpt>
  <trkpt lat="26.41166667" lon="-80.16360000"><ele>5.253</ele><time>2026-07-18T14:27:32Z</time><speed>4.362</speed><sat>17</sat></trkpt>
  <trkpt lat="26.41165000" lon="-80.16364167"><ele>5.453</ele><time>2026-07-18T14:27:33Z</time><speed>4.395</speed><sat>17</sat></trkpt>
  <trkpt lat="26.41163333" lon="-80.16368167"><ele>5.553</ele><time>2026-07-18T14:27:34Z</time><speed>4.416</speed><sat>17</sat></trkpt>
  <trkpt lat="26.41161167" lon="-80.16371833"><ele>5.553</ele><time>2026-07-18T14:27:35Z</time><speed>4.427</speed><sat>16</sat></trkpt>
  <trkpt lat="26.41158333" lon="-80.16375167"><ele>5.553</ele><time>2026-07-18T14:27:36Z</time><speed>4.420</speed><sat>17</sat></trkpt>
  <trkpt lat="26.41155500" lon="-80.16378333"><ele>6.052</ele><time>2026-07-18T14:27:37Z</time><speed>4.461</speed><sat>17</sat></trkpt>
  <trkpt lat="26.41152000" lon="-80.16381000"><ele>6.052</ele><time>2026-07-18T14:27:38Z</time><speed>4.495</speed><sat>17</sat></trkpt>
  <trkpt lat="26.41148500" lon="-80.16383500"><ele>5.952</ele><time>2026-07-18T14:27:39Z</time><speed>4.569</speed><sat>17</sat></trkpt>
  <trkpt lat="26.41145333" lon="-80.16386667"><ele>6.952</ele><time>2026-07-18T14:27:40Z</time><speed>4.590</speed><sat>17</sat></trkpt>
  <trkpt lat="26.41143000" lon="-80.16390000"><ele>6.852</ele><time>2026-07-18T14:27:41Z</time><speed>4.591</speed><sat>17</sat></trkpt>
  <trkpt lat="26.41140667" lon="-80.16393333"><ele>6.352</ele><time>2026-07-18T14:27:42Z</time><speed>4.559</speed><sat>17</sat></trkpt>
  <trkpt lat="26.41139333" lon="-80.16397333"><ele>6.351</ele><time>2026-07-18T14:27:43Z</time><speed>4.569</speed><sat>17</sat></trkpt>
  <trkpt lat="26.41138333" lon="-80.16401167"><ele>6.151</ele><time>2026-07-18T14:27:44Z</time><speed>4.444</speed><sat>17</sat></trkpt>
  <trkpt lat="26.41137333" lon="-80.16404667"><ele>6.051</ele><time>2026-07-18T14:27:45Z</time><speed>4.364</speed><sat>17</sat></trkpt>
  <trkpt lat="26.41136667" lon="-80.16409167"><ele>5.751</ele><time>2026-07-18T14:27:46Z</time><speed>4.328</speed><sat>17</sat></trkpt>
  <trkpt lat="26.41136000" lon="-80.16414000"><ele>5.451</ele><time>2026-07-18T14:27:47Z</time><speed>4.376</speed><sat>17</sat></trkpt>
  <trkpt lat="26.41134833" lon="-80.16419167"><ele>5.451</ele><time>2026-07-18T14:27:48Z</time><speed>4.440</speed><sat>17</sat></trkpt>
  <trkpt lat="26.41133667" lon="-80.16424500"><ele>5.150</ele><time>2026-07-18T14:27:49Z</time><speed>4.504</speed><sat>16</sat></trkpt>
  <trkpt lat="26.41132333" lon="-80.16430167"><ele>4.650</ele><time>2026-07-18T14:27:50Z</time><speed>4.627</speed><sat>16</sat></trkpt>
  <trkpt lat="26.41131000" lon="-80.16436000"><ele>4.050</ele><time>2026-07-18T14:27:51Z</time><speed>4.782</speed><sat>16</sat></trkpt>
  <trkpt lat="26.41129667" lon="-80.16441833"><ele>3.550</ele><time>2026-07-18T14:27:52Z</time><speed>4.950</speed><sat>15</sat></trkpt>
  <trkpt lat="26.41128000" lon="-80.16447833"><ele>3.549</ele><time>2026-07-18T14:27:53Z</time><speed>5.092</speed><sat>16</sat></trkpt>
  <trkpt lat="26.41126667" lon="-80.16453500"><ele>3.349</ele><time>2026-07-18T14:27:54Z</time><speed>5.362</speed><sat>16</sat></trkpt>
  <trkpt lat="26.41125000" lon="-80.16459000"><ele>3.549</ele><time>2026-07-18T14:27:55Z</time><speed>5.565</speed><sat>15</sat></trkpt>
  <trkpt lat="26.41123833" lon="-80.16464333"><ele>3.249</ele><time>2026-07-18T14:27:56Z</time><speed>5.723</speed><sat>16</sat></trkpt>
  <trkpt lat="26.41122500" lon="-80.16469667"><ele>3.448</ele><time>2026-07-18T14:27:57Z</time><speed>5.776</speed><sat>15</sat></trkpt>
  <trkpt lat="26.41121167" lon="-80.16474833"><ele>3.548</ele><time>2026-07-18T14:27:58Z</time><speed>5.763</speed><sat>15</sat></trkpt>
  <trkpt lat="26.41119833" lon="-80.16479667"><ele>3.148</ele><time>2026-07-18T14:27:59Z</time><speed>5.723</speed><sat>16</sat></trkpt>
  <trkpt lat="26.41118333" lon="-80.16484333"><ele>2.348</ele><time>2026-07-18T14:28:00Z</time><speed>5.659</speed><sat>16</sat></trkpt>
  <trkpt lat="26.41116833" lon="-80.16489333"><ele>1.748</ele><time>2026-07-18T14:28:01Z</time><speed>5.609</speed><sat>16</sat></trkpt>
  <trkpt lat="26.41115333" lon="-80.16494500"><ele>1.747</ele><time>2026-07-18T14:28:02Z</time><speed>5.537</speed><sat>16</sat></trkpt>
  <trkpt lat="26.41113833" lon="-80.16499500"><ele>1.347</ele><time>2026-07-18T14:28:03Z</time><speed>5.464</speed><sat>16</sat></trkpt>
  <trkpt lat="26.41112500" lon="-80.16504167"><ele>0.947</ele><time>2026-07-18T14:28:04Z</time><speed>5.381</speed><sat>16</sat></trkpt>
  <trkpt lat="26.41110667" lon="-80.16507833"><ele>0.047</ele><time>2026-07-18T14:28:05Z</time><speed>5.292</speed><sat>16</sat></trkpt>
  <trkpt lat="26.41109000" lon="-80.16511333"><ele>-0.953</ele><time>2026-07-18T14:28:06Z</time><speed>5.213</speed><sat>16</sat></trkpt>
  <trkpt lat="26.41107500" lon="-80.16516333"><ele>-0.654</ele><time>2026-07-18T14:28:07Z</time><speed>5.117</speed><sat>16</sat></trkpt>
  <trkpt lat="26.41106167" lon="-80.16520833"><ele>-0.654</ele><time>2026-07-18T14:28:08Z</time><speed>5.036</speed><sat>16</sat></trkpt>
  <trkpt lat="26.41104000" lon="-80.16523500"><ele>-1.654</ele><time>2026-07-18T14:28:09Z</time><speed>4.873</speed><sat>16</sat></trkpt>
  <trkpt lat="26.41102667" lon="-80.16527167"><ele>-1.854</ele><time>2026-07-18T14:28:10Z</time><speed>4.725</speed><sat>16</sat></trkpt>
  <trkpt lat="26.41100833" lon="-80.16531667"><ele>-1.754</ele><time>2026-07-18T14:28:11Z</time><speed>4.587</speed><sat>16</sat></trkpt>
  <trkpt lat="26.41099000" lon="-80.16536333"><ele>-2.954</ele><time>2026-07-18T14:28:12Z</time><speed>4.530</speed><sat>16</sat></trkpt>
  <trkpt lat="26.41097333" lon="-80.16541000"><ele>-3.255</ele><time>2026-07-18T14:28:13Z</time><speed>4.501</speed><sat>16</sat></trkpt>
  <trkpt lat="26.41096333" lon="-80.16546500"><ele>-2.655</ele><time>2026-07-18T14:28:14Z</time><speed>4.484</speed><sat>15</sat></trkpt>
  <trkpt lat="26.41095333" lon="-80.16552167"><ele>-2.455</ele><time>2026-07-18T14:28:15Z</time><speed>4.478</speed><sat>15</sat></trkpt>
  <trkpt lat="26.41094333" lon="-80.16557500"><ele>-2.055</ele><time>2026-07-18T14:28:16Z</time><speed>4.463</speed><sat>15</sat></trkpt>
  <trkpt lat="26.41093333" lon="-80.16561833"><ele>-2.656</ele><time>2026-07-18T14:28:17Z</time><speed>4.473</speed><sat>16</sat></trkpt>
  <trkpt lat="26.41092333" lon="-80.16565833"><ele>-2.856</ele><time>2026-07-18T14:28:18Z</time><speed>4.440</speed><sat>16</sat></trkpt>
  <trkpt lat="26.41091833" lon="-80.16570167"><ele>-1.256</ele><time>2026-07-18T14:28:19Z</time><speed>4.403</speed><sat>16</sat></trkpt>
  <trkpt lat="26.41091333" lon="-80.16573667"><ele>-0.056</ele><time>2026-07-18T14:28:20Z</time><speed>4.256</speed><sat>16</sat></trkpt>
  <trkpt lat="26.41091500" lon="-80.16576500"><ele>2.144</ele><time>2026-07-18T14:28:21Z</time><speed>4.041</speed><sat>16</sat></trkpt>
  <trkpt lat="26.41090833" lon="-80.16578333"><ele>4.244</ele><time>2026-07-18T14:28:22Z</time><speed>3.697</speed><sat>16</sat></trkpt>
  <trkpt lat="26.41090667" lon="-80.16579333"><ele>4.544</ele><time>2026-07-18T14:28:23Z</time><speed>3.310</speed><sat>17</sat></trkpt>
  <trkpt lat="26.41090833" lon="-80.16579833"><ele>4.444</ele><time>2026-07-18T14:28:24Z</time><speed>2.897</speed><sat>16</sat></trkpt>
  <trkpt lat="26.41091000" lon="-80.16581333"><ele>4.244</ele><time>2026-07-18T14:28:25Z</time><speed>2.648</speed><sat>16</sat></trkpt>
  <trkpt lat="26.41090500" lon="-80.16583833"><ele>3.844</ele><time>2026-07-18T14:28:26Z</time><speed>2.498</speed><sat>16</sat></trkpt>
  <trkpt lat="26.41090000" lon="-80.16586667"><ele>3.543</ele><time>2026-07-18T14:28:27Z</time><speed>2.326</speed><sat>16</sat></trkpt>
  <trkpt lat="26.41089333" lon="-80.16589833"><ele>4.143</ele><time>2026-07-18T14:28:28Z</time><speed>2.218</speed><sat>17</sat></trkpt>
  <trkpt lat="26.41089500" lon="-80.16593667"><ele>3.643</ele><time>2026-07-18T14:28:29Z</time><speed>2.233</speed><sat>16</sat></trkpt>
  <trkpt lat="26.41089833" lon="-80.16597667"><ele>3.443</ele><time>2026-07-18T14:28:30Z</time><speed>2.365</speed><sat>16</sat></trkpt>
  <trkpt lat="26.41090000" lon="-80.16601500"><ele>3.443</ele><time>2026-07-18T14:28:31Z</time><speed>2.537</speed><sat>16</sat></trkpt>
  <trkpt lat="26.41090667" lon="-80.16605833"><ele>3.243</ele><time>2026-07-18T14:28:32Z</time><speed>2.843</speed><sat>16</sat></trkpt>
  <trkpt lat="26.41091333" lon="-80.16610333"><ele>3.442</ele><time>2026-07-18T14:28:33Z</time><speed>3.158</speed><sat>15</sat></trkpt>
  <trkpt lat="26.41091833" lon="-80.16614167"><ele>3.442</ele><time>2026-07-18T14:28:34Z</time><speed>3.445</speed><sat>16</sat></trkpt>
  <trkpt lat="26.41092333" lon="-80.16618833"><ele>4.142</ele><time>2026-07-18T14:28:35Z</time><speed>3.566</speed><sat>17</sat></trkpt>
  <trkpt lat="26.41092667" lon="-80.16623000"><ele>4.642</ele><time>2026-07-18T14:28:36Z</time><speed>3.623</speed><sat>17</sat></trkpt>
  <trkpt lat="26.41092833" lon="-80.16626667"><ele>4.742</ele><time>2026-07-18T14:28:37Z</time><speed>3.707</speed><sat>17</sat></trkpt>
  <trkpt lat="26.41093000" lon="-80.16630667"><ele>5.242</ele><time>2026-07-18T14:28:38Z</time><speed>3.768</speed><sat>17</sat></trkpt>
  <trkpt lat="26.41093333" lon="-80.16634667"><ele>5.941</ele><time>2026-07-18T14:28:39Z</time><speed>3.759</speed><sat>16</sat></trkpt>
  <trkpt lat="26.41094333" lon="-80.16638000"><ele>5.941</ele><time>2026-07-18T14:28:40Z</time><speed>3.672</speed><sat>17</sat></trkpt>
  <trkpt lat="26.41095167" lon="-80.16640667"><ele>6.041</ele><time>2026-07-18T14:28:41Z</time><speed>3.525</speed><sat>16</sat></trkpt>
  <trkpt lat="26.41096000" lon="-80.16643667"><ele>5.841</ele><time>2026-07-18T14:28:42Z</time><speed>3.317</speed><sat>16</sat></trkpt>
  <trkpt lat="26.41096500" lon="-80.16646000"><ele>6.041</ele><time>2026-07-18T14:28:43Z</time><speed>3.084</speed><sat>16</sat></trkpt>
  <trkpt lat="26.41096833" lon="-80.16648500"><ele>6.541</ele><time>2026-07-18T14:28:44Z</time><speed>2.909</speed><sat>17</sat></trkpt>
  <trkpt lat="26.41097000" lon="-80.16651167"><ele>6.841</ele><time>2026-07-18T14:28:45Z</time><speed>2.786</speed><sat>17</sat></trkpt>
  <trkpt lat="26.41097333" lon="-80.16654000"><ele>7.241</ele><time>2026-07-18T14:28:46Z</time><speed>2.660</speed><sat>17</sat></trkpt>
  <trkpt lat="26.41097333" lon="-80.16657000"><ele>7.741</ele><time>2026-07-18T14:28:47Z</time><speed>2.537</speed><sat>17</sat></trkpt>
  <trkpt lat="26.41097667" lon="-80.16659500"><ele>8.040</ele><time>2026-07-18T14:28:48Z</time><speed>2.447</speed><sat>17</sat></trkpt>
  <trkpt lat="26.41098167" lon="-80.16662167"><ele>8.140</ele><time>2026-07-18T14:28:49Z</time><speed>2.361</speed><sat>17</sat></trkpt>
  <trkpt lat="26.41098500" lon="-80.16664667"><ele>8.240</ele><time>2026-07-18T14:28:50Z</time><speed>2.347</speed><sat>16</sat></trkpt>
  <trkpt lat="26.41098667" lon="-80.16667167"><ele>8.440</ele><time>2026-07-18T14:28:51Z</time><speed>2.389</speed><sat>16</sat></trkpt>
  <trkpt lat="26.41099167" lon="-80.16670333"><ele>8.440</ele><time>2026-07-18T14:28:52Z</time><speed>2.481</speed><sat>16</sat></trkpt>
  <trkpt lat="26.41100333" lon="-80.16673833"><ele>8.640</ele><time>2026-07-18T14:28:53Z</time><speed>2.668</speed><sat>16</sat></trkpt>
  <trkpt lat="26.41101333" lon="-80.16677833"><ele>8.440</ele><time>2026-07-18T14:28:54Z</time><speed>2.916</speed><sat>15</sat></trkpt>
  <trkpt lat="26.41102500" lon="-80.16681500"><ele>7.940</ele><time>2026-07-18T14:28:55Z</time><speed>3.092</speed><sat>15</sat></trkpt>
  <trkpt lat="26.41103333" lon="-80.16685167"><ele>7.539</ele><time>2026-07-18T14:28:56Z</time><speed>3.213</speed><sat>15</sat></trkpt>
  <trkpt lat="26.41104167" lon="-80.16689167"><ele>7.239</ele><time>2026-07-18T14:28:57Z</time><speed>3.397</speed><sat>15</sat></trkpt>
  <trkpt lat="26.41104667" lon="-80.16693500"><ele>7.039</ele><time>2026-07-18T14:28:58Z</time><speed>3.547</speed><sat>15</sat></trkpt>
  <trkpt lat="26.41105167" lon="-80.16697000"><ele>6.439</ele><time>2026-07-18T14:28:59Z</time><speed>3.676</speed><sat>16</sat></trkpt>
  <trkpt lat="26.41105333" lon="-80.16700500"><ele>5.839</ele><time>2026-07-18T14:29:00Z</time><speed>3.765</speed><sat>15</sat></trkpt>
  <trkpt lat="26.41105833" lon="-80.16703833"><ele>4.939</ele><time>2026-07-18T14:29:01Z</time><speed>3.863</speed><sat>15</sat></trkpt>
  <trkpt lat="26.41106500" lon="-80.16707833"><ele>4.338</ele><time>2026-07-18T14:29:02Z</time><speed>3.919</speed><sat>15</sat></trkpt>
  <trkpt lat="26.41107167" lon="-80.16711667"><ele>3.938</ele><time>2026-07-18T14:29:03Z</time><speed>3.910</speed><sat>15</sat></trkpt>
  <trkpt lat="26.41108000" lon="-80.16715667"><ele>3.338</ele><time>2026-07-18T14:29:04Z</time><speed>3.854</speed><sat>15</sat></trkpt>
  <trkpt lat="26.41108167" lon="-80.16719833"><ele>4.138</ele><time>2026-07-18T14:29:05Z</time><speed>3.849</speed><sat>15</sat></trkpt>
  <trkpt lat="26.41108667" lon="-80.16723833"><ele>3.738</ele><time>2026-07-18T14:29:06Z</time><speed>3.867</speed><sat>15</sat></trkpt>
  <trkpt lat="26.41109333" lon="-80.16727833"><ele>3.838</ele><time>2026-07-18T14:29:07Z</time><speed>3.826</speed><sat>15</sat></trkpt>
  <trkpt lat="26.41110000" lon="-80.16731667"><ele>4.238</ele><time>2026-07-18T14:29:08Z</time><speed>3.792</speed><sat>15</sat></trkpt>
  <trkpt lat="26.41110167" lon="-80.16735500"><ele>4.737</ele><time>2026-07-18T14:29:09Z</time><speed>3.809</speed><sat>15</sat></trkpt>
  <trkpt lat="26.41110333" lon="-80.16739500"><ele>4.537</ele><time>2026-07-18T14:29:10Z</time><speed>3.832</speed><sat>15</sat></trkpt>
  <trkpt lat="26.41110833" lon="-80.16743333"><ele>5.237</ele><time>2026-07-18T14:29:11Z</time><speed>3.852</speed><sat>15</sat></trkpt>
  <trkpt lat="26.41111667" lon="-80.16746833"><ele>4.837</ele><time>2026-07-18T14:29:12Z</time><speed>3.850</speed><sat>15</sat></trkpt>
  <trkpt lat="26.41112833" lon="-80.16749500"><ele>3.937</ele><time>2026-07-18T14:29:13Z</time><speed>3.844</speed><sat>15</sat></trkpt>
  <trkpt lat="26.41114167" lon="-80.16752167"><ele>3.137</ele><time>2026-07-18T14:29:14Z</time><speed>3.820</speed><sat>15</sat></trkpt>
  <trkpt lat="26.41116000" lon="-80.16754833"><ele>2.237</ele><time>2026-07-18T14:29:15Z</time><speed>3.825</speed><sat>15</sat></trkpt>
  <trkpt lat="26.41117833" lon="-80.16758500"><ele>1.836</ele><time>2026-07-18T14:29:16Z</time><speed>3.882</speed><sat>14</sat></trkpt>
  <trkpt lat="26.41119167" lon="-80.16762167"><ele>0.836</ele><time>2026-07-18T14:29:17Z</time><speed>3.849</speed><sat>15</sat></trkpt>
  <trkpt lat="26.41120000" lon="-80.16766000"><ele>0.236</ele><time>2026-07-18T14:29:18Z</time><speed>3.797</speed><sat>15</sat></trkpt>
  <trkpt lat="26.41120333" lon="-80.16769667"><ele>0.536</ele><time>2026-07-18T14:29:19Z</time><speed>3.716</speed><sat>15</sat></trkpt>
  <trkpt lat="26.41120500" lon="-80.16772833"><ele>1.036</ele><time>2026-07-18T14:29:20Z</time><speed>3.620</speed><sat>16</sat></trkpt>
  <trkpt lat="26.41120500" lon="-80.16775000"><ele>1.936</ele><time>2026-07-18T14:29:21Z</time><speed>3.506</speed><sat>15</sat></trkpt>
  <trkpt lat="26.41120500" lon="-80.16777667"><ele>1.936</ele><time>2026-07-18T14:29:22Z</time><speed>3.406</speed><sat>14</sat></trkpt>
  <trkpt lat="26.41120500" lon="-80.16780667"><ele>2.036</ele><time>2026-07-18T14:29:23Z</time><speed>3.329</speed><sat>14</sat></trkpt>
  <trkpt lat="26.41120167" lon="-80.16783167"><ele>2.135</ele><time>2026-07-18T14:29:24Z</time><speed>3.274</speed><sat>14</sat></trkpt>
  <trkpt lat="26.41120000" lon="-80.16786167"><ele>3.135</ele><time>2026-07-18T14:29:25Z</time><speed>3.128</speed><sat>17</sat></trkpt>
  <trkpt lat="26.41120167" lon="-80.16788333"><ele>2.835</ele><time>2026-07-18T14:29:26Z</time><speed>2.953</speed><sat>17</sat></trkpt>
  <trkpt lat="26.41120000" lon="-80.16791000"><ele>2.535</ele><time>2026-07-18T14:29:27Z</time><speed>2.865</speed><sat>17</sat></trkpt>
  <trkpt lat="26.41120000" lon="-80.16793500"><ele>2.335</ele><time>2026-07-18T14:29:28Z</time><speed>2.811</speed><sat>17</sat></trkpt>
  <trkpt lat="26.41120667" lon="-80.16796500"><ele>2.335</ele><time>2026-07-18T14:29:29Z</time><speed>2.755</speed><sat>17</sat></trkpt>
  <trkpt lat="26.41121333" lon="-80.16799333"><ele>1.935</ele><time>2026-07-18T14:29:30Z</time><speed>2.757</speed><sat>17</sat></trkpt>
  <trkpt lat="26.41121667" lon="-80.16802500"><ele>1.235</ele><time>2026-07-18T14:29:31Z</time><speed>2.770</speed><sat>16</sat></trkpt>
  <trkpt lat="26.41122000" lon="-80.16805667"><ele>0.435</ele><time>2026-07-18T14:29:32Z</time><speed>2.755</speed><sat>16</sat></trkpt>
  <trkpt lat="26.41121833" lon="-80.16808500"><ele>0.134</ele><time>2026-07-18T14:29:33Z</time><speed>2.729</speed><sat>16</sat></trkpt>
  <trkpt lat="26.41121833" lon="-80.16811333"><ele>-0.066</ele><time>2026-07-18T14:29:34Z</time><speed>2.696</speed><sat>15</sat></trkpt>
  <trkpt lat="26.41122167" lon="-80.16813667"><ele>-0.066</ele><time>2026-07-18T14:29:35Z</time><speed>2.705</speed><sat>15</sat></trkpt>
  <trkpt lat="26.41122667" lon="-80.16815833"><ele>-0.466</ele><time>2026-07-18T14:29:36Z</time><speed>2.711</speed><sat>15</sat></trkpt>
  <trkpt lat="26.41123667" lon="-80.16818000"><ele>-0.766</ele><time>2026-07-18T14:29:37Z</time><speed>2.713</speed><sat>16</sat></trkpt>
  <trkpt lat="26.41124167" lon="-80.16820833"><ele>-0.766</ele><time>2026-07-18T14:29:38Z</time><speed>2.704</speed><sat>16</sat></trkpt>
  <trkpt lat="26.41125167" lon="-80.16823500"><ele>-0.566</ele><time>2026-07-18T14:29:39Z</time><speed>2.733</speed><sat>15</sat></trkpt>
  <trkpt lat="26.41126167" lon="-80.16826333"><ele>-0.466</ele><time>2026-07-18T14:29:40Z</time><speed>2.713</speed><sat>15</sat></trkpt>
  <trkpt lat="26.41127500" lon="-80.16828500"><ele>-0.666</ele><time>2026-07-18T14:29:41Z</time><speed>2.723</speed><sat>15</sat></trkpt>
  <trkpt lat="26.41128667" lon="-80.16830500"><ele>-1.166</ele><time>2026-07-18T14:29:42Z</time><speed>2.638</speed><sat>15</sat></trkpt>
  <trkpt lat="26.41130167" lon="-80.16832667"><ele>-1.567</ele><time>2026-07-18T14:29:43Z</time><speed>2.591</speed><sat>15</sat></trkpt>
  <trkpt lat="26.41131333" lon="-80.16836167"><ele>-1.167</ele><time>2026-07-18T14:29:44Z</time><speed>2.555</speed><sat>15</sat></trkpt>
  <trkpt lat="26.41132667" lon="-80.16839167"><ele>-2.367</ele><time>2026-07-18T14:29:45Z</time><speed>2.541</speed><sat>15</sat></trkpt>
  <trkpt lat="26.41134333" lon="-80.16842000"><ele>-3.667</ele><time>2026-07-18T14:29:46Z</time><speed>2.533</speed><sat>15</sat></trkpt>
  <trkpt lat="26.41134833" lon="-80.16844833"><ele>-4.567</ele><time>2026-07-18T14:29:47Z</time><speed>2.464</speed><sat>15</sat></trkpt>
  <trkpt lat="26.41135333" lon="-80.16848167"><ele>-5.167</ele><time>2026-07-18T14:29:48Z</time><speed>2.423</speed><sat>15</sat></trkpt>
  <trkpt lat="26.41135333" lon="-80.16851667"><ele>-4.967</ele><time>2026-07-18T14:29:49Z</time><speed>2.379</speed><sat>15</sat></trkpt>
  <trkpt lat="26.41135500" lon="-80.16855000"><ele>-5.167</ele><time>2026-07-18T14:29:50Z</time><speed>2.335</speed><sat>15</sat></trkpt>
  <trkpt lat="26.41135667" lon="-80.16858167"><ele>-4.968</ele><time>2026-07-18T14:29:51Z</time><speed>2.249</speed><sat>15</sat></trkpt>
  <trkpt lat="26.41136167" lon="-80.16860667"><ele>-4.368</ele><time>2026-07-18T14:29:52Z</time><speed>2.289</speed><sat>15</sat></trkpt>
  <trkpt lat="26.41137000" lon="-80.16863333"><ele>-3.868</ele><time>2026-07-18T14:29:53Z</time><speed>2.318</speed><sat>16</sat></trkpt>
  <trkpt lat="26.41137500" lon="-80.16866167"><ele>-2.468</ele><time>2026-07-18T14:29:54Z</time><speed>2.333</speed><sat>16</sat></trkpt>
  <trkpt lat="26.41138667" lon="-80.16868500"><ele>-1.668</ele><time>2026-07-18T14:29:55Z</time><speed>2.372</speed><sat>16</sat></trkpt>
  <trkpt lat="26.41140667" lon="-80.16871333"><ele>-1.368</ele><time>2026-07-18T14:29:56Z</time><speed>2.432</speed><sat>16</sat></trkpt>
  <trkpt lat="26.41143500" lon="-80.16873333"><ele>-0.668</ele><time>2026-07-18T14:29:57Z</time><speed>2.571</speed><sat>16</sat></trkpt>
  <trkpt lat="26.41146167" lon="-80.16874333"><ele>0.532</ele><time>2026-07-18T14:29:58Z</time><speed>2.678</speed><sat>16</sat></trkpt>
  <trkpt lat="26.41148667" lon="-80.16874833"><ele>1.632</ele><time>2026-07-18T14:29:59Z</time><speed>2.693</speed><sat>15</sat></trkpt>
  <trkpt lat="26.41150833" lon="-80.16875000"><ele>2.632</ele><time>2026-07-18T14:30:00Z</time><speed>2.683</speed><sat>16</sat></trkpt>
  <trkpt lat="26.41152833" lon="-80.16875833"><ele>4.232</ele><time>2026-07-18T14:30:01Z</time><speed>2.650</speed><sat>16</sat></trkpt>
  <trkpt lat="26.41154667" lon="-80.16876333"><ele>4.632</ele><time>2026-07-18T14:30:02Z</time><speed>2.572</speed><sat>16</sat></trkpt>
  <trkpt lat="26.41156000" lon="-80.16876667"><ele>4.932</ele><time>2026-07-18T14:30:03Z</time><speed>2.449</speed><sat>16</sat></trkpt>
  <trkpt lat="26.41157333" lon="-80.16876833"><ele>5.632</ele><time>2026-07-18T14:30:04Z</time><speed>2.301</speed><sat>16</sat></trkpt>
  <trkpt lat="26.41158333" lon="-80.16877333"><ele>5.932</ele><time>2026-07-18T14:30:05Z</time><speed>2.126</speed><sat>16</sat></trkpt>
  <trkpt lat="26.41159833" lon="-80.16878000"><ele>6.032</ele><time>2026-07-18T14:30:06Z</time><speed>1.954</speed><sat>16</sat></trkpt>
  <trkpt lat="26.41161333" lon="-80.16878500"><ele>6.332</ele><time>2026-07-18T14:30:07Z</time><speed>1.733</speed><sat>16</sat></trkpt>
  <trkpt lat="26.41162333" lon="-80.16878833"><ele>6.232</ele><time>2026-07-18T14:30:08Z</time><speed>1.519</speed><sat>16</sat></trkpt>
  <trkpt lat="26.41163333" lon="-80.16878833"><ele>6.332</ele><time>2026-07-18T14:30:09Z</time><speed>1.400</speed><sat>16</sat></trkpt>
  <trkpt lat="26.41164500" lon="-80.16878833"><ele>6.332</ele><time>2026-07-18T14:30:10Z</time><speed>1.342</speed><sat>16</sat></trkpt>
  <trkpt lat="26.41165667" lon="-80.16879000"><ele>6.732</ele><time>2026-07-18T14:30:11Z</time><speed>1.286</speed><sat>16</sat></trkpt>
  <trkpt lat="26.41166667" lon="-80.16879333"><ele>6.932</ele><time>2026-07-18T14:30:12Z</time><speed>1.278</speed><sat>16</sat></trkpt>
  <trkpt lat="26.41167500" lon="-80.16879500"><ele>7.132</ele><time>2026-07-18T14:30:13Z</time><speed>1.283</speed><sat>16</sat></trkpt>
  <trkpt lat="26.41168500" lon="-80.16879667"><ele>7.232</ele><time>2026-07-18T14:30:14Z</time><speed>1.289</speed><sat>16</sat></trkpt>
  <trkpt lat="26.41169667" lon="-80.16879667"><ele>7.232</ele><time>2026-07-18T14:30:15Z</time><speed>1.296</speed><sat>16</sat></trkpt>
  <trkpt lat="26.41170667" lon="-80.16879333"><ele>6.932</ele><time>2026-07-18T14:30:16Z</time><speed>1.254</speed><sat>16</sat></trkpt>
  <trkpt lat="26.41171833" lon="-80.16879500"><ele>6.932</ele><time>2026-07-18T14:30:17Z</time><speed>1.263</speed><sat>16</sat></trkpt>
  <trkpt lat="26.41173167" lon="-80.16879833"><ele>6.932</ele><time>2026-07-18T14:30:18Z</time><speed>1.277</speed><sat>16</sat></trkpt>
  <trkpt lat="26.41174667" lon="-80.16879500"><ele>6.932</ele><time>2026-07-18T14:30:19Z</time><speed>1.304</speed><sat>16</sat></trkpt>
  <trkpt lat="26.41176000" lon="-80.16879667"><ele>6.932</ele><time>2026-07-18T14:30:20Z</time><speed>1.254</speed><sat>16</sat></trkpt>
  <trkpt lat="26.41177333" lon="-80.16880000"><ele>7.032</ele><time>2026-07-18T14:30:21Z</time><speed>1.280</speed><sat>16</sat></trkpt>
  <trkpt lat="26.41178667" lon="-80.16880333"><ele>7.232</ele><time>2026-07-18T14:30:22Z</time><speed>1.285</speed><sat>16</sat></trkpt>
  <trkpt lat="26.41179833" lon="-80.16880333"><ele>7.632</ele><time>2026-07-18T14:30:23Z</time><speed>1.281</speed><sat>16</sat></trkpt>
  <trkpt lat="26.41181000" lon="-80.16880500"><ele>7.932</ele><time>2026-07-18T14:30:24Z</time><speed>1.332</speed><sat>16</sat></trkpt>
  <trkpt lat="26.41182500" lon="-80.16880833"><ele>8.232</ele><time>2026-07-18T14:30:25Z</time><speed>1.351</speed><sat>16</sat></trkpt>
  <trkpt lat="26.41184000" lon="-80.16881000"><ele>8.432</ele><time>2026-07-18T14:30:26Z</time><speed>1.389</speed><sat>16</sat></trkpt>
  <trkpt lat="26.41185500" lon="-80.16881167"><ele>8.232</ele><time>2026-07-18T14:30:27Z</time><speed>1.412</speed><sat>16</sat></trkpt>
  <trkpt lat="26.41187000" lon="-80.16881167"><ele>8.232</ele><time>2026-07-18T14:30:28Z</time><speed>1.440</speed><sat>16</sat></trkpt>
  <trkpt lat="26.41188167" lon="-80.16881167"><ele>8.132</ele><time>2026-07-18T14:30:29Z</time><speed>1.413</speed><sat>16</sat></trkpt>
  <trkpt lat="26.41189000" lon="-80.16881000"><ele>8.232</ele><time>2026-07-18T14:30:30Z</time><speed>1.385</speed><sat>16</sat></trkpt>
  <trkpt lat="26.41189667" lon="-80.16880333"><ele>8.032</ele><time>2026-07-18T14:30:31Z</time><speed>1.336</speed><sat>16</sat></trkpt>
  <trkpt lat="26.41190500" lon="-80.16879833"><ele>7.732</ele><time>2026-07-18T14:30:32Z</time><speed>1.242</speed><sat>16</sat></trkpt>
  <trkpt lat="26.41191000" lon="-80.16879500"><ele>7.732</ele><time>2026-07-18T14:30:33Z</time><speed>1.191</speed><sat>16</sat></trkpt>
  <trkpt lat="26.41191833" lon="-80.16879167"><ele>7.632</ele><time>2026-07-18T14:30:34Z</time><speed>1.132</speed><sat>16</sat></trkpt>
  <trkpt lat="26.41192833" lon="-80.16879500"><ele>7.432</ele><time>2026-07-18T14:30:35Z</time><speed>1.083</speed><sat>16</sat></trkpt>
  <trkpt lat="26.41193833" lon="-80.16879500"><ele>7.232</ele><time>2026-07-18T14:30:36Z</time><speed>1.020</speed><sat>16</sat></trkpt>
  <trkpt lat="26.41194333" lon="-80.16879667"><ele>6.932</ele><time>2026-07-18T14:30:37Z</time><speed>0.912</speed><sat>16</sat></trkpt>
  <trkpt lat="26.41195167" lon="-80.16879667"><ele>6.432</ele><time>2026-07-18T14:30:38Z</time><speed>0.823</speed><sat>16</sat></trkpt>
  <trkpt lat="26.41196167" lon="-80.16880000"><ele>6.232</ele><time>2026-07-18T14:30:39Z</time><speed>0.797</speed><sat>16</sat></trkpt>
  <trkpt lat="26.41197667" lon="-80.16880167"><ele>6.132</ele><time>2026-07-18T14:30:40Z</time><speed>0.837</speed><sat>16</sat></trkpt>
  <trkpt lat="26.41199000" lon="-80.16880167"><ele>6.532</ele><time>2026-07-18T14:30:41Z</time><speed>0.838</speed><sat>16</sat></trkpt>
  <trkpt lat="26.41200333" lon="-80.16880667"><ele>6.732</ele><time>2026-07-18T14:30:42Z</time><speed>0.901</speed><sat>16</sat></trkpt>
  <trkpt lat="26.41201333" lon="-80.16880833"><ele>6.932</ele><time>2026-07-18T14:30:43Z</time><speed>0.961</speed><sat>16</sat></trkpt>
  <trkpt lat="26.41202667" lon="-80.16881167"><ele>7.032</ele><time>2026-07-18T14:30:44Z</time><speed>0.981</speed><sat>16</sat></trkpt>
  <trkpt lat="26.41204167" lon="-80.16881667"><ele>7.432</ele><time>2026-07-18T14:30:45Z</time><speed>0.997</speed><sat>16</sat></trkpt>
  <trkpt lat="26.41205167" lon="-80.16882000"><ele>7.832</ele><time>2026-07-18T14:30:46Z</time><speed>1.023</speed><sat>16</sat></trkpt>
  <trkpt lat="26.41206167" lon="-80.16882333"><ele>8.432</ele><time>2026-07-18T14:30:47Z</time><speed>1.068</speed><sat>16</sat></trkpt>
  <trkpt lat="26.41207000" lon="-80.16882667"><ele>8.732</ele><time>2026-07-18T14:30:48Z</time><speed>1.115</speed><sat>16</sat></trkpt>
  <trkpt lat="26.41208167" lon="-80.16882667"><ele>9.132</ele><time>2026-07-18T14:30:49Z</time><speed>1.135</speed><sat>16</sat></trkpt>
  <trkpt lat="26.41209333" lon="-80.16882667"><ele>9.332</ele><time>2026-07-18T14:30:50Z</time><speed>1.115</speed><sat>16</sat></trkpt>
  <trkpt lat="26.41210500" lon="-80.16882833"><ele>9.532</ele><time>2026-07-18T14:30:51Z</time><speed>1.132</speed><sat>16</sat></trkpt>
  <trkpt lat="26.41211167" lon="-80.16883167"><ele>9.732</ele><time>2026-07-18T14:30:52Z</time><speed>1.143</speed><sat>16</sat></trkpt>
  <trkpt lat="26.41212000" lon="-80.16883167"><ele>9.532</ele><time>2026-07-18T14:30:53Z</time><speed>1.114</speed><sat>16</sat></trkpt>
  <trkpt lat="26.41212667" lon="-80.16883167"><ele>9.532</ele><time>2026-07-18T14:30:54Z</time><speed>1.081</speed><sat>16</sat></trkpt>
  <trkpt lat="26.41213000" lon="-80.16883333"><ele>9.532</ele><time>2026-07-18T14:30:55Z</time><speed>1.047</speed><sat>16</sat></trkpt>
  <trkpt lat="26.41213167" lon="-80.16883333"><ele>9.532</ele><time>2026-07-18T14:30:56Z</time><speed>0.995</speed><sat>16</sat></trkpt>
  <trkpt lat="26.41213667" lon="-80.16883500"><ele>9.632</ele><time>2026-07-18T14:30:57Z</time><speed>0.952</speed><sat>16</sat></trkpt>
  <trkpt lat="26.41213667" lon="-80.16883333"><ele>9.832</ele><time>2026-07-18T14:30:58Z</time><speed>0.866</speed><sat>16</sat></trkpt>
  <trkpt lat="26.41213333" lon="-80.16883000"><ele>10.032</ele><time>2026-07-18T14:30:59Z</time><speed>0.754</speed><sat>16</sat></trkpt>
  <trkpt lat="26.41213000" lon="-80.16883000"><ele>10.232</ele><time>2026-07-18T14:31:00Z</time><speed>0.651</speed><sat>16</sat></trkpt>
  <trkpt lat="26.41213000" lon="-80.16882833"><ele>10.132</ele><time>2026-07-18T14:31:01Z</time><speed>0.536</speed><sat>16</sat></trkpt>
  <trkpt lat="26.41213000" lon="-80.16882333"><ele>9.432</ele><time>2026-07-18T14:31:02Z</time><speed>0.426</speed><sat>16</sat></trkpt>
  <trkpt lat="26.41213167" lon="-80.16882333"><ele>9.232</ele><time>2026-07-18T14:31:03Z</time><speed>0.000</speed><sat>16</sat></trkpt>
  <trkpt lat="26.41213667" lon="-80.16882333"><ele>8.832</ele><time>2026-07-18T14:31:04Z</time><speed>0.334</speed><sat>16</sat></trkpt>
  <trkpt lat="26.41214000" lon="-80.16882333"><ele>8.232</ele><time>2026-07-18T14:31:05Z</time><speed>0.324</speed><sat>16</sat></trkpt>
  <trkpt lat="26.41214833" lon="-80.16882667"><ele>7.932</ele><time>2026-07-18T14:31:06Z</time><speed>0.343</speed><sat>16</sat></trkpt>
  <trkpt lat="26.41215333" lon="-80.16882333"><ele>7.932</ele><time>2026-07-18T14:31:07Z</time><speed>0.370</speed><sat>16</sat></trkpt>
  <trkpt lat="26.41215833" lon="-80.16882333"><ele>7.932</ele><time>2026-07-18T14:31:08Z</time><speed>0.410</speed><sat>16</sat></trkpt>
  <trkpt lat="26.41216667" lon="-80.16882167"><ele>8.132</ele><time>2026-07-18T14:31:09Z</time><speed>0.481</speed><sat>16</sat></trkpt>
  <trkpt lat="26.41217667" lon="-80.16882167"><ele>7.932</ele><time>2026-07-18T14:31:10Z</time><speed>0.560</speed><sat>16</sat></trkpt>
  <trkpt lat="26.41219000" lon="-80.16882000"><ele>7.832</ele><time>2026-07-18T14:31:11Z</time><speed>0.671</speed><sat>16</sat></trkpt>
  <trkpt lat="26.41220500" lon="-80.16882000"><ele>7.732</ele><time>2026-07-18T14:31:12Z</time><speed>0.792</speed><sat>16</sat></trkpt>
  <trkpt lat="26.41221667" lon="-80.16881833"><ele>8.032</ele><time>2026-07-18T14:31:13Z</time><speed>0.848</speed><sat>16</sat></trkpt>
  <trkpt lat="26.41223167" lon="-80.16881500"><ele>7.932</ele><time>2026-07-18T14:31:14Z</time><speed>0.898</speed><sat>16</sat></trkpt>
  <trkpt lat="26.41224333" lon="-80.16882000"><ele>7.932</ele><time>2026-07-18T14:31:15Z</time><speed>0.948</speed><sat>16</sat></trkpt>
  <trkpt lat="26.41225000" lon="-80.16882500"><ele>7.932</ele><time>2026-07-18T14:31:16Z</time><speed>1.007</speed><sat>16</sat></trkpt>
  <trkpt lat="26.41225833" lon="-80.16883000"><ele>7.832</ele><time>2026-07-18T14:31:17Z</time><speed>1.048</speed><sat>16</sat></trkpt>
  <trkpt lat="26.41226833" lon="-80.16883333"><ele>7.632</ele><time>2026-07-18T14:31:18Z</time><speed>1.090</speed><sat>16</sat></trkpt>
  <trkpt lat="26.41228000" lon="-80.16883667"><ele>7.432</ele><time>2026-07-18T14:31:19Z</time><speed>1.140</speed><sat>16</sat></trkpt>
  <trkpt lat="26.41228833" lon="-80.16884333"><ele>7.132</ele><time>2026-07-18T14:31:20Z</time><speed>1.189</speed><sat>16</sat></trkpt>
  <trkpt lat="26.41229667" lon="-80.16884833"><ele>6.932</ele><time>2026-07-18T14:31:21Z</time><speed>1.190</speed><sat>16</sat></trkpt>
  <trkpt lat="26.41230833" lon="-80.16884833"><ele>7.032</ele><time>2026-07-18T14:31:22Z</time><speed>1.196</speed><sat>16</sat></trkpt>
  <trkpt lat="26.41232000" lon="-80.16884667"><ele>7.332</ele><time>2026-07-18T14:31:23Z</time><speed>1.204</speed><sat>16</sat></trkpt>
  <trkpt lat="26.41233333" lon="-80.16884667"><ele>7.432</ele><time>2026-07-18T14:31:24Z</time><speed>1.249</speed><sat>16</sat></trkpt>
  <trkpt lat="26.41234833" lon="-80.16884167"><ele>7.632</ele><time>2026-07-18T14:31:25Z</time><speed>1.270</speed><sat>16</sat></trkpt>
  <trkpt lat="26.41236167" lon="-80.16883500"><ele>7.832</ele><time>2026-07-18T14:31:26Z</time><speed>1.272</speed><sat>16</sat></trkpt>
  <trkpt lat="26.41237500" lon="-80.16883167"><ele>7.832</ele><time>2026-07-18T14:31:27Z</time><speed>1.273</speed><sat>16</sat></trkpt>
  <trkpt lat="26.41238667" lon="-80.16883000"><ele>7.832</ele><time>2026-07-18T14:31:28Z</time><speed>1.281</speed><sat>16</sat></trkpt>
  <trkpt lat="26.41239833" lon="-80.16882333"><ele>7.732</ele><time>2026-07-18T14:31:29Z</time><speed>1.213</speed><sat>16</sat></trkpt>
  <trkpt lat="26.41240333" lon="-80.16882167"><ele>7.732</ele><time>2026-07-18T14:31:30Z</time><speed>1.124</speed><sat>16</sat></trkpt>
  <trkpt lat="26.41240333" lon="-80.16882167"><ele>7.432</ele><time>2026-07-18T14:31:31Z</time><speed>1.026</speed><sat>16</sat></trkpt>
  <trkpt lat="26.41240500" lon="-80.16882167"><ele>7.232</ele><time>2026-07-18T14:31:32Z</time><speed>0.901</speed><sat>16</sat></trkpt>
  <trkpt lat="26.41240500" lon="-80.16882333"><ele>7.132</ele><time>2026-07-18T14:31:33Z</time><speed>0.805</speed><sat>16</sat></trkpt>
  <trkpt lat="26.41240667" lon="-80.16882333"><ele>7.132</ele><time>2026-07-18T14:31:34Z</time><speed>0.679</speed><sat>16</sat></trkpt>
  <trkpt lat="26.41240833" lon="-80.16882500"><ele>7.032</ele><time>2026-07-18T14:31:35Z</time><speed>0.568</speed><sat>16</sat></trkpt>
  <trkpt lat="26.41241000" lon="-80.16882667"><ele>7.032</ele><time>2026-07-18T14:31:36Z</time><speed>0.441</speed><sat>16</sat></trkpt>
  <trkpt lat="26.41241000" lon="-80.16882667"><ele>7.132</ele><time>2026-07-18T14:31:37Z</time><speed>0.000</speed><sat>16</sat></trkpt>
  <trkpt lat="26.41241000" lon="-80.16882500"><ele>7.032</ele><time>2026-07-18T14:31:38Z</time><speed>0.000</speed><sat>16</sat></trkpt>
  <trkpt lat="26.41240667" lon="-80.16882500"><ele>6.932</ele><time>2026-07-18T14:31:39Z</time><speed>0.000</speed><sat>16</sat></trkpt>
  <trkpt lat="26.41240667" lon="-80.16882500"><ele>6.932</ele><time>2026-07-18T14:31:40Z</time><speed>0.000</speed><sat>16</sat></trkpt>
  <trkpt lat="26.41240667" lon="-80.16882500"><ele>6.932</ele><time>2026-07-18T14:31:41Z</time><speed>0.000</speed><sat>16</sat></trkpt>
  <trkpt lat="26.41240667" lon="-80.16882500"><ele>6.932</ele><time>2026-07-18T14:31:42Z</time><speed>0.000</speed><sat>16</sat></trkpt>
  <trkpt lat="26.41240667" lon="-80.16882500"><ele>6.932</ele><time>2026-07-18T14:31:43Z</time><speed>0.000</speed><sat>16</sat></trkpt>
  <trkpt lat="26.41240667" lon="-80.16882500"><ele>6.932</ele><time>2026-07-18T14:31:44Z</time><speed>0.000</speed><sat>16</sat></trkpt>
  <trkpt lat="26.41240667" lon="-80.16882500"><ele>6.932</ele><time>2026-07-18T14:31:45Z</time><speed>0.000</speed><sat>16</sat></trkpt>
  <trkpt lat="26.41240667" lon="-80.16882500"><ele>6.932</ele><time>2026-07-18T14:31:46Z</time><speed>0.000</speed><sat>16</sat></trkpt>
  <trkpt lat="26.41240667" lon="-80.16882500"><ele>6.932</ele><time>2026-07-18T14:31:47Z</time><speed>0.000</speed><sat>16</sat></trkpt>
  <trkpt lat="26.41240667" lon="-80.16882500"><ele>6.932</ele><time>2026-07-18T14:31:48Z</time><speed>0.000</speed><sat>16</sat></trkpt>
  <trkpt lat="26.41240667" lon="-80.16882500"><ele>6.932</ele><time>2026-07-18T14:31:49Z</time><speed>0.000</speed><sat>16</sat></trkpt>
  <trkpt lat="26.41240667" lon="-80.16882500"><ele>6.932</ele><time>2026-07-18T14:31:50Z</time><speed>0.000</speed><sat>16</sat></trkpt>
  <trkpt lat="26.41240667" lon="-80.16882500"><ele>6.932</ele><time>2026-07-18T14:31:51Z</time><speed>0.000</speed><sat>16</sat></trkpt>
  <trkpt lat="26.41240667" lon="-80.16882500"><ele>6.932</ele><time>2026-07-18T14:31:52Z</time><speed>0.000</speed><sat>16</sat></trkpt>
  <trkpt lat="26.41240667" lon="-80.16882500"><ele>6.932</ele><time>2026-07-18T14:31:53Z</time><speed>0.000</speed><sat>16</sat></trkpt>
  <trkpt lat="26.41240667" lon="-80.16882500"><ele>6.932</ele><time>2026-07-18T14:31:54Z</time><speed>0.000</speed><sat>16</sat></trkpt>
  <trkpt lat="26.41240667" lon="-80.16882500"><ele>6.932</ele><time>2026-07-18T14:31:55Z</time><speed>0.000</speed><sat>16</sat></trkpt>
  <trkpt lat="26.41240667" lon="-80.16882500"><ele>6.932</ele><time>2026-07-18T14:31:56Z</time><speed>0.000</speed><sat>16</sat></trkpt>
  <trkpt lat="26.41240667" lon="-80.16882500"><ele>6.932</ele><time>2026-07-18T14:31:57Z</time><speed>0.000</speed><sat>16</sat></trkpt>
  <trkpt lat="26.41240667" lon="-80.16882500"><ele>6.932</ele><time>2026-07-18T14:31:58Z</time><speed>0.000</speed><sat>16</sat></trkpt>
  <trkpt lat="26.41240667" lon="-80.16882500"><ele>6.932</ele><time>2026-07-18T14:31:59Z</time><speed>0.000</speed><sat>16</sat></trkpt>
  <trkpt lat="26.41240667" lon="-80.16882500"><ele>6.932</ele><time>2026-07-18T14:32:00Z</time><speed>0.000</speed><sat>16</sat></trkpt>
  <trkpt lat="26.41240667" lon="-80.16882500"><ele>6.932</ele><time>2026-07-18T14:32:01Z</time><speed>0.000</speed><sat>16</sat></trkpt>
  <trkpt lat="26.41240667" lon="-80.16882500"><ele>6.932</ele><time>2026-07-18T14:32:02Z</time><speed>0.000</speed><sat>15</sat></trkpt>
  <trkpt lat="26.41240667" lon="-80.16882500"><ele>6.932</ele><time>2026-07-18T14:32:03Z</time><speed>0.000</speed><sat>15</sat></trkpt>
  <trkpt lat="26.41240667" lon="-80.16882500"><ele>6.932</ele><time>2026-07-18T14:32:04Z</time><speed>0.000</speed><sat>15</sat></trkpt>
  <trkpt lat="26.41240667" lon="-80.16882500"><ele>6.932</ele><time>2026-07-18T14:32:05Z</time><speed>0.000</speed><sat>16</sat></trkpt>
  <trkpt lat="26.41240667" lon="-80.16882500"><ele>6.932</ele><time>2026-07-18T14:32:06Z</time><speed>0.000</speed><sat>16</sat></trkpt>
  <trkpt lat="26.41240667" lon="-80.16882500"><ele>6.932</ele><time>2026-07-18T14:32:07Z</time><speed>0.000</speed><sat>16</sat></trkpt>
  <trkpt lat="26.41240667" lon="-80.16882500"><ele>6.932</ele><time>2026-07-18T14:32:08Z</time><speed>0.000</speed><sat>16</sat></trkpt>
  <trkpt lat="26.41240667" lon="-80.16882500"><ele>6.932</ele><time>2026-07-18T14:32:09Z</time><speed>0.000</speed><sat>16</sat></trkpt>
  <trkpt lat="26.41240667" lon="-80.16882500"><ele>6.932</ele><time>2026-07-18T14:32:10Z</time><speed>0.000</speed><sat>16</sat></trkpt>
  <trkpt lat="26.41240667" lon="-80.16882500"><ele>6.932</ele><time>2026-07-18T14:32:11Z</time><speed>0.000</speed><sat>16</sat></trkpt>
  <trkpt lat="26.41240667" lon="-80.16882500"><ele>6.932</ele><time>2026-07-18T14:32:12Z</time><speed>0.000</speed><sat>16</sat></trkpt>
  <trkpt lat="26.41240667" lon="-80.16882500"><ele>6.932</ele><time>2026-07-18T14:32:13Z</time><speed>0.000</speed><sat>16</sat></trkpt>
  <trkpt lat="26.41240667" lon="-80.16882500"><ele>6.932</ele><time>2026-07-18T14:32:14Z</time><speed>0.000</speed><sat>16</sat></trkpt>
  <trkpt lat="26.41240667" lon="-80.16882500"><ele>6.932</ele><time>2026-07-18T14:32:15Z</time><speed>0.000</speed><sat>16</sat></trkpt>
  <trkpt lat="26.41240667" lon="-80.16882500"><ele>6.932</ele><time>2026-07-18T14:32:16Z</time><speed>0.000</speed><sat>16</sat></trkpt>
  <trkpt lat="26.41240667" lon="-80.16882500"><ele>6.932</ele><time>2026-07-18T14:32:17Z</time><speed>0.000</speed><sat>16</sat></trkpt>
  <trkpt lat="26.41240667" lon="-80.16882500"><ele>6.932</ele><time>2026-07-18T14:32:18Z</time><speed>0.000</speed><sat>14</sat></trkpt>
  <trkpt lat="26.41240667" lon="-80.16882500"><ele>6.932</ele><time>2026-07-18T14:32:19Z</time><speed>0.000</speed><sat>14</sat></trkpt>
  <trkpt lat="26.41240667" lon="-80.16882500"><ele>6.932</ele><time>2026-07-18T14:32:20Z</time><speed>0.000</speed><sat>14</sat></trkpt>
  <trkpt lat="26.41240667" lon="-80.16882500"><ele>6.932</ele><time>2026-07-18T14:32:21Z</time><speed>0.000</speed><sat>15</sat></trkpt>
  <trkpt lat="26.41240667" lon="-80.16882500"><ele>6.932</ele><time>2026-07-18T14:32:22Z</time><speed>0.000</speed><sat>15</sat></trkpt>
  <trkpt lat="26.41240667" lon="-80.16882500"><ele>6.932</ele><time>2026-07-18T14:32:23Z</time><speed>0.000</speed><sat>15</sat></trkpt>
  <trkpt lat="26.41240667" lon="-80.16882500"><ele>6.932</ele><time>2026-07-18T14:32:24Z</time><speed>0.000</speed><sat>15</sat></trkpt>
  <trkpt lat="26.41240667" lon="-80.16882500"><ele>6.932</ele><time>2026-07-18T14:32:25Z</time><speed>0.000</speed><sat>15</sat></trkpt>
  <trkpt lat="26.41240667" lon="-80.16882500"><ele>6.932</ele><time>2026-07-18T14:32:26Z</time><speed>0.000</speed><sat>15</sat></trkpt>
  <trkpt lat="26.41240667" lon="-80.16882500"><ele>6.932</ele><time>2026-07-18T14:32:27Z</time><speed>0.000</speed><sat>15</sat></trkpt>
  <trkpt lat="26.41240667" lon="-80.16882500"><ele>6.932</ele><time>2026-07-18T14:32:28Z</time><speed>0.000</speed><sat>15</sat></trkpt>
  <trkpt lat="26.41240667" lon="-80.16882500"><ele>6.932</ele><time>2026-07-18T14:32:29Z</time><speed>0.000</speed><sat>15</sat></trkpt>
  <trkpt lat="26.41240667" lon="-80.16882500"><ele>6.932</ele><time>2026-07-18T14:32:30Z</time><speed>0.000</speed><sat>15</sat></trkpt>
  <trkpt lat="26.41240667" lon="-80.16882500"><ele>6.932</ele><time>2026-07-18T14:32:31Z</time><speed>0.000</speed><sat>15</sat></trkpt>
  <trkpt lat="26.41240667" lon="-80.16882500"><ele>6.932</ele><time>2026-07-18T14:32:32Z</time><speed>0.000</speed><sat>15</sat></trkpt>
  <trkpt lat="26.41240667" lon="-80.16882500"><ele>6.932</ele><time>2026-07-18T14:32:33Z</time><speed>0.000</speed><sat>15</sat></trkpt>
  <trkpt lat="26.41240667" lon="-80.16882500"><ele>6.932</ele><time>2026-07-18T14:32:34Z</time><speed>0.000</speed><sat>15</sat></trkpt>
  <trkpt lat="26.41240667" lon="-80.16882500"><ele>6.932</ele><time>2026-07-18T14:32:35Z</time><speed>0.000</speed><sat>15</sat></trkpt>
  <trkpt lat="26.41240667" lon="-80.16882500"><ele>6.932</ele><time>2026-07-18T14:32:36Z</time><speed>0.000</speed><sat>15</sat></trkpt>
  <trkpt lat="26.41240667" lon="-80.16882500"><ele>6.932</ele><time>2026-07-18T14:32:37Z</time><speed>0.000</speed><sat>15</sat></trkpt>
  <trkpt lat="26.41240667" lon="-80.16882500"><ele>6.932</ele><time>2026-07-18T14:32:38Z</time><speed>0.000</speed><sat>15</sat></trkpt>
  <trkpt lat="26.41240667" lon="-80.16882500"><ele>6.932</ele><time>2026-07-18T14:32:39Z</time><speed>0.000</speed><sat>15</sat></trkpt>
  <trkpt lat="26.41240667" lon="-80.16882500"><ele>6.932</ele><time>2026-07-18T14:32:40Z</time><speed>0.000</speed><sat>15</sat></trkpt>
  <trkpt lat="26.41240667" lon="-80.16882500"><ele>6.932</ele><time>2026-07-18T14:32:41Z</time><speed>0.000</speed><sat>15</sat></trkpt>
  <trkpt lat="26.41240667" lon="-80.16882500"><ele>6.932</ele><time>2026-07-18T14:32:42Z</time><speed>0.000</speed><sat>16</sat></trkpt>
  <trkpt lat="26.41240667" lon="-80.16882500"><ele>6.932</ele><time>2026-07-18T14:32:43Z</time><speed>0.000</speed><sat>16</sat></trkpt>
  <trkpt lat="26.41240667" lon="-80.16882500"><ele>6.932</ele><time>2026-07-18T14:32:44Z</time><speed>0.000</speed><sat>16</sat></trkpt>
  <trkpt lat="26.41240667" lon="-80.16882500"><ele>6.932</ele><time>2026-07-18T14:32:45Z</time><speed>0.000</speed><sat>16</sat></trkpt>
  <trkpt lat="26.41240667" lon="-80.16882500"><ele>6.932</ele><time>2026-07-18T14:32:46Z</time><speed>0.000</speed><sat>16</sat></trkpt>
  <trkpt lat="26.41240667" lon="-80.16882500"><ele>6.932</ele><time>2026-07-18T14:32:47Z</time><speed>0.000</speed><sat>16</sat></trkpt>
  <trkpt lat="26.41240667" lon="-80.16882500"><ele>6.932</ele><time>2026-07-18T14:32:48Z</time><speed>0.000</speed><sat>16</sat></trkpt>
  <trkpt lat="26.41240667" lon="-80.16882500"><ele>6.932</ele><time>2026-07-18T14:32:49Z</time><speed>0.000</speed><sat>16</sat></trkpt>
  <trkpt lat="26.41240667" lon="-80.16882500"><ele>6.932</ele><time>2026-07-18T14:32:50Z</time><speed>0.000</speed><sat>16</sat></trkpt>
  <trkpt lat="26.41240667" lon="-80.16882500"><ele>6.932</ele><time>2026-07-18T14:32:51Z</time><speed>0.000</speed><sat>16</sat></trkpt>
  <trkpt lat="26.41240667" lon="-80.16882500"><ele>6.932</ele><time>2026-07-18T14:32:52Z</time><speed>0.000</speed><sat>16</sat></trkpt>
  <trkpt lat="26.41240667" lon="-80.16882500"><ele>6.932</ele><time>2026-07-18T14:32:53Z</time><speed>0.000</speed><sat>16</sat></trkpt>
  <trkpt lat="26.41240667" lon="-80.16882500"><ele>6.932</ele><time>2026-07-18T14:32:54Z</time><speed>0.000</speed><sat>16</sat></trkpt>
  <trkpt lat="26.41240667" lon="-80.16882500"><ele>6.932</ele><time>2026-07-18T14:32:55Z</time><speed>0.000</speed><sat>16</sat></trkpt>
  <trkpt lat="26.41240667" lon="-80.16882500"><ele>6.932</ele><time>2026-07-18T14:32:56Z</time><speed>0.000</speed><sat>16</sat></trkpt>
  <trkpt lat="26.41240667" lon="-80.16882500"><ele>6.932</ele><time>2026-07-18T14:32:57Z</time><speed>0.000</speed><sat>16</sat></trkpt>
  <trkpt lat="26.41240667" lon="-80.16882500"><ele>6.932</ele><time>2026-07-18T14:32:58Z</time><speed>0.000</speed><sat>16</sat></trkpt>
  <trkpt lat="26.41240667" lon="-80.16882500"><ele>6.932</ele><time>2026-07-18T14:32:59Z</time><speed>0.000</speed><sat>16</sat></trkpt>
  <trkpt lat="26.41240667" lon="-80.16882500"><ele>6.932</ele><time>2026-07-18T14:33:00Z</time><speed>0.000</speed><sat>16</sat></trkpt>
  <trkpt lat="26.41240667" lon="-80.16882500"><ele>6.932</ele><time>2026-07-18T14:33:01Z</time><speed>0.000</speed><sat>16</sat></trkpt>
  <trkpt lat="26.41240667" lon="-80.16882500"><ele>6.932</ele><time>2026-07-18T14:33:02Z</time><speed>0.000</speed><sat>16</sat></trkpt>
  <trkpt lat="26.41240667" lon="-80.16882500"><ele>6.932</ele><time>2026-07-18T14:33:03Z</time><speed>0.000</speed><sat>16</sat></trkpt>
  <trkpt lat="26.41240667" lon="-80.16882500"><ele>6.932</ele><time>2026-07-18T14:33:04Z</time><speed>0.000</speed><sat>16</sat></trkpt>
  <trkpt lat="26.41240667" lon="-80.16882500"><ele>6.932</ele><time>2026-07-18T14:33:05Z</time><speed>0.000</speed><sat>16</sat></trkpt>
  <trkpt lat="26.41240667" lon="-80.16882500"><ele>6.932</ele><time>2026-07-18T14:33:06Z</time><speed>0.000</speed><sat>16</sat></trkpt>
  <trkpt lat="26.41240667" lon="-80.16882500"><ele>6.932</ele><time>2026-07-18T14:33:07Z</time><speed>0.000</speed><sat>16</sat></trkpt>
  <trkpt lat="26.41240667" lon="-80.16882500"><ele>6.932</ele><time>2026-07-18T14:33:08Z</time><speed>0.000</speed><sat>16</sat></trkpt>
  <trkpt lat="26.41240667" lon="-80.16882500"><ele>6.932</ele><time>2026-07-18T14:33:09Z</time><speed>0.000</speed><sat>16</sat></trkpt>
  <trkpt lat="26.41240667" lon="-80.16882500"><ele>6.932</ele><time>2026-07-18T14:33:10Z</time><speed>0.000</speed><sat>16</sat></trkpt>
  <trkpt lat="26.41240667" lon="-80.16882500"><ele>6.932</ele><time>2026-07-18T14:33:11Z</time><speed>0.000</speed><sat>16</sat></trkpt>
  <trkpt lat="26.41240667" lon="-80.16882500"><ele>6.932</ele><time>2026-07-18T14:33:12Z</time><speed>0.000</speed><sat>16</sat></trkpt>
  <trkpt lat="26.41240667" lon="-80.16882500"><ele>6.932</ele><time>2026-07-18T14:33:13Z</time><speed>0.000</speed><sat>16</sat></trkpt>
  <trkpt lat="26.41240667" lon="-80.16882500"><ele>6.932</ele><time>2026-07-18T14:33:14Z</time><speed>0.000</speed><sat>16</sat></trkpt>
  <trkpt lat="26.41240667" lon="-80.16882500"><ele>6.932</ele><time>2026-07-18T14:33:15Z</time><speed>0.000</speed><sat>16</sat></trkpt>
  <trkpt lat="26.41240667" lon="-80.16882500"><ele>6.932</ele><time>2026-07-18T14:33:16Z</time><speed>0.000</speed><sat>16</sat></trkpt>
  <trkpt lat="26.41240667" lon="-80.16882500"><ele>6.932</ele><time>2026-07-18T14:33:17Z</time><speed>0.000</speed><sat>16</sat></trkpt>
  <trkpt lat="26.41240667" lon="-80.16882500"><ele>6.932</ele><time>2026-07-18T14:33:18Z</time><speed>0.000</speed><sat>16</sat></trkpt>
  <trkpt lat="26.41240667" lon="-80.16882500"><ele>6.932</ele><time>2026-07-18T14:33:19Z</time><speed>0.000</speed><sat>16</sat></trkpt>
  <trkpt lat="26.41240667" lon="-80.16882500"><ele>6.932</ele><time>2026-07-18T14:33:20Z</time><speed>0.000</speed><sat>16</sat></trkpt>
  <trkpt lat="26.41240667" lon="-80.16882500"><ele>6.932</ele><time>2026-07-18T14:33:21Z</time><speed>0.000</speed><sat>16</sat></trkpt>
  <trkpt lat="26.41240667" lon="-80.16882500"><ele>6.932</ele><time>2026-07-18T14:33:22Z</time><speed>0.000</speed><sat>16</sat></trkpt>
  <trkpt lat="26.41240667" lon="-80.16882500"><ele>6.932</ele><time>2026-07-18T14:33:23Z</time><speed>0.000</speed><sat>16</sat></trkpt>
  <trkpt lat="26.41240667" lon="-80.16882500"><ele>6.932</ele><time>2026-07-18T14:33:24Z</time><speed>0.000</speed><sat>16</sat></trkpt>
  <trkpt lat="26.41240667" lon="-80.16882500"><ele>6.932</ele><time>2026-07-18T14:33:25Z</time><speed>0.000</speed><sat>16</sat></trkpt>
  <trkpt lat="26.41240667" lon="-80.16882500"><ele>6.932</ele><time>2026-07-18T14:33:26Z</time><speed>0.000</speed><sat>16</sat></trkpt>
  <trkpt lat="26.41240667" lon="-80.16882500"><ele>6.932</ele><time>2026-07-18T14:33:27Z</time><speed>0.000</speed><sat>16</sat></trkpt>
  <trkpt lat="26.41240667" lon="-80.16882500"><ele>6.932</ele><time>2026-07-18T14:33:28Z</time><speed>0.000</speed><sat>16</sat></trkpt>
  <trkpt lat="26.41240667" lon="-80.16882500"><ele>6.932</ele><time>2026-07-18T14:33:29Z</time><speed>0.000</speed><sat>16</sat></trkpt>
  <trkpt lat="26.41240667" lon="-80.16882500"><ele>6.932</ele><time>2026-07-18T14:33:30Z</time><speed>0.000</speed><sat>16</sat></trkpt>
  <trkpt lat="26.41240667" lon="-80.16882500"><ele>6.932</ele><time>2026-07-18T14:33:31Z</time><speed>0.000</speed><sat>16</sat></trkpt>
  <trkpt lat="26.41240667" lon="-80.16882500"><ele>6.932</ele><time>2026-07-18T14:33:32Z</time><speed>0.000</speed><sat>16</sat></trkpt>
  <trkpt lat="26.41240667" lon="-80.16882500"><ele>6.932</ele><time>2026-07-18T14:33:33Z</time><speed>0.000</speed><sat>16</sat></trkpt>
  <trkpt lat="26.41240667" lon="-80.16882500"><ele>6.932</ele><time>2026-07-18T14:33:34Z</time><speed>0.000</speed><sat>16</sat></trkpt>
  <trkpt lat="26.41240667" lon="-80.16882500"><ele>6.932</ele><time>2026-07-18T14:33:35Z</time><speed>0.000</speed><sat>16</sat></trkpt>
  <trkpt lat="26.41240667" lon="-80.16882500"><ele>6.932</ele><time>2026-07-18T14:33:36Z</time><speed>0.000</speed><sat>16</sat></trkpt>
  <trkpt lat="26.41240667" lon="-80.16882500"><ele>6.932</ele><time>2026-07-18T14:33:37Z</time><speed>0.000</speed><sat>16</sat></trkpt>
  <trkpt lat="26.41240667" lon="-80.16882500"><ele>6.932</ele><time>2026-07-18T14:33:38Z</time><speed>0.000</speed><sat>16</sat></trkpt>
  <trkpt lat="26.41240667" lon="-80.16882500"><ele>6.932</ele><time>2026-07-18T14:33:39Z</time><speed>0.000</speed><sat>16</sat></trkpt>
  <trkpt lat="26.41240667" lon="-80.16882500"><ele>6.932</ele><time>2026-07-18T14:33:40Z</time><speed>0.000</speed><sat>16</sat></trkpt>
  <trkpt lat="26.41240667" lon="-80.16882500"><ele>6.932</ele><time>2026-07-18T14:33:41Z</time><speed>0.000</speed><sat>16</sat></trkpt>
  <trkpt lat="26.41240667" lon="-80.16882500"><ele>6.932</ele><time>2026-07-18T14:33:42Z</time><speed>0.000</speed><sat>16</sat></trkpt>
  <trkpt lat="26.41240667" lon="-80.16882500"><ele>6.932</ele><time>2026-07-18T14:33:43Z</time><speed>0.000</speed><sat>16</sat></trkpt>
  <trkpt lat="26.41240667" lon="-80.16882500"><ele>6.932</ele><time>2026-07-18T14:33:44Z</time><speed>0.000</speed><sat>16</sat></trkpt>
  <trkpt lat="26.41240667" lon="-80.16882500"><ele>6.932</ele><time>2026-07-18T14:33:45Z</time><speed>0.000</speed><sat>16</sat></trkpt>
  <trkpt lat="26.41240667" lon="-80.16882500"><ele>6.932</ele><time>2026-07-18T14:33:46Z</time><speed>0.000</speed><sat>16</sat></trkpt>
  <trkpt lat="26.41240667" lon="-80.16882500"><ele>6.932</ele><time>2026-07-18T14:33:47Z</time><speed>0.000</speed><sat>16</sat></trkpt>
  <trkpt lat="26.41240667" lon="-80.16882500"><ele>6.932</ele><time>2026-07-18T14:33:48Z</time><speed>0.000</speed><sat>16</sat></trkpt>
  <trkpt lat="26.41240667" lon="-80.16882500"><ele>6.932</ele><time>2026-07-18T14:33:49Z</time><speed>0.000</speed><sat>16</sat></trkpt>
  <trkpt lat="26.41240667" lon="-80.16882500"><ele>6.932</ele><time>2026-07-18T14:33:50Z</time><speed>0.000</speed><sat>16</sat></trkpt>
  <trkpt lat="26.41240667" lon="-80.16882500"><ele>6.932</ele><time>2026-07-18T14:33:51Z</time><speed>0.000</speed><sat>16</sat></trkpt>
  <trkpt lat="26.41240667" lon="-80.16882500"><ele>6.932</ele><time>2026-07-18T14:33:52Z</time><speed>0.000</speed><sat>16</sat></trkpt>
  <trkpt lat="26.41240667" lon="-80.16882500"><ele>6.932</ele><time>2026-07-18T14:33:53Z</time><speed>0.000</speed><sat>16</sat></trkpt>
  <trkpt lat="26.41240667" lon="-80.16882500"><ele>6.932</ele><time>2026-07-18T14:33:54Z</time><speed>0.000</speed><sat>16</sat></trkpt>
  <trkpt lat="26.41240667" lon="-80.16882500"><ele>6.932</ele><time>2026-07-18T14:33:55Z</time><speed>0.000</speed><sat>16</sat></trkpt>
  <trkpt lat="26.41240667" lon="-80.16882500"><ele>6.932</ele><time>2026-07-18T14:33:56Z</time><speed>0.000</speed><sat>16</sat></trkpt>
  <trkpt lat="26.41240667" lon="-80.16882500"><ele>6.932</ele><time>2026-07-18T14:33:57Z</time><speed>0.000</speed><sat>16</sat></trkpt>
  <trkpt lat="26.41240667" lon="-80.16882500"><ele>6.932</ele><time>2026-07-18T14:33:58Z</time><speed>0.000</speed><sat>16</sat></trkpt>
  <trkpt lat="26.41240667" lon="-80.16882500"><ele>6.932</ele><time>2026-07-18T14:33:59Z</time><speed>0.000</speed><sat>16</sat></trkpt>
  <trkpt lat="26.41240667" lon="-80.16882500"><ele>6.932</ele><time>2026-07-18T14:34:00Z</time><speed>0.000</speed><sat>16</sat></trkpt>
  <trkpt lat="26.41240667" lon="-80.16882500"><ele>6.932</ele><time>2026-07-18T14:34:01Z</time><speed>0.000</speed><sat>16</sat></trkpt>
  <trkpt lat="26.41240667" lon="-80.16882500"><ele>6.932</ele><time>2026-07-18T14:34:02Z</time><speed>0.000</speed><sat>16</sat></trkpt>
  <trkpt lat="26.41240667" lon="-80.16882500"><ele>6.932</ele><time>2026-07-18T14:34:03Z</time><speed>0.000</speed><sat>16</sat></trkpt>
  <trkpt lat="26.41240667" lon="-80.16882500"><ele>6.932</ele><time>2026-07-18T14:34:04Z</time><speed>0.000</speed><sat>16</sat></trkpt>
  <trkpt lat="26.41240667" lon="-80.16882500"><ele>6.932</ele><time>2026-07-18T14:34:05Z</time><speed>0.000</speed><sat>16</sat></trkpt>
  <trkpt lat="26.41240667" lon="-80.16882500"><ele>6.932</ele><time>2026-07-18T14:34:06Z</time><speed>0.000</speed><sat>16</sat></trkpt>
  <trkpt lat="26.41240667" lon="-80.16882500"><ele>6.932</ele><time>2026-07-18T14:34:07Z</time><speed>0.000</speed><sat>16</sat></trkpt>
  <trkpt lat="26.41240667" lon="-80.16882500"><ele>6.932</ele><time>2026-07-18T14:34:08Z</time><speed>0.000</speed><sat>16</sat></trkpt>
  <trkpt lat="26.41240667" lon="-80.16882500"><ele>6.932</ele><time>2026-07-18T14:34:09Z</time><speed>0.000</speed><sat>16</sat></trkpt>
  <trkpt lat="26.41240667" lon="-80.16882500"><ele>6.932</ele><time>2026-07-18T14:34:10Z</time><speed>0.000</speed><sat>16</sat></trkpt>
  <trkpt lat="26.41240667" lon="-80.16882500"><ele>6.932</ele><time>2026-07-18T14:34:11Z</time><speed>0.000</speed><sat>16</sat></trkpt>
  <trkpt lat="26.41240667" lon="-80.16882500"><ele>6.932</ele><time>2026-07-18T14:34:12Z</time><speed>0.000</speed><sat>16</sat></trkpt>
  <trkpt lat="26.41240667" lon="-80.16882500"><ele>6.932</ele><time>2026-07-18T14:34:13Z</time><speed>0.000</speed><sat>16</sat></trkpt>
  <trkpt lat="26.41240667" lon="-80.16882500"><ele>6.932</ele><time>2026-07-18T14:34:14Z</time><speed>0.000</speed><sat>16</sat></trkpt>
  <trkpt lat="26.41240667" lon="-80.16882500"><ele>6.932</ele><time>2026-07-18T14:34:15Z</time><speed>0.000</speed><sat>16</sat></trkpt>
  <trkpt lat="26.41240667" lon="-80.16882500"><ele>6.932</ele><time>2026-07-18T14:34:16Z</time><speed>0.000</speed><sat>16</sat></trkpt>
  <trkpt lat="26.41240667" lon="-80.16882500"><ele>6.932</ele><time>2026-07-18T14:34:17Z</time><speed>0.000</speed><sat>15</sat></trkpt>
  <trkpt lat="26.41240667" lon="-80.16882500"><ele>6.932</ele><time>2026-07-18T14:34:18Z</time><speed>0.000</speed><sat>15</sat></trkpt>
  <trkpt lat="26.41240667" lon="-80.16882500"><ele>6.932</ele><time>2026-07-18T14:34:19Z</time><speed>0.000</speed><sat>15</sat></trkpt>
  <trkpt lat="26.41240667" lon="-80.16882500"><ele>6.932</ele><time>2026-07-18T14:34:20Z</time><speed>0.000</speed><sat>15</sat></trkpt>
  <trkpt lat="26.41240667" lon="-80.16882500"><ele>6.932</ele><time>2026-07-18T14:34:21Z</time><speed>0.000</speed><sat>15</sat></trkpt>
  <trkpt lat="26.41240667" lon="-80.16882500"><ele>6.932</ele><time>2026-07-18T14:34:22Z</time><speed>0.000</speed><sat>15</sat></trkpt>
  <trkpt lat="26.41240667" lon="-80.16882500"><ele>6.932</ele><time>2026-07-18T14:34:23Z</time><speed>0.000</speed><sat>15</sat></trkpt>
  <trkpt lat="26.41240667" lon="-80.16882500"><ele>6.932</ele><time>2026-07-18T14:34:24Z</time><speed>0.000</speed><sat>15</sat></trkpt>
  <trkpt lat="26.41240667" lon="-80.16882500"><ele>6.932</ele><time>2026-07-18T14:34:25Z</time><speed>0.000</speed><sat>15</sat></trkpt>
  <trkpt lat="26.41240667" lon="-80.16882500"><ele>6.932</ele><time>2026-07-18T14:34:26Z</time><speed>0.000</speed><sat>15</sat></trkpt>
  <trkpt lat="26.41240667" lon="-80.16882500"><ele>6.932</ele><time>2026-07-18T14:34:27Z</time><speed>0.000</speed><sat>15</sat></trkpt>
  <trkpt lat="26.41240667" lon="-80.16882500"><ele>6.932</ele><time>2026-07-18T14:34:28Z</time><speed>0.000</speed><sat>15</sat></trkpt>
  <trkpt lat="26.41240667" lon="-80.16882500"><ele>6.932</ele><time>2026-07-18T14:34:29Z</time><speed>0.000</speed><sat>15</sat></trkpt>
  <trkpt lat="26.41240667" lon="-80.16882500"><ele>6.932</ele><time>2026-07-18T14:34:30Z</time><speed>0.000</speed><sat>15</sat></trkpt>
  <trkpt lat="26.41240667" lon="-80.16882500"><ele>6.932</ele><time>2026-07-18T14:34:31Z</time><speed>0.000</speed><sat>15</sat></trkpt>
  <trkpt lat="26.41240667" lon="-80.16882500"><ele>6.932</ele><time>2026-07-18T14:34:32Z</time><speed>0.000</speed><sat>15</sat></trkpt>
  <trkpt lat="26.41240667" lon="-80.16882500"><ele>6.932</ele><time>2026-07-18T14:34:33Z</time><speed>0.000</speed><sat>15</sat></trkpt>
  <trkpt lat="26.41240667" lon="-80.16882500"><ele>6.932</ele><time>2026-07-18T14:34:34Z</time><speed>0.000</speed><sat>15</sat></trkpt>
  <trkpt lat="26.41240667" lon="-80.16882500"><ele>6.932</ele><time>2026-07-18T14:34:35Z</time><speed>0.000</speed><sat>15</sat></trkpt>
  <trkpt lat="26.41240667" lon="-80.16882500"><ele>6.932</ele><time>2026-07-18T14:34:36Z</time><speed>0.000</speed><sat>15</sat></trkpt>
  <trkpt lat="26.41240667" lon="-80.16882500"><ele>6.932</ele><time>2026-07-18T14:34:37Z</time><speed>0.000</speed><sat>15</sat></trkpt>
  <trkpt lat="26.41240667" lon="-80.16882500"><ele>6.932</ele><time>2026-07-18T14:34:38Z</time><speed>0.000</speed><sat>15</sat></trkpt>
  <trkpt lat="26.41240667" lon="-80.16882500"><ele>6.932</ele><time>2026-07-18T14:34:39Z</time><speed>0.000</speed><sat>15</sat></trkpt>
  <trkpt lat="26.41240667" lon="-80.16882500"><ele>6.932</ele><time>2026-07-18T14:34:40Z</time><speed>0.000</speed><sat>15</sat></trkpt>
  <trkpt lat="26.41242333" lon="-80.16888333"><ele>15.532</ele><time>2026-07-18T14:34:41Z</time><speed>0.289</speed><sat>15</sat></trkpt>
  <trkpt lat="26.41243500" lon="-80.16887833"><ele>15.032</ele><time>2026-07-18T14:34:42Z</time><speed>0.448</speed><sat>15</sat></trkpt>
  <trkpt lat="26.41245167" lon="-80.16887500"><ele>13.832</ele><time>2026-07-18T14:34:43Z</time><speed>0.591</speed><sat>15</sat></trkpt>
  <trkpt lat="26.41247000" lon="-80.16886833"><ele>13.032</ele><time>2026-07-18T14:34:44Z</time><speed>0.744</speed><sat>15</sat></trkpt>
  <trkpt lat="26.41248833" lon="-80.16886333"><ele>12.232</ele><time>2026-07-18T14:34:45Z</time><speed>0.929</speed><sat>15</sat></trkpt>
  <trkpt lat="26.41250667" lon="-80.16885667"><ele>11.932</ele><time>2026-07-18T14:34:46Z</time><speed>1.096</speed><sat>15</sat></trkpt>
  <trkpt lat="26.41252167" lon="-80.16885000"><ele>11.332</ele><time>2026-07-18T14:34:47Z</time><speed>1.250</speed><sat>15</sat></trkpt>
  <trkpt lat="26.41253667" lon="-80.16884167"><ele>11.132</ele><time>2026-07-18T14:34:48Z</time><speed>1.354</speed><sat>15</sat></trkpt>
  <trkpt lat="26.41254500" lon="-80.16883833"><ele>10.732</ele><time>2026-07-18T14:34:49Z</time><speed>1.450</speed><sat>15</sat></trkpt>
  <trkpt lat="26.41254667" lon="-80.16883167"><ele>10.332</ele><time>2026-07-18T14:34:50Z</time><speed>1.376</speed><sat>15</sat></trkpt>
  <trkpt lat="26.41254667" lon="-80.16883167"><ele>10.032</ele><time>2026-07-18T14:34:51Z</time><speed>1.248</speed><sat>15</sat></trkpt>
  <trkpt lat="26.41255000" lon="-80.16883333"><ele>9.632</ele><time>2026-07-18T14:34:52Z</time><speed>1.114</speed><sat>15</sat></trkpt>
  <trkpt lat="26.41255167" lon="-80.16883333"><ele>9.232</ele><time>2026-07-18T14:34:53Z</time><speed>0.995</speed><sat>15</sat></trkpt>
  <trkpt lat="26.41255500" lon="-80.16883500"><ele>8.932</ele><time>2026-07-18T14:34:54Z</time><speed>0.876</speed><sat>15</sat></trkpt>
  <trkpt lat="26.41255833" lon="-80.16883833"><ele>8.632</ele><time>2026-07-18T14:34:55Z</time><speed>0.702</speed><sat>15</sat></trkpt>
  <trkpt lat="26.41256167" lon="-80.16884167"><ele>8.632</ele><time>2026-07-18T14:34:56Z</time><speed>0.562</speed><sat>15</sat></trkpt>
  <trkpt lat="26.41256500" lon="-80.16884500"><ele>8.832</ele><time>2026-07-18T14:34:57Z</time><speed>0.410</speed><sat>15</sat></trkpt>
  <trkpt lat="26.41256500" lon="-80.16884833"><ele>9.132</ele><time>2026-07-18T14:34:58Z</time><speed>0.000</speed><sat>15</sat></trkpt>
  <trkpt lat="26.41256667" lon="-80.16885167"><ele>9.432</ele><time>2026-07-18T14:34:59Z</time><speed>0.000</speed><sat>15</sat></trkpt>
  <trkpt lat="26.41256667" lon="-80.16885333"><ele>9.632</ele><time>2026-07-18T14:35:00Z</time><speed>0.000</speed><sat>15</sat></trkpt>
  <trkpt lat="26.41256667" lon="-80.16885333"><ele>9.632</ele><time>2026-07-18T14:35:01Z</time><speed>0.000</speed><sat>15</sat></trkpt>
  <trkpt lat="26.41256667" lon="-80.16885333"><ele>9.632</ele><time>2026-07-18T14:35:02Z</time><speed>0.000</speed><sat>15</sat></trkpt>
  <trkpt lat="26.41256667" lon="-80.16885333"><ele>9.632</ele><time>2026-07-18T14:35:03Z</time><speed>0.000</speed><sat>15</sat></trkpt>
  <trkpt lat="26.41256667" lon="-80.16885333"><ele>9.632</ele><time>2026-07-18T14:35:04Z</time><speed>0.000</speed><sat>15</sat></trkpt>
  <trkpt lat="26.41256667" lon="-80.16885333"><ele>9.632</ele><time>2026-07-18T14:35:05Z</time><speed>0.000</speed><sat>15</sat></trkpt>
  <trkpt lat="26.41256667" lon="-80.16885333"><ele>9.632</ele><time>2026-07-18T14:35:06Z</time><speed>0.000</speed><sat>15</sat></trkpt>
  <trkpt lat="26.41256667" lon="-80.16885333"><ele>9.632</ele><time>2026-07-18T14:35:07Z</time><speed>0.000</speed><sat>15</sat></trkpt>
  <trkpt lat="26.41256667" lon="-80.16885333"><ele>9.632</ele><time>2026-07-18T14:35:08Z</time><speed>0.000</speed><sat>15</sat></trkpt>
  <trkpt lat="26.41256667" lon="-80.16885333"><ele>9.632</ele><time>2026-07-18T14:35:09Z</time><speed>0.000</speed><sat>15</sat></trkpt>
  <trkpt lat="26.41256667" lon="-80.16885333"><ele>9.632</ele><time>2026-07-18T14:35:10Z</time><speed>0.000</speed><sat>15</sat></trkpt>
  <trkpt lat="26.41256667" lon="-80.16885333"><ele>9.632</ele><time>2026-07-18T14:35:11Z</time><speed>0.000</speed><sat>15</sat></trkpt>
  <trkpt lat="26.41256667" lon="-80.16885333"><ele>9.632</ele><time>2026-07-18T14:35:12Z</time><speed>0.000</speed><sat>15</sat></trkpt>
  <trkpt lat="26.41256667" lon="-80.16885333"><ele>9.632</ele><time>2026-07-18T14:35:13Z</time><speed>0.000</speed><sat>15</sat></trkpt>
  <trkpt lat="26.41256667" lon="-80.16885333"><ele>9.632</ele><time>2026-07-18T14:35:14Z</time><speed>0.000</speed><sat>15</sat></trkpt>
  <trkpt lat="26.41256667" lon="-80.16885333"><ele>9.632</ele><time>2026-07-18T14:35:15Z</time><speed>0.000</speed><sat>15</sat></trkpt>
  <trkpt lat="26.41256667" lon="-80.16885333"><ele>9.632</ele><time>2026-07-18T14:35:16Z</time><speed>0.000</speed><sat>15</sat></trkpt>
  <trkpt lat="26.41256667" lon="-80.16885333"><ele>9.632</ele><time>2026-07-18T14:35:17Z</time><speed>0.000</speed><sat>15</sat></trkpt>
  <trkpt lat="26.41256667" lon="-80.16885333"><ele>9.632</ele><time>2026-07-18T14:35:18Z</time><speed>0.000</speed><sat>15</sat></trkpt>
  <trkpt lat="26.41256667" lon="-80.16885333"><ele>9.632</ele><time>2026-07-18T14:35:19Z</time><speed>0.000</speed><sat>15</sat></trkpt>
  <trkpt lat="26.41256667" lon="-80.16885333"><ele>9.632</ele><time>2026-07-18T14:35:20Z</time><speed>0.000</speed><sat>15</sat></trkpt>
  <trkpt lat="26.41256667" lon="-80.16885333"><ele>9.632</ele><time>2026-07-18T14:35:21Z</time><speed>0.000</speed><sat>15</sat></trkpt>
  <trkpt lat="26.41256667" lon="-80.16885333"><ele>9.632</ele><time>2026-07-18T14:35:22Z</time><speed>0.000</speed><sat>15</sat></trkpt>
  <trkpt lat="26.41256667" lon="-80.16885333"><ele>9.632</ele><time>2026-07-18T14:35:23Z</time><speed>0.000</speed><sat>15</sat></trkpt>
  <trkpt lat="26.41256667" lon="-80.16885333"><ele>9.632</ele><time>2026-07-18T14:35:24Z</time><speed>0.000</speed><sat>15</sat></trkpt>
  <trkpt lat="26.41256667" lon="-80.16885333"><ele>9.632</ele><time>2026-07-18T14:35:25Z</time><speed>0.000</speed><sat>14</sat></trkpt>
  <trkpt lat="26.41256667" lon="-80.16885333"><ele>9.632</ele><time>2026-07-18T14:35:26Z</time><speed>0.000</speed><sat>14</sat></trkpt>
  <trkpt lat="26.41256667" lon="-80.16885333"><ele>9.632</ele><time>2026-07-18T14:35:27Z</time><speed>0.000</speed><sat>14</sat></trkpt>
  <trkpt lat="26.41256667" lon="-80.16885333"><ele>9.632</ele><time>2026-07-18T14:35:28Z</time><speed>0.000</speed><sat>14</sat></trkpt>
  <trkpt lat="26.41256667" lon="-80.16885333"><ele>9.632</ele><time>2026-07-18T14:35:29Z</time><speed>0.000</speed><sat>14</sat></trkpt>
  <trkpt lat="26.41256667" lon="-80.16885333"><ele>9.632</ele><time>2026-07-18T14:35:30Z</time><speed>0.000</speed><sat>14</sat></trkpt>
  <trkpt lat="26.41256667" lon="-80.16885333"><ele>9.632</ele><time>2026-07-18T14:35:31Z</time><speed>0.000</speed><sat>14</sat></trkpt>
  <trkpt lat="26.41256667" lon="-80.16885333"><ele>9.632</ele><time>2026-07-18T14:35:32Z</time><speed>0.000</speed><sat>14</sat></trkpt>
  <trkpt lat="26.41256667" lon="-80.16885333"><ele>9.632</ele><time>2026-07-18T14:35:33Z</time><speed>0.000</speed><sat>15</sat></trkpt>
  <trkpt lat="26.41256667" lon="-80.16885333"><ele>9.632</ele><time>2026-07-18T14:35:34Z</time><speed>0.000</speed><sat>15</sat></trkpt>
  <trkpt lat="26.41256667" lon="-80.16885333"><ele>9.632</ele><time>2026-07-18T14:35:35Z</time><speed>0.000</speed><sat>15</sat></trkpt>
  <trkpt lat="26.41256667" lon="-80.16885333"><ele>9.632</ele><time>2026-07-18T14:35:36Z</time><speed>0.000</speed><sat>15</sat></trkpt>
  <trkpt lat="26.41256667" lon="-80.16885333"><ele>9.632</ele><time>2026-07-18T14:35:37Z</time><speed>0.000</speed><sat>15</sat></trkpt>
  <trkpt lat="26.41256667" lon="-80.16885333"><ele>9.632</ele><time>2026-07-18T14:35:38Z</time><speed>0.000</speed><sat>15</sat></trkpt>
  <trkpt lat="26.41256667" lon="-80.16885333"><ele>9.632</ele><time>2026-07-18T14:35:39Z</time><speed>0.000</speed><sat>14</sat></trkpt>
  <trkpt lat="26.41256667" lon="-80.16885333"><ele>9.632</ele><time>2026-07-18T14:35:40Z</time><speed>0.000</speed><sat>15</sat></trkpt>
  <trkpt lat="26.41256667" lon="-80.16885333"><ele>9.632</ele><time>2026-07-18T14:35:41Z</time><speed>0.000</speed><sat>15</sat></trkpt>
  <trkpt lat="26.41256667" lon="-80.16885333"><ele>9.632</ele><time>2026-07-18T14:35:42Z</time><speed>0.000</speed><sat>15</sat></trkpt>
  <trkpt lat="26.41256667" lon="-80.16885333"><ele>9.632</ele><time>2026-07-18T14:35:43Z</time><speed>0.000</speed><sat>15</sat></trkpt>
  <trkpt lat="26.41256667" lon="-80.16885333"><ele>9.632</ele><time>2026-07-18T14:35:44Z</time><speed>0.000</speed><sat>15</sat></trkpt>
  <trkpt lat="26.41256667" lon="-80.16885333"><ele>9.632</ele><time>2026-07-18T14:35:45Z</time><speed>0.000</speed><sat>15</sat></trkpt>
  <trkpt lat="26.41256667" lon="-80.16885333"><ele>9.632</ele><time>2026-07-18T14:35:46Z</time><speed>0.000</speed><sat>15</sat></trkpt>
  <trkpt lat="26.41256667" lon="-80.16885333"><ele>9.632</ele><time>2026-07-18T14:35:47Z</time><speed>0.000</speed><sat>15</sat></trkpt>
  <trkpt lat="26.41256667" lon="-80.16885333"><ele>9.632</ele><time>2026-07-18T14:35:48Z</time><speed>0.000</speed><sat>15</sat></trkpt>
  <trkpt lat="26.41256667" lon="-80.16885333"><ele>9.632</ele><time>2026-07-18T14:35:49Z</time><speed>0.000</speed><sat>15</sat></trkpt>
  <trkpt lat="26.41256667" lon="-80.16885333"><ele>9.632</ele><time>2026-07-18T14:35:50Z</time><speed>0.000</speed><sat>15</sat></trkpt>
  <trkpt lat="26.41256667" lon="-80.16885333"><ele>9.632</ele><time>2026-07-18T14:35:51Z</time><speed>0.000</speed><sat>15</sat></trkpt>
  <trkpt lat="26.41256667" lon="-80.16885333"><ele>9.632</ele><time>2026-07-18T14:35:52Z</time><speed>0.000</speed><sat>15</sat></trkpt>
  <trkpt lat="26.41256667" lon="-80.16885333"><ele>9.632</ele><time>2026-07-18T14:35:53Z</time><speed>0.000</speed><sat>15</sat></trkpt>
  <trkpt lat="26.41256667" lon="-80.16885333"><ele>9.632</ele><time>2026-07-18T14:35:54Z</time><speed>0.000</speed><sat>14</sat></trkpt>
  <trkpt lat="26.41256667" lon="-80.16885333"><ele>9.632</ele><time>2026-07-18T14:35:55Z</time><speed>0.000</speed><sat>14</sat></trkpt>
  <trkpt lat="26.41256667" lon="-80.16885333"><ele>9.632</ele><time>2026-07-18T14:35:56Z</time><speed>0.000</speed><sat>15</sat></trkpt>
  <trkpt lat="26.41256667" lon="-80.16885333"><ele>9.632</ele><time>2026-07-18T14:35:57Z</time><speed>0.000</speed><sat>15</sat></trkpt>
  <trkpt lat="26.41256667" lon="-80.16885333"><ele>9.632</ele><time>2026-07-18T14:35:58Z</time><speed>0.000</speed><sat>15</sat></trkpt>
  <trkpt lat="26.41256667" lon="-80.16885333"><ele>9.632</ele><time>2026-07-18T14:35:59Z</time><speed>0.000</speed><sat>15</sat></trkpt>
  <trkpt lat="26.41256667" lon="-80.16885333"><ele>9.632</ele><time>2026-07-18T14:36:00Z</time><speed>0.000</speed><sat>15</sat></trkpt>
  <trkpt lat="26.41256667" lon="-80.16885333"><ele>9.632</ele><time>2026-07-18T14:36:01Z</time><speed>0.000</speed><sat>15</sat></trkpt>
  <trkpt lat="26.41256667" lon="-80.16885333"><ele>9.632</ele><time>2026-07-18T14:36:02Z</time><speed>0.000</speed><sat>15</sat></trkpt>
  <trkpt lat="26.41256667" lon="-80.16885333"><ele>9.632</ele><time>2026-07-18T14:36:03Z</time><speed>0.000</speed><sat>15</sat></trkpt>
  <trkpt lat="26.41256667" lon="-80.16885333"><ele>9.632</ele><time>2026-07-18T14:36:04Z</time><speed>0.000</speed><sat>15</sat></trkpt>
  <trkpt lat="26.41256667" lon="-80.16885333"><ele>9.632</ele><time>2026-07-18T14:36:05Z</time><speed>0.000</speed><sat>15</sat></trkpt>
  <trkpt lat="26.41256667" lon="-80.16885333"><ele>9.632</ele><time>2026-07-18T14:36:06Z</time><speed>0.000</speed><sat>15</sat></trkpt>
  <trkpt lat="26.41256667" lon="-80.16885333"><ele>9.632</ele><time>2026-07-18T14:36:07Z</time><speed>0.000</speed><sat>15</sat></trkpt>
  <trkpt lat="26.41256667" lon="-80.16885333"><ele>9.632</ele><time>2026-07-18T14:36:08Z</time><speed>0.000</speed><sat>15</sat></trkpt>
  <trkpt lat="26.41256667" lon="-80.16885333"><ele>9.632</ele><time>2026-07-18T14:36:09Z</time><speed>0.000</speed><sat>15</sat></trkpt>
  <trkpt lat="26.41256667" lon="-80.16885333"><ele>9.632</ele><time>2026-07-18T14:36:10Z</time><speed>0.000</speed><sat>15</sat></trkpt>
  <trkpt lat="26.41256667" lon="-80.16885333"><ele>9.632</ele><time>2026-07-18T14:36:11Z</time><speed>0.000</speed><sat>15</sat></trkpt>
  <trkpt lat="26.41256667" lon="-80.16885333"><ele>9.632</ele><time>2026-07-18T14:36:12Z</time><speed>0.000</speed><sat>15</sat></trkpt>
  <trkpt lat="26.41256667" lon="-80.16885333"><ele>9.632</ele><time>2026-07-18T14:36:13Z</time><speed>0.000</speed><sat>15</sat></trkpt>
  <trkpt lat="26.41256667" lon="-80.16885333"><ele>9.632</ele><time>2026-07-18T14:36:14Z</time><speed>0.000</speed><sat>15</sat></trkpt>
  <trkpt lat="26.41256667" lon="-80.16885333"><ele>9.632</ele><time>2026-07-18T14:36:15Z</time><speed>0.000</speed><sat>15</sat></trkpt>
  <trkpt lat="26.41256667" lon="-80.16885333"><ele>9.632</ele><time>2026-07-18T14:36:16Z</time><speed>0.000</speed><sat>15</sat></trkpt>
  <trkpt lat="26.41256667" lon="-80.16885333"><ele>9.632</ele><time>2026-07-18T14:36:17Z</time><speed>0.000</speed><sat>15</sat></trkpt>
  <trkpt lat="26.41256667" lon="-80.16885333"><ele>9.632</ele><time>2026-07-18T14:36:18Z</time><speed>0.000</speed><sat>15</sat></trkpt>
  <trkpt lat="26.41256667" lon="-80.16885333"><ele>9.632</ele><time>2026-07-18T14:36:19Z</time><speed>0.000</speed><sat>15</sat></trkpt>
  <trkpt lat="26.41256667" lon="-80.16885333"><ele>9.632</ele><time>2026-07-18T14:36:20Z</time><speed>0.000</speed><sat>15</sat></trkpt>
  <trkpt lat="26.41256667" lon="-80.16885333"><ele>9.632</ele><time>2026-07-18T14:36:21Z</time><speed>0.000</speed><sat>15</sat></trkpt>
  <trkpt lat="26.41256667" lon="-80.16885333"><ele>9.632</ele><time>2026-07-18T14:36:22Z</time><speed>0.000</speed><sat>15</sat></trkpt>
  <trkpt lat="26.41256667" lon="-80.16885333"><ele>9.632</ele><time>2026-07-18T14:36:23Z</time><speed>0.000</speed><sat>15</sat></trkpt>
  <trkpt lat="26.41256667" lon="-80.16885333"><ele>9.632</ele><time>2026-07-18T14:36:24Z</time><speed>0.000</speed><sat>15</sat></trkpt>
  <trkpt lat="26.41256667" lon="-80.16885333"><ele>9.632</ele><time>2026-07-18T14:36:25Z</time><speed>0.000</speed><sat>15</sat></trkpt>
  <trkpt lat="26.41256667" lon="-80.16885333"><ele>9.632</ele><time>2026-07-18T14:36:26Z</time><speed>0.000</speed><sat>15</sat></trkpt>
  <trkpt lat="26.41256667" lon="-80.16885333"><ele>9.632</ele><time>2026-07-18T14:36:27Z</time><speed>0.000</speed><sat>15</sat></trkpt>
  <trkpt lat="26.41256667" lon="-80.16885333"><ele>9.632</ele><time>2026-07-18T14:36:28Z</time><speed>0.000</speed><sat>15</sat></trkpt>
  <trkpt lat="26.41256667" lon="-80.16885333"><ele>9.632</ele><time>2026-07-18T14:36:29Z</time><speed>0.000</speed><sat>15</sat></trkpt>
  <trkpt lat="26.41256667" lon="-80.16885333"><ele>9.632</ele><time>2026-07-18T14:36:30Z</time><speed>0.000</speed><sat>15</sat></trkpt>
  <trkpt lat="26.41256667" lon="-80.16885333"><ele>9.632</ele><time>2026-07-18T14:36:31Z</time><speed>0.000</speed><sat>15</sat></trkpt>
  <trkpt lat="26.41256667" lon="-80.16885333"><ele>9.632</ele><time>2026-07-18T14:36:32Z</time><speed>0.000</speed><sat>15</sat></trkpt>
  <trkpt lat="26.41256667" lon="-80.16885333"><ele>9.632</ele><time>2026-07-18T14:36:33Z</time><speed>0.000</speed><sat>15</sat></trkpt>
  <trkpt lat="26.41256667" lon="-80.16885333"><ele>9.632</ele><time>2026-07-18T14:36:34Z</time><speed>0.000</speed><sat>15</sat></trkpt>
  <trkpt lat="26.41256667" lon="-80.16885333"><ele>9.632</ele><time>2026-07-18T14:36:35Z</time><speed>0.000</speed><sat>15</sat></trkpt>
  <trkpt lat="26.41256667" lon="-80.16885333"><ele>9.632</ele><time>2026-07-18T14:36:36Z</time><speed>0.000</speed><sat>15</sat></trkpt>
  <trkpt lat="26.41256667" lon="-80.16885333"><ele>9.632</ele><time>2026-07-18T14:36:37Z</time><speed>0.000</speed><sat>15</sat></trkpt>
  <trkpt lat="26.41256667" lon="-80.16885333"><ele>9.632</ele><time>2026-07-18T14:36:38Z</time><speed>0.000</speed><sat>15</sat></trkpt>
  <trkpt lat="26.41256667" lon="-80.16885333"><ele>9.632</ele><time>2026-07-18T14:36:39Z</time><speed>0.000</speed><sat>14</sat></trkpt>
  <trkpt lat="26.41256667" lon="-80.16885333"><ele>9.632</ele><time>2026-07-18T14:36:40Z</time><speed>0.000</speed><sat>14</sat></trkpt>
  <trkpt lat="26.41256667" lon="-80.16885333"><ele>9.632</ele><time>2026-07-18T14:36:41Z</time><speed>0.000</speed><sat>15</sat></trkpt>
  <trkpt lat="26.41256667" lon="-80.16885333"><ele>9.632</ele><time>2026-07-18T14:36:42Z</time><speed>0.000</speed><sat>15</sat></trkpt>
  <trkpt lat="26.41256667" lon="-80.16885333"><ele>9.632</ele><time>2026-07-18T14:36:43Z</time><speed>0.000</speed><sat>15</sat></trkpt>
  <trkpt lat="26.41256667" lon="-80.16885333"><ele>9.632</ele><time>2026-07-18T14:36:44Z</time><speed>0.000</speed><sat>15</sat></trkpt>
  <trkpt lat="26.41256667" lon="-80.16885333"><ele>9.632</ele><time>2026-07-18T14:36:45Z</time><speed>0.000</speed><sat>15</sat></trkpt>
  <trkpt lat="26.41256667" lon="-80.16885333"><ele>9.632</ele><time>2026-07-18T14:36:46Z</time><speed>0.000</speed><sat>15</sat></trkpt>
  <trkpt lat="26.41256667" lon="-80.16885333"><ele>9.632</ele><time>2026-07-18T14:36:47Z</time><speed>0.000</speed><sat>15</sat></trkpt>
  <trkpt lat="26.41256667" lon="-80.16885333"><ele>9.632</ele><time>2026-07-18T14:36:48Z</time><speed>0.000</speed><sat>15</sat></trkpt>
  <trkpt lat="26.41256667" lon="-80.16885333"><ele>9.632</ele><time>2026-07-18T14:36:49Z</time><speed>0.000</speed><sat>15</sat></trkpt>
  <trkpt lat="26.41256667" lon="-80.16885333"><ele>9.632</ele><time>2026-07-18T14:36:50Z</time><speed>0.000</speed><sat>15</sat></trkpt>
  <trkpt lat="26.41256667" lon="-80.16885333"><ele>9.632</ele><time>2026-07-18T14:36:51Z</time><speed>0.000</speed><sat>15</sat></trkpt>
  <trkpt lat="26.41256667" lon="-80.16885333"><ele>9.632</ele><time>2026-07-18T14:36:52Z</time><speed>0.000</speed><sat>15</sat></trkpt>
  <trkpt lat="26.41256667" lon="-80.16885333"><ele>9.632</ele><time>2026-07-18T14:36:53Z</time><speed>0.000</speed><sat>15</sat></trkpt>
  <trkpt lat="26.41256667" lon="-80.16885333"><ele>9.632</ele><time>2026-07-18T14:36:54Z</time><speed>0.000</speed><sat>15</sat></trkpt>
  <trkpt lat="26.41256667" lon="-80.16885333"><ele>9.632</ele><time>2026-07-18T14:36:55Z</time><speed>0.000</speed><sat>14</sat></trkpt>
  <trkpt lat="26.41256667" lon="-80.16885333"><ele>9.632</ele><time>2026-07-18T14:36:56Z</time><speed>0.000</speed><sat>14</sat></trkpt>
  <trkpt lat="26.41256667" lon="-80.16885333"><ele>9.632</ele><time>2026-07-18T14:36:57Z</time><speed>0.000</speed><sat>14</sat></trkpt>
  <trkpt lat="26.41256667" lon="-80.16885333"><ele>9.632</ele><time>2026-07-18T14:36:58Z</time><speed>0.000</speed><sat>14</sat></trkpt>
  <trkpt lat="26.41256667" lon="-80.16885333"><ele>9.632</ele><time>2026-07-18T14:36:59Z</time><speed>0.000</speed><sat>14</sat></trkpt>
  <trkpt lat="26.41256667" lon="-80.16885333"><ele>9.632</ele><time>2026-07-18T14:37:00Z</time><speed>0.000</speed><sat>14</sat></trkpt>
  <trkpt lat="26.41256667" lon="-80.16885333"><ele>9.632</ele><time>2026-07-18T14:37:01Z</time><speed>0.000</speed><sat>14</sat></trkpt>
  <trkpt lat="26.41256667" lon="-80.16885333"><ele>9.632</ele><time>2026-07-18T14:37:02Z</time><speed>0.000</speed><sat>14</sat></trkpt>
  <trkpt lat="26.41256667" lon="-80.16885333"><ele>9.632</ele><time>2026-07-18T14:37:03Z</time><speed>0.000</speed><sat>14</sat></trkpt>
  <trkpt lat="26.41256667" lon="-80.16885333"><ele>9.632</ele><time>2026-07-18T14:37:04Z</time><speed>0.000</speed><sat>15</sat></trkpt>
  <trkpt lat="26.41256667" lon="-80.16885333"><ele>9.632</ele><time>2026-07-18T14:37:05Z</time><speed>0.000</speed><sat>15</sat></trkpt>
  <trkpt lat="26.41256667" lon="-80.16885333"><ele>9.632</ele><time>2026-07-18T14:37:06Z</time><speed>0.000</speed><sat>15</sat></trkpt>
  <trkpt lat="26.41256667" lon="-80.16885333"><ele>9.632</ele><time>2026-07-18T14:37:07Z</time><speed>0.000</speed><sat>15</sat></trkpt>
  <trkpt lat="26.41256667" lon="-80.16885333"><ele>9.632</ele><time>2026-07-18T14:37:08Z</time><speed>0.000</speed><sat>15</sat></trkpt>
  <trkpt lat="26.41256667" lon="-80.16885333"><ele>9.632</ele><time>2026-07-18T14:37:09Z</time><speed>0.000</speed><sat>15</sat></trkpt>
  <trkpt lat="26.41256667" lon="-80.16885333"><ele>9.632</ele><time>2026-07-18T14:37:10Z</time><speed>0.000</speed><sat>15</sat></trkpt>
  <trkpt lat="26.41256667" lon="-80.16885333"><ele>9.632</ele><time>2026-07-18T14:37:11Z</time><speed>0.000</speed><sat>15</sat></trkpt>
  <trkpt lat="26.41256667" lon="-80.16885333"><ele>9.632</ele><time>2026-07-18T14:37:12Z</time><speed>0.000</speed><sat>15</sat></trkpt>
  <trkpt lat="26.41256667" lon="-80.16885333"><ele>9.632</ele><time>2026-07-18T14:37:13Z</time><speed>0.000</speed><sat>15</sat></trkpt>
  <trkpt lat="26.41256667" lon="-80.16885333"><ele>9.632</ele><time>2026-07-18T14:37:14Z</time><speed>0.000</speed><sat>15</sat></trkpt>
  <trkpt lat="26.41256667" lon="-80.16885333"><ele>9.632</ele><time>2026-07-18T14:37:15Z</time><speed>0.000</speed><sat>15</sat></trkpt>
  <trkpt lat="26.41256667" lon="-80.16885333"><ele>9.632</ele><time>2026-07-18T14:37:16Z</time><speed>0.000</speed><sat>15</sat></trkpt>
  <trkpt lat="26.41256667" lon="-80.16885333"><ele>9.632</ele><time>2026-07-18T14:37:17Z</time><speed>0.000</speed><sat>15</sat></trkpt>
  <trkpt lat="26.41256667" lon="-80.16885333"><ele>9.632</ele><time>2026-07-18T14:37:18Z</time><speed>0.000</speed><sat>15</sat></trkpt>
  <trkpt lat="26.41256667" lon="-80.16885333"><ele>9.632</ele><time>2026-07-18T14:37:19Z</time><speed>0.000</speed><sat>15</sat></trkpt>
  <trkpt lat="26.41256667" lon="-80.16885333"><ele>9.632</ele><time>2026-07-18T14:37:20Z</time><speed>0.000</speed><sat>15</sat></trkpt>
  <trkpt lat="26.41256667" lon="-80.16885333"><ele>9.632</ele><time>2026-07-18T14:37:21Z</time><speed>0.000</speed><sat>15</sat></trkpt>
  <trkpt lat="26.41256667" lon="-80.16885333"><ele>9.632</ele><time>2026-07-18T14:37:22Z</time><speed>0.000</speed><sat>15</sat></trkpt>
  <trkpt lat="26.41256667" lon="-80.16885333"><ele>9.632</ele><time>2026-07-18T14:37:23Z</time><speed>0.000</speed><sat>15</sat></trkpt>
  <trkpt lat="26.41256667" lon="-80.16885333"><ele>9.632</ele><time>2026-07-18T14:37:24Z</time><speed>0.000</speed><sat>15</sat></trkpt>
  <trkpt lat="26.41256667" lon="-80.16885333"><ele>9.632</ele><time>2026-07-18T14:37:25Z</time><speed>0.000</speed><sat>15</sat></trkpt>
  <trkpt lat="26.41256667" lon="-80.16885333"><ele>9.632</ele><time>2026-07-18T14:37:26Z</time><speed>0.000</speed><sat>15</sat></trkpt>
  <trkpt lat="26.41256667" lon="-80.16885333"><ele>9.632</ele><time>2026-07-18T14:37:27Z</time><speed>0.000</speed><sat>15</sat></trkpt>
  <trkpt lat="26.41256667" lon="-80.16885333"><ele>9.632</ele><time>2026-07-18T14:37:28Z</time><speed>0.000</speed><sat>15</sat></trkpt>
  <trkpt lat="26.41256667" lon="-80.16885333"><ele>9.632</ele><time>2026-07-18T14:37:29Z</time><speed>0.000</speed><sat>15</sat></trkpt>
  <trkpt lat="26.41256667" lon="-80.16885333"><ele>9.632</ele><time>2026-07-18T14:37:30Z</time><speed>0.000</speed><sat>15</sat></trkpt>
  <trkpt lat="26.41256667" lon="-80.16885333"><ele>9.632</ele><time>2026-07-18T14:37:31Z</time><speed>0.000</speed><sat>14</sat></trkpt>
  <trkpt lat="26.41256667" lon="-80.16885333"><ele>9.632</ele><time>2026-07-18T14:37:32Z</time><speed>0.000</speed><sat>14</sat></trkpt>
  <trkpt lat="26.41256667" lon="-80.16885333"><ele>9.632</ele><time>2026-07-18T14:37:33Z</time><speed>0.000</speed><sat>14</sat></trkpt>
  <trkpt lat="26.41256667" lon="-80.16885333"><ele>9.632</ele><time>2026-07-18T14:37:34Z</time><speed>0.000</speed><sat>14</sat></trkpt>
  <trkpt lat="26.41256667" lon="-80.16885333"><ele>9.632</ele><time>2026-07-18T14:37:35Z</time><speed>0.000</speed><sat>14</sat></trkpt>
  <trkpt lat="26.41256667" lon="-80.16885333"><ele>9.632</ele><time>2026-07-18T14:37:36Z</time><speed>0.000</speed><sat>14</sat></trkpt>
  <trkpt lat="26.41256667" lon="-80.16885333"><ele>9.632</ele><time>2026-07-18T14:37:37Z</time><speed>0.000</speed><sat>14</sat></trkpt>
  <trkpt lat="26.41256667" lon="-80.16885333"><ele>9.632</ele><time>2026-07-18T14:37:38Z</time><speed>0.000</speed><sat>14</sat></trkpt>
  <trkpt lat="26.41256667" lon="-80.16885333"><ele>9.632</ele><time>2026-07-18T14:37:39Z</time><speed>0.000</speed><sat>14</sat></trkpt>
  <trkpt lat="26.41256667" lon="-80.16885333"><ele>9.632</ele><time>2026-07-18T14:37:40Z</time><speed>0.000</speed><sat>14</sat></trkpt>
  <trkpt lat="26.41256667" lon="-80.16885333"><ele>9.632</ele><time>2026-07-18T14:37:41Z</time><speed>0.000</speed><sat>14</sat></trkpt>
  <trkpt lat="26.41256667" lon="-80.16885333"><ele>9.632</ele><time>2026-07-18T14:37:42Z</time><speed>0.000</speed><sat>14</sat></trkpt>
  <trkpt lat="26.41256667" lon="-80.16885333"><ele>9.632</ele><time>2026-07-18T14:37:43Z</time><speed>0.000</speed><sat>14</sat></trkpt>
  <trkpt lat="26.41256667" lon="-80.16885333"><ele>9.632</ele><time>2026-07-18T14:37:44Z</time><speed>0.000</speed><sat>14</sat></trkpt>
  <trkpt lat="26.41256667" lon="-80.16885333"><ele>9.632</ele><time>2026-07-18T14:37:45Z</time><speed>0.000</speed><sat>14</sat></trkpt>
  <trkpt lat="26.41256667" lon="-80.16885333"><ele>9.632</ele><time>2026-07-18T14:37:46Z</time><speed>0.000</speed><sat>14</sat></trkpt>
  <trkpt lat="26.41256667" lon="-80.16885333"><ele>9.632</ele><time>2026-07-18T14:37:47Z</time><speed>0.000</speed><sat>14</sat></trkpt>
  <trkpt lat="26.41256667" lon="-80.16885333"><ele>9.632</ele><time>2026-07-18T14:37:48Z</time><speed>0.000</speed><sat>14</sat></trkpt>
  <trkpt lat="26.41256667" lon="-80.16885333"><ele>9.632</ele><time>2026-07-18T14:37:49Z</time><speed>0.000</speed><sat>14</sat></trkpt>
  <trkpt lat="26.41256667" lon="-80.16885333"><ele>9.632</ele><time>2026-07-18T14:37:50Z</time><speed>0.000</speed><sat>15</sat></trkpt>
  <trkpt lat="26.41256667" lon="-80.16885333"><ele>9.632</ele><time>2026-07-18T14:37:51Z</time><speed>0.000</speed><sat>15</sat></trkpt>
  <trkpt lat="26.41256667" lon="-80.16885333"><ele>9.632</ele><time>2026-07-18T14:37:52Z</time><speed>0.000</speed><sat>15</sat></trkpt>
  <trkpt lat="26.41256667" lon="-80.16885333"><ele>9.632</ele><time>2026-07-18T14:37:53Z</time><speed>0.000</speed><sat>15</sat></trkpt>
  <trkpt lat="26.41256667" lon="-80.16885333"><ele>9.632</ele><time>2026-07-18T14:37:54Z</time><speed>0.000</speed><sat>15</sat></trkpt>
  <trkpt lat="26.41256667" lon="-80.16885333"><ele>9.632</ele><time>2026-07-18T14:37:55Z</time><speed>0.000</speed><sat>15</sat></trkpt>
  <trkpt lat="26.41256667" lon="-80.16885333"><ele>9.632</ele><time>2026-07-18T14:37:56Z</time><speed>0.000</speed><sat>14</sat></trkpt>
  <trkpt lat="26.41256667" lon="-80.16885333"><ele>9.632</ele><time>2026-07-18T14:37:57Z</time><speed>0.000</speed><sat>14</sat></trkpt>
  <trkpt lat="26.41256667" lon="-80.16885333"><ele>9.632</ele><time>2026-07-18T14:37:58Z</time><speed>0.000</speed><sat>14</sat></trkpt>
  <trkpt lat="26.41256667" lon="-80.16885333"><ele>9.632</ele><time>2026-07-18T14:37:59Z</time><speed>0.000</speed><sat>14</sat></trkpt>
  <trkpt lat="26.41256667" lon="-80.16885333"><ele>9.632</ele><time>2026-07-18T14:38:00Z</time><speed>0.000</speed><sat>14</sat></trkpt>
  <trkpt lat="26.41256667" lon="-80.16885333"><ele>9.632</ele><time>2026-07-18T14:38:01Z</time><speed>0.000</speed><sat>14</sat></trkpt>
  <trkpt lat="26.41256667" lon="-80.16885333"><ele>9.632</ele><time>2026-07-18T14:38:02Z</time><speed>0.000</speed><sat>14</sat></trkpt>
  <trkpt lat="26.41256667" lon="-80.16885333"><ele>9.632</ele><time>2026-07-18T14:38:03Z</time><speed>0.000</speed><sat>14</sat></trkpt>
  <trkpt lat="26.41256667" lon="-80.16885333"><ele>9.632</ele><time>2026-07-18T14:38:04Z</time><speed>0.000</speed><sat>14</sat></trkpt>
  <trkpt lat="26.41256667" lon="-80.16885333"><ele>9.632</ele><time>2026-07-18T14:38:05Z</time><speed>0.000</speed><sat>14</sat></trkpt>
  <trkpt lat="26.41256667" lon="-80.16885333"><ele>9.632</ele><time>2026-07-18T14:38:06Z</time><speed>0.000</speed><sat>14</sat></trkpt>
  <trkpt lat="26.41256667" lon="-80.16885333"><ele>9.632</ele><time>2026-07-18T14:38:07Z</time><speed>0.000</speed><sat>14</sat></trkpt>
  <trkpt lat="26.41256667" lon="-80.16885333"><ele>9.632</ele><time>2026-07-18T14:38:08Z</time><speed>0.000</speed><sat>14</sat></trkpt>
  <trkpt lat="26.41256667" lon="-80.16885333"><ele>9.632</ele><time>2026-07-18T14:38:09Z</time><speed>0.000</speed><sat>14</sat></trkpt>
  <trkpt lat="26.41256667" lon="-80.16885333"><ele>9.632</ele><time>2026-07-18T14:38:10Z</time><speed>0.000</speed><sat>14</sat></trkpt>
  <trkpt lat="26.41256667" lon="-80.16885333"><ele>9.632</ele><time>2026-07-18T14:38:11Z</time><speed>0.000</speed><sat>14</sat></trkpt>
  <trkpt lat="26.41256667" lon="-80.16885333"><ele>9.632</ele><time>2026-07-18T14:38:12Z</time><speed>0.000</speed><sat>14</sat></trkpt>
  <trkpt lat="26.41256667" lon="-80.16885333"><ele>9.632</ele><time>2026-07-18T14:38:13Z</time><speed>0.000</speed><sat>14</sat></trkpt>
  <trkpt lat="26.41256667" lon="-80.16885333"><ele>9.632</ele><time>2026-07-18T14:38:14Z</time><speed>0.000</speed><sat>14</sat></trkpt>
  <trkpt lat="26.41256667" lon="-80.16885333"><ele>9.632</ele><time>2026-07-18T14:38:15Z</time><speed>0.000</speed><sat>14</sat></trkpt>
  <trkpt lat="26.41256667" lon="-80.16885333"><ele>9.632</ele><time>2026-07-18T14:38:16Z</time><speed>0.000</speed><sat>14</sat></trkpt>
  <trkpt lat="26.41256667" lon="-80.16885333"><ele>9.632</ele><time>2026-07-18T14:38:17Z</time><speed>0.000</speed><sat>14</sat></trkpt>
  <trkpt lat="26.41256667" lon="-80.16885333"><ele>9.632</ele><time>2026-07-18T14:38:18Z</time><speed>0.000</speed><sat>15</sat></trkpt>
  <trkpt lat="26.41256667" lon="-80.16885333"><ele>9.632</ele><time>2026-07-18T14:38:19Z</time><speed>0.000</speed><sat>15</sat></trkpt>
  <trkpt lat="26.41256667" lon="-80.16885333"><ele>9.632</ele><time>2026-07-18T14:38:20Z</time><speed>0.000</speed><sat>15</sat></trkpt>
  <trkpt lat="26.41256667" lon="-80.16885333"><ele>9.632</ele><time>2026-07-18T14:38:21Z</time><speed>0.000</speed><sat>15</sat></trkpt>
  <trkpt lat="26.41256667" lon="-80.16885333"><ele>9.632</ele><time>2026-07-18T14:38:22Z</time><speed>0.000</speed><sat>15</sat></trkpt>
  <trkpt lat="26.41256667" lon="-80.16885333"><ele>9.632</ele><time>2026-07-18T14:38:23Z</time><speed>0.000</speed><sat>15</sat></trkpt>
  <trkpt lat="26.41256667" lon="-80.16885333"><ele>9.632</ele><time>2026-07-18T14:38:24Z</time><speed>0.000</speed><sat>15</sat></trkpt>
  <trkpt lat="26.41256667" lon="-80.16885333"><ele>9.632</ele><time>2026-07-18T14:38:25Z</time><speed>0.000</speed><sat>15</sat></trkpt>
  <trkpt lat="26.41256667" lon="-80.16885333"><ele>9.632</ele><time>2026-07-18T14:38:26Z</time><speed>0.000</speed><sat>15</sat></trkpt>
  <trkpt lat="26.41256667" lon="-80.16885333"><ele>9.632</ele><time>2026-07-18T14:38:27Z</time><speed>0.000</speed><sat>15</sat></trkpt>
  <trkpt lat="26.41256667" lon="-80.16885333"><ele>9.632</ele><time>2026-07-18T14:38:28Z</time><speed>0.000</speed><sat>15</sat></trkpt>
  <trkpt lat="26.41256667" lon="-80.16885333"><ele>9.632</ele><time>2026-07-18T14:38:29Z</time><speed>0.000</speed><sat>15</sat></trkpt>
  <trkpt lat="26.41256667" lon="-80.16885333"><ele>9.632</ele><time>2026-07-18T14:38:30Z</time><speed>0.000</speed><sat>15</sat></trkpt>
  <trkpt lat="26.41256667" lon="-80.16885333"><ele>9.632</ele><time>2026-07-18T14:38:31Z</time><speed>0.000</speed><sat>15</sat></trkpt>
  <trkpt lat="26.41256667" lon="-80.16885333"><ele>9.632</ele><time>2026-07-18T14:38:32Z</time><speed>0.000</speed><sat>15</sat></trkpt>
  <trkpt lat="26.41256667" lon="-80.16885333"><ele>9.632</ele><time>2026-07-18T14:38:33Z</time><speed>0.000</speed><sat>15</sat></trkpt>
  <trkpt lat="26.41256667" lon="-80.16885333"><ele>9.632</ele><time>2026-07-18T14:38:34Z</time><speed>0.000</speed><sat>15</sat></trkpt>
  <trkpt lat="26.41256667" lon="-80.16885333"><ele>9.632</ele><time>2026-07-18T14:38:35Z</time><speed>0.000</speed><sat>15</sat></trkpt>
  <trkpt lat="26.41256667" lon="-80.16885333"><ele>9.632</ele><time>2026-07-18T14:38:36Z</time><speed>0.000</speed><sat>15</sat></trkpt>
  <trkpt lat="26.41256667" lon="-80.16885333"><ele>9.632</ele><time>2026-07-18T14:38:37Z</time><speed>0.000</speed><sat>15</sat></trkpt>
  <trkpt lat="26.41256667" lon="-80.16885333"><ele>9.632</ele><time>2026-07-18T14:38:38Z</time><speed>0.000</speed><sat>15</sat></trkpt>
  <trkpt lat="26.41256667" lon="-80.16885333"><ele>9.632</ele><time>2026-07-18T14:38:39Z</time><speed>0.000</speed><sat>15</sat></trkpt>
  <trkpt lat="26.41256667" lon="-80.16885333"><ele>9.632</ele><time>2026-07-18T14:38:40Z</time><speed>0.000</speed><sat>15</sat></trkpt>
  <trkpt lat="26.41256667" lon="-80.16885333"><ele>9.632</ele><time>2026-07-18T14:38:41Z</time><speed>0.000</speed><sat>15</sat></trkpt>
  <trkpt lat="26.41256667" lon="-80.16885333"><ele>9.632</ele><time>2026-07-18T14:38:42Z</time><speed>0.000</speed><sat>15</sat></trkpt>
  <trkpt lat="26.41256667" lon="-80.16885333"><ele>9.632</ele><time>2026-07-18T14:38:43Z</time><speed>0.000</speed><sat>15</sat></trkpt>
  <trkpt lat="26.41256667" lon="-80.16885333"><ele>9.632</ele><time>2026-07-18T14:38:44Z</time><speed>0.000</speed><sat>15</sat></trkpt>
  <trkpt lat="26.41256667" lon="-80.16885333"><ele>9.632</ele><time>2026-07-18T14:38:45Z</time><speed>0.000</speed><sat>15</sat></trkpt>
  <trkpt lat="26.41256667" lon="-80.16885333"><ele>9.632</ele><time>2026-07-18T14:38:46Z</time><speed>0.000</speed><sat>14</sat></trkpt>
  <trkpt lat="26.41256667" lon="-80.16885333"><ele>9.632</ele><time>2026-07-18T14:38:47Z</time><speed>0.000</speed><sat>15</sat></trkpt>
  <trkpt lat="26.41256667" lon="-80.16885333"><ele>9.632</ele><time>2026-07-18T14:38:48Z</time><speed>0.000</speed><sat>14</sat></trkpt>
  <trkpt lat="26.41256667" lon="-80.16885333"><ele>9.632</ele><time>2026-07-18T14:38:49Z</time><speed>0.000</speed><sat>14</sat></trkpt>
  <trkpt lat="26.41256667" lon="-80.16885333"><ele>9.632</ele><time>2026-07-18T14:38:50Z</time><speed>0.000</speed><sat>14</sat></trkpt>
  <trkpt lat="26.41256667" lon="-80.16885333"><ele>9.632</ele><time>2026-07-18T14:38:51Z</time><speed>0.000</speed><sat>14</sat></trkpt>
  <trkpt lat="26.41256667" lon="-80.16885333"><ele>9.632</ele><time>2026-07-18T14:38:52Z</time><speed>0.000</speed><sat>14</sat></trkpt>
  <trkpt lat="26.41256667" lon="-80.16885333"><ele>9.632</ele><time>2026-07-18T14:38:53Z</time><speed>0.000</speed><sat>14</sat></trkpt>
  <trkpt lat="26.41256667" lon="-80.16885333"><ele>9.632</ele><time>2026-07-18T14:38:54Z</time><speed>0.000</speed><sat>14</sat></trkpt>
  <trkpt lat="26.41256667" lon="-80.16885333"><ele>9.632</ele><time>2026-07-18T14:38:55Z</time><speed>0.000</speed><sat>14</sat></trkpt>
  <trkpt lat="26.41256667" lon="-80.16885333"><ele>9.632</ele><time>2026-07-18T14:38:56Z</time><speed>0.000</speed><sat>15</sat></trkpt>
  <trkpt lat="26.41256667" lon="-80.16885333"><ele>9.632</ele><time>2026-07-18T14:38:57Z</time><speed>0.000</speed><sat>15</sat></trkpt>
  <trkpt lat="26.41256667" lon="-80.16885333"><ele>9.632</ele><time>2026-07-18T14:38:58Z</time><speed>0.000</speed><sat>15</sat></trkpt>
  <trkpt lat="26.41256667" lon="-80.16885333"><ele>9.632</ele><time>2026-07-18T14:38:59Z</time><speed>0.000</speed><sat>15</sat></trkpt>
  <trkpt lat="26.41256667" lon="-80.16885333"><ele>9.632</ele><time>2026-07-18T14:39:00Z</time><speed>0.000</speed><sat>15</sat></trkpt>
  <trkpt lat="26.41256667" lon="-80.16885333"><ele>9.632</ele><time>2026-07-18T14:39:01Z</time><speed>0.000</speed><sat>15</sat></trkpt>
  <trkpt lat="26.41256667" lon="-80.16885333"><ele>9.632</ele><time>2026-07-18T14:39:02Z</time><speed>0.000</speed><sat>15</sat></trkpt>
  <trkpt lat="26.41256667" lon="-80.16885333"><ele>9.632</ele><time>2026-07-18T14:39:03Z</time><speed>0.000</speed><sat>14</sat></trkpt>
  <trkpt lat="26.41256667" lon="-80.16885333"><ele>9.632</ele><time>2026-07-18T14:39:04Z</time><speed>0.000</speed><sat>14</sat></trkpt>
  <trkpt lat="26.41256667" lon="-80.16885333"><ele>9.632</ele><time>2026-07-18T14:39:05Z</time><speed>0.000</speed><sat>14</sat></trkpt>
  <trkpt lat="26.41256667" lon="-80.16885333"><ele>9.632</ele><time>2026-07-18T14:39:06Z</time><speed>0.000</speed><sat>15</sat></trkpt>
  <trkpt lat="26.41256667" lon="-80.16885333"><ele>9.632</ele><time>2026-07-18T14:39:07Z</time><speed>0.000</speed><sat>14</sat></trkpt>
  <trkpt lat="26.41256667" lon="-80.16885333"><ele>9.632</ele><time>2026-07-18T14:39:08Z</time><speed>0.000</speed><sat>14</sat></trkpt>
  <trkpt lat="26.41256667" lon="-80.16885333"><ele>9.632</ele><time>2026-07-18T14:39:09Z</time><speed>0.000</speed><sat>14</sat></trkpt>
  <trkpt lat="26.41256667" lon="-80.16885333"><ele>9.632</ele><time>2026-07-18T14:39:10Z</time><speed>0.000</speed><sat>14</sat></trkpt>
  <trkpt lat="26.41256667" lon="-80.16885333"><ele>9.632</ele><time>2026-07-18T14:39:11Z</time><speed>0.000</speed><sat>14</sat></trkpt>
  <trkpt lat="26.41256667" lon="-80.16885333"><ele>9.632</ele><time>2026-07-18T14:39:12Z</time><speed>0.000</speed><sat>14</sat></trkpt>
  <trkpt lat="26.41256667" lon="-80.16885333"><ele>9.632</ele><time>2026-07-18T14:39:13Z</time><speed>0.000</speed><sat>14</sat></trkpt>
  <trkpt lat="26.41256667" lon="-80.16885333"><ele>9.632</ele><time>2026-07-18T14:39:14Z</time><speed>0.000</speed><sat>14</sat></trkpt>
  <trkpt lat="26.41256667" lon="-80.16885333"><ele>9.632</ele><time>2026-07-18T14:39:15Z</time><speed>0.000</speed><sat>14</sat></trkpt>
  <trkpt lat="26.41256667" lon="-80.16885333"><ele>9.632</ele><time>2026-07-18T14:39:16Z</time><speed>0.000</speed><sat>14</sat></trkpt>
  <trkpt lat="26.41256667" lon="-80.16885333"><ele>9.632</ele><time>2026-07-18T14:39:17Z</time><speed>0.000</speed><sat>14</sat></trkpt>
  <trkpt lat="26.41256667" lon="-80.16885333"><ele>9.632</ele><time>2026-07-18T14:39:18Z</time><speed>0.000</speed><sat>14</sat></trkpt>
  <trkpt lat="26.41256667" lon="-80.16885333"><ele>9.632</ele><time>2026-07-18T14:39:19Z</time><speed>0.000</speed><sat>14</sat></trkpt>
  <trkpt lat="26.41256667" lon="-80.16885333"><ele>9.632</ele><time>2026-07-18T14:39:20Z</time><speed>0.000</speed><sat>14</sat></trkpt>
  <trkpt lat="26.41256667" lon="-80.16885333"><ele>9.632</ele><time>2026-07-18T14:39:21Z</time><speed>0.000</speed><sat>14</sat></trkpt>
  <trkpt lat="26.41256667" lon="-80.16885333"><ele>9.632</ele><time>2026-07-18T14:39:22Z</time><speed>0.000</speed><sat>14</sat></trkpt>
  <trkpt lat="26.41256667" lon="-80.16885333"><ele>9.632</ele><time>2026-07-18T14:39:23Z</time><speed>0.000</speed><sat>14</sat></trkpt>
  <trkpt lat="26.41256667" lon="-80.16885333"><ele>9.632</ele><time>2026-07-18T14:39:24Z</time><speed>0.000</speed><sat>14</sat></trkpt>
  <trkpt lat="26.41256667" lon="-80.16885333"><ele>9.632</ele><time>2026-07-18T14:39:25Z</time><speed>0.000</speed><sat>14</sat></trkpt>
  <trkpt lat="26.41256667" lon="-80.16885333"><ele>9.632</ele><time>2026-07-18T14:39:26Z</time><speed>0.000</speed><sat>14</sat></trkpt>
  <trkpt lat="26.41256667" lon="-80.16885333"><ele>9.632</ele><time>2026-07-18T14:39:27Z</time><speed>0.000</speed><sat>14</sat></trkpt>
  <trkpt lat="26.41256667" lon="-80.16885333"><ele>9.632</ele><time>2026-07-18T14:39:28Z</time><speed>0.000</speed><sat>14</sat></trkpt>
  <trkpt lat="26.41256667" lon="-80.16885333"><ele>9.632</ele><time>2026-07-18T14:39:29Z</time><speed>0.000</speed><sat>14</sat></trkpt>
  <trkpt lat="26.41256667" lon="-80.16885333"><ele>9.632</ele><time>2026-07-18T14:39:30Z</time><speed>0.000</speed><sat>15</sat></trkpt>
  <trkpt lat="26.41256667" lon="-80.16885333"><ele>9.632</ele><time>2026-07-18T14:39:31Z</time><speed>0.000</speed><sat>15</sat></trkpt>
  <trkpt lat="26.41256667" lon="-80.16885333"><ele>9.632</ele><time>2026-07-18T14:39:32Z</time><speed>0.000</speed><sat>15</sat></trkpt>
  <trkpt lat="26.41256667" lon="-80.16885333"><ele>9.632</ele><time>2026-07-18T14:39:33Z</time><speed>0.000</speed><sat>15</sat></trkpt>
  <trkpt lat="26.41256667" lon="-80.16885333"><ele>9.632</ele><time>2026-07-18T14:39:34Z</time><speed>0.000</speed><sat>15</sat></trkpt>
  <trkpt lat="26.41256667" lon="-80.16885333"><ele>9.632</ele><time>2026-07-18T14:39:35Z</time><speed>0.000</speed><sat>14</sat></trkpt>
  <trkpt lat="26.41256667" lon="-80.16885333"><ele>9.632</ele><time>2026-07-18T14:39:36Z</time><speed>0.000</speed><sat>14</sat></trkpt>
  <trkpt lat="26.41256667" lon="-80.16885333"><ele>9.632</ele><time>2026-07-18T14:39:37Z</time><speed>0.000</speed><sat>15</sat></trkpt>
  <trkpt lat="26.41256667" lon="-80.16885333"><ele>9.632</ele><time>2026-07-18T14:39:38Z</time><speed>0.000</speed><sat>15</sat></trkpt>
  <trkpt lat="26.41256667" lon="-80.16885333"><ele>9.632</ele><time>2026-07-18T14:39:39Z</time><speed>0.000</speed><sat>15</sat></trkpt>
  <trkpt lat="26.41256667" lon="-80.16885333"><ele>9.632</ele><time>2026-07-18T14:39:40Z</time><speed>0.000</speed><sat>15</sat></trkpt>
  <trkpt lat="26.41256667" lon="-80.16885333"><ele>9.632</ele><time>2026-07-18T14:39:41Z</time><speed>0.000</speed><sat>15</sat></trkpt>
  <trkpt lat="26.41256667" lon="-80.16885333"><ele>9.632</ele><time>2026-07-18T14:39:42Z</time><speed>0.000</speed><sat>15</sat></trkpt>
  <trkpt lat="26.41256667" lon="-80.16885333"><ele>9.632</ele><time>2026-07-18T14:39:43Z</time><speed>0.000</speed><sat>15</sat></trkpt>
  <trkpt lat="26.41256667" lon="-80.16885333"><ele>9.632</ele><time>2026-07-18T14:39:44Z</time><speed>0.000</speed><sat>15</sat></trkpt>
  <trkpt lat="26.41256667" lon="-80.16885333"><ele>9.632</ele><time>2026-07-18T14:39:45Z</time><speed>0.000</speed><sat>15</sat></trkpt>
  <trkpt lat="26.41256667" lon="-80.16885333"><ele>9.632</ele><time>2026-07-18T14:39:46Z</time><speed>0.000</speed><sat>15</sat></trkpt>
  <trkpt lat="26.41256667" lon="-80.16885333"><ele>9.632</ele><time>2026-07-18T14:39:47Z</time><speed>0.000</speed><sat>15</sat></trkpt>
  <trkpt lat="26.41256667" lon="-80.16885333"><ele>9.632</ele><time>2026-07-18T14:39:48Z</time><speed>0.000</speed><sat>15</sat></trkpt>
  <trkpt lat="26.41256667" lon="-80.16885333"><ele>9.632</ele><time>2026-07-18T14:39:49Z</time><speed>0.000</speed><sat>15</sat></trkpt>
  <trkpt lat="26.41256667" lon="-80.16885333"><ele>9.632</ele><time>2026-07-18T14:39:50Z</time><speed>0.000</speed><sat>15</sat></trkpt>
  <trkpt lat="26.41256667" lon="-80.16885333"><ele>9.632</ele><time>2026-07-18T14:39:51Z</time><speed>0.000</speed><sat>15</sat></trkpt>
  <trkpt lat="26.41256667" lon="-80.16885333"><ele>9.632</ele><time>2026-07-18T14:39:52Z</time><speed>0.000</speed><sat>15</sat></trkpt>
  <trkpt lat="26.41256667" lon="-80.16885333"><ele>9.632</ele><time>2026-07-18T14:39:53Z</time><speed>0.000</speed><sat>15</sat></trkpt>
  <trkpt lat="26.41256667" lon="-80.16885333"><ele>9.632</ele><time>2026-07-18T14:39:54Z</time><speed>0.000</speed><sat>15</sat></trkpt>
  <trkpt lat="26.41256667" lon="-80.16885333"><ele>9.632</ele><time>2026-07-18T14:39:55Z</time><speed>0.000</speed><sat>15</sat></trkpt>
  <trkpt lat="26.41256667" lon="-80.16885333"><ele>9.632</ele><time>2026-07-18T14:39:56Z</time><speed>0.000</speed><sat>15</sat></trkpt>
  <trkpt lat="26.41256667" lon="-80.16885333"><ele>9.632</ele><time>2026-07-18T14:39:57Z</time><speed>0.000</speed><sat>15</sat></trkpt>
  <trkpt lat="26.41256667" lon="-80.16885333"><ele>9.632</ele><time>2026-07-18T14:39:58Z</time><speed>0.000</speed><sat>15</sat></trkpt>
  <trkpt lat="26.41256667" lon="-80.16885333"><ele>9.632</ele><time>2026-07-18T14:39:59Z</time><speed>0.000</speed><sat>15</sat></trkpt>
  <trkpt lat="26.41256667" lon="-80.16885333"><ele>9.632</ele><time>2026-07-18T14:40:00Z</time><speed>0.000</speed><sat>15</sat></trkpt>
  <trkpt lat="26.41256667" lon="-80.16885333"><ele>9.632</ele><time>2026-07-18T14:40:01Z</time><speed>0.000</speed><sat>15</sat></trkpt>
  <trkpt lat="26.41256667" lon="-80.16885333"><ele>9.632</ele><time>2026-07-18T14:40:02Z</time><speed>0.000</speed><sat>15</sat></trkpt>
  <trkpt lat="26.41256667" lon="-80.16885333"><ele>9.632</ele><time>2026-07-18T14:40:03Z</time><speed>0.000</speed><sat>15</sat></trkpt>
  <trkpt lat="26.41256667" lon="-80.16885333"><ele>9.632</ele><time>2026-07-18T14:40:04Z</time><speed>0.000</speed><sat>15</sat></trkpt>
  <trkpt lat="26.41256667" lon="-80.16885333"><ele>9.632</ele><time>2026-07-18T14:40:05Z</time><speed>0.000</speed><sat>15</sat></trkpt>
  <trkpt lat="26.41256667" lon="-80.16885333"><ele>9.632</ele><time>2026-07-18T14:40:06Z</time><speed>0.000</speed><sat>15</sat></trkpt>
  <trkpt lat="26.41256667" lon="-80.16885333"><ele>9.632</ele><time>2026-07-18T14:40:07Z</time><speed>0.000</speed><sat>15</sat></trkpt>
  <trkpt lat="26.41256667" lon="-80.16885333"><ele>9.632</ele><time>2026-07-18T14:40:08Z</time><speed>0.000</speed><sat>15</sat></trkpt>
  <trkpt lat="26.41256667" lon="-80.16885333"><ele>9.632</ele><time>2026-07-18T14:40:09Z</time><speed>0.000</speed><sat>15</sat></trkpt>
  <trkpt lat="26.41256667" lon="-80.16885333"><ele>9.632</ele><time>2026-07-18T14:40:10Z</time><speed>0.000</speed><sat>15</sat></trkpt>
  <trkpt lat="26.41256667" lon="-80.16885333"><ele>9.632</ele><time>2026-07-18T14:40:11Z</time><speed>0.000</speed><sat>15</sat></trkpt>
  <trkpt lat="26.41256667" lon="-80.16885333"><ele>9.632</ele><time>2026-07-18T14:40:12Z</time><speed>0.000</speed><sat>15</sat></trkpt>
  <trkpt lat="26.41256667" lon="-80.16885333"><ele>9.632</ele><time>2026-07-18T14:40:13Z</time><speed>0.000</speed><sat>15</sat></trkpt>
  <trkpt lat="26.41256667" lon="-80.16885333"><ele>9.632</ele><time>2026-07-18T14:40:14Z</time><speed>0.000</speed><sat>15</sat></trkpt>
  <trkpt lat="26.41256667" lon="-80.16885333"><ele>9.632</ele><time>2026-07-18T14:40:15Z</time><speed>0.000</speed><sat>15</sat></trkpt>
  <trkpt lat="26.41256667" lon="-80.16885333"><ele>9.632</ele><time>2026-07-18T14:40:16Z</time><speed>0.000</speed><sat>15</sat></trkpt>
  <trkpt lat="26.41256667" lon="-80.16885333"><ele>9.632</ele><time>2026-07-18T14:40:17Z</time><speed>0.000</speed><sat>15</sat></trkpt>
  <trkpt lat="26.41256667" lon="-80.16885333"><ele>9.632</ele><time>2026-07-18T14:40:18Z</time><speed>0.000</speed><sat>15</sat></trkpt>
  <trkpt lat="26.41256667" lon="-80.16885333"><ele>9.632</ele><time>2026-07-18T14:40:19Z</time><speed>0.000</speed><sat>14</sat></trkpt>
  <trkpt lat="26.41256667" lon="-80.16885333"><ele>9.632</ele><time>2026-07-18T14:40:20Z</time><speed>0.000</speed><sat>16</sat></trkpt>
  <trkpt lat="26.41256667" lon="-80.16885333"><ele>9.632</ele><time>2026-07-18T14:40:21Z</time><speed>0.000</speed><sat>16</sat></trkpt>
  <trkpt lat="26.41256667" lon="-80.16885333"><ele>9.632</ele><time>2026-07-18T14:40:22Z</time><speed>0.000</speed><sat>16</sat></trkpt>
  <trkpt lat="26.41256667" lon="-80.16885333"><ele>9.632</ele><time>2026-07-18T14:40:23Z</time><speed>0.000</speed><sat>16</sat></trkpt>
  <trkpt lat="26.41256667" lon="-80.16885333"><ele>9.632</ele><time>2026-07-18T14:40:24Z</time><speed>0.000</speed><sat>16</sat></trkpt>
  <trkpt lat="26.41256667" lon="-80.16885333"><ele>9.632</ele><time>2026-07-18T14:40:25Z</time><speed>0.000</speed><sat>16</sat></trkpt>
  <trkpt lat="26.41256667" lon="-80.16885333"><ele>9.632</ele><time>2026-07-18T14:40:26Z</time><speed>0.000</speed><sat>16</sat></trkpt>
  <trkpt lat="26.41256667" lon="-80.16885333"><ele>9.632</ele><time>2026-07-18T14:40:27Z</time><speed>0.000</speed><sat>15</sat></trkpt>
  <trkpt lat="26.41256667" lon="-80.16885333"><ele>9.632</ele><time>2026-07-18T14:40:28Z</time><speed>0.000</speed><sat>15</sat></trkpt>
  <trkpt lat="26.41256667" lon="-80.16885333"><ele>9.632</ele><time>2026-07-18T14:40:29Z</time><speed>0.000</speed><sat>15</sat></trkpt>
  <trkpt lat="26.41256667" lon="-80.16885333"><ele>9.632</ele><time>2026-07-18T14:40:30Z</time><speed>0.000</speed><sat>15</sat></trkpt>
  <trkpt lat="26.41256667" lon="-80.16885333"><ele>9.632</ele><time>2026-07-18T14:40:31Z</time><speed>0.000</speed><sat>15</sat></trkpt>
  <trkpt lat="26.41256667" lon="-80.16885333"><ele>9.632</ele><time>2026-07-18T14:40:32Z</time><speed>0.000</speed><sat>15</sat></trkpt>
  <trkpt lat="26.41256667" lon="-80.16885333"><ele>9.632</ele><time>2026-07-18T14:40:33Z</time><speed>0.000</speed><sat>15</sat></trkpt>
  <trkpt lat="26.41256667" lon="-80.16885333"><ele>9.632</ele><time>2026-07-18T14:40:34Z</time><speed>0.000</speed><sat>15</sat></trkpt>
  <trkpt lat="26.41256667" lon="-80.16885333"><ele>9.632</ele><time>2026-07-18T14:40:35Z</time><speed>0.000</speed><sat>15</sat></trkpt>
  <trkpt lat="26.41256667" lon="-80.16885333"><ele>9.632</ele><time>2026-07-18T14:40:36Z</time><speed>0.000</speed><sat>15</sat></trkpt>
  <trkpt lat="26.41256667" lon="-80.16885333"><ele>9.632</ele><time>2026-07-18T14:40:37Z</time><speed>0.000</speed><sat>15</sat></trkpt>
  <trkpt lat="26.41256667" lon="-80.16885333"><ele>9.632</ele><time>2026-07-18T14:40:38Z</time><speed>0.000</speed><sat>15</sat></trkpt>
  <trkpt lat="26.41256667" lon="-80.16885333"><ele>9.632</ele><time>2026-07-18T14:40:39Z</time><speed>0.000</speed><sat>15</sat></trkpt>
  <trkpt lat="26.41256667" lon="-80.16885333"><ele>9.632</ele><time>2026-07-18T14:40:40Z</time><speed>0.000</speed><sat>16</sat></trkpt>
  <trkpt lat="26.41256667" lon="-80.16885333"><ele>9.632</ele><time>2026-07-18T14:40:41Z</time><speed>0.000</speed><sat>16</sat></trkpt>
  <trkpt lat="26.41256667" lon="-80.16885333"><ele>9.632</ele><time>2026-07-18T14:40:42Z</time><speed>0.000</speed><sat>16</sat></trkpt>
  <trkpt lat="26.41256667" lon="-80.16885333"><ele>9.632</ele><time>2026-07-18T14:40:43Z</time><speed>0.000</speed><sat>16</sat></trkpt>
  <trkpt lat="26.41256667" lon="-80.16885333"><ele>9.632</ele><time>2026-07-18T14:40:44Z</time><speed>0.000</speed><sat>16</sat></trkpt>
  <trkpt lat="26.41256667" lon="-80.16885333"><ele>9.632</ele><time>2026-07-18T14:40:45Z</time><speed>0.000</speed><sat>16</sat></trkpt>
  <trkpt lat="26.41256667" lon="-80.16885333"><ele>9.632</ele><time>2026-07-18T14:40:46Z</time><speed>0.000</speed><sat>16</sat></trkpt>
  <trkpt lat="26.41256667" lon="-80.16885333"><ele>9.632</ele><time>2026-07-18T14:40:47Z</time><speed>0.000</speed><sat>16</sat></trkpt>
  <trkpt lat="26.41256667" lon="-80.16885333"><ele>9.632</ele><time>2026-07-18T14:40:48Z</time><speed>0.000</speed><sat>15</sat></trkpt>
  <trkpt lat="26.41256667" lon="-80.16885333"><ele>9.632</ele><time>2026-07-18T14:40:49Z</time><speed>0.000</speed><sat>16</sat></trkpt>
  <trkpt lat="26.41256667" lon="-80.16885333"><ele>9.632</ele><time>2026-07-18T14:40:50Z</time><speed>0.000</speed><sat>16</sat></trkpt>
  <trkpt lat="26.41256667" lon="-80.16885333"><ele>9.632</ele><time>2026-07-18T14:40:51Z</time><speed>0.000</speed><sat>16</sat></trkpt>
  <trkpt lat="26.41256667" lon="-80.16885333"><ele>9.632</ele><time>2026-07-18T14:40:52Z</time><speed>0.000</speed><sat>16</sat></trkpt>
  <trkpt lat="26.41256667" lon="-80.16885333"><ele>9.632</ele><time>2026-07-18T14:40:53Z</time><speed>0.000</speed><sat>15</sat></trkpt>
  <trkpt lat="26.41256667" lon="-80.16885333"><ele>9.632</ele><time>2026-07-18T14:40:54Z</time><speed>0.000</speed><sat>15</sat></trkpt>
  <trkpt lat="26.41256667" lon="-80.16885333"><ele>9.632</ele><time>2026-07-18T14:40:55Z</time><speed>0.000</speed><sat>15</sat></trkpt>
  <trkpt lat="26.41256667" lon="-80.16885333"><ele>9.632</ele><time>2026-07-18T14:40:56Z</time><speed>0.000</speed><sat>15</sat></trkpt>
  <trkpt lat="26.41256667" lon="-80.16885333"><ele>9.632</ele><time>2026-07-18T14:40:57Z</time><speed>0.000</speed><sat>15</sat></trkpt>
  <trkpt lat="26.41256667" lon="-80.16885333"><ele>9.632</ele><time>2026-07-18T14:40:58Z</time><speed>0.000</speed><sat>15</sat></trkpt>
  <trkpt lat="26.41256667" lon="-80.16885333"><ele>9.632</ele><time>2026-07-18T14:40:59Z</time><speed>0.000</speed><sat>15</sat></trkpt>
  <trkpt lat="26.41256667" lon="-80.16885333"><ele>9.632</ele><time>2026-07-18T14:41:00Z</time><speed>0.000</speed><sat>16</sat></trkpt>
  <trkpt lat="26.41256667" lon="-80.16885333"><ele>9.632</ele><time>2026-07-18T14:41:01Z</time><speed>0.000</speed><sat>16</sat></trkpt>
  <trkpt lat="26.41256667" lon="-80.16885333"><ele>9.632</ele><time>2026-07-18T14:41:02Z</time><speed>0.000</speed><sat>16</sat></trkpt>
  <trkpt lat="26.41256667" lon="-80.16885333"><ele>9.632</ele><time>2026-07-18T14:41:03Z</time><speed>0.000</speed><sat>16</sat></trkpt>
  <trkpt lat="26.41256667" lon="-80.16885333"><ele>9.632</ele><time>2026-07-18T14:41:04Z</time><speed>0.000</speed><sat>15</sat></trkpt>
  <trkpt lat="26.41256667" lon="-80.16885333"><ele>9.632</ele><time>2026-07-18T14:41:05Z</time><speed>0.000</speed><sat>16</sat></trkpt>
  <trkpt lat="26.41256667" lon="-80.16885333"><ele>9.632</ele><time>2026-07-18T14:41:06Z</time><speed>0.000</speed><sat>16</sat></trkpt>
  <trkpt lat="26.41256667" lon="-80.16885333"><ele>9.632</ele><time>2026-07-18T14:41:07Z</time><speed>0.000</speed><sat>16</sat></trkpt>
  <trkpt lat="26.41256667" lon="-80.16885333"><ele>9.632</ele><time>2026-07-18T14:41:08Z</time><speed>0.000</speed><sat>16</sat></trkpt>
  <trkpt lat="26.41256667" lon="-80.16885333"><ele>9.632</ele><time>2026-07-18T14:41:09Z</time><speed>0.000</speed><sat>16</sat></trkpt>
  <trkpt lat="26.41256667" lon="-80.16885333"><ele>9.632</ele><time>2026-07-18T14:41:10Z</time><speed>0.000</speed><sat>16</sat></trkpt>
  <trkpt lat="26.41256667" lon="-80.16885333"><ele>9.632</ele><time>2026-07-18T14:41:11Z</time><speed>0.000</speed><sat>16</sat></trkpt>
  <trkpt lat="26.41256667" lon="-80.16885333"><ele>9.632</ele><time>2026-07-18T14:41:12Z</time><speed>0.000</speed><sat>15</sat></trkpt>
  <trkpt lat="26.41256667" lon="-80.16885333"><ele>9.632</ele><time>2026-07-18T14:41:13Z</time><speed>0.000</speed><sat>16</sat></trkpt>
  <trkpt lat="26.41256667" lon="-80.16885333"><ele>9.632</ele><time>2026-07-18T14:41:14Z</time><speed>0.000</speed><sat>15</sat></trkpt>
  <trkpt lat="26.41256667" lon="-80.16885333"><ele>9.632</ele><time>2026-07-18T14:41:15Z</time><speed>0.000</speed><sat>15</sat></trkpt>
  <trkpt lat="26.41256667" lon="-80.16885333"><ele>9.632</ele><time>2026-07-18T14:41:16Z</time><speed>0.000</speed><sat>14</sat></trkpt>
  <trkpt lat="26.41256667" lon="-80.16885333"><ele>9.632</ele><time>2026-07-18T14:41:17Z</time><speed>0.000</speed><sat>14</sat></trkpt>
  <trkpt lat="26.41256667" lon="-80.16885333"><ele>9.632</ele><time>2026-07-18T14:41:18Z</time><speed>0.000</speed><sat>14</sat></trkpt>
  <trkpt lat="26.41256667" lon="-80.16885333"><ele>9.632</ele><time>2026-07-18T14:41:19Z</time><speed>0.000</speed><sat>14</sat></trkpt>
  <trkpt lat="26.41256667" lon="-80.16885333"><ele>9.632</ele><time>2026-07-18T14:41:20Z</time><speed>0.000</speed><sat>14</sat></trkpt>
  <trkpt lat="26.41256667" lon="-80.16885333"><ele>9.632</ele><time>2026-07-18T14:41:21Z</time><speed>0.000</speed><sat>14</sat></trkpt>
  <trkpt lat="26.41256667" lon="-80.16885333"><ele>9.632</ele><time>2026-07-18T14:41:22Z</time><speed>0.000</speed><sat>14</sat></trkpt>
  <trkpt lat="26.41256667" lon="-80.16885333"><ele>9.632</ele><time>2026-07-18T14:41:23Z</time><speed>0.000</speed><sat>14</sat></trkpt>
  <trkpt lat="26.41256667" lon="-80.16885333"><ele>9.632</ele><time>2026-07-18T14:41:24Z</time><speed>0.000</speed><sat>14</sat></trkpt>
  <trkpt lat="26.41256667" lon="-80.16885333"><ele>9.632</ele><time>2026-07-18T14:41:25Z</time><speed>0.000</speed><sat>15</sat></trkpt>
  <trkpt lat="26.41256667" lon="-80.16885333"><ele>9.632</ele><time>2026-07-18T14:41:26Z</time><speed>0.000</speed><sat>15</sat></trkpt>
  <trkpt lat="26.41256667" lon="-80.16885333"><ele>9.632</ele><time>2026-07-18T14:41:27Z</time><speed>0.000</speed><sat>15</sat></trkpt>
  <trkpt lat="26.41256667" lon="-80.16885333"><ele>9.632</ele><time>2026-07-18T14:41:28Z</time><speed>0.000</speed><sat>15</sat></trkpt>
  <trkpt lat="26.41256667" lon="-80.16885333"><ele>9.632</ele><time>2026-07-18T14:41:29Z</time><speed>0.000</speed><sat>15</sat></trkpt>
  <trkpt lat="26.41256667" lon="-80.16885333"><ele>9.632</ele><time>2026-07-18T14:41:30Z</time><speed>0.000</speed><sat>15</sat></trkpt>
  <trkpt lat="26.41256667" lon="-80.16885333"><ele>9.632</ele><time>2026-07-18T14:41:31Z</time><speed>0.000</speed><sat>15</sat></trkpt>
  <trkpt lat="26.41256667" lon="-80.16885333"><ele>9.632</ele><time>2026-07-18T14:41:32Z</time><speed>0.000</speed><sat>15</sat></trkpt>
  <trkpt lat="26.41256667" lon="-80.16885333"><ele>9.632</ele><time>2026-07-18T14:41:33Z</time><speed>0.000</speed><sat>15</sat></trkpt>
  <trkpt lat="26.41256667" lon="-80.16885333"><ele>9.632</ele><time>2026-07-18T14:41:34Z</time><speed>0.000</speed><sat>16</sat></trkpt>
  <trkpt lat="26.41256667" lon="-80.16885333"><ele>9.632</ele><time>2026-07-18T14:41:35Z</time><speed>0.000</speed><sat>15</sat></trkpt>
  <trkpt lat="26.41256667" lon="-80.16885333"><ele>9.632</ele><time>2026-07-18T14:41:36Z</time><speed>0.000</speed><sat>15</sat></trkpt>
  <trkpt lat="26.41256667" lon="-80.16885333"><ele>9.632</ele><time>2026-07-18T14:41:37Z</time><speed>0.000</speed><sat>15</sat></trkpt>
  <trkpt lat="26.41256667" lon="-80.16885333"><ele>9.632</ele><time>2026-07-18T14:41:38Z</time><speed>0.000</speed><sat>16</sat></trkpt>
  <trkpt lat="26.41256667" lon="-80.16885333"><ele>9.632</ele><time>2026-07-18T14:41:39Z</time><speed>0.000</speed><sat>16</sat></trkpt>
  <trkpt lat="26.41256667" lon="-80.16885333"><ele>9.632</ele><time>2026-07-18T14:41:40Z</time><speed>0.000</speed><sat>15</sat></trkpt>
  <trkpt lat="26.41256667" lon="-80.16885333"><ele>9.632</ele><time>2026-07-18T14:41:41Z</time><speed>0.000</speed><sat>16</sat></trkpt>
  <trkpt lat="26.41256667" lon="-80.16885333"><ele>9.632</ele><time>2026-07-18T14:41:42Z</time><speed>0.000</speed><sat>15</sat></trkpt>
  <trkpt lat="26.41256667" lon="-80.16885333"><ele>9.632</ele><time>2026-07-18T14:41:43Z</time><speed>0.000</speed><sat>15</sat></trkpt>
  <trkpt lat="26.41256667" lon="-80.16885333"><ele>9.632</ele><time>2026-07-18T14:41:44Z</time><speed>0.000</speed><sat>15</sat></trkpt>
  <trkpt lat="26.41256667" lon="-80.16885333"><ele>9.632</ele><time>2026-07-18T14:41:45Z</time><speed>0.000</speed><sat>15</sat></trkpt>
  <trkpt lat="26.41256667" lon="-80.16885333"><ele>9.632</ele><time>2026-07-18T14:41:46Z</time><speed>0.000</speed><sat>15</sat></trkpt>
  <trkpt lat="26.41256667" lon="-80.16885333"><ele>9.632</ele><time>2026-07-18T14:41:47Z</time><speed>0.000</speed><sat>15</sat></trkpt>
  <trkpt lat="26.41256667" lon="-80.16885333"><ele>9.632</ele><time>2026-07-18T14:41:48Z</time><speed>0.000</speed><sat>14</sat></trkpt>
  <trkpt lat="26.41256667" lon="-80.16885333"><ele>9.632</ele><time>2026-07-18T14:41:49Z</time><speed>0.000</speed><sat>15</sat></trkpt>
  <trkpt lat="26.41256667" lon="-80.16885333"><ele>9.632</ele><time>2026-07-18T14:41:50Z</time><speed>0.000</speed><sat>15</sat></trkpt>
  <trkpt lat="26.41256667" lon="-80.16885333"><ele>9.632</ele><time>2026-07-18T14:41:51Z</time><speed>0.000</speed><sat>15</sat></trkpt>
  <trkpt lat="26.41256667" lon="-80.16885333"><ele>9.632</ele><time>2026-07-18T14:41:52Z</time><speed>0.000</speed><sat>15</sat></trkpt>
  <trkpt lat="26.41256667" lon="-80.16885333"><ele>9.632</ele><time>2026-07-18T14:41:53Z</time><speed>0.000</speed><sat>15</sat></trkpt>
  <trkpt lat="26.41256667" lon="-80.16885333"><ele>9.632</ele><time>2026-07-18T14:41:54Z</time><speed>0.000</speed><sat>15</sat></trkpt>
  <trkpt lat="26.41256667" lon="-80.16885333"><ele>9.632</ele><time>2026-07-18T14:41:55Z</time><speed>0.000</speed><sat>15</sat></trkpt>
  <trkpt lat="26.41256667" lon="-80.16885333"><ele>9.632</ele><time>2026-07-18T14:41:56Z</time><speed>0.000</speed><sat>15</sat></trkpt>
  <trkpt lat="26.41256667" lon="-80.16885333"><ele>9.632</ele><time>2026-07-18T14:41:57Z</time><speed>0.000</speed><sat>15</sat></trkpt>
  <trkpt lat="26.41256667" lon="-80.16885333"><ele>9.632</ele><time>2026-07-18T14:41:58Z</time><speed>0.000</speed><sat>15</sat></trkpt>
  <trkpt lat="26.41256667" lon="-80.16885333"><ele>9.632</ele><time>2026-07-18T14:41:59Z</time><speed>0.000</speed><sat>15</sat></trkpt>
  <trkpt lat="26.41256667" lon="-80.16885333"><ele>9.632</ele><time>2026-07-18T14:42:00Z</time><speed>0.000</speed><sat>16</sat></trkpt>
  <trkpt lat="26.41256667" lon="-80.16885333"><ele>9.632</ele><time>2026-07-18T14:42:01Z</time><speed>0.000</speed><sat>16</sat></trkpt>
  <trkpt lat="26.41256667" lon="-80.16885333"><ele>9.632</ele><time>2026-07-18T14:42:02Z</time><speed>0.000</speed><sat>16</sat></trkpt>
  <trkpt lat="26.41256667" lon="-80.16885333"><ele>9.632</ele><time>2026-07-18T14:42:03Z</time><speed>0.000</speed><sat>16</sat></trkpt>
  <trkpt lat="26.41256667" lon="-80.16885333"><ele>9.632</ele><time>2026-07-18T14:42:04Z</time><speed>0.000</speed><sat>16</sat></trkpt>
  <trkpt lat="26.41256667" lon="-80.16885333"><ele>9.632</ele><time>2026-07-18T14:42:05Z</time><speed>0.000</speed><sat>16</sat></trkpt>
  <trkpt lat="26.41256667" lon="-80.16885333"><ele>9.632</ele><time>2026-07-18T14:42:06Z</time><speed>0.000</speed><sat>16</sat></trkpt>
  <trkpt lat="26.41256667" lon="-80.16885333"><ele>9.632</ele><time>2026-07-18T14:42:07Z</time><speed>0.000</speed><sat>16</sat></trkpt>
  <trkpt lat="26.41256667" lon="-80.16885333"><ele>9.632</ele><time>2026-07-18T14:42:08Z</time><speed>0.000</speed><sat>16</sat></trkpt>
  <trkpt lat="26.41256667" lon="-80.16885333"><ele>9.632</ele><time>2026-07-18T14:42:09Z</time><speed>0.000</speed><sat>16</sat></trkpt>
  <trkpt lat="26.41256667" lon="-80.16885333"><ele>9.632</ele><time>2026-07-18T14:42:10Z</time><speed>0.000</speed><sat>16</sat></trkpt>
  <trkpt lat="26.41256667" lon="-80.16885333"><ele>9.632</ele><time>2026-07-18T14:42:11Z</time><speed>0.000</speed><sat>16</sat></trkpt>
  <trkpt lat="26.41256667" lon="-80.16885333"><ele>9.632</ele><time>2026-07-18T14:42:12Z</time><speed>0.000</speed><sat>16</sat></trkpt>
  <trkpt lat="26.41256667" lon="-80.16885333"><ele>9.632</ele><time>2026-07-18T14:42:13Z</time><speed>0.000</speed><sat>16</sat></trkpt>
  <trkpt lat="26.41256667" lon="-80.16885333"><ele>9.632</ele><time>2026-07-18T14:42:14Z</time><speed>0.000</speed><sat>16</sat></trkpt>
  <trkpt lat="26.41256667" lon="-80.16885333"><ele>9.632</ele><time>2026-07-18T14:42:15Z</time><speed>0.000</speed><sat>16</sat></trkpt>
  <trkpt lat="26.41256667" lon="-80.16885333"><ele>9.632</ele><time>2026-07-18T14:42:16Z</time><speed>0.000</speed><sat>16</sat></trkpt>
  <trkpt lat="26.41256667" lon="-80.16885333"><ele>9.632</ele><time>2026-07-18T14:42:17Z</time><speed>0.000</speed><sat>15</sat></trkpt>
  <trkpt lat="26.41256667" lon="-80.16885333"><ele>9.632</ele><time>2026-07-18T14:42:18Z</time><speed>0.000</speed><sat>15</sat></trkpt>
  <trkpt lat="26.41256667" lon="-80.16885333"><ele>9.632</ele><time>2026-07-18T14:42:19Z</time><speed>0.000</speed><sat>16</sat></trkpt>
  <trkpt lat="26.41256667" lon="-80.16885333"><ele>9.632</ele><time>2026-07-18T14:42:20Z</time><speed>0.000</speed><sat>15</sat></trkpt>
  <trkpt lat="26.41256667" lon="-80.16885333"><ele>9.632</ele><time>2026-07-18T14:42:21Z</time><speed>0.000</speed><sat>15</sat></trkpt>
  <trkpt lat="26.41256667" lon="-80.16885333"><ele>9.632</ele><time>2026-07-18T14:42:22Z</time><speed>0.000</speed><sat>15</sat></trkpt>
  <trkpt lat="26.41256667" lon="-80.16885333"><ele>9.632</ele><time>2026-07-18T14:42:23Z</time><speed>0.000</speed><sat>15</sat></trkpt>
  <trkpt lat="26.41256667" lon="-80.16885333"><ele>9.632</ele><time>2026-07-18T14:42:24Z</time><speed>0.000</speed><sat>14</sat></trkpt>
  <trkpt lat="26.41256667" lon="-80.16885333"><ele>9.632</ele><time>2026-07-18T14:42:25Z</time><speed>0.000</speed><sat>15</sat></trkpt>
  <trkpt lat="26.41256667" lon="-80.16885333"><ele>9.632</ele><time>2026-07-18T14:42:26Z</time><speed>0.000</speed><sat>15</sat></trkpt>
  <trkpt lat="26.41256667" lon="-80.16885333"><ele>9.632</ele><time>2026-07-18T14:42:27Z</time><speed>0.000</speed><sat>15</sat></trkpt>
  <trkpt lat="26.41256667" lon="-80.16885333"><ele>9.632</ele><time>2026-07-18T14:42:28Z</time><speed>0.000</speed><sat>13</sat></trkpt>
  <trkpt lat="26.41256667" lon="-80.16885333"><ele>9.632</ele><time>2026-07-18T14:42:29Z</time><speed>0.000</speed><sat>14</sat></trkpt>
  <trkpt lat="26.41256667" lon="-80.16885333"><ele>9.632</ele><time>2026-07-18T14:42:30Z</time><speed>0.000</speed><sat>14</sat></trkpt>
  <trkpt lat="26.41256667" lon="-80.16885333"><ele>9.632</ele><time>2026-07-18T14:42:31Z</time><speed>0.000</speed><sat>14</sat></trkpt>
  <trkpt lat="26.41256667" lon="-80.16885333"><ele>9.632</ele><time>2026-07-18T14:42:32Z</time><speed>0.000</speed><sat>15</sat></trkpt>
  <trkpt lat="26.41256667" lon="-80.16885333"><ele>9.632</ele><time>2026-07-18T14:42:33Z</time><speed>0.000</speed><sat>15</sat></trkpt>
  <trkpt lat="26.41256667" lon="-80.16885333"><ele>9.632</ele><time>2026-07-18T14:42:34Z</time><speed>0.000</speed><sat>15</sat></trkpt>
  <trkpt lat="26.41256667" lon="-80.16885333"><ele>9.632</ele><time>2026-07-18T14:42:35Z</time><speed>0.000</speed><sat>15</sat></trkpt>
  <trkpt lat="26.41256667" lon="-80.16885333"><ele>9.632</ele><time>2026-07-18T14:42:36Z</time><speed>0.000</speed><sat>15</sat></trkpt>
  <trkpt lat="26.41256667" lon="-80.16885333"><ele>9.632</ele><time>2026-07-18T14:42:37Z</time><speed>0.000</speed><sat>15</sat></trkpt>
  <trkpt lat="26.41256667" lon="-80.16885333"><ele>9.632</ele><time>2026-07-18T14:42:38Z</time><speed>0.000</speed><sat>15</sat></trkpt>
  <trkpt lat="26.41256667" lon="-80.16885333"><ele>9.632</ele><time>2026-07-18T14:42:39Z</time><speed>0.000</speed><sat>14</sat></trkpt>
  <trkpt lat="26.41256667" lon="-80.16885333"><ele>9.632</ele><time>2026-07-18T14:42:40Z</time><speed>0.000</speed><sat>14</sat></trkpt>
  <trkpt lat="26.41256667" lon="-80.16885333"><ele>9.632</ele><time>2026-07-18T14:42:41Z</time><speed>0.000</speed><sat>13</sat></trkpt>
  <trkpt lat="26.41256667" lon="-80.16885333"><ele>9.632</ele><time>2026-07-18T14:42:42Z</time><speed>0.000</speed><sat>14</sat></trkpt>
  <trkpt lat="26.41256667" lon="-80.16885333"><ele>9.632</ele><time>2026-07-18T14:42:43Z</time><speed>0.000</speed><sat>15</sat></trkpt>
  <trkpt lat="26.41256667" lon="-80.16885333"><ele>9.632</ele><time>2026-07-18T14:42:44Z</time><speed>0.000</speed><sat>14</sat></trkpt>
  <trkpt lat="26.41256667" lon="-80.16885333"><ele>9.632</ele><time>2026-07-18T14:42:45Z</time><speed>0.000</speed><sat>14</sat></trkpt>
  <trkpt lat="26.41256667" lon="-80.16885333"><ele>9.632</ele><time>2026-07-18T14:42:46Z</time><speed>0.000</speed><sat>16</sat></trkpt>
  <trkpt lat="26.41256667" lon="-80.16885333"><ele>9.632</ele><time>2026-07-18T14:42:47Z</time><speed>0.000</speed><sat>16</sat></trkpt>
  <trkpt lat="26.41256667" lon="-80.16885333"><ele>9.632</ele><time>2026-07-18T14:42:48Z</time><speed>0.000</speed><sat>16</sat></trkpt>
  <trkpt lat="26.41256667" lon="-80.16885333"><ele>9.632</ele><time>2026-07-18T14:42:49Z</time><speed>0.000</speed><sat>16</sat></trkpt>
  <trkpt lat="26.41256667" lon="-80.16885333"><ele>9.632</ele><time>2026-07-18T14:42:50Z</time><speed>0.000</speed><sat>16</sat></trkpt>
  <trkpt lat="26.41256667" lon="-80.16885333"><ele>9.632</ele><time>2026-07-18T14:42:51Z</time><speed>0.000</speed><sat>16</sat></trkpt>
  <trkpt lat="26.41256667" lon="-80.16885333"><ele>9.632</ele><time>2026-07-18T14:42:52Z</time><speed>0.000</speed><sat>16</sat></trkpt>
  <trkpt lat="26.41256667" lon="-80.16885333"><ele>9.632</ele><time>2026-07-18T14:42:53Z</time><speed>0.000</speed><sat>16</sat></trkpt>
  <trkpt lat="26.41256667" lon="-80.16885333"><ele>9.632</ele><time>2026-07-18T14:42:54Z</time><speed>0.000</speed><sat>16</sat></trkpt>
  <trkpt lat="26.41256667" lon="-80.16885333"><ele>9.632</ele><time>2026-07-18T14:42:55Z</time><speed>0.000</speed><sat>16</sat></trkpt>
  <trkpt lat="26.41256667" lon="-80.16885333"><ele>9.632</ele><time>2026-07-18T14:42:56Z</time><speed>0.000</speed><sat>16</sat></trkpt>
  <trkpt lat="26.41256667" lon="-80.16885333"><ele>9.632</ele><time>2026-07-18T14:42:57Z</time><speed>0.000</speed><sat>16</sat></trkpt>
  <trkpt lat="26.41256667" lon="-80.16885333"><ele>9.632</ele><time>2026-07-18T14:42:58Z</time><speed>0.000</speed><sat>16</sat></trkpt>
  <trkpt lat="26.41256667" lon="-80.16885333"><ele>9.632</ele><time>2026-07-18T14:42:59Z</time><speed>0.000</speed><sat>16</sat></trkpt>
  <trkpt lat="26.41256667" lon="-80.16885333"><ele>9.632</ele><time>2026-07-18T14:43:00Z</time><speed>0.000</speed><sat>16</sat></trkpt>
  <trkpt lat="26.41256667" lon="-80.16885333"><ele>9.632</ele><time>2026-07-18T14:43:01Z</time><speed>0.000</speed><sat>16</sat></trkpt>
  <trkpt lat="26.41256667" lon="-80.16885333"><ele>9.632</ele><time>2026-07-18T14:43:02Z</time><speed>0.000</speed><sat>16</sat></trkpt>
  <trkpt lat="26.41256667" lon="-80.16885333"><ele>9.632</ele><time>2026-07-18T14:43:03Z</time><speed>0.000</speed><sat>16</sat></trkpt>
  <trkpt lat="26.41256667" lon="-80.16885333"><ele>9.632</ele><time>2026-07-18T14:43:04Z</time><speed>0.000</speed><sat>16</sat></trkpt>
  <trkpt lat="26.41256667" lon="-80.16885333"><ele>9.632</ele><time>2026-07-18T14:43:05Z</time><speed>0.000</speed><sat>16</sat></trkpt>
  <trkpt lat="26.41256667" lon="-80.16885333"><ele>9.632</ele><time>2026-07-18T14:43:06Z</time><speed>0.000</speed><sat>16</sat></trkpt>
  <trkpt lat="26.41256667" lon="-80.16885333"><ele>9.632</ele><time>2026-07-18T14:43:07Z</time><speed>0.000</speed><sat>16</sat></trkpt>
  <trkpt lat="26.41256667" lon="-80.16885333"><ele>9.632</ele><time>2026-07-18T14:43:08Z</time><speed>0.000</speed><sat>16</sat></trkpt>
  <trkpt lat="26.41256667" lon="-80.16885333"><ele>9.632</ele><time>2026-07-18T14:43:09Z</time><speed>0.000</speed><sat>15</sat></trkpt>
  <trkpt lat="26.41256667" lon="-80.16885333"><ele>9.632</ele><time>2026-07-18T14:43:10Z</time><speed>0.000</speed><sat>15</sat></trkpt>
  <trkpt lat="26.41256667" lon="-80.16885333"><ele>9.632</ele><time>2026-07-18T14:43:11Z</time><speed>0.000</speed><sat>15</sat></trkpt>
  <trkpt lat="26.41256667" lon="-80.16885333"><ele>9.632</ele><time>2026-07-18T14:43:12Z</time><speed>0.000</speed><sat>15</sat></trkpt>
  <trkpt lat="26.41256667" lon="-80.16885333"><ele>9.632</ele><time>2026-07-18T14:43:13Z</time><speed>0.000</speed><sat>15</sat></trkpt>
  <trkpt lat="26.41256667" lon="-80.16885333"><ele>9.632</ele><time>2026-07-18T14:43:14Z</time><speed>0.000</speed><sat>15</sat></trkpt>
  <trkpt lat="26.41256667" lon="-80.16885333"><ele>9.632</ele><time>2026-07-18T14:43:15Z</time><speed>0.000</speed><sat>15</sat></trkpt>
  <trkpt lat="26.41256667" lon="-80.16885333"><ele>9.632</ele><time>2026-07-18T14:43:16Z</time><speed>0.000</speed><sat>16</sat></trkpt>
  <trkpt lat="26.41256667" lon="-80.16885333"><ele>9.632</ele><time>2026-07-18T14:43:17Z</time><speed>0.000</speed><sat>15</sat></trkpt>
  <trkpt lat="26.41256667" lon="-80.16885333"><ele>9.632</ele><time>2026-07-18T14:43:18Z</time><speed>0.000</speed><sat>15</sat></trkpt>
  <trkpt lat="26.41256667" lon="-80.16885333"><ele>9.632</ele><time>2026-07-18T14:43:19Z</time><speed>0.000</speed><sat>15</sat></trkpt>
  <trkpt lat="26.41256667" lon="-80.16885333"><ele>9.632</ele><time>2026-07-18T14:43:20Z</time><speed>0.000</speed><sat>15</sat></trkpt>
  <trkpt lat="26.41256667" lon="-80.16885333"><ele>9.632</ele><time>2026-07-18T14:43:21Z</time><speed>0.000</speed><sat>15</sat></trkpt>
  <trkpt lat="26.41256667" lon="-80.16885333"><ele>9.632</ele><time>2026-07-18T14:43:22Z</time><speed>0.000</speed><sat>15</sat></trkpt>
  <trkpt lat="26.41256667" lon="-80.16885333"><ele>9.632</ele><time>2026-07-18T14:43:23Z</time><speed>0.000</speed><sat>16</sat></trkpt>
  <trkpt lat="26.41256667" lon="-80.16885333"><ele>9.632</ele><time>2026-07-18T14:43:24Z</time><speed>0.000</speed><sat>16</sat></trkpt>
  <trkpt lat="26.41256667" lon="-80.16885333"><ele>9.632</ele><time>2026-07-18T14:43:25Z</time><speed>0.000</speed><sat>16</sat></trkpt>
  <trkpt lat="26.41256667" lon="-80.16885333"><ele>9.632</ele><time>2026-07-18T14:43:26Z</time><speed>0.000</speed><sat>16</sat></trkpt>
  <trkpt lat="26.41256667" lon="-80.16885333"><ele>9.632</ele><time>2026-07-18T14:43:27Z</time><speed>0.000</speed><sat>16</sat></trkpt>
  <trkpt lat="26.41256667" lon="-80.16885333"><ele>9.632</ele><time>2026-07-18T14:43:28Z</time><speed>0.000</speed><sat>16</sat></trkpt>
  <trkpt lat="26.41256667" lon="-80.16885333"><ele>9.632</ele><time>2026-07-18T14:43:29Z</time><speed>0.000</speed><sat>15</sat></trkpt>
  <trkpt lat="26.41256667" lon="-80.16885333"><ele>9.632</ele><time>2026-07-18T14:43:30Z</time><speed>0.000</speed><sat>14</sat></trkpt>
  <trkpt lat="26.41256667" lon="-80.16885333"><ele>9.632</ele><time>2026-07-18T14:43:31Z</time><speed>0.000</speed><sat>15</sat></trkpt>
  <trkpt lat="26.41256667" lon="-80.16885333"><ele>9.632</ele><time>2026-07-18T14:43:32Z</time><speed>0.000</speed><sat>14</sat></trkpt>
  <trkpt lat="26.41256667" lon="-80.16885333"><ele>9.632</ele><time>2026-07-18T14:43:33Z</time><speed>0.000</speed><sat>14</sat></trkpt>
  <trkpt lat="26.41256667" lon="-80.16885333"><ele>9.632</ele><time>2026-07-18T14:43:34Z</time><speed>0.000</speed><sat>14</sat></trkpt>
  <trkpt lat="26.41256667" lon="-80.16885333"><ele>9.632</ele><time>2026-07-18T14:43:35Z</time><speed>0.000</speed><sat>15</sat></trkpt>
  <trkpt lat="26.41256667" lon="-80.16885333"><ele>9.632</ele><time>2026-07-18T14:43:36Z</time><speed>0.000</speed><sat>14</sat></trkpt>
  <trkpt lat="26.41256667" lon="-80.16885333"><ele>9.632</ele><time>2026-07-18T14:43:37Z</time><speed>0.000</speed><sat>15</sat></trkpt>
  <trkpt lat="26.41256667" lon="-80.16885333"><ele>9.632</ele><time>2026-07-18T14:43:38Z</time><speed>0.000</speed><sat>15</sat></trkpt>
  <trkpt lat="26.41256667" lon="-80.16885333"><ele>9.632</ele><time>2026-07-18T14:43:39Z</time><speed>0.000</speed><sat>15</sat></trkpt>
  <trkpt lat="26.41256667" lon="-80.16885333"><ele>9.632</ele><time>2026-07-18T14:43:40Z</time><speed>0.000</speed><sat>15</sat></trkpt>
  <trkpt lat="26.41256667" lon="-80.16885333"><ele>9.632</ele><time>2026-07-18T14:43:41Z</time><speed>0.000</speed><sat>15</sat></trkpt>
  <trkpt lat="26.41256667" lon="-80.16885333"><ele>9.632</ele><time>2026-07-18T14:43:42Z</time><speed>0.000</speed><sat>15</sat></trkpt>
  <trkpt lat="26.41256667" lon="-80.16885333"><ele>9.632</ele><time>2026-07-18T14:43:43Z</time><speed>0.000</speed><sat>16</sat></trkpt>
  <trkpt lat="26.41256667" lon="-80.16885333"><ele>9.632</ele><time>2026-07-18T14:43:44Z</time><speed>0.000</speed><sat>16</sat></trkpt>
  <trkpt lat="26.41256667" lon="-80.16885333"><ele>9.632</ele><time>2026-07-18T14:43:45Z</time><speed>0.000</speed><sat>15</sat></trkpt>
  <trkpt lat="26.41256667" lon="-80.16885333"><ele>9.632</ele><time>2026-07-18T14:43:46Z</time><speed>0.000</speed><sat>15</sat></trkpt>
  <trkpt lat="26.41256667" lon="-80.16885333"><ele>9.632</ele><time>2026-07-18T14:43:47Z</time><speed>0.000</speed><sat>15</sat></trkpt>
  <trkpt lat="26.41256667" lon="-80.16885333"><ele>9.632</ele><time>2026-07-18T14:43:48Z</time><speed>0.000</speed><sat>15</sat></trkpt>
  <trkpt lat="26.41256667" lon="-80.16885333"><ele>9.632</ele><time>2026-07-18T14:43:49Z</time><speed>0.000</speed><sat>14</sat></trkpt>
  <trkpt lat="26.41256667" lon="-80.16885333"><ele>9.632</ele><time>2026-07-18T14:43:50Z</time><speed>0.000</speed><sat>14</sat></trkpt>
  <trkpt lat="26.41256667" lon="-80.16885333"><ele>9.632</ele><time>2026-07-18T14:43:51Z</time><speed>0.000</speed><sat>15</sat></trkpt>
  <trkpt lat="26.41256667" lon="-80.16885333"><ele>9.632</ele><time>2026-07-18T14:43:52Z</time><speed>0.000</speed><sat>15</sat></trkpt>
  <trkpt lat="26.41256667" lon="-80.16885333"><ele>9.632</ele><time>2026-07-18T14:43:53Z</time><speed>0.000</speed><sat>15</sat></trkpt>
  <trkpt lat="26.41256667" lon="-80.16885333"><ele>9.632</ele><time>2026-07-18T14:43:54Z</time><speed>0.000</speed><sat>15</sat></trkpt>
  <trkpt lat="26.41256667" lon="-80.16885333"><ele>9.632</ele><time>2026-07-18T14:43:55Z</time><speed>0.000</speed><sat>15</sat></trkpt>
  <trkpt lat="26.41256667" lon="-80.16885333"><ele>9.632</ele><time>2026-07-18T14:43:56Z</time><speed>0.000</speed><sat>15</sat></trkpt>
  <trkpt lat="26.41256667" lon="-80.16885333"><ele>9.632</ele><time>2026-07-18T14:43:57Z</time><speed>0.000</speed><sat>15</sat></trkpt>
  <trkpt lat="26.41256667" lon="-80.16885333"><ele>9.632</ele><time>2026-07-18T14:43:58Z</time><speed>0.000</speed><sat>15</sat></trkpt>
  <trkpt lat="26.41256667" lon="-80.16885333"><ele>9.632</ele><time>2026-07-18T14:43:59Z</time><speed>0.000</speed><sat>15</sat></trkpt>
  <trkpt lat="26.41256667" lon="-80.16885333"><ele>9.632</ele><time>2026-07-18T14:44:00Z</time><speed>0.000</speed><sat>15</sat></trkpt>
  <trkpt lat="26.41256667" lon="-80.16885333"><ele>9.632</ele><time>2026-07-18T14:44:01Z</time><speed>0.000</speed><sat>14</sat></trkpt>
  <trkpt lat="26.41256667" lon="-80.16885333"><ele>9.632</ele><time>2026-07-18T14:44:02Z</time><speed>0.000</speed><sat>15</sat></trkpt>
  <trkpt lat="26.41256667" lon="-80.16885333"><ele>9.632</ele><time>2026-07-18T14:44:03Z</time><speed>0.000</speed><sat>15</sat></trkpt>
  <trkpt lat="26.41256667" lon="-80.16885333"><ele>9.632</ele><time>2026-07-18T14:44:04Z</time><speed>0.000</speed><sat>15</sat></trkpt>
  <trkpt lat="26.41256667" lon="-80.16885333"><ele>9.632</ele><time>2026-07-18T14:44:05Z</time><speed>0.000</speed><sat>14</sat></trkpt>
  <trkpt lat="26.41256667" lon="-80.16885333"><ele>9.632</ele><time>2026-07-18T14:44:06Z</time><speed>0.000</speed><sat>14</sat></trkpt>
  <trkpt lat="26.41256667" lon="-80.16885333"><ele>9.632</ele><time>2026-07-18T14:44:07Z</time><speed>0.000</speed><sat>14</sat></trkpt>
  <trkpt lat="26.41256667" lon="-80.16885333"><ele>9.632</ele><time>2026-07-18T14:44:08Z</time><speed>0.000</speed><sat>15</sat></trkpt>
  <trkpt lat="26.41256667" lon="-80.16885333"><ele>9.632</ele><time>2026-07-18T14:44:09Z</time><speed>0.000</speed><sat>14</sat></trkpt>
  <trkpt lat="26.41256667" lon="-80.16885333"><ele>9.632</ele><time>2026-07-18T14:44:10Z</time><speed>0.000</speed><sat>15</sat></trkpt>
  <trkpt lat="26.41256667" lon="-80.16885333"><ele>9.632</ele><time>2026-07-18T14:44:11Z</time><speed>0.000</speed><sat>15</sat></trkpt>
  <trkpt lat="26.41256667" lon="-80.16885333"><ele>9.632</ele><time>2026-07-18T14:44:12Z</time><speed>0.000</speed><sat>15</sat></trkpt>
  <trkpt lat="26.41256667" lon="-80.16885333"><ele>9.632</ele><time>2026-07-18T14:44:13Z</time><speed>0.000</speed><sat>15</sat></trkpt>
  <trkpt lat="26.41256667" lon="-80.16885333"><ele>9.632</ele><time>2026-07-18T14:44:14Z</time><speed>0.000</speed><sat>15</sat></trkpt>
  <trkpt lat="26.41256667" lon="-80.16885333"><ele>9.632</ele><time>2026-07-18T14:44:15Z</time><speed>0.000</speed><sat>15</sat></trkpt>
  <trkpt lat="26.41256667" lon="-80.16885333"><ele>9.632</ele><time>2026-07-18T14:44:16Z</time><speed>0.000</speed><sat>15</sat></trkpt>
  <trkpt lat="26.41256667" lon="-80.16885333"><ele>9.632</ele><time>2026-07-18T14:44:17Z</time><speed>0.000</speed><sat>15</sat></trkpt>
  <trkpt lat="26.41256667" lon="-80.16885333"><ele>9.632</ele><time>2026-07-18T14:44:18Z</time><speed>0.000</speed><sat>15</sat></trkpt>
  <trkpt lat="26.41256667" lon="-80.16885333"><ele>9.632</ele><time>2026-07-18T14:44:19Z</time><speed>0.000</speed><sat>16</sat></trkpt>
  <trkpt lat="26.41256667" lon="-80.16885333"><ele>9.632</ele><time>2026-07-18T14:44:20Z</time><speed>0.000</speed><sat>16</sat></trkpt>
  <trkpt lat="26.41256667" lon="-80.16885333"><ele>9.632</ele><time>2026-07-18T14:44:21Z</time><speed>0.000</speed><sat>15</sat></trkpt>
  <trkpt lat="26.41256667" lon="-80.16885333"><ele>9.632</ele><time>2026-07-18T14:44:22Z</time><speed>0.000</speed><sat>15</sat></trkpt>
  <trkpt lat="26.41256667" lon="-80.16885333"><ele>9.632</ele><time>2026-07-18T14:44:23Z</time><speed>0.000</speed><sat>15</sat></trkpt>
  <trkpt lat="26.41256667" lon="-80.16885333"><ele>9.632</ele><time>2026-07-18T14:44:24Z</time><speed>0.000</speed><sat>15</sat></trkpt>
  <trkpt lat="26.41256667" lon="-80.16885333"><ele>9.632</ele><time>2026-07-18T14:44:25Z</time><speed>0.000</speed><sat>15</sat></trkpt>
  <trkpt lat="26.41256667" lon="-80.16885333"><ele>9.632</ele><time>2026-07-18T14:44:26Z</time><speed>0.000</speed><sat>15</sat></trkpt>
  <trkpt lat="26.41256667" lon="-80.16885333"><ele>9.632</ele><time>2026-07-18T14:44:27Z</time><speed>0.000</speed><sat>15</sat></trkpt>
  <trkpt lat="26.41256667" lon="-80.16885333"><ele>9.632</ele><time>2026-07-18T14:44:28Z</time><speed>0.000</speed><sat>15</sat></trkpt>
  <trkpt lat="26.41256667" lon="-80.16885333"><ele>9.632</ele><time>2026-07-18T14:44:29Z</time><speed>0.000</speed><sat>15</sat></trkpt>
  <trkpt lat="26.41256667" lon="-80.16885333"><ele>9.632</ele><time>2026-07-18T14:44:30Z</time><speed>0.000</speed><sat>15</sat></trkpt>
  <trkpt lat="26.41256667" lon="-80.16885333"><ele>9.632</ele><time>2026-07-18T14:44:31Z</time><speed>0.000</speed><sat>15</sat></trkpt>
  <trkpt lat="26.41256667" lon="-80.16885333"><ele>9.632</ele><time>2026-07-18T14:44:32Z</time><speed>0.000</speed><sat>15</sat></trkpt>
  <trkpt lat="26.41256667" lon="-80.16885333"><ele>9.632</ele><time>2026-07-18T14:44:33Z</time><speed>0.000</speed><sat>15</sat></trkpt>
  <trkpt lat="26.41256667" lon="-80.16885333"><ele>9.632</ele><time>2026-07-18T14:44:34Z</time><speed>0.000</speed><sat>15</sat></trkpt>
  <trkpt lat="26.41256667" lon="-80.16885333"><ele>9.632</ele><time>2026-07-18T14:44:35Z</time><speed>0.000</speed><sat>15</sat></trkpt>
  <trkpt lat="26.41256667" lon="-80.16885333"><ele>9.632</ele><time>2026-07-18T14:44:36Z</time><speed>0.000</speed><sat>14</sat></trkpt>
  <trkpt lat="26.41256667" lon="-80.16885333"><ele>9.632</ele><time>2026-07-18T14:44:37Z</time><speed>0.000</speed><sat>15</sat></trkpt>
  <trkpt lat="26.41256667" lon="-80.16885333"><ele>9.632</ele><time>2026-07-18T14:44:38Z</time><speed>0.000</speed><sat>14</sat></trkpt>
  <trkpt lat="26.41256667" lon="-80.16885333"><ele>9.632</ele><time>2026-07-18T14:44:39Z</time><speed>0.000</speed><sat>15</sat></trkpt>
  <trkpt lat="26.41256667" lon="-80.16885333"><ele>9.632</ele><time>2026-07-18T14:44:40Z</time><speed>0.000</speed><sat>14</sat></trkpt>
  <trkpt lat="26.41256667" lon="-80.16885333"><ele>9.632</ele><time>2026-07-18T14:44:41Z</time><speed>0.000</speed><sat>14</sat></trkpt>
  <trkpt lat="26.41256667" lon="-80.16885333"><ele>9.632</ele><time>2026-07-18T14:44:42Z</time><speed>0.000</speed><sat>14</sat></trkpt>
  <trkpt lat="26.41256667" lon="-80.16885333"><ele>9.632</ele><time>2026-07-18T14:44:43Z</time><speed>0.000</speed><sat>14</sat></trkpt>
  <trkpt lat="26.41256667" lon="-80.16885333"><ele>9.632</ele><time>2026-07-18T14:44:44Z</time><speed>0.000</speed><sat>14</sat></trkpt>
  <trkpt lat="26.41256667" lon="-80.16885333"><ele>9.632</ele><time>2026-07-18T14:44:45Z</time><speed>0.000</speed><sat>15</sat></trkpt>
  <trkpt lat="26.41256667" lon="-80.16885333"><ele>9.632</ele><time>2026-07-18T14:44:46Z</time><speed>0.000</speed><sat>15</sat></trkpt>
  <trkpt lat="26.41256667" lon="-80.16885333"><ele>9.632</ele><time>2026-07-18T14:44:47Z</time><speed>0.000</speed><sat>15</sat></trkpt>
  <trkpt lat="26.41256667" lon="-80.16885333"><ele>9.632</ele><time>2026-07-18T14:44:48Z</time><speed>0.000</speed><sat>15</sat></trkpt>
  <trkpt lat="26.41256667" lon="-80.16885333"><ele>9.632</ele><time>2026-07-18T14:44:49Z</time><speed>0.000</speed><sat>15</sat></trkpt>
  <trkpt lat="26.41256667" lon="-80.16885333"><ele>9.632</ele><time>2026-07-18T14:44:50Z</time><speed>0.000</speed><sat>15</sat></trkpt>
  <trkpt lat="26.41256667" lon="-80.16885333"><ele>9.632</ele><time>2026-07-18T14:44:51Z</time><speed>0.000</speed><sat>15</sat></trkpt>
  <trkpt lat="26.41256667" lon="-80.16885333"><ele>9.632</ele><time>2026-07-18T14:44:52Z</time><speed>0.000</speed><sat>15</sat></trkpt>
  <trkpt lat="26.41256667" lon="-80.16885333"><ele>9.632</ele><time>2026-07-18T14:44:53Z</time><speed>0.000</speed><sat>15</sat></trkpt>
  <trkpt lat="26.41256667" lon="-80.16885333"><ele>9.632</ele><time>2026-07-18T14:44:54Z</time><speed>0.000</speed><sat>15</sat></trkpt>
  <trkpt lat="26.41256667" lon="-80.16885333"><ele>9.632</ele><time>2026-07-18T14:44:55Z</time><speed>0.000</speed><sat>15</sat></trkpt>
  <trkpt lat="26.41256667" lon="-80.16885333"><ele>9.632</ele><time>2026-07-18T14:44:56Z</time><speed>0.000</speed><sat>15</sat></trkpt>
  <trkpt lat="26.41256667" lon="-80.16885333"><ele>9.632</ele><time>2026-07-18T14:44:57Z</time><speed>0.000</speed><sat>14</sat></trkpt>
  <trkpt lat="26.41256667" lon="-80.16885333"><ele>9.632</ele><time>2026-07-18T14:44:58Z</time><speed>0.000</speed><sat>14</sat></trkpt>
  <trkpt lat="26.41256667" lon="-80.16885333"><ele>9.632</ele><time>2026-07-18T14:44:59Z</time><speed>0.000</speed><sat>14</sat></trkpt>
  <trkpt lat="26.41256667" lon="-80.16885333"><ele>9.632</ele><time>2026-07-18T14:45:00Z</time><speed>0.000</speed><sat>14</sat></trkpt>
  <trkpt lat="26.41256667" lon="-80.16885333"><ele>9.632</ele><time>2026-07-18T14:45:01Z</time><speed>0.000</speed><sat>14</sat></trkpt>
  <trkpt lat="26.41256667" lon="-80.16885333"><ele>9.632</ele><time>2026-07-18T14:45:02Z</time><speed>0.000</speed><sat>14</sat></trkpt>
  <trkpt lat="26.41256667" lon="-80.16885333"><ele>9.632</ele><time>2026-07-18T14:45:03Z</time><speed>0.000</speed><sat>15</sat></trkpt>
  <trkpt lat="26.41256667" lon="-80.16885333"><ele>9.632</ele><time>2026-07-18T14:45:04Z</time><speed>0.000</speed><sat>15</sat></trkpt>
  <trkpt lat="26.41256667" lon="-80.16885333"><ele>9.632</ele><time>2026-07-18T14:45:05Z</time><speed>0.000</speed><sat>15</sat></trkpt>
  <trkpt lat="26.41256667" lon="-80.16885333"><ele>9.632</ele><time>2026-07-18T14:45:06Z</time><speed>0.000</speed><sat>15</sat></trkpt>
  <trkpt lat="26.41256667" lon="-80.16885333"><ele>9.632</ele><time>2026-07-18T14:45:07Z</time><speed>0.000</speed><sat>15</sat></trkpt>
  <trkpt lat="26.41256667" lon="-80.16885333"><ele>9.632</ele><time>2026-07-18T14:45:08Z</time><speed>0.000</speed><sat>15</sat></trkpt>
  <trkpt lat="26.41256667" lon="-80.16885333"><ele>9.632</ele><time>2026-07-18T14:45:09Z</time><speed>0.000</speed><sat>15</sat></trkpt>
  <trkpt lat="26.41256667" lon="-80.16885333"><ele>9.632</ele><time>2026-07-18T14:45:10Z</time><speed>0.000</speed><sat>15</sat></trkpt>
  <trkpt lat="26.41256667" lon="-80.16885333"><ele>9.632</ele><time>2026-07-18T14:45:11Z</time><speed>0.000</speed><sat>14</sat></trkpt>
  <trkpt lat="26.41256667" lon="-80.16885333"><ele>9.632</ele><time>2026-07-18T14:45:12Z</time><speed>0.000</speed><sat>14</sat></trkpt>
  <trkpt lat="26.41256667" lon="-80.16885333"><ele>9.632</ele><time>2026-07-18T14:45:13Z</time><speed>0.000</speed><sat>14</sat></trkpt>
  <trkpt lat="26.41256667" lon="-80.16885333"><ele>9.632</ele><time>2026-07-18T14:45:14Z</time><speed>0.000</speed><sat>14</sat></trkpt>
  <trkpt lat="26.41256667" lon="-80.16885333"><ele>9.632</ele><time>2026-07-18T14:45:15Z</time><speed>0.000</speed><sat>14</sat></trkpt>
  <trkpt lat="26.41256667" lon="-80.16885333"><ele>9.632</ele><time>2026-07-18T14:45:16Z</time><speed>0.000</speed><sat>14</sat></trkpt>
  <trkpt lat="26.41256667" lon="-80.16885333"><ele>9.632</ele><time>2026-07-18T14:45:17Z</time><speed>0.000</speed><sat>14</sat></trkpt>
  <trkpt lat="26.41256667" lon="-80.16885333"><ele>9.632</ele><time>2026-07-18T14:45:18Z</time><speed>0.000</speed><sat>14</sat></trkpt>
  <trkpt lat="26.41256667" lon="-80.16885333"><ele>9.632</ele><time>2026-07-18T14:45:19Z</time><speed>0.000</speed><sat>15</sat></trkpt>
  <trkpt lat="26.41256667" lon="-80.16885333"><ele>9.632</ele><time>2026-07-18T14:45:20Z</time><speed>0.000</speed><sat>15</sat></trkpt>
  <trkpt lat="26.41256667" lon="-80.16885333"><ele>9.632</ele><time>2026-07-18T14:45:21Z</time><speed>0.000</speed><sat>15</sat></trkpt>
  <trkpt lat="26.41256667" lon="-80.16885333"><ele>9.632</ele><time>2026-07-18T14:45:22Z</time><speed>0.000</speed><sat>15</sat></trkpt>
  <trkpt lat="26.41256667" lon="-80.16885333"><ele>9.632</ele><time>2026-07-18T14:45:23Z</time><speed>0.000</speed><sat>15</sat></trkpt>
  <trkpt lat="26.41256667" lon="-80.16885333"><ele>9.632</ele><time>2026-07-18T14:45:24Z</time><speed>0.000</speed><sat>15</sat></trkpt>
  <trkpt lat="26.41256667" lon="-80.16885333"><ele>9.632</ele><time>2026-07-18T14:45:25Z</time><speed>0.000</speed><sat>15</sat></trkpt>
  <trkpt lat="26.41256667" lon="-80.16885333"><ele>9.632</ele><time>2026-07-18T14:45:26Z</time><speed>0.000</speed><sat>15</sat></trkpt>
  <trkpt lat="26.41256667" lon="-80.16885333"><ele>9.632</ele><time>2026-07-18T14:45:27Z</time><speed>0.000</speed><sat>15</sat></trkpt>
  <trkpt lat="26.41256667" lon="-80.16885333"><ele>9.632</ele><time>2026-07-18T14:45:28Z</time><speed>0.000</speed><sat>15</sat></trkpt>
  <trkpt lat="26.41256667" lon="-80.16885333"><ele>9.632</ele><time>2026-07-18T14:45:29Z</time><speed>0.000</speed><sat>15</sat></trkpt>
  <trkpt lat="26.41256667" lon="-80.16885333"><ele>9.632</ele><time>2026-07-18T14:45:30Z</time><speed>0.000</speed><sat>15</sat></trkpt>
  <trkpt lat="26.41256667" lon="-80.16885333"><ele>9.632</ele><time>2026-07-18T14:45:31Z</time><speed>0.000</speed><sat>15</sat></trkpt>
  <trkpt lat="26.41256667" lon="-80.16885333"><ele>9.632</ele><time>2026-07-18T14:45:32Z</time><speed>0.000</speed><sat>15</sat></trkpt>
  <trkpt lat="26.41256667" lon="-80.16885333"><ele>9.632</ele><time>2026-07-18T14:45:33Z</time><speed>0.000</speed><sat>15</sat></trkpt>
  <trkpt lat="26.41256667" lon="-80.16885333"><ele>9.632</ele><time>2026-07-18T14:45:34Z</time><speed>0.000</speed><sat>15</sat></trkpt>
  <trkpt lat="26.41256667" lon="-80.16885333"><ele>9.632</ele><time>2026-07-18T14:45:35Z</time><speed>0.000</speed><sat>15</sat></trkpt>
  <trkpt lat="26.41256667" lon="-80.16885333"><ele>9.632</ele><time>2026-07-18T14:45:36Z</time><speed>0.000</speed><sat>15</sat></trkpt>
  <trkpt lat="26.41256667" lon="-80.16885333"><ele>9.632</ele><time>2026-07-18T14:45:37Z</time><speed>0.000</speed><sat>15</sat></trkpt>
  <trkpt lat="26.41256667" lon="-80.16885333"><ele>9.632</ele><time>2026-07-18T14:45:38Z</time><speed>0.000</speed><sat>15</sat></trkpt>
  <trkpt lat="26.41256667" lon="-80.16885333"><ele>9.632</ele><time>2026-07-18T14:45:39Z</time><speed>0.000</speed><sat>15</sat></trkpt>
  <trkpt lat="26.41256667" lon="-80.16885333"><ele>9.632</ele><time>2026-07-18T14:45:40Z</time><speed>0.000</speed><sat>15</sat></trkpt>
  <trkpt lat="26.41256667" lon="-80.16885333"><ele>9.632</ele><time>2026-07-18T14:45:41Z</time><speed>0.000</speed><sat>15</sat></trkpt>
  <trkpt lat="26.41256667" lon="-80.16885333"><ele>9.632</ele><time>2026-07-18T14:45:42Z</time><speed>0.000</speed><sat>15</sat></trkpt>
  <trkpt lat="26.41256667" lon="-80.16885333"><ele>9.632</ele><time>2026-07-18T14:45:43Z</time><speed>0.000</speed><sat>15</sat></trkpt>
  <trkpt lat="26.41256667" lon="-80.16885333"><ele>9.632</ele><time>2026-07-18T14:45:44Z</time><speed>0.000</speed><sat>15</sat></trkpt>
  <trkpt lat="26.41256667" lon="-80.16885333"><ele>9.632</ele><time>2026-07-18T14:45:45Z</time><speed>0.000</speed><sat>15</sat></trkpt>
  <trkpt lat="26.41256667" lon="-80.16885333"><ele>9.632</ele><time>2026-07-18T14:45:46Z</time><speed>0.000</speed><sat>15</sat></trkpt>
  <trkpt lat="26.41256667" lon="-80.16885333"><ele>9.632</ele><time>2026-07-18T14:45:47Z</time><speed>0.000</speed><sat>15</sat></trkpt>
  <trkpt lat="26.41256667" lon="-80.16885333"><ele>9.632</ele><time>2026-07-18T14:45:48Z</time><speed>0.000</speed><sat>15</sat></trkpt>
  <trkpt lat="26.41256667" lon="-80.16885333"><ele>9.632</ele><time>2026-07-18T14:45:49Z</time><speed>0.000</speed><sat>15</sat></trkpt>
  <trkpt lat="26.41256667" lon="-80.16885333"><ele>9.632</ele><time>2026-07-18T14:45:50Z</time><speed>0.000</speed><sat>15</sat></trkpt>
  <trkpt lat="26.41256667" lon="-80.16885333"><ele>9.632</ele><time>2026-07-18T14:45:51Z</time><speed>0.000</speed><sat>15</sat></trkpt>
  <trkpt lat="26.41256667" lon="-80.16885333"><ele>9.632</ele><time>2026-07-18T14:45:52Z</time><speed>0.000</speed><sat>15</sat></trkpt>
  <trkpt lat="26.41256667" lon="-80.16885333"><ele>9.632</ele><time>2026-07-18T14:45:53Z</time><speed>0.000</speed><sat>15</sat></trkpt>
  <trkpt lat="26.41256667" lon="-80.16885333"><ele>9.632</ele><time>2026-07-18T14:45:54Z</time><speed>0.000</speed><sat>15</sat></trkpt>
  <trkpt lat="26.41256667" lon="-80.16885333"><ele>9.632</ele><time>2026-07-18T14:45:55Z</time><speed>0.000</speed><sat>15</sat></trkpt>
  <trkpt lat="26.41256667" lon="-80.16885333"><ele>9.632</ele><time>2026-07-18T14:45:56Z</time><speed>0.000</speed><sat>15</sat></trkpt>
  <trkpt lat="26.41256667" lon="-80.16885333"><ele>9.632</ele><time>2026-07-18T14:45:57Z</time><speed>0.000</speed><sat>15</sat></trkpt>
  <trkpt lat="26.41256667" lon="-80.16885333"><ele>9.632</ele><time>2026-07-18T14:45:58Z</time><speed>0.000</speed><sat>15</sat></trkpt>
  <trkpt lat="26.41256667" lon="-80.16885333"><ele>9.632</ele><time>2026-07-18T14:45:59Z</time><speed>0.000</speed><sat>15</sat></trkpt>
  <trkpt lat="26.41256667" lon="-80.16885333"><ele>9.632</ele><time>2026-07-18T14:46:00Z</time><speed>0.000</speed><sat>15</sat></trkpt>
  <trkpt lat="26.41256667" lon="-80.16885333"><ele>9.632</ele><time>2026-07-18T14:46:01Z</time><speed>0.000</speed><sat>15</sat></trkpt>
  <trkpt lat="26.41256667" lon="-80.16885333"><ele>9.632</ele><time>2026-07-18T14:46:02Z</time><speed>0.000</speed><sat>15</sat></trkpt>
  <trkpt lat="26.41256667" lon="-80.16885333"><ele>9.632</ele><time>2026-07-18T14:46:03Z</time><speed>0.000</speed><sat>15</sat></trkpt>
  <trkpt lat="26.41256667" lon="-80.16885333"><ele>9.632</ele><time>2026-07-18T14:46:04Z</time><speed>0.000</speed><sat>15</sat></trkpt>
  <trkpt lat="26.41256667" lon="-80.16885333"><ele>9.632</ele><time>2026-07-18T14:46:05Z</time><speed>0.000</speed><sat>15</sat></trkpt>
  <trkpt lat="26.41256667" lon="-80.16885333"><ele>9.632</ele><time>2026-07-18T14:46:06Z</time><speed>0.000</speed><sat>15</sat></trkpt>
  <trkpt lat="26.41256667" lon="-80.16885333"><ele>9.632</ele><time>2026-07-18T14:46:07Z</time><speed>0.000</speed><sat>15</sat></trkpt>
  <trkpt lat="26.41256667" lon="-80.16885333"><ele>9.632</ele><time>2026-07-18T14:46:08Z</time><speed>0.000</speed><sat>15</sat></trkpt>
  <trkpt lat="26.41256667" lon="-80.16885333"><ele>9.632</ele><time>2026-07-18T14:46:09Z</time><speed>0.000</speed><sat>15</sat></trkpt>
  <trkpt lat="26.41256667" lon="-80.16885333"><ele>9.632</ele><time>2026-07-18T14:46:10Z</time><speed>0.000</speed><sat>14</sat></trkpt>
  <trkpt lat="26.41256667" lon="-80.16885333"><ele>9.632</ele><time>2026-07-18T14:46:11Z</time><speed>0.000</speed><sat>14</sat></trkpt>
  <trkpt lat="26.41256667" lon="-80.16885333"><ele>9.632</ele><time>2026-07-18T14:46:12Z</time><speed>0.000</speed><sat>14</sat></trkpt>
  <trkpt lat="26.41256667" lon="-80.16885333"><ele>9.632</ele><time>2026-07-18T14:46:13Z</time><speed>0.000</speed><sat>14</sat></trkpt>
  <trkpt lat="26.41256667" lon="-80.16885333"><ele>9.632</ele><time>2026-07-18T14:46:14Z</time><speed>0.000</speed><sat>14</sat></trkpt>
  <trkpt lat="26.41256667" lon="-80.16885333"><ele>9.632</ele><time>2026-07-18T14:46:15Z</time><speed>0.000</speed><sat>14</sat></trkpt>
  <trkpt lat="26.41256667" lon="-80.16885333"><ele>9.632</ele><time>2026-07-18T14:46:16Z</time><speed>0.000</speed><sat>14</sat></trkpt>
  <trkpt lat="26.41256667" lon="-80.16885333"><ele>9.632</ele><time>2026-07-18T14:46:17Z</time><speed>0.000</speed><sat>14</sat></trkpt>
  <trkpt lat="26.41256667" lon="-80.16885333"><ele>9.632</ele><time>2026-07-18T14:46:18Z</time><speed>0.000</speed><sat>14</sat></trkpt>
  <trkpt lat="26.41256667" lon="-80.16885333"><ele>9.632</ele><time>2026-07-18T14:46:19Z</time><speed>0.000</speed><sat>14</sat></trkpt>
  <trkpt lat="26.41256667" lon="-80.16885333"><ele>9.632</ele><time>2026-07-18T14:46:20Z</time><speed>0.000</speed><sat>14</sat></trkpt>
  <trkpt lat="26.41256667" lon="-80.16885333"><ele>9.632</ele><time>2026-07-18T14:46:21Z</time><speed>0.000</speed><sat>14</sat></trkpt>
  <trkpt lat="26.41256667" lon="-80.16885333"><ele>9.632</ele><time>2026-07-18T14:46:22Z</time><speed>0.000</speed><sat>14</sat></trkpt>
  <trkpt lat="26.41256667" lon="-80.16885333"><ele>9.632</ele><time>2026-07-18T14:46:23Z</time><speed>0.000</speed><sat>14</sat></trkpt>
  <trkpt lat="26.41256667" lon="-80.16885333"><ele>9.632</ele><time>2026-07-18T14:46:24Z</time><speed>0.000</speed><sat>14</sat></trkpt>
  <trkpt lat="26.41256667" lon="-80.16885333"><ele>9.632</ele><time>2026-07-18T14:46:25Z</time><speed>0.000</speed><sat>14</sat></trkpt>
  <trkpt lat="26.41256667" lon="-80.16885333"><ele>9.632</ele><time>2026-07-18T14:46:26Z</time><speed>0.000</speed><sat>14</sat></trkpt>
  <trkpt lat="26.41256667" lon="-80.16885333"><ele>9.632</ele><time>2026-07-18T14:46:27Z</time><speed>0.000</speed><sat>14</sat></trkpt>
  <trkpt lat="26.41256667" lon="-80.16885333"><ele>9.632</ele><time>2026-07-18T14:46:28Z</time><speed>0.000</speed><sat>14</sat></trkpt>
  <trkpt lat="26.41256667" lon="-80.16885333"><ele>9.632</ele><time>2026-07-18T14:46:29Z</time><speed>0.000</speed><sat>14</sat></trkpt>
  <trkpt lat="26.41256667" lon="-80.16885333"><ele>9.632</ele><time>2026-07-18T14:46:30Z</time><speed>0.000</speed><sat>14</sat></trkpt>
  <trkpt lat="26.41256667" lon="-80.16885333"><ele>9.632</ele><time>2026-07-18T14:46:31Z</time><speed>0.000</speed><sat>14</sat></trkpt>
  <trkpt lat="26.41256667" lon="-80.16885333"><ele>9.632</ele><time>2026-07-18T14:46:32Z</time><speed>0.000</speed><sat>14</sat></trkpt>
  <trkpt lat="26.41256667" lon="-80.16885333"><ele>9.632</ele><time>2026-07-18T14:46:33Z</time><speed>0.000</speed><sat>14</sat></trkpt>
  <trkpt lat="26.41256667" lon="-80.16885333"><ele>9.632</ele><time>2026-07-18T14:46:34Z</time><speed>0.000</speed><sat>14</sat></trkpt>
  <trkpt lat="26.41256667" lon="-80.16885333"><ele>9.632</ele><time>2026-07-18T14:46:35Z</time><speed>0.000</speed><sat>15</sat></trkpt>
  <trkpt lat="26.41256667" lon="-80.16885333"><ele>9.632</ele><time>2026-07-18T14:46:36Z</time><speed>0.000</speed><sat>15</sat></trkpt>
  <trkpt lat="26.41256667" lon="-80.16885333"><ele>9.632</ele><time>2026-07-18T14:46:37Z</time><speed>0.000</speed><sat>15</sat></trkpt>
  <trkpt lat="26.41256667" lon="-80.16885333"><ele>9.632</ele><time>2026-07-18T14:46:38Z</time><speed>0.000</speed><sat>15</sat></trkpt>
  <trkpt lat="26.41256667" lon="-80.16885333"><ele>9.632</ele><time>2026-07-18T14:46:39Z</time><speed>0.000</speed><sat>15</sat></trkpt>
  <trkpt lat="26.41256667" lon="-80.16885333"><ele>9.632</ele><time>2026-07-18T14:46:40Z</time><speed>0.000</speed><sat>15</sat></trkpt>
  <trkpt lat="26.41256667" lon="-80.16885333"><ele>9.632</ele><time>2026-07-18T14:46:41Z</time><speed>0.000</speed><sat>15</sat></trkpt>
  <trkpt lat="26.41256667" lon="-80.16885333"><ele>9.632</ele><time>2026-07-18T14:46:42Z</time><speed>0.000</speed><sat>15</sat></trkpt>
  <trkpt lat="26.41256667" lon="-80.16885333"><ele>9.632</ele><time>2026-07-18T14:46:43Z</time><speed>0.000</speed><sat>15</sat></trkpt>
  <trkpt lat="26.41256667" lon="-80.16885333"><ele>9.632</ele><time>2026-07-18T14:46:44Z</time><speed>0.000</speed><sat>15</sat></trkpt>
  <trkpt lat="26.41256667" lon="-80.16885333"><ele>9.632</ele><time>2026-07-18T14:46:45Z</time><speed>0.000</speed><sat>14</sat></trkpt>
  <trkpt lat="26.41256667" lon="-80.16885333"><ele>9.632</ele><time>2026-07-18T14:46:46Z</time><speed>0.000</speed><sat>14</sat></trkpt>
  <trkpt lat="26.41256667" lon="-80.16885333"><ele>9.632</ele><time>2026-07-18T14:46:47Z</time><speed>0.000</speed><sat>14</sat></trkpt>
  <trkpt lat="26.41256667" lon="-80.16885333"><ele>9.632</ele><time>2026-07-18T14:46:48Z</time><speed>0.000</speed><sat>15</sat></trkpt>
  <trkpt lat="26.41256667" lon="-80.16885333"><ele>9.632</ele><time>2026-07-18T14:46:49Z</time><speed>0.000</speed><sat>15</sat></trkpt>
  <trkpt lat="26.41256667" lon="-80.16885333"><ele>9.632</ele><time>2026-07-18T14:46:50Z</time><speed>0.000</speed><sat>15</sat></trkpt>
  <trkpt lat="26.41256667" lon="-80.16885333"><ele>9.632</ele><time>2026-07-18T14:46:51Z</time><speed>0.000</speed><sat>15</sat></trkpt>
  <trkpt lat="26.41256667" lon="-80.16885333"><ele>9.632</ele><time>2026-07-18T14:46:52Z</time><speed>0.000</speed><sat>15</sat></trkpt>
  <trkpt lat="26.41256667" lon="-80.16885333"><ele>9.632</ele><time>2026-07-18T14:46:53Z</time><speed>0.000</speed><sat>15</sat></trkpt>
  <trkpt lat="26.41256667" lon="-80.16885333"><ele>9.632</ele><time>2026-07-18T14:46:54Z</time><speed>0.000</speed><sat>15</sat></trkpt>
  <trkpt lat="26.41256667" lon="-80.16885333"><ele>9.632</ele><time>2026-07-18T14:46:55Z</time><speed>0.000</speed><sat>15</sat></trkpt>
  <trkpt lat="26.41256667" lon="-80.16885333"><ele>9.632</ele><time>2026-07-18T14:46:56Z</time><speed>0.000</speed><sat>14</sat></trkpt>
  <trkpt lat="26.41256667" lon="-80.16885333"><ele>9.632</ele><time>2026-07-18T14:46:57Z</time><speed>0.000</speed><sat>14</sat></trkpt>
  <trkpt lat="26.41256667" lon="-80.16885333"><ele>9.632</ele><time>2026-07-18T14:46:58Z</time><speed>0.000</speed><sat>14</sat></trkpt>
  <trkpt lat="26.41256667" lon="-80.16885333"><ele>9.632</ele><time>2026-07-18T14:46:59Z</time><speed>0.000</speed><sat>14</sat></trkpt>
  <trkpt lat="26.41256667" lon="-80.16885333"><ele>9.632</ele><time>2026-07-18T14:47:00Z</time><speed>0.000</speed><sat>14</sat></trkpt>
  <trkpt lat="26.41256667" lon="-80.16885333"><ele>9.632</ele><time>2026-07-18T14:47:01Z</time><speed>0.000</speed><sat>14</sat></trkpt>
  <trkpt lat="26.41256667" lon="-80.16885333"><ele>9.632</ele><time>2026-07-18T14:47:02Z</time><speed>0.000</speed><sat>14</sat></trkpt>
  <trkpt lat="26.41256667" lon="-80.16885333"><ele>9.632</ele><time>2026-07-18T14:47:03Z</time><speed>0.000</speed><sat>14</sat></trkpt>
  <trkpt lat="26.41256667" lon="-80.16885333"><ele>9.632</ele><time>2026-07-18T14:47:04Z</time><speed>0.000</speed><sat>14</sat></trkpt>
  <trkpt lat="26.41256667" lon="-80.16885333"><ele>9.632</ele><time>2026-07-18T14:47:05Z</time><speed>0.000</speed><sat>14</sat></trkpt>
  <trkpt lat="26.41256667" lon="-80.16885333"><ele>9.632</ele><time>2026-07-18T14:47:06Z</time><speed>0.000</speed><sat>14</sat></trkpt>
  <trkpt lat="26.41256667" lon="-80.16885333"><ele>9.632</ele><time>2026-07-18T14:47:07Z</time><speed>0.000</speed><sat>14</sat></trkpt>
  <trkpt lat="26.41256667" lon="-80.16885333"><ele>9.632</ele><time>2026-07-18T14:47:08Z</time><speed>0.000</speed><sat>14</sat></trkpt>
  <trkpt lat="26.41256667" lon="-80.16885333"><ele>9.632</ele><time>2026-07-18T14:47:09Z</time><speed>0.000</speed><sat>14</sat></trkpt>
  <trkpt lat="26.41256667" lon="-80.16885333"><ele>9.632</ele><time>2026-07-18T14:47:10Z</time><speed>0.000</speed><sat>13</sat></trkpt>
  <trkpt lat="26.41256667" lon="-80.16885333"><ele>9.632</ele><time>2026-07-18T14:47:11Z</time><speed>0.000</speed><sat>13</sat></trkpt>
  <trkpt lat="26.41256667" lon="-80.16885333"><ele>9.632</ele><time>2026-07-18T14:47:12Z</time><speed>0.000</speed><sat>13</sat></trkpt>
  <trkpt lat="26.41256667" lon="-80.16885333"><ele>9.632</ele><time>2026-07-18T14:47:13Z</time><speed>0.000</speed><sat>13</sat></trkpt>
  <trkpt lat="26.41256667" lon="-80.16885333"><ele>9.632</ele><time>2026-07-18T14:47:14Z</time><speed>0.000</speed><sat>13</sat></trkpt>
  <trkpt lat="26.41256667" lon="-80.16885333"><ele>9.632</ele><time>2026-07-18T14:47:15Z</time><speed>0.000</speed><sat>13</sat></trkpt>
  <trkpt lat="26.41256667" lon="-80.16885333"><ele>9.632</ele><time>2026-07-18T14:47:16Z</time><speed>0.000</speed><sat>13</sat></trkpt>
  <trkpt lat="26.41256667" lon="-80.16885333"><ele>9.632</ele><time>2026-07-18T14:47:17Z</time><speed>0.000</speed><sat>13</sat></trkpt>
  <trkpt lat="26.41256667" lon="-80.16885333"><ele>9.632</ele><time>2026-07-18T14:47:18Z</time><speed>0.000</speed><sat>13</sat></trkpt>
  <trkpt lat="26.41256667" lon="-80.16885333"><ele>9.632</ele><time>2026-07-18T14:47:19Z</time><speed>0.000</speed><sat>13</sat></trkpt>
  <trkpt lat="26.41256667" lon="-80.16885333"><ele>9.632</ele><time>2026-07-18T14:47:20Z</time><speed>0.000</speed><sat>13</sat></trkpt>
  <trkpt lat="26.41256667" lon="-80.16885333"><ele>9.632</ele><time>2026-07-18T14:47:21Z</time><speed>0.000</speed><sat>13</sat></trkpt>
  <trkpt lat="26.41256667" lon="-80.16885333"><ele>9.632</ele><time>2026-07-18T14:47:22Z</time><speed>0.000</speed><sat>13</sat></trkpt>
  <trkpt lat="26.41256667" lon="-80.16885333"><ele>9.632</ele><time>2026-07-18T14:47:23Z</time><speed>0.000</speed><sat>14</sat></trkpt>
  <trkpt lat="26.41256667" lon="-80.16885333"><ele>9.632</ele><time>2026-07-18T14:47:24Z</time><speed>0.000</speed><sat>14</sat></trkpt>
  <trkpt lat="26.41256667" lon="-80.16885333"><ele>9.632</ele><time>2026-07-18T14:47:25Z</time><speed>0.000</speed><sat>14</sat></trkpt>
  <trkpt lat="26.41256667" lon="-80.16885333"><ele>9.632</ele><time>2026-07-18T14:47:26Z</time><speed>0.000</speed><sat>14</sat></trkpt>
  <trkpt lat="26.41256667" lon="-80.16885333"><ele>9.632</ele><time>2026-07-18T14:47:27Z</time><speed>0.000</speed><sat>14</sat></trkpt>
  <trkpt lat="26.41256667" lon="-80.16885333"><ele>9.632</ele><time>2026-07-18T14:47:28Z</time><speed>0.000</speed><sat>14</sat></trkpt>
  <trkpt lat="26.41256667" lon="-80.16885333"><ele>9.632</ele><time>2026-07-18T14:47:29Z</time><speed>0.000</speed><sat>14</sat></trkpt>
  <trkpt lat="26.41256667" lon="-80.16885333"><ele>9.632</ele><time>2026-07-18T14:47:30Z</time><speed>0.000</speed><sat>14</sat></trkpt>
  <trkpt lat="26.41256667" lon="-80.16885333"><ele>9.632</ele><time>2026-07-18T14:47:31Z</time><speed>0.000</speed><sat>14</sat></trkpt>
  <trkpt lat="26.41256667" lon="-80.16885333"><ele>9.632</ele><time>2026-07-18T14:47:32Z</time><speed>0.000</speed><sat>14</sat></trkpt>
  <trkpt lat="26.41256667" lon="-80.16885333"><ele>9.632</ele><time>2026-07-18T14:47:33Z</time><speed>0.000</speed><sat>14</sat></trkpt>
  <trkpt lat="26.41256667" lon="-80.16885333"><ele>9.632</ele><time>2026-07-18T14:47:34Z</time><speed>0.000</speed><sat>14</sat></trkpt>
  <trkpt lat="26.41256667" lon="-80.16885333"><ele>9.632</ele><time>2026-07-18T14:47:35Z</time><speed>0.000</speed><sat>14</sat></trkpt>
  <trkpt lat="26.41256667" lon="-80.16885333"><ele>9.632</ele><time>2026-07-18T14:47:36Z</time><speed>0.000</speed><sat>14</sat></trkpt>
  <trkpt lat="26.41256667" lon="-80.16885333"><ele>9.632</ele><time>2026-07-18T14:47:37Z</time><speed>0.000</speed><sat>14</sat></trkpt>
  <trkpt lat="26.41256667" lon="-80.16885333"><ele>9.632</ele><time>2026-07-18T14:47:38Z</time><speed>0.000</speed><sat>14</sat></trkpt>
  <trkpt lat="26.41250500" lon="-80.16877667"><ele>6.132</ele><time>2026-07-18T14:47:39Z</time><speed>0.055</speed><sat>14</sat></trkpt>
  <trkpt lat="26.41250000" lon="-80.16878000"><ele>6.432</ele><time>2026-07-18T14:47:40Z</time><speed>0.000</speed><sat>14</sat></trkpt>
  <trkpt lat="26.41249833" lon="-80.16878500"><ele>6.632</ele><time>2026-07-18T14:47:41Z</time><speed>0.000</speed><sat>14</sat></trkpt>
  <trkpt lat="26.41249833" lon="-80.16879167"><ele>6.932</ele><time>2026-07-18T14:47:42Z</time><speed>0.000</speed><sat>14</sat></trkpt>
  <trkpt lat="26.41249833" lon="-80.16879167"><ele>6.932</ele><time>2026-07-18T14:47:43Z</time><speed>0.000</speed><sat>15</sat></trkpt>
  <trkpt lat="26.41249833" lon="-80.16879167"><ele>6.932</ele><time>2026-07-18T14:47:44Z</time><speed>0.000</speed><sat>15</sat></trkpt>
  <trkpt lat="26.41249833" lon="-80.16879167"><ele>6.932</ele><time>2026-07-18T14:47:45Z</time><speed>0.000</speed><sat>15</sat></trkpt>
  <trkpt lat="26.41249833" lon="-80.16879167"><ele>6.932</ele><time>2026-07-18T14:47:46Z</time><speed>0.000</speed><sat>15</sat></trkpt>
  <trkpt lat="26.41249833" lon="-80.16879167"><ele>6.932</ele><time>2026-07-18T14:47:47Z</time><speed>0.000</speed><sat>15</sat></trkpt>
  <trkpt lat="26.41249833" lon="-80.16879167"><ele>6.932</ele><time>2026-07-18T14:47:48Z</time><speed>0.000</speed><sat>15</sat></trkpt>
  <trkpt lat="26.41249833" lon="-80.16879167"><ele>6.932</ele><time>2026-07-18T14:47:49Z</time><speed>0.000</speed><sat>15</sat></trkpt>
  <trkpt lat="26.41249833" lon="-80.16879167"><ele>6.932</ele><time>2026-07-18T14:47:50Z</time><speed>0.000</speed><sat>15</sat></trkpt>
  <trkpt lat="26.41249833" lon="-80.16879167"><ele>6.932</ele><time>2026-07-18T14:47:51Z</time><speed>0.000</speed><sat>15</sat></trkpt>
  <trkpt lat="26.41249833" lon="-80.16879167"><ele>6.932</ele><time>2026-07-18T14:47:52Z</time><speed>0.000</speed><sat>15</sat></trkpt>
  <trkpt lat="26.41249833" lon="-80.16879167"><ele>6.932</ele><time>2026-07-18T14:47:53Z</time><speed>0.000</speed><sat>15</sat></trkpt>
  <trkpt lat="26.41249833" lon="-80.16879167"><ele>6.932</ele><time>2026-07-18T14:47:54Z</time><speed>0.000</speed><sat>14</sat></trkpt>
  <trkpt lat="26.41249833" lon="-80.16879167"><ele>6.932</ele><time>2026-07-18T14:47:55Z</time><speed>0.000</speed><sat>15</sat></trkpt>
  <trkpt lat="26.41249833" lon="-80.16879167"><ele>6.932</ele><time>2026-07-18T14:47:56Z</time><speed>0.000</speed><sat>15</sat></trkpt>
  <trkpt lat="26.41249833" lon="-80.16879167"><ele>6.932</ele><time>2026-07-18T14:47:57Z</time><speed>0.000</speed><sat>15</sat></trkpt>
  <trkpt lat="26.41249833" lon="-80.16879167"><ele>6.932</ele><time>2026-07-18T14:47:58Z</time><speed>0.000</speed><sat>15</sat></trkpt>
  <trkpt lat="26.41249833" lon="-80.16879167"><ele>6.932</ele><time>2026-07-18T14:47:59Z</time><speed>0.000</speed><sat>15</sat></trkpt>
  <trkpt lat="26.41249833" lon="-80.16879167"><ele>6.932</ele><time>2026-07-18T14:48:00Z</time><speed>0.000</speed><sat>15</sat></trkpt>
  <trkpt lat="26.41249833" lon="-80.16879167"><ele>6.932</ele><time>2026-07-18T14:48:01Z</time><speed>0.000</speed><sat>15</sat></trkpt>
  <trkpt lat="26.41249833" lon="-80.16879167"><ele>6.932</ele><time>2026-07-18T14:48:02Z</time><speed>0.000</speed><sat>14</sat></trkpt>
  <trkpt lat="26.41249833" lon="-80.16879167"><ele>6.932</ele><time>2026-07-18T14:48:03Z</time><speed>0.000</speed><sat>14</sat></trkpt>
  <trkpt lat="26.41249833" lon="-80.16879167"><ele>6.932</ele><time>2026-07-18T14:48:04Z</time><speed>0.000</speed><sat>14</sat></trkpt>
  <trkpt lat="26.41249833" lon="-80.16879167"><ele>6.932</ele><time>2026-07-18T14:48:05Z</time><speed>0.000</speed><sat>14</sat></trkpt>
  <trkpt lat="26.41249833" lon="-80.16879167"><ele>6.932</ele><time>2026-07-18T14:48:06Z</time><speed>0.000</speed><sat>13</sat></trkpt>
  <trkpt lat="26.41249833" lon="-80.16879167"><ele>6.932</ele><time>2026-07-18T14:48:07Z</time><speed>0.000</speed><sat>13</sat></trkpt>
  <trkpt lat="26.41249833" lon="-80.16879167"><ele>6.932</ele><time>2026-07-18T14:48:08Z</time><speed>0.000</speed><sat>14</sat></trkpt>
  <trkpt lat="26.41249833" lon="-80.16879167"><ele>6.932</ele><time>2026-07-18T14:48:09Z</time><speed>0.000</speed><sat>14</sat></trkpt>
  <trkpt lat="26.41249833" lon="-80.16879167"><ele>6.932</ele><time>2026-07-18T14:48:10Z</time><speed>0.000</speed><sat>14</sat></trkpt>
  <trkpt lat="26.41249833" lon="-80.16879167"><ele>6.932</ele><time>2026-07-18T14:48:11Z</time><speed>0.000</speed><sat>12</sat></trkpt>
  <trkpt lat="26.41249833" lon="-80.16879167"><ele>6.932</ele><time>2026-07-18T14:48:12Z</time><speed>0.000</speed><sat>12</sat></trkpt>
  <trkpt lat="26.41249833" lon="-80.16879167"><ele>6.932</ele><time>2026-07-18T14:48:13Z</time><speed>0.000</speed><sat>13</sat></trkpt>
  <trkpt lat="26.41249833" lon="-80.16879167"><ele>6.932</ele><time>2026-07-18T14:48:14Z</time><speed>0.000</speed><sat>13</sat></trkpt>
  <trkpt lat="26.41249833" lon="-80.16879167"><ele>6.932</ele><time>2026-07-18T14:48:15Z</time><speed>0.000</speed><sat>13</sat></trkpt>
  <trkpt lat="26.41249833" lon="-80.16879167"><ele>6.932</ele><time>2026-07-18T14:48:16Z</time><speed>0.000</speed><sat>13</sat></trkpt>
  <trkpt lat="26.41249833" lon="-80.16879167"><ele>6.932</ele><time>2026-07-18T14:48:17Z</time><speed>0.000</speed><sat>13</sat></trkpt>
  <trkpt lat="26.41249833" lon="-80.16879167"><ele>6.932</ele><time>2026-07-18T14:48:18Z</time><speed>0.000</speed><sat>13</sat></trkpt>
  <trkpt lat="26.41249833" lon="-80.16879167"><ele>6.932</ele><time>2026-07-18T14:48:19Z</time><speed>0.000</speed><sat>13</sat></trkpt>
  <trkpt lat="26.41249833" lon="-80.16879167"><ele>6.932</ele><time>2026-07-18T14:48:20Z</time><speed>0.000</speed><sat>13</sat></trkpt>
  <trkpt lat="26.41249833" lon="-80.16879167"><ele>6.932</ele><time>2026-07-18T14:48:21Z</time><speed>0.000</speed><sat>14</sat></trkpt>
  <trkpt lat="26.41249833" lon="-80.16879167"><ele>6.932</ele><time>2026-07-18T14:48:22Z</time><speed>0.000</speed><sat>14</sat></trkpt>
  <trkpt lat="26.41249833" lon="-80.16879167"><ele>6.932</ele><time>2026-07-18T14:48:23Z</time><speed>0.000</speed><sat>14</sat></trkpt>
  <trkpt lat="26.41249833" lon="-80.16879167"><ele>6.932</ele><time>2026-07-18T14:48:24Z</time><speed>0.000</speed><sat>14</sat></trkpt>
  <trkpt lat="26.41249833" lon="-80.16879167"><ele>6.932</ele><time>2026-07-18T14:48:25Z</time><speed>0.000</speed><sat>14</sat></trkpt>
  <trkpt lat="26.41249833" lon="-80.16879167"><ele>6.932</ele><time>2026-07-18T14:48:26Z</time><speed>0.000</speed><sat>14</sat></trkpt>
  <trkpt lat="26.41249833" lon="-80.16879167"><ele>6.932</ele><time>2026-07-18T14:48:27Z</time><speed>0.000</speed><sat>14</sat></trkpt>
  <trkpt lat="26.41249833" lon="-80.16879167"><ele>6.932</ele><time>2026-07-18T14:48:28Z</time><speed>0.000</speed><sat>14</sat></trkpt>
  <trkpt lat="26.41249833" lon="-80.16879167"><ele>6.932</ele><time>2026-07-18T14:48:29Z</time><speed>0.000</speed><sat>15</sat></trkpt>
  <trkpt lat="26.41249833" lon="-80.16879167"><ele>6.932</ele><time>2026-07-18T14:48:30Z</time><speed>0.000</speed><sat>15</sat></trkpt>
  <trkpt lat="26.41249833" lon="-80.16879167"><ele>6.932</ele><time>2026-07-18T14:48:31Z</time><speed>0.000</speed><sat>14</sat></trkpt>
  <trkpt lat="26.41249833" lon="-80.16879167"><ele>6.932</ele><time>2026-07-18T14:48:32Z</time><speed>0.000</speed><sat>14</sat></trkpt>
  <trkpt lat="26.41249833" lon="-80.16879167"><ele>6.932</ele><time>2026-07-18T14:48:33Z</time><speed>0.000</speed><sat>15</sat></trkpt>
  <trkpt lat="26.41249833" lon="-80.16879167"><ele>6.932</ele><time>2026-07-18T14:48:34Z</time><speed>0.000</speed><sat>15</sat></trkpt>
  <trkpt lat="26.41258667" lon="-80.16881667"><ele>7.332</ele><time>2026-07-18T14:48:35Z</time><speed>0.251</speed><sat>15</sat></trkpt>
  <trkpt lat="26.41261000" lon="-80.16882500"><ele>6.932</ele><time>2026-07-18T14:48:36Z</time><speed>0.506</speed><sat>15</sat></trkpt>
  <trkpt lat="26.41264000" lon="-80.16883000"><ele>6.232</ele><time>2026-07-18T14:48:37Z</time><speed>0.811</speed><sat>15</sat></trkpt>
  <trkpt lat="26.41267167" lon="-80.16884000"><ele>5.732</ele><time>2026-07-18T14:48:38Z</time><speed>1.160</speed><sat>15</sat></trkpt>
  <trkpt lat="26.41270667" lon="-80.16884667"><ele>5.632</ele><time>2026-07-18T14:48:39Z</time><speed>1.508</speed><sat>15</sat></trkpt>
  <trkpt lat="26.41274000" lon="-80.16885000"><ele>5.032</ele><time>2026-07-18T14:48:40Z</time><speed>1.859</speed><sat>15</sat></trkpt>
  <trkpt lat="26.41277333" lon="-80.16885167"><ele>5.232</ele><time>2026-07-18T14:48:41Z</time><speed>2.194</speed><sat>15</sat></trkpt>
  <trkpt lat="26.41280667" lon="-80.16884833"><ele>5.432</ele><time>2026-07-18T14:48:42Z</time><speed>2.542</speed><sat>15</sat></trkpt>
  <trkpt lat="26.41284000" lon="-80.16885000"><ele>6.032</ele><time>2026-07-18T14:48:43Z</time><speed>2.906</speed><sat>15</sat></trkpt>
  <trkpt lat="26.41287667" lon="-80.16885500"><ele>6.632</ele><time>2026-07-18T14:48:44Z</time><speed>3.223</speed><sat>15</sat></trkpt>
  <trkpt lat="26.41291167" lon="-80.16886333"><ele>6.532</ele><time>2026-07-18T14:48:45Z</time><speed>3.460</speed><sat>15</sat></trkpt>
  <trkpt lat="26.41294333" lon="-80.16887333"><ele>6.432</ele><time>2026-07-18T14:48:46Z</time><speed>3.589</speed><sat>15</sat></trkpt>
  <trkpt lat="26.41298000" lon="-80.16887833"><ele>6.732</ele><time>2026-07-18T14:48:47Z</time><speed>3.669</speed><sat>15</sat></trkpt>
  <trkpt lat="26.41301500" lon="-80.16888833"><ele>7.032</ele><time>2026-07-18T14:48:48Z</time><speed>3.712</speed><sat>15</sat></trkpt>
  <trkpt lat="26.41305167" lon="-80.16890333"><ele>7.332</ele><time>2026-07-18T14:48:49Z</time><speed>3.752</speed><sat>15</sat></trkpt>
  <trkpt lat="26.41308667" lon="-80.16891833"><ele>7.132</ele><time>2026-07-18T14:48:50Z</time><speed>3.780</speed><sat>15</sat></trkpt>
  <trkpt lat="26.41311833" lon="-80.16893167"><ele>7.432</ele><time>2026-07-18T14:48:51Z</time><speed>3.821</speed><sat>15</sat></trkpt>
  <trkpt lat="26.41314833" lon="-80.16894500"><ele>7.032</ele><time>2026-07-18T14:48:52Z</time><speed>3.857</speed><sat>15</sat></trkpt>
  <trkpt lat="26.41318167" lon="-80.16895833"><ele>7.032</ele><time>2026-07-18T14:48:53Z</time><speed>3.900</speed><sat>15</sat></trkpt>
  <trkpt lat="26.41321667" lon="-80.16896833"><ele>7.532</ele><time>2026-07-18T14:48:54Z</time><speed>3.949</speed><sat>15</sat></trkpt>
  <trkpt lat="26.41325167" lon="-80.16897833"><ele>7.932</ele><time>2026-07-18T14:48:55Z</time><speed>3.978</speed><sat>15</sat></trkpt>
  <trkpt lat="26.41328833" lon="-80.16899167"><ele>7.732</ele><time>2026-07-18T14:48:56Z</time><speed>3.993</speed><sat>15</sat></trkpt>
  <trkpt lat="26.41332167" lon="-80.16900833"><ele>8.232</ele><time>2026-07-18T14:48:57Z</time><speed>3.990</speed><sat>15</sat></trkpt>
  <trkpt lat="26.41335667" lon="-80.16901833"><ele>9.032</ele><time>2026-07-18T14:48:58Z</time><speed>3.961</speed><sat>15</sat></trkpt>
  <trkpt lat="26.41339167" lon="-80.16903000"><ele>9.632</ele><time>2026-07-18T14:48:59Z</time><speed>3.999</speed><sat>15</sat></trkpt>
  <trkpt lat="26.41342833" lon="-80.16904333"><ele>9.832</ele><time>2026-07-18T14:49:00Z</time><speed>4.098</speed><sat>15</sat></trkpt>
  <trkpt lat="26.41346167" lon="-80.16904833"><ele>10.032</ele><time>2026-07-18T14:49:01Z</time><speed>4.103</speed><sat>15</sat></trkpt>
  <trkpt lat="26.41349000" lon="-80.16906167"><ele>10.132</ele><time>2026-07-18T14:49:02Z</time><speed>4.084</speed><sat>15</sat></trkpt>
  <trkpt lat="26.41352167" lon="-80.16907500"><ele>10.332</ele><time>2026-07-18T14:49:03Z</time><speed>4.049</speed><sat>15</sat></trkpt>
  <trkpt lat="26.41355167" lon="-80.16908667"><ele>10.832</ele><time>2026-07-18T14:49:04Z</time><speed>4.040</speed><sat>15</sat></trkpt>
  <trkpt lat="26.41358167" lon="-80.16909667"><ele>10.932</ele><time>2026-07-18T14:49:05Z</time><speed>3.981</speed><sat>15</sat></trkpt>
  <trkpt lat="26.41361667" lon="-80.16910667"><ele>10.832</ele><time>2026-07-18T14:49:06Z</time><speed>4.012</speed><sat>14</sat></trkpt>
  <trkpt lat="26.41365333" lon="-80.16912000"><ele>10.532</ele><time>2026-07-18T14:49:07Z</time><speed>4.059</speed><sat>15</sat></trkpt>
  <trkpt lat="26.41368833" lon="-80.16913167"><ele>9.632</ele><time>2026-07-18T14:49:08Z</time><speed>4.132</speed><sat>15</sat></trkpt>
  <trkpt lat="26.41373000" lon="-80.16914000"><ele>8.531</ele><time>2026-07-18T14:49:09Z</time><speed>4.132</speed><sat>15</sat></trkpt>
  <trkpt lat="26.41377333" lon="-80.16914833"><ele>8.031</ele><time>2026-07-18T14:49:10Z</time><speed>4.084</speed><sat>15</sat></trkpt>
  <trkpt lat="26.41381667" lon="-80.16915500"><ele>6.831</ele><time>2026-07-18T14:49:11Z</time><speed>4.125</speed><sat>15</sat></trkpt>
  <trkpt lat="26.41385833" lon="-80.16915833"><ele>6.731</ele><time>2026-07-18T14:49:12Z</time><speed>4.193</speed><sat>15</sat></trkpt>
  <trkpt lat="26.41389167" lon="-80.16916000"><ele>7.032</ele><time>2026-07-18T14:49:13Z</time><speed>4.235</speed><sat>15</sat></trkpt>
  <trkpt lat="26.41393000" lon="-80.16915833"><ele>6.532</ele><time>2026-07-18T14:49:14Z</time><speed>4.257</speed><sat>15</sat></trkpt>
  <trkpt lat="26.41396833" lon="-80.16916000"><ele>6.332</ele><time>2026-07-18T14:49:15Z</time><speed>4.343</speed><sat>15</sat></trkpt>
  <trkpt lat="26.41400667" lon="-80.16915333"><ele>6.032</ele><time>2026-07-18T14:49:16Z</time><speed>4.351</speed><sat>15</sat></trkpt>
  <trkpt lat="26.41404167" lon="-80.16914500"><ele>5.532</ele><time>2026-07-18T14:49:17Z</time><speed>4.324</speed><sat>15</sat></trkpt>
  <trkpt lat="26.41407667" lon="-80.16913667"><ele>5.132</ele><time>2026-07-18T14:49:18Z</time><speed>4.271</speed><sat>15</sat></trkpt>
  <trkpt lat="26.41411000" lon="-80.16912500"><ele>5.032</ele><time>2026-07-18T14:49:19Z</time><speed>4.224</speed><sat>15</sat></trkpt>
  <trkpt lat="26.41414167" lon="-80.16911667"><ele>4.732</ele><time>2026-07-18T14:49:20Z</time><speed>4.159</speed><sat>15</sat></trkpt>
  <trkpt lat="26.41417167" lon="-80.16911000"><ele>4.432</ele><time>2026-07-18T14:49:21Z</time><speed>4.068</speed><sat>15</sat></trkpt>
  <trkpt lat="26.41419833" lon="-80.16911500"><ele>3.932</ele><time>2026-07-18T14:49:22Z</time><speed>3.945</speed><sat>15</sat></trkpt>
  <trkpt lat="26.41422333" lon="-80.16912167"><ele>3.932</ele><time>2026-07-18T14:49:23Z</time><speed>3.865</speed><sat>15</sat></trkpt>
  <trkpt lat="26.41425333" lon="-80.16913167"><ele>4.532</ele><time>2026-07-18T14:49:24Z</time><speed>3.774</speed><sat>15</sat></trkpt>
  <trkpt lat="26.41428333" lon="-80.16914333"><ele>4.332</ele><time>2026-07-18T14:49:25Z</time><speed>3.653</speed><sat>15</sat></trkpt>
  <trkpt lat="26.41431333" lon="-80.16916167"><ele>4.532</ele><time>2026-07-18T14:49:26Z</time><speed>3.565</speed><sat>15</sat></trkpt>
  <trkpt lat="26.41434500" lon="-80.16918000"><ele>4.532</ele><time>2026-07-18T14:49:27Z</time><speed>3.526</speed><sat>14</sat></trkpt>
  <trkpt lat="26.41437500" lon="-80.16920000"><ele>4.632</ele><time>2026-07-18T14:49:28Z</time><speed>3.490</speed><sat>14</sat></trkpt>
  <trkpt lat="26.41440667" lon="-80.16922167"><ele>5.132</ele><time>2026-07-18T14:49:29Z</time><speed>3.478</speed><sat>14</sat></trkpt>
  <trkpt lat="26.41443333" lon="-80.16924167"><ele>5.331</ele><time>2026-07-18T14:49:30Z</time><speed>3.474</speed><sat>14</sat></trkpt>
  <trkpt lat="26.41446000" lon="-80.16926167"><ele>5.331</ele><time>2026-07-18T14:49:31Z</time><speed>3.486</speed><sat>14</sat></trkpt>
  <trkpt lat="26.41448833" lon="-80.16927500"><ele>6.331</ele><time>2026-07-18T14:49:32Z</time><speed>3.491</speed><sat>14</sat></trkpt>
  <trkpt lat="26.41451667" lon="-80.16928500"><ele>7.431</ele><time>2026-07-18T14:49:33Z</time><speed>3.454</speed><sat>14</sat></trkpt>
  <trkpt lat="26.41454500" lon="-80.16929333"><ele>7.431</ele><time>2026-07-18T14:49:34Z</time><speed>3.433</speed><sat>14</sat></trkpt>
  <trkpt lat="26.41457167" lon="-80.16929667"><ele>7.731</ele><time>2026-07-18T14:49:35Z</time><speed>3.431</speed><sat>14</sat></trkpt>
  <trkpt lat="26.41459833" lon="-80.16929667"><ele>8.331</ele><time>2026-07-18T14:49:36Z</time><speed>3.412</speed><sat>14</sat></trkpt>
  <trkpt lat="26.41463167" lon="-80.16929500"><ele>8.431</ele><time>2026-07-18T14:49:37Z</time><speed>3.443</speed><sat>14</sat></trkpt>
  <trkpt lat="26.41466333" lon="-80.16928833"><ele>8.831</ele><time>2026-07-18T14:49:38Z</time><speed>3.444</speed><sat>15</sat></trkpt>
  <trkpt lat="26.41468333" lon="-80.16928167"><ele>9.031</ele><time>2026-07-18T14:49:39Z</time><speed>3.390</speed><sat>15</sat></trkpt>
  <trkpt lat="26.41471000" lon="-80.16926833"><ele>9.232</ele><time>2026-07-18T14:49:40Z</time><speed>3.343</speed><sat>15</sat></trkpt>
  <trkpt lat="26.41473667" lon="-80.16925667"><ele>9.132</ele><time>2026-07-18T14:49:41Z</time><speed>3.327</speed><sat>15</sat></trkpt>
  <trkpt lat="26.41475833" lon="-80.16924333"><ele>9.232</ele><time>2026-07-18T14:49:42Z</time><speed>3.281</speed><sat>15</sat></trkpt>
  <trkpt lat="26.41477333" lon="-80.16922667"><ele>9.332</ele><time>2026-07-18T14:49:43Z</time><speed>3.201</speed><sat>15</sat></trkpt>
  <trkpt lat="26.41477333" lon="-80.16920333"><ele>9.232</ele><time>2026-07-18T14:49:44Z</time><speed>3.108</speed><sat>15</sat></trkpt>
  <trkpt lat="26.41478500" lon="-80.16919000"><ele>9.132</ele><time>2026-07-18T14:49:45Z</time><speed>3.056</speed><sat>15</sat></trkpt>
  <trkpt lat="26.41480667" lon="-80.16918000"><ele>8.932</ele><time>2026-07-18T14:49:46Z</time><speed>2.956</speed><sat>15</sat></trkpt>
  <trkpt lat="26.41482333" lon="-80.16917000"><ele>9.232</ele><time>2026-07-18T14:49:47Z</time><speed>2.795</speed><sat>15</sat></trkpt>
  <trkpt lat="26.41483667" lon="-80.16916667"><ele>9.432</ele><time>2026-07-18T14:49:48Z</time><speed>2.694</speed><sat>15</sat></trkpt>
  <trkpt lat="26.41485333" lon="-80.16916667"><ele>9.632</ele><time>2026-07-18T14:49:49Z</time><speed>2.613</speed><sat>15</sat></trkpt>
  <trkpt lat="26.41487000" lon="-80.16916500"><ele>9.332</ele><time>2026-07-18T14:49:50Z</time><speed>2.480</speed><sat>15</sat></trkpt>
  <trkpt lat="26.41488000" lon="-80.16917333"><ele>9.132</ele><time>2026-07-18T14:49:51Z</time><speed>2.316</speed><sat>15</sat></trkpt>
  <trkpt lat="26.41489500" lon="-80.16917667"><ele>9.232</ele><time>2026-07-18T14:49:52Z</time><speed>2.166</speed><sat>15</sat></trkpt>
  <trkpt lat="26.41490167" lon="-80.16918000"><ele>9.032</ele><time>2026-07-18T14:49:53Z</time><speed>2.018</speed><sat>15</sat></trkpt>
  <trkpt lat="26.41491333" lon="-80.16918000"><ele>9.132</ele><time>2026-07-18T14:49:54Z</time><speed>1.883</speed><sat>15</sat></trkpt>
  <trkpt lat="26.41492333" lon="-80.16918333"><ele>9.132</ele><time>2026-07-18T14:49:55Z</time><speed>1.722</speed><sat>15</sat></trkpt>
  <trkpt lat="26.41493167" lon="-80.16919333"><ele>9.132</ele><time>2026-07-18T14:49:56Z</time><speed>1.611</speed><sat>15</sat></trkpt>
  <trkpt lat="26.41494167" lon="-80.16920167"><ele>8.932</ele><time>2026-07-18T14:49:57Z</time><speed>1.514</speed><sat>15</sat></trkpt>
  <trkpt lat="26.41495667" lon="-80.16919667"><ele>8.532</ele><time>2026-07-18T14:49:58Z</time><speed>1.410</speed><sat>15</sat></trkpt>
  <trkpt lat="26.41497667" lon="-80.16918833"><ele>8.232</ele><time>2026-07-18T14:49:59Z</time><speed>1.330</speed><sat>15</sat></trkpt>
  <trkpt lat="26.41499167" lon="-80.16917667"><ele>8.232</ele><time>2026-07-18T14:50:00Z</time><speed>1.296</speed><sat>15</sat></trkpt>
  <trkpt lat="26.41500333" lon="-80.16916167"><ele>7.632</ele><time>2026-07-18T14:50:01Z</time><speed>1.298</speed><sat>15</sat></trkpt>
  <trkpt lat="26.41501000" lon="-80.16914667"><ele>7.532</ele><time>2026-07-18T14:50:02Z</time><speed>1.343</speed><sat>15</sat></trkpt>
  <trkpt lat="26.41502167" lon="-80.16912833"><ele>7.232</ele><time>2026-07-18T14:50:03Z</time><speed>1.444</speed><sat>15</sat></trkpt>
  <trkpt lat="26.41503500" lon="-80.16910833"><ele>7.432</ele><time>2026-07-18T14:50:04Z</time><speed>1.577</speed><sat>15</sat></trkpt>
  <trkpt lat="26.41505000" lon="-80.16908667"><ele>7.332</ele><time>2026-07-18T14:50:05Z</time><speed>1.688</speed><sat>15</sat></trkpt>
  <trkpt lat="26.41506333" lon="-80.16906333"><ele>7.033</ele><time>2026-07-18T14:50:06Z</time><speed>1.776</speed><sat>15</sat></trkpt>
  <trkpt lat="26.41507333" lon="-80.16904167"><ele>6.633</ele><time>2026-07-18T14:50:07Z</time><speed>1.847</speed><sat>15</sat></trkpt>
  <trkpt lat="26.41508500" lon="-80.16902333"><ele>6.033</ele><time>2026-07-18T14:50:08Z</time><speed>1.928</speed><sat>15</sat></trkpt>
  <trkpt lat="26.41509500" lon="-80.16900667"><ele>5.733</ele><time>2026-07-18T14:50:09Z</time><speed>2.007</speed><sat>15</sat></trkpt>
  <trkpt lat="26.41510500" lon="-80.16898500"><ele>5.133</ele><time>2026-07-18T14:50:10Z</time><speed>2.090</speed><sat>15</sat></trkpt>
  <trkpt lat="26.41512000" lon="-80.16896500"><ele>4.633</ele><time>2026-07-18T14:50:11Z</time><speed>2.150</speed><sat>15</sat></trkpt>
  <trkpt lat="26.41512833" lon="-80.16894333"><ele>4.133</ele><time>2026-07-18T14:50:12Z</time><speed>2.171</speed><sat>15</sat></trkpt>
  <trkpt lat="26.41514000" lon="-80.16892500"><ele>3.533</ele><time>2026-07-18T14:50:13Z</time><speed>2.231</speed><sat>15</sat></trkpt>
  <trkpt lat="26.41515667" lon="-80.16890833"><ele>2.933</ele><time>2026-07-18T14:50:14Z</time><speed>2.258</speed><sat>15</sat></trkpt>
  <trkpt lat="26.41517000" lon="-80.16889000"><ele>2.833</ele><time>2026-07-18T14:50:15Z</time><speed>2.267</speed><sat>15</sat></trkpt>
  <trkpt lat="26.41518167" lon="-80.16887500"><ele>2.633</ele><time>2026-07-18T14:50:16Z</time><speed>2.279</speed><sat>15</sat></trkpt>
  <trkpt lat="26.41519500" lon="-80.16886000"><ele>2.133</ele><time>2026-07-18T14:50:17Z</time><speed>2.286</speed><sat>15</sat></trkpt>
  <trkpt lat="26.41520667" lon="-80.16884000"><ele>1.434</ele><time>2026-07-18T14:50:18Z</time><speed>2.294</speed><sat>15</sat></trkpt>
  <trkpt lat="26.41522000" lon="-80.16882167"><ele>0.934</ele><time>2026-07-18T14:50:19Z</time><speed>2.287</speed><sat>15</sat></trkpt>
  <trkpt lat="26.41523167" lon="-80.16880167"><ele>0.734</ele><time>2026-07-18T14:50:20Z</time><speed>2.270</speed><sat>15</sat></trkpt>
  <trkpt lat="26.41524333" lon="-80.16878167"><ele>0.234</ele><time>2026-07-18T14:50:21Z</time><speed>2.261</speed><sat>15</sat></trkpt>
  <trkpt lat="26.41525333" lon="-80.16876333"><ele>0.334</ele><time>2026-07-18T14:50:22Z</time><speed>2.281</speed><sat>15</sat></trkpt>
  <trkpt lat="26.41526500" lon="-80.16874667"><ele>1.334</ele><time>2026-07-18T14:50:23Z</time><speed>2.285</speed><sat>15</sat></trkpt>
  <trkpt lat="26.41527333" lon="-80.16872833"><ele>1.034</ele><time>2026-07-18T14:50:24Z</time><speed>2.261</speed><sat>15</sat></trkpt>
  <trkpt lat="26.41528000" lon="-80.16871000"><ele>1.434</ele><time>2026-07-18T14:50:25Z</time><speed>2.252</speed><sat>15</sat></trkpt>
  <trkpt lat="26.41529000" lon="-80.16869000"><ele>1.434</ele><time>2026-07-18T14:50:26Z</time><speed>2.247</speed><sat>15</sat></trkpt>
  <trkpt lat="26.41529667" lon="-80.16866833"><ele>2.534</ele><time>2026-07-18T14:50:27Z</time><speed>2.204</speed><sat>15</sat></trkpt>
  <trkpt lat="26.41530333" lon="-80.16864833"><ele>3.234</ele><time>2026-07-18T14:50:28Z</time><speed>2.190</speed><sat>15</sat></trkpt>
  <trkpt lat="26.41531000" lon="-80.16862667"><ele>4.134</ele><time>2026-07-18T14:50:29Z</time><speed>2.175</speed><sat>15</sat></trkpt>
  <trkpt lat="26.41532167" lon="-80.16860333"><ele>4.335</ele><time>2026-07-18T14:50:30Z</time><speed>2.181</speed><sat>15</sat></trkpt>
  <trkpt lat="26.41533333" lon="-80.16858333"><ele>5.235</ele><time>2026-07-18T14:50:31Z</time><speed>2.192</speed><sat>15</sat></trkpt>
  <trkpt lat="26.41534667" lon="-80.16856833"><ele>5.835</ele><time>2026-07-18T14:50:32Z</time><speed>2.223</speed><sat>15</sat></trkpt>
  <trkpt lat="26.41536000" lon="-80.16855500"><ele>6.935</ele><time>2026-07-18T14:50:33Z</time><speed>2.220</speed><sat>15</sat></trkpt>
  <trkpt lat="26.41536833" lon="-80.16853167"><ele>7.435</ele><time>2026-07-18T14:50:34Z</time><speed>2.235</speed><sat>15</sat></trkpt>
  <trkpt lat="26.41538167" lon="-80.16851667"><ele>8.535</ele><time>2026-07-18T14:50:35Z</time><speed>2.268</speed><sat>15</sat></trkpt>
  <trkpt lat="26.41539500" lon="-80.16850000"><ele>9.335</ele><time>2026-07-18T14:50:36Z</time><speed>2.291</speed><sat>15</sat></trkpt>
  <trkpt lat="26.41541167" lon="-80.16848000"><ele>9.135</ele><time>2026-07-18T14:50:37Z</time><speed>2.344</speed><sat>15</sat></trkpt>
  <trkpt lat="26.41542500" lon="-80.16845833"><ele>8.635</ele><time>2026-07-18T14:50:38Z</time><speed>2.372</speed><sat>15</sat></trkpt>
  <trkpt lat="26.41543833" lon="-80.16843500"><ele>8.635</ele><time>2026-07-18T14:50:39Z</time><speed>2.411</speed><sat>15</sat></trkpt>
  <trkpt lat="26.41545167" lon="-80.16841000"><ele>8.535</ele><time>2026-07-18T14:50:40Z</time><speed>2.451</speed><sat>15</sat></trkpt>
  <trkpt lat="26.41546833" lon="-80.16838667"><ele>8.436</ele><time>2026-07-18T14:50:41Z</time><speed>2.487</speed><sat>15</sat></trkpt>
  <trkpt lat="26.41548333" lon="-80.16836500"><ele>8.636</ele><time>2026-07-18T14:50:42Z</time><speed>2.540</speed><sat>15</sat></trkpt>
  <trkpt lat="26.41550000" lon="-80.16834167"><ele>8.936</ele><time>2026-07-18T14:50:43Z</time><speed>2.606</speed><sat>15</sat></trkpt>
  <trkpt lat="26.41551500" lon="-80.16831500"><ele>9.236</ele><time>2026-07-18T14:50:44Z</time><speed>2.662</speed><sat>15</sat></trkpt>
  <trkpt lat="26.41553000" lon="-80.16829167"><ele>9.436</ele><time>2026-07-18T14:50:45Z</time><speed>2.682</speed><sat>15</sat></trkpt>
  <trkpt lat="26.41554333" lon="-80.16826500"><ele>9.636</ele><time>2026-07-18T14:50:46Z</time><speed>2.721</speed><sat>15</sat></trkpt>
  <trkpt lat="26.41555667" lon="-80.16824000"><ele>9.236</ele><time>2026-07-18T14:50:47Z</time><speed>2.775</speed><sat>15</sat></trkpt>
  <trkpt lat="26.41557333" lon="-80.16821500"><ele>8.936</ele><time>2026-07-18T14:50:48Z</time><speed>2.818</speed><sat>15</sat></trkpt>
  <trkpt lat="26.41559000" lon="-80.16819167"><ele>8.536</ele><time>2026-07-18T14:50:49Z</time><speed>2.869</speed><sat>15</sat></trkpt>
  <trkpt lat="26.41560833" lon="-80.16817167"><ele>8.237</ele><time>2026-07-18T14:50:50Z</time><speed>2.892</speed><sat>15</sat></trkpt>
  <trkpt lat="26.41562333" lon="-80.16815000"><ele>8.237</ele><time>2026-07-18T14:50:51Z</time><speed>2.893</speed><sat>15</sat></trkpt>
  <trkpt lat="26.41563500" lon="-80.16812500"><ele>7.937</ele><time>2026-07-18T14:50:52Z</time><speed>2.854</speed><sat>15</sat></trkpt>
  <trkpt lat="26.41564833" lon="-80.16810333"><ele>7.637</ele><time>2026-07-18T14:50:53Z</time><speed>2.853</speed><sat>15</sat></trkpt>
  <trkpt lat="26.41566500" lon="-80.16807833"><ele>6.937</ele><time>2026-07-18T14:50:54Z</time><speed>2.862</speed><sat>15</sat></trkpt>
  <trkpt lat="26.41568167" lon="-80.16805333"><ele>6.537</ele><time>2026-07-18T14:50:55Z</time><speed>2.842</speed><sat>15</sat></trkpt>
  <trkpt lat="26.41569167" lon="-80.16803167"><ele>6.137</ele><time>2026-07-18T14:50:56Z</time><speed>2.819</speed><sat>15</sat></trkpt>
  <trkpt lat="26.41570333" lon="-80.16800833"><ele>5.937</ele><time>2026-07-18T14:50:57Z</time><speed>2.863</speed><sat>15</sat></trkpt>
  <trkpt lat="26.41571667" lon="-80.16798500"><ele>5.737</ele><time>2026-07-18T14:50:58Z</time><speed>2.809</speed><sat>15</sat></trkpt>
  <trkpt lat="26.41573000" lon="-80.16796167"><ele>5.737</ele><time>2026-07-18T14:50:59Z</time><speed>2.786</speed><sat>15</sat></trkpt>
  <trkpt lat="26.41574333" lon="-80.16794000"><ele>5.738</ele><time>2026-07-18T14:51:00Z</time><speed>2.775</speed><sat>15</sat></trkpt>
  <trkpt lat="26.41575833" lon="-80.16791833"><ele>5.638</ele><time>2026-07-18T14:51:01Z</time><speed>2.743</speed><sat>15</sat></trkpt>
  <trkpt lat="26.41577333" lon="-80.16789667"><ele>5.738</ele><time>2026-07-18T14:51:02Z</time><speed>2.703</speed><sat>15</sat></trkpt>
  <trkpt lat="26.41578333" lon="-80.16787167"><ele>5.838</ele><time>2026-07-18T14:51:03Z</time><speed>2.605</speed><sat>15</sat></trkpt>
  <trkpt lat="26.41579833" lon="-80.16784667"><ele>5.838</ele><time>2026-07-18T14:51:04Z</time><speed>2.560</speed><sat>15</sat></trkpt>
  <trkpt lat="26.41581333" lon="-80.16782167"><ele>5.938</ele><time>2026-07-18T14:51:05Z</time><speed>2.619</speed><sat>15</sat></trkpt>
  <trkpt lat="26.41583000" lon="-80.16779333"><ele>5.738</ele><time>2026-07-18T14:51:06Z</time><speed>2.675</speed><sat>15</sat></trkpt>
  <trkpt lat="26.41584667" lon="-80.16776833"><ele>5.338</ele><time>2026-07-18T14:51:07Z</time><speed>2.654</speed><sat>15</sat></trkpt>
  <trkpt lat="26.41586333" lon="-80.16774333"><ele>5.138</ele><time>2026-07-18T14:51:08Z</time><speed>2.704</speed><sat>15</sat></trkpt>
  <trkpt lat="26.41588000" lon="-80.16772167"><ele>4.739</ele><time>2026-07-18T14:51:09Z</time><speed>2.673</speed><sat>15</sat></trkpt>
  <trkpt lat="26.41589833" lon="-80.16770167"><ele>4.039</ele><time>2026-07-18T14:51:10Z</time><speed>2.689</speed><sat>15</sat></trkpt>
  <trkpt lat="26.41591500" lon="-80.16768000"><ele>3.639</ele><time>2026-07-18T14:51:11Z</time><speed>2.771</speed><sat>15</sat></trkpt>
  <trkpt lat="26.41593333" lon="-80.16765667"><ele>2.739</ele><time>2026-07-18T14:51:12Z</time><speed>2.822</speed><sat>15</sat></trkpt>
  <trkpt lat="26.41594667" lon="-80.16763333"><ele>1.439</ele><time>2026-07-18T14:51:13Z</time><speed>2.896</speed><sat>15</sat></trkpt>
  <trkpt lat="26.41596000" lon="-80.16760833"><ele>0.539</ele><time>2026-07-18T14:51:14Z</time><speed>2.952</speed><sat>15</sat></trkpt>
  <trkpt lat="26.41597500" lon="-80.16758667"><ele>0.139</ele><time>2026-07-18T14:51:15Z</time><speed>2.946</speed><sat>15</sat></trkpt>
  <trkpt lat="26.41598833" lon="-80.16756667"><ele>-0.161</ele><time>2026-07-18T14:51:16Z</time><speed>2.876</speed><sat>15</sat></trkpt>
  <trkpt lat="26.41600167" lon="-80.16754833"><ele>-0.161</ele><time>2026-07-18T14:51:17Z</time><speed>2.803</speed><sat>15</sat></trkpt>
  <trkpt lat="26.41601167" lon="-80.16752500"><ele>-0.361</ele><time>2026-07-18T14:51:18Z</time><speed>2.765</speed><sat>15</sat></trkpt>
  <trkpt lat="26.41602333" lon="-80.16750167"><ele>-0.560</ele><time>2026-07-18T14:51:19Z</time><speed>2.777</speed><sat>15</sat></trkpt>
  <trkpt lat="26.41603667" lon="-80.16747500"><ele>-0.560</ele><time>2026-07-18T14:51:20Z</time><speed>2.816</speed><sat>15</sat></trkpt>
  <trkpt lat="26.41604833" lon="-80.16744500"><ele>-0.960</ele><time>2026-07-18T14:51:21Z</time><speed>2.803</speed><sat>15</sat></trkpt>
  <trkpt lat="26.41605667" lon="-80.16742167"><ele>-0.860</ele><time>2026-07-18T14:51:22Z</time><speed>2.728</speed><sat>15</sat></trkpt>
  <trkpt lat="26.41606833" lon="-80.16740167"><ele>-0.860</ele><time>2026-07-18T14:51:23Z</time><speed>2.590</speed><sat>15</sat></trkpt>
  <trkpt lat="26.41608000" lon="-80.16737500"><ele>-0.960</ele><time>2026-07-18T14:51:24Z</time><speed>2.472</speed><sat>15</sat></trkpt>
  <trkpt lat="26.41609000" lon="-80.16734833"><ele>-1.460</ele><time>2026-07-18T14:51:25Z</time><speed>2.416</speed><sat>15</sat></trkpt>
  <trkpt lat="26.41610667" lon="-80.16732833"><ele>-0.360</ele><time>2026-07-18T14:51:26Z</time><speed>2.408</speed><sat>15</sat></trkpt>
  <trkpt lat="26.41611833" lon="-80.16730500"><ele>0.240</ele><time>2026-07-18T14:51:27Z</time><speed>2.381</speed><sat>15</sat></trkpt>
  <trkpt lat="26.41612833" lon="-80.16728333"><ele>1.040</ele><time>2026-07-18T14:51:28Z</time><speed>2.319</speed><sat>15</sat></trkpt>
  <trkpt lat="26.41614000" lon="-80.16727167"><ele>2.041</ele><time>2026-07-18T14:51:29Z</time><speed>2.229</speed><sat>15</sat></trkpt>
  <trkpt lat="26.41614500" lon="-80.16726167"><ele>2.141</ele><time>2026-07-18T14:51:30Z</time><speed>2.075</speed><sat>15</sat></trkpt>
  <trkpt lat="26.41614833" lon="-80.16724833"><ele>1.541</ele><time>2026-07-18T14:51:31Z</time><speed>1.938</speed><sat>15</sat></trkpt>
  <trkpt lat="26.41614667" lon="-80.16722500"><ele>1.841</ele><time>2026-07-18T14:51:32Z</time><speed>1.929</speed><sat>15</sat></trkpt>
  <trkpt lat="26.41614167" lon="-80.16720000"><ele>1.941</ele><time>2026-07-18T14:51:33Z</time><speed>1.982</speed><sat>15</sat></trkpt>
  <trkpt lat="26.41613667" lon="-80.16718333"><ele>2.241</ele><time>2026-07-18T14:51:34Z</time><speed>1.979</speed><sat>15</sat></trkpt>
  <trkpt lat="26.41612667" lon="-80.16716667"><ele>3.341</ele><time>2026-07-18T14:51:35Z</time><speed>1.896</speed><sat>15</sat></trkpt>
  <trkpt lat="26.41612000" lon="-80.16715833"><ele>3.941</ele><time>2026-07-18T14:51:36Z</time><speed>1.774</speed><sat>15</sat></trkpt>
  <trkpt lat="26.41611167" lon="-80.16715333"><ele>4.641</ele><time>2026-07-18T14:51:37Z</time><speed>1.604</speed><sat>15</sat></trkpt>
  <trkpt lat="26.41610667" lon="-80.16715833"><ele>5.041</ele><time>2026-07-18T14:51:38Z</time><speed>1.440</speed><sat>15</sat></trkpt>
  <trkpt lat="26.41609833" lon="-80.16715500"><ele>5.641</ele><time>2026-07-18T14:51:39Z</time><speed>1.309</speed><sat>15</sat></trkpt>
  <trkpt lat="26.41609500" lon="-80.16715333"><ele>5.941</ele><time>2026-07-18T14:51:40Z</time><speed>1.174</speed><sat>15</sat></trkpt>
  <trkpt lat="26.41610167" lon="-80.16716167"><ele>6.141</ele><time>2026-07-18T14:51:41Z</time><speed>1.047</speed><sat>15</sat></trkpt>
  <trkpt lat="26.41610667" lon="-80.16716333"><ele>6.541</ele><time>2026-07-18T14:51:42Z</time><speed>0.955</speed><sat>15</sat></trkpt>
  <trkpt lat="26.41611833" lon="-80.16718000"><ele>6.441</ele><time>2026-07-18T14:51:43Z</time><speed>0.980</speed><sat>15</sat></trkpt>
  <trkpt lat="26.41612833" lon="-80.16720000"><ele>7.041</ele><time>2026-07-18T14:51:44Z</time><speed>1.029</speed><sat>15</sat></trkpt>
  <trkpt lat="26.41613500" lon="-80.16721667"><ele>7.341</ele><time>2026-07-18T14:51:45Z</time><speed>1.062</speed><sat>15</sat></trkpt>
  <trkpt lat="26.41613833" lon="-80.16722500"><ele>8.041</ele><time>2026-07-18T14:51:46Z</time><speed>1.076</speed><sat>15</sat></trkpt>
  <trkpt lat="26.41613833" lon="-80.16722833"><ele>8.641</ele><time>2026-07-18T14:51:47Z</time><speed>1.109</speed><sat>15</sat></trkpt>
  <trkpt lat="26.41613833" lon="-80.16722833"><ele>8.741</ele><time>2026-07-18T14:51:48Z</time><speed>1.114</speed><sat>15</sat></trkpt>
  <trkpt lat="26.41613833" lon="-80.16722000"><ele>8.541</ele><time>2026-07-18T14:51:49Z</time><speed>1.086</speed><sat>15</sat></trkpt>
  <trkpt lat="26.41614833" lon="-80.16720667"><ele>8.541</ele><time>2026-07-18T14:51:50Z</time><speed>1.151</speed><sat>15</sat></trkpt>
  <trkpt lat="26.41616667" lon="-80.16718667"><ele>8.241</ele><time>2026-07-18T14:51:51Z</time><speed>1.382</speed><sat>15</sat></trkpt>
  <trkpt lat="26.41618833" lon="-80.16717000"><ele>8.241</ele><time>2026-07-18T14:51:52Z</time><speed>1.585</speed><sat>15</sat></trkpt>
  <trkpt lat="26.41621833" lon="-80.16715500"><ele>8.041</ele><time>2026-07-18T14:51:53Z</time><speed>1.649</speed><sat>15</sat></trkpt>
  <trkpt lat="26.41624667" lon="-80.16714833"><ele>7.541</ele><time>2026-07-18T14:51:54Z</time><speed>1.685</speed><sat>15</sat></trkpt>
  <trkpt lat="26.41627167" lon="-80.16715000"><ele>7.241</ele><time>2026-07-18T14:51:55Z</time><speed>1.774</speed><sat>15</sat></trkpt>
  <trkpt lat="26.41630000" lon="-80.16716000"><ele>6.941</ele><time>2026-07-18T14:51:56Z</time><speed>1.955</speed><sat>15</sat></trkpt>
  <trkpt lat="26.41632667" lon="-80.16717167"><ele>6.941</ele><time>2026-07-18T14:51:57Z</time><speed>2.187</speed><sat>15</sat></trkpt>
  <trkpt lat="26.41635333" lon="-80.16718167"><ele>6.741</ele><time>2026-07-18T14:51:58Z</time><speed>2.457</speed><sat>15</sat></trkpt>
  <trkpt lat="26.41638000" lon="-80.16719500"><ele>6.541</ele><time>2026-07-18T14:51:59Z</time><speed>2.754</speed><sat>15</sat></trkpt>
  <trkpt lat="26.41640833" lon="-80.16721167"><ele>5.941</ele><time>2026-07-18T14:52:00Z</time><speed>2.974</speed><sat>15</sat></trkpt>
  <trkpt lat="26.41643500" lon="-80.16722833"><ele>5.441</ele><time>2026-07-18T14:52:01Z</time><speed>3.023</speed><sat>15</sat></trkpt>
  <trkpt lat="26.41646000" lon="-80.16724500"><ele>5.141</ele><time>2026-07-18T14:52:02Z</time><speed>3.055</speed><sat>14</sat></trkpt>
  <trkpt lat="26.41648667" lon="-80.16726000"><ele>5.241</ele><time>2026-07-18T14:52:03Z</time><speed>3.098</speed><sat>14</sat></trkpt>
  <trkpt lat="26.41651333" lon="-80.16727833"><ele>4.941</ele><time>2026-07-18T14:52:04Z</time><speed>3.164</speed><sat>14</sat></trkpt>
  <trkpt lat="26.41653833" lon="-80.16729500"><ele>4.641</ele><time>2026-07-18T14:52:05Z</time><speed>3.198</speed><sat>14</sat></trkpt>
  <trkpt lat="26.41655833" lon="-80.16731167"><ele>5.041</ele><time>2026-07-18T14:52:06Z</time><speed>3.181</speed><sat>14</sat></trkpt>
  <trkpt lat="26.41658500" lon="-80.16732333"><ele>5.341</ele><time>2026-07-18T14:52:07Z</time><speed>3.190</speed><sat>14</sat></trkpt>
  <trkpt lat="26.41661167" lon="-80.16733333"><ele>5.241</ele><time>2026-07-18T14:52:08Z</time><speed>3.202</speed><sat>15</sat></trkpt>
  <trkpt lat="26.41663667" lon="-80.16734833"><ele>6.541</ele><time>2026-07-18T14:52:09Z</time><speed>3.232</speed><sat>14</sat></trkpt>
  <trkpt lat="26.41666500" lon="-80.16736500"><ele>6.740</ele><time>2026-07-18T14:52:10Z</time><speed>3.261</speed><sat>14</sat></trkpt>
  <trkpt lat="26.41669167" lon="-80.16738000"><ele>6.740</ele><time>2026-07-18T14:52:11Z</time><speed>3.287</speed><sat>14</sat></trkpt>
  <trkpt lat="26.41672167" lon="-80.16739500"><ele>7.040</ele><time>2026-07-18T14:52:12Z</time><speed>3.305</speed><sat>14</sat></trkpt>
  <trkpt lat="26.41675167" lon="-80.16740167"><ele>6.940</ele><time>2026-07-18T14:52:13Z</time><speed>3.294</speed><sat>15</sat></trkpt>
  <trkpt lat="26.41678667" lon="-80.16741333"><ele>6.640</ele><time>2026-07-18T14:52:14Z</time><speed>3.278</speed><sat>15</sat></trkpt>
  <trkpt lat="26.41681667" lon="-80.16742500"><ele>7.140</ele><time>2026-07-18T14:52:15Z</time><speed>3.320</speed><sat>14</sat></trkpt>
  <trkpt lat="26.41684667" lon="-80.16743500"><ele>7.440</ele><time>2026-07-18T14:52:16Z</time><speed>3.390</speed><sat>14</sat></trkpt>
  <trkpt lat="26.41687333" lon="-80.16744000"><ele>6.740</ele><time>2026-07-18T14:52:17Z</time><speed>3.399</speed><sat>15</sat></trkpt>
  <trkpt lat="26.41689667" lon="-80.16744833"><ele>6.940</ele><time>2026-07-18T14:52:18Z</time><speed>3.379</speed><sat>15</sat></trkpt>
  <trkpt lat="26.41692500" lon="-80.16745667"><ele>6.940</ele><time>2026-07-18T14:52:19Z</time><speed>3.359</speed><sat>14</sat></trkpt>
  <trkpt lat="26.41695000" lon="-80.16746000"><ele>7.040</ele><time>2026-07-18T14:52:20Z</time><speed>3.311</speed><sat>14</sat></trkpt>
  <trkpt lat="26.41697833" lon="-80.16746167"><ele>6.640</ele><time>2026-07-18T14:52:21Z</time><speed>3.307</speed><sat>15</sat></trkpt>
  <trkpt lat="26.41700667" lon="-80.16745833"><ele>6.140</ele><time>2026-07-18T14:52:22Z</time><speed>3.281</speed><sat>15</sat></trkpt>
  <trkpt lat="26.41703500" lon="-80.16746833"><ele>6.440</ele><time>2026-07-18T14:52:23Z</time><speed>3.296</speed><sat>15</sat></trkpt>
  <trkpt lat="26.41706167" lon="-80.16746833"><ele>6.040</ele><time>2026-07-18T14:52:24Z</time><speed>3.289</speed><sat>15</sat></trkpt>
  <trkpt lat="26.41708833" lon="-80.16746333"><ele>5.540</ele><time>2026-07-18T14:52:25Z</time><speed>3.262</speed><sat>15</sat></trkpt>
  <trkpt lat="26.41711667" lon="-80.16746500"><ele>5.340</ele><time>2026-07-18T14:52:26Z</time><speed>3.202</speed><sat>15</sat></trkpt>
  <trkpt lat="26.41714500" lon="-80.16746500"><ele>5.440</ele><time>2026-07-18T14:52:27Z</time><speed>3.185</speed><sat>15</sat></trkpt>
  <trkpt lat="26.41717000" lon="-80.16747000"><ele>5.440</ele><time>2026-07-18T14:52:28Z</time><speed>3.174</speed><sat>15</sat></trkpt>
  <trkpt lat="26.41719667" lon="-80.16747167"><ele>6.240</ele><time>2026-07-18T14:52:29Z</time><speed>3.155</speed><sat>14</sat></trkpt>
  <trkpt lat="26.41722500" lon="-80.16747833"><ele>7.240</ele><time>2026-07-18T14:52:30Z</time><speed>3.145</speed><sat>15</sat></trkpt>
  <trkpt lat="26.41725333" lon="-80.16747667"><ele>7.740</ele><time>2026-07-18T14:52:31Z</time><speed>3.119</speed><sat>15</sat></trkpt>
  <trkpt lat="26.41728500" lon="-80.16748000"><ele>8.340</ele><time>2026-07-18T14:52:32Z</time><speed>3.121</speed><sat>15</sat></trkpt>
  <trkpt lat="26.41731333" lon="-80.16748833"><ele>8.640</ele><time>2026-07-18T14:52:33Z</time><speed>3.067</speed><sat>15</sat></trkpt>
  <trkpt lat="26.41733833" lon="-80.16750333"><ele>9.040</ele><time>2026-07-18T14:52:34Z</time><speed>3.008</speed><sat>15</sat></trkpt>
  <trkpt lat="26.41736500" lon="-80.16753333"><ele>9.540</ele><time>2026-07-18T14:52:35Z</time><speed>2.938</speed><sat>15</sat></trkpt>
  <trkpt lat="26.41739000" lon="-80.16755833"><ele>9.640</ele><time>2026-07-18T14:52:36Z</time><speed>2.918</speed><sat>15</sat></trkpt>
  <trkpt lat="26.41740833" lon="-80.16758667"><ele>9.940</ele><time>2026-07-18T14:52:37Z</time><speed>2.903</speed><sat>14</sat></trkpt>
  <trkpt lat="26.41742833" lon="-80.16760833"><ele>9.140</ele><time>2026-07-18T14:52:38Z</time><speed>2.872</speed><sat>15</sat></trkpt>
  <trkpt lat="26.41743833" lon="-80.16763000"><ele>8.840</ele><time>2026-07-18T14:52:39Z</time><speed>2.825</speed><sat>15</sat></trkpt>
  <trkpt lat="26.41744500" lon="-80.16765167"><ele>9.040</ele><time>2026-07-18T14:52:40Z</time><speed>2.821</speed><sat>14</sat></trkpt>
  <trkpt lat="26.41744667" lon="-80.16767500"><ele>8.940</ele><time>2026-07-18T14:52:41Z</time><speed>2.806</speed><sat>15</sat></trkpt>
  <trkpt lat="26.41744500" lon="-80.16770333"><ele>8.839</ele><time>2026-07-18T14:52:42Z</time><speed>2.795</speed><sat>15</sat></trkpt>
  <trkpt lat="26.41744500" lon="-80.16773333"><ele>8.939</ele><time>2026-07-18T14:52:43Z</time><speed>2.844</speed><sat>15</sat></trkpt>
  <trkpt lat="26.41744500" lon="-80.16776333"><ele>8.539</ele><time>2026-07-18T14:52:44Z</time><speed>2.886</speed><sat>14</sat></trkpt>
  <trkpt lat="26.41744333" lon="-80.16779500"><ele>8.439</ele><time>2026-07-18T14:52:45Z</time><speed>2.932</speed><sat>14</sat></trkpt>
  <trkpt lat="26.41744500" lon="-80.16782667"><ele>8.239</ele><time>2026-07-18T14:52:46Z</time><speed>2.963</speed><sat>14</sat></trkpt>
  <trkpt lat="26.41744333" lon="-80.16785667"><ele>8.039</ele><time>2026-07-18T14:52:47Z</time><speed>2.983</speed><sat>14</sat></trkpt>
  <trkpt lat="26.41744167" lon="-80.16788833"><ele>7.639</ele><time>2026-07-18T14:52:48Z</time><speed>3.044</speed><sat>14</sat></trkpt>
  <trkpt lat="26.41744000" lon="-80.16791833"><ele>7.439</ele><time>2026-07-18T14:52:49Z</time><speed>3.102</speed><sat>14</sat></trkpt>
  <trkpt lat="26.41744000" lon="-80.16795167"><ele>7.238</ele><time>2026-07-18T14:52:50Z</time><speed>3.127</speed><sat>15</sat></trkpt>
  <trkpt lat="26.41743000" lon="-80.16799333"><ele>8.238</ele><time>2026-07-18T14:52:51Z</time><speed>3.139</speed><sat>14</sat></trkpt>
  <trkpt lat="26.41743000" lon="-80.16802333"><ele>8.238</ele><time>2026-07-18T14:52:52Z</time><speed>3.134</speed><sat>15</sat></trkpt>
  <trkpt lat="26.41743167" lon="-80.16805667"><ele>8.138</ele><time>2026-07-18T14:52:53Z</time><speed>3.132</speed><sat>15</sat></trkpt>
  <trkpt lat="26.41743333" lon="-80.16808667"><ele>8.238</ele><time>2026-07-18T14:52:54Z</time><speed>3.151</speed><sat>15</sat></trkpt>
  <trkpt lat="26.41743667" lon="-80.16812000"><ele>8.038</ele><time>2026-07-18T14:52:55Z</time><speed>3.172</speed><sat>15</sat></trkpt>
  <trkpt lat="26.41744000" lon="-80.16814667"><ele>7.638</ele><time>2026-07-18T14:52:56Z</time><speed>3.174</speed><sat>15</sat></trkpt>
  <trkpt lat="26.41744167" lon="-80.16817667"><ele>7.238</ele><time>2026-07-18T14:52:57Z</time><speed>3.173</speed><sat>15</sat></trkpt>
  <trkpt lat="26.41744333" lon="-80.16821000"><ele>6.837</ele><time>2026-07-18T14:52:58Z</time><speed>3.179</speed><sat>15</sat></trkpt>
  <trkpt lat="26.41744667" lon="-80.16823833"><ele>6.037</ele><time>2026-07-18T14:52:59Z</time><speed>3.181</speed><sat>15</sat></trkpt>
  <trkpt lat="26.41744667" lon="-80.16827000"><ele>5.737</ele><time>2026-07-18T14:53:00Z</time><speed>3.170</speed><sat>15</sat></trkpt>
  <trkpt lat="26.41744667" lon="-80.16830167"><ele>5.637</ele><time>2026-07-18T14:53:01Z</time><speed>3.170</speed><sat>15</sat></trkpt>
  <trkpt lat="26.41744667" lon="-80.16833667"><ele>5.737</ele><time>2026-07-18T14:53:02Z</time><speed>3.190</speed><sat>15</sat></trkpt>
  <trkpt lat="26.41744667" lon="-80.16837167"><ele>6.537</ele><time>2026-07-18T14:53:03Z</time><speed>3.192</speed><sat>14</sat></trkpt>
  <trkpt lat="26.41744667" lon="-80.16840500"><ele>6.337</ele><time>2026-07-18T14:53:04Z</time><speed>3.184</speed><sat>14</sat></trkpt>
  <trkpt lat="26.41744833" lon="-80.16843667"><ele>5.936</ele><time>2026-07-18T14:53:05Z</time><speed>3.180</speed><sat>14</sat></trkpt>
  <trkpt lat="26.41745167" lon="-80.16846833"><ele>5.636</ele><time>2026-07-18T14:53:06Z</time><speed>3.184</speed><sat>15</sat></trkpt>
  <trkpt lat="26.41745500" lon="-80.16849500"><ele>5.436</ele><time>2026-07-18T14:53:07Z</time><speed>3.195</speed><sat>14</sat></trkpt>
  <trkpt lat="26.41746167" lon="-80.16852500"><ele>5.136</ele><time>2026-07-18T14:53:08Z</time><speed>3.201</speed><sat>14</sat></trkpt>
  <trkpt lat="26.41746833" lon="-80.16855667"><ele>4.936</ele><time>2026-07-18T14:53:09Z</time><speed>3.195</speed><sat>14</sat></trkpt>
  <trkpt lat="26.41747333" lon="-80.16858667"><ele>4.436</ele><time>2026-07-18T14:53:10Z</time><speed>3.200</speed><sat>14</sat></trkpt>
  <trkpt lat="26.41748167" lon="-80.16861833"><ele>4.036</ele><time>2026-07-18T14:53:11Z</time><speed>3.217</speed><sat>14</sat></trkpt>
  <trkpt lat="26.41749000" lon="-80.16864833"><ele>4.236</ele><time>2026-07-18T14:53:12Z</time><speed>3.206</speed><sat>14</sat></trkpt>
  <trkpt lat="26.41749500" lon="-80.16868000"><ele>4.236</ele><time>2026-07-18T14:53:13Z</time><speed>3.177</speed><sat>14</sat></trkpt>
  <trkpt lat="26.41749833" lon="-80.16871333"><ele>4.735</ele><time>2026-07-18T14:53:14Z</time><speed>3.159</speed><sat>14</sat></trkpt>
  <trkpt lat="26.41750500" lon="-80.16874500"><ele>5.935</ele><time>2026-07-18T14:53:15Z</time><speed>3.126</speed><sat>14</sat></trkpt>
  <trkpt lat="26.41751167" lon="-80.16878333"><ele>6.835</ele><time>2026-07-18T14:53:16Z</time><speed>3.117</speed><sat>15</sat></trkpt>
  <trkpt lat="26.41751833" lon="-80.16881833"><ele>8.135</ele><time>2026-07-18T14:53:17Z</time><speed>3.123</speed><sat>15</sat></trkpt>
  <trkpt lat="26.41752833" lon="-80.16885000"><ele>8.335</ele><time>2026-07-18T14:53:18Z</time><speed>3.127</speed><sat>15</sat></trkpt>
  <trkpt lat="26.41754000" lon="-80.16887833"><ele>8.435</ele><time>2026-07-18T14:53:19Z</time><speed>3.122</speed><sat>15</sat></trkpt>
  <trkpt lat="26.41755000" lon="-80.16890833"><ele>8.935</ele><time>2026-07-18T14:53:20Z</time><speed>3.112</speed><sat>15</sat></trkpt>
  <trkpt lat="26.41756167" lon="-80.16893500"><ele>9.034</ele><time>2026-07-18T14:53:21Z</time><speed>3.085</speed><sat>15</sat></trkpt>
  <trkpt lat="26.41757500" lon="-80.16896167"><ele>9.134</ele><time>2026-07-18T14:53:22Z</time><speed>3.073</speed><sat>15</sat></trkpt>
  <trkpt lat="26.41759000" lon="-80.16898667"><ele>8.934</ele><time>2026-07-18T14:53:23Z</time><speed>3.086</speed><sat>15</sat></trkpt>
  <trkpt lat="26.41760500" lon="-80.16901667"><ele>9.134</ele><time>2026-07-18T14:53:24Z</time><speed>3.107</speed><sat>15</sat></trkpt>
  <trkpt lat="26.41762000" lon="-80.16904333"><ele>9.134</ele><time>2026-07-18T14:53:25Z</time><speed>3.151</speed><sat>15</sat></trkpt>
  <trkpt lat="26.41763500" lon="-80.16907333"><ele>8.934</ele><time>2026-07-18T14:53:26Z</time><speed>3.166</speed><sat>15</sat></trkpt>
  <trkpt lat="26.41764667" lon="-80.16910500"><ele>8.734</ele><time>2026-07-18T14:53:27Z</time><speed>3.170</speed><sat>15</sat></trkpt>
  <trkpt lat="26.41766000" lon="-80.16913500"><ele>8.734</ele><time>2026-07-18T14:53:28Z</time><speed>3.170</speed><sat>15</sat></trkpt>
  <trkpt lat="26.41767000" lon="-80.16915833"><ele>9.034</ele><time>2026-07-18T14:53:29Z</time><speed>3.143</speed><sat>15</sat></trkpt>
  <trkpt lat="26.41768333" lon="-80.16917333"><ele>8.434</ele><time>2026-07-18T14:53:30Z</time><speed>3.111</speed><sat>15</sat></trkpt>
  <trkpt lat="26.41770167" lon="-80.16919833"><ele>8.033</ele><time>2026-07-18T14:53:31Z</time><speed>3.092</speed><sat>15</sat></trkpt>
  <trkpt lat="26.41771833" lon="-80.16922333"><ele>7.233</ele><time>2026-07-18T14:53:32Z</time><speed>3.106</speed><sat>15</sat></trkpt>
  <trkpt lat="26.41773667" lon="-80.16924667"><ele>6.733</ele><time>2026-07-18T14:53:33Z</time><speed>3.097</speed><sat>15</sat></trkpt>
  <trkpt lat="26.41775833" lon="-80.16926833"><ele>6.333</ele><time>2026-07-18T14:53:34Z</time><speed>3.110</speed><sat>15</sat></trkpt>
  <trkpt lat="26.41778167" lon="-80.16929000"><ele>6.233</ele><time>2026-07-18T14:53:35Z</time><speed>3.112</speed><sat>15</sat></trkpt>
  <trkpt lat="26.41780500" lon="-80.16931000"><ele>6.133</ele><time>2026-07-18T14:53:36Z</time><speed>3.122</speed><sat>15</sat></trkpt>
  <trkpt lat="26.41783000" lon="-80.16933000"><ele>6.233</ele><time>2026-07-18T14:53:37Z</time><speed>3.151</speed><sat>15</sat></trkpt>
  <trkpt lat="26.41785667" lon="-80.16934833"><ele>6.233</ele><time>2026-07-18T14:53:38Z</time><speed>3.158</speed><sat>14</sat></trkpt>
  <trkpt lat="26.41788333" lon="-80.16936667"><ele>6.133</ele><time>2026-07-18T14:53:39Z</time><speed>3.232</speed><sat>14</sat></trkpt>
  <trkpt lat="26.41791000" lon="-80.16938000"><ele>6.033</ele><time>2026-07-18T14:53:40Z</time><speed>3.279</speed><sat>15</sat></trkpt>
  <trkpt lat="26.41793833" lon="-80.16939000"><ele>6.033</ele><time>2026-07-18T14:53:41Z</time><speed>3.336</speed><sat>15</sat></trkpt>
  <trkpt lat="26.41796833" lon="-80.16940000"><ele>6.133</ele><time>2026-07-18T14:53:42Z</time><speed>3.359</speed><sat>15</sat></trkpt>
  <trkpt lat="26.41799667" lon="-80.16940833"><ele>6.033</ele><time>2026-07-18T14:53:43Z</time><speed>3.364</speed><sat>14</sat></trkpt>
  <trkpt lat="26.41802667" lon="-80.16941667"><ele>5.733</ele><time>2026-07-18T14:53:44Z</time><speed>3.347</speed><sat>14</sat></trkpt>
  <trkpt lat="26.41805667" lon="-80.16942167"><ele>5.433</ele><time>2026-07-18T14:53:45Z</time><speed>3.353</speed><sat>15</sat></trkpt>
  <trkpt lat="26.41808833" lon="-80.16942833"><ele>5.433</ele><time>2026-07-18T14:53:46Z</time><speed>3.377</speed><sat>14</sat></trkpt>
  <trkpt lat="26.41812167" lon="-80.16943833"><ele>5.833</ele><time>2026-07-18T14:53:47Z</time><speed>3.359</speed><sat>14</sat></trkpt>
  <trkpt lat="26.41815167" lon="-80.16944500"><ele>6.433</ele><time>2026-07-18T14:53:48Z</time><speed>3.366</speed><sat>15</sat></trkpt>
  <trkpt lat="26.41818500" lon="-80.16944833"><ele>6.633</ele><time>2026-07-18T14:53:49Z</time><speed>3.365</speed><sat>15</sat></trkpt>
  <trkpt lat="26.41821167" lon="-80.16945333"><ele>7.033</ele><time>2026-07-18T14:53:50Z</time><speed>3.385</speed><sat>15</sat></trkpt>
  <trkpt lat="26.41823667" lon="-80.16946667"><ele>7.733</ele><time>2026-07-18T14:53:51Z</time><speed>3.373</speed><sat>15</sat></trkpt>
  <trkpt lat="26.41826500" lon="-80.16947500"><ele>7.733</ele><time>2026-07-18T14:53:52Z</time><speed>3.369</speed><sat>15</sat></trkpt>
  <trkpt lat="26.41829167" lon="-80.16948167"><ele>7.233</ele><time>2026-07-18T14:53:53Z</time><speed>3.362</speed><sat>14</sat></trkpt>
  <trkpt lat="26.41831833" lon="-80.16949000"><ele>7.233</ele><time>2026-07-18T14:53:54Z</time><speed>3.363</speed><sat>14</sat></trkpt>
  <trkpt lat="26.41834500" lon="-80.16949667"><ele>6.833</ele><time>2026-07-18T14:53:55Z</time><speed>3.372</speed><sat>14</sat></trkpt>
  <trkpt lat="26.41837333" lon="-80.16950333"><ele>6.533</ele><time>2026-07-18T14:53:56Z</time><speed>3.341</speed><sat>14</sat></trkpt>
  <trkpt lat="26.41840167" lon="-80.16951167"><ele>6.833</ele><time>2026-07-18T14:53:57Z</time><speed>3.316</speed><sat>15</sat></trkpt>
  <trkpt lat="26.41843000" lon="-80.16952167"><ele>7.433</ele><time>2026-07-18T14:53:58Z</time><speed>3.274</speed><sat>14</sat></trkpt>
  <trkpt lat="26.41845833" lon="-80.16952500"><ele>7.133</ele><time>2026-07-18T14:53:59Z</time><speed>3.222</speed><sat>14</sat></trkpt>
  <trkpt lat="26.41848833" lon="-80.16953000"><ele>6.833</ele><time>2026-07-18T14:54:00Z</time><speed>3.211</speed><sat>14</sat></trkpt>
  <trkpt lat="26.41851833" lon="-80.16953167"><ele>6.333</ele><time>2026-07-18T14:54:01Z</time><speed>3.181</speed><sat>14</sat></trkpt>
  <trkpt lat="26.41854333" lon="-80.16952667"><ele>5.833</ele><time>2026-07-18T14:54:02Z</time><speed>3.122</speed><sat>14</sat></trkpt>
  <trkpt lat="26.41857000" lon="-80.16953333"><ele>5.233</ele><time>2026-07-18T14:54:03Z</time><speed>3.087</speed><sat>15</sat></trkpt>
  <trkpt lat="26.41859333" lon="-80.16953500"><ele>4.533</ele><time>2026-07-18T14:54:04Z</time><speed>3.012</speed><sat>15</sat></trkpt>
  <trkpt lat="26.41861500" lon="-80.16954000"><ele>4.033</ele><time>2026-07-18T14:54:05Z</time><speed>2.880</speed><sat>14</sat></trkpt>
  <trkpt lat="26.41863667" lon="-80.16954833"><ele>4.633</ele><time>2026-07-18T14:54:06Z</time><speed>2.745</speed><sat>14</sat></trkpt>
  <trkpt lat="26.41865333" lon="-80.16954500"><ele>4.433</ele><time>2026-07-18T14:54:07Z</time><speed>2.591</speed><sat>15</sat></trkpt>
  <trkpt lat="26.41866500" lon="-80.16955167"><ele>4.533</ele><time>2026-07-18T14:54:08Z</time><speed>2.453</speed><sat>14</sat></trkpt>
  <trkpt lat="26.41867667" lon="-80.16955833"><ele>5.433</ele><time>2026-07-18T14:54:09Z</time><speed>2.262</speed><sat>14</sat></trkpt>
  <trkpt lat="26.41868500" lon="-80.16957167"><ele>5.832</ele><time>2026-07-18T14:54:10Z</time><speed>2.045</speed><sat>14</sat></trkpt>
  <trkpt lat="26.41868833" lon="-80.16958667"><ele>6.232</ele><time>2026-07-18T14:54:11Z</time><speed>1.860</speed><sat>14</sat></trkpt>
  <trkpt lat="26.41868333" lon="-80.16960833"><ele>6.832</ele><time>2026-07-18T14:54:12Z</time><speed>1.725</speed><sat>15</sat></trkpt>
  <trkpt lat="26.41866667" lon="-80.16962167"><ele>7.532</ele><time>2026-07-18T14:54:13Z</time><speed>1.627</speed><sat>15</sat></trkpt>
  <trkpt lat="26.41864667" lon="-80.16962333"><ele>8.232</ele><time>2026-07-18T14:54:14Z</time><speed>1.550</speed><sat>15</sat></trkpt>
  <trkpt lat="26.41862500" lon="-80.16961833"><ele>8.232</ele><time>2026-07-18T14:54:15Z</time><speed>1.560</speed><sat>15</sat></trkpt>
  <trkpt lat="26.41859500" lon="-80.16960500"><ele>8.532</ele><time>2026-07-18T14:54:16Z</time><speed>1.700</speed><sat>15</sat></trkpt>
  <trkpt lat="26.41856167" lon="-80.16959500"><ele>8.732</ele><time>2026-07-18T14:54:17Z</time><speed>1.892</speed><sat>15</sat></trkpt>
  <trkpt lat="26.41851167" lon="-80.16958500"><ele>9.132</ele><time>2026-07-18T14:54:18Z</time><speed>2.242</speed><sat>14</sat></trkpt>
  <trkpt lat="26.41846333" lon="-80.16957000"><ele>8.832</ele><time>2026-07-18T14:54:19Z</time><speed>2.631</speed><sat>14</sat></trkpt>
  <trkpt lat="26.41841333" lon="-80.16955167"><ele>8.132</ele><time>2026-07-18T14:54:20Z</time><speed>3.092</speed><sat>14</sat></trkpt>
  <trkpt lat="26.41836167" lon="-80.16953833"><ele>7.532</ele><time>2026-07-18T14:54:21Z</time><speed>3.567</speed><sat>15</sat></trkpt>
  <trkpt lat="26.41831167" lon="-80.16952667"><ele>6.932</ele><time>2026-07-18T14:54:22Z</time><speed>4.014</speed><sat>15</sat></trkpt>
  <trkpt lat="26.41825500" lon="-80.16951500"><ele>6.732</ele><time>2026-07-18T14:54:23Z</time><speed>4.448</speed><sat>15</sat></trkpt>
  <trkpt lat="26.41819833" lon="-80.16950333"><ele>6.233</ele><time>2026-07-18T14:54:24Z</time><speed>4.894</speed><sat>14</sat></trkpt>
  <trkpt lat="26.41814333" lon="-80.16949167"><ele>6.133</ele><time>2026-07-18T14:54:25Z</time><speed>5.278</speed><sat>10</sat></trkpt>
  <trkpt lat="26.41809167" lon="-80.16947333"><ele>5.933</ele><time>2026-07-18T14:54:26Z</time><speed>5.549</speed><sat>12</sat></trkpt>
  <trkpt lat="26.41804000" lon="-80.16945833"><ele>5.733</ele><time>2026-07-18T14:54:27Z</time><speed>5.781</speed><sat>14</sat></trkpt>
  <trkpt lat="26.41798833" lon="-80.16944000"><ele>5.933</ele><time>2026-07-18T14:54:28Z</time><speed>5.858</speed><sat>14</sat></trkpt>
  <trkpt lat="26.41794167" lon="-80.16942000"><ele>6.033</ele><time>2026-07-18T14:54:29Z</time><speed>5.939</speed><sat>15</sat></trkpt>
  <trkpt lat="26.41789333" lon="-80.16940167"><ele>6.033</ele><time>2026-07-18T14:54:30Z</time><speed>5.920</speed><sat>15</sat></trkpt>
  <trkpt lat="26.41784333" lon="-80.16937333"><ele>6.133</ele><time>2026-07-18T14:54:31Z</time><speed>5.899</speed><sat>15</sat></trkpt>
  <trkpt lat="26.41780000" lon="-80.16934000"><ele>6.533</ele><time>2026-07-18T14:54:32Z</time><speed>5.835</speed><sat>15</sat></trkpt>
  <trkpt lat="26.41776000" lon="-80.16929833"><ele>7.933</ele><time>2026-07-18T14:54:33Z</time><speed>5.794</speed><sat>15</sat></trkpt>
  <trkpt lat="26.41772333" lon="-80.16925500"><ele>8.233</ele><time>2026-07-18T14:54:34Z</time><speed>5.757</speed><sat>15</sat></trkpt>
  <trkpt lat="26.41769167" lon="-80.16920667"><ele>8.333</ele><time>2026-07-18T14:54:35Z</time><speed>5.678</speed><sat>15</sat></trkpt>
  <trkpt lat="26.41766500" lon="-80.16915500"><ele>8.434</ele><time>2026-07-18T14:54:36Z</time><speed>5.632</speed><sat>15</sat></trkpt>
  <trkpt lat="26.41763833" lon="-80.16910500"><ele>8.734</ele><time>2026-07-18T14:54:37Z</time><speed>5.600</speed><sat>15</sat></trkpt>
  <trkpt lat="26.41761167" lon="-80.16905333"><ele>8.534</ele><time>2026-07-18T14:54:38Z</time><speed>5.596</speed><sat>15</sat></trkpt>
  <trkpt lat="26.41758833" lon="-80.16900167"><ele>8.134</ele><time>2026-07-18T14:54:39Z</time><speed>5.601</speed><sat>15</sat></trkpt>
  <trkpt lat="26.41756333" lon="-80.16894833"><ele>7.534</ele><time>2026-07-18T14:54:40Z</time><speed>5.663</speed><sat>15</sat></trkpt>
  <trkpt lat="26.41753833" lon="-80.16889333"><ele>6.835</ele><time>2026-07-18T14:54:41Z</time><speed>5.720</speed><sat>15</sat></trkpt>
  <trkpt lat="26.41751500" lon="-80.16884000"><ele>6.935</ele><time>2026-07-18T14:54:42Z</time><speed>5.783</speed><sat>14</sat></trkpt>
  <trkpt lat="26.41750000" lon="-80.16878333"><ele>7.535</ele><time>2026-07-18T14:54:43Z</time><speed>5.810</speed><sat>14</sat></trkpt>
  <trkpt lat="26.41749000" lon="-80.16872667"><ele>8.035</ele><time>2026-07-18T14:54:44Z</time><speed>5.795</speed><sat>15</sat></trkpt>
  <trkpt lat="26.41748000" lon="-80.16867167"><ele>8.236</ele><time>2026-07-18T14:54:45Z</time><speed>5.809</speed><sat>15</sat></trkpt>
  <trkpt lat="26.41747500" lon="-80.16861833"><ele>8.736</ele><time>2026-07-18T14:54:46Z</time><speed>5.796</speed><sat>15</sat></trkpt>
  <trkpt lat="26.41746667" lon="-80.16856500"><ele>9.036</ele><time>2026-07-18T14:54:47Z</time><speed>5.790</speed><sat>14</sat></trkpt>
  <trkpt lat="26.41745333" lon="-80.16851000"><ele>8.536</ele><time>2026-07-18T14:54:48Z</time><speed>5.762</speed><sat>15</sat></trkpt>
  <trkpt lat="26.41744333" lon="-80.16846333"><ele>7.436</ele><time>2026-07-18T14:54:49Z</time><speed>5.702</speed><sat>15</sat></trkpt>
  <trkpt lat="26.41743833" lon="-80.16841333"><ele>7.337</ele><time>2026-07-18T14:54:50Z</time><speed>5.596</speed><sat>15</sat></trkpt>
  <trkpt lat="26.41743833" lon="-80.16836833"><ele>7.237</ele><time>2026-07-18T14:54:51Z</time><speed>5.487</speed><sat>14</sat></trkpt>
  <trkpt lat="26.41743833" lon="-80.16831833"><ele>7.837</ele><time>2026-07-18T14:54:52Z</time><speed>5.439</speed><sat>13</sat></trkpt>
  <trkpt lat="26.41743833" lon="-80.16826833"><ele>7.437</ele><time>2026-07-18T14:54:53Z</time><speed>5.366</speed><sat>14</sat></trkpt>
  <trkpt lat="26.41743833" lon="-80.16821833"><ele>7.137</ele><time>2026-07-18T14:54:54Z</time><speed>5.308</speed><sat>14</sat></trkpt>
  <trkpt lat="26.41743500" lon="-80.16816500"><ele>6.638</ele><time>2026-07-18T14:54:55Z</time><speed>5.310</speed><sat>15</sat></trkpt>
  <trkpt lat="26.41743333" lon="-80.16811000"><ele>6.738</ele><time>2026-07-18T14:54:56Z</time><speed>5.308</speed><sat>15</sat></trkpt>
  <trkpt lat="26.41743500" lon="-80.16805167"><ele>7.138</ele><time>2026-07-18T14:54:57Z</time><speed>5.281</speed><sat>15</sat></trkpt>
  <trkpt lat="26.41743500" lon="-80.16800000"><ele>7.638</ele><time>2026-07-18T14:54:58Z</time><speed>5.217</speed><sat>15</sat></trkpt>
  <trkpt lat="26.41743667" lon="-80.16795000"><ele>7.538</ele><time>2026-07-18T14:54:59Z</time><speed>5.151</speed><sat>15</sat></trkpt>
  <trkpt lat="26.41743667" lon="-80.16790667"><ele>7.839</ele><time>2026-07-18T14:55:00Z</time><speed>5.063</speed><sat>14</sat></trkpt>
  <trkpt lat="26.41743500" lon="-80.16786667"><ele>7.939</ele><time>2026-07-18T14:55:01Z</time><speed>4.949</speed><sat>15</sat></trkpt>
  <trkpt lat="26.41743333" lon="-80.16782833"><ele>8.139</ele><time>2026-07-18T14:55:02Z</time><speed>4.736</speed><sat>15</sat></trkpt>
  <trkpt lat="26.41743167" lon="-80.16779000"><ele>8.439</ele><time>2026-07-18T14:55:03Z</time><speed>4.540</speed><sat>15</sat></trkpt>
  <trkpt lat="26.41742833" lon="-80.16776000"><ele>8.639</ele><time>2026-07-18T14:55:04Z</time><speed>4.304</speed><sat>15</sat></trkpt>
  <trkpt lat="26.41742833" lon="-80.16773500"><ele>8.439</ele><time>2026-07-18T14:55:05Z</time><speed>4.019</speed><sat>14</sat></trkpt>
  <trkpt lat="26.41743167" lon="-80.16770667"><ele>8.839</ele><time>2026-07-18T14:55:06Z</time><speed>3.688</speed><sat>15</sat></trkpt>
  <trkpt lat="26.41743167" lon="-80.16769167"><ele>8.340</ele><time>2026-07-18T14:55:07Z</time><speed>3.293</speed><sat>15</sat></trkpt>
  <trkpt lat="26.41743500" lon="-80.16768167"><ele>8.340</ele><time>2026-07-18T14:55:08Z</time><speed>2.851</speed><sat>15</sat></trkpt>
  <trkpt lat="26.41744000" lon="-80.16767500"><ele>8.540</ele><time>2026-07-18T14:55:09Z</time><speed>2.438</speed><sat>15</sat></trkpt>
  <trkpt lat="26.41743833" lon="-80.16767667"><ele>7.740</ele><time>2026-07-18T14:55:10Z</time><speed>2.057</speed><sat>15</sat></trkpt>
  <trkpt lat="26.41744167" lon="-80.16766667"><ele>7.540</ele><time>2026-07-18T14:55:11Z</time><speed>1.768</speed><sat>15</sat></trkpt>
  <trkpt lat="26.41744667" lon="-80.16765833"><ele>6.440</ele><time>2026-07-18T14:55:12Z</time><speed>1.645</speed><sat>15</sat></trkpt>
  <trkpt lat="26.41747000" lon="-80.16765000"><ele>6.140</ele><time>2026-07-18T14:55:13Z</time><speed>1.543</speed><sat>15</sat></trkpt>
  <trkpt lat="26.41749667" lon="-80.16764833"><ele>6.640</ele><time>2026-07-18T14:55:14Z</time><speed>1.539</speed><sat>14</sat></trkpt>
  <trkpt lat="26.41752667" lon="-80.16766667"><ele>7.040</ele><time>2026-07-18T14:55:15Z</time><speed>1.595</speed><sat>15</sat></trkpt>
  <trkpt lat="26.41755333" lon="-80.16769500"><ele>6.040</ele><time>2026-07-18T14:55:16Z</time><speed>1.621</speed><sat>14</sat></trkpt>
  <trkpt lat="26.41757000" lon="-80.16771000"><ele>5.940</ele><time>2026-07-18T14:55:17Z</time><speed>1.714</speed><sat>15</sat></trkpt>
  <trkpt lat="26.41758000" lon="-80.16772833"><ele>5.739</ele><time>2026-07-18T14:55:18Z</time><speed>1.861</speed><sat>14</sat></trkpt>
  <trkpt lat="26.41758500" lon="-80.16774167"><ele>5.339</ele><time>2026-07-18T14:55:19Z</time><speed>2.036</speed><sat>15</sat></trkpt>
  <trkpt lat="26.41758667" lon="-80.16775500"><ele>5.239</ele><time>2026-07-18T14:55:20Z</time><speed>2.178</speed><sat>15</sat></trkpt>
  <trkpt lat="26.41759667" lon="-80.16777167"><ele>5.739</ele><time>2026-07-18T14:55:21Z</time><speed>2.290</speed><sat>15</sat></trkpt>
  <trkpt lat="26.41760167" lon="-80.16779667"><ele>6.339</ele><time>2026-07-18T14:55:22Z</time><speed>2.321</speed><sat>15</sat></trkpt>
  <trkpt lat="26.41761000" lon="-80.16782000"><ele>6.639</ele><time>2026-07-18T14:55:23Z</time><speed>2.332</speed><sat>14</sat></trkpt>
  <trkpt lat="26.41762500" lon="-80.16783833"><ele>6.839</ele><time>2026-07-18T14:55:24Z</time><speed>2.297</speed><sat>14</sat></trkpt>
  <trkpt lat="26.41764167" lon="-80.16784833"><ele>6.939</ele><time>2026-07-18T14:55:25Z</time><speed>2.192</speed><sat>14</sat></trkpt>
  <trkpt lat="26.41766167" lon="-80.16785833"><ele>7.439</ele><time>2026-07-18T14:55:26Z</time><speed>2.169</speed><sat>14</sat></trkpt>
  <trkpt lat="26.41768000" lon="-80.16786500"><ele>7.239</ele><time>2026-07-18T14:55:27Z</time><speed>2.162</speed><sat>14</sat></trkpt>
  <trkpt lat="26.41770000" lon="-80.16786667"><ele>7.239</ele><time>2026-07-18T14:55:28Z</time><speed>2.177</speed><sat>14</sat></trkpt>
  <trkpt lat="26.41772167" lon="-80.16786833"><ele>7.139</ele><time>2026-07-18T14:55:29Z</time><speed>2.211</speed><sat>14</sat></trkpt>
  <trkpt lat="26.41774667" lon="-80.16786833"><ele>6.939</ele><time>2026-07-18T14:55:30Z</time><speed>2.287</speed><sat>15</sat></trkpt>
  <trkpt lat="26.41777500" lon="-80.16786833"><ele>6.639</ele><time>2026-07-18T14:55:31Z</time><speed>2.358</speed><sat>15</sat></trkpt>
  <trkpt lat="26.41780500" lon="-80.16786833"><ele>6.739</ele><time>2026-07-18T14:55:32Z</time><speed>2.440</speed><sat>15</sat></trkpt>
  <trkpt lat="26.41783333" lon="-80.16786500"><ele>7.139</ele><time>2026-07-18T14:55:33Z</time><speed>2.557</speed><sat>15</sat></trkpt>
  <trkpt lat="26.41786000" lon="-80.16785167"><ele>7.339</ele><time>2026-07-18T14:55:34Z</time><speed>2.658</speed><sat>15</sat></trkpt>
  <trkpt lat="26.41788667" lon="-80.16783833"><ele>7.139</ele><time>2026-07-18T14:55:35Z</time><speed>2.741</speed><sat>15</sat></trkpt>
  <trkpt lat="26.41791167" lon="-80.16782167"><ele>7.339</ele><time>2026-07-18T14:55:36Z</time><speed>2.797</speed><sat>15</sat></trkpt>
  <trkpt lat="26.41794500" lon="-80.16779500"><ele>7.539</ele><time>2026-07-18T14:55:37Z</time><speed>2.913</speed><sat>15</sat></trkpt>
  <trkpt lat="26.41797833" lon="-80.16777500"><ele>8.140</ele><time>2026-07-18T14:55:38Z</time><speed>2.992</speed><sat>15</sat></trkpt>
  <trkpt lat="26.41800000" lon="-80.16775833"><ele>8.240</ele><time>2026-07-18T14:55:39Z</time><speed>3.015</speed><sat>15</sat></trkpt>
  <trkpt lat="26.41801833" lon="-80.16774000"><ele>9.040</ele><time>2026-07-18T14:55:40Z</time><speed>3.064</speed><sat>15</sat></trkpt>
  <trkpt lat="26.41804500" lon="-80.16772667"><ele>9.240</ele><time>2026-07-18T14:55:41Z</time><speed>3.111</speed><sat>15</sat></trkpt>
  <trkpt lat="26.41807333" lon="-80.16771333"><ele>9.340</ele><time>2026-07-18T14:55:42Z</time><speed>3.105</speed><sat>15</sat></trkpt>
  <trkpt lat="26.41810000" lon="-80.16770167"><ele>9.340</ele><time>2026-07-18T14:55:43Z</time><speed>3.070</speed><sat>15</sat></trkpt>
  <trkpt lat="26.41812333" lon="-80.16769000"><ele>9.240</ele><time>2026-07-18T14:55:44Z</time><speed>3.071</speed><sat>15</sat></trkpt>
  <trkpt lat="26.41814667" lon="-80.16767833"><ele>9.440</ele><time>2026-07-18T14:55:45Z</time><speed>3.091</speed><sat>15</sat></trkpt>
  <trkpt lat="26.41817333" lon="-80.16766833"><ele>9.540</ele><time>2026-07-18T14:55:46Z</time><speed>3.118</speed><sat>15</sat></trkpt>
  <trkpt lat="26.41819833" lon="-80.16765833"><ele>9.740</ele><time>2026-07-18T14:55:47Z</time><speed>3.067</speed><sat>15</sat></trkpt>
  <trkpt lat="26.41822667" lon="-80.16764833"><ele>9.140</ele><time>2026-07-18T14:55:48Z</time><speed>3.038</speed><sat>15</sat></trkpt>
  <trkpt lat="26.41824833" lon="-80.16764167"><ele>8.740</ele><time>2026-07-18T14:55:49Z</time><speed>3.035</speed><sat>16</sat></trkpt>
  <trkpt lat="26.41828167" lon="-80.16763333"><ele>8.040</ele><time>2026-07-18T14:55:50Z</time><speed>3.022</speed><sat>16</sat></trkpt>
  <trkpt lat="26.41831500" lon="-80.16763333"><ele>7.840</ele><time>2026-07-18T14:55:51Z</time><speed>3.019</speed><sat>16</sat></trkpt>
  <trkpt lat="26.41835000" lon="-80.16763667"><ele>7.740</ele><time>2026-07-18T14:55:52Z</time><speed>3.052</speed><sat>15</sat></trkpt>
  <trkpt lat="26.41838000" lon="-80.16764167"><ele>7.640</ele><time>2026-07-18T14:55:53Z</time><speed>3.090</speed><sat>15</sat></trkpt>
  <trkpt lat="26.41841167" lon="-80.16764667"><ele>7.540</ele><time>2026-07-18T14:55:54Z</time><speed>3.106</speed><sat>15</sat></trkpt>
  <trkpt lat="26.41844167" lon="-80.16765167"><ele>7.740</ele><time>2026-07-18T14:55:55Z</time><speed>3.110</speed><sat>15</sat></trkpt>
  <trkpt lat="26.41847000" lon="-80.16765833"><ele>8.040</ele><time>2026-07-18T14:55:56Z</time><speed>3.125</speed><sat>14</sat></trkpt>
  <trkpt lat="26.41849833" lon="-80.16766500"><ele>8.540</ele><time>2026-07-18T14:55:57Z</time><speed>3.157</speed><sat>14</sat></trkpt>
  <trkpt lat="26.41852500" lon="-80.16767167"><ele>8.840</ele><time>2026-07-18T14:55:58Z</time><speed>3.193</speed><sat>14</sat></trkpt>
  <trkpt lat="26.41855333" lon="-80.16768000"><ele>9.140</ele><time>2026-07-18T14:55:59Z</time><speed>3.236</speed><sat>14</sat></trkpt>
  <trkpt lat="26.41858167" lon="-80.16769000"><ele>9.240</ele><time>2026-07-18T14:56:00Z</time><speed>3.272</speed><sat>14</sat></trkpt>
  <trkpt lat="26.41861167" lon="-80.16769833"><ele>8.940</ele><time>2026-07-18T14:56:01Z</time><speed>3.312</speed><sat>14</sat></trkpt>
  <trkpt lat="26.41864500" lon="-80.16770667"><ele>8.640</ele><time>2026-07-18T14:56:02Z</time><speed>3.359</speed><sat>14</sat></trkpt>
  <trkpt lat="26.41868000" lon="-80.16771500"><ele>8.740</ele><time>2026-07-18T14:56:03Z</time><speed>3.410</speed><sat>15</sat></trkpt>
  <trkpt lat="26.41871167" lon="-80.16771833"><ele>8.240</ele><time>2026-07-18T14:56:04Z</time><speed>3.445</speed><sat>14</sat></trkpt>
  <trkpt lat="26.41874500" lon="-80.16772333"><ele>8.140</ele><time>2026-07-18T14:56:05Z</time><speed>3.502</speed><sat>15</sat></trkpt>
  <trkpt lat="26.41877667" lon="-80.16772833"><ele>7.940</ele><time>2026-07-18T14:56:06Z</time><speed>3.546</speed><sat>15</sat></trkpt>
  <trkpt lat="26.41880833" lon="-80.16773167"><ele>8.040</ele><time>2026-07-18T14:56:07Z</time><speed>3.586</speed><sat>14</sat></trkpt>
  <trkpt lat="26.41884167" lon="-80.16773667"><ele>8.740</ele><time>2026-07-18T14:56:08Z</time><speed>3.614</speed><sat>15</sat></trkpt>
  <trkpt lat="26.41887167" lon="-80.16774000"><ele>9.140</ele><time>2026-07-18T14:56:09Z</time><speed>3.605</speed><sat>15</sat></trkpt>
  <trkpt lat="26.41890167" lon="-80.16774167"><ele>9.140</ele><time>2026-07-18T14:56:10Z</time><speed>3.561</speed><sat>15</sat></trkpt>
  <trkpt lat="26.41892500" lon="-80.16774167"><ele>9.240</ele><time>2026-07-18T14:56:11Z</time><speed>3.451</speed><sat>15</sat></trkpt>
  <trkpt lat="26.41895333" lon="-80.16773667"><ele>10.040</ele><time>2026-07-18T14:56:12Z</time><speed>3.329</speed><sat>15</sat></trkpt>
  <trkpt lat="26.41898000" lon="-80.16773000"><ele>9.940</ele><time>2026-07-18T14:56:13Z</time><speed>3.165</speed><sat>15</sat></trkpt>
  <trkpt lat="26.41900167" lon="-80.16772333"><ele>9.640</ele><time>2026-07-18T14:56:14Z</time><speed>2.997</speed><sat>15</sat></trkpt>
  <trkpt lat="26.41902000" lon="-80.16772500"><ele>9.540</ele><time>2026-07-18T14:56:15Z</time><speed>2.843</speed><sat>15</sat></trkpt>
  <trkpt lat="26.41903833" lon="-80.16771833"><ele>9.440</ele><time>2026-07-18T14:56:16Z</time><speed>2.680</speed><sat>15</sat></trkpt>
  <trkpt lat="26.41905667" lon="-80.16771667"><ele>9.340</ele><time>2026-07-18T14:56:17Z</time><speed>2.515</speed><sat>15</sat></trkpt>
  <trkpt lat="26.41907167" lon="-80.16771167"><ele>9.440</ele><time>2026-07-18T14:56:18Z</time><speed>2.381</speed><sat>15</sat></trkpt>
  <trkpt lat="26.41908500" lon="-80.16770500"><ele>9.740</ele><time>2026-07-18T14:56:19Z</time><speed>2.248</speed><sat>15</sat></trkpt>
  <trkpt lat="26.41910167" lon="-80.16769667"><ele>9.840</ele><time>2026-07-18T14:56:20Z</time><speed>2.149</speed><sat>15</sat></trkpt>
  <trkpt lat="26.41911500" lon="-80.16769167"><ele>10.040</ele><time>2026-07-18T14:56:21Z</time><speed>2.069</speed><sat>15</sat></trkpt>
  <trkpt lat="26.41912833" lon="-80.16768333"><ele>10.241</ele><time>2026-07-18T14:56:22Z</time><speed>2.015</speed><sat>15</sat></trkpt>
  <trkpt lat="26.41914333" lon="-80.16766833"><ele>10.341</ele><time>2026-07-18T14:56:23Z</time><speed>1.992</speed><sat>15</sat></trkpt>
  <trkpt lat="26.41916000" lon="-80.16765333"><ele>10.141</ele><time>2026-07-18T14:56:24Z</time><speed>1.972</speed><sat>15</sat></trkpt>
  <trkpt lat="26.41917167" lon="-80.16764000"><ele>10.341</ele><time>2026-07-18T14:56:25Z</time><speed>1.945</speed><sat>15</sat></trkpt>
  <trkpt lat="26.41918833" lon="-80.16762500"><ele>10.041</ele><time>2026-07-18T14:56:26Z</time><speed>1.953</speed><sat>15</sat></trkpt>
  <trkpt lat="26.41920333" lon="-80.16761000"><ele>10.041</ele><time>2026-07-18T14:56:27Z</time><speed>1.984</speed><sat>15</sat></trkpt>
  <trkpt lat="26.41921833" lon="-80.16759500"><ele>10.041</ele><time>2026-07-18T14:56:28Z</time><speed>2.005</speed><sat>15</sat></trkpt>
  <trkpt lat="26.41923500" lon="-80.16758000"><ele>9.741</ele><time>2026-07-18T14:56:29Z</time><speed>2.047</speed><sat>15</sat></trkpt>
  <trkpt lat="26.41925167" lon="-80.16756667"><ele>9.641</ele><time>2026-07-18T14:56:30Z</time><speed>2.076</speed><sat>15</sat></trkpt>
  <trkpt lat="26.41926667" lon="-80.16755167"><ele>9.741</ele><time>2026-07-18T14:56:31Z</time><speed>2.106</speed><sat>15</sat></trkpt>
  <trkpt lat="26.41928333" lon="-80.16754333"><ele>9.441</ele><time>2026-07-18T14:56:32Z</time><speed>2.110</speed><sat>15</sat></trkpt>
  <trkpt lat="26.41930000" lon="-80.16753833"><ele>9.041</ele><time>2026-07-18T14:56:33Z</time><speed>2.106</speed><sat>15</sat></trkpt>
  <trkpt lat="26.41931833" lon="-80.16752833"><ele>9.041</ele><time>2026-07-18T14:56:34Z</time><speed>2.136</speed><sat>15</sat></trkpt>
  <trkpt lat="26.41933667" lon="-80.16752500"><ele>9.241</ele><time>2026-07-18T14:56:35Z</time><speed>2.144</speed><sat>15</sat></trkpt>
  <trkpt lat="26.41935333" lon="-80.16752500"><ele>9.441</ele><time>2026-07-18T14:56:36Z</time><speed>2.157</speed><sat>15</sat></trkpt>
  <trkpt lat="26.41937333" lon="-80.16752667"><ele>9.941</ele><time>2026-07-18T14:56:37Z</time><speed>2.156</speed><sat>15</sat></trkpt>
  <trkpt lat="26.41939000" lon="-80.16753500"><ele>10.241</ele><time>2026-07-18T14:56:38Z</time><speed>2.143</speed><sat>15</sat></trkpt>
  <trkpt lat="26.41940500" lon="-80.16754333"><ele>10.841</ele><time>2026-07-18T14:56:39Z</time><speed>2.131</speed><sat>15</sat></trkpt>
  <trkpt lat="26.41941500" lon="-80.16755833"><ele>11.041</ele><time>2026-07-18T14:56:40Z</time><speed>2.113</speed><sat>15</sat></trkpt>
  <trkpt lat="26.41943167" lon="-80.16757333"><ele>10.941</ele><time>2026-07-18T14:56:41Z</time><speed>2.095</speed><sat>15</sat></trkpt>
  <trkpt lat="26.41944667" lon="-80.16758667"><ele>10.641</ele><time>2026-07-18T14:56:42Z</time><speed>2.070</speed><sat>15</sat></trkpt>
  <trkpt lat="26.41946000" lon="-80.16760167"><ele>10.341</ele><time>2026-07-18T14:56:43Z</time><speed>2.060</speed><sat>15</sat></trkpt>
  <trkpt lat="26.41947833" lon="-80.16761167"><ele>9.741</ele><time>2026-07-18T14:56:44Z</time><speed>2.024</speed><sat>14</sat></trkpt>
  <trkpt lat="26.41949500" lon="-80.16762500"><ele>9.341</ele><time>2026-07-18T14:56:45Z</time><speed>2.001</speed><sat>14</sat></trkpt>
  <trkpt lat="26.41951667" lon="-80.16763500"><ele>8.741</ele><time>2026-07-18T14:56:46Z</time><speed>1.971</speed><sat>15</sat></trkpt>
  <trkpt lat="26.41953000" lon="-80.16764667"><ele>9.241</ele><time>2026-07-18T14:56:47Z</time><speed>1.974</speed><sat>14</sat></trkpt>
  <trkpt lat="26.41954833" lon="-80.16765500"><ele>9.341</ele><time>2026-07-18T14:56:48Z</time><speed>1.994</speed><sat>15</sat></trkpt>
  <trkpt lat="26.41956833" lon="-80.16766333"><ele>9.241</ele><time>2026-07-18T14:56:49Z</time><speed>2.000</speed><sat>15</sat></trkpt>
  <trkpt lat="26.41958833" lon="-80.16766833"><ele>8.641</ele><time>2026-07-18T14:56:50Z</time><speed>2.018</speed><sat>15</sat></trkpt>
  <trkpt lat="26.41961167" lon="-80.16767500"><ele>8.141</ele><time>2026-07-18T14:56:51Z</time><speed>2.058</speed><sat>15</sat></trkpt>
  <trkpt lat="26.41963500" lon="-80.16768167"><ele>8.141</ele><time>2026-07-18T14:56:52Z</time><speed>2.097</speed><sat>14</sat></trkpt>
  <trkpt lat="26.41965833" lon="-80.16768167"><ele>8.341</ele><time>2026-07-18T14:56:53Z</time><speed>2.131</speed><sat>14</sat></trkpt>
  <trkpt lat="26.41968000" lon="-80.16768500"><ele>8.741</ele><time>2026-07-18T14:56:54Z</time><speed>2.180</speed><sat>14</sat></trkpt>
  <trkpt lat="26.41969833" lon="-80.16768500"><ele>8.841</ele><time>2026-07-18T14:56:55Z</time><speed>2.240</speed><sat>14</sat></trkpt>
  <trkpt lat="26.41971833" lon="-80.16768667"><ele>8.941</ele><time>2026-07-18T14:56:56Z</time><speed>2.281</speed><sat>14</sat></trkpt>
  <trkpt lat="26.41974000" lon="-80.16769000"><ele>9.141</ele><time>2026-07-18T14:56:57Z</time><speed>2.286</speed><sat>13</sat></trkpt>
  <trkpt lat="26.41976167" lon="-80.16769333"><ele>8.841</ele><time>2026-07-18T14:56:58Z</time><speed>2.283</speed><sat>13</sat></trkpt>
  <trkpt lat="26.41978000" lon="-80.16769667"><ele>8.541</ele><time>2026-07-18T14:56:59Z</time><speed>2.288</speed><sat>15</sat></trkpt>
  <trkpt lat="26.41979667" lon="-80.16770167"><ele>8.641</ele><time>2026-07-18T14:57:00Z</time><speed>2.276</speed><sat>15</sat></trkpt>
  <trkpt lat="26.41981667" lon="-80.16770500"><ele>8.241</ele><time>2026-07-18T14:57:01Z</time><speed>2.247</speed><sat>15</sat></trkpt>
  <trkpt lat="26.41983333" lon="-80.16771333"><ele>8.241</ele><time>2026-07-18T14:57:02Z</time><speed>2.232</speed><sat>15</sat></trkpt>
  <trkpt lat="26.41985333" lon="-80.16772000"><ele>8.141</ele><time>2026-07-18T14:57:03Z</time><speed>2.230</speed><sat>15</sat></trkpt>
  <trkpt lat="26.41987167" lon="-80.16772667"><ele>8.241</ele><time>2026-07-18T14:57:04Z</time><speed>2.209</speed><sat>15</sat></trkpt>
  <trkpt lat="26.41989000" lon="-80.16773333"><ele>7.941</ele><time>2026-07-18T14:57:05Z</time><speed>2.198</speed><sat>14</sat></trkpt>
  <trkpt lat="26.41990833" lon="-80.16774333"><ele>8.341</ele><time>2026-07-18T14:57:06Z</time><speed>2.193</speed><sat>15</sat></trkpt>
  <trkpt lat="26.41992167" lon="-80.16775000"><ele>8.841</ele><time>2026-07-18T14:57:07Z</time><speed>2.192</speed><sat>15</sat></trkpt>
  <trkpt lat="26.41993833" lon="-80.16775667"><ele>9.241</ele><time>2026-07-18T14:57:08Z</time><speed>2.186</speed><sat>15</sat></trkpt>
  <trkpt lat="26.41995833" lon="-80.16776167"><ele>8.941</ele><time>2026-07-18T14:57:09Z</time><speed>2.177</speed><sat>15</sat></trkpt>
  <trkpt lat="26.41997500" lon="-80.16776833"><ele>8.541</ele><time>2026-07-18T14:57:10Z</time><speed>2.194</speed><sat>15</sat></trkpt>
  <trkpt lat="26.41999000" lon="-80.16777500"><ele>8.641</ele><time>2026-07-18T14:57:11Z</time><speed>2.208</speed><sat>15</sat></trkpt>
  <trkpt lat="26.42000667" lon="-80.16778500"><ele>8.741</ele><time>2026-07-18T14:57:12Z</time><speed>2.237</speed><sat>15</sat></trkpt>
  <trkpt lat="26.42002333" lon="-80.16779500"><ele>9.541</ele><time>2026-07-18T14:57:13Z</time><speed>2.260</speed><sat>15</sat></trkpt>
  <trkpt lat="26.42004667" lon="-80.16780500"><ele>9.941</ele><time>2026-07-18T14:57:14Z</time><speed>2.287</speed><sat>14</sat></trkpt>
  <trkpt lat="26.42007333" lon="-80.16781500"><ele>9.841</ele><time>2026-07-18T14:57:15Z</time><speed>2.282</speed><sat>14</sat></trkpt>
  <trkpt lat="26.42009667" lon="-80.16782333"><ele>9.740</ele><time>2026-07-18T14:57:16Z</time><speed>2.300</speed><sat>14</sat></trkpt>
  <trkpt lat="26.42012000" lon="-80.16783167"><ele>9.240</ele><time>2026-07-18T14:57:17Z</time><speed>2.315</speed><sat>14</sat></trkpt>
  <trkpt lat="26.42013333" lon="-80.16784000"><ele>8.940</ele><time>2026-07-18T14:57:18Z</time><speed>2.335</speed><sat>14</sat></trkpt>
  <trkpt lat="26.42014667" lon="-80.16784667"><ele>8.640</ele><time>2026-07-18T14:57:19Z</time><speed>2.345</speed><sat>14</sat></trkpt>
  <trkpt lat="26.42015833" lon="-80.16786167"><ele>8.040</ele><time>2026-07-18T14:57:20Z</time><speed>2.328</speed><sat>14</sat></trkpt>
  <trkpt lat="26.42017000" lon="-80.16787667"><ele>7.840</ele><time>2026-07-18T14:57:21Z</time><speed>2.355</speed><sat>14</sat></trkpt>
  <trkpt lat="26.42017833" lon="-80.16789667"><ele>8.240</ele><time>2026-07-18T14:57:22Z</time><speed>2.336</speed><sat>14</sat></trkpt>
  <trkpt lat="26.42019000" lon="-80.16791667"><ele>7.840</ele><time>2026-07-18T14:57:23Z</time><speed>2.344</speed><sat>14</sat></trkpt>
  <trkpt lat="26.42019833" lon="-80.16794167"><ele>7.740</ele><time>2026-07-18T14:57:24Z</time><speed>2.339</speed><sat>14</sat></trkpt>
  <trkpt lat="26.42020500" lon="-80.16796167"><ele>7.840</ele><time>2026-07-18T14:57:25Z</time><speed>2.334</speed><sat>14</sat></trkpt>
  <trkpt lat="26.42020833" lon="-80.16798667"><ele>7.640</ele><time>2026-07-18T14:57:26Z</time><speed>2.318</speed><sat>14</sat></trkpt>
  <trkpt lat="26.42021167" lon="-80.16801333"><ele>8.140</ele><time>2026-07-18T14:57:27Z</time><speed>2.298</speed><sat>15</sat></trkpt>
  <trkpt lat="26.42021167" lon="-80.16803833"><ele>8.740</ele><time>2026-07-18T14:57:28Z</time><speed>2.272</speed><sat>15</sat></trkpt>
  <trkpt lat="26.42021167" lon="-80.16806167"><ele>9.240</ele><time>2026-07-18T14:57:29Z</time><speed>2.266</speed><sat>15</sat></trkpt>
  <trkpt lat="26.42021500" lon="-80.16808667"><ele>9.639</ele><time>2026-07-18T14:57:30Z</time><speed>2.277</speed><sat>15</sat></trkpt>
  <trkpt lat="26.42022000" lon="-80.16810667"><ele>9.739</ele><time>2026-07-18T14:57:31Z</time><speed>2.250</speed><sat>15</sat></trkpt>
  <trkpt lat="26.42022667" lon="-80.16812667"><ele>9.939</ele><time>2026-07-18T14:57:32Z</time><speed>2.246</speed><sat>14</sat></trkpt>
  <trkpt lat="26.42023500" lon="-80.16814833"><ele>9.939</ele><time>2026-07-18T14:57:33Z</time><speed>2.224</speed><sat>14</sat></trkpt>
  <trkpt lat="26.42024667" lon="-80.16817000"><ele>9.739</ele><time>2026-07-18T14:57:34Z</time><speed>2.215</speed><sat>14</sat></trkpt>
  <trkpt lat="26.42025167" lon="-80.16819000"><ele>10.039</ele><time>2026-07-18T14:57:35Z</time><speed>2.231</speed><sat>14</sat></trkpt>
  <trkpt lat="26.42026333" lon="-80.16821167"><ele>9.939</ele><time>2026-07-18T14:57:36Z</time><speed>2.244</speed><sat>14</sat></trkpt>
  <trkpt lat="26.42027667" lon="-80.16823167"><ele>9.539</ele><time>2026-07-18T14:57:37Z</time><speed>2.259</speed><sat>14</sat></trkpt>
  <trkpt lat="26.42029167" lon="-80.16825167"><ele>9.639</ele><time>2026-07-18T14:57:38Z</time><speed>2.287</speed><sat>14</sat></trkpt>
  <trkpt lat="26.42030500" lon="-80.16827333"><ele>9.939</ele><time>2026-07-18T14:57:39Z</time><speed>2.308</speed><sat>14</sat></trkpt>
  <trkpt lat="26.42031833" lon="-80.16829167"><ele>10.639</ele><time>2026-07-18T14:57:40Z</time><speed>2.319</speed><sat>14</sat></trkpt>
  <trkpt lat="26.42033167" lon="-80.16830833"><ele>11.139</ele><time>2026-07-18T14:57:41Z</time><speed>2.330</speed><sat>14</sat></trkpt>
  <trkpt lat="26.42034333" lon="-80.16832667"><ele>11.739</ele><time>2026-07-18T14:57:42Z</time><speed>2.356</speed><sat>14</sat></trkpt>
  <trkpt lat="26.42035667" lon="-80.16834500"><ele>11.938</ele><time>2026-07-18T14:57:43Z</time><speed>2.350</speed><sat>14</sat></trkpt>
  <trkpt lat="26.42036833" lon="-80.16836000"><ele>11.938</ele><time>2026-07-18T14:57:44Z</time><speed>2.334</speed><sat>14</sat></trkpt>
  <trkpt lat="26.42038000" lon="-80.16837500"><ele>11.938</ele><time>2026-07-18T14:57:45Z</time><speed>2.310</speed><sat>14</sat></trkpt>
  <trkpt lat="26.42039000" lon="-80.16839500"><ele>11.538</ele><time>2026-07-18T14:57:46Z</time><speed>2.289</speed><sat>14</sat></trkpt>
  <trkpt lat="26.42039667" lon="-80.16841500"><ele>11.038</ele><time>2026-07-18T14:57:47Z</time><speed>2.275</speed><sat>14</sat></trkpt>
  <trkpt lat="26.42040000" lon="-80.16843500"><ele>9.938</ele><time>2026-07-18T14:57:48Z</time><speed>2.253</speed><sat>14</sat></trkpt>
  <trkpt lat="26.42040000" lon="-80.16845500"><ele>8.938</ele><time>2026-07-18T14:57:49Z</time><speed>2.240</speed><sat>14</sat></trkpt>
  <trkpt lat="26.42039833" lon="-80.16847667"><ele>8.438</ele><time>2026-07-18T14:57:50Z</time><speed>2.227</speed><sat>14</sat></trkpt>
  <trkpt lat="26.42039833" lon="-80.16849667"><ele>7.838</ele><time>2026-07-18T14:57:51Z</time><speed>2.213</speed><sat>14</sat></trkpt>
  <trkpt lat="26.42039667" lon="-80.16851833"><ele>7.338</ele><time>2026-07-18T14:57:52Z</time><speed>2.178</speed><sat>14</sat></trkpt>
  <trkpt lat="26.42039667" lon="-80.16854000"><ele>7.038</ele><time>2026-07-18T14:57:53Z</time><speed>2.172</speed><sat>14</sat></trkpt>
  <trkpt lat="26.42040000" lon="-80.16855833"><ele>7.338</ele><time>2026-07-18T14:57:54Z</time><speed>2.174</speed><sat>14</sat></trkpt>
  <trkpt lat="26.42040333" lon="-80.16857833"><ele>7.838</ele><time>2026-07-18T14:57:55Z</time><speed>2.173</speed><sat>14</sat></trkpt>
  <trkpt lat="26.42040500" lon="-80.16860167"><ele>8.437</ele><time>2026-07-18T14:57:56Z</time><speed>2.170</speed><sat>14</sat></trkpt>
  <trkpt lat="26.42040667" lon="-80.16862500"><ele>8.637</ele><time>2026-07-18T14:57:57Z</time><speed>2.172</speed><sat>14</sat></trkpt>
  <trkpt lat="26.42040833" lon="-80.16864500"><ele>8.837</ele><time>2026-07-18T14:57:58Z</time><speed>2.174</speed><sat>14</sat></trkpt>
  <trkpt lat="26.42041000" lon="-80.16866667"><ele>8.637</ele><time>2026-07-18T14:57:59Z</time><speed>2.151</speed><sat>14</sat></trkpt>
  <trkpt lat="26.42041333" lon="-80.16868667"><ele>8.737</ele><time>2026-07-18T14:58:00Z</time><speed>2.144</speed><sat>14</sat></trkpt>
  <trkpt lat="26.42041667" lon="-80.16870333"><ele>9.237</ele><time>2026-07-18T14:58:01Z</time><speed>2.141</speed><sat>14</sat></trkpt>
  <trkpt lat="26.42042000" lon="-80.16872333"><ele>9.337</ele><time>2026-07-18T14:58:02Z</time><speed>2.146</speed><sat>14</sat></trkpt>
  <trkpt lat="26.42042833" lon="-80.16874333"><ele>9.537</ele><time>2026-07-18T14:58:03Z</time><speed>2.114</speed><sat>14</sat></trkpt>
  <trkpt lat="26.42044000" lon="-80.16875667"><ele>9.537</ele><time>2026-07-18T14:58:04Z</time><speed>2.096</speed><sat>14</sat></trkpt>
  <trkpt lat="26.42045167" lon="-80.16877333"><ele>9.237</ele><time>2026-07-18T14:58:05Z</time><speed>2.051</speed><sat>14</sat></trkpt>
  <trkpt lat="26.42046167" lon="-80.16878833"><ele>9.137</ele><time>2026-07-18T14:58:06Z</time><speed>2.039</speed><sat>14</sat></trkpt>
  <trkpt lat="26.42047667" lon="-80.16880167"><ele>8.637</ele><time>2026-07-18T14:58:07Z</time><speed>2.024</speed><sat>14</sat></trkpt>
  <trkpt lat="26.42049000" lon="-80.16881500"><ele>8.737</ele><time>2026-07-18T14:58:08Z</time><speed>1.990</speed><sat>14</sat></trkpt>
  <trkpt lat="26.42050333" lon="-80.16883167"><ele>8.637</ele><time>2026-07-18T14:58:09Z</time><speed>1.997</speed><sat>14</sat></trkpt>
  <trkpt lat="26.42051667" lon="-80.16884667"><ele>8.337</ele><time>2026-07-18T14:58:10Z</time><speed>1.972</speed><sat>14</sat></trkpt>
  <trkpt lat="26.42052833" lon="-80.16886167"><ele>8.036</ele><time>2026-07-18T14:58:11Z</time><speed>1.970</speed><sat>14</sat></trkpt>
  <trkpt lat="26.42054333" lon="-80.16888000"><ele>8.136</ele><time>2026-07-18T14:58:12Z</time><speed>1.960</speed><sat>14</sat></trkpt>
  <trkpt lat="26.42055833" lon="-80.16889167"><ele>7.736</ele><time>2026-07-18T14:58:13Z</time><speed>1.976</speed><sat>14</sat></trkpt>
  <trkpt lat="26.42057333" lon="-80.16891000"><ele>7.236</ele><time>2026-07-18T14:58:14Z</time><speed>1.987</speed><sat>14</sat></trkpt>
  <trkpt lat="26.42058833" lon="-80.16892667"><ele>7.036</ele><time>2026-07-18T14:58:15Z</time><speed>2.035</speed><sat>14</sat></trkpt>
  <trkpt lat="26.42060500" lon="-80.16894000"><ele>6.736</ele><time>2026-07-18T14:58:16Z</time><speed>2.053</speed><sat>14</sat></trkpt>
  <trkpt lat="26.42062333" lon="-80.16895000"><ele>7.236</ele><time>2026-07-18T14:58:17Z</time><speed>2.069</speed><sat>14</sat></trkpt>
  <trkpt lat="26.42064000" lon="-80.16896333"><ele>8.136</ele><time>2026-07-18T14:58:18Z</time><speed>2.100</speed><sat>14</sat></trkpt>
  <trkpt lat="26.42065667" lon="-80.16897333"><ele>8.336</ele><time>2026-07-18T14:58:19Z</time><speed>2.092</speed><sat>14</sat></trkpt>
  <trkpt lat="26.42067000" lon="-80.16898333"><ele>8.336</ele><time>2026-07-18T14:58:20Z</time><speed>2.108</speed><sat>14</sat></trkpt>
  <trkpt lat="26.42068333" lon="-80.16899167"><ele>7.936</ele><time>2026-07-18T14:58:21Z</time><speed>2.121</speed><sat>14</sat></trkpt>
  <trkpt lat="26.42070000" lon="-80.16900167"><ele>7.736</ele><time>2026-07-18T14:58:22Z</time><speed>2.146</speed><sat>14</sat></trkpt>
  <trkpt lat="26.42071500" lon="-80.16901000"><ele>7.936</ele><time>2026-07-18T14:58:23Z</time><speed>2.139</speed><sat>14</sat></trkpt>
  <trkpt lat="26.42073500" lon="-80.16902000"><ele>8.236</ele><time>2026-07-18T14:58:24Z</time><speed>2.165</speed><sat>14</sat></trkpt>
  <trkpt lat="26.42075167" lon="-80.16903167"><ele>7.836</ele><time>2026-07-18T14:58:25Z</time><speed>2.181</speed><sat>14</sat></trkpt>
  <trkpt lat="26.42076667" lon="-80.16904333"><ele>8.136</ele><time>2026-07-18T14:58:26Z</time><speed>2.178</speed><sat>14</sat></trkpt>
  <trkpt lat="26.42078333" lon="-80.16905333"><ele>8.436</ele><time>2026-07-18T14:58:27Z</time><speed>2.188</speed><sat>14</sat></trkpt>
  <trkpt lat="26.42080000" lon="-80.16906500"><ele>8.436</ele><time>2026-07-18T14:58:28Z</time><speed>2.194</speed><sat>14</sat></trkpt>
  <trkpt lat="26.42081833" lon="-80.16907667"><ele>8.736</ele><time>2026-07-18T14:58:29Z</time><speed>2.194</speed><sat>14</sat></trkpt>
  <trkpt lat="26.42083833" lon="-80.16908500"><ele>8.636</ele><time>2026-07-18T14:58:30Z</time><speed>2.183</speed><sat>14</sat></trkpt>
  <trkpt lat="26.42085833" lon="-80.16908667"><ele>8.736</ele><time>2026-07-18T14:58:31Z</time><speed>2.147</speed><sat>14</sat></trkpt>
  <trkpt lat="26.42087500" lon="-80.16909000"><ele>8.236</ele><time>2026-07-18T14:58:32Z</time><speed>2.118</speed><sat>14</sat></trkpt>
  <trkpt lat="26.42089333" lon="-80.16909333"><ele>7.836</ele><time>2026-07-18T14:58:33Z</time><speed>2.120</speed><sat>14</sat></trkpt>
  <trkpt lat="26.42091333" lon="-80.16909333"><ele>8.136</ele><time>2026-07-18T14:58:34Z</time><speed>2.098</speed><sat>14</sat></trkpt>
  <trkpt lat="26.42093000" lon="-80.16909500"><ele>8.236</ele><time>2026-07-18T14:58:35Z</time><speed>2.059</speed><sat>14</sat></trkpt>
  <trkpt lat="26.42094500" lon="-80.16909667"><ele>8.636</ele><time>2026-07-18T14:58:36Z</time><speed>2.021</speed><sat>14</sat></trkpt>
  <trkpt lat="26.42096000" lon="-80.16910000"><ele>8.936</ele><time>2026-07-18T14:58:37Z</time><speed>1.961</speed><sat>14</sat></trkpt>
  <trkpt lat="26.42097667" lon="-80.16910667"><ele>9.336</ele><time>2026-07-18T14:58:38Z</time><speed>1.868</speed><sat>14</sat></trkpt>
  <trkpt lat="26.42099000" lon="-80.16911000"><ele>9.636</ele><time>2026-07-18T14:58:39Z</time><speed>1.852</speed><sat>14</sat></trkpt>
  <trkpt lat="26.42100833" lon="-80.16911833"><ele>9.836</ele><time>2026-07-18T14:58:40Z</time><speed>1.867</speed><sat>14</sat></trkpt>
  <trkpt lat="26.42102667" lon="-80.16911833"><ele>9.836</ele><time>2026-07-18T14:58:41Z</time><speed>1.856</speed><sat>14</sat></trkpt>
  <trkpt lat="26.42104500" lon="-80.16912000"><ele>10.036</ele><time>2026-07-18T14:58:42Z</time><speed>1.856</speed><sat>14</sat></trkpt>
  <trkpt lat="26.42106167" lon="-80.16912000"><ele>10.336</ele><time>2026-07-18T14:58:43Z</time><speed>1.830</speed><sat>14</sat></trkpt>
  <trkpt lat="26.42108000" lon="-80.16912000"><ele>10.536</ele><time>2026-07-18T14:58:44Z</time><speed>1.791</speed><sat>14</sat></trkpt>
  <trkpt lat="26.42109667" lon="-80.16912167"><ele>10.536</ele><time>2026-07-18T14:58:45Z</time><speed>1.789</speed><sat>14</sat></trkpt>
  <trkpt lat="26.42111333" lon="-80.16911833"><ele>10.436</ele><time>2026-07-18T14:58:46Z</time><speed>1.813</speed><sat>14</sat></trkpt>
  <trkpt lat="26.42113167" lon="-80.16911333"><ele>10.436</ele><time>2026-07-18T14:58:47Z</time><speed>1.842</speed><sat>14</sat></trkpt>
  <trkpt lat="26.42114833" lon="-80.16911000"><ele>10.536</ele><time>2026-07-18T14:58:48Z</time><speed>1.910</speed><sat>14</sat></trkpt>
  <trkpt lat="26.42117000" lon="-80.16910500"><ele>10.436</ele><time>2026-07-18T14:58:49Z</time><speed>1.916</speed><sat>14</sat></trkpt>
  <trkpt lat="26.42118667" lon="-80.16910000"><ele>10.936</ele><time>2026-07-18T14:58:50Z</time><speed>1.899</speed><sat>14</sat></trkpt>
  <trkpt lat="26.42120167" lon="-80.16909667"><ele>11.736</ele><time>2026-07-18T14:58:51Z</time><speed>1.913</speed><sat>14</sat></trkpt>
  <trkpt lat="26.42122000" lon="-80.16909167"><ele>11.936</ele><time>2026-07-18T14:58:52Z</time><speed>1.900</speed><sat>14</sat></trkpt>
  <trkpt lat="26.42123833" lon="-80.16908500"><ele>12.036</ele><time>2026-07-18T14:58:53Z</time><speed>1.901</speed><sat>14</sat></trkpt>
  <trkpt lat="26.42125833" lon="-80.16908667"><ele>12.136</ele><time>2026-07-18T14:58:54Z</time><speed>1.917</speed><sat>14</sat></trkpt>
  <trkpt lat="26.42127333" lon="-80.16908500"><ele>11.936</ele><time>2026-07-18T14:58:55Z</time><speed>1.916</speed><sat>14</sat></trkpt>
  <trkpt lat="26.42129000" lon="-80.16907667"><ele>11.636</ele><time>2026-07-18T14:58:56Z</time><speed>1.907</speed><sat>14</sat></trkpt>
  <trkpt lat="26.42130833" lon="-80.16906667"><ele>11.836</ele><time>2026-07-18T14:58:57Z</time><speed>1.941</speed><sat>14</sat></trkpt>
  <trkpt lat="26.42132833" lon="-80.16905500"><ele>12.036</ele><time>2026-07-18T14:58:58Z</time><speed>1.961</speed><sat>14</sat></trkpt>
  <trkpt lat="26.42134667" lon="-80.16904000"><ele>12.536</ele><time>2026-07-18T14:58:59Z</time><speed>2.009</speed><sat>14</sat></trkpt>
  <trkpt lat="26.42136500" lon="-80.16902500"><ele>13.036</ele><time>2026-07-18T14:59:00Z</time><speed>2.066</speed><sat>14</sat></trkpt>
  <trkpt lat="26.42138500" lon="-80.16901500"><ele>13.336</ele><time>2026-07-18T14:59:01Z</time><speed>2.111</speed><sat>14</sat></trkpt>
  <trkpt lat="26.42140167" lon="-80.16900000"><ele>13.636</ele><time>2026-07-18T14:59:02Z</time><speed>2.170</speed><sat>14</sat></trkpt>
  <trkpt lat="26.42142000" lon="-80.16898500"><ele>13.536</ele><time>2026-07-18T14:59:03Z</time><speed>2.247</speed><sat>14</sat></trkpt>
  <trkpt lat="26.42144000" lon="-80.16897000"><ele>13.737</ele><time>2026-07-18T14:59:04Z</time><speed>2.284</speed><sat>14</sat></trkpt>
  <trkpt lat="26.42145667" lon="-80.16896000"><ele>13.637</ele><time>2026-07-18T14:59:05Z</time><speed>2.331</speed><sat>14</sat></trkpt>
  <trkpt lat="26.42147167" lon="-80.16895167"><ele>13.137</ele><time>2026-07-18T14:59:06Z</time><speed>2.323</speed><sat>14</sat></trkpt>
  <trkpt lat="26.42148500" lon="-80.16894333"><ele>12.037</ele><time>2026-07-18T14:59:07Z</time><speed>2.312</speed><sat>14</sat></trkpt>
  <trkpt lat="26.42150167" lon="-80.16893667"><ele>11.237</ele><time>2026-07-18T14:59:08Z</time><speed>2.308</speed><sat>14</sat></trkpt>
  <trkpt lat="26.42152167" lon="-80.16893333"><ele>10.837</ele><time>2026-07-18T14:59:09Z</time><speed>2.266</speed><sat>14</sat></trkpt>
  <trkpt lat="26.42153833" lon="-80.16892833"><ele>10.537</ele><time>2026-07-18T14:59:10Z</time><speed>2.205</speed><sat>14</sat></trkpt>
  <trkpt lat="26.42155333" lon="-80.16892167"><ele>10.237</ele><time>2026-07-18T14:59:11Z</time><speed>2.152</speed><sat>14</sat></trkpt>
  <trkpt lat="26.42157000" lon="-80.16891833"><ele>9.737</ele><time>2026-07-18T14:59:12Z</time><speed>2.076</speed><sat>14</sat></trkpt>
  <trkpt lat="26.42158500" lon="-80.16891333"><ele>9.637</ele><time>2026-07-18T14:59:13Z</time><speed>2.003</speed><sat>14</sat></trkpt>
  <trkpt lat="26.42159833" lon="-80.16890333"><ele>9.837</ele><time>2026-07-18T14:59:14Z</time><speed>1.957</speed><sat>14</sat></trkpt>
  <trkpt lat="26.42161000" lon="-80.16889333"><ele>9.637</ele><time>2026-07-18T14:59:15Z</time><speed>1.867</speed><sat>14</sat></trkpt>
  <trkpt lat="26.42162167" lon="-80.16889000"><ele>9.737</ele><time>2026-07-18T14:59:16Z</time><speed>1.763</speed><sat>14</sat></trkpt>
  <trkpt lat="26.42163167" lon="-80.16889000"><ele>9.637</ele><time>2026-07-18T14:59:17Z</time><speed>1.645</speed><sat>14</sat></trkpt>
  <trkpt lat="26.42163500" lon="-80.16889000"><ele>10.037</ele><time>2026-07-18T14:59:18Z</time><speed>1.502</speed><sat>14</sat></trkpt>
  <trkpt lat="26.42163500" lon="-80.16889000"><ele>10.137</ele><time>2026-07-18T14:59:19Z</time><speed>1.321</speed><sat>14</sat></trkpt>
  <trkpt lat="26.42163333" lon="-80.16888833"><ele>10.237</ele><time>2026-07-18T14:59:20Z</time><speed>1.140</speed><sat>13</sat></trkpt>
  <trkpt lat="26.42162667" lon="-80.16889167"><ele>10.437</ele><time>2026-07-18T14:59:21Z</time><speed>0.988</speed><sat>14</sat></trkpt>
  <trkpt lat="26.42162000" lon="-80.16889000"><ele>10.637</ele><time>2026-07-18T14:59:22Z</time><speed>0.865</speed><sat>14</sat></trkpt>
  <trkpt lat="26.42160667" lon="-80.16889333"><ele>10.637</ele><time>2026-07-18T14:59:23Z</time><speed>0.851</speed><sat>14</sat></trkpt>
  <trkpt lat="26.42158500" lon="-80.16890167"><ele>10.437</ele><time>2026-07-18T14:59:24Z</time><speed>0.843</speed><sat>14</sat></trkpt>
  <trkpt lat="26.42156500" lon="-80.16891000"><ele>10.437</ele><time>2026-07-18T14:59:25Z</time><speed>0.859</speed><sat>14</sat></trkpt>
  <trkpt lat="26.42155333" lon="-80.16891667"><ele>10.537</ele><time>2026-07-18T14:59:26Z</time><speed>0.893</speed><sat>13</sat></trkpt>
  <trkpt lat="26.42154667" lon="-80.16892167"><ele>10.737</ele><time>2026-07-18T14:59:27Z</time><speed>0.843</speed><sat>14</sat></trkpt>
  <trkpt lat="26.42154833" lon="-80.16892833"><ele>10.737</ele><time>2026-07-18T14:59:28Z</time><speed>0.810</speed><sat>13</sat></trkpt>
  <trkpt lat="26.42155000" lon="-80.16893000"><ele>10.637</ele><time>2026-07-18T14:59:29Z</time><speed>0.806</speed><sat>14</sat></trkpt>
  <trkpt lat="26.42155000" lon="-80.16893000"><ele>10.337</ele><time>2026-07-18T14:59:30Z</time><speed>0.821</speed><sat>14</sat></trkpt>
  <trkpt lat="26.42155000" lon="-80.16893333"><ele>9.737</ele><time>2026-07-18T14:59:31Z</time><speed>0.812</speed><sat>14</sat></trkpt>
  <trkpt lat="26.42154833" lon="-80.16893833"><ele>9.337</ele><time>2026-07-18T14:59:32Z</time><speed>0.820</speed><sat>14</sat></trkpt>
  <trkpt lat="26.42155000" lon="-80.16894333"><ele>8.837</ele><time>2026-07-18T14:59:33Z</time><speed>0.697</speed><sat>14</sat></trkpt>
  <trkpt lat="26.42154667" lon="-80.16894667"><ele>8.737</ele><time>2026-07-18T14:59:34Z</time><speed>0.589</speed><sat>14</sat></trkpt>
  <trkpt lat="26.42153833" lon="-80.16894833"><ele>8.637</ele><time>2026-07-18T14:59:35Z</time><speed>0.542</speed><sat>14</sat></trkpt>
  <trkpt lat="26.42153000" lon="-80.16895000"><ele>8.537</ele><time>2026-07-18T14:59:36Z</time><speed>0.487</speed><sat>14</sat></trkpt>
  <trkpt lat="26.42152500" lon="-80.16895667"><ele>8.837</ele><time>2026-07-18T14:59:37Z</time><speed>0.541</speed><sat>14</sat></trkpt>
  <trkpt lat="26.42152000" lon="-80.16895833"><ele>8.837</ele><time>2026-07-18T14:59:38Z</time><speed>0.538</speed><sat>14</sat></trkpt>
  <trkpt lat="26.42152000" lon="-80.16895333"><ele>9.037</ele><time>2026-07-18T14:59:39Z</time><speed>0.542</speed><sat>14</sat></trkpt>
  <trkpt lat="26.42152000" lon="-80.16894333"><ele>9.037</ele><time>2026-07-18T14:59:40Z</time><speed>0.567</speed><sat>14</sat></trkpt>
  <trkpt lat="26.42152500" lon="-80.16893167"><ele>8.837</ele><time>2026-07-18T14:59:41Z</time><speed>0.646</speed><sat>14</sat></trkpt>
  <trkpt lat="26.42153500" lon="-80.16892000"><ele>8.637</ele><time>2026-07-18T14:59:42Z</time><speed>0.695</speed><sat>14</sat></trkpt>
  <trkpt lat="26.42154500" lon="-80.16890833"><ele>8.337</ele><time>2026-07-18T14:59:43Z</time><speed>0.798</speed><sat>14</sat></trkpt>
  <trkpt lat="26.42154833" lon="-80.16889667"><ele>8.537</ele><time>2026-07-18T14:59:44Z</time><speed>0.826</speed><sat>14</sat></trkpt>
  <trkpt lat="26.42155167" lon="-80.16888833"><ele>8.937</ele><time>2026-07-18T14:59:45Z</time><speed>0.797</speed><sat>14</sat></trkpt>
  <trkpt lat="26.42154833" lon="-80.16888333"><ele>9.137</ele><time>2026-07-18T14:59:46Z</time><speed>0.783</speed><sat>14</sat></trkpt>
  <trkpt lat="26.42154500" lon="-80.16888500"><ele>9.437</ele><time>2026-07-18T14:59:47Z</time><speed>0.691</speed><sat>14</sat></trkpt>
  <trkpt lat="26.42154000" lon="-80.16888000"><ele>9.837</ele><time>2026-07-18T14:59:48Z</time><speed>0.671</speed><sat>14</sat></trkpt>
  <trkpt lat="26.42153333" lon="-80.16887167"><ele>10.037</ele><time>2026-07-18T14:59:49Z</time><speed>0.697</speed><sat>14</sat></trkpt>
  <trkpt lat="26.42153333" lon="-80.16886500"><ele>10.137</ele><time>2026-07-18T14:59:50Z</time><speed>0.696</speed><sat>14</sat></trkpt>
  <trkpt lat="26.42153167" lon="-80.16886500"><ele>10.337</ele><time>2026-07-18T14:59:51Z</time><speed>0.605</speed><sat>14</sat></trkpt>
  <trkpt lat="26.42153000" lon="-80.16886500"><ele>10.537</ele><time>2026-07-18T14:59:52Z</time><speed>0.496</speed><sat>14</sat></trkpt>
  <trkpt lat="26.42153167" lon="-80.16887167"><ele>10.437</ele><time>2026-07-18T14:59:53Z</time><speed>0.000</speed><sat>14</sat></trkpt>
  <trkpt lat="26.42153000" lon="-80.16887333"><ele>10.337</ele><time>2026-07-18T14:59:54Z</time><speed>0.000</speed><sat>14</sat></trkpt>
  <trkpt lat="26.42153167" lon="-80.16887667"><ele>10.237</ele><time>2026-07-18T14:59:55Z</time><speed>0.000</speed><sat>14</sat></trkpt>
  <trkpt lat="26.42153167" lon="-80.16887667"><ele>10.237</ele><time>2026-07-18T14:59:56Z</time><speed>0.000</speed><sat>14</sat></trkpt>
  <trkpt lat="26.42153833" lon="-80.16887167"><ele>10.437</ele><time>2026-07-18T14:59:57Z</time><speed>0.269</speed><sat>14</sat></trkpt>
  <trkpt lat="26.42153667" lon="-80.16887333"><ele>10.737</ele><time>2026-07-18T14:59:58Z</time><speed>0.000</speed><sat>14</sat></trkpt>
  <trkpt lat="26.42153667" lon="-80.16887333"><ele>10.837</ele><time>2026-07-18T14:59:59Z</time><speed>0.000</speed><sat>14</sat></trkpt>
  <trkpt lat="26.42153667" lon="-80.16887333"><ele>10.637</ele><time>2026-07-18T15:00:00Z</time><speed>0.000</speed><sat>14</sat></trkpt>
  <trkpt lat="26.42153667" lon="-80.16887333"><ele>10.637</ele><time>2026-07-18T15:00:01Z</time><speed>0.000</speed><sat>14</sat></trkpt>
  <trkpt lat="26.42153667" lon="-80.16887333"><ele>10.637</ele><time>2026-07-18T15:00:02Z</time><speed>0.000</speed><sat>14</sat></trkpt>
  <trkpt lat="26.42153667" lon="-80.16887333"><ele>10.637</ele><time>2026-07-18T15:00:03Z</time><speed>0.000</speed><sat>14</sat></trkpt>
  <trkpt lat="26.42153667" lon="-80.16887333"><ele>10.637</ele><time>2026-07-18T15:00:04Z</time><speed>0.000</speed><sat>14</sat></trkpt>
  <trkpt lat="26.42153667" lon="-80.16887333"><ele>10.637</ele><time>2026-07-18T15:00:05Z</time><speed>0.000</speed><sat>14</sat></trkpt>
  <trkpt lat="26.42153667" lon="-80.16887333"><ele>10.637</ele><time>2026-07-18T15:00:06Z</time><speed>0.000</speed><sat>14</sat></trkpt>
  <trkpt lat="26.42153667" lon="-80.16887333"><ele>10.637</ele><time>2026-07-18T15:00:07Z</time><speed>0.000</speed><sat>14</sat></trkpt>
  <trkpt lat="26.42153667" lon="-80.16887333"><ele>10.637</ele><time>2026-07-18T15:00:08Z</time><speed>0.000</speed><sat>14</sat></trkpt>
  <trkpt lat="26.42153667" lon="-80.16887333"><ele>10.637</ele><time>2026-07-18T15:00:09Z</time><speed>0.000</speed><sat>14</sat></trkpt>
  <trkpt lat="26.42153667" lon="-80.16887333"><ele>10.637</ele><time>2026-07-18T15:00:10Z</time><speed>0.000</speed><sat>14</sat></trkpt>
  <trkpt lat="26.42153667" lon="-80.16887333"><ele>10.637</ele><time>2026-07-18T15:00:11Z</time><speed>0.000</speed><sat>14</sat></trkpt>
  <trkpt lat="26.42153667" lon="-80.16887333"><ele>10.637</ele><time>2026-07-18T15:00:12Z</time><speed>0.000</speed><sat>14</sat></trkpt>
  <trkpt lat="26.42153667" lon="-80.16887333"><ele>10.637</ele><time>2026-07-18T15:00:13Z</time><speed>0.000</speed><sat>14</sat></trkpt>
  <trkpt lat="26.42153667" lon="-80.16887333"><ele>10.637</ele><time>2026-07-18T15:00:14Z</time><speed>0.000</speed><sat>14</sat></trkpt>
  <trkpt lat="26.42153667" lon="-80.16887333"><ele>10.637</ele><time>2026-07-18T15:00:15Z</time><speed>0.000</speed><sat>13</sat></trkpt>
  <trkpt lat="26.42153667" lon="-80.16887333"><ele>10.637</ele><time>2026-07-18T15:00:16Z</time><speed>0.000</speed><sat>13</sat></trkpt>
  <trkpt lat="26.42153667" lon="-80.16887333"><ele>10.637</ele><time>2026-07-18T15:00:17Z</time><speed>0.000</speed><sat>13</sat></trkpt>
  <trkpt lat="26.42153667" lon="-80.16887333"><ele>10.637</ele><time>2026-07-18T15:00:18Z</time><speed>0.000</speed><sat>13</sat></trkpt>
  <trkpt lat="26.42153667" lon="-80.16887333"><ele>10.637</ele><time>2026-07-18T15:00:19Z</time><speed>0.000</speed><sat>13</sat></trkpt>
  <trkpt lat="26.42153667" lon="-80.16887333"><ele>10.637</ele><time>2026-07-18T15:00:20Z</time><speed>0.000</speed><sat>13</sat></trkpt>
  <trkpt lat="26.42153667" lon="-80.16887333"><ele>10.637</ele><time>2026-07-18T15:00:21Z</time><speed>0.000</speed><sat>13</sat></trkpt>
  <trkpt lat="26.42153667" lon="-80.16887333"><ele>10.637</ele><time>2026-07-18T15:00:22Z</time><speed>0.000</speed><sat>13</sat></trkpt>
  <trkpt lat="26.42153667" lon="-80.16887333"><ele>10.637</ele><time>2026-07-18T15:00:23Z</time><speed>0.000</speed><sat>13</sat></trkpt>
  <trkpt lat="26.42153667" lon="-80.16887333"><ele>10.637</ele><time>2026-07-18T15:00:24Z</time><speed>0.000</speed><sat>14</sat></trkpt>
  <trkpt lat="26.42153667" lon="-80.16887333"><ele>10.637</ele><time>2026-07-18T15:00:25Z</time><speed>0.000</speed><sat>14</sat></trkpt>
  <trkpt lat="26.42153667" lon="-80.16887333"><ele>10.637</ele><time>2026-07-18T15:00:26Z</time><speed>0.000</speed><sat>14</sat></trkpt>
  <trkpt lat="26.42153667" lon="-80.16887333"><ele>10.637</ele><time>2026-07-18T15:00:27Z</time><speed>0.000</speed><sat>12</sat></trkpt>
  <trkpt lat="26.42153667" lon="-80.16887333"><ele>10.637</ele><time>2026-07-18T15:00:28Z</time><speed>0.000</speed><sat>12</sat></trkpt>
  <trkpt lat="26.42153667" lon="-80.16887333"><ele>10.637</ele><time>2026-07-18T15:00:29Z</time><speed>0.000</speed><sat>13</sat></trkpt>
  <trkpt lat="26.42153667" lon="-80.16887333"><ele>10.637</ele><time>2026-07-18T15:00:30Z</time><speed>0.000</speed><sat>13</sat></trkpt>
  <trkpt lat="26.42153667" lon="-80.16887333"><ele>10.637</ele><time>2026-07-18T15:00:31Z</time><speed>0.000</speed><sat>13</sat></trkpt>
  <trkpt lat="26.42153667" lon="-80.16887333"><ele>10.637</ele><time>2026-07-18T15:00:32Z</time><speed>0.000</speed><sat>14</sat></trkpt>
  <trkpt lat="26.42153667" lon="-80.16887333"><ele>10.637</ele><time>2026-07-18T15:00:33Z</time><speed>0.000</speed><sat>14</sat></trkpt>
  <trkpt lat="26.42153667" lon="-80.16887333"><ele>10.637</ele><time>2026-07-18T15:00:34Z</time><speed>0.000</speed><sat>14</sat></trkpt>
  <trkpt lat="26.42153667" lon="-80.16887333"><ele>10.637</ele><time>2026-07-18T15:00:35Z</time><speed>0.000</speed><sat>14</sat></trkpt>
  <trkpt lat="26.42153667" lon="-80.16887333"><ele>10.637</ele><time>2026-07-18T15:00:36Z</time><speed>0.000</speed><sat>14</sat></trkpt>
  <trkpt lat="26.42153667" lon="-80.16887333"><ele>10.637</ele><time>2026-07-18T15:00:37Z</time><speed>0.000</speed><sat>13</sat></trkpt>
  <trkpt lat="26.42153667" lon="-80.16887333"><ele>10.637</ele><time>2026-07-18T15:00:38Z</time><speed>0.000</speed><sat>13</sat></trkpt>
  <trkpt lat="26.42153667" lon="-80.16887333"><ele>10.637</ele><time>2026-07-18T15:00:39Z</time><speed>0.000</speed><sat>13</sat></trkpt>
  <trkpt lat="26.42153667" lon="-80.16887333"><ele>10.637</ele><time>2026-07-18T15:00:40Z</time><speed>0.000</speed><sat>14</sat></trkpt>
  <trkpt lat="26.42153667" lon="-80.16887333"><ele>10.637</ele><time>2026-07-18T15:00:41Z</time><speed>0.000</speed><sat>14</sat></trkpt>
  <trkpt lat="26.42153667" lon="-80.16887333"><ele>10.637</ele><time>2026-07-18T15:00:42Z</time><speed>0.000</speed><sat>14</sat></trkpt>
  <trkpt lat="26.42153667" lon="-80.16887333"><ele>10.637</ele><time>2026-07-18T15:00:43Z</time><speed>0.000</speed><sat>14</sat></trkpt>
  <trkpt lat="26.42153667" lon="-80.16887333"><ele>10.637</ele><time>2026-07-18T15:00:44Z</time><speed>0.000</speed><sat>13</sat></trkpt>
  <trkpt lat="26.42153667" lon="-80.16887333"><ele>10.637</ele><time>2026-07-18T15:00:45Z</time><speed>0.000</speed><sat>12</sat></trkpt>
  <trkpt lat="26.42153667" lon="-80.16887333"><ele>10.637</ele><time>2026-07-18T15:00:46Z</time><speed>0.000</speed><sat>13</sat></trkpt>
  <trkpt lat="26.42153667" lon="-80.16887333"><ele>10.637</ele><time>2026-07-18T15:00:47Z</time><speed>0.000</speed><sat>14</sat></trkpt>
  <trkpt lat="26.42153667" lon="-80.16887333"><ele>10.637</ele><time>2026-07-18T15:00:48Z</time><speed>0.000</speed><sat>14</sat></trkpt>
  <trkpt lat="26.42153667" lon="-80.16887333"><ele>10.637</ele><time>2026-07-18T15:00:49Z</time><speed>0.000</speed><sat>14</sat></trkpt>
  <trkpt lat="26.42153667" lon="-80.16887333"><ele>10.637</ele><time>2026-07-18T15:00:50Z</time><speed>0.000</speed><sat>14</sat></trkpt>
  <trkpt lat="26.42153667" lon="-80.16887333"><ele>10.637</ele><time>2026-07-18T15:00:51Z</time><speed>0.000</speed><sat>14</sat></trkpt>
  <trkpt lat="26.42153667" lon="-80.16887333"><ele>10.637</ele><time>2026-07-18T15:00:52Z</time><speed>0.000</speed><sat>13</sat></trkpt>
  <trkpt lat="26.42153667" lon="-80.16887333"><ele>10.637</ele><time>2026-07-18T15:00:53Z</time><speed>0.000</speed><sat>14</sat></trkpt>
  <trkpt lat="26.42153667" lon="-80.16887333"><ele>10.637</ele><time>2026-07-18T15:00:54Z</time><speed>0.000</speed><sat>14</sat></trkpt>
  <trkpt lat="26.42153667" lon="-80.16887333"><ele>10.637</ele><time>2026-07-18T15:00:55Z</time><speed>0.000</speed><sat>14</sat></trkpt>
  <trkpt lat="26.42153667" lon="-80.16887333"><ele>10.637</ele><time>2026-07-18T15:00:56Z</time><speed>0.000</speed><sat>14</sat></trkpt>
  <trkpt lat="26.42153667" lon="-80.16887333"><ele>10.637</ele><time>2026-07-18T15:00:57Z</time><speed>0.000</speed><sat>14</sat></trkpt>
  <trkpt lat="26.42153667" lon="-80.16887333"><ele>10.637</ele><time>2026-07-18T15:00:58Z</time><speed>0.000</speed><sat>14</sat></trkpt>
  <trkpt lat="26.42153667" lon="-80.16887333"><ele>10.637</ele><time>2026-07-18T15:00:59Z</time><speed>0.000</speed><sat>14</sat></trkpt>
  <trkpt lat="26.42153667" lon="-80.16887333"><ele>10.637</ele><time>2026-07-18T15:01:00Z</time><speed>0.000</speed><sat>15</sat></trkpt>
  <trkpt lat="26.42153667" lon="-80.16887333"><ele>10.637</ele><time>2026-07-18T15:01:01Z</time><speed>0.000</speed><sat>15</sat></trkpt>
  <trkpt lat="26.42153667" lon="-80.16887333"><ele>10.637</ele><time>2026-07-18T15:01:02Z</time><speed>0.000</speed><sat>15</sat></trkpt>
  <trkpt lat="26.42153667" lon="-80.16887333"><ele>10.637</ele><time>2026-07-18T15:01:03Z</time><speed>0.000</speed><sat>15</sat></trkpt>
  <trkpt lat="26.42153667" lon="-80.16887333"><ele>10.637</ele><time>2026-07-18T15:01:04Z</time><speed>0.000</speed><sat>15</sat></trkpt>
  <trkpt lat="26.42153667" lon="-80.16887333"><ele>10.637</ele><time>2026-07-18T15:01:05Z</time><speed>0.000</speed><sat>15</sat></trkpt>
  <trkpt lat="26.42153667" lon="-80.16887333"><ele>10.637</ele><time>2026-07-18T15:01:06Z</time><speed>0.000</speed><sat>15</sat></trkpt>
  <trkpt lat="26.42153667" lon="-80.16887333"><ele>10.637</ele><time>2026-07-18T15:01:07Z</time><speed>0.000</speed><sat>14</sat></trkpt>
  <trkpt lat="26.42153667" lon="-80.16887333"><ele>10.637</ele><time>2026-07-18T15:01:08Z</time><speed>0.000</speed><sat>14</sat></trkpt>
  <trkpt lat="26.42153667" lon="-80.16887333"><ele>10.637</ele><time>2026-07-18T15:01:09Z</time><speed>0.000</speed><sat>14</sat></trkpt>
  <trkpt lat="26.42153667" lon="-80.16887333"><ele>10.637</ele><time>2026-07-18T15:01:10Z</time><speed>0.000</speed><sat>14</sat></trkpt>
  <trkpt lat="26.42153667" lon="-80.16887333"><ele>10.637</ele><time>2026-07-18T15:01:11Z</time><speed>0.000</speed><sat>14</sat></trkpt>
  <trkpt lat="26.42153667" lon="-80.16887333"><ele>10.637</ele><time>2026-07-18T15:01:12Z</time><speed>0.000</speed><sat>14</sat></trkpt>
  <trkpt lat="26.42153667" lon="-80.16887333"><ele>10.637</ele><time>2026-07-18T15:01:13Z</time><speed>0.000</speed><sat>14</sat></trkpt>
  <trkpt lat="26.42153667" lon="-80.16887333"><ele>10.637</ele><time>2026-07-18T15:01:14Z</time><speed>0.000</speed><sat>15</sat></trkpt>
  <trkpt lat="26.42153667" lon="-80.16887333"><ele>10.637</ele><time>2026-07-18T15:01:15Z</time><speed>0.000</speed><sat>15</sat></trkpt>
  <trkpt lat="26.42153667" lon="-80.16887333"><ele>10.637</ele><time>2026-07-18T15:01:16Z</time><speed>0.000</speed><sat>15</sat></trkpt>
  <trkpt lat="26.42153667" lon="-80.16887333"><ele>10.637</ele><time>2026-07-18T15:01:17Z</time><speed>0.000</speed><sat>15</sat></trkpt>
  <trkpt lat="26.42153667" lon="-80.16887333"><ele>10.637</ele><time>2026-07-18T15:01:18Z</time><speed>0.000</speed><sat>15</sat></trkpt>
  <trkpt lat="26.42153667" lon="-80.16887333"><ele>10.637</ele><time>2026-07-18T15:01:19Z</time><speed>0.000</speed><sat>15</sat></trkpt>
  <trkpt lat="26.42153667" lon="-80.16887333"><ele>10.637</ele><time>2026-07-18T15:01:20Z</time><speed>0.000</speed><sat>15</sat></trkpt>
  <trkpt lat="26.42153667" lon="-80.16887333"><ele>10.637</ele><time>2026-07-18T15:01:21Z</time><speed>0.000</speed><sat>15</sat></trkpt>
  <trkpt lat="26.42153667" lon="-80.16887333"><ele>10.637</ele><time>2026-07-18T15:01:22Z</time><speed>0.000</speed><sat>15</sat></trkpt>
  <trkpt lat="26.42153667" lon="-80.16887333"><ele>10.637</ele><time>2026-07-18T15:01:23Z</time><speed>0.000</speed><sat>15</sat></trkpt>
  <trkpt lat="26.42153667" lon="-80.16887333"><ele>10.637</ele><time>2026-07-18T15:01:24Z</time><speed>0.000</speed><sat>15</sat></trkpt>
  <trkpt lat="26.42153667" lon="-80.16887333"><ele>10.637</ele><time>2026-07-18T15:01:25Z</time><speed>0.000</speed><sat>15</sat></trkpt>
  <trkpt lat="26.42153667" lon="-80.16887333"><ele>10.637</ele><time>2026-07-18T15:01:26Z</time><speed>0.000</speed><sat>15</sat></trkpt>
  <trkpt lat="26.42153667" lon="-80.16887333"><ele>10.637</ele><time>2026-07-18T15:01:27Z</time><speed>0.000</speed><sat>15</sat></trkpt>
  <trkpt lat="26.42153667" lon="-80.16887333"><ele>10.637</ele><time>2026-07-18T15:01:28Z</time><speed>0.000</speed><sat>15</sat></trkpt>
  <trkpt lat="26.42153667" lon="-80.16887333"><ele>10.637</ele><time>2026-07-18T15:01:29Z</time><speed>0.000</speed><sat>15</sat></trkpt>
  <trkpt lat="26.42153667" lon="-80.16887333"><ele>10.637</ele><time>2026-07-18T15:01:30Z</time><speed>0.000</speed><sat>15</sat></trkpt>
  <trkpt lat="26.42153667" lon="-80.16887333"><ele>10.637</ele><time>2026-07-18T15:01:31Z</time><speed>0.000</speed><sat>14</sat></trkpt>
  <trkpt lat="26.42153667" lon="-80.16887333"><ele>10.637</ele><time>2026-07-18T15:01:32Z</time><speed>0.000</speed><sat>14</sat></trkpt>
  <trkpt lat="26.42153667" lon="-80.16887333"><ele>10.637</ele><time>2026-07-18T15:01:33Z</time><speed>0.000</speed><sat>14</sat></trkpt>
  <trkpt lat="26.42153667" lon="-80.16887333"><ele>10.637</ele><time>2026-07-18T15:01:34Z</time><speed>0.000</speed><sat>15</sat></trkpt>
  <trkpt lat="26.42153667" lon="-80.16887333"><ele>10.637</ele><time>2026-07-18T15:01:35Z</time><speed>0.000</speed><sat>15</sat></trkpt>
  <trkpt lat="26.42153667" lon="-80.16887333"><ele>10.637</ele><time>2026-07-18T15:01:36Z</time><speed>0.000</speed><sat>15</sat></trkpt>
  <trkpt lat="26.42153667" lon="-80.16887333"><ele>10.637</ele><time>2026-07-18T15:01:37Z</time><speed>0.000</speed><sat>15</sat></trkpt>
  <trkpt lat="26.42153667" lon="-80.16887333"><ele>10.637</ele><time>2026-07-18T15:01:38Z</time><speed>0.000</speed><sat>15</sat></trkpt>
  <trkpt lat="26.42153667" lon="-80.16887333"><ele>10.637</ele><time>2026-07-18T15:01:39Z</time><speed>0.000</speed><sat>15</sat></trkpt>
  <trkpt lat="26.42153667" lon="-80.16887333"><ele>10.637</ele><time>2026-07-18T15:01:40Z</time><speed>0.000</speed><sat>15</sat></trkpt>
  <trkpt lat="26.42153667" lon="-80.16887333"><ele>10.637</ele><time>2026-07-18T15:01:41Z</time><speed>0.000</speed><sat>15</sat></trkpt>
  <trkpt lat="26.42153667" lon="-80.16887333"><ele>10.637</ele><time>2026-07-18T15:01:42Z</time><speed>0.000</speed><sat>15</sat></trkpt>
  <trkpt lat="26.42153667" lon="-80.16887333"><ele>10.637</ele><time>2026-07-18T15:01:43Z</time><speed>0.000</speed><sat>15</sat></trkpt>
  <trkpt lat="26.42153667" lon="-80.16887333"><ele>10.637</ele><time>2026-07-18T15:01:44Z</time><speed>0.000</speed><sat>15</sat></trkpt>
  <trkpt lat="26.42153667" lon="-80.16887333"><ele>10.637</ele><time>2026-07-18T15:01:45Z</time><speed>0.000</speed><sat>15</sat></trkpt>
  <trkpt lat="26.42153667" lon="-80.16887333"><ele>10.637</ele><time>2026-07-18T15:01:46Z</time><speed>0.000</speed><sat>15</sat></trkpt>
  <trkpt lat="26.42153667" lon="-80.16887333"><ele>10.637</ele><time>2026-07-18T15:01:47Z</time><speed>0.000</speed><sat>15</sat></trkpt>
  <trkpt lat="26.42153667" lon="-80.16887333"><ele>10.637</ele><time>2026-07-18T15:01:48Z</time><speed>0.000</speed><sat>15</sat></trkpt>
  <trkpt lat="26.42153667" lon="-80.16887333"><ele>10.637</ele><time>2026-07-18T15:01:49Z</time><speed>0.000</speed><sat>15</sat></trkpt>
  <trkpt lat="26.42153667" lon="-80.16887333"><ele>10.637</ele><time>2026-07-18T15:01:50Z</time><speed>0.000</speed><sat>15</sat></trkpt>
  <trkpt lat="26.42153667" lon="-80.16887333"><ele>10.637</ele><time>2026-07-18T15:01:51Z</time><speed>0.000</speed><sat>15</sat></trkpt>
  <trkpt lat="26.42153667" lon="-80.16887333"><ele>10.637</ele><time>2026-07-18T15:01:52Z</time><speed>0.000</speed><sat>15</sat></trkpt>
  <trkpt lat="26.42153667" lon="-80.16887333"><ele>10.637</ele><time>2026-07-18T15:01:53Z</time><speed>0.000</speed><sat>15</sat></trkpt>
  <trkpt lat="26.42153667" lon="-80.16887333"><ele>10.637</ele><time>2026-07-18T15:01:54Z</time><speed>0.000</speed><sat>15</sat></trkpt>
  <trkpt lat="26.42153667" lon="-80.16887333"><ele>10.637</ele><time>2026-07-18T15:01:55Z</time><speed>0.000</speed><sat>15</sat></trkpt>
  <trkpt lat="26.42153667" lon="-80.16887333"><ele>10.637</ele><time>2026-07-18T15:01:56Z</time><speed>0.000</speed><sat>14</sat></trkpt>
  <trkpt lat="26.42153667" lon="-80.16887333"><ele>10.637</ele><time>2026-07-18T15:01:57Z</time><speed>0.000</speed><sat>14</sat></trkpt>
  <trkpt lat="26.42153667" lon="-80.16887333"><ele>10.637</ele><time>2026-07-18T15:01:58Z</time><speed>0.000</speed><sat>14</sat></trkpt>
  <trkpt lat="26.42153667" lon="-80.16887333"><ele>10.637</ele><time>2026-07-18T15:01:59Z</time><speed>0.000</speed><sat>14</sat></trkpt>
  <trkpt lat="26.42153667" lon="-80.16887333"><ele>10.637</ele><time>2026-07-18T15:02:00Z</time><speed>0.000</speed><sat>14</sat></trkpt>
  <trkpt lat="26.42153667" lon="-80.16887333"><ele>10.637</ele><time>2026-07-18T15:02:01Z</time><speed>0.000</speed><sat>14</sat></trkpt>
  <trkpt lat="26.42153667" lon="-80.16887333"><ele>10.637</ele><time>2026-07-18T15:02:02Z</time><speed>0.000</speed><sat>14</sat></trkpt>
  <trkpt lat="26.42153667" lon="-80.16887333"><ele>10.637</ele><time>2026-07-18T15:02:03Z</time><speed>0.000</speed><sat>14</sat></trkpt>
  <trkpt lat="26.42153667" lon="-80.16887333"><ele>10.637</ele><time>2026-07-18T15:02:04Z</time><speed>0.000</speed><sat>14</sat></trkpt>
  <trkpt lat="26.42153667" lon="-80.16887333"><ele>10.637</ele><time>2026-07-18T15:02:05Z</time><speed>0.000</speed><sat>14</sat></trkpt>
  <trkpt lat="26.42153667" lon="-80.16887333"><ele>10.637</ele><time>2026-07-18T15:02:06Z</time><speed>0.000</speed><sat>14</sat></trkpt>
  <trkpt lat="26.42153667" lon="-80.16887333"><ele>10.637</ele><time>2026-07-18T15:02:07Z</time><speed>0.000</speed><sat>14</sat></trkpt>
  <trkpt lat="26.42153667" lon="-80.16887333"><ele>10.637</ele><time>2026-07-18T15:02:08Z</time><speed>0.000</speed><sat>14</sat></trkpt>
  <trkpt lat="26.42153667" lon="-80.16887333"><ele>10.637</ele><time>2026-07-18T15:02:09Z</time><speed>0.000</speed><sat>14</sat></trkpt>
  <trkpt lat="26.42153667" lon="-80.16887333"><ele>10.637</ele><time>2026-07-18T15:02:10Z</time><speed>0.000</speed><sat>14</sat></trkpt>
  <trkpt lat="26.42153667" lon="-80.16887333"><ele>10.637</ele><time>2026-07-18T15:02:11Z</time><speed>0.000</speed><sat>14</sat></trkpt>
  <trkpt lat="26.42153667" lon="-80.16887333"><ele>10.637</ele><time>2026-07-18T15:02:12Z</time><speed>0.000</speed><sat>14</sat></trkpt>
  <trkpt lat="26.42153667" lon="-80.16887333"><ele>10.637</ele><time>2026-07-18T15:02:13Z</time><speed>0.000</speed><sat>14</sat></trkpt>
  <trkpt lat="26.42153667" lon="-80.16887333"><ele>10.637</ele><time>2026-07-18T15:02:14Z</time><speed>0.000</speed><sat>14</sat></trkpt>
  <trkpt lat="26.42153667" lon="-80.16887333"><ele>10.637</ele><time>2026-07-18T15:02:15Z</time><speed>0.000</speed><sat>14</sat></trkpt>
  <trkpt lat="26.42153667" lon="-80.16887333"><ele>10.637</ele><time>2026-07-18T15:02:16Z</time><speed>0.000</speed><sat>14</sat></trkpt>
  <trkpt lat="26.42153667" lon="-80.16887333"><ele>10.637</ele><time>2026-07-18T15:02:17Z</time><speed>0.000</speed><sat>14</sat></trkpt>
  <trkpt lat="26.42153667" lon="-80.16887333"><ele>10.637</ele><time>2026-07-18T15:02:18Z</time><speed>0.000</speed><sat>14</sat></trkpt>
  <trkpt lat="26.42153667" lon="-80.16887333"><ele>10.637</ele><time>2026-07-18T15:02:19Z</time><speed>0.000</speed><sat>14</sat></trkpt>
  <trkpt lat="26.42153667" lon="-80.16887333"><ele>10.637</ele><time>2026-07-18T15:02:20Z</time><speed>0.000</speed><sat>14</sat></trkpt>
  <trkpt lat="26.42153667" lon="-80.16887333"><ele>10.637</ele><time>2026-07-18T15:02:21Z</time><speed>0.000</speed><sat>14</sat></trkpt>
  <trkpt lat="26.42153667" lon="-80.16887333"><ele>10.637</ele><time>2026-07-18T15:02:22Z</time><speed>0.000</speed><sat>14</sat></trkpt>
  <trkpt lat="26.42153667" lon="-80.16887333"><ele>10.637</ele><time>2026-07-18T15:02:23Z</time><speed>0.000</speed><sat>14</sat></trkpt>
  <trkpt lat="26.42153667" lon="-80.16887333"><ele>10.637</ele><time>2026-07-18T15:02:24Z</time><speed>0.000</speed><sat>14</sat></trkpt>
  <trkpt lat="26.42153667" lon="-80.16887333"><ele>10.637</ele><time>2026-07-18T15:02:25Z</time><speed>0.000</speed><sat>14</sat></trkpt>
  <trkpt lat="26.42153667" lon="-80.16887333"><ele>10.637</ele><time>2026-07-18T15:02:26Z</time><speed>0.000</speed><sat>14</sat></trkpt>
  <trkpt lat="26.42153667" lon="-80.16887333"><ele>10.637</ele><time>2026-07-18T15:02:27Z</time><speed>0.000</speed><sat>14</sat></trkpt>
  <trkpt lat="26.42153667" lon="-80.16887333"><ele>10.637</ele><time>2026-07-18T15:02:28Z</time><speed>0.000</speed><sat>14</sat></trkpt>
  <trkpt lat="26.42153667" lon="-80.16887333"><ele>10.637</ele><time>2026-07-18T15:02:29Z</time><speed>0.000</speed><sat>14</sat></trkpt>
  <trkpt lat="26.42153667" lon="-80.16887333"><ele>10.637</ele><time>2026-07-18T15:02:30Z</time><speed>0.000</speed><sat>14</sat></trkpt>
  <trkpt lat="26.42153667" lon="-80.16887333"><ele>10.637</ele><time>2026-07-18T15:02:31Z</time><speed>0.000</speed><sat>14</sat></trkpt>
  <trkpt lat="26.42153667" lon="-80.16887333"><ele>10.637</ele><time>2026-07-18T15:02:32Z</time><speed>0.000</speed><sat>14</sat></trkpt>
  <trkpt lat="26.42153667" lon="-80.16887333"><ele>10.637</ele><time>2026-07-18T15:02:33Z</time><speed>0.000</speed><sat>14</sat></trkpt>
  <trkpt lat="26.42153667" lon="-80.16887333"><ele>10.637</ele><time>2026-07-18T15:02:34Z</time><speed>0.000</speed><sat>14</sat></trkpt>
  <trkpt lat="26.42153667" lon="-80.16887333"><ele>10.637</ele><time>2026-07-18T15:02:35Z</time><speed>0.000</speed><sat>14</sat></trkpt>
  <trkpt lat="26.42153667" lon="-80.16887333"><ele>10.637</ele><time>2026-07-18T15:02:36Z</time><speed>0.000</speed><sat>14</sat></trkpt>
  <trkpt lat="26.42153667" lon="-80.16887333"><ele>10.637</ele><time>2026-07-18T15:02:37Z</time><speed>0.000</speed><sat>14</sat></trkpt>
  <trkpt lat="26.42153667" lon="-80.16887333"><ele>10.637</ele><time>2026-07-18T15:02:38Z</time><speed>0.000</speed><sat>14</sat></trkpt>
  <trkpt lat="26.42153667" lon="-80.16887333"><ele>10.637</ele><time>2026-07-18T15:02:39Z</time><speed>0.000</speed><sat>14</sat></trkpt>
  <trkpt lat="26.42153667" lon="-80.16887333"><ele>10.637</ele><time>2026-07-18T15:02:40Z</time><speed>0.000</speed><sat>14</sat></trkpt>
  <trkpt lat="26.42153667" lon="-80.16887333"><ele>10.637</ele><time>2026-07-18T15:02:41Z</time><speed>0.000</speed><sat>14</sat></trkpt>
  <trkpt lat="26.42153667" lon="-80.16887333"><ele>10.637</ele><time>2026-07-18T15:02:42Z</time><speed>0.000</speed><sat>14</sat></trkpt>
  <trkpt lat="26.42153667" lon="-80.16887333"><ele>10.637</ele><time>2026-07-18T15:02:43Z</time><speed>0.000</speed><sat>14</sat></trkpt>
  <trkpt lat="26.42153667" lon="-80.16887333"><ele>10.637</ele><time>2026-07-18T15:02:44Z</time><speed>0.000</speed><sat>14</sat></trkpt>
  <trkpt lat="26.42153667" lon="-80.16887333"><ele>10.637</ele><time>2026-07-18T15:02:45Z</time><speed>0.000</speed><sat>14</sat></trkpt>
  <trkpt lat="26.42153667" lon="-80.16887333"><ele>10.637</ele><time>2026-07-18T15:02:46Z</time><speed>0.000</speed><sat>13</sat></trkpt>
  <trkpt lat="26.42153667" lon="-80.16887333"><ele>10.637</ele><time>2026-07-18T15:02:47Z</time><speed>0.000</speed><sat>13</sat></trkpt>
  <trkpt lat="26.42153667" lon="-80.16887333"><ele>10.637</ele><time>2026-07-18T15:02:48Z</time><speed>0.000</speed><sat>14</sat></trkpt>
  <trkpt lat="26.42153667" lon="-80.16887333"><ele>10.637</ele><time>2026-07-18T15:02:49Z</time><speed>0.000</speed><sat>14</sat></trkpt>
  <trkpt lat="26.42153667" lon="-80.16887333"><ele>10.637</ele><time>2026-07-18T15:02:50Z</time><speed>0.000</speed><sat>14</sat></trkpt>
  <trkpt lat="26.42153667" lon="-80.16887333"><ele>10.637</ele><time>2026-07-18T15:02:51Z</time><speed>0.000</speed><sat>14</sat></trkpt>
  <trkpt lat="26.42153667" lon="-80.16887333"><ele>10.637</ele><time>2026-07-18T15:02:52Z</time><speed>0.000</speed><sat>14</sat></trkpt>
  <trkpt lat="26.42153667" lon="-80.16887333"><ele>10.637</ele><time>2026-07-18T15:02:53Z</time><speed>0.000</speed><sat>14</sat></trkpt>
  <trkpt lat="26.42153667" lon="-80.16887333"><ele>10.637</ele><time>2026-07-18T15:02:54Z</time><speed>0.000</speed><sat>14</sat></trkpt>
  <trkpt lat="26.42153667" lon="-80.16887333"><ele>10.637</ele><time>2026-07-18T15:02:55Z</time><speed>0.000</speed><sat>14</sat></trkpt>
  <trkpt lat="26.42153667" lon="-80.16887333"><ele>10.637</ele><time>2026-07-18T15:02:56Z</time><speed>0.000</speed><sat>14</sat></trkpt>
  <trkpt lat="26.42153667" lon="-80.16887333"><ele>10.637</ele><time>2026-07-18T15:02:57Z</time><speed>0.000</speed><sat>14</sat></trkpt>
  <trkpt lat="26.42153667" lon="-80.16887333"><ele>10.637</ele><time>2026-07-18T15:02:58Z</time><speed>0.000</speed><sat>14</sat></trkpt>
  <trkpt lat="26.42153667" lon="-80.16887333"><ele>10.637</ele><time>2026-07-18T15:02:59Z</time><speed>0.000</speed><sat>14</sat></trkpt>
  <trkpt lat="26.42153667" lon="-80.16887333"><ele>10.637</ele><time>2026-07-18T15:03:00Z</time><speed>0.000</speed><sat>14</sat></trkpt>
  <trkpt lat="26.42153667" lon="-80.16887333"><ele>10.637</ele><time>2026-07-18T15:03:01Z</time><speed>0.000</speed><sat>14</sat></trkpt>
  <trkpt lat="26.42153667" lon="-80.16887333"><ele>10.637</ele><time>2026-07-18T15:03:02Z</time><speed>0.000</speed><sat>14</sat></trkpt>
  <trkpt lat="26.42153667" lon="-80.16887333"><ele>10.637</ele><time>2026-07-18T15:03:03Z</time><speed>0.000</speed><sat>14</sat></trkpt>
  <trkpt lat="26.42153667" lon="-80.16887333"><ele>10.637</ele><time>2026-07-18T15:03:04Z</time><speed>0.000</speed><sat>14</sat></trkpt>
  <trkpt lat="26.42153667" lon="-80.16887333"><ele>10.637</ele><time>2026-07-18T15:03:05Z</time><speed>0.000</speed><sat>14</sat></trkpt>
  <trkpt lat="26.42153667" lon="-80.16887333"><ele>10.637</ele><time>2026-07-18T15:03:06Z</time><speed>0.000</speed><sat>14</sat></trkpt>
  <trkpt lat="26.42153667" lon="-80.16887333"><ele>10.637</ele><time>2026-07-18T15:03:07Z</time><speed>0.000</speed><sat>14</sat></trkpt>
  <trkpt lat="26.42153667" lon="-80.16887333"><ele>10.637</ele><time>2026-07-18T15:03:08Z</time><speed>0.000</speed><sat>14</sat></trkpt>
  <trkpt lat="26.42153667" lon="-80.16887333"><ele>10.637</ele><time>2026-07-18T15:03:09Z</time><speed>0.000</speed><sat>14</sat></trkpt>
  <trkpt lat="26.42153667" lon="-80.16887333"><ele>10.637</ele><time>2026-07-18T15:03:10Z</time><speed>0.000</speed><sat>14</sat></trkpt>
  <trkpt lat="26.42153667" lon="-80.16887333"><ele>10.637</ele><time>2026-07-18T15:03:11Z</time><speed>0.000</speed><sat>14</sat></trkpt>
  <trkpt lat="26.42153667" lon="-80.16887333"><ele>10.637</ele><time>2026-07-18T15:03:12Z</time><speed>0.000</speed><sat>14</sat></trkpt>
  <trkpt lat="26.42153667" lon="-80.16887333"><ele>10.637</ele><time>2026-07-18T15:03:13Z</time><speed>0.000</speed><sat>14</sat></trkpt>
  <trkpt lat="26.42153667" lon="-80.16887333"><ele>10.637</ele><time>2026-07-18T15:03:14Z</time><speed>0.000</speed><sat>14</sat></trkpt>
  <trkpt lat="26.42153667" lon="-80.16887333"><ele>10.637</ele><time>2026-07-18T15:03:15Z</time><speed>0.000</speed><sat>14</sat></trkpt>
  <trkpt lat="26.42153667" lon="-80.16887333"><ele>10.637</ele><time>2026-07-18T15:03:16Z</time><speed>0.000</speed><sat>14</sat></trkpt>
  <trkpt lat="26.42153667" lon="-80.16887333"><ele>10.637</ele><time>2026-07-18T15:03:17Z</time><speed>0.000</speed><sat>14</sat></trkpt>
  <trkpt lat="26.42153667" lon="-80.16887333"><ele>10.637</ele><time>2026-07-18T15:03:18Z</time><speed>0.000</speed><sat>14</sat></trkpt>
  <trkpt lat="26.42153667" lon="-80.16887333"><ele>10.637</ele><time>2026-07-18T15:03:19Z</time><speed>0.000</speed><sat>14</sat></trkpt>
  <trkpt lat="26.42157833" lon="-80.16891167"><ele>12.337</ele><time>2026-07-18T15:03:20Z</time><speed>0.267</speed><sat>14</sat></trkpt>
  <trkpt lat="26.42157833" lon="-80.16891167"><ele>12.137</ele><time>2026-07-18T15:03:21Z</time><speed>0.000</speed><sat>14</sat></trkpt>
  <trkpt lat="26.42158000" lon="-80.16891167"><ele>11.937</ele><time>2026-07-18T15:03:22Z</time><speed>0.000</speed><sat>14</sat></trkpt>
  <trkpt lat="26.42157833" lon="-80.16891333"><ele>11.637</ele><time>2026-07-18T15:03:23Z</time><speed>0.000</speed><sat>14</sat></trkpt>
  <trkpt lat="26.42157833" lon="-80.16891333"><ele>11.637</ele><time>2026-07-18T15:03:24Z</time><speed>0.000</speed><sat>14</sat></trkpt>
  <trkpt lat="26.42157833" lon="-80.16891333"><ele>11.637</ele><time>2026-07-18T15:03:25Z</time><speed>0.000</speed><sat>14</sat></trkpt>
  <trkpt lat="26.42157833" lon="-80.16891333"><ele>11.637</ele><time>2026-07-18T15:03:26Z</time><speed>0.000</speed><sat>14</sat></trkpt>
  <trkpt lat="26.42157833" lon="-80.16891333"><ele>11.637</ele><time>2026-07-18T15:03:27Z</time><speed>0.000</speed><sat>14</sat></trkpt>
  <trkpt lat="26.42157833" lon="-80.16891333"><ele>11.637</ele><time>2026-07-18T15:03:28Z</time><speed>0.000</speed><sat>14</sat></trkpt>
  <trkpt lat="26.42157833" lon="-80.16891333"><ele>11.637</ele><time>2026-07-18T15:03:29Z</time><speed>0.000</speed><sat>14</sat></trkpt>
  <trkpt lat="26.42157833" lon="-80.16891333"><ele>11.637</ele><time>2026-07-18T15:03:30Z</time><speed>0.000</speed><sat>13</sat></trkpt>
  <trkpt lat="26.42157833" lon="-80.16891333"><ele>11.637</ele><time>2026-07-18T15:03:31Z</time><speed>0.000</speed><sat>13</sat></trkpt>
  <trkpt lat="26.42157833" lon="-80.16891333"><ele>11.637</ele><time>2026-07-18T15:03:32Z</time><speed>0.000</speed><sat>13</sat></trkpt>
  <trkpt lat="26.42157833" lon="-80.16891333"><ele>11.637</ele><time>2026-07-18T15:03:33Z</time><speed>0.000</speed><sat>13</sat></trkpt>
  <trkpt lat="26.42157833" lon="-80.16891333"><ele>11.637</ele><time>2026-07-18T15:03:34Z</time><speed>0.000</speed><sat>13</sat></trkpt>
  <trkpt lat="26.42157833" lon="-80.16891333"><ele>11.637</ele><time>2026-07-18T15:03:35Z</time><speed>0.000</speed><sat>14</sat></trkpt>
  <trkpt lat="26.42157833" lon="-80.16891333"><ele>11.637</ele><time>2026-07-18T15:03:36Z</time><speed>0.000</speed><sat>14</sat></trkpt>
  <trkpt lat="26.42157833" lon="-80.16891333"><ele>11.637</ele><time>2026-07-18T15:03:37Z</time><speed>0.000</speed><sat>14</sat></trkpt>
  <trkpt lat="26.42157833" lon="-80.16891333"><ele>11.637</ele><time>2026-07-18T15:03:38Z</time><speed>0.000</speed><sat>14</sat></trkpt>
  <trkpt lat="26.42157833" lon="-80.16891333"><ele>11.637</ele><time>2026-07-18T15:03:39Z</time><speed>0.000</speed><sat>14</sat></trkpt>
  <trkpt lat="26.42157833" lon="-80.16891333"><ele>11.637</ele><time>2026-07-18T15:03:40Z</time><speed>0.000</speed><sat>14</sat></trkpt>
  <trkpt lat="26.42157833" lon="-80.16891333"><ele>11.637</ele><time>2026-07-18T15:03:41Z</time><speed>0.000</speed><sat>14</sat></trkpt>
  <trkpt lat="26.42157833" lon="-80.16891333"><ele>11.637</ele><time>2026-07-18T15:03:42Z</time><speed>0.000</speed><sat>14</sat></trkpt>
  <trkpt lat="26.42157833" lon="-80.16891333"><ele>11.637</ele><time>2026-07-18T15:03:43Z</time><speed>0.000</speed><sat>14</sat></trkpt>
  <trkpt lat="26.42157833" lon="-80.16891333"><ele>11.637</ele><time>2026-07-18T15:03:44Z</time><speed>0.000</speed><sat>14</sat></trkpt>
  <trkpt lat="26.42157833" lon="-80.16891333"><ele>11.637</ele><time>2026-07-18T15:03:45Z</time><speed>0.000</speed><sat>14</sat></trkpt>
  <trkpt lat="26.42157833" lon="-80.16891333"><ele>11.637</ele><time>2026-07-18T15:03:46Z</time><speed>0.000</speed><sat>14</sat></trkpt>
  <trkpt lat="26.42157833" lon="-80.16891333"><ele>11.637</ele><time>2026-07-18T15:03:47Z</time><speed>0.000</speed><sat>14</sat></trkpt>
  <trkpt lat="26.42157833" lon="-80.16891333"><ele>11.637</ele><time>2026-07-18T15:03:48Z</time><speed>0.000</speed><sat>14</sat></trkpt>
  <trkpt lat="26.42157833" lon="-80.16891333"><ele>11.637</ele><time>2026-07-18T15:03:49Z</time><speed>0.000</speed><sat>14</sat></trkpt>
  <trkpt lat="26.42157833" lon="-80.16891333"><ele>11.637</ele><time>2026-07-18T15:03:50Z</time><speed>0.000</speed><sat>14</sat></trkpt>
  <trkpt lat="26.42157833" lon="-80.16891333"><ele>11.637</ele><time>2026-07-18T15:03:51Z</time><speed>0.000</speed><sat>14</sat></trkpt>
  <trkpt lat="26.42157833" lon="-80.16891333"><ele>11.637</ele><time>2026-07-18T15:03:52Z</time><speed>0.000</speed><sat>14</sat></trkpt>
  <trkpt lat="26.42157833" lon="-80.16891333"><ele>11.637</ele><time>2026-07-18T15:03:53Z</time><speed>0.000</speed><sat>14</sat></trkpt>
  <trkpt lat="26.42157833" lon="-80.16891333"><ele>11.637</ele><time>2026-07-18T15:03:54Z</time><speed>0.000</speed><sat>14</sat></trkpt>
  <trkpt lat="26.42157833" lon="-80.16891333"><ele>11.637</ele><time>2026-07-18T15:03:55Z</time><speed>0.000</speed><sat>14</sat></trkpt>
  <trkpt lat="26.42157833" lon="-80.16891333"><ele>11.637</ele><time>2026-07-18T15:03:56Z</time><speed>0.000</speed><sat>14</sat></trkpt>
  <trkpt lat="26.42157833" lon="-80.16891333"><ele>11.637</ele><time>2026-07-18T15:03:57Z</time><speed>0.000</speed><sat>14</sat></trkpt>
  <trkpt lat="26.42157833" lon="-80.16891333"><ele>11.637</ele><time>2026-07-18T15:03:58Z</time><speed>0.000</speed><sat>14</sat></trkpt>
  <trkpt lat="26.42157833" lon="-80.16891333"><ele>11.637</ele><time>2026-07-18T15:03:59Z</time><speed>0.000</speed><sat>13</sat></trkpt>
  <trkpt lat="26.42157833" lon="-80.16891333"><ele>11.637</ele><time>2026-07-18T15:04:00Z</time><speed>0.000</speed><sat>13</sat></trkpt>
  <trkpt lat="26.42157833" lon="-80.16891333"><ele>11.637</ele><time>2026-07-18T15:04:01Z</time><speed>0.000</speed><sat>13</sat></trkpt>
  <trkpt lat="26.42157833" lon="-80.16891333"><ele>11.637</ele><time>2026-07-18T15:04:02Z</time><speed>0.000</speed><sat>13</sat></trkpt>
  <trkpt lat="26.42157833" lon="-80.16891333"><ele>11.637</ele><time>2026-07-18T15:04:03Z</time><speed>0.000</speed><sat>13</sat></trkpt>
  <trkpt lat="26.42157833" lon="-80.16891333"><ele>11.637</ele><time>2026-07-18T15:04:04Z</time><speed>0.000</speed><sat>13</sat></trkpt>
  <trkpt lat="26.42157833" lon="-80.16891333"><ele>11.637</ele><time>2026-07-18T15:04:05Z</time><speed>0.000</speed><sat>13</sat></trkpt>
  <trkpt lat="26.42157833" lon="-80.16891333"><ele>11.637</ele><time>2026-07-18T15:04:06Z</time><speed>0.000</speed><sat>14</sat></trkpt>
  <trkpt lat="26.42157833" lon="-80.16891333"><ele>11.637</ele><time>2026-07-18T15:04:07Z</time><speed>0.000</speed><sat>14</sat></trkpt>
  <trkpt lat="26.42157833" lon="-80.16891333"><ele>11.637</ele><time>2026-07-18T15:04:08Z</time><speed>0.000</speed><sat>14</sat></trkpt>
  <trkpt lat="26.42157333" lon="-80.16889833"><ele>6.737</ele><time>2026-07-18T15:04:09Z</time><speed>0.266</speed><sat>14</sat></trkpt>
  <trkpt lat="26.42157333" lon="-80.16890333"><ele>6.437</ele><time>2026-07-18T15:04:10Z</time><speed>0.328</speed><sat>14</sat></trkpt>
  <trkpt lat="26.42157500" lon="-80.16890667"><ele>6.137</ele><time>2026-07-18T15:04:11Z</time><speed>0.366</speed><sat>14</sat></trkpt>
  <trkpt lat="26.42157833" lon="-80.16891167"><ele>5.737</ele><time>2026-07-18T15:04:12Z</time><speed>0.400</speed><sat>14</sat></trkpt>
  <trkpt lat="26.42158167" lon="-80.16891667"><ele>5.637</ele><time>2026-07-18T15:04:13Z</time><speed>0.449</speed><sat>14</sat></trkpt>
  <trkpt lat="26.42158500" lon="-80.16891333"><ele>5.437</ele><time>2026-07-18T15:04:14Z</time><speed>0.425</speed><sat>14</sat></trkpt>
  <trkpt lat="26.42158500" lon="-80.16890833"><ele>5.437</ele><time>2026-07-18T15:04:15Z</time><speed>0.439</speed><sat>14</sat></trkpt>
  <trkpt lat="26.42158333" lon="-80.16890167"><ele>5.537</ele><time>2026-07-18T15:04:16Z</time><speed>0.414</speed><sat>14</sat></trkpt>
  <trkpt lat="26.42158333" lon="-80.16890167"><ele>5.737</ele><time>2026-07-18T15:04:17Z</time><speed>0.000</speed><sat>14</sat></trkpt>
  <trkpt lat="26.42158000" lon="-80.16890167"><ele>5.937</ele><time>2026-07-18T15:04:18Z</time><speed>0.000</speed><sat>14</sat></trkpt>
  <trkpt lat="26.42157667" lon="-80.16890333"><ele>6.337</ele><time>2026-07-18T15:04:19Z</time><speed>0.000</speed><sat>14</sat></trkpt>
  <trkpt lat="26.42157667" lon="-80.16890333"><ele>6.337</ele><time>2026-07-18T15:04:20Z</time><speed>0.000</speed><sat>14</sat></trkpt>
  <trkpt lat="26.42157667" lon="-80.16890333"><ele>6.337</ele><time>2026-07-18T15:04:21Z</time><speed>0.000</speed><sat>14</sat></trkpt>
  <trkpt lat="26.42157667" lon="-80.16890333"><ele>6.337</ele><time>2026-07-18T15:04:22Z</time><speed>0.000</speed><sat>14</sat></trkpt>
  <trkpt lat="26.42157667" lon="-80.16890333"><ele>6.337</ele><time>2026-07-18T15:04:23Z</time><speed>0.000</speed><sat>14</sat></trkpt>
  <trkpt lat="26.42157667" lon="-80.16890333"><ele>6.337</ele><time>2026-07-18T15:04:24Z</time><speed>0.000</speed><sat>14</sat></trkpt>
  <trkpt lat="26.42157667" lon="-80.16890333"><ele>6.337</ele><time>2026-07-18T15:04:25Z</time><speed>0.000</speed><sat>14</sat></trkpt>
  <trkpt lat="26.42157667" lon="-80.16890333"><ele>6.337</ele><time>2026-07-18T15:04:26Z</time><speed>0.000</speed><sat>14</sat></trkpt>
  <trkpt lat="26.42157667" lon="-80.16890333"><ele>6.337</ele><time>2026-07-18T15:04:27Z</time><speed>0.000</speed><sat>14</sat></trkpt>
  <trkpt lat="26.42157667" lon="-80.16890333"><ele>6.337</ele><time>2026-07-18T15:04:28Z</time><speed>0.000</speed><sat>14</sat></trkpt>
  <trkpt lat="26.42157667" lon="-80.16890333"><ele>6.337</ele><time>2026-07-18T15:04:29Z</time><speed>0.000</speed><sat>14</sat></trkpt>
  <trkpt lat="26.42157667" lon="-80.16890333"><ele>6.337</ele><time>2026-07-18T15:04:30Z</time><speed>0.000</speed><sat>14</sat></trkpt>
  <trkpt lat="26.42157667" lon="-80.16890333"><ele>6.337</ele><time>2026-07-18T15:04:31Z</time><speed>0.000</speed><sat>14</sat></trkpt>
  <trkpt lat="26.42157667" lon="-80.16890333"><ele>6.337</ele><time>2026-07-18T15:04:32Z</time><speed>0.000</speed><sat>14</sat></trkpt>
  <trkpt lat="26.42157667" lon="-80.16890333"><ele>6.337</ele><time>2026-07-18T15:04:33Z</time><speed>0.000</speed><sat>14</sat></trkpt>
  <trkpt lat="26.42157667" lon="-80.16890333"><ele>6.337</ele><time>2026-07-18T15:04:34Z</time><speed>0.000</speed><sat>14</sat></trkpt>
  <trkpt lat="26.42157667" lon="-80.16890333"><ele>6.337</ele><time>2026-07-18T15:04:35Z</time><speed>0.000</speed><sat>14</sat></trkpt>
  <trkpt lat="26.42157667" lon="-80.16890333"><ele>6.337</ele><time>2026-07-18T15:04:36Z</time><speed>0.000</speed><sat>14</sat></trkpt>
  <trkpt lat="26.42157667" lon="-80.16890333"><ele>6.337</ele><time>2026-07-18T15:04:37Z</time><speed>0.000</speed><sat>14</sat></trkpt>
  <trkpt lat="26.42157667" lon="-80.16890333"><ele>6.337</ele><time>2026-07-18T15:04:38Z</time><speed>0.000</speed><sat>14</sat></trkpt>
  <trkpt lat="26.42157667" lon="-80.16890333"><ele>6.337</ele><time>2026-07-18T15:04:39Z</time><speed>0.000</speed><sat>14</sat></trkpt>
  <trkpt lat="26.42157667" lon="-80.16890333"><ele>6.337</ele><time>2026-07-18T15:04:40Z</time><speed>0.000</speed><sat>14</sat></trkpt>
  <trkpt lat="26.42157667" lon="-80.16890333"><ele>6.337</ele><time>2026-07-18T15:04:41Z</time><speed>0.000</speed><sat>14</sat></trkpt>
  <trkpt lat="26.42157667" lon="-80.16890333"><ele>6.337</ele><time>2026-07-18T15:04:42Z</time><speed>0.000</speed><sat>14</sat></trkpt>
  <trkpt lat="26.42157667" lon="-80.16890333"><ele>6.337</ele><time>2026-07-18T15:04:43Z</time><speed>0.000</speed><sat>13</sat></trkpt>
  <trkpt lat="26.42157667" lon="-80.16890333"><ele>6.337</ele><time>2026-07-18T15:04:44Z</time><speed>0.000</speed><sat>13</sat></trkpt>
  <trkpt lat="26.42157667" lon="-80.16890333"><ele>6.337</ele><time>2026-07-18T15:04:45Z</time><speed>0.000</speed><sat>13</sat></trkpt>
  <trkpt lat="26.42157667" lon="-80.16890333"><ele>6.337</ele><time>2026-07-18T15:04:46Z</time><speed>0.000</speed><sat>12</sat></trkpt>
  <trkpt lat="26.42157667" lon="-80.16890333"><ele>6.337</ele><time>2026-07-18T15:04:47Z</time><speed>0.000</speed><sat>12</sat></trkpt>
  <trkpt lat="26.42157667" lon="-80.16890333"><ele>6.337</ele><time>2026-07-18T15:04:48Z</time><speed>0.000</speed><sat>12</sat></trkpt>
  <trkpt lat="26.42157667" lon="-80.16890333"><ele>6.337</ele><time>2026-07-18T15:04:49Z</time><speed>0.000</speed><sat>13</sat></trkpt>
  <trkpt lat="26.42157667" lon="-80.16890333"><ele>6.337</ele><time>2026-07-18T15:04:50Z</time><speed>0.000</speed><sat>13</sat></trkpt>
  <trkpt lat="26.42157667" lon="-80.16890333"><ele>6.337</ele><time>2026-07-18T15:04:51Z</time><speed>0.000</speed><sat>13</sat></trkpt>
  <trkpt lat="26.42157667" lon="-80.16890333"><ele>6.337</ele><time>2026-07-18T15:04:52Z</time><speed>0.000</speed><sat>13</sat></trkpt>
  <trkpt lat="26.42157667" lon="-80.16890333"><ele>6.337</ele><time>2026-07-18T15:04:53Z</time><speed>0.000</speed><sat>13</sat></trkpt>
  <trkpt lat="26.42157667" lon="-80.16890333"><ele>6.337</ele><time>2026-07-18T15:04:54Z</time><speed>0.000</speed><sat>13</sat></trkpt>
  <trkpt lat="26.42157667" lon="-80.16890333"><ele>6.337</ele><time>2026-07-18T15:04:55Z</time><speed>0.000</speed><sat>13</sat></trkpt>
  <trkpt lat="26.42157667" lon="-80.16890333"><ele>6.337</ele><time>2026-07-18T15:04:56Z</time><speed>0.000</speed><sat>13</sat></trkpt>
  <trkpt lat="26.42157667" lon="-80.16890333"><ele>6.337</ele><time>2026-07-18T15:04:57Z</time><speed>0.000</speed><sat>13</sat></trkpt>
  <trkpt lat="26.42157667" lon="-80.16890333"><ele>6.337</ele><time>2026-07-18T15:04:58Z</time><speed>0.000</speed><sat>13</sat></trkpt>
  <trkpt lat="26.42157667" lon="-80.16890333"><ele>6.337</ele><time>2026-07-18T15:04:59Z</time><speed>0.000</speed><sat>13</sat></trkpt>
  <trkpt lat="26.42157667" lon="-80.16890333"><ele>6.337</ele><time>2026-07-18T15:05:00Z</time><speed>0.000</speed><sat>13</sat></trkpt>
  <trkpt lat="26.42157667" lon="-80.16890333"><ele>6.337</ele><time>2026-07-18T15:05:01Z</time><speed>0.000</speed><sat>13</sat></trkpt>
  <trkpt lat="26.42157667" lon="-80.16890333"><ele>6.337</ele><time>2026-07-18T15:05:02Z</time><speed>0.000</speed><sat>13</sat></trkpt>
  <trkpt lat="26.42157667" lon="-80.16890333"><ele>6.337</ele><time>2026-07-18T15:05:03Z</time><speed>0.000</speed><sat>13</sat></trkpt>
  <trkpt lat="26.42157667" lon="-80.16890333"><ele>6.337</ele><time>2026-07-18T15:05:04Z</time><speed>0.000</speed><sat>13</sat></trkpt>
  <trkpt lat="26.42157667" lon="-80.16890333"><ele>6.337</ele><time>2026-07-18T15:05:05Z</time><speed>0.000</speed><sat>12</sat></trkpt>
  <trkpt lat="26.42157667" lon="-80.16890333"><ele>6.337</ele><time>2026-07-18T15:05:06Z</time><speed>0.000</speed><sat>13</sat></trkpt>
  <trkpt lat="26.42157667" lon="-80.16890333"><ele>6.337</ele><time>2026-07-18T15:05:07Z</time><speed>0.000</speed><sat>13</sat></trkpt>
  <trkpt lat="26.42157667" lon="-80.16890333"><ele>6.337</ele><time>2026-07-18T15:05:08Z</time><speed>0.000</speed><sat>13</sat></trkpt>
  <trkpt lat="26.42157667" lon="-80.16890333"><ele>6.337</ele><time>2026-07-18T15:05:09Z</time><speed>0.000</speed><sat>13</sat></trkpt>
  <trkpt lat="26.42157667" lon="-80.16890333"><ele>6.337</ele><time>2026-07-18T15:05:10Z</time><speed>0.000</speed><sat>13</sat></trkpt>
  <trkpt lat="26.42157667" lon="-80.16890333"><ele>6.337</ele><time>2026-07-18T15:05:11Z</time><speed>0.000</speed><sat>13</sat></trkpt>
  <trkpt lat="26.42157667" lon="-80.16890333"><ele>6.337</ele><time>2026-07-18T15:05:12Z</time><speed>0.000</speed><sat>13</sat></trkpt>
  <trkpt lat="26.42157667" lon="-80.16890333"><ele>6.337</ele><time>2026-07-18T15:05:13Z</time><speed>0.000</speed><sat>13</sat></trkpt>
  <trkpt lat="26.42157667" lon="-80.16890333"><ele>6.337</ele><time>2026-07-18T15:05:14Z</time><speed>0.000</speed><sat>13</sat></trkpt>
  <trkpt lat="26.42157667" lon="-80.16890333"><ele>6.337</ele><time>2026-07-18T15:05:15Z</time><speed>0.000</speed><sat>13</sat></trkpt>
  <trkpt lat="26.42157667" lon="-80.16890333"><ele>6.337</ele><time>2026-07-18T15:05:16Z</time><speed>0.000</speed><sat>13</sat></trkpt>
  <trkpt lat="26.42157667" lon="-80.16890333"><ele>6.337</ele><time>2026-07-18T15:05:17Z</time><speed>0.000</speed><sat>14</sat></trkpt>
  <trkpt lat="26.42157667" lon="-80.16890333"><ele>6.337</ele><time>2026-07-18T15:05:18Z</time><speed>0.000</speed><sat>15</sat></trkpt>
  <trkpt lat="26.42157667" lon="-80.16890333"><ele>6.337</ele><time>2026-07-18T15:05:19Z</time><speed>0.000</speed><sat>15</sat></trkpt>
  <trkpt lat="26.42157667" lon="-80.16890333"><ele>6.337</ele><time>2026-07-18T15:05:20Z</time><speed>0.000</speed><sat>15</sat></trkpt>
  <trkpt lat="26.42157667" lon="-80.16890333"><ele>6.337</ele><time>2026-07-18T15:05:21Z</time><speed>0.000</speed><sat>15</sat></trkpt>
  <trkpt lat="26.42157667" lon="-80.16890333"><ele>6.337</ele><time>2026-07-18T15:05:22Z</time><speed>0.000</speed><sat>15</sat></trkpt>
  <trkpt lat="26.42157667" lon="-80.16890333"><ele>6.337</ele><time>2026-07-18T15:05:23Z</time><speed>0.000</speed><sat>15</sat></trkpt>
  <trkpt lat="26.42157667" lon="-80.16890333"><ele>6.337</ele><time>2026-07-18T15:05:24Z</time><speed>0.000</speed><sat>15</sat></trkpt>
  <trkpt lat="26.42157667" lon="-80.16890333"><ele>6.337</ele><time>2026-07-18T15:05:25Z</time><speed>0.000</speed><sat>15</sat></trkpt>
  <trkpt lat="26.42157667" lon="-80.16890333"><ele>6.337</ele><time>2026-07-18T15:05:26Z</time><speed>0.000</speed><sat>15</sat></trkpt>
  <trkpt lat="26.42157667" lon="-80.16890333"><ele>6.337</ele><time>2026-07-18T15:05:27Z</time><speed>0.000</speed><sat>15</sat></trkpt>
  <trkpt lat="26.42157667" lon="-80.16890333"><ele>6.337</ele><time>2026-07-18T15:05:28Z</time><speed>0.000</speed><sat>15</sat></trkpt>
  <trkpt lat="26.42157667" lon="-80.16890333"><ele>6.337</ele><time>2026-07-18T15:05:29Z</time><speed>0.000</speed><sat>15</sat></trkpt>
  <trkpt lat="26.42157667" lon="-80.16890333"><ele>6.337</ele><time>2026-07-18T15:05:30Z</time><speed>0.000</speed><sat>15</sat></trkpt>
  <trkpt lat="26.42157667" lon="-80.16890333"><ele>6.337</ele><time>2026-07-18T15:05:31Z</time><speed>0.000</speed><sat>14</sat></trkpt>
  <trkpt lat="26.42157667" lon="-80.16890333"><ele>6.337</ele><time>2026-07-18T15:05:32Z</time><speed>0.000</speed><sat>14</sat></trkpt>
  <trkpt lat="26.42157667" lon="-80.16890333"><ele>6.337</ele><time>2026-07-18T15:05:33Z</time><speed>0.000</speed><sat>14</sat></trkpt>
  <trkpt lat="26.42157667" lon="-80.16890333"><ele>6.337</ele><time>2026-07-18T15:05:34Z</time><speed>0.000</speed><sat>14</sat></trkpt>
  <trkpt lat="26.42157667" lon="-80.16890333"><ele>6.337</ele><time>2026-07-18T15:05:35Z</time><speed>0.000</speed><sat>14</sat></trkpt>
  <trkpt lat="26.42157667" lon="-80.16890333"><ele>6.337</ele><time>2026-07-18T15:05:36Z</time><speed>0.000</speed><sat>14</sat></trkpt>
  <trkpt lat="26.42157667" lon="-80.16890333"><ele>6.337</ele><time>2026-07-18T15:05:37Z</time><speed>0.000</speed><sat>14</sat></trkpt>
  <trkpt lat="26.42157667" lon="-80.16890333"><ele>6.337</ele><time>2026-07-18T15:05:38Z</time><speed>0.000</speed><sat>14</sat></trkpt>
  <trkpt lat="26.42157667" lon="-80.16890333"><ele>6.337</ele><time>2026-07-18T15:05:39Z</time><speed>0.000</speed><sat>14</sat></trkpt>
  <trkpt lat="26.42157667" lon="-80.16890333"><ele>6.337</ele><time>2026-07-18T15:05:40Z</time><speed>0.000</speed><sat>14</sat></trkpt>
  <trkpt lat="26.42157667" lon="-80.16890333"><ele>6.337</ele><time>2026-07-18T15:05:41Z</time><speed>0.000</speed><sat>14</sat></trkpt>
  <trkpt lat="26.42157667" lon="-80.16890333"><ele>6.337</ele><time>2026-07-18T15:05:42Z</time><speed>0.000</speed><sat>14</sat></trkpt>
  <trkpt lat="26.42157667" lon="-80.16890333"><ele>6.337</ele><time>2026-07-18T15:05:43Z</time><speed>0.000</speed><sat>15</sat></trkpt>
  <trkpt lat="26.42157667" lon="-80.16890333"><ele>6.337</ele><time>2026-07-18T15:05:44Z</time><speed>0.000</speed><sat>15</sat></trkpt>
  <trkpt lat="26.42157667" lon="-80.16890333"><ele>6.337</ele><time>2026-07-18T15:05:45Z</time><speed>0.000</speed><sat>15</sat></trkpt>
  <trkpt lat="26.42157667" lon="-80.16890333"><ele>6.337</ele><time>2026-07-18T15:05:46Z</time><speed>0.000</speed><sat>14</sat></trkpt>
  <trkpt lat="26.42157667" lon="-80.16890333"><ele>6.337</ele><time>2026-07-18T15:05:47Z</time><speed>0.000</speed><sat>14</sat></trkpt>
  <trkpt lat="26.42157667" lon="-80.16890333"><ele>6.337</ele><time>2026-07-18T15:05:48Z</time><speed>0.000</speed><sat>14</sat></trkpt>
  <trkpt lat="26.42157667" lon="-80.16890333"><ele>6.337</ele><time>2026-07-18T15:05:49Z</time><speed>0.000</speed><sat>14</sat></trkpt>
  <trkpt lat="26.42157667" lon="-80.16890333"><ele>6.337</ele><time>2026-07-18T15:05:50Z</time><speed>0.000</speed><sat>14</sat></trkpt>
  <trkpt lat="26.42157667" lon="-80.16890333"><ele>6.337</ele><time>2026-07-18T15:05:51Z</time><speed>0.000</speed><sat>14</sat></trkpt>
  <trkpt lat="26.42157667" lon="-80.16890333"><ele>6.337</ele><time>2026-07-18T15:05:52Z</time><speed>0.000</speed><sat>14</sat></trkpt>
  <trkpt lat="26.42157667" lon="-80.16890333"><ele>6.337</ele><time>2026-07-18T15:05:53Z</time><speed>0.000</speed><sat>14</sat></trkpt>
  <trkpt lat="26.42157667" lon="-80.16890333"><ele>6.337</ele><time>2026-07-18T15:05:54Z</time><speed>0.000</speed><sat>14</sat></trkpt>
  <trkpt lat="26.42157667" lon="-80.16890333"><ele>6.337</ele><time>2026-07-18T15:05:55Z</time><speed>0.000</speed><sat>14</sat></trkpt>
  <trkpt lat="26.42157667" lon="-80.16890333"><ele>6.337</ele><time>2026-07-18T15:05:56Z</time><speed>0.000</speed><sat>14</sat></trkpt>
  <trkpt lat="26.42157667" lon="-80.16890333"><ele>6.337</ele><time>2026-07-18T15:05:57Z</time><speed>0.000</speed><sat>14</sat></trkpt>
  <trkpt lat="26.42157667" lon="-80.16890333"><ele>6.337</ele><time>2026-07-18T15:05:58Z</time><speed>0.000</speed><sat>14</sat></trkpt>
  <trkpt lat="26.42157667" lon="-80.16890333"><ele>6.337</ele><time>2026-07-18T15:05:59Z</time><speed>0.000</speed><sat>14</sat></trkpt>
  <trkpt lat="26.42157667" lon="-80.16890333"><ele>6.337</ele><time>2026-07-18T15:06:00Z</time><speed>0.000</speed><sat>14</sat></trkpt>
  <trkpt lat="26.42157667" lon="-80.16890333"><ele>6.337</ele><time>2026-07-18T15:06:01Z</time><speed>0.000</speed><sat>14</sat></trkpt>
  <trkpt lat="26.42157667" lon="-80.16890333"><ele>6.337</ele><time>2026-07-18T15:06:02Z</time><speed>0.000</speed><sat>14</sat></trkpt>
  <trkpt lat="26.42157667" lon="-80.16890333"><ele>6.337</ele><time>2026-07-18T15:06:03Z</time><speed>0.000</speed><sat>14</sat></trkpt>
  <trkpt lat="26.42157667" lon="-80.16890333"><ele>6.337</ele><time>2026-07-18T15:06:04Z</time><speed>0.000</speed><sat>14</sat></trkpt>
  <trkpt lat="26.42157667" lon="-80.16890333"><ele>6.337</ele><time>2026-07-18T15:06:05Z</time><speed>0.000</speed><sat>14</sat></trkpt>
  <trkpt lat="26.42157667" lon="-80.16890333"><ele>6.337</ele><time>2026-07-18T15:06:06Z</time><speed>0.000</speed><sat>14</sat></trkpt>
  <trkpt lat="26.42157667" lon="-80.16890333"><ele>6.337</ele><time>2026-07-18T15:06:07Z</time><speed>0.000</speed><sat>14</sat></trkpt>
  <trkpt lat="26.42157667" lon="-80.16890333"><ele>6.337</ele><time>2026-07-18T15:06:08Z</time><speed>0.000</speed><sat>15</sat></trkpt>
  <trkpt lat="26.42157667" lon="-80.16890333"><ele>6.337</ele><time>2026-07-18T15:06:09Z</time><speed>0.000</speed><sat>15</sat></trkpt>
  <trkpt lat="26.42157667" lon="-80.16890333"><ele>6.337</ele><time>2026-07-18T15:06:10Z</time><speed>0.000</speed><sat>15</sat></trkpt>
  <trkpt lat="26.42157667" lon="-80.16890333"><ele>6.337</ele><time>2026-07-18T15:06:11Z</time><speed>0.000</speed><sat>15</sat></trkpt>
  <trkpt lat="26.42157667" lon="-80.16890333"><ele>6.337</ele><time>2026-07-18T15:06:12Z</time><speed>0.000</speed><sat>15</sat></trkpt>
  <trkpt lat="26.42157667" lon="-80.16890333"><ele>6.337</ele><time>2026-07-18T15:06:13Z</time><speed>0.000</speed><sat>15</sat></trkpt>
  <trkpt lat="26.42157667" lon="-80.16890333"><ele>6.337</ele><time>2026-07-18T15:06:14Z</time><speed>0.000</speed><sat>15</sat></trkpt>
  <trkpt lat="26.42157667" lon="-80.16890333"><ele>6.337</ele><time>2026-07-18T15:06:15Z</time><speed>0.000</speed><sat>15</sat></trkpt>
  <trkpt lat="26.42157667" lon="-80.16890333"><ele>6.337</ele><time>2026-07-18T15:06:16Z</time><speed>0.000</speed><sat>15</sat></trkpt>
  <trkpt lat="26.42157667" lon="-80.16890333"><ele>6.337</ele><time>2026-07-18T15:06:17Z</time><speed>0.000</speed><sat>15</sat></trkpt>
  <trkpt lat="26.42157667" lon="-80.16890333"><ele>6.337</ele><time>2026-07-18T15:06:18Z</time><speed>0.000</speed><sat>15</sat></trkpt>
  <trkpt lat="26.42157667" lon="-80.16890333"><ele>6.337</ele><time>2026-07-18T15:06:19Z</time><speed>0.000</speed><sat>15</sat></trkpt>
  <trkpt lat="26.42157667" lon="-80.16890333"><ele>6.337</ele><time>2026-07-18T15:06:20Z</time><speed>0.000</speed><sat>15</sat></trkpt>
  <trkpt lat="26.42157667" lon="-80.16890333"><ele>6.337</ele><time>2026-07-18T15:06:21Z</time><speed>0.000</speed><sat>15</sat></trkpt>
  <trkpt lat="26.42157667" lon="-80.16890333"><ele>6.337</ele><time>2026-07-18T15:06:22Z</time><speed>0.000</speed><sat>15</sat></trkpt>
  <trkpt lat="26.42157667" lon="-80.16890333"><ele>6.337</ele><time>2026-07-18T15:06:23Z</time><speed>0.000</speed><sat>15</sat></trkpt>
  <trkpt lat="26.42157667" lon="-80.16890333"><ele>6.337</ele><time>2026-07-18T15:06:24Z</time><speed>0.000</speed><sat>15</sat></trkpt>
  <trkpt lat="26.42157667" lon="-80.16890333"><ele>6.337</ele><time>2026-07-18T15:06:25Z</time><speed>0.000</speed><sat>15</sat></trkpt>
  <trkpt lat="26.42157667" lon="-80.16890333"><ele>6.337</ele><time>2026-07-18T15:06:26Z</time><speed>0.000</speed><sat>15</sat></trkpt>
  <trkpt lat="26.42157667" lon="-80.16890333"><ele>6.337</ele><time>2026-07-18T15:06:27Z</time><speed>0.000</speed><sat>14</sat></trkpt>
  <trkpt lat="26.42157667" lon="-80.16890333"><ele>6.337</ele><time>2026-07-18T15:06:28Z</time><speed>0.000</speed><sat>14</sat></trkpt>
  <trkpt lat="26.42157667" lon="-80.16890333"><ele>6.337</ele><time>2026-07-18T15:06:29Z</time><speed>0.000</speed><sat>15</sat></trkpt>
  <trkpt lat="26.42157667" lon="-80.16890333"><ele>6.337</ele><time>2026-07-18T15:06:30Z</time><speed>0.000</speed><sat>14</sat></trkpt>
  <trkpt lat="26.42157667" lon="-80.16890333"><ele>6.337</ele><time>2026-07-18T15:06:31Z</time><speed>0.000</speed><sat>15</sat></trkpt>
  <trkpt lat="26.42157667" lon="-80.16890333"><ele>6.337</ele><time>2026-07-18T15:06:32Z</time><speed>0.000</speed><sat>15</sat></trkpt>
  <trkpt lat="26.42157667" lon="-80.16890333"><ele>6.337</ele><time>2026-07-18T15:06:33Z</time><speed>0.000</speed><sat>15</sat></trkpt>
  <trkpt lat="26.42157667" lon="-80.16890333"><ele>6.337</ele><time>2026-07-18T15:06:34Z</time><speed>0.000</speed><sat>15</sat></trkpt>
  <trkpt lat="26.42157667" lon="-80.16890333"><ele>6.337</ele><time>2026-07-18T15:06:35Z</time><speed>0.000</speed><sat>15</sat></trkpt>
  <trkpt lat="26.42157667" lon="-80.16890333"><ele>6.337</ele><time>2026-07-18T15:06:36Z</time><speed>0.000</speed><sat>15</sat></trkpt>
  <trkpt lat="26.42157667" lon="-80.16890333"><ele>6.337</ele><time>2026-07-18T15:06:37Z</time><speed>0.000</speed><sat>14</sat></trkpt>
  <trkpt lat="26.42157667" lon="-80.16890333"><ele>6.337</ele><time>2026-07-18T15:06:38Z</time><speed>0.000</speed><sat>15</sat></trkpt>
  <trkpt lat="26.42157667" lon="-80.16890333"><ele>6.337</ele><time>2026-07-18T15:06:39Z</time><speed>0.000</speed><sat>15</sat></trkpt>
  <trkpt lat="26.42157667" lon="-80.16890333"><ele>6.337</ele><time>2026-07-18T15:06:40Z</time><speed>0.000</speed><sat>15</sat></trkpt>
  <trkpt lat="26.42157667" lon="-80.16890333"><ele>6.337</ele><time>2026-07-18T15:06:41Z</time><speed>0.000</speed><sat>14</sat></trkpt>
  <trkpt lat="26.42157667" lon="-80.16890333"><ele>6.337</ele><time>2026-07-18T15:06:42Z</time><speed>0.000</speed><sat>15</sat></trkpt>
  <trkpt lat="26.42157667" lon="-80.16890333"><ele>6.337</ele><time>2026-07-18T15:06:43Z</time><speed>0.000</speed><sat>15</sat></trkpt>
  <trkpt lat="26.42157667" lon="-80.16890333"><ele>6.337</ele><time>2026-07-18T15:06:44Z</time><speed>0.000</speed><sat>15</sat></trkpt>
  <trkpt lat="26.42157667" lon="-80.16890333"><ele>6.337</ele><time>2026-07-18T15:06:45Z</time><speed>0.000</speed><sat>14</sat></trkpt>
  <trkpt lat="26.42157667" lon="-80.16890333"><ele>6.337</ele><time>2026-07-18T15:06:46Z</time><speed>0.000</speed><sat>14</sat></trkpt>
  <trkpt lat="26.42157667" lon="-80.16890333"><ele>6.337</ele><time>2026-07-18T15:06:47Z</time><speed>0.000</speed><sat>14</sat></trkpt>
  <trkpt lat="26.42157667" lon="-80.16890333"><ele>6.337</ele><time>2026-07-18T15:06:48Z</time><speed>0.000</speed><sat>14</sat></trkpt>
  <trkpt lat="26.42157667" lon="-80.16890333"><ele>6.337</ele><time>2026-07-18T15:06:49Z</time><speed>0.000</speed><sat>14</sat></trkpt>
  <trkpt lat="26.42157667" lon="-80.16890333"><ele>6.337</ele><time>2026-07-18T15:06:50Z</time><speed>0.000</speed><sat>14</sat></trkpt>
  <trkpt lat="26.42157667" lon="-80.16890333"><ele>6.337</ele><time>2026-07-18T15:06:51Z</time><speed>0.000</speed><sat>14</sat></trkpt>
  <trkpt lat="26.42157667" lon="-80.16890333"><ele>6.337</ele><time>2026-07-18T15:06:52Z</time><speed>0.000</speed><sat>14</sat></trkpt>
  <trkpt lat="26.42157667" lon="-80.16890333"><ele>6.337</ele><time>2026-07-18T15:06:53Z</time><speed>0.000</speed><sat>14</sat></trkpt>
  <trkpt lat="26.42157667" lon="-80.16890333"><ele>6.337</ele><time>2026-07-18T15:06:54Z</time><speed>0.000</speed><sat>14</sat></trkpt>
  <trkpt lat="26.42157667" lon="-80.16890333"><ele>6.337</ele><time>2026-07-18T15:06:55Z</time><speed>0.000</speed><sat>14</sat></trkpt>
  <trkpt lat="26.42157667" lon="-80.16890333"><ele>6.337</ele><time>2026-07-18T15:06:56Z</time><speed>0.000</speed><sat>14</sat></trkpt>
  <trkpt lat="26.42157667" lon="-80.16890333"><ele>6.337</ele><time>2026-07-18T15:06:57Z</time><speed>0.000</speed><sat>14</sat></trkpt>
  <trkpt lat="26.42157667" lon="-80.16890333"><ele>6.337</ele><time>2026-07-18T15:06:58Z</time><speed>0.000</speed><sat>14</sat></trkpt>
  <trkpt lat="26.42157667" lon="-80.16890333"><ele>6.337</ele><time>2026-07-18T15:06:59Z</time><speed>0.000</speed><sat>14</sat></trkpt>
  <trkpt lat="26.42157667" lon="-80.16890333"><ele>6.337</ele><time>2026-07-18T15:07:00Z</time><speed>0.000</speed><sat>14</sat></trkpt>
  <trkpt lat="26.42157667" lon="-80.16890333"><ele>6.337</ele><time>2026-07-18T15:07:01Z</time><speed>0.000</speed><sat>14</sat></trkpt>
  <trkpt lat="26.42157667" lon="-80.16890333"><ele>6.337</ele><time>2026-07-18T15:07:02Z</time><speed>0.000</speed><sat>14</sat></trkpt>
  <trkpt lat="26.42157667" lon="-80.16890333"><ele>6.337</ele><time>2026-07-18T15:07:03Z</time><speed>0.000</speed><sat>14</sat></trkpt>
  <trkpt lat="26.42157667" lon="-80.16890333"><ele>6.337</ele><time>2026-07-18T15:07:04Z</time><speed>0.000</speed><sat>14</sat></trkpt>
  <trkpt lat="26.42157667" lon="-80.16890333"><ele>6.337</ele><time>2026-07-18T15:07:05Z</time><speed>0.000</speed><sat>15</sat></trkpt>
  <trkpt lat="26.42157667" lon="-80.16890333"><ele>6.337</ele><time>2026-07-18T15:07:06Z</time><speed>0.000</speed><sat>15</sat></trkpt>
  <trkpt lat="26.42157667" lon="-80.16890333"><ele>6.337</ele><time>2026-07-18T15:07:07Z</time><speed>0.000</speed><sat>15</sat></trkpt>
  <trkpt lat="26.42157667" lon="-80.16890333"><ele>6.337</ele><time>2026-07-18T15:07:08Z</time><speed>0.000</speed><sat>15</sat></trkpt>
  <trkpt lat="26.42157667" lon="-80.16890333"><ele>6.337</ele><time>2026-07-18T15:07:09Z</time><speed>0.000</speed><sat>15</sat></trkpt>
  <trkpt lat="26.42157667" lon="-80.16890333"><ele>6.337</ele><time>2026-07-18T15:07:10Z</time><speed>0.000</speed><sat>15</sat></trkpt>
  <trkpt lat="26.42157667" lon="-80.16890333"><ele>6.337</ele><time>2026-07-18T15:07:11Z</time><speed>0.000</speed><sat>15</sat></trkpt>
  <trkpt lat="26.42157667" lon="-80.16890333"><ele>6.337</ele><time>2026-07-18T15:07:12Z</time><speed>0.000</speed><sat>14</sat></trkpt>
  <trkpt lat="26.42157667" lon="-80.16890333"><ele>6.337</ele><time>2026-07-18T15:07:13Z</time><speed>0.000</speed><sat>15</sat></trkpt>
  <trkpt lat="26.42157667" lon="-80.16890333"><ele>6.337</ele><time>2026-07-18T15:07:14Z</time><speed>0.000</speed><sat>15</sat></trkpt>
  <trkpt lat="26.42157667" lon="-80.16890333"><ele>6.337</ele><time>2026-07-18T15:07:15Z</time><speed>0.000</speed><sat>15</sat></trkpt>
  <trkpt lat="26.42157667" lon="-80.16890333"><ele>6.337</ele><time>2026-07-18T15:07:16Z</time><speed>0.000</speed><sat>15</sat></trkpt>
  <trkpt lat="26.42157667" lon="-80.16890333"><ele>6.337</ele><time>2026-07-18T15:07:17Z</time><speed>0.000</speed><sat>15</sat></trkpt>
  <trkpt lat="26.42157667" lon="-80.16890333"><ele>6.337</ele><time>2026-07-18T15:07:18Z</time><speed>0.000</speed><sat>15</sat></trkpt>
  <trkpt lat="26.42153500" lon="-80.16888833"><ele>17.537</ele><time>2026-07-18T15:07:19Z</time><speed>0.322</speed><sat>15</sat></trkpt>
  <trkpt lat="26.42152333" lon="-80.16889167"><ele>18.837</ele><time>2026-07-18T15:07:20Z</time><speed>0.377</speed><sat>15</sat></trkpt>
  <trkpt lat="26.42152500" lon="-80.16890167"><ele>19.037</ele><time>2026-07-18T15:07:21Z</time><speed>0.444</speed><sat>15</sat></trkpt>
  <trkpt lat="26.42151833" lon="-80.16889667"><ele>19.137</ele><time>2026-07-18T15:07:22Z</time><speed>0.000</speed><sat>15</sat></trkpt>
  <trkpt lat="26.42151833" lon="-80.16889833"><ele>19.037</ele><time>2026-07-18T15:07:23Z</time><speed>0.000</speed><sat>15</sat></trkpt>
  <trkpt lat="26.42152000" lon="-80.16890000"><ele>19.337</ele><time>2026-07-18T15:07:24Z</time><speed>0.000</speed><sat>15</sat></trkpt>
  <trkpt lat="26.42152000" lon="-80.16890000"><ele>19.337</ele><time>2026-07-18T15:07:25Z</time><speed>0.000</speed><sat>15</sat></trkpt>
  <trkpt lat="26.42152000" lon="-80.16890000"><ele>19.337</ele><time>2026-07-18T15:07:26Z</time><speed>0.000</speed><sat>15</sat></trkpt>
  <trkpt lat="26.42152000" lon="-80.16890000"><ele>19.337</ele><time>2026-07-18T15:07:27Z</time><speed>0.000</speed><sat>15</sat></trkpt>
  <trkpt lat="26.42152000" lon="-80.16890000"><ele>19.337</ele><time>2026-07-18T15:07:28Z</time><speed>0.000</speed><sat>15</sat></trkpt>
  <trkpt lat="26.42152000" lon="-80.16890000"><ele>19.337</ele><time>2026-07-18T15:07:29Z</time><speed>0.000</speed><sat>15</sat></trkpt>
  <trkpt lat="26.42152000" lon="-80.16890000"><ele>19.337</ele><time>2026-07-18T15:07:30Z</time><speed>0.000</speed><sat>15</sat></trkpt>
  <trkpt lat="26.42152000" lon="-80.16890000"><ele>19.337</ele><time>2026-07-18T15:07:31Z</time><speed>0.000</speed><sat>15</sat></trkpt>
  <trkpt lat="26.42152000" lon="-80.16890000"><ele>19.337</ele><time>2026-07-18T15:07:32Z</time><speed>0.000</speed><sat>15</sat></trkpt>
  <trkpt lat="26.42152000" lon="-80.16890000"><ele>19.337</ele><time>2026-07-18T15:07:33Z</time><speed>0.000</speed><sat>15</sat></trkpt>
  <trkpt lat="26.42152000" lon="-80.16890000"><ele>19.337</ele><time>2026-07-18T15:07:34Z</time><speed>0.000</speed><sat>14</sat></trkpt>
  <trkpt lat="26.42152000" lon="-80.16890000"><ele>19.337</ele><time>2026-07-18T15:07:35Z</time><speed>0.000</speed><sat>14</sat></trkpt>
  <trkpt lat="26.42152000" lon="-80.16890000"><ele>19.337</ele><time>2026-07-18T15:07:36Z</time><speed>0.000</speed><sat>14</sat></trkpt>
  <trkpt lat="26.42152000" lon="-80.16890000"><ele>19.337</ele><time>2026-07-18T15:07:37Z</time><speed>0.000</speed><sat>14</sat></trkpt>
  <trkpt lat="26.42152000" lon="-80.16890000"><ele>19.337</ele><time>2026-07-18T15:07:38Z</time><speed>0.000</speed><sat>14</sat></trkpt>
  <trkpt lat="26.42152000" lon="-80.16890000"><ele>19.337</ele><time>2026-07-18T15:07:39Z</time><speed>0.000</speed><sat>14</sat></trkpt>
  <trkpt lat="26.42152000" lon="-80.16890000"><ele>19.337</ele><time>2026-07-18T15:07:40Z</time><speed>0.000</speed><sat>14</sat></trkpt>
  <trkpt lat="26.42152000" lon="-80.16890000"><ele>19.337</ele><time>2026-07-18T15:07:41Z</time><speed>0.000</speed><sat>15</sat></trkpt>
  <trkpt lat="26.42152000" lon="-80.16890000"><ele>19.337</ele><time>2026-07-18T15:07:42Z</time><speed>0.000</speed><sat>14</sat></trkpt>
  <trkpt lat="26.42152000" lon="-80.16890000"><ele>19.337</ele><time>2026-07-18T15:07:43Z</time><speed>0.000</speed><sat>14</sat></trkpt>
  <trkpt lat="26.42152000" lon="-80.16890000"><ele>19.337</ele><time>2026-07-18T15:07:44Z</time><speed>0.000</speed><sat>14</sat></trkpt>
  <trkpt lat="26.42152000" lon="-80.16890000"><ele>19.337</ele><time>2026-07-18T15:07:45Z</time><speed>0.000</speed><sat>14</sat></trkpt>
  <trkpt lat="26.42152000" lon="-80.16890000"><ele>19.337</ele><time>2026-07-18T15:07:46Z</time><speed>0.000</speed><sat>14</sat></trkpt>
  <trkpt lat="26.42152000" lon="-80.16890000"><ele>19.337</ele><time>2026-07-18T15:07:47Z</time><speed>0.000</speed><sat>14</sat></trkpt>
  <trkpt lat="26.42152000" lon="-80.16890000"><ele>19.337</ele><time>2026-07-18T15:07:48Z</time><speed>0.000</speed><sat>14</sat></trkpt>
  <trkpt lat="26.42152000" lon="-80.16890000"><ele>19.337</ele><time>2026-07-18T15:07:49Z</time><speed>0.000</speed><sat>14</sat></trkpt>
  <trkpt lat="26.42152000" lon="-80.16890000"><ele>19.337</ele><time>2026-07-18T15:07:50Z</time><speed>0.000</speed><sat>14</sat></trkpt>
  <trkpt lat="26.42152000" lon="-80.16890000"><ele>19.337</ele><time>2026-07-18T15:07:51Z</time><speed>0.000</speed><sat>14</sat></trkpt>
  <trkpt lat="26.42152000" lon="-80.16890000"><ele>19.337</ele><time>2026-07-18T15:07:52Z</time><speed>0.000</speed><sat>14</sat></trkpt>
  <trkpt lat="26.42152000" lon="-80.16890000"><ele>19.337</ele><time>2026-07-18T15:07:53Z</time><speed>0.000</speed><sat>14</sat></trkpt>
  <trkpt lat="26.42152000" lon="-80.16890000"><ele>19.337</ele><time>2026-07-18T15:07:54Z</time><speed>0.000</speed><sat>15</sat></trkpt>
  <trkpt lat="26.42152000" lon="-80.16890000"><ele>19.337</ele><time>2026-07-18T15:07:55Z</time><speed>0.000</speed><sat>15</sat></trkpt>
  <trkpt lat="26.42152000" lon="-80.16890000"><ele>19.337</ele><time>2026-07-18T15:07:56Z</time><speed>0.000</speed><sat>15</sat></trkpt>
  <trkpt lat="26.42152000" lon="-80.16890000"><ele>19.337</ele><time>2026-07-18T15:07:57Z</time><speed>0.000</speed><sat>14</sat></trkpt>
  <trkpt lat="26.42152000" lon="-80.16890000"><ele>19.337</ele><time>2026-07-18T15:07:58Z</time><speed>0.000</speed><sat>14</sat></trkpt>
  <trkpt lat="26.42152000" lon="-80.16890000"><ele>19.337</ele><time>2026-07-18T15:07:59Z</time><speed>0.000</speed><sat>14</sat></trkpt>
  <trkpt lat="26.42152000" lon="-80.16890000"><ele>19.337</ele><time>2026-07-18T15:08:00Z</time><speed>0.000</speed><sat>14</sat></trkpt>
  <trkpt lat="26.42152000" lon="-80.16890000"><ele>19.337</ele><time>2026-07-18T15:08:01Z</time><speed>0.000</speed><sat>14</sat></trkpt>
  <trkpt lat="26.42152000" lon="-80.16890000"><ele>19.337</ele><time>2026-07-18T15:08:02Z</time><speed>0.000</speed><sat>14</sat></trkpt>
  <trkpt lat="26.42152000" lon="-80.16890000"><ele>19.337</ele><time>2026-07-18T15:08:03Z</time><speed>0.000</speed><sat>14</sat></trkpt>
  <trkpt lat="26.42152000" lon="-80.16890000"><ele>19.337</ele><time>2026-07-18T15:08:04Z</time><speed>0.000</speed><sat>14</sat></trkpt>
  <trkpt lat="26.42152000" lon="-80.16890000"><ele>19.337</ele><time>2026-07-18T15:08:05Z</time><speed>0.000</speed><sat>14</sat></trkpt>
  <trkpt lat="26.42152000" lon="-80.16890000"><ele>19.337</ele><time>2026-07-18T15:08:06Z</time><speed>0.000</speed><sat>14</sat></trkpt>
  <trkpt lat="26.42152000" lon="-80.16890000"><ele>19.337</ele><time>2026-07-18T15:08:07Z</time><speed>0.000</speed><sat>14</sat></trkpt>
  <trkpt lat="26.42152000" lon="-80.16890000"><ele>19.337</ele><time>2026-07-18T15:08:08Z</time><speed>0.000</speed><sat>14</sat></trkpt>
  <trkpt lat="26.42152000" lon="-80.16890000"><ele>19.337</ele><time>2026-07-18T15:08:09Z</time><speed>0.000</speed><sat>14</sat></trkpt>
  <trkpt lat="26.42152000" lon="-80.16890000"><ele>19.337</ele><time>2026-07-18T15:08:10Z</time><speed>0.000</speed><sat>14</sat></trkpt>
  <trkpt lat="26.42152000" lon="-80.16890000"><ele>19.337</ele><time>2026-07-18T15:08:11Z</time><speed>0.000</speed><sat>14</sat></trkpt>
  <trkpt lat="26.42152000" lon="-80.16890000"><ele>19.337</ele><time>2026-07-18T15:08:12Z</time><speed>0.000</speed><sat>15</sat></trkpt>
  <trkpt lat="26.42152000" lon="-80.16890000"><ele>19.337</ele><time>2026-07-18T15:08:13Z</time><speed>0.000</speed><sat>15</sat></trkpt>
  <trkpt lat="26.42152000" lon="-80.16890000"><ele>19.337</ele><time>2026-07-18T15:08:14Z</time><speed>0.000</speed><sat>15</sat></trkpt>
  <trkpt lat="26.42152000" lon="-80.16890000"><ele>19.337</ele><time>2026-07-18T15:08:15Z</time><speed>0.000</speed><sat>15</sat></trkpt>
  <trkpt lat="26.42152000" lon="-80.16890000"><ele>19.337</ele><time>2026-07-18T15:08:16Z</time><speed>0.000</speed><sat>15</sat></trkpt>
  <trkpt lat="26.42152000" lon="-80.16890000"><ele>19.337</ele><time>2026-07-18T15:08:17Z</time><speed>0.000</speed><sat>14</sat></trkpt>
  <trkpt lat="26.42152000" lon="-80.16890000"><ele>19.337</ele><time>2026-07-18T15:08:18Z</time><speed>0.000</speed><sat>15</sat></trkpt>
  <trkpt lat="26.42152000" lon="-80.16890000"><ele>19.337</ele><time>2026-07-18T15:08:19Z</time><speed>0.000</speed><sat>15</sat></trkpt>
  <trkpt lat="26.42152000" lon="-80.16890000"><ele>19.337</ele><time>2026-07-18T15:08:20Z</time><speed>0.000</speed><sat>15</sat></trkpt>
  <trkpt lat="26.42152000" lon="-80.16890000"><ele>19.337</ele><time>2026-07-18T15:08:21Z</time><speed>0.000</speed><sat>15</sat></trkpt>
  <trkpt lat="26.42152000" lon="-80.16890000"><ele>19.337</ele><time>2026-07-18T15:08:22Z</time><speed>0.000</speed><sat>15</sat></trkpt>
  <trkpt lat="26.42152000" lon="-80.16890000"><ele>19.337</ele><time>2026-07-18T15:08:23Z</time><speed>0.000</speed><sat>15</sat></trkpt>
  <trkpt lat="26.42152000" lon="-80.16890000"><ele>19.337</ele><time>2026-07-18T15:08:24Z</time><speed>0.000</speed><sat>15</sat></trkpt>
  <trkpt lat="26.42152000" lon="-80.16890000"><ele>19.337</ele><time>2026-07-18T15:08:25Z</time><speed>0.000</speed><sat>15</sat></trkpt>
  <trkpt lat="26.42152000" lon="-80.16890000"><ele>19.337</ele><time>2026-07-18T15:08:26Z</time><speed>0.000</speed><sat>15</sat></trkpt>
  <trkpt lat="26.42152000" lon="-80.16890000"><ele>19.337</ele><time>2026-07-18T15:08:27Z</time><speed>0.000</speed><sat>15</sat></trkpt>
  <trkpt lat="26.42152000" lon="-80.16890000"><ele>19.337</ele><time>2026-07-18T15:08:28Z</time><speed>0.000</speed><sat>15</sat></trkpt>
  <trkpt lat="26.42152000" lon="-80.16890000"><ele>19.337</ele><time>2026-07-18T15:08:29Z</time><speed>0.000</speed><sat>15</sat></trkpt>
  <trkpt lat="26.42152000" lon="-80.16890000"><ele>19.337</ele><time>2026-07-18T15:08:30Z</time><speed>0.000</speed><sat>15</sat></trkpt>
  <trkpt lat="26.42152000" lon="-80.16890000"><ele>19.337</ele><time>2026-07-18T15:08:31Z</time><speed>0.000</speed><sat>15</sat></trkpt>
  <trkpt lat="26.42152000" lon="-80.16890000"><ele>19.337</ele><time>2026-07-18T15:08:32Z</time><speed>0.000</speed><sat>15</sat></trkpt>
  <trkpt lat="26.42152000" lon="-80.16890000"><ele>19.337</ele><time>2026-07-18T15:08:33Z</time><speed>0.000</speed><sat>15</sat></trkpt>
  <trkpt lat="26.42152000" lon="-80.16890000"><ele>19.337</ele><time>2026-07-18T15:08:34Z</time><speed>0.000</speed><sat>15</sat></trkpt>
  <trkpt lat="26.42152000" lon="-80.16890000"><ele>19.337</ele><time>2026-07-18T15:08:35Z</time><speed>0.000</speed><sat>15</sat></trkpt>
  <trkpt lat="26.42152000" lon="-80.16890000"><ele>19.337</ele><time>2026-07-18T15:08:36Z</time><speed>0.000</speed><sat>15</sat></trkpt>
  <trkpt lat="26.42152000" lon="-80.16890000"><ele>19.337</ele><time>2026-07-18T15:08:37Z</time><speed>0.000</speed><sat>15</sat></trkpt>
  <trkpt lat="26.42152000" lon="-80.16890000"><ele>19.337</ele><time>2026-07-18T15:08:38Z</time><speed>0.000</speed><sat>13</sat></trkpt>
  <trkpt lat="26.42152000" lon="-80.16890000"><ele>19.337</ele><time>2026-07-18T15:08:39Z</time><speed>0.000</speed><sat>13</sat></trkpt>
  <trkpt lat="26.42152000" lon="-80.16890000"><ele>19.337</ele><time>2026-07-18T15:08:40Z</time><speed>0.000</speed><sat>15</sat></trkpt>
  <trkpt lat="26.42152000" lon="-80.16890000"><ele>19.337</ele><time>2026-07-18T15:08:41Z</time><speed>0.000</speed><sat>15</sat></trkpt>
  <trkpt lat="26.42152000" lon="-80.16890000"><ele>19.337</ele><time>2026-07-18T15:08:42Z</time><speed>0.000</speed><sat>15</sat></trkpt>
  <trkpt lat="26.42152000" lon="-80.16890000"><ele>19.337</ele><time>2026-07-18T15:08:43Z</time><speed>0.000</speed><sat>14</sat></trkpt>
  <trkpt lat="26.42152000" lon="-80.16890000"><ele>19.337</ele><time>2026-07-18T15:08:44Z</time><speed>0.000</speed><sat>14</sat></trkpt>
  <trkpt lat="26.42152000" lon="-80.16890000"><ele>19.337</ele><time>2026-07-18T15:08:45Z</time><speed>0.000</speed><sat>14</sat></trkpt>
  <trkpt lat="26.42152000" lon="-80.16890000"><ele>19.337</ele><time>2026-07-18T15:08:46Z</time><speed>0.000</speed><sat>14</sat></trkpt>
  <trkpt lat="26.42152000" lon="-80.16890000"><ele>19.337</ele><time>2026-07-18T15:08:47Z</time><speed>0.000</speed><sat>14</sat></trkpt>
  <trkpt lat="26.42152000" lon="-80.16890000"><ele>19.337</ele><time>2026-07-18T15:08:48Z</time><speed>0.000</speed><sat>14</sat></trkpt>
  <trkpt lat="26.42152000" lon="-80.16890000"><ele>19.337</ele><time>2026-07-18T15:08:49Z</time><speed>0.000</speed><sat>14</sat></trkpt>
  <trkpt lat="26.42152000" lon="-80.16890000"><ele>19.337</ele><time>2026-07-18T15:08:50Z</time><speed>0.000</speed><sat>14</sat></trkpt>
  <trkpt lat="26.42152000" lon="-80.16890000"><ele>19.337</ele><time>2026-07-18T15:08:51Z</time><speed>0.000</speed><sat>12</sat></trkpt>
  <trkpt lat="26.42152000" lon="-80.16890000"><ele>19.337</ele><time>2026-07-18T15:08:52Z</time><speed>0.000</speed><sat>12</sat></trkpt>
  <trkpt lat="26.42152000" lon="-80.16890000"><ele>19.337</ele><time>2026-07-18T15:08:53Z</time><speed>0.000</speed><sat>13</sat></trkpt>
  <trkpt lat="26.42152000" lon="-80.16890000"><ele>19.337</ele><time>2026-07-18T15:08:54Z</time><speed>0.000</speed><sat>13</sat></trkpt>
  <trkpt lat="26.42152000" lon="-80.16890000"><ele>19.337</ele><time>2026-07-18T15:08:55Z</time><speed>0.000</speed><sat>13</sat></trkpt>
  <trkpt lat="26.42152000" lon="-80.16890000"><ele>19.337</ele><time>2026-07-18T15:08:56Z</time><speed>0.000</speed><sat>13</sat></trkpt>
  <trkpt lat="26.42152000" lon="-80.16890000"><ele>19.337</ele><time>2026-07-18T15:08:57Z</time><speed>0.000</speed><sat>13</sat></trkpt>
  <trkpt lat="26.42152000" lon="-80.16890000"><ele>19.337</ele><time>2026-07-18T15:08:58Z</time><speed>0.000</speed><sat>13</sat></trkpt>
  <trkpt lat="26.42152000" lon="-80.16890000"><ele>19.337</ele><time>2026-07-18T15:08:59Z</time><speed>0.000</speed><sat>13</sat></trkpt>
  <trkpt lat="26.42152000" lon="-80.16890000"><ele>19.337</ele><time>2026-07-18T15:09:00Z</time><speed>0.000</speed><sat>13</sat></trkpt>
  <trkpt lat="26.42152000" lon="-80.16890000"><ele>19.337</ele><time>2026-07-18T15:09:01Z</time><speed>0.000</speed><sat>13</sat></trkpt>
  <trkpt lat="26.42152000" lon="-80.16890000"><ele>19.337</ele><time>2026-07-18T15:09:02Z</time><speed>0.000</speed><sat>13</sat></trkpt>
  <trkpt lat="26.42152000" lon="-80.16890000"><ele>19.337</ele><time>2026-07-18T15:09:03Z</time><speed>0.000</speed><sat>13</sat></trkpt>
  <trkpt lat="26.42152000" lon="-80.16890000"><ele>19.337</ele><time>2026-07-18T15:09:04Z</time><speed>0.000</speed><sat>13</sat></trkpt>
  <trkpt lat="26.42152000" lon="-80.16890000"><ele>19.337</ele><time>2026-07-18T15:09:05Z</time><speed>0.000</speed><sat>13</sat></trkpt>
  <trkpt lat="26.42152000" lon="-80.16890000"><ele>19.337</ele><time>2026-07-18T15:09:06Z</time><speed>0.000</speed><sat>13</sat></trkpt>
  <trkpt lat="26.42152000" lon="-80.16890000"><ele>19.337</ele><time>2026-07-18T15:09:07Z</time><speed>0.000</speed><sat>13</sat></trkpt>
  <trkpt lat="26.42152000" lon="-80.16890000"><ele>19.337</ele><time>2026-07-18T15:09:08Z</time><speed>0.000</speed><sat>13</sat></trkpt>
  <trkpt lat="26.42152000" lon="-80.16890000"><ele>19.337</ele><time>2026-07-18T15:09:09Z</time><speed>0.000</speed><sat>13</sat></trkpt>
  <trkpt lat="26.42152000" lon="-80.16890000"><ele>19.337</ele><time>2026-07-18T15:09:10Z</time><speed>0.000</speed><sat>13</sat></trkpt>
  <trkpt lat="26.42152000" lon="-80.16890000"><ele>19.337</ele><time>2026-07-18T15:09:11Z</time><speed>0.000</speed><sat>13</sat></trkpt>
  <trkpt lat="26.42152000" lon="-80.16890000"><ele>19.337</ele><time>2026-07-18T15:09:12Z</time><speed>0.000</speed><sat>13</sat></trkpt>
  <trkpt lat="26.42152000" lon="-80.16890000"><ele>19.337</ele><time>2026-07-18T15:09:13Z</time><speed>0.000</speed><sat>13</sat></trkpt>
  <trkpt lat="26.42152000" lon="-80.16890000"><ele>19.337</ele><time>2026-07-18T15:09:14Z</time><speed>0.000</speed><sat>13</sat></trkpt>
  <trkpt lat="26.42152000" lon="-80.16890000"><ele>19.337</ele><time>2026-07-18T15:09:15Z</time><speed>0.000</speed><sat>13</sat></trkpt>
  <trkpt lat="26.42152000" lon="-80.16890000"><ele>19.337</ele><time>2026-07-18T15:09:16Z</time><speed>0.000</speed><sat>13</sat></trkpt>
  <trkpt lat="26.42152000" lon="-80.16890000"><ele>19.337</ele><time>2026-07-18T15:09:17Z</time><speed>0.000</speed><sat>13</sat></trkpt>
  <trkpt lat="26.42152000" lon="-80.16890000"><ele>19.337</ele><time>2026-07-18T15:09:18Z</time><speed>0.000</speed><sat>13</sat></trkpt>
  <trkpt lat="26.42152000" lon="-80.16890000"><ele>19.337</ele><time>2026-07-18T15:09:19Z</time><speed>0.000</speed><sat>13</sat></trkpt>
  <trkpt lat="26.42152000" lon="-80.16890000"><ele>19.337</ele><time>2026-07-18T15:09:20Z</time><speed>0.000</speed><sat>14</sat></trkpt>
  <trkpt lat="26.42152000" lon="-80.16890000"><ele>19.337</ele><time>2026-07-18T15:09:21Z</time><speed>0.000</speed><sat>14</sat></trkpt>
  <trkpt lat="26.42152000" lon="-80.16890000"><ele>19.337</ele><time>2026-07-18T15:09:22Z</time><speed>0.000</speed><sat>14</sat></trkpt>
  <trkpt lat="26.42152000" lon="-80.16890000"><ele>19.337</ele><time>2026-07-18T15:09:23Z</time><speed>0.000</speed><sat>14</sat></trkpt>
  <trkpt lat="26.42152000" lon="-80.16890000"><ele>19.337</ele><time>2026-07-18T15:09:24Z</time><speed>0.000</speed><sat>13</sat></trkpt>
  <trkpt lat="26.42152000" lon="-80.16890000"><ele>19.337</ele><time>2026-07-18T15:09:25Z</time><speed>0.000</speed><sat>13</sat></trkpt>
  <trkpt lat="26.42152000" lon="-80.16890000"><ele>19.337</ele><time>2026-07-18T15:09:26Z</time><speed>0.000</speed><sat>13</sat></trkpt>
  <trkpt lat="26.42152000" lon="-80.16890000"><ele>19.337</ele><time>2026-07-18T15:09:27Z</time><speed>0.000</speed><sat>13</sat></trkpt>
  <trkpt lat="26.42152000" lon="-80.16890000"><ele>19.337</ele><time>2026-07-18T15:09:28Z</time><speed>0.000</speed><sat>13</sat></trkpt>
  <trkpt lat="26.42152000" lon="-80.16890000"><ele>19.337</ele><time>2026-07-18T15:09:29Z</time><speed>0.000</speed><sat>13</sat></trkpt>
  <trkpt lat="26.42152000" lon="-80.16890000"><ele>19.337</ele><time>2026-07-18T15:09:30Z</time><speed>0.000</speed><sat>13</sat></trkpt>
  <trkpt lat="26.42152000" lon="-80.16890000"><ele>19.337</ele><time>2026-07-18T15:09:31Z</time><speed>0.000</speed><sat>13</sat></trkpt>
  <trkpt lat="26.42152000" lon="-80.16890000"><ele>19.337</ele><time>2026-07-18T15:09:32Z</time><speed>0.000</speed><sat>13</sat></trkpt>
  <trkpt lat="26.42152000" lon="-80.16890000"><ele>19.337</ele><time>2026-07-18T15:09:33Z</time><speed>0.000</speed><sat>13</sat></trkpt>
  <trkpt lat="26.42152000" lon="-80.16890000"><ele>19.337</ele><time>2026-07-18T15:09:34Z</time><speed>0.000</speed><sat>13</sat></trkpt>
  <trkpt lat="26.42152000" lon="-80.16890000"><ele>19.337</ele><time>2026-07-18T15:09:35Z</time><speed>0.000</speed><sat>13</sat></trkpt>
  <trkpt lat="26.42152000" lon="-80.16890000"><ele>19.337</ele><time>2026-07-18T15:09:36Z</time><speed>0.000</speed><sat>13</sat></trkpt>
  <trkpt lat="26.42152000" lon="-80.16890000"><ele>19.337</ele><time>2026-07-18T15:09:37Z</time><speed>0.000</speed><sat>13</sat></trkpt>
  <trkpt lat="26.42152000" lon="-80.16890000"><ele>19.337</ele><time>2026-07-18T15:09:38Z</time><speed>0.000</speed><sat>13</sat></trkpt>
  <trkpt lat="26.42152000" lon="-80.16890000"><ele>19.337</ele><time>2026-07-18T15:09:39Z</time><speed>0.000</speed><sat>13</sat></trkpt>
  <trkpt lat="26.42152000" lon="-80.16890000"><ele>19.337</ele><time>2026-07-18T15:09:40Z</time><speed>0.000</speed><sat>13</sat></trkpt>
  <trkpt lat="26.42152000" lon="-80.16890000"><ele>19.337</ele><time>2026-07-18T15:09:41Z</time><speed>0.000</speed><sat>14</sat></trkpt>
  <trkpt lat="26.42152000" lon="-80.16890000"><ele>19.337</ele><time>2026-07-18T15:09:42Z</time><speed>0.000</speed><sat>15</sat></trkpt>
  <trkpt lat="26.42152000" lon="-80.16890000"><ele>19.337</ele><time>2026-07-18T15:09:43Z</time><speed>0.000</speed><sat>15</sat></trkpt>
  <trkpt lat="26.42152000" lon="-80.16890000"><ele>19.337</ele><time>2026-07-18T15:09:44Z</time><speed>0.000</speed><sat>14</sat></trkpt>
  <trkpt lat="26.42152000" lon="-80.16890000"><ele>19.337</ele><time>2026-07-18T15:09:45Z</time><speed>0.000</speed><sat>14</sat></trkpt>
  <trkpt lat="26.42152000" lon="-80.16890000"><ele>19.337</ele><time>2026-07-18T15:09:46Z</time><speed>0.000</speed><sat>14</sat></trkpt>
  <trkpt lat="26.42152000" lon="-80.16890000"><ele>19.337</ele><time>2026-07-18T15:09:47Z</time><speed>0.000</speed><sat>14</sat></trkpt>
  <trkpt lat="26.42152000" lon="-80.16890000"><ele>19.337</ele><time>2026-07-18T15:09:48Z</time><speed>0.000</speed><sat>15</sat></trkpt>
  <trkpt lat="26.42152000" lon="-80.16890000"><ele>19.337</ele><time>2026-07-18T15:09:49Z</time><speed>0.000</speed><sat>15</sat></trkpt>
  <trkpt lat="26.42152000" lon="-80.16890000"><ele>19.337</ele><time>2026-07-18T15:09:50Z</time><speed>0.000</speed><sat>15</sat></trkpt>
  <trkpt lat="26.42152000" lon="-80.16890000"><ele>19.337</ele><time>2026-07-18T15:09:51Z</time><speed>0.000</speed><sat>15</sat></trkpt>
  <trkpt lat="26.42152000" lon="-80.16890000"><ele>19.337</ele><time>2026-07-18T15:09:52Z</time><speed>0.000</speed><sat>15</sat></trkpt>
  <trkpt lat="26.42152000" lon="-80.16890000"><ele>19.337</ele><time>2026-07-18T15:09:53Z</time><speed>0.000</speed><sat>15</sat></trkpt>
  <trkpt lat="26.42152000" lon="-80.16890000"><ele>19.337</ele><time>2026-07-18T15:09:54Z</time><speed>0.000</speed><sat>14</sat></trkpt>
  <trkpt lat="26.42152000" lon="-80.16890000"><ele>19.337</ele><time>2026-07-18T15:09:55Z</time><speed>0.000</speed><sat>14</sat></trkpt>
  <trkpt lat="26.42152000" lon="-80.16890000"><ele>19.337</ele><time>2026-07-18T15:09:56Z</time><speed>0.000</speed><sat>14</sat></trkpt>
  <trkpt lat="26.42152000" lon="-80.16890000"><ele>19.337</ele><time>2026-07-18T15:09:57Z</time><speed>0.000</speed><sat>14</sat></trkpt>
  <trkpt lat="26.42152000" lon="-80.16890000"><ele>19.337</ele><time>2026-07-18T15:09:58Z</time><speed>0.000</speed><sat>14</sat></trkpt>
  <trkpt lat="26.42152000" lon="-80.16890000"><ele>19.337</ele><time>2026-07-18T15:09:59Z</time><speed>0.000</speed><sat>14</sat></trkpt>
  <trkpt lat="26.42152000" lon="-80.16890000"><ele>19.337</ele><time>2026-07-18T15:10:00Z</time><speed>0.000</speed><sat>14</sat></trkpt>
  <trkpt lat="26.42152000" lon="-80.16890000"><ele>19.337</ele><time>2026-07-18T15:10:01Z</time><speed>0.000</speed><sat>14</sat></trkpt>
  <trkpt lat="26.42152000" lon="-80.16890000"><ele>19.337</ele><time>2026-07-18T15:10:02Z</time><speed>0.000</speed><sat>14</sat></trkpt>
  <trkpt lat="26.42152000" lon="-80.16890000"><ele>19.337</ele><time>2026-07-18T15:10:03Z</time><speed>0.000</speed><sat>14</sat></trkpt>
  <trkpt lat="26.42152000" lon="-80.16890000"><ele>19.337</ele><time>2026-07-18T15:10:04Z</time><speed>0.000</speed><sat>14</sat></trkpt>
  <trkpt lat="26.42152000" lon="-80.16890000"><ele>19.337</ele><time>2026-07-18T15:10:05Z</time><speed>0.000</speed><sat>14</sat></trkpt>
  <trkpt lat="26.42152000" lon="-80.16890000"><ele>19.337</ele><time>2026-07-18T15:10:06Z</time><speed>0.000</speed><sat>13</sat></trkpt>
  <trkpt lat="26.42152000" lon="-80.16890000"><ele>19.337</ele><time>2026-07-18T15:10:07Z</time><speed>0.000</speed><sat>13</sat></trkpt>
  <trkpt lat="26.42152000" lon="-80.16890000"><ele>19.337</ele><time>2026-07-18T15:10:08Z</time><speed>0.000</speed><sat>13</sat></trkpt>
  <trkpt lat="26.42152000" lon="-80.16890000"><ele>19.337</ele><time>2026-07-18T15:10:09Z</time><speed>0.000</speed><sat>13</sat></trkpt>
  <trkpt lat="26.42152000" lon="-80.16890000"><ele>19.337</ele><time>2026-07-18T15:10:10Z</time><speed>0.000</speed><sat>14</sat></trkpt>
  <trkpt lat="26.42152000" lon="-80.16890000"><ele>19.337</ele><time>2026-07-18T15:10:11Z</time><speed>0.000</speed><sat>14</sat></trkpt>
  <trkpt lat="26.42152000" lon="-80.16890000"><ele>19.337</ele><time>2026-07-18T15:10:12Z</time><speed>0.000</speed><sat>13</sat></trkpt>
  <trkpt lat="26.42152000" lon="-80.16890000"><ele>19.337</ele><time>2026-07-18T15:10:13Z</time><speed>0.000</speed><sat>14</sat></trkpt>
  <trkpt lat="26.42152000" lon="-80.16890000"><ele>19.337</ele><time>2026-07-18T15:10:14Z</time><speed>0.000</speed><sat>13</sat></trkpt>
  <trkpt lat="26.42152000" lon="-80.16890000"><ele>19.337</ele><time>2026-07-18T15:10:15Z</time><speed>0.000</speed><sat>14</sat></trkpt>
  <trkpt lat="26.42152000" lon="-80.16890000"><ele>19.337</ele><time>2026-07-18T15:10:16Z</time><speed>0.000</speed><sat>14</sat></trkpt>
  <trkpt lat="26.42152000" lon="-80.16890000"><ele>19.337</ele><time>2026-07-18T15:10:17Z</time><speed>0.000</speed><sat>14</sat></trkpt>
  <trkpt lat="26.42152000" lon="-80.16890000"><ele>19.337</ele><time>2026-07-18T15:10:18Z</time><speed>0.000</speed><sat>14</sat></trkpt>
  <trkpt lat="26.42152000" lon="-80.16890000"><ele>19.337</ele><time>2026-07-18T15:10:19Z</time><speed>0.000</speed><sat>14</sat></trkpt>
  <trkpt lat="26.42152000" lon="-80.16890000"><ele>19.337</ele><time>2026-07-18T15:10:20Z</time><speed>0.000</speed><sat>14</sat></trkpt>
  <trkpt lat="26.42152000" lon="-80.16890000"><ele>19.337</ele><time>2026-07-18T15:10:21Z</time><speed>0.000</speed><sat>13</sat></trkpt>
  <trkpt lat="26.42152000" lon="-80.16890000"><ele>19.337</ele><time>2026-07-18T15:10:22Z</time><speed>0.000</speed><sat>13</sat></trkpt>
  <trkpt lat="26.42152000" lon="-80.16890000"><ele>19.337</ele><time>2026-07-18T15:10:23Z</time><speed>0.000</speed><sat>13</sat></trkpt>
  <trkpt lat="26.42152000" lon="-80.16890000"><ele>19.337</ele><time>2026-07-18T15:10:24Z</time><speed>0.000</speed><sat>14</sat></trkpt>
  <trkpt lat="26.42152000" lon="-80.16890000"><ele>19.337</ele><time>2026-07-18T15:10:25Z</time><speed>0.000</speed><sat>14</sat></trkpt>
  <trkpt lat="26.42152000" lon="-80.16890000"><ele>19.337</ele><time>2026-07-18T15:10:26Z</time><speed>0.000</speed><sat>13</sat></trkpt>
  <trkpt lat="26.42152000" lon="-80.16890000"><ele>19.337</ele><time>2026-07-18T15:10:27Z</time><speed>0.000</speed><sat>13</sat></trkpt>
  <trkpt lat="26.42152000" lon="-80.16890000"><ele>19.337</ele><time>2026-07-18T15:10:28Z</time><speed>0.000</speed><sat>13</sat></trkpt>
  <trkpt lat="26.42152000" lon="-80.16890000"><ele>19.337</ele><time>2026-07-18T15:10:29Z</time><speed>0.000</speed><sat>13</sat></trkpt>
  <trkpt lat="26.42152000" lon="-80.16890000"><ele>19.337</ele><time>2026-07-18T15:10:30Z</time><speed>0.000</speed><sat>14</sat></trkpt>
  <trkpt lat="26.42152000" lon="-80.16890000"><ele>19.337</ele><time>2026-07-18T15:10:31Z</time><speed>0.000</speed><sat>14</sat></trkpt>
  <trkpt lat="26.42152000" lon="-80.16890000"><ele>19.337</ele><time>2026-07-18T15:10:32Z</time><speed>0.000</speed><sat>14</sat></trkpt>
  <trkpt lat="26.42152000" lon="-80.16890000"><ele>19.337</ele><time>2026-07-18T15:10:33Z</time><speed>0.000</speed><sat>14</sat></trkpt>
  <trkpt lat="26.42152000" lon="-80.16890000"><ele>19.337</ele><time>2026-07-18T15:10:34Z</time><speed>0.000</speed><sat>15</sat></trkpt>
  <trkpt lat="26.42152000" lon="-80.16890000"><ele>19.337</ele><time>2026-07-18T15:10:35Z</time><speed>0.000</speed><sat>15</sat></trkpt>
  <trkpt lat="26.42152000" lon="-80.16890000"><ele>19.337</ele><time>2026-07-18T15:10:36Z</time><speed>0.000</speed><sat>15</sat></trkpt>
  <trkpt lat="26.42152000" lon="-80.16890000"><ele>19.337</ele><time>2026-07-18T15:10:37Z</time><speed>0.000</speed><sat>14</sat></trkpt>
  <trkpt lat="26.42152000" lon="-80.16890000"><ele>19.337</ele><time>2026-07-18T15:10:38Z</time><speed>0.000</speed><sat>15</sat></trkpt>
  <trkpt lat="26.42152000" lon="-80.16890000"><ele>19.337</ele><time>2026-07-18T15:10:39Z</time><speed>0.000</speed><sat>15</sat></trkpt>
  <trkpt lat="26.42152000" lon="-80.16890000"><ele>19.337</ele><time>2026-07-18T15:10:40Z</time><speed>0.000</speed><sat>14</sat></trkpt>
  <trkpt lat="26.42152000" lon="-80.16890000"><ele>19.337</ele><time>2026-07-18T15:10:41Z</time><speed>0.000</speed><sat>14</sat></trkpt>
  <trkpt lat="26.42152000" lon="-80.16890000"><ele>19.337</ele><time>2026-07-18T15:10:42Z</time><speed>0.000</speed><sat>13</sat></trkpt>
  <trkpt lat="26.42152000" lon="-80.16890000"><ele>19.337</ele><time>2026-07-18T15:10:43Z</time><speed>0.000</speed><sat>13</sat></trkpt>
  <trkpt lat="26.42152000" lon="-80.16890000"><ele>19.337</ele><time>2026-07-18T15:10:44Z</time><speed>0.000</speed><sat>14</sat></trkpt>
  <trkpt lat="26.42152000" lon="-80.16890000"><ele>19.337</ele><time>2026-07-18T15:10:45Z</time><speed>0.000</speed><sat>13</sat></trkpt>
  <trkpt lat="26.42152000" lon="-80.16890000"><ele>19.337</ele><time>2026-07-18T15:10:46Z</time><speed>0.000</speed><sat>13</sat></trkpt>
  <trkpt lat="26.42152000" lon="-80.16890000"><ele>19.337</ele><time>2026-07-18T15:10:47Z</time><speed>0.000</speed><sat>13</sat></trkpt>
  <trkpt lat="26.42152000" lon="-80.16890000"><ele>19.337</ele><time>2026-07-18T15:10:48Z</time><speed>0.000</speed><sat>14</sat></trkpt>
  <trkpt lat="26.42152000" lon="-80.16890000"><ele>19.337</ele><time>2026-07-18T15:10:49Z</time><speed>0.000</speed><sat>14</sat></trkpt>
  <trkpt lat="26.42152000" lon="-80.16890000"><ele>19.337</ele><time>2026-07-18T15:10:50Z</time><speed>0.000</speed><sat>14</sat></trkpt>
  <trkpt lat="26.42152000" lon="-80.16890000"><ele>19.337</ele><time>2026-07-18T15:10:51Z</time><speed>0.000</speed><sat>14</sat></trkpt>
  <trkpt lat="26.42152000" lon="-80.16890000"><ele>19.337</ele><time>2026-07-18T15:10:52Z</time><speed>0.000</speed><sat>14</sat></trkpt>
  <trkpt lat="26.42152000" lon="-80.16890000"><ele>19.337</ele><time>2026-07-18T15:10:53Z</time><speed>0.000</speed><sat>14</sat></trkpt>
  <trkpt lat="26.42152000" lon="-80.16890000"><ele>19.337</ele><time>2026-07-18T15:10:54Z</time><speed>0.000</speed><sat>14</sat></trkpt>
  <trkpt lat="26.42152000" lon="-80.16890000"><ele>19.337</ele><time>2026-07-18T15:10:55Z</time><speed>0.000</speed><sat>13</sat></trkpt>
  <trkpt lat="26.42152000" lon="-80.16890000"><ele>19.337</ele><time>2026-07-18T15:10:56Z</time><speed>0.000</speed><sat>13</sat></trkpt>
  <trkpt lat="26.42152000" lon="-80.16890000"><ele>19.337</ele><time>2026-07-18T15:10:57Z</time><speed>0.000</speed><sat>14</sat></trkpt>
  <trkpt lat="26.42152000" lon="-80.16890000"><ele>19.337</ele><time>2026-07-18T15:10:58Z</time><speed>0.000</speed><sat>14</sat></trkpt>
  <trkpt lat="26.42152000" lon="-80.16890000"><ele>19.337</ele><time>2026-07-18T15:10:59Z</time><speed>0.000</speed><sat>14</sat></trkpt>
  <trkpt lat="26.42152000" lon="-80.16890000"><ele>19.337</ele><time>2026-07-18T15:11:00Z</time><speed>0.000</speed><sat>14</sat></trkpt>
  <trkpt lat="26.42152000" lon="-80.16890000"><ele>19.337</ele><time>2026-07-18T15:11:01Z</time><speed>0.000</speed><sat>15</sat></trkpt>
  <trkpt lat="26.42152000" lon="-80.16890000"><ele>19.337</ele><time>2026-07-18T15:11:02Z</time><speed>0.000</speed><sat>15</sat></trkpt>
  <trkpt lat="26.42154667" lon="-80.16890000"><ele>10.637</ele><time>2026-07-18T15:26:07Z</time><speed>0.000</speed><sat>16</sat></trkpt>
  <trkpt lat="26.42154667" lon="-80.16890000"><ele>10.637</ele><time>2026-07-18T15:26:08Z</time><speed>0.000</speed><sat>16</sat></trkpt>
  <trkpt lat="26.42154667" lon="-80.16890000"><ele>10.637</ele><time>2026-07-18T15:26:09Z</time><speed>0.000</speed><sat>16</sat></trkpt>
  <trkpt lat="26.42154667" lon="-80.16890000"><ele>10.637</ele><time>2026-07-18T15:26:10Z</time><speed>0.000</speed><sat>16</sat></trkpt>
  <trkpt lat="26.42154667" lon="-80.16890000"><ele>10.637</ele><time>2026-07-18T15:26:11Z</time><speed>0.000</speed><sat>16</sat></trkpt>
  <trkpt lat="26.42154667" lon="-80.16890000"><ele>10.637</ele><time>2026-07-18T15:26:12Z</time><speed>0.000</speed><sat>16</sat></trkpt>
  <trkpt lat="26.42154667" lon="-80.16890000"><ele>10.637</ele><time>2026-07-18T15:26:13Z</time><speed>0.000</speed><sat>16</sat></trkpt>
  <trkpt lat="26.42154667" lon="-80.16890000"><ele>10.637</ele><time>2026-07-18T15:26:14Z</time><speed>0.000</speed><sat>16</sat></trkpt>
  <trkpt lat="26.42154667" lon="-80.16890000"><ele>10.637</ele><time>2026-07-18T15:26:15Z</time><speed>0.000</speed><sat>16</sat></trkpt>
  <trkpt lat="26.42154667" lon="-80.16890000"><ele>10.637</ele><time>2026-07-18T15:26:16Z</time><speed>0.000</speed><sat>16</sat></trkpt>
  <trkpt lat="26.42154667" lon="-80.16890000"><ele>10.637</ele><time>2026-07-18T15:26:17Z</time><speed>0.000</speed><sat>16</sat></trkpt>
  <trkpt lat="26.42154667" lon="-80.16890000"><ele>10.637</ele><time>2026-07-18T15:26:18Z</time><speed>0.000</speed><sat>16</sat></trkpt>
  <trkpt lat="26.42154667" lon="-80.16890000"><ele>10.637</ele><time>2026-07-18T15:26:19Z</time><speed>0.000</speed><sat>16</sat></trkpt>
  <trkpt lat="26.42154667" lon="-80.16890000"><ele>10.637</ele><time>2026-07-18T15:26:20Z</time><speed>0.000</speed><sat>16</sat></trkpt>
  <trkpt lat="26.42154667" lon="-80.16890000"><ele>10.637</ele><time>2026-07-18T15:26:21Z</time><speed>0.000</speed><sat>16</sat></trkpt>
  <trkpt lat="26.42154667" lon="-80.16890000"><ele>10.637</ele><time>2026-07-18T15:26:22Z</time><speed>0.000</speed><sat>16</sat></trkpt>
  <trkpt lat="26.42154667" lon="-80.16890000"><ele>10.637</ele><time>2026-07-18T15:26:23Z</time><speed>0.000</speed><sat>16</sat></trkpt>
  <trkpt lat="26.42154667" lon="-80.16890000"><ele>10.637</ele><time>2026-07-18T15:26:24Z</time><speed>0.000</speed><sat>16</sat></trkpt>
  <trkpt lat="26.42154667" lon="-80.16890000"><ele>10.637</ele><time>2026-07-18T15:26:25Z</time><speed>0.000</speed><sat>16</sat></trkpt>
  <trkpt lat="26.42154667" lon="-80.16890000"><ele>10.637</ele><time>2026-07-18T15:26:26Z</time><speed>0.000</speed><sat>16</sat></trkpt>
  <trkpt lat="26.42154667" lon="-80.16890000"><ele>10.637</ele><time>2026-07-18T15:26:27Z</time><speed>0.000</speed><sat>16</sat></trkpt>
  <trkpt lat="26.42154667" lon="-80.16890000"><ele>10.637</ele><time>2026-07-18T15:26:28Z</time><speed>0.000</speed><sat>16</sat></trkpt>
  <trkpt lat="26.42154667" lon="-80.16890000"><ele>10.637</ele><time>2026-07-18T15:26:29Z</time><speed>0.000</speed><sat>16</sat></trkpt>
  <trkpt lat="26.42154667" lon="-80.16890000"><ele>10.637</ele><time>2026-07-18T15:26:30Z</time><speed>0.000</speed><sat>16</sat></trkpt>
  <trkpt lat="26.42154667" lon="-80.16890000"><ele>10.637</ele><time>2026-07-18T15:26:31Z</time><speed>0.000</speed><sat>16</sat></trkpt>
  <trkpt lat="26.42154667" lon="-80.16890000"><ele>10.637</ele><time>2026-07-18T15:26:32Z</time><speed>0.000</speed><sat>16</sat></trkpt>
  <trkpt lat="26.42154667" lon="-80.16890000"><ele>10.637</ele><time>2026-07-18T15:26:33Z</time><speed>0.000</speed><sat>16</sat></trkpt>
  <trkpt lat="26.42154667" lon="-80.16890000"><ele>10.637</ele><time>2026-07-18T15:26:34Z</time><speed>0.000</speed><sat>16</sat></trkpt>
  <trkpt lat="26.42154667" lon="-80.16890000"><ele>10.637</ele><time>2026-07-18T15:26:35Z</time><speed>0.000</speed><sat>16</sat></trkpt>
  <trkpt lat="26.42154667" lon="-80.16890000"><ele>10.637</ele><time>2026-07-18T15:26:36Z</time><speed>0.000</speed><sat>16</sat></trkpt>
  <trkpt lat="26.42154667" lon="-80.16890000"><ele>10.637</ele><time>2026-07-18T15:26:37Z</time><speed>0.000</speed><sat>16</sat></trkpt>
  <trkpt lat="26.42154667" lon="-80.16890000"><ele>10.637</ele><time>2026-07-18T15:26:38Z</time><speed>0.000</speed><sat>16</sat></trkpt>
  <trkpt lat="26.42154667" lon="-80.16890000"><ele>10.637</ele><time>2026-07-18T15:26:39Z</time><speed>0.000</speed><sat>16</sat></trkpt>
  <trkpt lat="26.42154667" lon="-80.16890000"><ele>10.637</ele><time>2026-07-18T15:26:40Z</time><speed>0.000</speed><sat>16</sat></trkpt>
  <trkpt lat="26.42154667" lon="-80.16890000"><ele>10.637</ele><time>2026-07-18T15:26:41Z</time><speed>0.000</speed><sat>16</sat></trkpt>
  <trkpt lat="26.42154667" lon="-80.16890000"><ele>10.637</ele><time>2026-07-18T15:26:42Z</time><speed>0.000</speed><sat>16</sat></trkpt>
  <trkpt lat="26.42154667" lon="-80.16890000"><ele>10.637</ele><time>2026-07-18T15:26:43Z</time><speed>0.000</speed><sat>16</sat></trkpt>
  <trkpt lat="26.42154667" lon="-80.16890000"><ele>10.637</ele><time>2026-07-18T15:26:44Z</time><speed>0.000</speed><sat>16</sat></trkpt>
  <trkpt lat="26.42154667" lon="-80.16890000"><ele>10.637</ele><time>2026-07-18T15:26:45Z</time><speed>0.000</speed><sat>16</sat></trkpt>
  <trkpt lat="26.42154667" lon="-80.16890000"><ele>10.637</ele><time>2026-07-18T15:26:46Z</time><speed>0.000</speed><sat>16</sat></trkpt>
  <trkpt lat="26.42154667" lon="-80.16890000"><ele>10.637</ele><time>2026-07-18T15:26:47Z</time><speed>0.000</speed><sat>16</sat></trkpt>
  <trkpt lat="26.42154667" lon="-80.16890000"><ele>10.637</ele><time>2026-07-18T15:26:48Z</time><speed>0.000</speed><sat>16</sat></trkpt>
  <trkpt lat="26.42154667" lon="-80.16890000"><ele>10.637</ele><time>2026-07-18T15:26:49Z</time><speed>0.000</speed><sat>16</sat></trkpt>
  <trkpt lat="26.42156333" lon="-80.16889500"><ele>13.737</ele><time>2026-07-18T15:26:50Z</time><speed>0.264</speed><sat>16</sat></trkpt>
  <trkpt lat="26.42157333" lon="-80.16889000"><ele>13.337</ele><time>2026-07-18T15:26:51Z</time><speed>0.357</speed><sat>16</sat></trkpt>
  <trkpt lat="26.42158500" lon="-80.16888833"><ele>12.837</ele><time>2026-07-18T15:26:52Z</time><speed>0.485</speed><sat>16</sat></trkpt>
  <trkpt lat="26.42160000" lon="-80.16889167"><ele>12.637</ele><time>2026-07-18T15:26:53Z</time><speed>0.649</speed><sat>16</sat></trkpt>
  <trkpt lat="26.42161167" lon="-80.16889167"><ele>12.637</ele><time>2026-07-18T15:26:54Z</time><speed>0.707</speed><sat>16</sat></trkpt>
  <trkpt lat="26.42162167" lon="-80.16889500"><ele>12.937</ele><time>2026-07-18T15:26:55Z</time><speed>0.800</speed><sat>16</sat></trkpt>
  <trkpt lat="26.42162833" lon="-80.16889000"><ele>12.937</ele><time>2026-07-18T15:26:56Z</time><speed>0.907</speed><sat>16</sat></trkpt>
  <trkpt lat="26.42163833" lon="-80.16888667"><ele>13.237</ele><time>2026-07-18T15:26:57Z</time><speed>0.988</speed><sat>16</sat></trkpt>
  <trkpt lat="26.42164500" lon="-80.16887833"><ele>13.137</ele><time>2026-07-18T15:26:58Z</time><speed>1.102</speed><sat>16</sat></trkpt>
  <trkpt lat="26.42165500" lon="-80.16887167"><ele>12.737</ele><time>2026-07-18T15:26:59Z</time><speed>1.176</speed><sat>16</sat></trkpt>
  <trkpt lat="26.42166333" lon="-80.16886167"><ele>12.437</ele><time>2026-07-18T15:27:00Z</time><speed>1.219</speed><sat>16</sat></trkpt>
  <trkpt lat="26.42167500" lon="-80.16884667"><ele>12.237</ele><time>2026-07-18T15:27:01Z</time><speed>1.251</speed><sat>16</sat></trkpt>
  <trkpt lat="26.42168500" lon="-80.16884000"><ele>12.237</ele><time>2026-07-18T15:27:02Z</time><speed>1.264</speed><sat>16</sat></trkpt>
  <trkpt lat="26.42169167" lon="-80.16882833"><ele>11.837</ele><time>2026-07-18T15:27:03Z</time><speed>1.246</speed><sat>16</sat></trkpt>
  <trkpt lat="26.42170333" lon="-80.16881833"><ele>11.637</ele><time>2026-07-18T15:27:04Z</time><speed>1.300</speed><sat>16</sat></trkpt>
  <trkpt lat="26.42172000" lon="-80.16881333"><ele>11.537</ele><time>2026-07-18T15:27:05Z</time><speed>1.359</speed><sat>16</sat></trkpt>
  <trkpt lat="26.42173500" lon="-80.16881000"><ele>11.537</ele><time>2026-07-18T15:27:06Z</time><speed>1.387</speed><sat>16</sat></trkpt>
  <trkpt lat="26.42174833" lon="-80.16880667"><ele>10.837</ele><time>2026-07-18T15:27:07Z</time><speed>1.454</speed><sat>16</sat></trkpt>
  <trkpt lat="26.42176500" lon="-80.16880000"><ele>10.537</ele><time>2026-07-18T15:27:08Z</time><speed>1.508</speed><sat>16</sat></trkpt>
  <trkpt lat="26.42177667" lon="-80.16878833"><ele>10.337</ele><time>2026-07-18T15:27:09Z</time><speed>1.550</speed><sat>16</sat></trkpt>
  <trkpt lat="26.42178833" lon="-80.16878000"><ele>10.337</ele><time>2026-07-18T15:27:10Z</time><speed>1.590</speed><sat>16</sat></trkpt>
  <trkpt lat="26.42180167" lon="-80.16877167"><ele>10.438</ele><time>2026-07-18T15:27:11Z</time><speed>1.636</speed><sat>16</sat></trkpt>
  <trkpt lat="26.42181333" lon="-80.16875833"><ele>10.638</ele><time>2026-07-18T15:27:12Z</time><speed>1.662</speed><sat>16</sat></trkpt>
  <trkpt lat="26.42182500" lon="-80.16874833"><ele>10.938</ele><time>2026-07-18T15:27:13Z</time><speed>1.687</speed><sat>16</sat></trkpt>
  <trkpt lat="26.42183833" lon="-80.16873833"><ele>10.938</ele><time>2026-07-18T15:27:14Z</time><speed>1.710</speed><sat>16</sat></trkpt>
  <trkpt lat="26.42185333" lon="-80.16872833"><ele>11.238</ele><time>2026-07-18T15:27:15Z</time><speed>1.735</speed><sat>16</sat></trkpt>
  <trkpt lat="26.42186500" lon="-80.16871500"><ele>11.238</ele><time>2026-07-18T15:27:16Z</time><speed>1.768</speed><sat>16</sat></trkpt>
  <trkpt lat="26.42187667" lon="-80.16870500"><ele>11.538</ele><time>2026-07-18T15:27:17Z</time><speed>1.778</speed><sat>16</sat></trkpt>
  <trkpt lat="26.42189167" lon="-80.16869333"><ele>11.838</ele><time>2026-07-18T15:27:18Z</time><speed>1.804</speed><sat>16</sat></trkpt>
  <trkpt lat="26.42190333" lon="-80.16868167"><ele>12.138</ele><time>2026-07-18T15:27:19Z</time><speed>1.854</speed><sat>16</sat></trkpt>
  <trkpt lat="26.42191833" lon="-80.16866000"><ele>12.338</ele><time>2026-07-18T15:27:20Z</time><speed>1.905</speed><sat>16</sat></trkpt>
  <trkpt lat="26.42193500" lon="-80.16864167"><ele>12.838</ele><time>2026-07-18T15:27:21Z</time><speed>1.979</speed><sat>16</sat></trkpt>
  <trkpt lat="26.42195167" lon="-80.16862833"><ele>12.838</ele><time>2026-07-18T15:27:22Z</time><speed>2.019</speed><sat>16</sat></trkpt>
  <trkpt lat="26.42197167" lon="-80.16861333"><ele>12.438</ele><time>2026-07-18T15:27:23Z</time><speed>2.086</speed><sat>16</sat></trkpt>
  <trkpt lat="26.42199333" lon="-80.16859333"><ele>11.838</ele><time>2026-07-18T15:27:24Z</time><speed>2.189</speed><sat>16</sat></trkpt>
  <trkpt lat="26.42201000" lon="-80.16857333"><ele>11.238</ele><time>2026-07-18T15:27:25Z</time><speed>2.291</speed><sat>16</sat></trkpt>
  <trkpt lat="26.42203167" lon="-80.16855000"><ele>10.739</ele><time>2026-07-18T15:27:26Z</time><speed>2.445</speed><sat>16</sat></trkpt>
  <trkpt lat="26.42204500" lon="-80.16852667"><ele>10.439</ele><time>2026-07-18T15:27:27Z</time><speed>2.529</speed><sat>16</sat></trkpt>
  <trkpt lat="26.42205667" lon="-80.16850500"><ele>10.239</ele><time>2026-07-18T15:27:28Z</time><speed>2.562</speed><sat>16</sat></trkpt>
  <trkpt lat="26.42206833" lon="-80.16849000"><ele>10.539</ele><time>2026-07-18T15:27:29Z</time><speed>2.580</speed><sat>16</sat></trkpt>
  <trkpt lat="26.42207833" lon="-80.16847000"><ele>10.539</ele><time>2026-07-18T15:27:30Z</time><speed>2.564</speed><sat>16</sat></trkpt>
  <trkpt lat="26.42208000" lon="-80.16845333"><ele>10.839</ele><time>2026-07-18T15:27:31Z</time><speed>2.508</speed><sat>16</sat></trkpt>
  <trkpt lat="26.42208333" lon="-80.16843500"><ele>11.139</ele><time>2026-07-18T15:27:32Z</time><speed>2.503</speed><sat>16</sat></trkpt>
  <trkpt lat="26.42208667" lon="-80.16841500"><ele>11.739</ele><time>2026-07-18T15:27:33Z</time><speed>2.439</speed><sat>16</sat></trkpt>
  <trkpt lat="26.42208833" lon="-80.16839500"><ele>12.039</ele><time>2026-07-18T15:27:34Z</time><speed>2.358</speed><sat>16</sat></trkpt>
  <trkpt lat="26.42209167" lon="-80.16837500"><ele>12.439</ele><time>2026-07-18T15:27:35Z</time><speed>2.292</speed><sat>16</sat></trkpt>
  <trkpt lat="26.42210000" lon="-80.16835333"><ele>12.739</ele><time>2026-07-18T15:27:36Z</time><speed>2.173</speed><sat>16</sat></trkpt>
  <trkpt lat="26.42210500" lon="-80.16833500"><ele>12.840</ele><time>2026-07-18T15:27:37Z</time><speed>2.074</speed><sat>16</sat></trkpt>
  <trkpt lat="26.42210833" lon="-80.16831667"><ele>12.640</ele><time>2026-07-18T15:27:38Z</time><speed>2.023</speed><sat>16</sat></trkpt>
  <trkpt lat="26.42210667" lon="-80.16829500"><ele>12.640</ele><time>2026-07-18T15:27:39Z</time><speed>2.002</speed><sat>16</sat></trkpt>
  <trkpt lat="26.42210500" lon="-80.16827167"><ele>12.440</ele><time>2026-07-18T15:27:40Z</time><speed>1.996</speed><sat>16</sat></trkpt>
  <trkpt lat="26.42210000" lon="-80.16825000"><ele>12.340</ele><time>2026-07-18T15:27:41Z</time><speed>1.992</speed><sat>16</sat></trkpt>
  <trkpt lat="26.42209500" lon="-80.16823333"><ele>12.140</ele><time>2026-07-18T15:27:42Z</time><speed>1.984</speed><sat>16</sat></trkpt>
  <trkpt lat="26.42209167" lon="-80.16821333"><ele>11.740</ele><time>2026-07-18T15:27:43Z</time><speed>2.020</speed><sat>16</sat></trkpt>
  <trkpt lat="26.42208667" lon="-80.16819500"><ele>11.940</ele><time>2026-07-18T15:27:44Z</time><speed>2.042</speed><sat>16</sat></trkpt>
  <trkpt lat="26.42208667" lon="-80.16817167"><ele>12.040</ele><time>2026-07-18T15:27:45Z</time><speed>2.042</speed><sat>16</sat></trkpt>
  <trkpt lat="26.42208333" lon="-80.16815000"><ele>12.240</ele><time>2026-07-18T15:27:46Z</time><speed>2.038</speed><sat>16</sat></trkpt>
  <trkpt lat="26.42207833" lon="-80.16812833"><ele>12.440</ele><time>2026-07-18T15:27:47Z</time><speed>2.088</speed><sat>16</sat></trkpt>
  <trkpt lat="26.42207667" lon="-80.16810333"><ele>12.340</ele><time>2026-07-18T15:27:48Z</time><speed>2.127</speed><sat>16</sat></trkpt>
  <trkpt lat="26.42207667" lon="-80.16808000"><ele>12.341</ele><time>2026-07-18T15:27:49Z</time><speed>2.132</speed><sat>16</sat></trkpt>
  <trkpt lat="26.42207167" lon="-80.16805500"><ele>12.641</ele><time>2026-07-18T15:27:50Z</time><speed>2.134</speed><sat>16</sat></trkpt>
  <trkpt lat="26.42207000" lon="-80.16803333"><ele>12.741</ele><time>2026-07-18T15:27:51Z</time><speed>2.154</speed><sat>16</sat></trkpt>
  <trkpt lat="26.42206833" lon="-80.16801333"><ele>12.841</ele><time>2026-07-18T15:27:52Z</time><speed>2.162</speed><sat>16</sat></trkpt>
  <trkpt lat="26.42206667" lon="-80.16799167"><ele>13.141</ele><time>2026-07-18T15:27:53Z</time><speed>2.161</speed><sat>16</sat></trkpt>
  <trkpt lat="26.42206000" lon="-80.16797000"><ele>13.441</ele><time>2026-07-18T15:27:54Z</time><speed>2.156</speed><sat>16</sat></trkpt>
  <trkpt lat="26.42205833" lon="-80.16795167"><ele>14.041</ele><time>2026-07-18T15:27:55Z</time><speed>2.164</speed><sat>16</sat></trkpt>
  <trkpt lat="26.42206000" lon="-80.16793333"><ele>14.241</ele><time>2026-07-18T15:27:56Z</time><speed>2.177</speed><sat>16</sat></trkpt>
  <trkpt lat="26.42206167" lon="-80.16791500"><ele>13.741</ele><time>2026-07-18T15:27:57Z</time><speed>2.190</speed><sat>16</sat></trkpt>
  <trkpt lat="26.42206167" lon="-80.16789333"><ele>13.341</ele><time>2026-07-18T15:27:58Z</time><speed>2.180</speed><sat>16</sat></trkpt>
  <trkpt lat="26.42206333" lon="-80.16787000"><ele>13.041</ele><time>2026-07-18T15:27:59Z</time><speed>2.188</speed><sat>16</sat></trkpt>
  <trkpt lat="26.42206333" lon="-80.16784667"><ele>13.041</ele><time>2026-07-18T15:28:00Z</time><speed>2.208</speed><sat>16</sat></trkpt>
  <trkpt lat="26.42206167" lon="-80.16782333"><ele>13.042</ele><time>2026-07-18T15:28:01Z</time><speed>2.231</speed><sat>16</sat></trkpt>
  <trkpt lat="26.42206000" lon="-80.16779667"><ele>13.042</ele><time>2026-07-18T15:28:02Z</time><speed>2.294</speed><sat>16</sat></trkpt>
  <trkpt lat="26.42206000" lon="-80.16776833"><ele>13.142</ele><time>2026-07-18T15:28:03Z</time><speed>2.373</speed><sat>16</sat></trkpt>
  <trkpt lat="26.42205833" lon="-80.16773500"><ele>13.442</ele><time>2026-07-18T15:28:04Z</time><speed>2.491</speed><sat>16</sat></trkpt>
  <trkpt lat="26.42205833" lon="-80.16770167"><ele>13.342</ele><time>2026-07-18T15:28:05Z</time><speed>2.614</speed><sat>16</sat></trkpt>
  <trkpt lat="26.42205667" lon="-80.16766667"><ele>13.042</ele><time>2026-07-18T15:28:06Z</time><speed>2.750</speed><sat>16</sat></trkpt>
  <trkpt lat="26.42204667" lon="-80.16763167"><ele>12.842</ele><time>2026-07-18T15:28:07Z</time><speed>2.870</speed><sat>16</sat></trkpt>
  <trkpt lat="26.42203500" lon="-80.16759833"><ele>12.843</ele><time>2026-07-18T15:28:08Z</time><speed>2.984</speed><sat>16</sat></trkpt>
  <trkpt lat="26.42203167" lon="-80.16756833"><ele>12.743</ele><time>2026-07-18T15:28:09Z</time><speed>3.076</speed><sat>16</sat></trkpt>
  <trkpt lat="26.42202667" lon="-80.16753833"><ele>13.143</ele><time>2026-07-18T15:28:10Z</time><speed>3.131</speed><sat>16</sat></trkpt>
  <trkpt lat="26.42202500" lon="-80.16750667"><ele>13.443</ele><time>2026-07-18T15:28:11Z</time><speed>3.202</speed><sat>16</sat></trkpt>
  <trkpt lat="26.42202333" lon="-80.16747500"><ele>14.043</ele><time>2026-07-18T15:28:12Z</time><speed>3.255</speed><sat>16</sat></trkpt>
  <trkpt lat="26.42202667" lon="-80.16744167"><ele>14.043</ele><time>2026-07-18T15:28:13Z</time><speed>3.291</speed><sat>16</sat></trkpt>
  <trkpt lat="26.42203167" lon="-80.16741000"><ele>14.043</ele><time>2026-07-18T15:28:14Z</time><speed>3.292</speed><sat>16</sat></trkpt>
  <trkpt lat="26.42203500" lon="-80.16737500"><ele>14.043</ele><time>2026-07-18T15:28:15Z</time><speed>3.277</speed><sat>16</sat></trkpt>
  <trkpt lat="26.42204000" lon="-80.16734000"><ele>13.644</ele><time>2026-07-18T15:28:16Z</time><speed>3.256</speed><sat>16</sat></trkpt>
  <trkpt lat="26.42204333" lon="-80.16730500"><ele>13.644</ele><time>2026-07-18T15:28:17Z</time><speed>3.257</speed><sat>16</sat></trkpt>
  <trkpt lat="26.42204667" lon="-80.16727000"><ele>13.444</ele><time>2026-07-18T15:28:18Z</time><speed>3.250</speed><sat>16</sat></trkpt>
  <trkpt lat="26.42204833" lon="-80.16723833"><ele>13.344</ele><time>2026-07-18T15:28:19Z</time><speed>3.237</speed><sat>16</sat></trkpt>
  <trkpt lat="26.42204833" lon="-80.16720833"><ele>13.144</ele><time>2026-07-18T15:28:20Z</time><speed>3.262</speed><sat>16</sat></trkpt>
  <trkpt lat="26.42204833" lon="-80.16717667"><ele>13.244</ele><time>2026-07-18T15:28:21Z</time><speed>3.274</speed><sat>16</sat></trkpt>
  <trkpt lat="26.42204667" lon="-80.16714500"><ele>13.444</ele><time>2026-07-18T15:28:22Z</time><speed>3.262</speed><sat>16</sat></trkpt>
  <trkpt lat="26.42204333" lon="-80.16711333"><ele>13.645</ele><time>2026-07-18T15:28:23Z</time><speed>3.242</speed><sat>16</sat></trkpt>
  <trkpt lat="26.42203833" lon="-80.16708167"><ele>14.045</ele><time>2026-07-18T15:28:24Z</time><speed>3.209</speed><sat>16</sat></trkpt>
  <trkpt lat="26.42203500" lon="-80.16705000"><ele>14.345</ele><time>2026-07-18T15:28:25Z</time><speed>3.201</speed><sat>16</sat></trkpt>
  <trkpt lat="26.42202333" lon="-80.16701333"><ele>14.945</ele><time>2026-07-18T15:28:26Z</time><speed>3.174</speed><sat>16</sat></trkpt>
  <trkpt lat="26.42202333" lon="-80.16698167"><ele>15.145</ele><time>2026-07-18T15:28:27Z</time><speed>3.149</speed><sat>16</sat></trkpt>
  <trkpt lat="26.42202667" lon="-80.16695167"><ele>14.745</ele><time>2026-07-18T15:28:28Z</time><speed>3.141</speed><sat>16</sat></trkpt>
  <trkpt lat="26.42203333" lon="-80.16692500"><ele>14.445</ele><time>2026-07-18T15:28:29Z</time><speed>3.187</speed><sat>16</sat></trkpt>
  <trkpt lat="26.42203667" lon="-80.16689000"><ele>14.745</ele><time>2026-07-18T15:28:30Z</time><speed>3.220</speed><sat>16</sat></trkpt>
  <trkpt lat="26.42204333" lon="-80.16686000"><ele>14.746</ele><time>2026-07-18T15:28:31Z</time><speed>3.171</speed><sat>16</sat></trkpt>
  <trkpt lat="26.42204667" lon="-80.16683500"><ele>14.446</ele><time>2026-07-18T15:28:32Z</time><speed>3.178</speed><sat>16</sat></trkpt>
  <trkpt lat="26.42204833" lon="-80.16681333"><ele>13.546</ele><time>2026-07-18T15:28:33Z</time><speed>3.180</speed><sat>16</sat></trkpt>
  <trkpt lat="26.42204500" lon="-80.16678167"><ele>13.546</ele><time>2026-07-18T15:28:34Z</time><speed>3.193</speed><sat>16</sat></trkpt>
  <trkpt lat="26.42203833" lon="-80.16675000"><ele>13.446</ele><time>2026-07-18T15:28:35Z</time><speed>3.131</speed><sat>16</sat></trkpt>
  <trkpt lat="26.42203000" lon="-80.16672667"><ele>13.346</ele><time>2026-07-18T15:28:36Z</time><speed>3.039</speed><sat>16</sat></trkpt>
  <trkpt lat="26.42201333" lon="-80.16670333"><ele>13.546</ele><time>2026-07-18T15:28:37Z</time><speed>2.937</speed><sat>16</sat></trkpt>
  <trkpt lat="26.42200167" lon="-80.16668333"><ele>14.046</ele><time>2026-07-18T15:28:38Z</time><speed>2.841</speed><sat>16</sat></trkpt>
  <trkpt lat="26.42199333" lon="-80.16666000"><ele>14.346</ele><time>2026-07-18T15:28:39Z</time><speed>2.706</speed><sat>16</sat></trkpt>
  <trkpt lat="26.42198500" lon="-80.16663833"><ele>14.546</ele><time>2026-07-18T15:28:40Z</time><speed>2.580</speed><sat>16</sat></trkpt>
  <trkpt lat="26.42197667" lon="-80.16661667"><ele>14.447</ele><time>2026-07-18T15:28:41Z</time><speed>2.537</speed><sat>16</sat></trkpt>
  <trkpt lat="26.42196333" lon="-80.16659667"><ele>14.447</ele><time>2026-07-18T15:28:42Z</time><speed>2.451</speed><sat>16</sat></trkpt>
  <trkpt lat="26.42194833" lon="-80.16657833"><ele>14.547</ele><time>2026-07-18T15:28:43Z</time><speed>2.372</speed><sat>16</sat></trkpt>
  <trkpt lat="26.42193500" lon="-80.16655833"><ele>14.547</ele><time>2026-07-18T15:28:44Z</time><speed>2.314</speed><sat>16</sat></trkpt>
  <trkpt lat="26.42191833" lon="-80.16654000"><ele>14.647</ele><time>2026-07-18T15:28:45Z</time><speed>2.329</speed><sat>16</sat></trkpt>
  <trkpt lat="26.42189833" lon="-80.16651833"><ele>14.747</ele><time>2026-07-18T15:28:46Z</time><speed>2.383</speed><sat>16</sat></trkpt>
  <trkpt lat="26.42187833" lon="-80.16649833"><ele>14.647</ele><time>2026-07-18T15:28:47Z</time><speed>2.429</speed><sat>16</sat></trkpt>
  <trkpt lat="26.42185667" lon="-80.16647500"><ele>14.447</ele><time>2026-07-18T15:28:48Z</time><speed>2.496</speed><sat>16</sat></trkpt>
  <trkpt lat="26.42183167" lon="-80.16645500"><ele>14.247</ele><time>2026-07-18T15:28:49Z</time><speed>2.542</speed><sat>16</sat></trkpt>
  <trkpt lat="26.42181333" lon="-80.16643667"><ele>14.047</ele><time>2026-07-18T15:28:50Z</time><speed>2.577</speed><sat>16</sat></trkpt>
  <trkpt lat="26.42179500" lon="-80.16642000"><ele>13.847</ele><time>2026-07-18T15:28:51Z</time><speed>2.607</speed><sat>16</sat></trkpt>
  <trkpt lat="26.42178000" lon="-80.16640500"><ele>14.047</ele><time>2026-07-18T15:28:52Z</time><speed>2.642</speed><sat>16</sat></trkpt>
  <trkpt lat="26.42176333" lon="-80.16638667"><ele>14.147</ele><time>2026-07-18T15:28:53Z</time><speed>2.685</speed><sat>16</sat></trkpt>
  <trkpt lat="26.42174833" lon="-80.16636500"><ele>14.247</ele><time>2026-07-18T15:28:54Z</time><speed>2.728</speed><sat>16</sat></trkpt>
  <trkpt lat="26.42173167" lon="-80.16634333"><ele>14.248</ele><time>2026-07-18T15:28:55Z</time><speed>2.728</speed><sat>16</sat></trkpt>
  <trkpt lat="26.42171500" lon="-80.16632000"><ele>13.748</ele><time>2026-07-18T15:28:56Z</time><speed>2.748</speed><sat>16</sat></trkpt>
  <trkpt lat="26.42169667" lon="-80.16629667"><ele>13.848</ele><time>2026-07-18T15:28:57Z</time><speed>2.792</speed><sat>16</sat></trkpt>
  <trkpt lat="26.42167833" lon="-80.16627333"><ele>13.748</ele><time>2026-07-18T15:28:58Z</time><speed>2.826</speed><sat>16</sat></trkpt>
  <trkpt lat="26.42165667" lon="-80.16625000"><ele>13.548</ele><time>2026-07-18T15:28:59Z</time><speed>2.859</speed><sat>16</sat></trkpt>
  <trkpt lat="26.42163500" lon="-80.16622833"><ele>13.648</ele><time>2026-07-18T15:29:00Z</time><speed>2.910</speed><sat>16</sat></trkpt>
  <trkpt lat="26.42161000" lon="-80.16621167"><ele>14.148</ele><time>2026-07-18T15:29:01Z</time><speed>2.952</speed><sat>16</sat></trkpt>
  <trkpt lat="26.42158833" lon="-80.16619167"><ele>14.248</ele><time>2026-07-18T15:29:02Z</time><speed>2.979</speed><sat>16</sat></trkpt>
  <trkpt lat="26.42156667" lon="-80.16617500"><ele>14.448</ele><time>2026-07-18T15:29:03Z</time><speed>2.985</speed><sat>16</sat></trkpt>
  <trkpt lat="26.42155000" lon="-80.16616333"><ele>14.848</ele><time>2026-07-18T15:29:04Z</time><speed>2.955</speed><sat>16</sat></trkpt>
  <trkpt lat="26.42152833" lon="-80.16614833"><ele>15.148</ele><time>2026-07-18T15:29:05Z</time><speed>3.014</speed><sat>16</sat></trkpt>
  <trkpt lat="26.42150833" lon="-80.16613667"><ele>14.948</ele><time>2026-07-18T15:29:06Z</time><speed>2.972</speed><sat>16</sat></trkpt>
  <trkpt lat="26.42148833" lon="-80.16612333"><ele>15.248</ele><time>2026-07-18T15:29:07Z</time><speed>2.928</speed><sat>16</sat></trkpt>
  <trkpt lat="26.42146833" lon="-80.16611167"><ele>15.348</ele><time>2026-07-18T15:29:08Z</time><speed>2.844</speed><sat>16</sat></trkpt>
  <trkpt lat="26.42144667" lon="-80.16610333"><ele>15.548</ele><time>2026-07-18T15:29:09Z</time><speed>2.775</speed><sat>16</sat></trkpt>
  <trkpt lat="26.42143167" lon="-80.16609333"><ele>15.748</ele><time>2026-07-18T15:29:10Z</time><speed>2.701</speed><sat>16</sat></trkpt>
  <trkpt lat="26.42141000" lon="-80.16608167"><ele>15.748</ele><time>2026-07-18T15:29:11Z</time><speed>2.625</speed><sat>16</sat></trkpt>
  <trkpt lat="26.42139000" lon="-80.16607000"><ele>15.548</ele><time>2026-07-18T15:29:12Z</time><speed>2.574</speed><sat>16</sat></trkpt>
  <trkpt lat="26.42136833" lon="-80.16606000"><ele>14.548</ele><time>2026-07-18T15:29:13Z</time><speed>2.515</speed><sat>16</sat></trkpt>
  <trkpt lat="26.42135000" lon="-80.16604167"><ele>14.449</ele><time>2026-07-18T15:29:14Z</time><speed>2.504</speed><sat>16</sat></trkpt>
  <trkpt lat="26.42133000" lon="-80.16602500"><ele>14.449</ele><time>2026-07-18T15:29:15Z</time><speed>2.441</speed><sat>16</sat></trkpt>
  <trkpt lat="26.42130333" lon="-80.16600667"><ele>14.749</ele><time>2026-07-18T15:29:16Z</time><speed>2.478</speed><sat>16</sat></trkpt>
  <trkpt lat="26.42127667" lon="-80.16599000"><ele>14.549</ele><time>2026-07-18T15:29:17Z</time><speed>2.492</speed><sat>16</sat></trkpt>
  <trkpt lat="26.42125333" lon="-80.16597833"><ele>14.249</ele><time>2026-07-18T15:29:18Z</time><speed>2.529</speed><sat>16</sat></trkpt>
  <trkpt lat="26.42123167" lon="-80.16596667"><ele>14.149</ele><time>2026-07-18T15:29:19Z</time><speed>2.569</speed><sat>16</sat></trkpt>
  <trkpt lat="26.42121000" lon="-80.16595333"><ele>14.149</ele><time>2026-07-18T15:29:20Z</time><speed>2.603</speed><sat>16</sat></trkpt>
  <trkpt lat="26.42118667" lon="-80.16594333"><ele>13.949</ele><time>2026-07-18T15:29:21Z</time><speed>2.614</speed><sat>16</sat></trkpt>
  <trkpt lat="26.42117167" lon="-80.16593167"><ele>13.949</ele><time>2026-07-18T15:29:22Z</time><speed>2.612</speed><sat>16</sat></trkpt>
  <trkpt lat="26.42115167" lon="-80.16592167"><ele>13.849</ele><time>2026-07-18T15:29:23Z</time><speed>2.617</speed><sat>16</sat></trkpt>
  <trkpt lat="26.42113333" lon="-80.16590833"><ele>13.849</ele><time>2026-07-18T15:29:24Z</time><speed>2.600</speed><sat>16</sat></trkpt>
  <trkpt lat="26.42111833" lon="-80.16589667"><ele>13.749</ele><time>2026-07-18T15:29:25Z</time><speed>2.560</speed><sat>16</sat></trkpt>
  <trkpt lat="26.42110500" lon="-80.16588833"><ele>14.049</ele><time>2026-07-18T15:29:26Z</time><speed>2.514</speed><sat>16</sat></trkpt>
  <trkpt lat="26.42108500" lon="-80.16588333"><ele>14.549</ele><time>2026-07-18T15:29:27Z</time><speed>2.495</speed><sat>16</sat></trkpt>
  <trkpt lat="26.42106500" lon="-80.16587833"><ele>14.349</ele><time>2026-07-18T15:29:28Z</time><speed>2.469</speed><sat>16</sat></trkpt>
  <trkpt lat="26.42104667" lon="-80.16587500"><ele>14.049</ele><time>2026-07-18T15:29:29Z</time><speed>2.439</speed><sat>16</sat></trkpt>
  <trkpt lat="26.42102500" lon="-80.16586667"><ele>13.849</ele><time>2026-07-18T15:29:30Z</time><speed>2.430</speed><sat>16</sat></trkpt>
  <trkpt lat="26.42100500" lon="-80.16586333"><ele>13.249</ele><time>2026-07-18T15:29:31Z</time><speed>2.454</speed><sat>16</sat></trkpt>
  <trkpt lat="26.42098333" lon="-80.16585833"><ele>13.049</ele><time>2026-07-18T15:29:32Z</time><speed>2.498</speed><sat>16</sat></trkpt>
  <trkpt lat="26.42096000" lon="-80.16585000"><ele>13.049</ele><time>2026-07-18T15:29:33Z</time><speed>2.509</speed><sat>16</sat></trkpt>
  <trkpt lat="26.42093500" lon="-80.16584500"><ele>13.349</ele><time>2026-07-18T15:29:34Z</time><speed>2.564</speed><sat>16</sat></trkpt>
  <trkpt lat="26.42091000" lon="-80.16583667"><ele>13.149</ele><time>2026-07-18T15:29:35Z</time><speed>2.653</speed><sat>16</sat></trkpt>
  <trkpt lat="26.42088500" lon="-80.16582500"><ele>12.749</ele><time>2026-07-18T15:29:36Z</time><speed>2.732</speed><sat>16</sat></trkpt>
  <trkpt lat="26.42086167" lon="-80.16581500"><ele>12.449</ele><time>2026-07-18T15:29:37Z</time><speed>2.765</speed><sat>16</sat></trkpt>
  <trkpt lat="26.42083833" lon="-80.16580167"><ele>12.349</ele><time>2026-07-18T15:29:38Z</time><speed>2.816</speed><sat>16</sat></trkpt>
  <trkpt lat="26.42081333" lon="-80.16578500"><ele>12.549</ele><time>2026-07-18T15:29:39Z</time><speed>2.863</speed><sat>16</sat></trkpt>
  <trkpt lat="26.42079500" lon="-80.16577167"><ele>13.349</ele><time>2026-07-18T15:29:40Z</time><speed>2.881</speed><sat>16</sat></trkpt>
  <trkpt lat="26.42077667" lon="-80.16576000"><ele>13.649</ele><time>2026-07-18T15:29:41Z</time><speed>2.868</speed><sat>16</sat></trkpt>
  <trkpt lat="26.42075500" lon="-80.16575167"><ele>13.149</ele><time>2026-07-18T15:29:42Z</time><speed>2.853</speed><sat>16</sat></trkpt>
  <trkpt lat="26.42073167" lon="-80.16574000"><ele>13.049</ele><time>2026-07-18T15:29:43Z</time><speed>2.840</speed><sat>16</sat></trkpt>
  <trkpt lat="26.42071167" lon="-80.16572833"><ele>13.049</ele><time>2026-07-18T15:29:44Z</time><speed>2.784</speed><sat>16</sat></trkpt>
  <trkpt lat="26.42068833" lon="-80.16571500"><ele>12.850</ele><time>2026-07-18T15:29:45Z</time><speed>2.736</speed><sat>16</sat></trkpt>
  <trkpt lat="26.42066333" lon="-80.16570333"><ele>12.550</ele><time>2026-07-18T15:29:46Z</time><speed>2.682</speed><sat>16</sat></trkpt>
  <trkpt lat="26.42063667" lon="-80.16569000"><ele>12.250</ele><time>2026-07-18T15:29:47Z</time><speed>2.660</speed><sat>16</sat></trkpt>
  <trkpt lat="26.42061167" lon="-80.16567833"><ele>11.750</ele><time>2026-07-18T15:29:48Z</time><speed>2.633</speed><sat>16</sat></trkpt>
  <trkpt lat="26.42059167" lon="-80.16566833"><ele>11.850</ele><time>2026-07-18T15:29:49Z</time><speed>2.594</speed><sat>16</sat></trkpt>
  <trkpt lat="26.42057833" lon="-80.16566000"><ele>11.950</ele><time>2026-07-18T15:29:50Z</time><speed>2.571</speed><sat>16</sat></trkpt>
  <trkpt lat="26.42056167" lon="-80.16565167"><ele>12.250</ele><time>2026-07-18T15:29:51Z</time><speed>2.527</speed><sat>16</sat></trkpt>
  <trkpt lat="26.42054667" lon="-80.16564667"><ele>12.850</ele><time>2026-07-18T15:29:52Z</time><speed>2.462</speed><sat>16</sat></trkpt>
  <trkpt lat="26.42053000" lon="-80.16563667"><ele>13.150</ele><time>2026-07-18T15:29:53Z</time><speed>2.443</speed><sat>16</sat></trkpt>
  <trkpt lat="26.42051167" lon="-80.16562500"><ele>13.250</ele><time>2026-07-18T15:29:54Z</time><speed>2.446</speed><sat>16</sat></trkpt>
  <trkpt lat="26.42049167" lon="-80.16561333"><ele>12.750</ele><time>2026-07-18T15:29:55Z</time><speed>2.451</speed><sat>15</sat></trkpt>
  <trkpt lat="26.42047167" lon="-80.16560167"><ele>12.350</ele><time>2026-07-18T15:29:56Z</time><speed>2.424</speed><sat>16</sat></trkpt>
  <trkpt lat="26.42044833" lon="-80.16559667"><ele>12.550</ele><time>2026-07-18T15:29:57Z</time><speed>2.362</speed><sat>16</sat></trkpt>
  <trkpt lat="26.42042333" lon="-80.16559333"><ele>12.750</ele><time>2026-07-18T15:29:58Z</time><speed>2.321</speed><sat>16</sat></trkpt>
  <trkpt lat="26.42040500" lon="-80.16559000"><ele>12.650</ele><time>2026-07-18T15:29:59Z</time><speed>2.232</speed><sat>16</sat></trkpt>
  <trkpt lat="26.42039000" lon="-80.16558500"><ele>12.550</ele><time>2026-07-18T15:30:00Z</time><speed>2.189</speed><sat>16</sat></trkpt>
  <trkpt lat="26.42037167" lon="-80.16558000"><ele>11.950</ele><time>2026-07-18T15:30:01Z</time><speed>2.239</speed><sat>16</sat></trkpt>
  <trkpt lat="26.42035000" lon="-80.16558333"><ele>12.050</ele><time>2026-07-18T15:30:02Z</time><speed>2.276</speed><sat>16</sat></trkpt>
  <trkpt lat="26.42032833" lon="-80.16558333"><ele>12.250</ele><time>2026-07-18T15:30:03Z</time><speed>2.313</speed><sat>16</sat></trkpt>
  <trkpt lat="26.42030667" lon="-80.16559000"><ele>11.850</ele><time>2026-07-18T15:30:04Z</time><speed>2.242</speed><sat>16</sat></trkpt>
  <trkpt lat="26.42029000" lon="-80.16559000"><ele>11.850</ele><time>2026-07-18T15:30:05Z</time><speed>2.151</speed><sat>16</sat></trkpt>
  <trkpt lat="26.42027167" lon="-80.16559333"><ele>12.550</ele><time>2026-07-18T15:30:06Z</time><speed>2.123</speed><sat>16</sat></trkpt>
  <trkpt lat="26.42025000" lon="-80.16560167"><ele>12.450</ele><time>2026-07-18T15:30:07Z</time><speed>2.193</speed><sat>16</sat></trkpt>
  <trkpt lat="26.42023167" lon="-80.16559167"><ele>11.750</ele><time>2026-07-18T15:30:08Z</time><speed>2.209</speed><sat>16</sat></trkpt>
  <trkpt lat="26.42021000" lon="-80.16558500"><ele>10.850</ele><time>2026-07-18T15:30:09Z</time><speed>2.251</speed><sat>16</sat></trkpt>
  <trkpt lat="26.42020167" lon="-80.16557000"><ele>10.450</ele><time>2026-07-18T15:30:10Z</time><speed>2.225</speed><sat>16</sat></trkpt>
  <trkpt lat="26.42019333" lon="-80.16555167"><ele>10.350</ele><time>2026-07-18T15:30:11Z</time><speed>2.151</speed><sat>16</sat></trkpt>
  <trkpt lat="26.42017667" lon="-80.16553167"><ele>9.950</ele><time>2026-07-18T15:30:12Z</time><speed>2.113</speed><sat>17</sat></trkpt>
  <trkpt lat="26.42016167" lon="-80.16551167"><ele>10.350</ele><time>2026-07-18T15:30:13Z</time><speed>2.088</speed><sat>17</sat></trkpt>
  <trkpt lat="26.42015333" lon="-80.16549333"><ele>10.250</ele><time>2026-07-18T15:30:14Z</time><speed>2.184</speed><sat>17</sat></trkpt>
  <trkpt lat="26.42015667" lon="-80.16546167"><ele>10.150</ele><time>2026-07-18T15:30:15Z</time><speed>2.287</speed><sat>17</sat></trkpt>
  <trkpt lat="26.42016500" lon="-80.16543500"><ele>9.850</ele><time>2026-07-18T15:30:16Z</time><speed>2.371</speed><sat>17</sat></trkpt>
  <trkpt lat="26.42017833" lon="-80.16540833"><ele>10.750</ele><time>2026-07-18T15:30:17Z</time><speed>2.379</speed><sat>17</sat></trkpt>
  <trkpt lat="26.42019167" lon="-80.16538000"><ele>10.851</ele><time>2026-07-18T15:30:18Z</time><speed>2.403</speed><sat>17</sat></trkpt>
  <trkpt lat="26.42020833" lon="-80.16535333"><ele>10.351</ele><time>2026-07-18T15:30:19Z</time><speed>2.512</speed><sat>17</sat></trkpt>
  <trkpt lat="26.42022000" lon="-80.16532167"><ele>9.651</ele><time>2026-07-18T15:30:20Z</time><speed>2.648</speed><sat>17</sat></trkpt>
  <trkpt lat="26.42022833" lon="-80.16529167"><ele>9.351</ele><time>2026-07-18T15:30:21Z</time><speed>2.788</speed><sat>17</sat></trkpt>
  <trkpt lat="26.42024000" lon="-80.16526333"><ele>9.051</ele><time>2026-07-18T15:30:22Z</time><speed>2.889</speed><sat>17</sat></trkpt>
  <trkpt lat="26.42025000" lon="-80.16523667"><ele>8.651</ele><time>2026-07-18T15:30:23Z</time><speed>2.967</speed><sat>17</sat></trkpt>
  <trkpt lat="26.42026167" lon="-80.16520667"><ele>8.551</ele><time>2026-07-18T15:30:24Z</time><speed>3.047</speed><sat>17</sat></trkpt>
  <trkpt lat="26.42027333" lon="-80.16517500"><ele>8.151</ele><time>2026-07-18T15:30:25Z</time><speed>3.101</speed><sat>16</sat></trkpt>
  <trkpt lat="26.42028500" lon="-80.16514167"><ele>7.552</ele><time>2026-07-18T15:30:26Z</time><speed>3.125</speed><sat>16</sat></trkpt>
  <trkpt lat="26.42029667" lon="-80.16511333"><ele>7.352</ele><time>2026-07-18T15:30:27Z</time><speed>3.165</speed><sat>17</sat></trkpt>
  <trkpt lat="26.42030833" lon="-80.16508833"><ele>7.452</ele><time>2026-07-18T15:30:28Z</time><speed>3.213</speed><sat>17</sat></trkpt>
  <trkpt lat="26.42032167" lon="-80.16506000"><ele>7.552</ele><time>2026-07-18T15:30:29Z</time><speed>3.204</speed><sat>17</sat></trkpt>
  <trkpt lat="26.42033500" lon="-80.16503167"><ele>7.952</ele><time>2026-07-18T15:30:30Z</time><speed>3.191</speed><sat>17</sat></trkpt>
  <trkpt lat="26.42034167" lon="-80.16500833"><ele>8.152</ele><time>2026-07-18T15:30:31Z</time><speed>3.127</speed><sat>17</sat></trkpt>
  <trkpt lat="26.42034500" lon="-80.16498500"><ele>8.252</ele><time>2026-07-18T15:30:32Z</time><speed>3.061</speed><sat>17</sat></trkpt>
  <trkpt lat="26.42033833" lon="-80.16496000"><ele>8.852</ele><time>2026-07-18T15:30:33Z</time><speed>3.014</speed><sat>17</sat></trkpt>
  <trkpt lat="26.42033167" lon="-80.16494500"><ele>9.752</ele><time>2026-07-18T15:30:34Z</time><speed>2.813</speed><sat>17</sat></trkpt>
  <trkpt lat="26.42032000" lon="-80.16493000"><ele>10.553</ele><time>2026-07-18T15:30:35Z</time><speed>2.669</speed><sat>17</sat></trkpt>
  <trkpt lat="26.42030667" lon="-80.16491167"><ele>11.253</ele><time>2026-07-18T15:30:36Z</time><speed>2.613</speed><sat>17</sat></trkpt>
  <trkpt lat="26.42028667" lon="-80.16489167"><ele>11.753</ele><time>2026-07-18T15:30:37Z</time><speed>2.563</speed><sat>17</sat></trkpt>
  <trkpt lat="26.42027000" lon="-80.16487167"><ele>12.153</ele><time>2026-07-18T15:30:38Z</time><speed>2.528</speed><sat>17</sat></trkpt>
  <trkpt lat="26.42025500" lon="-80.16484833"><ele>11.653</ele><time>2026-07-18T15:30:39Z</time><speed>2.501</speed><sat>17</sat></trkpt>
  <trkpt lat="26.42024500" lon="-80.16482167"><ele>11.453</ele><time>2026-07-18T15:30:40Z</time><speed>2.471</speed><sat>17</sat></trkpt>
  <trkpt lat="26.42023667" lon="-80.16479167"><ele>10.953</ele><time>2026-07-18T15:30:41Z</time><speed>2.464</speed><sat>17</sat></trkpt>
  <trkpt lat="26.42023833" lon="-80.16476500"><ele>10.953</ele><time>2026-07-18T15:30:42Z</time><speed>2.478</speed><sat>17</sat></trkpt>
  <trkpt lat="26.42023833" lon="-80.16474333"><ele>11.053</ele><time>2026-07-18T15:30:43Z</time><speed>2.442</speed><sat>17</sat></trkpt>
  <trkpt lat="26.42023833" lon="-80.16472000"><ele>11.053</ele><time>2026-07-18T15:30:44Z</time><speed>2.511</speed><sat>17</sat></trkpt>
  <trkpt lat="26.42024333" lon="-80.16470000"><ele>10.953</ele><time>2026-07-18T15:30:45Z</time><speed>2.525</speed><sat>17</sat></trkpt>
  <trkpt lat="26.42024667" lon="-80.16467667"><ele>10.954</ele><time>2026-07-18T15:30:46Z</time><speed>2.470</speed><sat>17</sat></trkpt>
  <trkpt lat="26.42025500" lon="-80.16465167"><ele>10.854</ele><time>2026-07-18T15:30:47Z</time><speed>2.421</speed><sat>16</sat></trkpt>
  <trkpt lat="26.42026333" lon="-80.16463000"><ele>10.454</ele><time>2026-07-18T15:30:48Z</time><speed>2.374</speed><sat>17</sat></trkpt>
  <trkpt lat="26.42027167" lon="-80.16460833"><ele>10.054</ele><time>2026-07-18T15:30:49Z</time><speed>2.312</speed><sat>17</sat></trkpt>
  <trkpt lat="26.42028000" lon="-80.16458833"><ele>9.954</ele><time>2026-07-18T15:30:50Z</time><speed>2.261</speed><sat>17</sat></trkpt>
  <trkpt lat="26.42029000" lon="-80.16457000"><ele>9.454</ele><time>2026-07-18T15:30:51Z</time><speed>2.236</speed><sat>17</sat></trkpt>
  <trkpt lat="26.42030000" lon="-80.16455000"><ele>9.054</ele><time>2026-07-18T15:30:52Z</time><speed>2.206</speed><sat>17</sat></trkpt>
  <trkpt lat="26.42030833" lon="-80.16453333"><ele>8.954</ele><time>2026-07-18T15:30:53Z</time><speed>2.205</speed><sat>17</sat></trkpt>
  <trkpt lat="26.42031500" lon="-80.16450833"><ele>9.054</ele><time>2026-07-18T15:30:54Z</time><speed>2.216</speed><sat>17</sat></trkpt>
  <trkpt lat="26.42032167" lon="-80.16448833"><ele>8.854</ele><time>2026-07-18T15:30:55Z</time><speed>2.230</speed><sat>17</sat></trkpt>
  <trkpt lat="26.42033167" lon="-80.16446167"><ele>8.954</ele><time>2026-07-18T15:30:56Z</time><speed>2.247</speed><sat>17</sat></trkpt>
  <trkpt lat="26.42034167" lon="-80.16443667"><ele>9.355</ele><time>2026-07-18T15:30:57Z</time><speed>2.278</speed><sat>17</sat></trkpt>
  <trkpt lat="26.42035000" lon="-80.16440833"><ele>9.855</ele><time>2026-07-18T15:30:58Z</time><speed>2.316</speed><sat>17</sat></trkpt>
  <trkpt lat="26.42035833" lon="-80.16438500"><ele>10.055</ele><time>2026-07-18T15:30:59Z</time><speed>2.340</speed><sat>17</sat></trkpt>
  <trkpt lat="26.42036500" lon="-80.16435333"><ele>9.555</ele><time>2026-07-18T15:31:00Z</time><speed>2.438</speed><sat>17</sat></trkpt>
  <trkpt lat="26.42037500" lon="-80.16432167"><ele>9.055</ele><time>2026-07-18T15:31:01Z</time><speed>2.511</speed><sat>17</sat></trkpt>
  <trkpt lat="26.42038667" lon="-80.16429500"><ele>8.555</ele><time>2026-07-18T15:31:02Z</time><speed>2.603</speed><sat>17</sat></trkpt>
  <trkpt lat="26.42039667" lon="-80.16426667"><ele>8.255</ele><time>2026-07-18T15:31:03Z</time><speed>2.704</speed><sat>17</sat></trkpt>
  <trkpt lat="26.42040667" lon="-80.16424167"><ele>8.155</ele><time>2026-07-18T15:31:04Z</time><speed>2.799</speed><sat>17</sat></trkpt>
  <trkpt lat="26.42041000" lon="-80.16421333"><ele>8.356</ele><time>2026-07-18T15:31:05Z</time><speed>2.879</speed><sat>17</sat></trkpt>
  <trkpt lat="26.42041833" lon="-80.16418833"><ele>8.556</ele><time>2026-07-18T15:31:06Z</time><speed>2.950</speed><sat>17</sat></trkpt>
  <trkpt lat="26.42042833" lon="-80.16416333"><ele>8.556</ele><time>2026-07-18T15:31:07Z</time><speed>2.994</speed><sat>17</sat></trkpt>
  <trkpt lat="26.42043500" lon="-80.16413500"><ele>8.556</ele><time>2026-07-18T15:31:08Z</time><speed>3.040</speed><sat>17</sat></trkpt>
  <trkpt lat="26.42044333" lon="-80.16410833"><ele>8.356</ele><time>2026-07-18T15:31:09Z</time><speed>3.104</speed><sat>17</sat></trkpt>
  <trkpt lat="26.42045167" lon="-80.16407833"><ele>8.356</ele><time>2026-07-18T15:31:10Z</time><speed>3.071</speed><sat>17</sat></trkpt>
  <trkpt lat="26.42046000" lon="-80.16404833"><ele>8.156</ele><time>2026-07-18T15:31:11Z</time><speed>3.081</speed><sat>17</sat></trkpt>
  <trkpt lat="26.42047500" lon="-80.16401167"><ele>7.856</ele><time>2026-07-18T15:31:12Z</time><speed>3.082</speed><sat>17</sat></trkpt>
  <trkpt lat="26.42048667" lon="-80.16398333"><ele>7.857</ele><time>2026-07-18T15:31:13Z</time><speed>3.075</speed><sat>17</sat></trkpt>
  <trkpt lat="26.42049500" lon="-80.16395333"><ele>7.857</ele><time>2026-07-18T15:31:14Z</time><speed>3.076</speed><sat>17</sat></trkpt>
  <trkpt lat="26.42050167" lon="-80.16392167"><ele>7.857</ele><time>2026-07-18T15:31:15Z</time><speed>3.102</speed><sat>17</sat></trkpt>
  <trkpt lat="26.42050833" lon="-80.16389000"><ele>8.257</ele><time>2026-07-18T15:31:16Z</time><speed>3.100</speed><sat>17</sat></trkpt>
  <trkpt lat="26.42051500" lon="-80.16386333"><ele>8.357</ele><time>2026-07-18T15:31:17Z</time><speed>3.092</speed><sat>17</sat></trkpt>
  <trkpt lat="26.42053833" lon="-80.16384333"><ele>9.557</ele><time>2026-07-18T15:31:18Z</time><speed>3.073</speed><sat>17</sat></trkpt>
  <trkpt lat="26.42055000" lon="-80.16380833"><ele>10.657</ele><time>2026-07-18T15:31:19Z</time><speed>3.103</speed><sat>17</sat></trkpt>
  <trkpt lat="26.42056333" lon="-80.16377333"><ele>10.957</ele><time>2026-07-18T15:31:20Z</time><speed>3.145</speed><sat>17</sat></trkpt>
  <trkpt lat="26.42057000" lon="-80.16374167"><ele>10.958</ele><time>2026-07-18T15:31:21Z</time><speed>3.175</speed><sat>17</sat></trkpt>
  <trkpt lat="26.42057500" lon="-80.16370833"><ele>10.758</ele><time>2026-07-18T15:31:22Z</time><speed>3.199</speed><sat>17</sat></trkpt>
  <trkpt lat="26.42058333" lon="-80.16367333"><ele>10.658</ele><time>2026-07-18T15:31:23Z</time><speed>3.204</speed><sat>17</sat></trkpt>
  <trkpt lat="26.42058333" lon="-80.16364000"><ele>10.258</ele><time>2026-07-18T15:31:24Z</time><speed>3.221</speed><sat>16</sat></trkpt>
  <trkpt lat="26.42059000" lon="-80.16360500"><ele>9.758</ele><time>2026-07-18T15:31:25Z</time><speed>3.230</speed><sat>17</sat></trkpt>
  <trkpt lat="26.42059833" lon="-80.16357167"><ele>9.758</ele><time>2026-07-18T15:31:26Z</time><speed>3.289</speed><sat>17</sat></trkpt>
  <trkpt lat="26.42060500" lon="-80.16353833"><ele>9.758</ele><time>2026-07-18T15:31:27Z</time><speed>3.344</speed><sat>17</sat></trkpt>
  <trkpt lat="26.42061167" lon="-80.16350500"><ele>9.859</ele><time>2026-07-18T15:31:28Z</time><speed>3.395</speed><sat>17</sat></trkpt>
  <trkpt lat="26.42061833" lon="-80.16347167"><ele>9.759</ele><time>2026-07-18T15:31:29Z</time><speed>3.401</speed><sat>17</sat></trkpt>
  <trkpt lat="26.42062167" lon="-80.16343833"><ele>9.659</ele><time>2026-07-18T15:31:30Z</time><speed>3.404</speed><sat>17</sat></trkpt>
  <trkpt lat="26.42062833" lon="-80.16340667"><ele>9.559</ele><time>2026-07-18T15:31:31Z</time><speed>3.414</speed><sat>17</sat></trkpt>
  <trkpt lat="26.42063500" lon="-80.16337000"><ele>9.459</ele><time>2026-07-18T15:31:32Z</time><speed>3.450</speed><sat>17</sat></trkpt>
  <trkpt lat="26.42064000" lon="-80.16333333"><ele>9.559</ele><time>2026-07-18T15:31:33Z</time><speed>3.482</speed><sat>17</sat></trkpt>
  <trkpt lat="26.42064333" lon="-80.16329667"><ele>9.659</ele><time>2026-07-18T15:31:34Z</time><speed>3.498</speed><sat>17</sat></trkpt>
  <trkpt lat="26.42064667" lon="-80.16326000"><ele>9.660</ele><time>2026-07-18T15:31:35Z</time><speed>3.507</speed><sat>17</sat></trkpt>
  <trkpt lat="26.42065333" lon="-80.16322500"><ele>9.760</ele><time>2026-07-18T15:31:36Z</time><speed>3.533</speed><sat>17</sat></trkpt>
  <trkpt lat="26.42066500" lon="-80.16319167"><ele>10.160</ele><time>2026-07-18T15:31:37Z</time><speed>3.532</speed><sat>17</sat></trkpt>
  <trkpt lat="26.42066833" lon="-80.16315833"><ele>10.460</ele><time>2026-07-18T15:31:38Z</time><speed>3.532</speed><sat>17</sat></trkpt>
  <trkpt lat="26.42067833" lon="-80.16312500"><ele>10.660</ele><time>2026-07-18T15:31:39Z</time><speed>3.543</speed><sat>17</sat></trkpt>
  <trkpt lat="26.42068667" lon="-80.16309333"><ele>10.560</ele><time>2026-07-18T15:31:40Z</time><speed>3.540</speed><sat>17</sat></trkpt>
  <trkpt lat="26.42069167" lon="-80.16306000"><ele>10.560</ele><time>2026-07-18T15:31:41Z</time><speed>3.530</speed><sat>17</sat></trkpt>
  <trkpt lat="26.42069833" lon="-80.16302500"><ele>10.361</ele><time>2026-07-18T15:31:42Z</time><speed>3.508</speed><sat>17</sat></trkpt>
  <trkpt lat="26.42070000" lon="-80.16299500"><ele>10.361</ele><time>2026-07-18T15:31:43Z</time><speed>3.483</speed><sat>16</sat></trkpt>
  <trkpt lat="26.42070500" lon="-80.16296500"><ele>10.461</ele><time>2026-07-18T15:31:44Z</time><speed>3.452</speed><sat>17</sat></trkpt>
  <trkpt lat="26.42070833" lon="-80.16293667"><ele>10.361</ele><time>2026-07-18T15:31:45Z</time><speed>3.459</speed><sat>16</sat></trkpt>
  <trkpt lat="26.42071000" lon="-80.16290333"><ele>10.461</ele><time>2026-07-18T15:31:46Z</time><speed>3.425</speed><sat>17</sat></trkpt>
  <trkpt lat="26.42071000" lon="-80.16287000"><ele>10.061</ele><time>2026-07-18T15:31:47Z</time><speed>3.431</speed><sat>17</sat></trkpt>
  <trkpt lat="26.42071333" lon="-80.16283833"><ele>9.861</ele><time>2026-07-18T15:31:48Z</time><speed>3.449</speed><sat>16</sat></trkpt>
  <trkpt lat="26.42071167" lon="-80.16280500"><ele>9.862</ele><time>2026-07-18T15:31:49Z</time><speed>3.437</speed><sat>17</sat></trkpt>
  <trkpt lat="26.42071167" lon="-80.16277500"><ele>9.862</ele><time>2026-07-18T15:31:50Z</time><speed>3.442</speed><sat>17</sat></trkpt>
  <trkpt lat="26.42071167" lon="-80.16274167"><ele>9.962</ele><time>2026-07-18T15:31:51Z</time><speed>3.433</speed><sat>17</sat></trkpt>
  <trkpt lat="26.42071333" lon="-80.16270833"><ele>10.162</ele><time>2026-07-18T15:31:52Z</time><speed>3.407</speed><sat>17</sat></trkpt>
  <trkpt lat="26.42071667" lon="-80.16267667"><ele>10.162</ele><time>2026-07-18T15:31:53Z</time><speed>3.401</speed><sat>17</sat></trkpt>
  <trkpt lat="26.42071833" lon="-80.16264167"><ele>9.962</ele><time>2026-07-18T15:31:54Z</time><speed>3.408</speed><sat>16</sat></trkpt>
  <trkpt lat="26.42072000" lon="-80.16260667"><ele>9.862</ele><time>2026-07-18T15:31:55Z</time><speed>3.382</speed><sat>17</sat></trkpt>
  <trkpt lat="26.42072000" lon="-80.16257000"><ele>9.462</ele><time>2026-07-18T15:31:56Z</time><speed>3.382</speed><sat>17</sat></trkpt>
  <trkpt lat="26.42072167" lon="-80.16253333"><ele>9.663</ele><time>2026-07-18T15:31:57Z</time><speed>3.377</speed><sat>17</sat></trkpt>
  <trkpt lat="26.42072167" lon="-80.16249833"><ele>9.663</ele><time>2026-07-18T15:31:58Z</time><speed>3.353</speed><sat>17</sat></trkpt>
  <trkpt lat="26.42071833" lon="-80.16246500"><ele>9.863</ele><time>2026-07-18T15:31:59Z</time><speed>3.364</speed><sat>16</sat></trkpt>
  <trkpt lat="26.42071833" lon="-80.16242833"><ele>10.263</ele><time>2026-07-18T15:32:00Z</time><speed>3.371</speed><sat>16</sat></trkpt>
  <trkpt lat="26.42072000" lon="-80.16239667"><ele>9.963</ele><time>2026-07-18T15:32:01Z</time><speed>3.337</speed><sat>17</sat></trkpt>
  <trkpt lat="26.42072000" lon="-80.16236500"><ele>9.863</ele><time>2026-07-18T15:32:02Z</time><speed>3.353</speed><sat>16</sat></trkpt>
  <trkpt lat="26.42071333" lon="-80.16233500"><ele>9.163</ele><time>2026-07-18T15:32:03Z</time><speed>3.351</speed><sat>16</sat></trkpt>
  <trkpt lat="26.42071167" lon="-80.16230333"><ele>9.064</ele><time>2026-07-18T15:32:04Z</time><speed>3.343</speed><sat>16</sat></trkpt>
  <trkpt lat="26.42071000" lon="-80.16227000"><ele>9.064</ele><time>2026-07-18T15:32:05Z</time><speed>3.325</speed><sat>17</sat></trkpt>
  <trkpt lat="26.42070667" lon="-80.16223333"><ele>9.064</ele><time>2026-07-18T15:32:06Z</time><speed>3.295</speed><sat>17</sat></trkpt>
  <trkpt lat="26.42070667" lon="-80.16219667"><ele>9.064</ele><time>2026-07-18T15:32:07Z</time><speed>3.273</speed><sat>17</sat></trkpt>
  <trkpt lat="26.42070500" lon="-80.16216000"><ele>9.164</ele><time>2026-07-18T15:32:08Z</time><speed>3.244</speed><sat>16</sat></trkpt>
  <trkpt lat="26.42070167" lon="-80.16212500"><ele>9.464</ele><time>2026-07-18T15:32:09Z</time><speed>3.245</speed><sat>17</sat></trkpt>
  <trkpt lat="26.42070167" lon="-80.16208833"><ele>9.564</ele><time>2026-07-18T15:32:10Z</time><speed>3.242</speed><sat>17</sat></trkpt>
  <trkpt lat="26.42069833" lon="-80.16205167"><ele>9.565</ele><time>2026-07-18T15:32:11Z</time><speed>3.283</speed><sat>17</sat></trkpt>
  <trkpt lat="26.42069500" lon="-80.16201500"><ele>9.365</ele><time>2026-07-18T15:32:12Z</time><speed>3.277</speed><sat>16</sat></trkpt>
  <trkpt lat="26.42069333" lon="-80.16197833"><ele>9.065</ele><time>2026-07-18T15:32:13Z</time><speed>3.285</speed><sat>16</sat></trkpt>
  <trkpt lat="26.42069000" lon="-80.16194667"><ele>8.965</ele><time>2026-07-18T15:32:14Z</time><speed>3.303</speed><sat>17</sat></trkpt>
  <trkpt lat="26.42068500" lon="-80.16191167"><ele>8.765</ele><time>2026-07-18T15:32:15Z</time><speed>3.325</speed><sat>17</sat></trkpt>
  <trkpt lat="26.42068000" lon="-80.16187667"><ele>8.765</ele><time>2026-07-18T15:32:16Z</time><speed>3.355</speed><sat>17</sat></trkpt>
  <trkpt lat="26.42067667" lon="-80.16184333"><ele>8.765</ele><time>2026-07-18T15:32:17Z</time><speed>3.364</speed><sat>17</sat></trkpt>
  <trkpt lat="26.42067000" lon="-80.16181000"><ele>8.466</ele><time>2026-07-18T15:32:18Z</time><speed>3.390</speed><sat>17</sat></trkpt>
  <trkpt lat="26.42066500" lon="-80.16177667"><ele>8.466</ele><time>2026-07-18T15:32:19Z</time><speed>3.388</speed><sat>17</sat></trkpt>
  <trkpt lat="26.42066333" lon="-80.16174167"><ele>8.166</ele><time>2026-07-18T15:32:20Z</time><speed>3.370</speed><sat>17</sat></trkpt>
  <trkpt lat="26.42065833" lon="-80.16170833"><ele>8.066</ele><time>2026-07-18T15:32:21Z</time><speed>3.367</speed><sat>17</sat></trkpt>
  <trkpt lat="26.42065333" lon="-80.16167500"><ele>8.066</ele><time>2026-07-18T15:32:22Z</time><speed>3.366</speed><sat>17</sat></trkpt>
  <trkpt lat="26.42064833" lon="-80.16164000"><ele>7.966</ele><time>2026-07-18T15:32:23Z</time><speed>3.354</speed><sat>17</sat></trkpt>
  <trkpt lat="26.42064000" lon="-80.16161000"><ele>7.966</ele><time>2026-07-18T15:32:24Z</time><speed>3.327</speed><sat>17</sat></trkpt>
  <trkpt lat="26.42063333" lon="-80.16157833"><ele>7.867</ele><time>2026-07-18T15:32:25Z</time><speed>3.305</speed><sat>17</sat></trkpt>
  <trkpt lat="26.42062667" lon="-80.16154500"><ele>7.567</ele><time>2026-07-18T15:32:26Z</time><speed>3.275</speed><sat>17</sat></trkpt>
  <trkpt lat="26.42062167" lon="-80.16151167"><ele>7.567</ele><time>2026-07-18T15:32:27Z</time><speed>3.267</speed><sat>17</sat></trkpt>
  <trkpt lat="26.42061333" lon="-80.16148000"><ele>7.067</ele><time>2026-07-18T15:32:28Z</time><speed>3.273</speed><sat>17</sat></trkpt>
  <trkpt lat="26.42060500" lon="-80.16144833"><ele>7.267</ele><time>2026-07-18T15:32:29Z</time><speed>3.253</speed><sat>17</sat></trkpt>
  <trkpt lat="26.42059833" lon="-80.16141667"><ele>7.567</ele><time>2026-07-18T15:32:30Z</time><speed>3.253</speed><sat>17</sat></trkpt>
  <trkpt lat="26.42059167" lon="-80.16138500"><ele>7.867</ele><time>2026-07-18T15:32:31Z</time><speed>3.232</speed><sat>17</sat></trkpt>
  <trkpt lat="26.42058167" lon="-80.16135333"><ele>8.267</ele><time>2026-07-18T15:32:32Z</time><speed>3.214</speed><sat>17</sat></trkpt>
  <trkpt lat="26.42057333" lon="-80.16132333"><ele>8.268</ele><time>2026-07-18T15:32:33Z</time><speed>3.181</speed><sat>17</sat></trkpt>
  <trkpt lat="26.42056333" lon="-80.16129000"><ele>8.168</ele><time>2026-07-18T15:32:34Z</time><speed>3.175</speed><sat>17</sat></trkpt>
  <trkpt lat="26.42055167" lon="-80.16126167"><ele>8.468</ele><time>2026-07-18T15:32:35Z</time><speed>3.189</speed><sat>17</sat></trkpt>
  <trkpt lat="26.42054167" lon="-80.16123000"><ele>8.568</ele><time>2026-07-18T15:32:36Z</time><speed>3.201</speed><sat>17</sat></trkpt>
  <trkpt lat="26.42053333" lon="-80.16120000"><ele>8.468</ele><time>2026-07-18T15:32:37Z</time><speed>3.199</speed><sat>17</sat></trkpt>
  <trkpt lat="26.42052167" lon="-80.16117000"><ele>8.568</ele><time>2026-07-18T15:32:38Z</time><speed>3.184</speed><sat>17</sat></trkpt>
  <trkpt lat="26.42051167" lon="-80.16114167"><ele>8.668</ele><time>2026-07-18T15:32:39Z</time><speed>3.176</speed><sat>17</sat></trkpt>
  <trkpt lat="26.42050333" lon="-80.16111333"><ele>8.768</ele><time>2026-07-18T15:32:40Z</time><speed>3.178</speed><sat>17</sat></trkpt>
  <trkpt lat="26.42049500" lon="-80.16108167"><ele>8.768</ele><time>2026-07-18T15:32:41Z</time><speed>3.188</speed><sat>17</sat></trkpt>
  <trkpt lat="26.42048667" lon="-80.16105000"><ele>8.869</ele><time>2026-07-18T15:32:42Z</time><speed>3.202</speed><sat>17</sat></trkpt>
  <trkpt lat="26.42048000" lon="-80.16101500"><ele>8.969</ele><time>2026-07-18T15:32:43Z</time><speed>3.233</speed><sat>17</sat></trkpt>
  <trkpt lat="26.42047333" lon="-80.16098333"><ele>9.069</ele><time>2026-07-18T15:32:44Z</time><speed>3.238</speed><sat>17</sat></trkpt>
  <trkpt lat="26.42046667" lon="-80.16095000"><ele>8.769</ele><time>2026-07-18T15:32:45Z</time><speed>3.233</speed><sat>17</sat></trkpt>
  <trkpt lat="26.42046000" lon="-80.16092000"><ele>8.569</ele><time>2026-07-18T15:32:46Z</time><speed>3.215</speed><sat>17</sat></trkpt>
  <trkpt lat="26.42045167" lon="-80.16089167"><ele>9.069</ele><time>2026-07-18T15:32:47Z</time><speed>3.201</speed><sat>17</sat></trkpt>
  <trkpt lat="26.42044333" lon="-80.16086500"><ele>9.469</ele><time>2026-07-18T15:32:48Z</time><speed>3.163</speed><sat>17</sat></trkpt>
  <trkpt lat="26.42043167" lon="-80.16083500"><ele>9.669</ele><time>2026-07-18T15:32:49Z</time><speed>3.158</speed><sat>17</sat></trkpt>
  <trkpt lat="26.42041500" lon="-80.16080000"><ele>9.970</ele><time>2026-07-18T15:32:50Z</time><speed>3.169</speed><sat>17</sat></trkpt>
  <trkpt lat="26.42040500" lon="-80.16077000"><ele>9.770</ele><time>2026-07-18T15:32:51Z</time><speed>3.156</speed><sat>17</sat></trkpt>
  <trkpt lat="26.42039500" lon="-80.16074000"><ele>10.170</ele><time>2026-07-18T15:32:52Z</time><speed>3.174</speed><sat>17</sat></trkpt>
  <trkpt lat="26.42038500" lon="-80.16070667"><ele>10.470</ele><time>2026-07-18T15:32:53Z</time><speed>3.208</speed><sat>17</sat></trkpt>
  <trkpt lat="26.42037500" lon="-80.16067833"><ele>10.470</ele><time>2026-07-18T15:32:54Z</time><speed>3.190</speed><sat>17</sat></trkpt>
  <trkpt lat="26.42036500" lon="-80.16065167"><ele>10.670</ele><time>2026-07-18T15:32:55Z</time><speed>3.155</speed><sat>17</sat></trkpt>
  <trkpt lat="26.42035667" lon="-80.16062333"><ele>11.170</ele><time>2026-07-18T15:32:56Z</time><speed>3.152</speed><sat>17</sat></trkpt>
  <trkpt lat="26.42034333" lon="-80.16059333"><ele>11.470</ele><time>2026-07-18T15:32:57Z</time><speed>3.160</speed><sat>17</sat></trkpt>
  <trkpt lat="26.42033167" lon="-80.16056500"><ele>11.771</ele><time>2026-07-18T15:32:58Z</time><speed>3.201</speed><sat>17</sat></trkpt>
  <trkpt lat="26.42032000" lon="-80.16053667"><ele>11.871</ele><time>2026-07-18T15:32:59Z</time><speed>3.191</speed><sat>17</sat></trkpt>
  <trkpt lat="26.42030667" lon="-80.16050833"><ele>12.171</ele><time>2026-07-18T15:33:00Z</time><speed>3.178</speed><sat>17</sat></trkpt>
  <trkpt lat="26.42029333" lon="-80.16048000"><ele>12.371</ele><time>2026-07-18T15:33:01Z</time><speed>3.186</speed><sat>17</sat></trkpt>
  <trkpt lat="26.42028000" lon="-80.16045000"><ele>12.271</ele><time>2026-07-18T15:33:02Z</time><speed>3.145</speed><sat>17</sat></trkpt>
  <trkpt lat="26.42026667" lon="-80.16042167"><ele>12.671</ele><time>2026-07-18T15:33:03Z</time><speed>3.089</speed><sat>17</sat></trkpt>
  <trkpt lat="26.42025167" lon="-80.16039167"><ele>12.671</ele><time>2026-07-18T15:33:04Z</time><speed>3.124</speed><sat>17</sat></trkpt>
  <trkpt lat="26.42023833" lon="-80.16036167"><ele>13.171</ele><time>2026-07-18T15:33:05Z</time><speed>3.156</speed><sat>17</sat></trkpt>
  <trkpt lat="26.42022333" lon="-80.16033333"><ele>13.071</ele><time>2026-07-18T15:33:06Z</time><speed>3.175</speed><sat>17</sat></trkpt>
  <trkpt lat="26.42021000" lon="-80.16030667"><ele>12.872</ele><time>2026-07-18T15:33:07Z</time><speed>3.174</speed><sat>17</sat></trkpt>
  <trkpt lat="26.42019667" lon="-80.16027833"><ele>12.772</ele><time>2026-07-18T15:33:08Z</time><speed>3.161</speed><sat>17</sat></trkpt>
  <trkpt lat="26.42018333" lon="-80.16025167"><ele>12.872</ele><time>2026-07-18T15:33:09Z</time><speed>3.169</speed><sat>17</sat></trkpt>
  <trkpt lat="26.42017000" lon="-80.16022500"><ele>12.672</ele><time>2026-07-18T15:33:10Z</time><speed>3.164</speed><sat>17</sat></trkpt>
  <trkpt lat="26.42015333" lon="-80.16019833"><ele>12.772</ele><time>2026-07-18T15:33:11Z</time><speed>3.165</speed><sat>17</sat></trkpt>
  <trkpt lat="26.42013500" lon="-80.16017167"><ele>12.772</ele><time>2026-07-18T15:33:12Z</time><speed>3.191</speed><sat>17</sat></trkpt>
  <trkpt lat="26.42011667" lon="-80.16014500"><ele>12.972</ele><time>2026-07-18T15:33:13Z</time><speed>3.205</speed><sat>17</sat></trkpt>
  <trkpt lat="26.42010000" lon="-80.16012000"><ele>13.172</ele><time>2026-07-18T15:33:14Z</time><speed>3.195</speed><sat>17</sat></trkpt>
  <trkpt lat="26.42008167" lon="-80.16009333"><ele>12.772</ele><time>2026-07-18T15:33:15Z</time><speed>3.191</speed><sat>17</sat></trkpt>
  <trkpt lat="26.42006333" lon="-80.16006833"><ele>12.972</ele><time>2026-07-18T15:33:16Z</time><speed>3.178</speed><sat>17</sat></trkpt>
  <trkpt lat="26.42004667" lon="-80.16004000"><ele>12.773</ele><time>2026-07-18T15:33:17Z</time><speed>3.181</speed><sat>17</sat></trkpt>
  <trkpt lat="26.42002833" lon="-80.16001333"><ele>12.373</ele><time>2026-07-18T15:33:18Z</time><speed>3.179</speed><sat>17</sat></trkpt>
  <trkpt lat="26.42000833" lon="-80.15999000"><ele>12.073</ele><time>2026-07-18T15:33:19Z</time><speed>3.186</speed><sat>17</sat></trkpt>
  <trkpt lat="26.41999000" lon="-80.15996667"><ele>11.873</ele><time>2026-07-18T15:33:20Z</time><speed>3.177</speed><sat>17</sat></trkpt>
  <trkpt lat="26.41997167" lon="-80.15994333"><ele>11.573</ele><time>2026-07-18T15:33:21Z</time><speed>3.161</speed><sat>17</sat></trkpt>
  <trkpt lat="26.41995500" lon="-80.15992000"><ele>10.973</ele><time>2026-07-18T15:33:22Z</time><speed>3.139</speed><sat>17</sat></trkpt>
  <trkpt lat="26.41994000" lon="-80.15989500"><ele>11.073</ele><time>2026-07-18T15:33:23Z</time><speed>3.139</speed><sat>17</sat></trkpt>
  <trkpt lat="26.41992500" lon="-80.15987000"><ele>10.873</ele><time>2026-07-18T15:33:24Z</time><speed>3.140</speed><sat>17</sat></trkpt>
  <trkpt lat="26.41990833" lon="-80.15984333"><ele>10.473</ele><time>2026-07-18T15:33:25Z</time><speed>3.149</speed><sat>17</sat></trkpt>
  <trkpt lat="26.41989333" lon="-80.15981667"><ele>10.273</ele><time>2026-07-18T15:33:26Z</time><speed>3.148</speed><sat>17</sat></trkpt>
  <trkpt lat="26.41987833" lon="-80.15979167"><ele>10.173</ele><time>2026-07-18T15:33:27Z</time><speed>3.134</speed><sat>17</sat></trkpt>
  <trkpt lat="26.41986167" lon="-80.15976667"><ele>10.074</ele><time>2026-07-18T15:33:28Z</time><speed>3.137</speed><sat>17</sat></trkpt>
  <trkpt lat="26.41984833" lon="-80.15974333"><ele>10.074</ele><time>2026-07-18T15:33:29Z</time><speed>3.120</speed><sat>17</sat></trkpt>
  <trkpt lat="26.41983000" lon="-80.15971833"><ele>9.974</ele><time>2026-07-18T15:33:30Z</time><speed>3.122</speed><sat>17</sat></trkpt>
  <trkpt lat="26.41981333" lon="-80.15969167"><ele>9.874</ele><time>2026-07-18T15:33:31Z</time><speed>3.131</speed><sat>17</sat></trkpt>
  <trkpt lat="26.41979500" lon="-80.15966667"><ele>9.374</ele><time>2026-07-18T15:33:32Z</time><speed>3.132</speed><sat>17</sat></trkpt>
  <trkpt lat="26.41977833" lon="-80.15964167"><ele>9.074</ele><time>2026-07-18T15:33:33Z</time><speed>3.134</speed><sat>17</sat></trkpt>
  <trkpt lat="26.41976000" lon="-80.15961833"><ele>9.374</ele><time>2026-07-18T15:33:34Z</time><speed>3.120</speed><sat>16</sat></trkpt>
  <trkpt lat="26.41974000" lon="-80.15960000"><ele>9.574</ele><time>2026-07-18T15:33:35Z</time><speed>3.071</speed><sat>17</sat></trkpt>
  <trkpt lat="26.41972167" lon="-80.15957667"><ele>9.074</ele><time>2026-07-18T15:33:36Z</time><speed>3.048</speed><sat>17</sat></trkpt>
  <trkpt lat="26.41970333" lon="-80.15954833"><ele>9.774</ele><time>2026-07-18T15:33:37Z</time><speed>3.065</speed><sat>17</sat></trkpt>
  <trkpt lat="26.41968500" lon="-80.15952333"><ele>10.374</ele><time>2026-07-18T15:33:38Z</time><speed>3.028</speed><sat>17</sat></trkpt>
  <trkpt lat="26.41966833" lon="-80.15950167"><ele>10.475</ele><time>2026-07-18T15:33:39Z</time><speed>3.005</speed><sat>17</sat></trkpt>
  <trkpt lat="26.41965167" lon="-80.15948500"><ele>10.375</ele><time>2026-07-18T15:33:40Z</time><speed>2.901</speed><sat>17</sat></trkpt>
  <trkpt lat="26.41964333" lon="-80.15947500"><ele>10.275</ele><time>2026-07-18T15:33:41Z</time><speed>2.713</speed><sat>17</sat></trkpt>
  <trkpt lat="26.41963500" lon="-80.15946500"><ele>10.875</ele><time>2026-07-18T15:33:42Z</time><speed>2.518</speed><sat>17</sat></trkpt>
  <trkpt lat="26.41962833" lon="-80.15945333"><ele>11.075</ele><time>2026-07-18T15:33:43Z</time><speed>2.331</speed><sat>17</sat></trkpt>
  <trkpt lat="26.41962167" lon="-80.15944333"><ele>11.375</ele><time>2026-07-18T15:33:44Z</time><speed>2.127</speed><sat>17</sat></trkpt>
  <trkpt lat="26.41961333" lon="-80.15943500"><ele>11.675</ele><time>2026-07-18T15:33:45Z</time><speed>1.974</speed><sat>17</sat></trkpt>
  <trkpt lat="26.41960500" lon="-80.15942667"><ele>11.475</ele><time>2026-07-18T15:33:46Z</time><speed>1.811</speed><sat>17</sat></trkpt>
  <trkpt lat="26.41959667" lon="-80.15941500"><ele>11.475</ele><time>2026-07-18T15:33:47Z</time><speed>1.648</speed><sat>17</sat></trkpt>
  <trkpt lat="26.41959000" lon="-80.15940333"><ele>11.375</ele><time>2026-07-18T15:33:48Z</time><speed>1.523</speed><sat>17</sat></trkpt>
  <trkpt lat="26.41958333" lon="-80.15939000"><ele>11.775</ele><time>2026-07-18T15:33:49Z</time><speed>1.409</speed><sat>17</sat></trkpt>
  <trkpt lat="26.41957333" lon="-80.15937833"><ele>12.175</ele><time>2026-07-18T15:33:50Z</time><speed>1.370</speed><sat>17</sat></trkpt>
  <trkpt lat="26.41956333" lon="-80.15936667"><ele>12.475</ele><time>2026-07-18T15:33:51Z</time><speed>1.419</speed><sat>17</sat></trkpt>
  <trkpt lat="26.41955167" lon="-80.15935333"><ele>12.975</ele><time>2026-07-18T15:33:52Z</time><speed>1.500</speed><sat>17</sat></trkpt>
  <trkpt lat="26.41954000" lon="-80.15934167"><ele>13.175</ele><time>2026-07-18T15:33:53Z</time><speed>1.580</speed><sat>17</sat></trkpt>
  <trkpt lat="26.41952833" lon="-80.15933000"><ele>13.075</ele><time>2026-07-18T15:33:54Z</time><speed>1.704</speed><sat>17</sat></trkpt>
  <trkpt lat="26.41951667" lon="-80.15931667"><ele>12.975</ele><time>2026-07-18T15:33:55Z</time><speed>1.808</speed><sat>17</sat></trkpt>
  <trkpt lat="26.41950500" lon="-80.15930167"><ele>12.875</ele><time>2026-07-18T15:33:56Z</time><speed>1.912</speed><sat>17</sat></trkpt>
  <trkpt lat="26.41949000" lon="-80.15928667"><ele>12.975</ele><time>2026-07-18T15:33:57Z</time><speed>1.985</speed><sat>17</sat></trkpt>
  <trkpt lat="26.41947167" lon="-80.15927000"><ele>12.975</ele><time>2026-07-18T15:33:58Z</time><speed>2.060</speed><sat>17</sat></trkpt>
  <trkpt lat="26.41945667" lon="-80.15925333"><ele>13.075</ele><time>2026-07-18T15:33:59Z</time><speed>2.135</speed><sat>17</sat></trkpt>
  <trkpt lat="26.41943667" lon="-80.15923833"><ele>13.275</ele><time>2026-07-18T15:34:00Z</time><speed>2.198</speed><sat>17</sat></trkpt>
  <trkpt lat="26.41941667" lon="-80.15922333"><ele>13.376</ele><time>2026-07-18T15:34:01Z</time><speed>2.274</speed><sat>17</sat></trkpt>
  <trkpt lat="26.41939500" lon="-80.15920667"><ele>13.176</ele><time>2026-07-18T15:34:02Z</time><speed>2.321</speed><sat>17</sat></trkpt>
  <trkpt lat="26.41937500" lon="-80.15919167"><ele>13.776</ele><time>2026-07-18T15:34:03Z</time><speed>2.398</speed><sat>17</sat></trkpt>
  <trkpt lat="26.41935667" lon="-80.15918000"><ele>14.076</ele><time>2026-07-18T15:34:04Z</time><speed>2.421</speed><sat>17</sat></trkpt>
  <trkpt lat="26.41933833" lon="-80.15916333"><ele>13.476</ele><time>2026-07-18T15:34:05Z</time><speed>2.421</speed><sat>17</sat></trkpt>
  <trkpt lat="26.41932333" lon="-80.15914667"><ele>13.576</ele><time>2026-07-18T15:34:06Z</time><speed>2.408</speed><sat>17</sat></trkpt>
  <trkpt lat="26.41930333" lon="-80.15913333"><ele>14.076</ele><time>2026-07-18T15:34:07Z</time><speed>2.480</speed><sat>17</sat></trkpt>
  <trkpt lat="26.41928333" lon="-80.15911333"><ele>14.176</ele><time>2026-07-18T15:34:08Z</time><speed>2.547</speed><sat>17</sat></trkpt>
  <trkpt lat="26.41926000" lon="-80.15909500"><ele>13.976</ele><time>2026-07-18T15:34:09Z</time><speed>2.621</speed><sat>17</sat></trkpt>
  <trkpt lat="26.41924000" lon="-80.15907500"><ele>14.076</ele><time>2026-07-18T15:34:10Z</time><speed>2.705</speed><sat>17</sat></trkpt>
  <trkpt lat="26.41921667" lon="-80.15905500"><ele>14.076</ele><time>2026-07-18T15:34:11Z</time><speed>2.773</speed><sat>17</sat></trkpt>
  <trkpt lat="26.41919333" lon="-80.15903500"><ele>13.976</ele><time>2026-07-18T15:34:12Z</time><speed>2.820</speed><sat>17</sat></trkpt>
  <trkpt lat="26.41916833" lon="-80.15901667"><ele>13.976</ele><time>2026-07-18T15:34:13Z</time><speed>2.773</speed><sat>17</sat></trkpt>
  <trkpt lat="26.41914000" lon="-80.15899500"><ele>13.676</ele><time>2026-07-18T15:34:14Z</time><speed>2.793</speed><sat>17</sat></trkpt>
  <trkpt lat="26.41910833" lon="-80.15897500"><ele>13.476</ele><time>2026-07-18T15:34:15Z</time><speed>2.844</speed><sat>17</sat></trkpt>
  <trkpt lat="26.41908167" lon="-80.15895333"><ele>13.176</ele><time>2026-07-18T15:34:16Z</time><speed>2.912</speed><sat>17</sat></trkpt>
  <trkpt lat="26.41905500" lon="-80.15893500"><ele>13.277</ele><time>2026-07-18T15:34:17Z</time><speed>2.933</speed><sat>17</sat></trkpt>
  <trkpt lat="26.41903000" lon="-80.15891667"><ele>13.477</ele><time>2026-07-18T15:34:18Z</time><speed>2.991</speed><sat>17</sat></trkpt>
  <trkpt lat="26.41900333" lon="-80.15889833"><ele>12.977</ele><time>2026-07-18T15:34:19Z</time><speed>2.997</speed><sat>17</sat></trkpt>
  <trkpt lat="26.41898000" lon="-80.15888167"><ele>13.277</ele><time>2026-07-18T15:34:20Z</time><speed>3.008</speed><sat>17</sat></trkpt>
  <trkpt lat="26.41895667" lon="-80.15885833"><ele>12.777</ele><time>2026-07-18T15:34:21Z</time><speed>3.027</speed><sat>17</sat></trkpt>
  <trkpt lat="26.41893333" lon="-80.15884000"><ele>12.777</ele><time>2026-07-18T15:34:22Z</time><speed>3.055</speed><sat>17</sat></trkpt>
  <trkpt lat="26.41891167" lon="-80.15881833"><ele>12.877</ele><time>2026-07-18T15:34:23Z</time><speed>3.152</speed><sat>17</sat></trkpt>
  <trkpt lat="26.41888667" lon="-80.15879833"><ele>12.777</ele><time>2026-07-18T15:34:24Z</time><speed>3.203</speed><sat>16</sat></trkpt>
  <trkpt lat="26.41886500" lon="-80.15877833"><ele>12.577</ele><time>2026-07-18T15:34:25Z</time><speed>3.184</speed><sat>16</sat></trkpt>
  <trkpt lat="26.41884333" lon="-80.15875833"><ele>12.377</ele><time>2026-07-18T15:34:26Z</time><speed>3.224</speed><sat>16</sat></trkpt>
  <trkpt lat="26.41882000" lon="-80.15873333"><ele>12.777</ele><time>2026-07-18T15:34:27Z</time><speed>3.276</speed><sat>16</sat></trkpt>
  <trkpt lat="26.41879167" lon="-80.15871667"><ele>12.677</ele><time>2026-07-18T15:34:28Z</time><speed>3.313</speed><sat>16</sat></trkpt>
  <trkpt lat="26.41876500" lon="-80.15869667"><ele>12.577</ele><time>2026-07-18T15:34:29Z</time><speed>3.386</speed><sat>16</sat></trkpt>
  <trkpt lat="26.41874000" lon="-80.15868000"><ele>12.177</ele><time>2026-07-18T15:34:30Z</time><speed>3.382</speed><sat>16</sat></trkpt>
  <trkpt lat="26.41871333" lon="-80.15866167"><ele>12.077</ele><time>2026-07-18T15:34:31Z</time><speed>3.366</speed><sat>16</sat></trkpt>
  <trkpt lat="26.41869167" lon="-80.15863833"><ele>11.878</ele><time>2026-07-18T15:34:32Z</time><speed>3.367</speed><sat>16</sat></trkpt>
  <trkpt lat="26.41866667" lon="-80.15862000"><ele>12.178</ele><time>2026-07-18T15:34:33Z</time><speed>3.352</speed><sat>16</sat></trkpt>
  <trkpt lat="26.41864500" lon="-80.15859833"><ele>12.278</ele><time>2026-07-18T15:34:34Z</time><speed>3.344</speed><sat>16</sat></trkpt>
  <trkpt lat="26.41862167" lon="-80.15858000"><ele>11.778</ele><time>2026-07-18T15:34:35Z</time><speed>3.359</speed><sat>16</sat></trkpt>
  <trkpt lat="26.41859833" lon="-80.15856333"><ele>11.778</ele><time>2026-07-18T15:34:36Z</time><speed>3.335</speed><sat>17</sat></trkpt>
  <trkpt lat="26.41857667" lon="-80.15855000"><ele>11.778</ele><time>2026-07-18T15:34:37Z</time><speed>3.289</speed><sat>17</sat></trkpt>
  <trkpt lat="26.41855167" lon="-80.15853500"><ele>11.578</ele><time>2026-07-18T15:34:38Z</time><speed>3.203</speed><sat>17</sat></trkpt>
  <trkpt lat="26.41852833" lon="-80.15851667"><ele>11.278</ele><time>2026-07-18T15:34:39Z</time><speed>3.105</speed><sat>17</sat></trkpt>
  <trkpt lat="26.41850667" lon="-80.15849667"><ele>11.378</ele><time>2026-07-18T15:34:40Z</time><speed>3.064</speed><sat>17</sat></trkpt>
  <trkpt lat="26.41849333" lon="-80.15848167"><ele>12.578</ele><time>2026-07-18T15:34:41Z</time><speed>3.016</speed><sat>17</sat></trkpt>
  <trkpt lat="26.41847167" lon="-80.15846333"><ele>12.878</ele><time>2026-07-18T15:34:42Z</time><speed>2.984</speed><sat>17</sat></trkpt>
  <trkpt lat="26.41845000" lon="-80.15844500"><ele>13.278</ele><time>2026-07-18T15:34:43Z</time><speed>2.959</speed><sat>17</sat></trkpt>
  <trkpt lat="26.41842833" lon="-80.15842500"><ele>13.878</ele><time>2026-07-18T15:34:44Z</time><speed>2.958</speed><sat>17</sat></trkpt>
  <trkpt lat="26.41840167" lon="-80.15840667"><ele>13.878</ele><time>2026-07-18T15:34:45Z</time><speed>3.021</speed><sat>17</sat></trkpt>
  <trkpt lat="26.41837667" lon="-80.15838833"><ele>13.478</ele><time>2026-07-18T15:34:46Z</time><speed>3.037</speed><sat>17</sat></trkpt>
  <trkpt lat="26.41835333" lon="-80.15837000"><ele>12.978</ele><time>2026-07-18T15:34:47Z</time><speed>2.998</speed><sat>17</sat></trkpt>
  <trkpt lat="26.41833333" lon="-80.15835333"><ele>12.979</ele><time>2026-07-18T15:34:48Z</time><speed>3.007</speed><sat>17</sat></trkpt>
  <trkpt lat="26.41831333" lon="-80.15834333"><ele>13.179</ele><time>2026-07-18T15:34:49Z</time><speed>3.003</speed><sat>17</sat></trkpt>
  <trkpt lat="26.41829333" lon="-80.15832667"><ele>13.179</ele><time>2026-07-18T15:34:50Z</time><speed>3.034</speed><sat>17</sat></trkpt>
  <trkpt lat="26.41827500" lon="-80.15830667"><ele>13.579</ele><time>2026-07-18T15:34:51Z</time><speed>3.102</speed><sat>16</sat></trkpt>
  <trkpt lat="26.41825000" lon="-80.15828833"><ele>13.279</ele><time>2026-07-18T15:34:52Z</time><speed>3.140</speed><sat>16</sat></trkpt>
  <trkpt lat="26.41822500" lon="-80.15826833"><ele>13.379</ele><time>2026-07-18T15:34:53Z</time><speed>3.169</speed><sat>16</sat></trkpt>
  <trkpt lat="26.41820000" lon="-80.15824833"><ele>12.979</ele><time>2026-07-18T15:34:54Z</time><speed>3.156</speed><sat>16</sat></trkpt>
  <trkpt lat="26.41817833" lon="-80.15823167"><ele>13.079</ele><time>2026-07-18T15:34:55Z</time><speed>3.162</speed><sat>16</sat></trkpt>
  <trkpt lat="26.41815000" lon="-80.15821667"><ele>12.779</ele><time>2026-07-18T15:34:56Z</time><speed>3.156</speed><sat>16</sat></trkpt>
  <trkpt lat="26.41812500" lon="-80.15819833"><ele>12.779</ele><time>2026-07-18T15:34:57Z</time><speed>3.195</speed><sat>17</sat></trkpt>
  <trkpt lat="26.41810000" lon="-80.15817833"><ele>12.379</ele><time>2026-07-18T15:34:58Z</time><speed>3.220</speed><sat>16</sat></trkpt>
  <trkpt lat="26.41807333" lon="-80.15815833"><ele>12.179</ele><time>2026-07-18T15:34:59Z</time><speed>3.260</speed><sat>17</sat></trkpt>
  <trkpt lat="26.41805000" lon="-80.15814000"><ele>12.079</ele><time>2026-07-18T15:35:00Z</time><speed>3.279</speed><sat>17</sat></trkpt>
  <trkpt lat="26.41802333" lon="-80.15812167"><ele>11.679</ele><time>2026-07-18T15:35:01Z</time><speed>3.295</speed><sat>17</sat></trkpt>
  <trkpt lat="26.41799500" lon="-80.15810333"><ele>11.079</ele><time>2026-07-18T15:35:02Z</time><speed>3.352</speed><sat>17</sat></trkpt>
  <trkpt lat="26.41797167" lon="-80.15808333"><ele>10.879</ele><time>2026-07-18T15:35:03Z</time><speed>3.372</speed><sat>17</sat></trkpt>
  <trkpt lat="26.41794833" lon="-80.15806500"><ele>10.879</ele><time>2026-07-18T15:35:04Z</time><speed>3.397</speed><sat>17</sat></trkpt>
  <trkpt lat="26.41792667" lon="-80.15804500"><ele>10.880</ele><time>2026-07-18T15:35:05Z</time><speed>3.368</speed><sat>17</sat></trkpt>
  <trkpt lat="26.41790333" lon="-80.15802833"><ele>10.980</ele><time>2026-07-18T15:35:06Z</time><speed>3.377</speed><sat>17</sat></trkpt>
  <trkpt lat="26.41788000" lon="-80.15801167"><ele>11.280</ele><time>2026-07-18T15:35:07Z</time><speed>3.354</speed><sat>17</sat></trkpt>
  <trkpt lat="26.41785667" lon="-80.15799833"><ele>11.180</ele><time>2026-07-18T15:35:08Z</time><speed>3.271</speed><sat>17</sat></trkpt>
  <trkpt lat="26.41783333" lon="-80.15798333"><ele>11.280</ele><time>2026-07-18T15:35:09Z</time><speed>3.241</speed><sat>17</sat></trkpt>
  <trkpt lat="26.41780333" lon="-80.15797000"><ele>11.480</ele><time>2026-07-18T15:35:10Z</time><speed>3.222</speed><sat>17</sat></trkpt>
  <trkpt lat="26.41777667" lon="-80.15795500"><ele>11.180</ele><time>2026-07-18T15:35:11Z</time><speed>3.196</speed><sat>16</sat></trkpt>
  <trkpt lat="26.41775000" lon="-80.15794167"><ele>11.080</ele><time>2026-07-18T15:35:12Z</time><speed>3.114</speed><sat>17</sat></trkpt>
  <trkpt lat="26.41772500" lon="-80.15792667"><ele>10.680</ele><time>2026-07-18T15:35:13Z</time><speed>3.066</speed><sat>16</sat></trkpt>
  <trkpt lat="26.41770000" lon="-80.15791167"><ele>10.280</ele><time>2026-07-18T15:35:14Z</time><speed>3.037</speed><sat>16</sat></trkpt>
  <trkpt lat="26.41767667" lon="-80.15789833"><ele>10.180</ele><time>2026-07-18T15:35:15Z</time><speed>2.957</speed><sat>16</sat></trkpt>
  <trkpt lat="26.41765500" lon="-80.15788500"><ele>10.680</ele><time>2026-07-18T15:35:16Z</time><speed>2.868</speed><sat>16</sat></trkpt>
  <trkpt lat="26.41763667" lon="-80.15787333"><ele>10.880</ele><time>2026-07-18T15:35:17Z</time><speed>2.801</speed><sat>17</sat></trkpt>
  <trkpt lat="26.41761333" lon="-80.15786500"><ele>10.580</ele><time>2026-07-18T15:35:18Z</time><speed>2.788</speed><sat>17</sat></trkpt>
  <trkpt lat="26.41759500" lon="-80.15785833"><ele>10.580</ele><time>2026-07-18T15:35:19Z</time><speed>2.718</speed><sat>17</sat></trkpt>
  <trkpt lat="26.41757833" lon="-80.15785167"><ele>10.880</ele><time>2026-07-18T15:35:20Z</time><speed>2.635</speed><sat>17</sat></trkpt>
  <trkpt lat="26.41756000" lon="-80.15784667"><ele>11.180</ele><time>2026-07-18T15:35:21Z</time><speed>2.544</speed><sat>17</sat></trkpt>
  <trkpt lat="26.41753333" lon="-80.15783667"><ele>11.480</ele><time>2026-07-18T15:35:22Z</time><speed>2.559</speed><sat>17</sat></trkpt>
  <trkpt lat="26.41751000" lon="-80.15782500"><ele>11.780</ele><time>2026-07-18T15:35:23Z</time><speed>2.599</speed><sat>17</sat></trkpt>
  <trkpt lat="26.41748000" lon="-80.15781667"><ele>11.180</ele><time>2026-07-18T15:35:24Z</time><speed>2.654</speed><sat>15</sat></trkpt>
  <trkpt lat="26.41744833" lon="-80.15780667"><ele>10.980</ele><time>2026-07-18T15:35:25Z</time><speed>2.778</speed><sat>16</sat></trkpt>
  <trkpt lat="26.41741833" lon="-80.15779667"><ele>10.680</ele><time>2026-07-18T15:35:26Z</time><speed>2.853</speed><sat>16</sat></trkpt>
  <trkpt lat="26.41739167" lon="-80.15779167"><ele>10.780</ele><time>2026-07-18T15:35:27Z</time><speed>2.906</speed><sat>16</sat></trkpt>
  <trkpt lat="26.41736500" lon="-80.15778833"><ele>10.180</ele><time>2026-07-18T15:35:28Z</time><speed>2.916</speed><sat>16</sat></trkpt>
  <trkpt lat="26.41734167" lon="-80.15778500"><ele>10.580</ele><time>2026-07-18T15:35:29Z</time><speed>2.961</speed><sat>16</sat></trkpt>
  <trkpt lat="26.41732000" lon="-80.15778000"><ele>10.980</ele><time>2026-07-18T15:35:30Z</time><speed>3.021</speed><sat>16</sat></trkpt>
  <trkpt lat="26.41729333" lon="-80.15777000"><ele>10.480</ele><time>2026-07-18T15:35:31Z</time><speed>3.083</speed><sat>16</sat></trkpt>
  <trkpt lat="26.41726500" lon="-80.15776333"><ele>10.280</ele><time>2026-07-18T15:35:32Z</time><speed>3.040</speed><sat>16</sat></trkpt>
  <trkpt lat="26.41724000" lon="-80.15775667"><ele>10.180</ele><time>2026-07-18T15:35:33Z</time><speed>2.939</speed><sat>17</sat></trkpt>
  <trkpt lat="26.41721000" lon="-80.15775167"><ele>10.380</ele><time>2026-07-18T15:35:34Z</time><speed>2.815</speed><sat>17</sat></trkpt>
  <trkpt lat="26.41719000" lon="-80.15775500"><ele>10.380</ele><time>2026-07-18T15:35:35Z</time><speed>2.661</speed><sat>16</sat></trkpt>
  <trkpt lat="26.41718000" lon="-80.15775333"><ele>10.880</ele><time>2026-07-18T15:35:36Z</time><speed>2.436</speed><sat>16</sat></trkpt>
  <trkpt lat="26.41717333" lon="-80.15775167"><ele>10.880</ele><time>2026-07-18T15:35:37Z</time><speed>2.176</speed><sat>16</sat></trkpt>
  <trkpt lat="26.41716833" lon="-80.15775000"><ele>11.280</ele><time>2026-07-18T15:35:38Z</time><speed>1.939</speed><sat>17</sat></trkpt>
  <trkpt lat="26.41716500" lon="-80.15774833"><ele>11.580</ele><time>2026-07-18T15:35:39Z</time><speed>1.675</speed><sat>17</sat></trkpt>
  <trkpt lat="26.41716000" lon="-80.15774667"><ele>11.980</ele><time>2026-07-18T15:35:40Z</time><speed>1.401</speed><sat>17</sat></trkpt>
  <trkpt lat="26.41715667" lon="-80.15774500"><ele>12.180</ele><time>2026-07-18T15:35:41Z</time><speed>1.126</speed><sat>17</sat></trkpt>
  <trkpt lat="26.41715667" lon="-80.15774000"><ele>12.480</ele><time>2026-07-18T15:35:42Z</time><speed>0.858</speed><sat>17</sat></trkpt>
  <trkpt lat="26.41715667" lon="-80.15773833"><ele>12.480</ele><time>2026-07-18T15:35:43Z</time><speed>0.625</speed><sat>17</sat></trkpt>
  <trkpt lat="26.41715500" lon="-80.15773667"><ele>12.580</ele><time>2026-07-18T15:35:44Z</time><speed>0.408</speed><sat>17</sat></trkpt>
  <trkpt lat="26.41715500" lon="-80.15773500"><ele>12.780</ele><time>2026-07-18T15:35:45Z</time><speed>0.000</speed><sat>17</sat></trkpt>
  <trkpt lat="26.41715333" lon="-80.15773333"><ele>12.780</ele><time>2026-07-18T15:35:46Z</time><speed>0.000</speed><sat>17</sat></trkpt>
  <trkpt lat="26.41715167" lon="-80.15773167"><ele>12.680</ele><time>2026-07-18T15:35:47Z</time><speed>0.000</speed><sat>17</sat></trkpt>
  <trkpt lat="26.41715167" lon="-80.15773167"><ele>12.680</ele><time>2026-07-18T15:35:48Z</time><speed>0.000</speed><sat>17</sat></trkpt>
  <trkpt lat="26.41715167" lon="-80.15773167"><ele>12.680</ele><time>2026-07-18T15:35:49Z</time><speed>0.000</speed><sat>17</sat></trkpt>
  <trkpt lat="26.41715167" lon="-80.15773167"><ele>12.680</ele><time>2026-07-18T15:35:50Z</time><speed>0.000</speed><sat>17</sat></trkpt>
  <trkpt lat="26.41715167" lon="-80.15773167"><ele>12.680</ele><time>2026-07-18T15:35:51Z</time><speed>0.000</speed><sat>17</sat></trkpt>
  <trkpt lat="26.41715167" lon="-80.15773167"><ele>12.680</ele><time>2026-07-18T15:35:52Z</time><speed>0.000</speed><sat>17</sat></trkpt>
  <trkpt lat="26.41715167" lon="-80.15773167"><ele>12.680</ele><time>2026-07-18T15:35:53Z</time><speed>0.000</speed><sat>17</sat></trkpt>
  <trkpt lat="26.41715167" lon="-80.15773167"><ele>12.680</ele><time>2026-07-18T15:35:54Z</time><speed>0.000</speed><sat>17</sat></trkpt>
  <trkpt lat="26.41715167" lon="-80.15773167"><ele>12.680</ele><time>2026-07-18T15:35:55Z</time><speed>0.000</speed><sat>17</sat></trkpt>
  <trkpt lat="26.41715167" lon="-80.15773167"><ele>12.680</ele><time>2026-07-18T15:35:56Z</time><speed>0.000</speed><sat>17</sat></trkpt>
  <trkpt lat="26.41715167" lon="-80.15773167"><ele>12.680</ele><time>2026-07-18T15:35:57Z</time><speed>0.000</speed><sat>17</sat></trkpt>
  <trkpt lat="26.41715167" lon="-80.15773167"><ele>12.680</ele><time>2026-07-18T15:35:58Z</time><speed>0.000</speed><sat>17</sat></trkpt>
  <trkpt lat="26.41715167" lon="-80.15773167"><ele>12.680</ele><time>2026-07-18T15:35:59Z</time><speed>0.000</speed><sat>16</sat></trkpt>
  <trkpt lat="26.41715167" lon="-80.15773167"><ele>12.680</ele><time>2026-07-18T15:36:00Z</time><speed>0.000</speed><sat>17</sat></trkpt>
  <trkpt lat="26.41715167" lon="-80.15773167"><ele>12.680</ele><time>2026-07-18T15:36:01Z</time><speed>0.000</speed><sat>17</sat></trkpt>
  <trkpt lat="26.41715167" lon="-80.15773167"><ele>12.680</ele><time>2026-07-18T15:36:02Z</time><speed>0.000</speed><sat>17</sat></trkpt>
  <trkpt lat="26.41715167" lon="-80.15773167"><ele>12.680</ele><time>2026-07-18T15:36:03Z</time><speed>0.000</speed><sat>17</sat></trkpt>
  <trkpt lat="26.41715167" lon="-80.15773167"><ele>12.680</ele><time>2026-07-18T15:36:04Z</time><speed>0.000</speed><sat>17</sat></trkpt>
  <trkpt lat="26.41715167" lon="-80.15773167"><ele>12.680</ele><time>2026-07-18T15:36:05Z</time><speed>0.000</speed><sat>17</sat></trkpt>
  <trkpt lat="26.41715167" lon="-80.15773167"><ele>12.680</ele><time>2026-07-18T15:36:06Z</time><speed>0.000</speed><sat>17</sat></trkpt>
  <trkpt lat="26.41715167" lon="-80.15773167"><ele>12.680</ele><time>2026-07-18T15:36:07Z</time><speed>0.000</speed><sat>17</sat></trkpt>
  <trkpt lat="26.41715167" lon="-80.15773167"><ele>12.680</ele><time>2026-07-18T15:36:08Z</time><speed>0.000</speed><sat>17</sat></trkpt>
  <trkpt lat="26.41715167" lon="-80.15773167"><ele>12.680</ele><time>2026-07-18T15:36:09Z</time><speed>0.000</speed><sat>17</sat></trkpt>
  <trkpt lat="26.41715167" lon="-80.15773167"><ele>12.680</ele><time>2026-07-18T15:36:10Z</time><speed>0.000</speed><sat>17</sat></trkpt>
  <trkpt lat="26.41715167" lon="-80.15773167"><ele>12.680</ele><time>2026-07-18T15:36:11Z</time><speed>0.000</speed><sat>17</sat></trkpt>
  <trkpt lat="26.41715167" lon="-80.15773167"><ele>12.680</ele><time>2026-07-18T15:36:12Z</time><speed>0.000</speed><sat>17</sat></trkpt>
  <trkpt lat="26.41715167" lon="-80.15773167"><ele>12.680</ele><time>2026-07-18T15:36:13Z</time><speed>0.000</speed><sat>17</sat></trkpt>
  <trkpt lat="26.41715167" lon="-80.15773167"><ele>12.680</ele><time>2026-07-18T15:36:14Z</time><speed>0.000</speed><sat>17</sat></trkpt>
  <trkpt lat="26.41715167" lon="-80.15773167"><ele>12.680</ele><time>2026-07-18T15:36:15Z</time><speed>0.000</speed><sat>17</sat></trkpt>
  <trkpt lat="26.41715167" lon="-80.15773167"><ele>12.680</ele><time>2026-07-18T15:36:16Z</time><speed>0.000</speed><sat>17</sat></trkpt>
  <trkpt lat="26.41715167" lon="-80.15773167"><ele>12.680</ele><time>2026-07-18T15:36:17Z</time><speed>0.000</speed><sat>17</sat></trkpt>
  <trkpt lat="26.41715167" lon="-80.15773167"><ele>12.680</ele><time>2026-07-18T15:36:18Z</time><speed>0.000</speed><sat>17</sat></trkpt>
  <trkpt lat="26.41715167" lon="-80.15773167"><ele>12.680</ele><time>2026-07-18T15:36:19Z</time><speed>0.000</speed><sat>17</sat></trkpt>
  <trkpt lat="26.41715167" lon="-80.15773167"><ele>12.680</ele><time>2026-07-18T15:36:20Z</time><speed>0.000</speed><sat>16</sat></trkpt>
  <trkpt lat="26.41715167" lon="-80.15773167"><ele>12.680</ele><time>2026-07-18T15:36:21Z</time><speed>0.000</speed><sat>16</sat></trkpt>
  <trkpt lat="26.41715167" lon="-80.15773167"><ele>12.680</ele><time>2026-07-18T15:36:22Z</time><speed>0.000</speed><sat>16</sat></trkpt>
  <trkpt lat="26.41715167" lon="-80.15773167"><ele>12.680</ele><time>2026-07-18T15:36:23Z</time><speed>0.000</speed><sat>16</sat></trkpt>
  <trkpt lat="26.41715167" lon="-80.15773167"><ele>12.680</ele><time>2026-07-18T15:36:24Z</time><speed>0.000</speed><sat>16</sat></trkpt>
  <trkpt lat="26.41715167" lon="-80.15773167"><ele>12.680</ele><time>2026-07-18T15:36:25Z</time><speed>0.000</speed><sat>16</sat></trkpt>
  <trkpt lat="26.41715167" lon="-80.15773167"><ele>12.680</ele><time>2026-07-18T15:36:26Z</time><speed>0.000</speed><sat>16</sat></trkpt>
  <trkpt lat="26.41715167" lon="-80.15773167"><ele>12.680</ele><time>2026-07-18T15:36:27Z</time><speed>0.000</speed><sat>16</sat></trkpt>
  <trkpt lat="26.41715167" lon="-80.15773167"><ele>12.680</ele><time>2026-07-18T15:36:28Z</time><speed>0.000</speed><sat>17</sat></trkpt>
  <trkpt lat="26.41715167" lon="-80.15773167"><ele>12.680</ele><time>2026-07-18T15:36:29Z</time><speed>0.000</speed><sat>17</sat></trkpt>
  <trkpt lat="26.41715167" lon="-80.15773167"><ele>12.680</ele><time>2026-07-18T15:36:30Z</time><speed>0.000</speed><sat>16</sat></trkpt>
  <trkpt lat="26.41715167" lon="-80.15773167"><ele>12.680</ele><time>2026-07-18T15:36:31Z</time><speed>0.000</speed><sat>16</sat></trkpt>
  <trkpt lat="26.41715167" lon="-80.15773167"><ele>12.680</ele><time>2026-07-18T15:36:32Z</time><speed>0.000</speed><sat>16</sat></trkpt>
  <trkpt lat="26.41715167" lon="-80.15773167"><ele>12.680</ele><time>2026-07-18T15:36:33Z</time><speed>0.000</speed><sat>16</sat></trkpt>
  <trkpt lat="26.41715167" lon="-80.15773167"><ele>12.680</ele><time>2026-07-18T15:36:34Z</time><speed>0.000</speed><sat>17</sat></trkpt>
  <trkpt lat="26.41715167" lon="-80.15773167"><ele>12.680</ele><time>2026-07-18T15:36:35Z</time><speed>0.000</speed><sat>17</sat></trkpt>
  <trkpt lat="26.41715167" lon="-80.15773167"><ele>12.680</ele><time>2026-07-18T15:36:36Z</time><speed>0.000</speed><sat>16</sat></trkpt>
  <trkpt lat="26.41715167" lon="-80.15773167"><ele>12.680</ele><time>2026-07-18T15:36:37Z</time><speed>0.000</speed><sat>17</sat></trkpt>
  <trkpt lat="26.41715167" lon="-80.15773167"><ele>12.680</ele><time>2026-07-18T15:36:38Z</time><speed>0.000</speed><sat>17</sat></trkpt>
  <trkpt lat="26.41715167" lon="-80.15773167"><ele>12.680</ele><time>2026-07-18T15:36:39Z</time><speed>0.000</speed><sat>17</sat></trkpt>
  <trkpt lat="26.41715167" lon="-80.15773167"><ele>12.680</ele><time>2026-07-18T15:36:40Z</time><speed>0.000</speed><sat>17</sat></trkpt>
  <trkpt lat="26.41713833" lon="-80.15774833"><ele>11.080</ele><time>2026-07-18T15:36:41Z</time><speed>0.419</speed><sat>17</sat></trkpt>
  <trkpt lat="26.41712167" lon="-80.15774667"><ele>12.080</ele><time>2026-07-18T15:36:42Z</time><speed>0.641</speed><sat>16</sat></trkpt>
  <trkpt lat="26.41710000" lon="-80.15774000"><ele>12.780</ele><time>2026-07-18T15:36:43Z</time><speed>0.873</speed><sat>17</sat></trkpt>
  <trkpt lat="26.41707833" lon="-80.15774167"><ele>13.080</ele><time>2026-07-18T15:36:44Z</time><speed>1.149</speed><sat>17</sat></trkpt>
  <trkpt lat="26.41705000" lon="-80.15773833"><ele>12.780</ele><time>2026-07-18T15:36:45Z</time><speed>1.461</speed><sat>17</sat></trkpt>
  <trkpt lat="26.41702167" lon="-80.15773500"><ele>12.180</ele><time>2026-07-18T15:36:46Z</time><speed>1.745</speed><sat>17</sat></trkpt>
  <trkpt lat="26.41699500" lon="-80.15773500"><ele>11.980</ele><time>2026-07-18T15:36:47Z</time><speed>2.032</speed><sat>17</sat></trkpt>
  <trkpt lat="26.41696167" lon="-80.15773333"><ele>11.980</ele><time>2026-07-18T15:36:48Z</time><speed>2.388</speed><sat>17</sat></trkpt>
  <trkpt lat="26.41692167" lon="-80.15773167"><ele>11.680</ele><time>2026-07-18T15:36:49Z</time><speed>2.753</speed><sat>17</sat></trkpt>
  <trkpt lat="26.41688833" lon="-80.15773167"><ele>11.880</ele><time>2026-07-18T15:36:50Z</time><speed>2.968</speed><sat>17</sat></trkpt>
  <trkpt lat="26.41685667" lon="-80.15773500"><ele>11.780</ele><time>2026-07-18T15:36:51Z</time><speed>3.155</speed><sat>17</sat></trkpt>
  <trkpt lat="26.41682500" lon="-80.15774000"><ele>11.780</ele><time>2026-07-18T15:36:52Z</time><speed>3.274</speed><sat>17</sat></trkpt>
  <trkpt lat="26.41679333" lon="-80.15774333"><ele>11.880</ele><time>2026-07-18T15:36:53Z</time><speed>3.378</speed><sat>17</sat></trkpt>
  <trkpt lat="26.41676333" lon="-80.15775000"><ele>11.880</ele><time>2026-07-18T15:36:54Z</time><speed>3.436</speed><sat>17</sat></trkpt>
  <trkpt lat="26.41673333" lon="-80.15776167"><ele>11.280</ele><time>2026-07-18T15:36:55Z</time><speed>3.478</speed><sat>17</sat></trkpt>
  <trkpt lat="26.41670333" lon="-80.15776500"><ele>11.180</ele><time>2026-07-18T15:36:56Z</time><speed>3.539</speed><sat>17</sat></trkpt>
  <trkpt lat="26.41667333" lon="-80.15777167"><ele>11.180</ele><time>2026-07-18T15:36:57Z</time><speed>3.592</speed><sat>17</sat></trkpt>
  <trkpt lat="26.41664333" lon="-80.15777667"><ele>11.180</ele><time>2026-07-18T15:36:58Z</time><speed>3.547</speed><sat>17</sat></trkpt>
  <trkpt lat="26.41661000" lon="-80.15778333"><ele>11.180</ele><time>2026-07-18T15:36:59Z</time><speed>3.486</speed><sat>17</sat></trkpt>
  <trkpt lat="26.41658167" lon="-80.15778667"><ele>11.480</ele><time>2026-07-18T15:37:00Z</time><speed>3.473</speed><sat>17</sat></trkpt>
  <trkpt lat="26.41655167" lon="-80.15779500"><ele>11.480</ele><time>2026-07-18T15:37:01Z</time><speed>3.453</speed><sat>17</sat></trkpt>
  <trkpt lat="26.41652167" lon="-80.15780833"><ele>11.580</ele><time>2026-07-18T15:37:02Z</time><speed>3.460</speed><sat>17</sat></trkpt>
  <trkpt lat="26.41649500" lon="-80.15781833"><ele>11.180</ele><time>2026-07-18T15:37:03Z</time><speed>3.442</speed><sat>17</sat></trkpt>
  <trkpt lat="26.41646667" lon="-80.15783167"><ele>11.280</ele><time>2026-07-18T15:37:04Z</time><speed>3.423</speed><sat>17</sat></trkpt>
  <trkpt lat="26.41643833" lon="-80.15784333"><ele>11.280</ele><time>2026-07-18T15:37:05Z</time><speed>3.386</speed><sat>17</sat></trkpt>
  <trkpt lat="26.41641000" lon="-80.15785500"><ele>11.079</ele><time>2026-07-18T15:37:06Z</time><speed>3.361</speed><sat>17</sat></trkpt>
  <trkpt lat="26.41638167" lon="-80.15786667"><ele>11.079</ele><time>2026-07-18T15:37:07Z</time><speed>3.352</speed><sat>17</sat></trkpt>
  <trkpt lat="26.41635000" lon="-80.15788000"><ele>11.079</ele><time>2026-07-18T15:37:08Z</time><speed>3.381</speed><sat>17</sat></trkpt>
  <trkpt lat="26.41632000" lon="-80.15789000"><ele>10.979</ele><time>2026-07-18T15:37:09Z</time><speed>3.416</speed><sat>17</sat></trkpt>
  <trkpt lat="26.41628833" lon="-80.15790167"><ele>10.479</ele><time>2026-07-18T15:37:10Z</time><speed>3.448</speed><sat>17</sat></trkpt>
  <trkpt lat="26.41625833" lon="-80.15791500"><ele>10.079</ele><time>2026-07-18T15:37:11Z</time><speed>3.477</speed><sat>17</sat></trkpt>
  <trkpt lat="26.41622667" lon="-80.15792833"><ele>10.079</ele><time>2026-07-18T15:37:12Z</time><speed>3.501</speed><sat>17</sat></trkpt>
  <trkpt lat="26.41619167" lon="-80.15794500"><ele>9.979</ele><time>2026-07-18T15:37:13Z</time><speed>3.567</speed><sat>17</sat></trkpt>
  <trkpt lat="26.41616333" lon="-80.15796500"><ele>9.379</ele><time>2026-07-18T15:37:14Z</time><speed>3.631</speed><sat>17</sat></trkpt>
  <trkpt lat="26.41613333" lon="-80.15798500"><ele>10.279</ele><time>2026-07-18T15:37:15Z</time><speed>3.677</speed><sat>17</sat></trkpt>
  <trkpt lat="26.41610333" lon="-80.15800667"><ele>10.479</ele><time>2026-07-18T15:37:16Z</time><speed>3.720</speed><sat>17</sat></trkpt>
  <trkpt lat="26.41607167" lon="-80.15802667"><ele>10.779</ele><time>2026-07-18T15:37:17Z</time><speed>3.748</speed><sat>16</sat></trkpt>
  <trkpt lat="26.41604167" lon="-80.15805000"><ele>10.678</ele><time>2026-07-18T15:37:18Z</time><speed>3.801</speed><sat>16</sat></trkpt>
  <trkpt lat="26.41601000" lon="-80.15807000"><ele>10.778</ele><time>2026-07-18T15:37:19Z</time><speed>3.846</speed><sat>16</sat></trkpt>
  <trkpt lat="26.41597833" lon="-80.15809167"><ele>10.678</ele><time>2026-07-18T15:37:20Z</time><speed>3.902</speed><sat>17</sat></trkpt>
  <trkpt lat="26.41594333" lon="-80.15811500"><ele>11.078</ele><time>2026-07-18T15:37:21Z</time><speed>3.969</speed><sat>16</sat></trkpt>
  <trkpt lat="26.41590833" lon="-80.15814000"><ele>10.778</ele><time>2026-07-18T15:37:22Z</time><speed>4.059</speed><sat>17</sat></trkpt>
  <trkpt lat="26.41587500" lon="-80.15816667"><ele>10.678</ele><time>2026-07-18T15:37:23Z</time><speed>4.072</speed><sat>17</sat></trkpt>
  <trkpt lat="26.41584000" lon="-80.15819667"><ele>10.678</ele><time>2026-07-18T15:37:24Z</time><speed>4.194</speed><sat>16</sat></trkpt>
  <trkpt lat="26.41580000" lon="-80.15823167"><ele>11.178</ele><time>2026-07-18T15:37:25Z</time><speed>4.347</speed><sat>17</sat></trkpt>
  <trkpt lat="26.41575667" lon="-80.15826667"><ele>11.177</ele><time>2026-07-18T15:37:26Z</time><speed>4.604</speed><sat>17</sat></trkpt>
  <trkpt lat="26.41571500" lon="-80.15830500"><ele>11.077</ele><time>2026-07-18T15:37:27Z</time><speed>4.879</speed><sat>17</sat></trkpt>
  <trkpt lat="26.41567333" lon="-80.15834167"><ele>10.177</ele><time>2026-07-18T15:37:28Z</time><speed>5.078</speed><sat>17</sat></trkpt>
  <trkpt lat="26.41563500" lon="-80.15837500"><ele>9.477</ele><time>2026-07-18T15:37:29Z</time><speed>5.268</speed><sat>17</sat></trkpt>
  <trkpt lat="26.41559833" lon="-80.15840500"><ele>8.477</ele><time>2026-07-18T15:37:30Z</time><speed>5.406</speed><sat>17</sat></trkpt>
  <trkpt lat="26.41555833" lon="-80.15843833"><ele>7.477</ele><time>2026-07-18T15:37:31Z</time><speed>5.547</speed><sat>17</sat></trkpt>
  <trkpt lat="26.41551667" lon="-80.15847000"><ele>6.876</ele><time>2026-07-18T15:37:32Z</time><speed>5.660</speed><sat>17</sat></trkpt>
  <trkpt lat="26.41547500" lon="-80.15850500"><ele>6.576</ele><time>2026-07-18T15:37:33Z</time><speed>5.831</speed><sat>17</sat></trkpt>
  <trkpt lat="26.41543667" lon="-80.15854333"><ele>5.976</ele><time>2026-07-18T15:37:34Z</time><speed>5.915</speed><sat>17</sat></trkpt>
  <trkpt lat="26.41538667" lon="-80.15857500"><ele>5.676</ele><time>2026-07-18T15:37:35Z</time><speed>5.982</speed><sat>16</sat></trkpt>
  <trkpt lat="26.41533833" lon="-80.15861000"><ele>5.476</ele><time>2026-07-18T15:37:36Z</time><speed>5.953</speed><sat>17</sat></trkpt>
  <trkpt lat="26.41529167" lon="-80.15864500"><ele>5.876</ele><time>2026-07-18T15:37:37Z</time><speed>5.921</speed><sat>16</sat></trkpt>
  <trkpt lat="26.41524500" lon="-80.15867833"><ele>5.775</ele><time>2026-07-18T15:37:38Z</time><speed>5.918</speed><sat>16</sat></trkpt>
  <trkpt lat="26.41520500" lon="-80.15871167"><ele>5.175</ele><time>2026-07-18T15:37:39Z</time><speed>5.950</speed><sat>17</sat></trkpt>
  <trkpt lat="26.41516000" lon="-80.15874333"><ele>5.175</ele><time>2026-07-18T15:37:40Z</time><speed>5.982</speed><sat>17</sat></trkpt>
  <trkpt lat="26.41511500" lon="-80.15877500"><ele>5.275</ele><time>2026-07-18T15:37:41Z</time><speed>6.007</speed><sat>17</sat></trkpt>
  <trkpt lat="26.41506833" lon="-80.15881000"><ele>5.275</ele><time>2026-07-18T15:37:42Z</time><speed>6.021</speed><sat>17</sat></trkpt>
  <trkpt lat="26.41502500" lon="-80.15884833"><ele>4.975</ele><time>2026-07-18T15:37:43Z</time><speed>6.035</speed><sat>17</sat></trkpt>
  <trkpt lat="26.41497500" lon="-80.15888833"><ele>5.474</ele><time>2026-07-18T15:37:44Z</time><speed>6.045</speed><sat>17</sat></trkpt>
  <trkpt lat="26.41492667" lon="-80.15892833"><ele>5.674</ele><time>2026-07-18T15:37:45Z</time><speed>6.060</speed><sat>17</sat></trkpt>
  <trkpt lat="26.41488500" lon="-80.15896333"><ele>4.774</ele><time>2026-07-18T15:37:46Z</time><speed>6.060</speed><sat>17</sat></trkpt>
  <trkpt lat="26.41484333" lon="-80.15899833"><ele>4.174</ele><time>2026-07-18T15:37:47Z</time><speed>6.041</speed><sat>17</sat></trkpt>
  <trkpt lat="26.41479833" lon="-80.15903333"><ele>3.974</ele><time>2026-07-18T15:37:48Z</time><speed>6.044</speed><sat>17</sat></trkpt>
  <trkpt lat="26.41475167" lon="-80.15906833"><ele>4.374</ele><time>2026-07-18T15:37:49Z</time><speed>6.030</speed><sat>17</sat></trkpt>
  <trkpt lat="26.41470500" lon="-80.15910167"><ele>4.473</ele><time>2026-07-18T15:37:50Z</time><speed>6.032</speed><sat>17</sat></trkpt>
  <trkpt lat="26.41466000" lon="-80.15913833"><ele>4.573</ele><time>2026-07-18T15:37:51Z</time><speed>6.050</speed><sat>17</sat></trkpt>
  <trkpt lat="26.41461500" lon="-80.15917333"><ele>4.673</ele><time>2026-07-18T15:37:52Z</time><speed>6.023</speed><sat>17</sat></trkpt>
  <trkpt lat="26.41457333" lon="-80.15921000"><ele>4.773</ele><time>2026-07-18T15:37:53Z</time><speed>6.011</speed><sat>17</sat></trkpt>
  <trkpt lat="26.41453000" lon="-80.15924333"><ele>5.173</ele><time>2026-07-18T15:37:54Z</time><speed>5.981</speed><sat>17</sat></trkpt>
  <trkpt lat="26.41448833" lon="-80.15928000"><ele>5.373</ele><time>2026-07-18T15:37:55Z</time><speed>5.931</speed><sat>17</sat></trkpt>
  <trkpt lat="26.41444833" lon="-80.15931333"><ele>5.672</ele><time>2026-07-18T15:37:56Z</time><speed>5.887</speed><sat>17</sat></trkpt>
  <trkpt lat="26.41440500" lon="-80.15934667"><ele>5.972</ele><time>2026-07-18T15:37:57Z</time><speed>5.887</speed><sat>16</sat></trkpt>
  <trkpt lat="26.41436000" lon="-80.15938000"><ele>6.172</ele><time>2026-07-18T15:37:58Z</time><speed>5.876</speed><sat>17</sat></trkpt>
  <trkpt lat="26.41432167" lon="-80.15941833"><ele>5.872</ele><time>2026-07-18T15:37:59Z</time><speed>5.852</speed><sat>17</sat></trkpt>
  <trkpt lat="26.41428000" lon="-80.15945500"><ele>5.772</ele><time>2026-07-18T15:38:00Z</time><speed>5.858</speed><sat>17</sat></trkpt>
  <trkpt lat="26.41423500" lon="-80.15949000"><ele>5.772</ele><time>2026-07-18T15:38:01Z</time><speed>5.830</speed><sat>17</sat></trkpt>
  <trkpt lat="26.41419333" lon="-80.15951667"><ele>5.371</ele><time>2026-07-18T15:38:02Z</time><speed>5.845</speed><sat>17</sat></trkpt>
  <trkpt lat="26.41415167" lon="-80.15954667"><ele>5.571</ele><time>2026-07-18T15:38:03Z</time><speed>5.836</speed><sat>17</sat></trkpt>
  <trkpt lat="26.41410667" lon="-80.15958167"><ele>5.671</ele><time>2026-07-18T15:38:04Z</time><speed>5.800</speed><sat>17</sat></trkpt>
  <trkpt lat="26.41406167" lon="-80.15961500"><ele>5.971</ele><time>2026-07-18T15:38:05Z</time><speed>5.806</speed><sat>17</sat></trkpt>
  <trkpt lat="26.41401833" lon="-80.15964833"><ele>6.271</ele><time>2026-07-18T15:38:06Z</time><speed>5.848</speed><sat>17</sat></trkpt>
  <trkpt lat="26.41397000" lon="-80.15968667"><ele>6.571</ele><time>2026-07-18T15:38:07Z</time><speed>5.905</speed><sat>17</sat></trkpt>
  <trkpt lat="26.41392000" lon="-80.15972500"><ele>6.670</ele><time>2026-07-18T15:38:08Z</time><speed>5.972</speed><sat>17</sat></trkpt>
  <trkpt lat="26.41386833" lon="-80.15976667"><ele>6.870</ele><time>2026-07-18T15:38:09Z</time><speed>6.104</speed><sat>17</sat></trkpt>
  <trkpt lat="26.41381167" lon="-80.15980833"><ele>8.270</ele><time>2026-07-18T15:38:10Z</time><speed>7.133</speed><sat>17</sat></trkpt>
  <trkpt lat="26.41376167" lon="-80.15985833"><ele>8.470</ele><time>2026-07-18T15:38:11Z</time><speed>7.314</speed><sat>17</sat></trkpt>
  <trkpt lat="26.41371167" lon="-80.15990167"><ele>9.070</ele><time>2026-07-18T15:38:12Z</time><speed>6.972</speed><sat>17</sat></trkpt>
  <trkpt lat="26.41366167" lon="-80.15994833"><ele>9.769</ele><time>2026-07-18T15:38:13Z</time><speed>7.323</speed><sat>17</sat></trkpt>
  <trkpt lat="26.41362167" lon="-80.15999667"><ele>10.369</ele><time>2026-07-18T15:38:14Z</time><speed>6.617</speed><sat>17</sat></trkpt>
  <trkpt lat="26.41358333" lon="-80.16003833"><ele>11.069</ele><time>2026-07-18T15:38:15Z</time><speed>6.167</speed><sat>17</sat></trkpt>
  <trkpt lat="26.41354167" lon="-80.16008167"><ele>11.369</ele><time>2026-07-18T15:38:16Z</time><speed>6.160</speed><sat>17</sat></trkpt>
  <trkpt lat="26.41350667" lon="-80.16011667"><ele>11.369</ele><time>2026-07-18T15:38:17Z</time><speed>5.457</speed><sat>17</sat></trkpt>
  <trkpt lat="26.41348667" lon="-80.16015000"><ele>11.068</ele><time>2026-07-18T15:38:18Z</time><speed>4.302</speed><sat>17</sat></trkpt>
  <trkpt lat="26.41347167" lon="-80.16018000"><ele>10.668</ele><time>2026-07-18T15:38:19Z</time><speed>3.123</speed><sat>17</sat></trkpt>
  <trkpt lat="26.41346000" lon="-80.16019833"><ele>10.168</ele><time>2026-07-18T15:38:20Z</time><speed>2.306</speed><sat>17</sat></trkpt>
  <trkpt lat="26.41344833" lon="-80.16021500"><ele>10.168</ele><time>2026-07-18T15:38:21Z</time><speed>2.114</speed><sat>17</sat></trkpt>
  <trkpt lat="26.41343833" lon="-80.16022500"><ele>10.268</ele><time>2026-07-18T15:38:22Z</time><speed>1.475</speed><sat>17</sat></trkpt>
  <trkpt lat="26.41343000" lon="-80.16023333"><ele>10.668</ele><time>2026-07-18T15:38:23Z</time><speed>1.494</speed><sat>17</sat></trkpt>
  <trkpt lat="26.41341833" lon="-80.16025167"><ele>10.968</ele><time>2026-07-18T15:38:24Z</time><speed>2.607</speed><sat>17</sat></trkpt>
  <trkpt lat="26.41340333" lon="-80.16027667"><ele>10.768</ele><time>2026-07-18T15:38:25Z</time><speed>3.517</speed><sat>17</sat></trkpt>
  <trkpt lat="26.41338167" lon="-80.16031000"><ele>10.368</ele><time>2026-07-18T15:38:26Z</time><speed>4.066</speed><sat>17</sat></trkpt>
  <trkpt lat="26.41336167" lon="-80.16034833"><ele>10.068</ele><time>2026-07-18T15:38:27Z</time><speed>4.523</speed><sat>16</sat></trkpt>
  <trkpt lat="26.41334500" lon="-80.16039333"><ele>9.967</ele><time>2026-07-18T15:38:28Z</time><speed>5.001</speed><sat>17</sat></trkpt>
  <trkpt lat="26.41332833" lon="-80.16043833"><ele>9.367</ele><time>2026-07-18T15:38:29Z</time><speed>5.363</speed><sat>17</sat></trkpt>
  <trkpt lat="26.41331500" lon="-80.16049167"><ele>9.167</ele><time>2026-07-18T15:38:30Z</time><speed>5.455</speed><sat>17</sat></trkpt>
  <trkpt lat="26.41329667" lon="-80.16053833"><ele>8.767</ele><time>2026-07-18T15:38:31Z</time><speed>5.549</speed><sat>17</sat></trkpt>
  <trkpt lat="26.41326667" lon="-80.16059000"><ele>8.566</ele><time>2026-07-18T15:38:32Z</time><speed>5.704</speed><sat>17</sat></trkpt>
  <trkpt lat="26.41323500" lon="-80.16064167"><ele>8.866</ele><time>2026-07-18T15:38:33Z</time><speed>6.033</speed><sat>17</sat></trkpt>
  <trkpt lat="26.41320000" lon="-80.16069333"><ele>9.166</ele><time>2026-07-18T15:38:34Z</time><speed>6.158</speed><sat>16</sat></trkpt>
  <trkpt lat="26.41317167" lon="-80.16074833"><ele>8.666</ele><time>2026-07-18T15:38:35Z</time><speed>6.457</speed><sat>16</sat></trkpt>
  <trkpt lat="26.41314000" lon="-80.16079833"><ele>8.266</ele><time>2026-07-18T15:38:36Z</time><speed>6.781</speed><sat>17</sat></trkpt>
  <trkpt lat="26.41311167" lon="-80.16085500"><ele>8.165</ele><time>2026-07-18T15:38:37Z</time><speed>6.808</speed><sat>17</sat></trkpt>
  <trkpt lat="26.41308000" lon="-80.16091667"><ele>8.365</ele><time>2026-07-18T15:38:38Z</time><speed>6.769</speed><sat>16</sat></trkpt>
  <trkpt lat="26.41304667" lon="-80.16097833"><ele>8.365</ele><time>2026-07-18T15:38:39Z</time><speed>6.432</speed><sat>16</sat></trkpt>
  <trkpt lat="26.41301667" lon="-80.16103333"><ele>8.865</ele><time>2026-07-18T15:38:40Z</time><speed>6.173</speed><sat>17</sat></trkpt>
  <trkpt lat="26.41298667" lon="-80.16108833"><ele>8.864</ele><time>2026-07-18T15:38:41Z</time><speed>5.905</speed><sat>17</sat></trkpt>
  <trkpt lat="26.41296167" lon="-80.16113833"><ele>9.064</ele><time>2026-07-18T15:38:42Z</time><speed>5.333</speed><sat>17</sat></trkpt>
  <trkpt lat="26.41293667" lon="-80.16118500"><ele>9.764</ele><time>2026-07-18T15:38:43Z</time><speed>4.778</speed><sat>16</sat></trkpt>
  <trkpt lat="26.41291333" lon="-80.16122667"><ele>10.164</ele><time>2026-07-18T15:38:44Z</time><speed>4.913</speed><sat>17</sat></trkpt>
  <trkpt lat="26.41288833" lon="-80.16125833"><ele>10.464</ele><time>2026-07-18T15:38:45Z</time><speed>4.337</speed><sat>17</sat></trkpt>
  <trkpt lat="26.41287500" lon="-80.16128500"><ele>10.963</ele><time>2026-07-18T15:38:46Z</time><speed>2.633</speed><sat>17</sat></trkpt>
  <trkpt lat="26.41286500" lon="-80.16129500"><ele>11.163</ele><time>2026-07-18T15:38:47Z</time><speed>1.940</speed><sat>17</sat></trkpt>
  <trkpt lat="26.41285500" lon="-80.16130500"><ele>11.463</ele><time>2026-07-18T15:38:48Z</time><speed>1.447</speed><sat>17</sat></trkpt>
  <trkpt lat="26.41284833" lon="-80.16131333"><ele>11.363</ele><time>2026-07-18T15:38:49Z</time><speed>0.462</speed><sat>16</sat></trkpt>
  <trkpt lat="26.41284333" lon="-80.16132500"><ele>11.363</ele><time>2026-07-18T15:38:50Z</time><speed>1.121</speed><sat>16</sat></trkpt>
  <trkpt lat="26.41284500" lon="-80.16133333"><ele>11.063</ele><time>2026-07-18T15:38:51Z</time><speed>0.000</speed><sat>16</sat></trkpt>
  <trkpt lat="26.41284333" lon="-80.16133333"><ele>10.963</ele><time>2026-07-18T15:38:52Z</time><speed>0.000</speed><sat>16</sat></trkpt>
  <trkpt lat="26.41284167" lon="-80.16133833"><ele>10.963</ele><time>2026-07-18T15:38:53Z</time><speed>0.000</speed><sat>16</sat></trkpt>
  <trkpt lat="26.41284167" lon="-80.16133833"><ele>10.963</ele><time>2026-07-18T15:38:54Z</time><speed>0.000</speed><sat>16</sat></trkpt>
  <trkpt lat="26.41284167" lon="-80.16133833"><ele>10.963</ele><time>2026-07-18T15:38:55Z</time><speed>0.000</speed><sat>16</sat></trkpt>
  <trkpt lat="26.41285000" lon="-80.16140333"><ele>10.663</ele><time>2026-07-18T15:38:56Z</time><speed>2.977</speed><sat>17</sat></trkpt>
  <trkpt lat="26.41286000" lon="-80.16144167"><ele>10.663</ele><time>2026-07-18T15:38:57Z</time><speed>3.650</speed><sat>17</sat></trkpt>
  <trkpt lat="26.41287667" lon="-80.16147333"><ele>10.763</ele><time>2026-07-18T15:38:58Z</time><speed>3.309</speed><sat>17</sat></trkpt>
  <trkpt lat="26.41289500" lon="-80.16150333"><ele>10.863</ele><time>2026-07-18T15:38:59Z</time><speed>4.163</speed><sat>17</sat></trkpt>
  <trkpt lat="26.41293500" lon="-80.16153167"><ele>11.462</ele><time>2026-07-18T15:39:00Z</time><speed>4.653</speed><sat>17</sat></trkpt>
  <trkpt lat="26.41297333" lon="-80.16156000"><ele>11.762</ele><time>2026-07-18T15:39:01Z</time><speed>4.673</speed><sat>17</sat></trkpt>
  <trkpt lat="26.41300167" lon="-80.16158000"><ele>11.162</ele><time>2026-07-18T15:39:02Z</time><speed>3.800</speed><sat>17</sat></trkpt>
  <trkpt lat="26.41303667" lon="-80.16160500"><ele>10.662</ele><time>2026-07-18T15:39:03Z</time><speed>3.989</speed><sat>17</sat></trkpt>
  <trkpt lat="26.41307333" lon="-80.16164000"><ele>10.662</ele><time>2026-07-18T15:39:04Z</time><speed>5.233</speed><sat>17</sat></trkpt>
  <trkpt lat="26.41311667" lon="-80.16168167"><ele>11.162</ele><time>2026-07-18T15:39:05Z</time><speed>5.381</speed><sat>16</sat></trkpt>
  <trkpt lat="26.41315833" lon="-80.16172167"><ele>11.562</ele><time>2026-07-18T15:39:06Z</time><speed>5.586</speed><sat>17</sat></trkpt>
  <trkpt lat="26.41320167" lon="-80.16175333"><ele>11.862</ele><time>2026-07-18T15:39:07Z</time><speed>5.611</speed><sat>17</sat></trkpt>
  <trkpt lat="26.41324500" lon="-80.16178333"><ele>11.462</ele><time>2026-07-18T15:39:08Z</time><speed>5.340</speed><sat>16</sat></trkpt>
  <trkpt lat="26.41328333" lon="-80.16181500"><ele>11.661</ele><time>2026-07-18T15:39:09Z</time><speed>5.240</speed><sat>17</sat></trkpt>
  <trkpt lat="26.41331833" lon="-80.16184333"><ele>11.161</ele><time>2026-07-18T15:39:10Z</time><speed>5.245</speed><sat>17</sat></trkpt>
  <trkpt lat="26.41335667" lon="-80.16188000"><ele>11.361</ele><time>2026-07-18T15:39:11Z</time><speed>5.249</speed><sat>16</sat></trkpt>
  <trkpt lat="26.41339167" lon="-80.16191667"><ele>11.461</ele><time>2026-07-18T15:39:12Z</time><speed>5.097</speed><sat>17</sat></trkpt>
  <trkpt lat="26.41342667" lon="-80.16195000"><ele>11.361</ele><time>2026-07-18T15:39:13Z</time><speed>5.058</speed><sat>16</sat></trkpt>
  <trkpt lat="26.41346000" lon="-80.16198667"><ele>11.261</ele><time>2026-07-18T15:39:14Z</time><speed>4.957</speed><sat>16</sat></trkpt>
  <trkpt lat="26.41349833" lon="-80.16202167"><ele>11.361</ele><time>2026-07-18T15:39:15Z</time><speed>5.267</speed><sat>16</sat></trkpt>
  <trkpt lat="26.41352833" lon="-80.16206167"><ele>11.461</ele><time>2026-07-18T15:39:16Z</time><speed>4.807</speed><sat>17</sat></trkpt>
  <trkpt lat="26.41355500" lon="-80.16209833"><ele>11.560</ele><time>2026-07-18T15:39:17Z</time><speed>4.534</speed><sat>17</sat></trkpt>
  <trkpt lat="26.41357833" lon="-80.16213500"><ele>11.560</ele><time>2026-07-18T15:39:18Z</time><speed>4.310</speed><sat>17</sat></trkpt>
  <trkpt lat="26.41359667" lon="-80.16216667"><ele>11.260</ele><time>2026-07-18T15:39:19Z</time><speed>3.632</speed><sat>17</sat></trkpt>
  <trkpt lat="26.41361833" lon="-80.16219167"><ele>11.360</ele><time>2026-07-18T15:39:20Z</time><speed>3.435</speed><sat>17</sat></trkpt>
  <trkpt lat="26.41363667" lon="-80.16221500"><ele>11.760</ele><time>2026-07-18T15:39:21Z</time><speed>3.224</speed><sat>17</sat></trkpt>
  <trkpt lat="26.41365667" lon="-80.16223667"><ele>12.060</ele><time>2026-07-18T15:39:22Z</time><speed>3.515</speed><sat>17</sat></trkpt>
  <trkpt lat="26.41368000" lon="-80.16226500"><ele>11.960</ele><time>2026-07-18T15:39:23Z</time><speed>3.965</speed><sat>17</sat></trkpt>
  <trkpt lat="26.41370833" lon="-80.16229500"><ele>11.960</ele><time>2026-07-18T15:39:24Z</time><speed>4.403</speed><sat>17</sat></trkpt>
  <trkpt lat="26.41373333" lon="-80.16232833"><ele>11.760</ele><time>2026-07-18T15:39:25Z</time><speed>4.511</speed><sat>17</sat></trkpt>
  <trkpt lat="26.41375333" lon="-80.16235667"><ele>11.459</ele><time>2026-07-18T15:39:26Z</time><speed>4.245</speed><sat>17</sat></trkpt>
  <trkpt lat="26.41377833" lon="-80.16239667"><ele>11.159</ele><time>2026-07-18T15:39:27Z</time><speed>4.824</speed><sat>17</sat></trkpt>
  <trkpt lat="26.41380167" lon="-80.16243333"><ele>11.359</ele><time>2026-07-18T15:39:28Z</time><speed>4.597</speed><sat>17</sat></trkpt>
  <trkpt lat="26.41383167" lon="-80.16247333"><ele>12.059</ele><time>2026-07-18T15:39:29Z</time><speed>4.626</speed><sat>17</sat></trkpt>
  <trkpt lat="26.41386000" lon="-80.16251000"><ele>11.959</ele><time>2026-07-18T15:39:30Z</time><speed>4.490</speed><sat>17</sat></trkpt>
  <trkpt lat="26.41388667" lon="-80.16254500"><ele>11.459</ele><time>2026-07-18T15:39:31Z</time><speed>4.504</speed><sat>17</sat></trkpt>
  <trkpt lat="26.41391333" lon="-80.16258000"><ele>10.959</ele><time>2026-07-18T15:39:32Z</time><speed>4.224</speed><sat>17</sat></trkpt>
  <trkpt lat="26.41394167" lon="-80.16261167"><ele>10.359</ele><time>2026-07-18T15:39:33Z</time><speed>4.238</speed><sat>16</sat></trkpt>
  <trkpt lat="26.41396667" lon="-80.16264500"><ele>8.858</ele><time>2026-07-18T15:39:34Z</time><speed>4.656</speed><sat>16</sat></trkpt>
  <trkpt lat="26.41398667" lon="-80.16267500"><ele>7.758</ele><time>2026-07-18T15:39:35Z</time><speed>4.451</speed><sat>16</sat></trkpt>
  <trkpt lat="26.41401000" lon="-80.16270833"><ele>6.958</ele><time>2026-07-18T15:39:36Z</time><speed>4.578</speed><sat>16</sat></trkpt>
  <trkpt lat="26.41402833" lon="-80.16273833"><ele>6.458</ele><time>2026-07-18T15:39:37Z</time><speed>4.475</speed><sat>17</sat></trkpt>
  <trkpt lat="26.41404833" lon="-80.16277833"><ele>5.858</ele><time>2026-07-18T15:39:38Z</time><speed>4.976</speed><sat>16</sat></trkpt>
  <trkpt lat="26.41407333" lon="-80.16282500"><ele>6.058</ele><time>2026-07-18T15:39:39Z</time><speed>5.896</speed><sat>16</sat></trkpt>
  <trkpt lat="26.41409833" lon="-80.16287167"><ele>6.458</ele><time>2026-07-18T15:39:40Z</time><speed>4.884</speed><sat>16</sat></trkpt>
  <trkpt lat="26.41412000" lon="-80.16291167"><ele>7.057</ele><time>2026-07-18T15:39:41Z</time><speed>5.355</speed><sat>15</sat></trkpt>
  <trkpt lat="26.41414333" lon="-80.16295500"><ele>6.957</ele><time>2026-07-18T15:39:42Z</time><speed>4.566</speed><sat>17</sat></trkpt>
  <trkpt lat="26.41416167" lon="-80.16298833"><ele>7.457</ele><time>2026-07-18T15:39:43Z</time><speed>3.860</speed><sat>17</sat></trkpt>
  <trkpt lat="26.41418167" lon="-80.16302167"><ele>7.357</ele><time>2026-07-18T15:39:44Z</time><speed>3.778</speed><sat>17</sat></trkpt>
  <trkpt lat="26.41419667" lon="-80.16305333"><ele>6.657</ele><time>2026-07-18T15:39:45Z</time><speed>3.131</speed><sat>17</sat></trkpt>
  <trkpt lat="26.41420667" lon="-80.16307833"><ele>6.457</ele><time>2026-07-18T15:39:46Z</time><speed>2.091</speed><sat>16</sat></trkpt>
  <trkpt lat="26.41421500" lon="-80.16309833"><ele>6.857</ele><time>2026-07-18T15:39:47Z</time><speed>1.307</speed><sat>17</sat></trkpt>
  <trkpt lat="26.41422000" lon="-80.16311000"><ele>6.757</ele><time>2026-07-18T15:39:48Z</time><speed>1.051</speed><sat>17</sat></trkpt>
  <trkpt lat="26.41423000" lon="-80.16312500"><ele>6.857</ele><time>2026-07-18T15:39:49Z</time><speed>1.079</speed><sat>17</sat></trkpt>
  <trkpt lat="26.41423833" lon="-80.16313333"><ele>6.957</ele><time>2026-07-18T15:39:50Z</time><speed>1.260</speed><sat>17</sat></trkpt>
  <trkpt lat="26.41424667" lon="-80.16315500"><ele>7.356</ele><time>2026-07-18T15:39:51Z</time><speed>2.375</speed><sat>17</sat></trkpt>
  <trkpt lat="26.41425333" lon="-80.16318500"><ele>8.156</ele><time>2026-07-18T15:39:52Z</time><speed>2.604</speed><sat>17</sat></trkpt>
  <trkpt lat="26.41426167" lon="-80.16321833"><ele>8.356</ele><time>2026-07-18T15:39:53Z</time><speed>2.997</speed><sat>17</sat></trkpt>
  <trkpt lat="26.41427500" lon="-80.16324500"><ele>8.256</ele><time>2026-07-18T15:39:54Z</time><speed>2.963</speed><sat>17</sat></trkpt>
  <trkpt lat="26.41428833" lon="-80.16326667"><ele>7.856</ele><time>2026-07-18T15:39:55Z</time><speed>2.932</speed><sat>17</sat></trkpt>
  <trkpt lat="26.41429667" lon="-80.16329000"><ele>8.056</ele><time>2026-07-18T15:39:56Z</time><speed>2.512</speed><sat>17</sat></trkpt>
  <trkpt lat="26.41430667" lon="-80.16331333"><ele>7.956</ele><time>2026-07-18T15:39:57Z</time><speed>2.037</speed><sat>17</sat></trkpt>
  <trkpt lat="26.41432000" lon="-80.16333000"><ele>7.856</ele><time>2026-07-18T15:39:58Z</time><speed>1.717</speed><sat>17</sat></trkpt>
  <trkpt lat="26.41432833" lon="-80.16334667"><ele>7.556</ele><time>2026-07-18T15:39:59Z</time><speed>1.525</speed><sat>17</sat></trkpt>
  <trkpt lat="26.41433833" lon="-80.16335667"><ele>7.256</ele><time>2026-07-18T15:40:00Z</time><speed>1.070</speed><sat>17</sat></trkpt>
  <trkpt lat="26.41434167" lon="-80.16336500"><ele>6.956</ele><time>2026-07-18T15:40:01Z</time><speed>0.000</speed><sat>17</sat></trkpt>
  <trkpt lat="26.41434833" lon="-80.16337833"><ele>6.956</ele><time>2026-07-18T15:40:02Z</time><speed>0.000</speed><sat>17</sat></trkpt>
  <trkpt lat="26.41435833" lon="-80.16339667"><ele>6.856</ele><time>2026-07-18T15:40:03Z</time><speed>2.150</speed><sat>17</sat></trkpt>
  <trkpt lat="26.41437000" lon="-80.16341833"><ele>7.255</ele><time>2026-07-18T15:40:04Z</time><speed>2.591</speed><sat>17</sat></trkpt>
  <trkpt lat="26.41438833" lon="-80.16344667"><ele>8.155</ele><time>2026-07-18T15:40:05Z</time><speed>2.715</speed><sat>17</sat></trkpt>
  <trkpt lat="26.41440167" lon="-80.16347500"><ele>8.755</ele><time>2026-07-18T15:40:06Z</time><speed>2.899</speed><sat>17</sat></trkpt>
  <trkpt lat="26.41441000" lon="-80.16350333"><ele>9.555</ele><time>2026-07-18T15:40:07Z</time><speed>3.354</speed><sat>17</sat></trkpt>
  <trkpt lat="26.41441167" lon="-80.16353500"><ele>9.855</ele><time>2026-07-18T15:40:08Z</time><speed>3.246</speed><sat>17</sat></trkpt>
  <trkpt lat="26.41441167" lon="-80.16356667"><ele>9.855</ele><time>2026-07-18T15:40:09Z</time><speed>3.273</speed><sat>17</sat></trkpt>
  <trkpt lat="26.41441000" lon="-80.16359500"><ele>10.355</ele><time>2026-07-18T15:40:10Z</time><speed>3.092</speed><sat>17</sat></trkpt>
  <trkpt lat="26.41440667" lon="-80.16362333"><ele>11.155</ele><time>2026-07-18T15:40:11Z</time><speed>3.106</speed><sat>17</sat></trkpt>
  <trkpt lat="26.41440500" lon="-80.16365333"><ele>11.654</ele><time>2026-07-18T15:40:12Z</time><speed>3.071</speed><sat>17</sat></trkpt>
  <trkpt lat="26.41440667" lon="-80.16368667"><ele>11.754</ele><time>2026-07-18T15:40:13Z</time><speed>3.265</speed><sat>17</sat></trkpt>
  <trkpt lat="26.41441333" lon="-80.16371333"><ele>11.154</ele><time>2026-07-18T15:40:14Z</time><speed>2.446</speed><sat>17</sat></trkpt>
  <trkpt lat="26.41441833" lon="-80.16373833"><ele>10.454</ele><time>2026-07-18T15:40:15Z</time><speed>2.666</speed><sat>17</sat></trkpt>
  <trkpt lat="26.41442667" lon="-80.16376500"><ele>10.354</ele><time>2026-07-18T15:40:16Z</time><speed>2.339</speed><sat>17</sat></trkpt>
  <trkpt lat="26.41443500" lon="-80.16378333"><ele>10.354</ele><time>2026-07-18T15:40:17Z</time><speed>2.340</speed><sat>17</sat></trkpt>
  <trkpt lat="26.41444167" lon="-80.16380833"><ele>10.054</ele><time>2026-07-18T15:40:18Z</time><speed>2.533</speed><sat>17</sat></trkpt>
  <trkpt lat="26.41444833" lon="-80.16383333"><ele>9.854</ele><time>2026-07-18T15:40:19Z</time><speed>1.863</speed><sat>17</sat></trkpt>
  <trkpt lat="26.41446333" lon="-80.16386333"><ele>9.354</ele><time>2026-07-18T15:40:20Z</time><speed>2.563</speed><sat>17</sat></trkpt>
  <trkpt lat="26.41448333" lon="-80.16389667"><ele>9.554</ele><time>2026-07-18T15:40:21Z</time><speed>3.129</speed><sat>17</sat></trkpt>
  <trkpt lat="26.41449667" lon="-80.16392333"><ele>9.353</ele><time>2026-07-18T15:40:22Z</time><speed>2.971</speed><sat>17</sat></trkpt>
  <trkpt lat="26.41451000" lon="-80.16395333"><ele>8.953</ele><time>2026-07-18T15:40:23Z</time><speed>2.792</speed><sat>17</sat></trkpt>
  <trkpt lat="26.41451833" lon="-80.16397667"><ele>8.753</ele><time>2026-07-18T15:40:24Z</time><speed>2.372</speed><sat>17</sat></trkpt>
  <trkpt lat="26.41452000" lon="-80.16400333"><ele>8.853</ele><time>2026-07-18T15:40:25Z</time><speed>2.371</speed><sat>17</sat></trkpt>
  <trkpt lat="26.41451667" lon="-80.16402500"><ele>9.053</ele><time>2026-07-18T15:40:26Z</time><speed>1.723</speed><sat>17</sat></trkpt>
  <trkpt lat="26.41451000" lon="-80.16403667"><ele>9.453</ele><time>2026-07-18T15:40:27Z</time><speed>0.000</speed><sat>17</sat></trkpt>
  <trkpt lat="26.41450500" lon="-80.16404667"><ele>9.453</ele><time>2026-07-18T15:40:28Z</time><speed>0.000</speed><sat>17</sat></trkpt>
  <trkpt lat="26.41449667" lon="-80.16405833"><ele>9.853</ele><time>2026-07-18T15:40:29Z</time><speed>1.942</speed><sat>17</sat></trkpt>
  <trkpt lat="26.41449000" lon="-80.16408000"><ele>10.453</ele><time>2026-07-18T15:40:30Z</time><speed>1.546</speed><sat>17</sat></trkpt>
  <trkpt lat="26.41449000" lon="-80.16409500"><ele>11.453</ele><time>2026-07-18T15:40:31Z</time><speed>1.254</speed><sat>17</sat></trkpt>
  <trkpt lat="26.41449333" lon="-80.16411167"><ele>11.653</ele><time>2026-07-18T15:40:32Z</time><speed>1.497</speed><sat>17</sat></trkpt>
  <trkpt lat="26.41450000" lon="-80.16412667"><ele>11.653</ele><time>2026-07-18T15:40:33Z</time><speed>1.750</speed><sat>17</sat></trkpt>
  <trkpt lat="26.41450833" lon="-80.16414500"><ele>11.553</ele><time>2026-07-18T15:40:34Z</time><speed>1.983</speed><sat>17</sat></trkpt>
  <trkpt lat="26.41451833" lon="-80.16416000"><ele>11.752</ele><time>2026-07-18T15:40:35Z</time><speed>1.969</speed><sat>17</sat></trkpt>
  <trkpt lat="26.41452667" lon="-80.16417833"><ele>11.952</ele><time>2026-07-18T15:40:36Z</time><speed>1.968</speed><sat>17</sat></trkpt>
  <trkpt lat="26.41453833" lon="-80.16419667"><ele>11.952</ele><time>2026-07-18T15:40:37Z</time><speed>2.082</speed><sat>17</sat></trkpt>
  <trkpt lat="26.41455000" lon="-80.16421333"><ele>11.852</ele><time>2026-07-18T15:40:38Z</time><speed>2.114</speed><sat>17</sat></trkpt>
  <trkpt lat="26.41456167" lon="-80.16423500"><ele>11.652</ele><time>2026-07-18T15:40:39Z</time><speed>2.413</speed><sat>17</sat></trkpt>
  <trkpt lat="26.41457500" lon="-80.16426000"><ele>11.852</ele><time>2026-07-18T15:40:40Z</time><speed>2.384</speed><sat>17</sat></trkpt>
  <trkpt lat="26.41458500" lon="-80.16428333"><ele>12.352</ele><time>2026-07-18T15:40:41Z</time><speed>2.372</speed><sat>17</sat></trkpt>
  <trkpt lat="26.41459333" lon="-80.16430500"><ele>12.852</ele><time>2026-07-18T15:40:42Z</time><speed>2.350</speed><sat>17</sat></trkpt>
  <trkpt lat="26.41460667" lon="-80.16432500"><ele>12.652</ele><time>2026-07-18T15:40:43Z</time><speed>2.361</speed><sat>17</sat></trkpt>
  <trkpt lat="26.41461500" lon="-80.16434500"><ele>12.652</ele><time>2026-07-18T15:40:44Z</time><speed>2.344</speed><sat>17</sat></trkpt>
  <trkpt lat="26.41462167" lon="-80.16436333"><ele>12.852</ele><time>2026-07-18T15:40:45Z</time><speed>2.472</speed><sat>17</sat></trkpt>
  <trkpt lat="26.41462833" lon="-80.16438667"><ele>13.052</ele><time>2026-07-18T15:40:46Z</time><speed>2.714</speed><sat>17</sat></trkpt>
  <trkpt lat="26.41463000" lon="-80.16440667"><ele>13.552</ele><time>2026-07-18T15:40:47Z</time><speed>2.205</speed><sat>17</sat></trkpt>
  <trkpt lat="26.41463500" lon="-80.16443000"><ele>13.651</ele><time>2026-07-18T15:40:48Z</time><speed>2.645</speed><sat>16</sat></trkpt>
  <trkpt lat="26.41463333" lon="-80.16445333"><ele>13.751</ele><time>2026-07-18T15:40:49Z</time><speed>2.787</speed><sat>17</sat></trkpt>
  <trkpt lat="26.41463667" lon="-80.16447833"><ele>13.351</ele><time>2026-07-18T15:40:50Z</time><speed>2.800</speed><sat>17</sat></trkpt>
  <trkpt lat="26.41464167" lon="-80.16450167"><ele>12.951</ele><time>2026-07-18T15:40:51Z</time><speed>2.781</speed><sat>16</sat></trkpt>
  <trkpt lat="26.41465000" lon="-80.16452833"><ele>12.251</ele><time>2026-07-18T15:40:52Z</time><speed>3.219</speed><sat>17</sat></trkpt>
  <trkpt lat="26.41465667" lon="-80.16456333"><ele>11.551</ele><time>2026-07-18T15:40:53Z</time><speed>3.212</speed><sat>17</sat></trkpt>
  <trkpt lat="26.41466667" lon="-80.16459667"><ele>11.251</ele><time>2026-07-18T15:40:54Z</time><speed>2.998</speed><sat>17</sat></trkpt>
  <trkpt lat="26.41467667" lon="-80.16462833"><ele>11.251</ele><time>2026-07-18T15:40:55Z</time><speed>2.987</speed><sat>17</sat></trkpt>
  <trkpt lat="26.41469000" lon="-80.16465667"><ele>11.551</ele><time>2026-07-18T15:40:56Z</time><speed>3.113</speed><sat>17</sat></trkpt>
  <trkpt lat="26.41470500" lon="-80.16468500"><ele>11.750</ele><time>2026-07-18T15:40:57Z</time><speed>2.977</speed><sat>17</sat></trkpt>
  <trkpt lat="26.41471833" lon="-80.16471000"><ele>11.850</ele><time>2026-07-18T15:40:58Z</time><speed>3.070</speed><sat>17</sat></trkpt>
  <trkpt lat="26.41472833" lon="-80.16474000"><ele>11.650</ele><time>2026-07-18T15:40:59Z</time><speed>3.090</speed><sat>17</sat></trkpt>
  <trkpt lat="26.41473500" lon="-80.16476833"><ele>10.950</ele><time>2026-07-18T15:41:00Z</time><speed>3.078</speed><sat>17</sat></trkpt>
  <trkpt lat="26.41474000" lon="-80.16480167"><ele>10.850</ele><time>2026-07-18T15:41:01Z</time><speed>3.291</speed><sat>15</sat></trkpt>
  <trkpt lat="26.41474333" lon="-80.16483167"><ele>10.850</ele><time>2026-07-18T15:41:02Z</time><speed>3.154</speed><sat>15</sat></trkpt>
  <trkpt lat="26.41474833" lon="-80.16486000"><ele>10.450</ele><time>2026-07-18T15:41:03Z</time><speed>3.142</speed><sat>15</sat></trkpt>
  <trkpt lat="26.41475333" lon="-80.16488667"><ele>10.350</ele><time>2026-07-18T15:41:04Z</time><speed>2.995</speed><sat>16</sat></trkpt>
  <trkpt lat="26.41475500" lon="-80.16491500"><ele>9.949</ele><time>2026-07-18T15:41:05Z</time><speed>2.756</speed><sat>15</sat></trkpt>
  <trkpt lat="26.41475833" lon="-80.16494167"><ele>9.549</ele><time>2026-07-18T15:41:06Z</time><speed>2.717</speed><sat>15</sat></trkpt>
  <trkpt lat="26.41476500" lon="-80.16496667"><ele>9.249</ele><time>2026-07-18T15:41:07Z</time><speed>2.693</speed><sat>15</sat></trkpt>
  <trkpt lat="26.41478167" lon="-80.16499000"><ele>9.749</ele><time>2026-07-18T15:41:08Z</time><speed>2.381</speed><sat>15</sat></trkpt>
  <trkpt lat="26.41480333" lon="-80.16499833"><ele>9.949</ele><time>2026-07-18T15:41:09Z</time><speed>2.750</speed><sat>15</sat></trkpt>
  <trkpt lat="26.41482833" lon="-80.16500167"><ele>9.849</ele><time>2026-07-18T15:41:10Z</time><speed>2.537</speed><sat>16</sat></trkpt>
  <trkpt lat="26.41484833" lon="-80.16499000"><ele>10.249</ele><time>2026-07-18T15:41:11Z</time><speed>2.329</speed><sat>15</sat></trkpt>
  <trkpt lat="26.41487167" lon="-80.16497667"><ele>10.649</ele><time>2026-07-18T15:41:12Z</time><speed>3.138</speed><sat>13</sat></trkpt>
  <trkpt lat="26.41489833" lon="-80.16496333"><ele>10.949</ele><time>2026-07-18T15:41:13Z</time><speed>2.588</speed><sat>15</sat></trkpt>
  <trkpt lat="26.41492333" lon="-80.16495333"><ele>11.149</ele><time>2026-07-18T15:41:14Z</time><speed>2.503</speed><sat>16</sat></trkpt>
  <trkpt lat="26.41494000" lon="-80.16494333"><ele>10.949</ele><time>2026-07-18T15:41:15Z</time><speed>2.306</speed><sat>17</sat></trkpt>
  <trkpt lat="26.41495833" lon="-80.16493167"><ele>10.550</ele><time>2026-07-18T15:41:16Z</time><speed>2.177</speed><sat>17</sat></trkpt>
  <trkpt lat="26.41496167" lon="-80.16492167"><ele>9.850</ele><time>2026-07-18T15:41:17Z</time><speed>1.667</speed><sat>17</sat></trkpt>
  <trkpt lat="26.41497833" lon="-80.16491667"><ele>8.950</ele><time>2026-07-18T15:41:18Z</time><speed>1.652</speed><sat>17</sat></trkpt>
  <trkpt lat="26.41500667" lon="-80.16491333"><ele>6.150</ele><time>2026-07-18T15:41:19Z</time><speed>1.210</speed><sat>17</sat></trkpt>
  <trkpt lat="26.41502667" lon="-80.16491000"><ele>3.350</ele><time>2026-07-18T15:41:20Z</time><speed>1.649</speed><sat>15</sat></trkpt>
  <trkpt lat="26.41505500" lon="-80.16488167"><ele>2.650</ele><time>2026-07-18T15:41:21Z</time><speed>2.707</speed><sat>15</sat></trkpt>
  <trkpt lat="26.41508667" lon="-80.16485833"><ele>3.450</ele><time>2026-07-18T15:41:22Z</time><speed>2.936</speed><sat>15</sat></trkpt>
  <trkpt lat="26.41511500" lon="-80.16483833"><ele>4.250</ele><time>2026-07-18T15:41:23Z</time><speed>2.750</speed><sat>15</sat></trkpt>
  <trkpt lat="26.41514167" lon="-80.16482000"><ele>4.950</ele><time>2026-07-18T15:41:24Z</time><speed>2.161</speed><sat>17</sat></trkpt>
  <trkpt lat="26.41515833" lon="-80.16480500"><ele>5.150</ele><time>2026-07-18T15:41:25Z</time><speed>2.027</speed><sat>16</sat></trkpt>
  <trkpt lat="26.41518000" lon="-80.16479333"><ele>5.650</ele><time>2026-07-18T15:41:26Z</time><speed>1.351</speed><sat>16</sat></trkpt>
  <trkpt lat="26.41519500" lon="-80.16478833"><ele>6.750</ele><time>2026-07-18T15:41:27Z</time><speed>1.388</speed><sat>17</sat></trkpt>
  <trkpt lat="26.41520833" lon="-80.16478333"><ele>7.850</ele><time>2026-07-18T15:41:28Z</time><speed>1.387</speed><sat>16</sat></trkpt>
  <trkpt lat="26.41522333" lon="-80.16477667"><ele>8.650</ele><time>2026-07-18T15:41:29Z</time><speed>1.637</speed><sat>16</sat></trkpt>
  <trkpt lat="26.41523667" lon="-80.16477667"><ele>8.950</ele><time>2026-07-18T15:41:30Z</time><speed>1.965</speed><sat>17</sat></trkpt>
  <trkpt lat="26.41526167" lon="-80.16477667"><ele>9.350</ele><time>2026-07-18T15:41:31Z</time><speed>1.974</speed><sat>17</sat></trkpt>
  <trkpt lat="26.41528667" lon="-80.16477833"><ele>9.850</ele><time>2026-07-18T15:41:32Z</time><speed>1.987</speed><sat>17</sat></trkpt>
  <trkpt lat="26.41530000" lon="-80.16478667"><ele>9.650</ele><time>2026-07-18T15:41:33Z</time><speed>2.075</speed><sat>17</sat></trkpt>
  <trkpt lat="26.41531500" lon="-80.16479500"><ele>9.150</ele><time>2026-07-18T15:41:34Z</time><speed>2.050</speed><sat>17</sat></trkpt>
  <trkpt lat="26.41533500" lon="-80.16481167"><ele>8.550</ele><time>2026-07-18T15:41:35Z</time><speed>1.810</speed><sat>16</sat></trkpt>
  <trkpt lat="26.41534833" lon="-80.16482500"><ele>7.750</ele><time>2026-07-18T15:41:36Z</time><speed>2.035</speed><sat>16</sat></trkpt>
  <trkpt lat="26.41536167" lon="-80.16483500"><ele>7.050</ele><time>2026-07-18T15:41:37Z</time><speed>2.067</speed><sat>16</sat></trkpt>
  <trkpt lat="26.41538333" lon="-80.16484333"><ele>6.850</ele><time>2026-07-18T15:41:38Z</time><speed>2.077</speed><sat>16</sat></trkpt>
  <trkpt lat="26.41539833" lon="-80.16485500"><ele>7.050</ele><time>2026-07-18T15:41:39Z</time><speed>2.184</speed><sat>16</sat></trkpt>
  <trkpt lat="26.41541500" lon="-80.16486333"><ele>7.050</ele><time>2026-07-18T15:41:40Z</time><speed>2.183</speed><sat>16</sat></trkpt>
  <trkpt lat="26.41543833" lon="-80.16487333"><ele>7.650</ele><time>2026-07-18T15:41:41Z</time><speed>2.193</speed><sat>16</sat></trkpt>
  <trkpt lat="26.41545833" lon="-80.16488667"><ele>8.050</ele><time>2026-07-18T15:41:42Z</time><speed>2.187</speed><sat>16</sat></trkpt>
  <trkpt lat="26.41548000" lon="-80.16488667"><ele>8.050</ele><time>2026-07-18T15:41:43Z</time><speed>2.030</speed><sat>16</sat></trkpt>
  <trkpt lat="26.41550000" lon="-80.16489333"><ele>8.450</ele><time>2026-07-18T15:41:44Z</time><speed>2.331</speed><sat>16</sat></trkpt>
  <trkpt lat="26.41552167" lon="-80.16489833"><ele>8.550</ele><time>2026-07-18T15:41:45Z</time><speed>2.335</speed><sat>16</sat></trkpt>
  <trkpt lat="26.41554333" lon="-80.16490167"><ele>8.650</ele><time>2026-07-18T15:41:46Z</time><speed>2.194</speed><sat>16</sat></trkpt>
  <trkpt lat="26.41556667" lon="-80.16490667"><ele>8.750</ele><time>2026-07-18T15:41:47Z</time><speed>2.205</speed><sat>17</sat></trkpt>
  <trkpt lat="26.41559000" lon="-80.16490833"><ele>8.550</ele><time>2026-07-18T15:41:48Z</time><speed>2.219</speed><sat>17</sat></trkpt>
  <trkpt lat="26.41560833" lon="-80.16490667"><ele>8.650</ele><time>2026-07-18T15:41:49Z</time><speed>2.311</speed><sat>17</sat></trkpt>
  <trkpt lat="26.41563833" lon="-80.16491333"><ele>8.850</ele><time>2026-07-18T15:41:50Z</time><speed>2.205</speed><sat>17</sat></trkpt>
  <trkpt lat="26.41566167" lon="-80.16491167"><ele>8.750</ele><time>2026-07-18T15:41:51Z</time><speed>1.924</speed><sat>17</sat></trkpt>
  <trkpt lat="26.41568667" lon="-80.16491000"><ele>8.250</ele><time>2026-07-18T15:41:52Z</time><speed>2.483</speed><sat>17</sat></trkpt>
  <trkpt lat="26.41571000" lon="-80.16491000"><ele>8.550</ele><time>2026-07-18T15:41:53Z</time><speed>2.472</speed><sat>16</sat></trkpt>
  <trkpt lat="26.41573667" lon="-80.16490667"><ele>9.050</ele><time>2026-07-18T15:41:54Z</time><speed>2.581</speed><sat>16</sat></trkpt>
  <trkpt lat="26.41576333" lon="-80.16490333"><ele>9.950</ele><time>2026-07-18T15:41:55Z</time><speed>2.344</speed><sat>16</sat></trkpt>
  <trkpt lat="26.41578833" lon="-80.16490000"><ele>10.450</ele><time>2026-07-18T15:41:56Z</time><speed>2.606</speed><sat>16</sat></trkpt>
  <trkpt lat="26.41581333" lon="-80.16489333"><ele>11.550</ele><time>2026-07-18T15:41:57Z</time><speed>2.569</speed><sat>16</sat></trkpt>
  <trkpt lat="26.41583667" lon="-80.16488000"><ele>12.450</ele><time>2026-07-18T15:41:58Z</time><speed>2.111</speed><sat>16</sat></trkpt>
  <trkpt lat="26.41585167" lon="-80.16487500"><ele>12.850</ele><time>2026-07-18T15:41:59Z</time><speed>1.496</speed><sat>17</sat></trkpt>
  <trkpt lat="26.41585667" lon="-80.16487000"><ele>12.950</ele><time>2026-07-18T15:42:00Z</time><speed>0.000</speed><sat>16</sat></trkpt>
  <trkpt lat="26.41586000" lon="-80.16486667"><ele>12.850</ele><time>2026-07-18T15:42:01Z</time><speed>0.000</speed><sat>16</sat></trkpt>
  <trkpt lat="26.41586000" lon="-80.16486667"><ele>12.950</ele><time>2026-07-18T15:42:02Z</time><speed>0.000</speed><sat>15</sat></trkpt>
  <trkpt lat="26.41586000" lon="-80.16486667"><ele>12.950</ele><time>2026-07-18T15:42:03Z</time><speed>0.000</speed><sat>14</sat></trkpt>
  <trkpt lat="26.41586000" lon="-80.16486667"><ele>12.950</ele><time>2026-07-18T15:42:04Z</time><speed>0.000</speed><sat>13</sat></trkpt>
  <trkpt lat="26.41586000" lon="-80.16486667"><ele>12.950</ele><time>2026-07-18T15:42:05Z</time><speed>0.000</speed><sat>15</sat></trkpt>
  <trkpt lat="26.41586000" lon="-80.16486667"><ele>12.950</ele><time>2026-07-18T15:42:06Z</time><speed>0.000</speed><sat>15</sat></trkpt>
  <trkpt lat="26.41586000" lon="-80.16486667"><ele>12.950</ele><time>2026-07-18T15:42:07Z</time><speed>0.000</speed><sat>16</sat></trkpt>
  <trkpt lat="26.41588333" lon="-80.16482833"><ele>13.150</ele><time>2026-07-18T15:42:08Z</time><speed>0.123</speed><sat>16</sat></trkpt>
  <trkpt lat="26.41589333" lon="-80.16481833"><ele>13.251</ele><time>2026-07-18T15:42:09Z</time><speed>0.138</speed><sat>17</sat></trkpt>
  <trkpt lat="26.41590000" lon="-80.16480500"><ele>13.051</ele><time>2026-07-18T15:42:10Z</time><speed>0.133</speed><sat>17</sat></trkpt>
  <trkpt lat="26.41590833" lon="-80.16479000"><ele>13.251</ele><time>2026-07-18T15:42:11Z</time><speed>1.214</speed><sat>17</sat></trkpt>
  <trkpt lat="26.41592000" lon="-80.16477500"><ele>13.451</ele><time>2026-07-18T15:42:12Z</time><speed>1.367</speed><sat>17</sat></trkpt>
  <trkpt lat="26.41593000" lon="-80.16476167"><ele>14.151</ele><time>2026-07-18T15:42:13Z</time><speed>1.616</speed><sat>16</sat></trkpt>
  <trkpt lat="26.41594167" lon="-80.16475000"><ele>14.951</ele><time>2026-07-18T15:42:14Z</time><speed>1.718</speed><sat>15</sat></trkpt>
  <trkpt lat="26.41595500" lon="-80.16474000"><ele>15.451</ele><time>2026-07-18T15:42:15Z</time><speed>1.595</speed><sat>17</sat></trkpt>
  <trkpt lat="26.41597000" lon="-80.16472667"><ele>16.351</ele><time>2026-07-18T15:42:16Z</time><speed>1.592</speed><sat>15</sat></trkpt>
  <trkpt lat="26.41598333" lon="-80.16471333"><ele>17.051</ele><time>2026-07-18T15:42:17Z</time><speed>1.625</speed><sat>15</sat></trkpt>
  <trkpt lat="26.41599500" lon="-80.16470000"><ele>17.351</ele><time>2026-07-18T15:42:18Z</time><speed>2.122</speed><sat>14</sat></trkpt>
  <trkpt lat="26.41600000" lon="-80.16468333"><ele>17.051</ele><time>2026-07-18T15:42:19Z</time><speed>2.116</speed><sat>17</sat></trkpt>
  <trkpt lat="26.41600667" lon="-80.16467000"><ele>16.751</ele><time>2026-07-18T15:42:20Z</time><speed>1.618</speed><sat>17</sat></trkpt>
  <trkpt lat="26.41601333" lon="-80.16466000"><ele>16.451</ele><time>2026-07-18T15:42:21Z</time><speed>1.455</speed><sat>17</sat></trkpt>
  <trkpt lat="26.41602000" lon="-80.16464833"><ele>16.551</ele><time>2026-07-18T15:42:22Z</time><speed>1.437</speed><sat>17</sat></trkpt>
  <trkpt lat="26.41603000" lon="-80.16463833"><ele>16.551</ele><time>2026-07-18T15:42:23Z</time><speed>1.766</speed><sat>16</sat></trkpt>
  <trkpt lat="26.41604333" lon="-80.16462333"><ele>16.151</ele><time>2026-07-18T15:42:24Z</time><speed>1.350</speed><sat>16</sat></trkpt>
  <trkpt lat="26.41604833" lon="-80.16461500"><ele>16.051</ele><time>2026-07-18T15:42:25Z</time><speed>0.000</speed><sat>16</sat></trkpt>
  <trkpt lat="26.41605167" lon="-80.16460833"><ele>15.951</ele><time>2026-07-18T15:42:26Z</time><speed>0.000</speed><sat>16</sat></trkpt>
  <trkpt lat="26.41605667" lon="-80.16460000"><ele>16.152</ele><time>2026-07-18T15:42:27Z</time><speed>0.000</speed><sat>16</sat></trkpt>
  <trkpt lat="26.41605667" lon="-80.16460000"><ele>16.152</ele><time>2026-07-18T15:42:28Z</time><speed>0.000</speed><sat>16</sat></trkpt>
  <trkpt lat="26.41605667" lon="-80.16460000"><ele>16.152</ele><time>2026-07-18T15:42:29Z</time><speed>0.000</speed><sat>15</sat></trkpt>
  <trkpt lat="26.41605667" lon="-80.16460000"><ele>16.152</ele><time>2026-07-18T15:42:30Z</time><speed>0.000</speed><sat>17</sat></trkpt>
  <trkpt lat="26.41605667" lon="-80.16460000"><ele>16.152</ele><time>2026-07-18T15:42:31Z</time><speed>0.000</speed><sat>17</sat></trkpt>
  <trkpt lat="26.41605667" lon="-80.16460000"><ele>16.152</ele><time>2026-07-18T15:42:32Z</time><speed>0.000</speed><sat>15</sat></trkpt>
  <trkpt lat="26.41605667" lon="-80.16460000"><ele>16.152</ele><time>2026-07-18T15:42:33Z</time><speed>0.000</speed><sat>17</sat></trkpt>
  <trkpt lat="26.41605667" lon="-80.16460000"><ele>16.152</ele><time>2026-07-18T15:42:34Z</time><speed>0.000</speed><sat>16</sat></trkpt>
  <trkpt lat="26.41605667" lon="-80.16460000"><ele>16.152</ele><time>2026-07-18T15:42:35Z</time><speed>0.000</speed><sat>15</sat></trkpt>
  <trkpt lat="26.41605667" lon="-80.16460000"><ele>16.152</ele><time>2026-07-18T15:42:36Z</time><speed>0.000</speed><sat>16</sat></trkpt>
  <trkpt lat="26.41605667" lon="-80.16460000"><ele>16.152</ele><time>2026-07-18T15:42:37Z</time><speed>0.000</speed><sat>17</sat></trkpt>
  <trkpt lat="26.41605667" lon="-80.16460000"><ele>16.152</ele><time>2026-07-18T15:42:38Z</time><speed>0.000</speed><sat>17</sat></trkpt>
  <trkpt lat="26.41605667" lon="-80.16460000"><ele>16.152</ele><time>2026-07-18T15:42:39Z</time><speed>0.000</speed><sat>17</sat></trkpt>
  <trkpt lat="26.41605667" lon="-80.16460000"><ele>16.152</ele><time>2026-07-18T15:42:40Z</time><speed>0.000</speed><sat>17</sat></trkpt>
  <trkpt lat="26.41605667" lon="-80.16460000"><ele>16.152</ele><time>2026-07-18T15:42:41Z</time><speed>0.000</speed><sat>17</sat></trkpt>
  <trkpt lat="26.41605667" lon="-80.16460000"><ele>16.152</ele><time>2026-07-18T15:42:42Z</time><speed>0.000</speed><sat>16</sat></trkpt>
  <trkpt lat="26.41605667" lon="-80.16460000"><ele>16.152</ele><time>2026-07-18T15:42:43Z</time><speed>0.000</speed><sat>16</sat></trkpt>
  <trkpt lat="26.41605667" lon="-80.16460000"><ele>16.152</ele><time>2026-07-18T15:42:44Z</time><speed>0.000</speed><sat>16</sat></trkpt>
  <trkpt lat="26.41605667" lon="-80.16460000"><ele>16.152</ele><time>2026-07-18T15:42:45Z</time><speed>0.000</speed><sat>15</sat></trkpt>
  <trkpt lat="26.41605667" lon="-80.16460000"><ele>16.152</ele><time>2026-07-18T15:42:46Z</time><speed>0.000</speed><sat>15</sat></trkpt>
  <trkpt lat="26.41605667" lon="-80.16460000"><ele>16.152</ele><time>2026-07-18T15:42:47Z</time><speed>0.000</speed><sat>15</sat></trkpt>
  <trkpt lat="26.41605667" lon="-80.16460000"><ele>16.152</ele><time>2026-07-18T15:42:48Z</time><speed>0.000</speed><sat>15</sat></trkpt>
  <trkpt lat="26.41605667" lon="-80.16460000"><ele>16.152</ele><time>2026-07-18T15:42:49Z</time><speed>0.000</speed><sat>15</sat></trkpt>
  <trkpt lat="26.41605667" lon="-80.16460000"><ele>16.152</ele><time>2026-07-18T15:42:50Z</time><speed>0.000</speed><sat>15</sat></trkpt>
  <trkpt lat="26.41605667" lon="-80.16460000"><ele>16.152</ele><time>2026-07-18T15:42:51Z</time><speed>0.000</speed><sat>15</sat></trkpt>
  <trkpt lat="26.41605667" lon="-80.16460000"><ele>16.152</ele><time>2026-07-18T15:42:52Z</time><speed>0.000</speed><sat>15</sat></trkpt>
  <trkpt lat="26.41605667" lon="-80.16460000"><ele>16.152</ele><time>2026-07-18T15:42:53Z</time><speed>0.000</speed><sat>15</sat></trkpt>
  <trkpt lat="26.41605667" lon="-80.16460000"><ele>16.152</ele><time>2026-07-18T15:42:54Z</time><speed>0.000</speed><sat>16</sat></trkpt>
  <trkpt lat="26.41605667" lon="-80.16460000"><ele>16.152</ele><time>2026-07-18T15:42:55Z</time><speed>0.000</speed><sat>16</sat></trkpt>
  <trkpt lat="26.41605667" lon="-80.16460000"><ele>16.152</ele><time>2026-07-18T15:42:56Z</time><speed>0.000</speed><sat>16</sat></trkpt>
  <trkpt lat="26.41605667" lon="-80.16460000"><ele>16.152</ele><time>2026-07-18T15:42:57Z</time><speed>0.000</speed><sat>16</sat></trkpt>
  <trkpt lat="26.41605667" lon="-80.16460000"><ele>16.152</ele><time>2026-07-18T15:42:58Z</time><speed>0.000</speed><sat>15</sat></trkpt>
  <trkpt lat="26.41605667" lon="-80.16460000"><ele>16.152</ele><time>2026-07-18T15:42:59Z</time><speed>0.000</speed><sat>15</sat></trkpt>
  <trkpt lat="26.41605667" lon="-80.16460000"><ele>16.152</ele><time>2026-07-18T15:43:00Z</time><speed>0.000</speed><sat>15</sat></trkpt>
 </trkseg>
</trk>

</gpx>
 