<?xml version="1.0" encoding="UTF-8"?>
<!-- Created with BasicAirData GPS Logger for Android - ver. 3.3.0 -->
<!-- Track 10 = 800 TrackPoints + 7 Placemarks -->

<!-- Track Statistics (based on Total Time | Time in Movement): -->
<!--  Distance = 1.52 km -->
<!--  Duration = 13:19 | 07:34 -->
<!--  Altitude Gap = 5 m -->
<!--  Max Speed = 12 mph -->
<!--  Avg Speed = 4.3 | 7.5 mph -->
<!--  Direction = ESE -->
<!--  Activity = running -->
<!--  Altitudes = Corrected using EGM96 grid (bilinear interpolation) -->

<gpx version="1.0"
     creator="BasicAirData GPS Logger 3.3.0"
     xmlns="http://www.topografix.com/GPX/1/0"
     xmlns:xsi="http://www.w3.org/2001/XMLSchema-instance"
     xsi:schemaLocation="http://www.topografix.com/GPX/1/0 http://www.topografix.com/GPX/1/0/gpx.xsd">
<name>GPS Logger 20260724-080355</name>
<desc>Maintenance to Station1</desc>
<time>2026-07-25T02:05:17Z</time>
<keywords>running</keywords>
<bounds minlat="26.41130500" minlon="-80.16472833" maxlat="26.41607833" maxlon="-80.15466500" />

<wpt lat="26.41606000" lon="-80.16462167"><ele>2.851</ele><time>2026-07-24T12:03:58Z</time><name>Maintenance</name><sat>12</sat></wpt>

<wpt lat="26.41484833" lon="-80.16356667"><ele>3.555</ele><time>2026-07-24T12:09:21Z</time><name>Int1</name><sat>17</sat></wpt>

<wpt lat="26.41451833" lon="-80.16359000"><ele>10.155</ele><time>2026-07-24T12:09:45Z</time><name>Int2</name><sat>17</sat></wpt>

<wpt lat="26.41279333" lon="-80.16157167"><ele>2.962</ele><time>2026-07-24T12:10:59Z</time><name>Int4</name><sat>18</sat></wpt>

<wpt lat="26.41326167" lon="-80.16037167"><ele>10.067</ele><time>2026-07-24T12:11:42Z</time><name>Int4</name><sat>17</sat></wpt>

<wpt lat="26.41309500" lon="-80.15518167"><ele>9.889</ele><time>2026-07-24T12:16:12Z</time><name>Int5</name><sat>17</sat></wpt>

<wpt lat="26.41328333" lon="-80.15468333"><ele>8.791</ele><time>2026-07-24T12:17:03Z</time><name>Station1</name><sat>18</sat></wpt>

<trk>
 <name>Track 20260724-080355</name>
 <trkseg>
  <trkpt lat="26.41607833" lon="-80.16462833"><ele>3.951</ele><time>2026-07-24T12:03:55Z</time><speed>0.238</speed><sat>13</sat></trkpt>
  <trkpt lat="26.41607333" lon="-80.16462667"><ele>2.651</ele><time>2026-07-24T12:03:56Z</time><speed>0.154</speed><sat>12</sat></trkpt>
  <trkpt lat="26.41606833" lon="-80.16462667"><ele>2.151</ele><time>2026-07-24T12:03:57Z</time><speed>0.119</speed><sat>12</sat></trkpt>
  <trkpt lat="26.41606000" lon="-80.16462167"><ele>2.851</ele><time>2026-07-24T12:03:58Z</time><speed>0.187</speed><sat>12</sat></trkpt>
  <trkpt lat="26.41605333" lon="-80.16462167"><ele>3.151</ele><time>2026-07-24T12:03:59Z</time><speed>0.149</speed><sat>13</sat></trkpt>
  <trkpt lat="26.41604667" lon="-80.16462333"><ele>3.351</ele><time>2026-07-24T12:04:00Z</time><speed>0.000</speed><sat>13</sat></trkpt>
  <trkpt lat="26.41604000" lon="-80.16462167"><ele>3.351</ele><time>2026-07-24T12:04:01Z</time><speed>0.159</speed><sat>13</sat></trkpt>
  <trkpt lat="26.41603167" lon="-80.16461833"><ele>3.851</ele><time>2026-07-24T12:04:02Z</time><speed>0.000</speed><sat>13</sat></trkpt>
  <trkpt lat="26.41602667" lon="-80.16461667"><ele>3.851</ele><time>2026-07-24T12:04:03Z</time><speed>0.000</speed><sat>13</sat></trkpt>
  <trkpt lat="26.41602500" lon="-80.16461500"><ele>3.951</ele><time>2026-07-24T12:04:04Z</time><speed>0.166</speed><sat>13</sat></trkpt>
  <trkpt lat="26.41602500" lon="-80.16461333"><ele>4.251</ele><time>2026-07-24T12:04:05Z</time><speed>0.155</speed><sat>14</sat></trkpt>
  <trkpt lat="26.41602667" lon="-80.16461167"><ele>4.851</ele><time>2026-07-24T12:04:06Z</time><speed>0.150</speed><sat>14</sat></trkpt>
  <trkpt lat="26.41602500" lon="-80.16461000"><ele>5.551</ele><time>2026-07-24T12:04:07Z</time><speed>0.147</speed><sat>12</sat></trkpt>
  <trkpt lat="26.41603167" lon="-80.16460833"><ele>5.751</ele><time>2026-07-24T12:04:08Z</time><speed>0.134</speed><sat>13</sat></trkpt>
  <trkpt lat="26.41602833" lon="-80.16460667"><ele>6.751</ele><time>2026-07-24T12:04:09Z</time><speed>0.127</speed><sat>13</sat></trkpt>
  <trkpt lat="26.41602500" lon="-80.16460833"><ele>7.251</ele><time>2026-07-24T12:04:10Z</time><speed>0.000</speed><sat>11</sat></trkpt>
  <trkpt lat="26.41602167" lon="-80.16461000"><ele>7.651</ele><time>2026-07-24T12:04:11Z</time><speed>0.000</speed><sat>11</sat></trkpt>
  <trkpt lat="26.41601667" lon="-80.16460833"><ele>8.151</ele><time>2026-07-24T12:04:12Z</time><speed>0.121</speed><sat>13</sat></trkpt>
  <trkpt lat="26.41601500" lon="-80.16461000"><ele>8.451</ele><time>2026-07-24T12:04:13Z</time><speed>0.119</speed><sat>12</sat></trkpt>
  <trkpt lat="26.41601333" lon="-80.16461167"><ele>8.651</ele><time>2026-07-24T12:04:14Z</time><speed>0.000</speed><sat>13</sat></trkpt>
  <trkpt lat="26.41601167" lon="-80.16461500"><ele>8.951</ele><time>2026-07-24T12:04:15Z</time><speed>0.000</speed><sat>14</sat></trkpt>
  <trkpt lat="26.41600667" lon="-80.16461333"><ele>9.251</ele><time>2026-07-24T12:04:16Z</time><speed>0.000</speed><sat>14</sat></trkpt>
  <trkpt lat="26.41600667" lon="-80.16461333"><ele>9.251</ele><time>2026-07-24T12:04:17Z</time><speed>0.000</speed><sat>14</sat></trkpt>
  <trkpt lat="26.41600667" lon="-80.16461333"><ele>9.251</ele><time>2026-07-24T12:04:18Z</time><speed>0.000</speed><sat>13</sat></trkpt>
  <trkpt lat="26.41600667" lon="-80.16461333"><ele>9.251</ele><time>2026-07-24T12:04:19Z</time><speed>0.000</speed><sat>14</sat></trkpt>
  <trkpt lat="26.41600667" lon="-80.16461333"><ele>9.251</ele><time>2026-07-24T12:04:20Z</time><speed>0.000</speed><sat>14</sat></trkpt>
  <trkpt lat="26.41600667" lon="-80.16461333"><ele>9.251</ele><time>2026-07-24T12:04:21Z</time><speed>0.000</speed><sat>14</sat></trkpt>
  <trkpt lat="26.41600667" lon="-80.16461333"><ele>9.251</ele><time>2026-07-24T12:04:22Z</time><speed>0.000</speed><sat>14</sat></trkpt>
  <trkpt lat="26.41600667" lon="-80.16461333"><ele>9.251</ele><time>2026-07-24T12:04:23Z</time><speed>0.000</speed><sat>14</sat></trkpt>
  <trkpt lat="26.41600667" lon="-80.16461333"><ele>9.251</ele><time>2026-07-24T12:04:24Z</time><speed>0.000</speed><sat>14</sat></trkpt>
  <trkpt lat="26.41600667" lon="-80.16461333"><ele>9.251</ele><time>2026-07-24T12:04:25Z</time><speed>0.000</speed><sat>14</sat></trkpt>
  <trkpt lat="26.41600667" lon="-80.16461333"><ele>9.251</ele><time>2026-07-24T12:04:26Z</time><speed>0.000</speed><sat>14</sat></trkpt>
  <trkpt lat="26.41600667" lon="-80.16461333"><ele>9.251</ele><time>2026-07-24T12:04:27Z</time><speed>0.000</speed><sat>14</sat></trkpt>
  <trkpt lat="26.41600667" lon="-80.16461333"><ele>9.251</ele><time>2026-07-24T12:04:28Z</time><speed>0.000</speed><sat>14</sat></trkpt>
  <trkpt lat="26.41600667" lon="-80.16461333"><ele>9.251</ele><time>2026-07-24T12:04:29Z</time><speed>0.000</speed><sat>15</sat></trkpt>
  <trkpt lat="26.41600667" lon="-80.16461333"><ele>9.251</ele><time>2026-07-24T12:04:30Z</time><speed>0.000</speed><sat>14</sat></trkpt>
  <trkpt lat="26.41600667" lon="-80.16461333"><ele>9.251</ele><time>2026-07-24T12:04:31Z</time><speed>0.000</speed><sat>14</sat></trkpt>
  <trkpt lat="26.41600667" lon="-80.16461333"><ele>9.251</ele><time>2026-07-24T12:04:32Z</time><speed>0.000</speed><sat>13</sat></trkpt>
  <trkpt lat="26.41600667" lon="-80.16461333"><ele>9.251</ele><time>2026-07-24T12:04:33Z</time><speed>0.000</speed><sat>13</sat></trkpt>
  <trkpt lat="26.41599167" lon="-80.16458167"><ele>13.352</ele><time>2026-07-24T12:04:34Z</time><speed>0.299</speed><sat>13</sat></trkpt>
  <trkpt lat="26.41600000" lon="-80.16457667"><ele>12.952</ele><time>2026-07-24T12:04:35Z</time><speed>0.000</speed><sat>13</sat></trkpt>
  <trkpt lat="26.41600667" lon="-80.16457667"><ele>12.752</ele><time>2026-07-24T12:04:36Z</time><speed>0.000</speed><sat>13</sat></trkpt>
  <trkpt lat="26.41601000" lon="-80.16457667"><ele>12.752</ele><time>2026-07-24T12:04:37Z</time><speed>0.000</speed><sat>13</sat></trkpt>
  <trkpt lat="26.41601000" lon="-80.16457667"><ele>12.752</ele><time>2026-07-24T12:04:38Z</time><speed>0.000</speed><sat>13</sat></trkpt>
  <trkpt lat="26.41601000" lon="-80.16457667"><ele>12.752</ele><time>2026-07-24T12:04:39Z</time><speed>0.000</speed><sat>13</sat></trkpt>
  <trkpt lat="26.41601000" lon="-80.16457667"><ele>12.752</ele><time>2026-07-24T12:04:40Z</time><speed>0.000</speed><sat>13</sat></trkpt>
  <trkpt lat="26.41601000" lon="-80.16457667"><ele>12.752</ele><time>2026-07-24T12:04:41Z</time><speed>0.000</speed><sat>13</sat></trkpt>
  <trkpt lat="26.41601000" lon="-80.16457667"><ele>12.752</ele><time>2026-07-24T12:04:42Z</time><speed>0.000</speed><sat>14</sat></trkpt>
  <trkpt lat="26.41601000" lon="-80.16457667"><ele>12.752</ele><time>2026-07-24T12:04:43Z</time><speed>0.000</speed><sat>14</sat></trkpt>
  <trkpt lat="26.41601000" lon="-80.16457667"><ele>12.752</ele><time>2026-07-24T12:04:44Z</time><speed>0.000</speed><sat>14</sat></trkpt>
  <trkpt lat="26.41601000" lon="-80.16457667"><ele>12.752</ele><time>2026-07-24T12:04:45Z</time><speed>0.000</speed><sat>14</sat></trkpt>
  <trkpt lat="26.41601000" lon="-80.16457667"><ele>12.752</ele><time>2026-07-24T12:04:46Z</time><speed>0.000</speed><sat>14</sat></trkpt>
  <trkpt lat="26.41601000" lon="-80.16457667"><ele>12.752</ele><time>2026-07-24T12:04:47Z</time><speed>0.000</speed><sat>14</sat></trkpt>
  <trkpt lat="26.41601000" lon="-80.16457667"><ele>12.752</ele><time>2026-07-24T12:04:48Z</time><speed>0.000</speed><sat>14</sat></trkpt>
  <trkpt lat="26.41601000" lon="-80.16457667"><ele>12.752</ele><time>2026-07-24T12:04:49Z</time><speed>0.000</speed><sat>16</sat></trkpt>
  <trkpt lat="26.41601000" lon="-80.16457667"><ele>12.752</ele><time>2026-07-24T12:04:50Z</time><speed>0.000</speed><sat>16</sat></trkpt>
  <trkpt lat="26.41601000" lon="-80.16457667"><ele>12.752</ele><time>2026-07-24T12:04:51Z</time><speed>0.000</speed><sat>16</sat></trkpt>
  <trkpt lat="26.41601000" lon="-80.16457667"><ele>12.752</ele><time>2026-07-24T12:04:52Z</time><speed>0.000</speed><sat>16</sat></trkpt>
  <trkpt lat="26.41601000" lon="-80.16457667"><ele>12.752</ele><time>2026-07-24T12:04:53Z</time><speed>0.000</speed><sat>16</sat></trkpt>
  <trkpt lat="26.41601000" lon="-80.16457667"><ele>12.752</ele><time>2026-07-24T12:04:54Z</time><speed>0.000</speed><sat>16</sat></trkpt>
  <trkpt lat="26.41601000" lon="-80.16457667"><ele>12.752</ele><time>2026-07-24T12:04:55Z</time><speed>0.000</speed><sat>16</sat></trkpt>
  <trkpt lat="26.41601000" lon="-80.16457667"><ele>12.752</ele><time>2026-07-24T12:04:56Z</time><speed>0.000</speed><sat>16</sat></trkpt>
  <trkpt lat="26.41605833" lon="-80.16457500"><ele>14.752</ele><time>2026-07-24T12:04:57Z</time><speed>0.334</speed><sat>15</sat></trkpt>
  <trkpt lat="26.41606667" lon="-80.16457333"><ele>13.652</ele><time>2026-07-24T12:04:58Z</time><speed>0.359</speed><sat>15</sat></trkpt>
  <trkpt lat="26.41606333" lon="-80.16457500"><ele>13.852</ele><time>2026-07-24T12:04:59Z</time><speed>0.000</speed><sat>15</sat></trkpt>
  <trkpt lat="26.41606333" lon="-80.16457667"><ele>14.052</ele><time>2026-07-24T12:05:00Z</time><speed>0.000</speed><sat>15</sat></trkpt>
  <trkpt lat="26.41606167" lon="-80.16457833"><ele>14.352</ele><time>2026-07-24T12:05:01Z</time><speed>0.000</speed><sat>15</sat></trkpt>
  <trkpt lat="26.41606167" lon="-80.16457833"><ele>14.352</ele><time>2026-07-24T12:05:02Z</time><speed>0.000</speed><sat>15</sat></trkpt>
  <trkpt lat="26.41606167" lon="-80.16457833"><ele>14.352</ele><time>2026-07-24T12:05:03Z</time><speed>0.000</speed><sat>14</sat></trkpt>
  <trkpt lat="26.41606167" lon="-80.16457833"><ele>14.352</ele><time>2026-07-24T12:05:04Z</time><speed>0.000</speed><sat>14</sat></trkpt>
  <trkpt lat="26.41606167" lon="-80.16457833"><ele>14.352</ele><time>2026-07-24T12:05:05Z</time><speed>0.000</speed><sat>14</sat></trkpt>
  <trkpt lat="26.41606167" lon="-80.16457833"><ele>14.352</ele><time>2026-07-24T12:05:06Z</time><speed>0.000</speed><sat>14</sat></trkpt>
  <trkpt lat="26.41606167" lon="-80.16457833"><ele>14.352</ele><time>2026-07-24T12:05:07Z</time><speed>0.000</speed><sat>14</sat></trkpt>
  <trkpt lat="26.41606167" lon="-80.16457833"><ele>14.352</ele><time>2026-07-24T12:05:08Z</time><speed>0.000</speed><sat>14</sat></trkpt>
  <trkpt lat="26.41606167" lon="-80.16457833"><ele>14.352</ele><time>2026-07-24T12:05:09Z</time><speed>0.000</speed><sat>14</sat></trkpt>
  <trkpt lat="26.41606167" lon="-80.16457833"><ele>14.352</ele><time>2026-07-24T12:05:10Z</time><speed>0.000</speed><sat>13</sat></trkpt>
  <trkpt lat="26.41606167" lon="-80.16457833"><ele>14.352</ele><time>2026-07-24T12:05:11Z</time><speed>0.000</speed><sat>13</sat></trkpt>
  <trkpt lat="26.41606167" lon="-80.16457833"><ele>14.352</ele><time>2026-07-24T12:05:12Z</time><speed>0.000</speed><sat>15</sat></trkpt>
  <trkpt lat="26.41606167" lon="-80.16457833"><ele>14.352</ele><time>2026-07-24T12:05:13Z</time><speed>0.000</speed><sat>15</sat></trkpt>
  <trkpt lat="26.41606167" lon="-80.16457833"><ele>14.352</ele><time>2026-07-24T12:05:14Z</time><speed>0.000</speed><sat>15</sat></trkpt>
  <trkpt lat="26.41606167" lon="-80.16457833"><ele>14.352</ele><time>2026-07-24T12:05:15Z</time><speed>0.000</speed><sat>15</sat></trkpt>
  <trkpt lat="26.41606167" lon="-80.16457833"><ele>14.352</ele><time>2026-07-24T12:05:16Z</time><speed>0.000</speed><sat>15</sat></trkpt>
  <trkpt lat="26.41606167" lon="-80.16457833"><ele>14.352</ele><time>2026-07-24T12:05:17Z</time><speed>0.000</speed><sat>15</sat></trkpt>
  <trkpt lat="26.41606167" lon="-80.16457833"><ele>14.352</ele><time>2026-07-24T12:05:18Z</time><speed>0.000</speed><sat>15</sat></trkpt>
  <trkpt lat="26.41606167" lon="-80.16457833"><ele>14.352</ele><time>2026-07-24T12:05:19Z</time><speed>0.000</speed><sat>15</sat></trkpt>
  <trkpt lat="26.41606167" lon="-80.16457833"><ele>14.352</ele><time>2026-07-24T12:05:20Z</time><speed>0.000</speed><sat>15</sat></trkpt>
  <trkpt lat="26.41606167" lon="-80.16457833"><ele>14.352</ele><time>2026-07-24T12:05:21Z</time><speed>0.000</speed><sat>15</sat></trkpt>
  <trkpt lat="26.41606167" lon="-80.16457833"><ele>14.352</ele><time>2026-07-24T12:05:22Z</time><speed>0.000</speed><sat>15</sat></trkpt>
  <trkpt lat="26.41606167" lon="-80.16457833"><ele>14.352</ele><time>2026-07-24T12:05:23Z</time><speed>0.000</speed><sat>15</sat></trkpt>
  <trkpt lat="26.41606167" lon="-80.16457833"><ele>14.352</ele><time>2026-07-24T12:05:24Z</time><speed>0.000</speed><sat>15</sat></trkpt>
  <trkpt lat="26.41606167" lon="-80.16457833"><ele>14.352</ele><time>2026-07-24T12:05:25Z</time><speed>0.000</speed><sat>15</sat></trkpt>
  <trkpt lat="26.41606167" lon="-80.16457833"><ele>14.352</ele><time>2026-07-24T12:05:26Z</time><speed>0.000</speed><sat>15</sat></trkpt>
  <trkpt lat="26.41606167" lon="-80.16457833"><ele>14.352</ele><time>2026-07-24T12:05:27Z</time><speed>0.000</speed><sat>15</sat></trkpt>
  <trkpt lat="26.41606167" lon="-80.16457833"><ele>14.352</ele><time>2026-07-24T12:05:28Z</time><speed>0.000</speed><sat>14</sat></trkpt>
  <trkpt lat="26.41606167" lon="-80.16457833"><ele>14.352</ele><time>2026-07-24T12:05:29Z</time><speed>0.000</speed><sat>14</sat></trkpt>
  <trkpt lat="26.41606167" lon="-80.16457833"><ele>14.352</ele><time>2026-07-24T12:05:30Z</time><speed>0.000</speed><sat>15</sat></trkpt>
  <trkpt lat="26.41606167" lon="-80.16457833"><ele>14.352</ele><time>2026-07-24T12:05:31Z</time><speed>0.000</speed><sat>15</sat></trkpt>
  <trkpt lat="26.41606167" lon="-80.16457833"><ele>14.352</ele><time>2026-07-24T12:05:32Z</time><speed>0.000</speed><sat>15</sat></trkpt>
  <trkpt lat="26.41606167" lon="-80.16457833"><ele>14.352</ele><time>2026-07-24T12:05:33Z</time><speed>0.000</speed><sat>15</sat></trkpt>
  <trkpt lat="26.41606167" lon="-80.16457833"><ele>14.352</ele><time>2026-07-24T12:05:34Z</time><speed>0.000</speed><sat>15</sat></trkpt>
  <trkpt lat="26.41606167" lon="-80.16457833"><ele>14.352</ele><time>2026-07-24T12:05:35Z</time><speed>0.000</speed><sat>14</sat></trkpt>
  <trkpt lat="26.41606167" lon="-80.16457833"><ele>14.352</ele><time>2026-07-24T12:05:36Z</time><speed>0.000</speed><sat>14</sat></trkpt>
  <trkpt lat="26.41606167" lon="-80.16457833"><ele>14.352</ele><time>2026-07-24T12:05:37Z</time><speed>0.000</speed><sat>14</sat></trkpt>
  <trkpt lat="26.41606167" lon="-80.16457833"><ele>14.352</ele><time>2026-07-24T12:05:38Z</time><speed>0.000</speed><sat>14</sat></trkpt>
  <trkpt lat="26.41606167" lon="-80.16457833"><ele>14.352</ele><time>2026-07-24T12:05:39Z</time><speed>0.000</speed><sat>14</sat></trkpt>
  <trkpt lat="26.41606167" lon="-80.16457833"><ele>14.352</ele><time>2026-07-24T12:05:40Z</time><speed>0.000</speed><sat>14</sat></trkpt>
  <trkpt lat="26.41606167" lon="-80.16457833"><ele>14.352</ele><time>2026-07-24T12:05:41Z</time><speed>0.000</speed><sat>14</sat></trkpt>
  <trkpt lat="26.41604833" lon="-80.16464833"><ele>17.451</ele><time>2026-07-24T12:05:42Z</time><speed>0.360</speed><sat>15</sat></trkpt>
  <trkpt lat="26.41603833" lon="-80.16465333"><ele>17.151</ele><time>2026-07-24T12:05:43Z</time><speed>0.401</speed><sat>15</sat></trkpt>
  <trkpt lat="26.41602833" lon="-80.16465833"><ele>16.951</ele><time>2026-07-24T12:05:44Z</time><speed>0.459</speed><sat>15</sat></trkpt>
  <trkpt lat="26.41602167" lon="-80.16466333"><ele>16.551</ele><time>2026-07-24T12:05:45Z</time><speed>0.546</speed><sat>15</sat></trkpt>
  <trkpt lat="26.41601333" lon="-80.16466667"><ele>16.051</ele><time>2026-07-24T12:05:46Z</time><speed>0.579</speed><sat>15</sat></trkpt>
  <trkpt lat="26.41601000" lon="-80.16467000"><ele>15.651</ele><time>2026-07-24T12:05:47Z</time><speed>0.623</speed><sat>15</sat></trkpt>
  <trkpt lat="26.41600167" lon="-80.16467000"><ele>15.151</ele><time>2026-07-24T12:05:48Z</time><speed>0.675</speed><sat>15</sat></trkpt>
  <trkpt lat="26.41599500" lon="-80.16467167"><ele>14.651</ele><time>2026-07-24T12:05:49Z</time><speed>0.709</speed><sat>15</sat></trkpt>
  <trkpt lat="26.41598667" lon="-80.16467333"><ele>14.151</ele><time>2026-07-24T12:05:50Z</time><speed>0.713</speed><sat>15</sat></trkpt>
  <trkpt lat="26.41598500" lon="-80.16467667"><ele>14.051</ele><time>2026-07-24T12:05:51Z</time><speed>0.651</speed><sat>15</sat></trkpt>
  <trkpt lat="26.41597833" lon="-80.16467667"><ele>13.951</ele><time>2026-07-24T12:05:52Z</time><speed>0.595</speed><sat>15</sat></trkpt>
  <trkpt lat="26.41597333" lon="-80.16467500"><ele>13.751</ele><time>2026-07-24T12:05:53Z</time><speed>0.529</speed><sat>15</sat></trkpt>
  <trkpt lat="26.41597000" lon="-80.16467667"><ele>13.451</ele><time>2026-07-24T12:05:54Z</time><speed>0.466</speed><sat>15</sat></trkpt>
  <trkpt lat="26.41596667" lon="-80.16467667"><ele>13.151</ele><time>2026-07-24T12:05:55Z</time><speed>0.000</speed><sat>15</sat></trkpt>
  <trkpt lat="26.41596667" lon="-80.16467833"><ele>12.751</ele><time>2026-07-24T12:05:56Z</time><speed>0.000</speed><sat>15</sat></trkpt>
  <trkpt lat="26.41596667" lon="-80.16467667"><ele>12.451</ele><time>2026-07-24T12:05:57Z</time><speed>0.000</speed><sat>16</sat></trkpt>
  <trkpt lat="26.41596667" lon="-80.16467667"><ele>12.451</ele><time>2026-07-24T12:05:58Z</time><speed>0.000</speed><sat>16</sat></trkpt>
  <trkpt lat="26.41596667" lon="-80.16467667"><ele>12.451</ele><time>2026-07-24T12:05:59Z</time><speed>0.000</speed><sat>16</sat></trkpt>
  <trkpt lat="26.41596667" lon="-80.16467667"><ele>12.451</ele><time>2026-07-24T12:06:00Z</time><speed>0.000</speed><sat>16</sat></trkpt>
  <trkpt lat="26.41596167" lon="-80.16467833"><ele>11.951</ele><time>2026-07-24T12:06:01Z</time><speed>0.221</speed><sat>16</sat></trkpt>
  <trkpt lat="26.41596000" lon="-80.16468167"><ele>11.751</ele><time>2026-07-24T12:06:02Z</time><speed>0.000</speed><sat>16</sat></trkpt>
  <trkpt lat="26.41596000" lon="-80.16468500"><ele>11.651</ele><time>2026-07-24T12:06:03Z</time><speed>0.000</speed><sat>16</sat></trkpt>
  <trkpt lat="26.41595833" lon="-80.16469333"><ele>11.551</ele><time>2026-07-24T12:06:04Z</time><speed>0.307</speed><sat>16</sat></trkpt>
  <trkpt lat="26.41595667" lon="-80.16470333"><ele>11.551</ele><time>2026-07-24T12:06:05Z</time><speed>0.370</speed><sat>16</sat></trkpt>
  <trkpt lat="26.41595500" lon="-80.16471000"><ele>11.351</ele><time>2026-07-24T12:06:06Z</time><speed>0.426</speed><sat>16</sat></trkpt>
  <trkpt lat="26.41595333" lon="-80.16471500"><ele>11.251</ele><time>2026-07-24T12:06:07Z</time><speed>0.472</speed><sat>16</sat></trkpt>
  <trkpt lat="26.41595167" lon="-80.16471833"><ele>11.351</ele><time>2026-07-24T12:06:08Z</time><speed>0.515</speed><sat>16</sat></trkpt>
  <trkpt lat="26.41595500" lon="-80.16471667"><ele>11.551</ele><time>2026-07-24T12:06:09Z</time><speed>0.508</speed><sat>16</sat></trkpt>
  <trkpt lat="26.41595833" lon="-80.16471167"><ele>11.851</ele><time>2026-07-24T12:06:10Z</time><speed>0.464</speed><sat>16</sat></trkpt>
  <trkpt lat="26.41596000" lon="-80.16470667"><ele>11.851</ele><time>2026-07-24T12:06:11Z</time><speed>0.445</speed><sat>16</sat></trkpt>
  <trkpt lat="26.41595667" lon="-80.16470167"><ele>11.951</ele><time>2026-07-24T12:06:12Z</time><speed>0.445</speed><sat>16</sat></trkpt>
  <trkpt lat="26.41595500" lon="-80.16469333"><ele>11.751</ele><time>2026-07-24T12:06:13Z</time><speed>0.474</speed><sat>16</sat></trkpt>
  <trkpt lat="26.41595167" lon="-80.16468500"><ele>11.551</ele><time>2026-07-24T12:06:14Z</time><speed>0.479</speed><sat>16</sat></trkpt>
  <trkpt lat="26.41594167" lon="-80.16468167"><ele>11.651</ele><time>2026-07-24T12:06:15Z</time><speed>0.424</speed><sat>16</sat></trkpt>
  <trkpt lat="26.41593833" lon="-80.16468000"><ele>11.851</ele><time>2026-07-24T12:06:16Z</time><speed>0.000</speed><sat>16</sat></trkpt>
  <trkpt lat="26.41594000" lon="-80.16467500"><ele>12.251</ele><time>2026-07-24T12:06:17Z</time><speed>0.000</speed><sat>16</sat></trkpt>
  <trkpt lat="26.41593833" lon="-80.16467333"><ele>12.451</ele><time>2026-07-24T12:06:18Z</time><speed>0.000</speed><sat>16</sat></trkpt>
  <trkpt lat="26.41593833" lon="-80.16467333"><ele>12.451</ele><time>2026-07-24T12:06:19Z</time><speed>0.000</speed><sat>16</sat></trkpt>
  <trkpt lat="26.41593833" lon="-80.16467333"><ele>12.451</ele><time>2026-07-24T12:06:20Z</time><speed>0.000</speed><sat>15</sat></trkpt>
  <trkpt lat="26.41593833" lon="-80.16467333"><ele>12.451</ele><time>2026-07-24T12:06:21Z</time><speed>0.000</speed><sat>16</sat></trkpt>
  <trkpt lat="26.41593833" lon="-80.16467333"><ele>12.451</ele><time>2026-07-24T12:06:22Z</time><speed>0.000</speed><sat>16</sat></trkpt>
  <trkpt lat="26.41593833" lon="-80.16467333"><ele>12.451</ele><time>2026-07-24T12:06:23Z</time><speed>0.000</speed><sat>16</sat></trkpt>
  <trkpt lat="26.41593833" lon="-80.16467333"><ele>12.451</ele><time>2026-07-24T12:06:24Z</time><speed>0.000</speed><sat>16</sat></trkpt>
  <trkpt lat="26.41593833" lon="-80.16467333"><ele>12.451</ele><time>2026-07-24T12:06:25Z</time><speed>0.000</speed><sat>16</sat></trkpt>
  <trkpt lat="26.41593833" lon="-80.16467333"><ele>12.451</ele><time>2026-07-24T12:06:26Z</time><speed>0.000</speed><sat>16</sat></trkpt>
  <trkpt lat="26.41593833" lon="-80.16467333"><ele>12.451</ele><time>2026-07-24T12:06:27Z</time><speed>0.000</speed><sat>16</sat></trkpt>
  <trkpt lat="26.41593833" lon="-80.16467333"><ele>12.451</ele><time>2026-07-24T12:06:28Z</time><speed>0.000</speed><sat>16</sat></trkpt>
  <trkpt lat="26.41593833" lon="-80.16467333"><ele>12.451</ele><time>2026-07-24T12:06:29Z</time><speed>0.000</speed><sat>16</sat></trkpt>
  <trkpt lat="26.41593833" lon="-80.16467333"><ele>12.451</ele><time>2026-07-24T12:06:30Z</time><speed>0.000</speed><sat>16</sat></trkpt>
  <trkpt lat="26.41593833" lon="-80.16467333"><ele>12.451</ele><time>2026-07-24T12:06:31Z</time><speed>0.000</speed><sat>16</sat></trkpt>
  <trkpt lat="26.41593833" lon="-80.16467333"><ele>12.451</ele><time>2026-07-24T12:06:32Z</time><speed>0.000</speed><sat>16</sat></trkpt>
  <trkpt lat="26.41593833" lon="-80.16467333"><ele>12.451</ele><time>2026-07-24T12:06:33Z</time><speed>0.000</speed><sat>16</sat></trkpt>
  <trkpt lat="26.41593833" lon="-80.16467333"><ele>12.451</ele><time>2026-07-24T12:06:34Z</time><speed>0.000</speed><sat>16</sat></trkpt>
  <trkpt lat="26.41593833" lon="-80.16467333"><ele>12.451</ele><time>2026-07-24T12:06:35Z</time><speed>0.000</speed><sat>15</sat></trkpt>
  <trkpt lat="26.41593833" lon="-80.16467333"><ele>12.451</ele><time>2026-07-24T12:06:36Z</time><speed>0.000</speed><sat>15</sat></trkpt>
  <trkpt lat="26.41593833" lon="-80.16467333"><ele>12.451</ele><time>2026-07-24T12:06:37Z</time><speed>0.000</speed><sat>15</sat></trkpt>
  <trkpt lat="26.41593833" lon="-80.16467333"><ele>12.451</ele><time>2026-07-24T12:06:38Z</time><speed>0.000</speed><sat>15</sat></trkpt>
  <trkpt lat="26.41593833" lon="-80.16467333"><ele>12.451</ele><time>2026-07-24T12:06:39Z</time><speed>0.000</speed><sat>15</sat></trkpt>
  <trkpt lat="26.41593833" lon="-80.16467333"><ele>12.451</ele><time>2026-07-24T12:06:40Z</time><speed>0.000</speed><sat>15</sat></trkpt>
  <trkpt lat="26.41593833" lon="-80.16467333"><ele>12.451</ele><time>2026-07-24T12:06:41Z</time><speed>0.000</speed><sat>15</sat></trkpt>
  <trkpt lat="26.41593833" lon="-80.16467333"><ele>12.451</ele><time>2026-07-24T12:06:42Z</time><speed>0.000</speed><sat>15</sat></trkpt>
  <trkpt lat="26.41593833" lon="-80.16467333"><ele>12.451</ele><time>2026-07-24T12:06:43Z</time><speed>0.000</speed><sat>15</sat></trkpt>
  <trkpt lat="26.41593833" lon="-80.16467333"><ele>12.451</ele><time>2026-07-24T12:06:44Z</time><speed>0.000</speed><sat>15</sat></trkpt>
  <trkpt lat="26.41593833" lon="-80.16467333"><ele>12.451</ele><time>2026-07-24T12:06:45Z</time><speed>0.000</speed><sat>15</sat></trkpt>
  <trkpt lat="26.41593833" lon="-80.16467333"><ele>12.451</ele><time>2026-07-24T12:06:46Z</time><speed>0.000</speed><sat>15</sat></trkpt>
  <trkpt lat="26.41593833" lon="-80.16467333"><ele>12.451</ele><time>2026-07-24T12:06:47Z</time><speed>0.000</speed><sat>15</sat></trkpt>
  <trkpt lat="26.41593833" lon="-80.16467333"><ele>12.451</ele><time>2026-07-24T12:06:48Z</time><speed>0.000</speed><sat>15</sat></trkpt>
  <trkpt lat="26.41593833" lon="-80.16467333"><ele>12.451</ele><time>2026-07-24T12:06:49Z</time><speed>0.000</speed><sat>15</sat></trkpt>
  <trkpt lat="26.41593833" lon="-80.16467333"><ele>12.451</ele><time>2026-07-24T12:06:50Z</time><speed>0.000</speed><sat>15</sat></trkpt>
  <trkpt lat="26.41593833" lon="-80.16467333"><ele>12.451</ele><time>2026-07-24T12:06:51Z</time><speed>0.000</speed><sat>15</sat></trkpt>
  <trkpt lat="26.41593833" lon="-80.16467333"><ele>12.451</ele><time>2026-07-24T12:06:52Z</time><speed>0.000</speed><sat>15</sat></trkpt>
  <trkpt lat="26.41593833" lon="-80.16467333"><ele>12.451</ele><time>2026-07-24T12:06:53Z</time><speed>0.000</speed><sat>15</sat></trkpt>
  <trkpt lat="26.41593833" lon="-80.16467333"><ele>12.451</ele><time>2026-07-24T12:06:54Z</time><speed>0.000</speed><sat>15</sat></trkpt>
  <trkpt lat="26.41593833" lon="-80.16467333"><ele>12.451</ele><time>2026-07-24T12:06:55Z</time><speed>0.000</speed><sat>15</sat></trkpt>
  <trkpt lat="26.41593833" lon="-80.16467333"><ele>12.451</ele><time>2026-07-24T12:06:56Z</time><speed>0.000</speed><sat>15</sat></trkpt>
  <trkpt lat="26.41593833" lon="-80.16467333"><ele>12.451</ele><time>2026-07-24T12:06:57Z</time><speed>0.000</speed><sat>15</sat></trkpt>
  <trkpt lat="26.41593833" lon="-80.16467333"><ele>12.451</ele><time>2026-07-24T12:06:58Z</time><speed>0.000</speed><sat>15</sat></trkpt>
  <trkpt lat="26.41593833" lon="-80.16467333"><ele>12.451</ele><time>2026-07-24T12:06:59Z</time><speed>0.000</speed><sat>15</sat></trkpt>
  <trkpt lat="26.41593833" lon="-80.16467333"><ele>12.451</ele><time>2026-07-24T12:07:00Z</time><speed>0.000</speed><sat>15</sat></trkpt>
  <trkpt lat="26.41593833" lon="-80.16467333"><ele>12.451</ele><time>2026-07-24T12:07:01Z</time><speed>0.000</speed><sat>15</sat></trkpt>
  <trkpt lat="26.41593833" lon="-80.16467333"><ele>12.451</ele><time>2026-07-24T12:07:02Z</time><speed>0.000</speed><sat>15</sat></trkpt>
  <trkpt lat="26.41593833" lon="-80.16467333"><ele>12.451</ele><time>2026-07-24T12:07:03Z</time><speed>0.000</speed><sat>15</sat></trkpt>
  <trkpt lat="26.41593833" lon="-80.16467333"><ele>12.451</ele><time>2026-07-24T12:07:04Z</time><speed>0.000</speed><sat>14</sat></trkpt>
  <trkpt lat="26.41593833" lon="-80.16467333"><ele>12.451</ele><time>2026-07-24T12:07:05Z</time><speed>0.000</speed><sat>14</sat></trkpt>
  <trkpt lat="26.41593833" lon="-80.16467333"><ele>12.451</ele><time>2026-07-24T12:07:06Z</time><speed>0.000</speed><sat>14</sat></trkpt>
  <trkpt lat="26.41593833" lon="-80.16467333"><ele>12.451</ele><time>2026-07-24T12:07:07Z</time><speed>0.000</speed><sat>14</sat></trkpt>
  <trkpt lat="26.41593833" lon="-80.16467333"><ele>12.451</ele><time>2026-07-24T12:07:08Z</time><speed>0.000</speed><sat>14</sat></trkpt>
  <trkpt lat="26.41593833" lon="-80.16467333"><ele>12.451</ele><time>2026-07-24T12:07:09Z</time><speed>0.000</speed><sat>14</sat></trkpt>
  <trkpt lat="26.41593833" lon="-80.16467333"><ele>12.451</ele><time>2026-07-24T12:07:10Z</time><speed>0.000</speed><sat>15</sat></trkpt>
  <trkpt lat="26.41593833" lon="-80.16467333"><ele>12.451</ele><time>2026-07-24T12:07:11Z</time><speed>0.000</speed><sat>15</sat></trkpt>
  <trkpt lat="26.41593833" lon="-80.16467333"><ele>12.451</ele><time>2026-07-24T12:07:12Z</time><speed>0.000</speed><sat>16</sat></trkpt>
  <trkpt lat="26.41593833" lon="-80.16467333"><ele>12.451</ele><time>2026-07-24T12:07:13Z</time><speed>0.000</speed><sat>16</sat></trkpt>
  <trkpt lat="26.41593833" lon="-80.16467333"><ele>12.451</ele><time>2026-07-24T12:07:14Z</time><speed>0.000</speed><sat>16</sat></trkpt>
  <trkpt lat="26.41593833" lon="-80.16467333"><ele>12.451</ele><time>2026-07-24T12:07:15Z</time><speed>0.000</speed><sat>16</sat></trkpt>
  <trkpt lat="26.41593833" lon="-80.16467333"><ele>12.451</ele><time>2026-07-24T12:07:16Z</time><speed>0.000</speed><sat>16</sat></trkpt>
  <trkpt lat="26.41593833" lon="-80.16467333"><ele>12.451</ele><time>2026-07-24T12:07:17Z</time><speed>0.000</speed><sat>16</sat></trkpt>
  <trkpt lat="26.41593833" lon="-80.16467333"><ele>12.451</ele><time>2026-07-24T12:07:18Z</time><speed>0.000</speed><sat>16</sat></trkpt>
  <trkpt lat="26.41593833" lon="-80.16467333"><ele>12.451</ele><time>2026-07-24T12:07:19Z</time><speed>0.000</speed><sat>16</sat></trkpt>
  <trkpt lat="26.41593833" lon="-80.16467333"><ele>12.451</ele><time>2026-07-24T12:07:20Z</time><speed>0.000</speed><sat>16</sat></trkpt>
  <trkpt lat="26.41593833" lon="-80.16467333"><ele>12.451</ele><time>2026-07-24T12:07:21Z</time><speed>0.000</speed><sat>16</sat></trkpt>
  <trkpt lat="26.41593833" lon="-80.16467333"><ele>12.451</ele><time>2026-07-24T12:07:22Z</time><speed>0.000</speed><sat>16</sat></trkpt>
  <trkpt lat="26.41593833" lon="-80.16467333"><ele>12.451</ele><time>2026-07-24T12:07:23Z</time><speed>0.000</speed><sat>16</sat></trkpt>
  <trkpt lat="26.41593833" lon="-80.16467333"><ele>12.451</ele><time>2026-07-24T12:07:24Z</time><speed>0.000</speed><sat>16</sat></trkpt>
  <trkpt lat="26.41593833" lon="-80.16467333"><ele>12.451</ele><time>2026-07-24T12:07:25Z</time><speed>0.000</speed><sat>16</sat></trkpt>
  <trkpt lat="26.41593833" lon="-80.16467333"><ele>12.451</ele><time>2026-07-24T12:07:26Z</time><speed>0.000</speed><sat>16</sat></trkpt>
  <trkpt lat="26.41593833" lon="-80.16467333"><ele>12.451</ele><time>2026-07-24T12:07:27Z</time><speed>0.000</speed><sat>16</sat></trkpt>
  <trkpt lat="26.41593833" lon="-80.16467333"><ele>12.451</ele><time>2026-07-24T12:07:28Z</time><speed>0.000</speed><sat>15</sat></trkpt>
  <trkpt lat="26.41593833" lon="-80.16467333"><ele>12.451</ele><time>2026-07-24T12:07:29Z</time><speed>0.000</speed><sat>15</sat></trkpt>
  <trkpt lat="26.41593833" lon="-80.16467333"><ele>12.451</ele><time>2026-07-24T12:07:30Z</time><speed>0.000</speed><sat>15</sat></trkpt>
  <trkpt lat="26.41593833" lon="-80.16467333"><ele>12.451</ele><time>2026-07-24T12:07:31Z</time><speed>0.000</speed><sat>15</sat></trkpt>
  <trkpt lat="26.41593833" lon="-80.16467333"><ele>12.451</ele><time>2026-07-24T12:07:32Z</time><speed>0.000</speed><sat>15</sat></trkpt>
  <trkpt lat="26.41593833" lon="-80.16467333"><ele>12.451</ele><time>2026-07-24T12:07:33Z</time><speed>0.000</speed><sat>15</sat></trkpt>
  <trkpt lat="26.41593833" lon="-80.16467333"><ele>12.451</ele><time>2026-07-24T12:07:34Z</time><speed>0.000</speed><sat>15</sat></trkpt>
  <trkpt lat="26.41593833" lon="-80.16467333"><ele>12.451</ele><time>2026-07-24T12:07:35Z</time><speed>0.000</speed><sat>15</sat></trkpt>
  <trkpt lat="26.41593833" lon="-80.16467333"><ele>12.451</ele><time>2026-07-24T12:07:36Z</time><speed>0.000</speed><sat>15</sat></trkpt>
  <trkpt lat="26.41593833" lon="-80.16467333"><ele>12.451</ele><time>2026-07-24T12:07:37Z</time><speed>0.000</speed><sat>15</sat></trkpt>
  <trkpt lat="26.41593833" lon="-80.16467333"><ele>12.451</ele><time>2026-07-24T12:07:38Z</time><speed>0.000</speed><sat>15</sat></trkpt>
  <trkpt lat="26.41593833" lon="-80.16467333"><ele>12.451</ele><time>2026-07-24T12:07:39Z</time><speed>0.000</speed><sat>15</sat></trkpt>
  <trkpt lat="26.41593833" lon="-80.16467333"><ele>12.451</ele><time>2026-07-24T12:07:40Z</time><speed>0.000</speed><sat>15</sat></trkpt>
  <trkpt lat="26.41593833" lon="-80.16467333"><ele>12.451</ele><time>2026-07-24T12:07:41Z</time><speed>0.000</speed><sat>15</sat></trkpt>
  <trkpt lat="26.41593833" lon="-80.16467333"><ele>12.451</ele><time>2026-07-24T12:07:42Z</time><speed>0.000</speed><sat>15</sat></trkpt>
  <trkpt lat="26.41593833" lon="-80.16467333"><ele>12.451</ele><time>2026-07-24T12:07:43Z</time><speed>0.000</speed><sat>15</sat></trkpt>
  <trkpt lat="26.41593833" lon="-80.16467333"><ele>12.451</ele><time>2026-07-24T12:07:44Z</time><speed>0.000</speed><sat>15</sat></trkpt>
  <trkpt lat="26.41593833" lon="-80.16467333"><ele>12.451</ele><time>2026-07-24T12:07:45Z</time><speed>0.000</speed><sat>15</sat></trkpt>
  <trkpt lat="26.41593833" lon="-80.16467333"><ele>12.451</ele><time>2026-07-24T12:07:46Z</time><speed>0.000</speed><sat>15</sat></trkpt>
  <trkpt lat="26.41593833" lon="-80.16467333"><ele>12.451</ele><time>2026-07-24T12:07:47Z</time><speed>0.000</speed><sat>15</sat></trkpt>
  <trkpt lat="26.41593833" lon="-80.16467333"><ele>12.451</ele><time>2026-07-24T12:07:48Z</time><speed>0.000</speed><sat>15</sat></trkpt>
  <trkpt lat="26.41593833" lon="-80.16467333"><ele>12.451</ele><time>2026-07-24T12:07:49Z</time><speed>0.000</speed><sat>15</sat></trkpt>
  <trkpt lat="26.41593833" lon="-80.16467333"><ele>12.451</ele><time>2026-07-24T12:07:50Z</time><speed>0.000</speed><sat>15</sat></trkpt>
  <trkpt lat="26.41593833" lon="-80.16467333"><ele>12.451</ele><time>2026-07-24T12:07:51Z</time><speed>0.000</speed><sat>16</sat></trkpt>
  <trkpt lat="26.41593833" lon="-80.16467333"><ele>12.451</ele><time>2026-07-24T12:07:52Z</time><speed>0.000</speed><sat>16</sat></trkpt>
  <trkpt lat="26.41593833" lon="-80.16467333"><ele>12.451</ele><time>2026-07-24T12:07:53Z</time><speed>0.000</speed><sat>16</sat></trkpt>
  <trkpt lat="26.41593833" lon="-80.16467333"><ele>12.451</ele><time>2026-07-24T12:07:54Z</time><speed>0.000</speed><sat>16</sat></trkpt>
  <trkpt lat="26.41593833" lon="-80.16467333"><ele>12.451</ele><time>2026-07-24T12:07:55Z</time><speed>0.000</speed><sat>17</sat></trkpt>
  <trkpt lat="26.41593833" lon="-80.16467333"><ele>12.451</ele><time>2026-07-24T12:07:56Z</time><speed>0.000</speed><sat>17</sat></trkpt>
  <trkpt lat="26.41593833" lon="-80.16467333"><ele>12.451</ele><time>2026-07-24T12:07:57Z</time><speed>0.000</speed><sat>17</sat></trkpt>
  <trkpt lat="26.41593833" lon="-80.16467333"><ele>12.451</ele><time>2026-07-24T12:07:58Z</time><speed>0.000</speed><sat>17</sat></trkpt>
  <trkpt lat="26.41593833" lon="-80.16467333"><ele>12.451</ele><time>2026-07-24T12:07:59Z</time><speed>0.000</speed><sat>17</sat></trkpt>
  <trkpt lat="26.41593833" lon="-80.16467333"><ele>12.451</ele><time>2026-07-24T12:08:00Z</time><speed>0.000</speed><sat>17</sat></trkpt>
  <trkpt lat="26.41593833" lon="-80.16467333"><ele>12.451</ele><time>2026-07-24T12:08:01Z</time><speed>0.000</speed><sat>17</sat></trkpt>
  <trkpt lat="26.41593833" lon="-80.16467333"><ele>12.451</ele><time>2026-07-24T12:08:02Z</time><speed>0.000</speed><sat>17</sat></trkpt>
  <trkpt lat="26.41593833" lon="-80.16467333"><ele>12.451</ele><time>2026-07-24T12:08:03Z</time><speed>0.000</speed><sat>17</sat></trkpt>
  <trkpt lat="26.41593833" lon="-80.16467333"><ele>12.451</ele><time>2026-07-24T12:08:04Z</time><speed>0.000</speed><sat>17</sat></trkpt>
  <trkpt lat="26.41593833" lon="-80.16467333"><ele>12.451</ele><time>2026-07-24T12:08:05Z</time><speed>0.000</speed><sat>17</sat></trkpt>
  <trkpt lat="26.41593833" lon="-80.16467333"><ele>12.451</ele><time>2026-07-24T12:08:06Z</time><speed>0.000</speed><sat>17</sat></trkpt>
  <trkpt lat="26.41593833" lon="-80.16467333"><ele>12.451</ele><time>2026-07-24T12:08:07Z</time><speed>0.000</speed><sat>17</sat></trkpt>
  <trkpt lat="26.41593833" lon="-80.16467333"><ele>12.451</ele><time>2026-07-24T12:08:08Z</time><speed>0.000</speed><sat>17</sat></trkpt>
  <trkpt lat="26.41591000" lon="-80.16470167"><ele>8.951</ele><time>2026-07-24T12:08:09Z</time><speed>0.262</speed><sat>17</sat></trkpt>
  <trkpt lat="26.41589500" lon="-80.16470333"><ele>9.251</ele><time>2026-07-24T12:08:10Z</time><speed>0.426</speed><sat>17</sat></trkpt>
  <trkpt lat="26.41587667" lon="-80.16470667"><ele>9.851</ele><time>2026-07-24T12:08:11Z</time><speed>0.616</speed><sat>17</sat></trkpt>
  <trkpt lat="26.41585833" lon="-80.16471000"><ele>10.851</ele><time>2026-07-24T12:08:12Z</time><speed>0.833</speed><sat>17</sat></trkpt>
  <trkpt lat="26.41584000" lon="-80.16471500"><ele>11.351</ele><time>2026-07-24T12:08:13Z</time><speed>1.053</speed><sat>17</sat></trkpt>
  <trkpt lat="26.41582167" lon="-80.16472000"><ele>11.951</ele><time>2026-07-24T12:08:14Z</time><speed>1.331</speed><sat>17</sat></trkpt>
  <trkpt lat="26.41580167" lon="-80.16472333"><ele>13.051</ele><time>2026-07-24T12:08:15Z</time><speed>1.562</speed><sat>17</sat></trkpt>
  <trkpt lat="26.41578333" lon="-80.16472667"><ele>13.551</ele><time>2026-07-24T12:08:16Z</time><speed>1.829</speed><sat>17</sat></trkpt>
  <trkpt lat="26.41575833" lon="-80.16472833"><ele>14.251</ele><time>2026-07-24T12:08:17Z</time><speed>2.067</speed><sat>17</sat></trkpt>
  <trkpt lat="26.41572833" lon="-80.16472333"><ele>14.051</ele><time>2026-07-24T12:08:18Z</time><speed>2.260</speed><sat>17</sat></trkpt>
  <trkpt lat="26.41570500" lon="-80.16471667"><ele>12.451</ele><time>2026-07-24T12:08:19Z</time><speed>2.403</speed><sat>17</sat></trkpt>
  <trkpt lat="26.41568000" lon="-80.16470833"><ele>11.451</ele><time>2026-07-24T12:08:20Z</time><speed>2.469</speed><sat>17</sat></trkpt>
  <trkpt lat="26.41565000" lon="-80.16471000"><ele>10.751</ele><time>2026-07-24T12:08:21Z</time><speed>2.564</speed><sat>17</sat></trkpt>
  <trkpt lat="26.41562333" lon="-80.16470833"><ele>9.651</ele><time>2026-07-24T12:08:22Z</time><speed>2.620</speed><sat>17</sat></trkpt>
  <trkpt lat="26.41560000" lon="-80.16470500"><ele>8.551</ele><time>2026-07-24T12:08:23Z</time><speed>2.659</speed><sat>17</sat></trkpt>
  <trkpt lat="26.41557000" lon="-80.16470167"><ele>7.751</ele><time>2026-07-24T12:08:24Z</time><speed>2.681</speed><sat>17</sat></trkpt>
  <trkpt lat="26.41554167" lon="-80.16469333"><ele>6.751</ele><time>2026-07-24T12:08:25Z</time><speed>2.754</speed><sat>17</sat></trkpt>
  <trkpt lat="26.41551333" lon="-80.16468333"><ele>5.951</ele><time>2026-07-24T12:08:26Z</time><speed>2.784</speed><sat>17</sat></trkpt>
  <trkpt lat="26.41549000" lon="-80.16467333"><ele>5.351</ele><time>2026-07-24T12:08:27Z</time><speed>2.810</speed><sat>17</sat></trkpt>
  <trkpt lat="26.41546333" lon="-80.16465833"><ele>4.751</ele><time>2026-07-24T12:08:28Z</time><speed>2.870</speed><sat>17</sat></trkpt>
  <trkpt lat="26.41543500" lon="-80.16463833"><ele>4.751</ele><time>2026-07-24T12:08:29Z</time><speed>2.977</speed><sat>17</sat></trkpt>
  <trkpt lat="26.41541167" lon="-80.16461833"><ele>4.551</ele><time>2026-07-24T12:08:30Z</time><speed>3.068</speed><sat>17</sat></trkpt>
  <trkpt lat="26.41538667" lon="-80.16459833"><ele>4.251</ele><time>2026-07-24T12:08:31Z</time><speed>3.123</speed><sat>17</sat></trkpt>
  <trkpt lat="26.41536500" lon="-80.16457500"><ele>4.251</ele><time>2026-07-24T12:08:32Z</time><speed>3.200</speed><sat>17</sat></trkpt>
  <trkpt lat="26.41534500" lon="-80.16454833"><ele>4.151</ele><time>2026-07-24T12:08:33Z</time><speed>3.294</speed><sat>17</sat></trkpt>
  <trkpt lat="26.41532000" lon="-80.16452000"><ele>3.951</ele><time>2026-07-24T12:08:34Z</time><speed>3.332</speed><sat>17</sat></trkpt>
  <trkpt lat="26.41529500" lon="-80.16449167"><ele>3.352</ele><time>2026-07-24T12:08:35Z</time><speed>3.348</speed><sat>17</sat></trkpt>
  <trkpt lat="26.41527333" lon="-80.16446167"><ele>3.052</ele><time>2026-07-24T12:08:36Z</time><speed>3.383</speed><sat>17</sat></trkpt>
  <trkpt lat="26.41525167" lon="-80.16443167"><ele>3.052</ele><time>2026-07-24T12:08:37Z</time><speed>3.422</speed><sat>17</sat></trkpt>
  <trkpt lat="26.41523333" lon="-80.16440167"><ele>3.352</ele><time>2026-07-24T12:08:38Z</time><speed>3.442</speed><sat>17</sat></trkpt>
  <trkpt lat="26.41521500" lon="-80.16436833"><ele>3.452</ele><time>2026-07-24T12:08:39Z</time><speed>3.456</speed><sat>17</sat></trkpt>
  <trkpt lat="26.41520000" lon="-80.16433000"><ele>3.752</ele><time>2026-07-24T12:08:40Z</time><speed>3.501</speed><sat>17</sat></trkpt>
  <trkpt lat="26.41518667" lon="-80.16429333"><ele>3.852</ele><time>2026-07-24T12:08:41Z</time><speed>3.521</speed><sat>17</sat></trkpt>
  <trkpt lat="26.41517833" lon="-80.16425833"><ele>4.052</ele><time>2026-07-24T12:08:42Z</time><speed>3.530</speed><sat>17</sat></trkpt>
  <trkpt lat="26.41517333" lon="-80.16422167"><ele>4.553</ele><time>2026-07-24T12:08:43Z</time><speed>3.544</speed><sat>17</sat></trkpt>
  <trkpt lat="26.41516500" lon="-80.16418500"><ele>5.053</ele><time>2026-07-24T12:08:44Z</time><speed>3.580</speed><sat>17</sat></trkpt>
  <trkpt lat="26.41515833" lon="-80.16414500"><ele>5.653</ele><time>2026-07-24T12:08:45Z</time><speed>3.616</speed><sat>17</sat></trkpt>
  <trkpt lat="26.41515667" lon="-80.16410667"><ele>5.953</ele><time>2026-07-24T12:08:46Z</time><speed>3.632</speed><sat>17</sat></trkpt>
  <trkpt lat="26.41515500" lon="-80.16407000"><ele>6.153</ele><time>2026-07-24T12:08:47Z</time><speed>3.658</speed><sat>17</sat></trkpt>
  <trkpt lat="26.41515500" lon="-80.16403333"><ele>6.153</ele><time>2026-07-24T12:08:48Z</time><speed>3.674</speed><sat>17</sat></trkpt>
  <trkpt lat="26.41516333" lon="-80.16400500"><ele>5.553</ele><time>2026-07-24T12:08:49Z</time><speed>3.661</speed><sat>17</sat></trkpt>
  <trkpt lat="26.41517000" lon="-80.16397667"><ele>5.154</ele><time>2026-07-24T12:08:50Z</time><speed>3.624</speed><sat>17</sat></trkpt>
  <trkpt lat="26.41518167" lon="-80.16394167"><ele>4.954</ele><time>2026-07-24T12:08:51Z</time><speed>3.597</speed><sat>17</sat></trkpt>
  <trkpt lat="26.41519333" lon="-80.16391667"><ele>4.554</ele><time>2026-07-24T12:08:52Z</time><speed>3.542</speed><sat>17</sat></trkpt>
  <trkpt lat="26.41520667" lon="-80.16389333"><ele>4.154</ele><time>2026-07-24T12:08:53Z</time><speed>3.462</speed><sat>17</sat></trkpt>
  <trkpt lat="26.41521833" lon="-80.16387500"><ele>3.454</ele><time>2026-07-24T12:08:54Z</time><speed>3.346</speed><sat>17</sat></trkpt>
  <trkpt lat="26.41522000" lon="-80.16386667"><ele>3.054</ele><time>2026-07-24T12:08:55Z</time><speed>3.187</speed><sat>17</sat></trkpt>
  <trkpt lat="26.41521500" lon="-80.16385000"><ele>2.754</ele><time>2026-07-24T12:08:56Z</time><speed>2.935</speed><sat>17</sat></trkpt>
  <trkpt lat="26.41521167" lon="-80.16383833"><ele>2.154</ele><time>2026-07-24T12:08:57Z</time><speed>2.690</speed><sat>17</sat></trkpt>
  <trkpt lat="26.41521000" lon="-80.16382500"><ele>1.754</ele><time>2026-07-24T12:08:58Z</time><speed>2.449</speed><sat>17</sat></trkpt>
  <trkpt lat="26.41520000" lon="-80.16380667"><ele>1.954</ele><time>2026-07-24T12:08:59Z</time><speed>2.278</speed><sat>17</sat></trkpt>
  <trkpt lat="26.41519000" lon="-80.16379500"><ele>1.654</ele><time>2026-07-24T12:09:00Z</time><speed>2.099</speed><sat>17</sat></trkpt>
  <trkpt lat="26.41517333" lon="-80.16378500"><ele>1.754</ele><time>2026-07-24T12:09:01Z</time><speed>1.948</speed><sat>17</sat></trkpt>
  <trkpt lat="26.41515000" lon="-80.16377167"><ele>1.454</ele><time>2026-07-24T12:09:02Z</time><speed>1.856</speed><sat>17</sat></trkpt>
  <trkpt lat="26.41512333" lon="-80.16375167"><ele>1.454</ele><time>2026-07-24T12:09:03Z</time><speed>1.862</speed><sat>17</sat></trkpt>
  <trkpt lat="26.41509333" lon="-80.16373000"><ele>1.655</ele><time>2026-07-24T12:09:04Z</time><speed>1.934</speed><sat>17</sat></trkpt>
  <trkpt lat="26.41506333" lon="-80.16370667"><ele>2.155</ele><time>2026-07-24T12:09:05Z</time><speed>2.069</speed><sat>17</sat></trkpt>
  <trkpt lat="26.41503667" lon="-80.16368833"><ele>2.255</ele><time>2026-07-24T12:09:06Z</time><speed>2.307</speed><sat>17</sat></trkpt>
  <trkpt lat="26.41501333" lon="-80.16367667"><ele>1.955</ele><time>2026-07-24T12:09:07Z</time><speed>2.514</speed><sat>17</sat></trkpt>
  <trkpt lat="26.41499000" lon="-80.16366500"><ele>1.655</ele><time>2026-07-24T12:09:08Z</time><speed>2.691</speed><sat>17</sat></trkpt>
  <trkpt lat="26.41496833" lon="-80.16365333"><ele>1.255</ele><time>2026-07-24T12:09:09Z</time><speed>2.828</speed><sat>17</sat></trkpt>
  <trkpt lat="26.41495000" lon="-80.16363500"><ele>0.855</ele><time>2026-07-24T12:09:10Z</time><speed>2.932</speed><sat>17</sat></trkpt>
  <trkpt lat="26.41493167" lon="-80.16362667"><ele>0.255</ele><time>2026-07-24T12:09:11Z</time><speed>2.985</speed><sat>17</sat></trkpt>
  <trkpt lat="26.41491500" lon="-80.16361167"><ele>0.855</ele><time>2026-07-24T12:09:12Z</time><speed>3.007</speed><sat>17</sat></trkpt>
  <trkpt lat="26.41489667" lon="-80.16359333"><ele>1.755</ele><time>2026-07-24T12:09:13Z</time><speed>2.906</speed><sat>17</sat></trkpt>
  <trkpt lat="26.41488167" lon="-80.16358500"><ele>2.355</ele><time>2026-07-24T12:09:14Z</time><speed>2.703</speed><sat>17</sat></trkpt>
  <trkpt lat="26.41486833" lon="-80.16358000"><ele>2.655</ele><time>2026-07-24T12:09:15Z</time><speed>2.437</speed><sat>17</sat></trkpt>
  <trkpt lat="26.41486167" lon="-80.16357833"><ele>2.855</ele><time>2026-07-24T12:09:16Z</time><speed>2.153</speed><sat>17</sat></trkpt>
  <trkpt lat="26.41485500" lon="-80.16357333"><ele>3.155</ele><time>2026-07-24T12:09:17Z</time><speed>1.849</speed><sat>17</sat></trkpt>
  <trkpt lat="26.41485333" lon="-80.16357000"><ele>3.055</ele><time>2026-07-24T12:09:18Z</time><speed>1.562</speed><sat>17</sat></trkpt>
  <trkpt lat="26.41485333" lon="-80.16356833"><ele>3.255</ele><time>2026-07-24T12:09:19Z</time><speed>1.269</speed><sat>17</sat></trkpt>
  <trkpt lat="26.41485000" lon="-80.16356833"><ele>3.355</ele><time>2026-07-24T12:09:20Z</time><speed>1.010</speed><sat>17</sat></trkpt>
  <trkpt lat="26.41484833" lon="-80.16356667"><ele>3.555</ele><time>2026-07-24T12:09:21Z</time><speed>0.764</speed><sat>17</sat></trkpt>
  <trkpt lat="26.41484833" lon="-80.16356500"><ele>3.855</ele><time>2026-07-24T12:09:22Z</time><speed>0.528</speed><sat>17</sat></trkpt>
  <trkpt lat="26.41484667" lon="-80.16356500"><ele>4.055</ele><time>2026-07-24T12:09:23Z</time><speed>0.000</speed><sat>17</sat></trkpt>
  <trkpt lat="26.41484500" lon="-80.16356500"><ele>4.255</ele><time>2026-07-24T12:09:24Z</time><speed>0.000</speed><sat>16</sat></trkpt>
  <trkpt lat="26.41484500" lon="-80.16356333"><ele>4.455</ele><time>2026-07-24T12:09:25Z</time><speed>0.000</speed><sat>17</sat></trkpt>
  <trkpt lat="26.41484500" lon="-80.16356333"><ele>4.455</ele><time>2026-07-24T12:09:26Z</time><speed>0.000</speed><sat>17</sat></trkpt>
  <trkpt lat="26.41484500" lon="-80.16356333"><ele>4.455</ele><time>2026-07-24T12:09:27Z</time><speed>0.000</speed><sat>17</sat></trkpt>
  <trkpt lat="26.41484500" lon="-80.16356333"><ele>4.455</ele><time>2026-07-24T12:09:28Z</time><speed>0.000</speed><sat>17</sat></trkpt>
  <trkpt lat="26.41484500" lon="-80.16356333"><ele>4.455</ele><time>2026-07-24T12:09:29Z</time><speed>0.000</speed><sat>17</sat></trkpt>
  <trkpt lat="26.41484500" lon="-80.16356333"><ele>4.455</ele><time>2026-07-24T12:09:30Z</time><speed>0.000</speed><sat>17</sat></trkpt>
  <trkpt lat="26.41484500" lon="-80.16356333"><ele>4.455</ele><time>2026-07-24T12:09:31Z</time><speed>0.000</speed><sat>17</sat></trkpt>
  <trkpt lat="26.41484500" lon="-80.16356333"><ele>4.455</ele><time>2026-07-24T12:09:32Z</time><speed>0.000</speed><sat>17</sat></trkpt>
  <trkpt lat="26.41482000" lon="-80.16353833"><ele>6.155</ele><time>2026-07-24T12:09:33Z</time><speed>0.405</speed><sat>17</sat></trkpt>
  <trkpt lat="26.41479833" lon="-80.16353000"><ele>6.255</ele><time>2026-07-24T12:09:34Z</time><speed>0.652</speed><sat>17</sat></trkpt>
  <trkpt lat="26.41477000" lon="-80.16352000"><ele>6.255</ele><time>2026-07-24T12:09:35Z</time><speed>0.919</speed><sat>17</sat></trkpt>
  <trkpt lat="26.41474333" lon="-80.16351500"><ele>7.155</ele><time>2026-07-24T12:09:36Z</time><speed>1.199</speed><sat>17</sat></trkpt>
  <trkpt lat="26.41471500" lon="-80.16351667"><ele>7.455</ele><time>2026-07-24T12:09:37Z</time><speed>1.480</speed><sat>17</sat></trkpt>
  <trkpt lat="26.41469500" lon="-80.16352167"><ele>8.555</ele><time>2026-07-24T12:09:38Z</time><speed>1.776</speed><sat>17</sat></trkpt>
  <trkpt lat="26.41467000" lon="-80.16353000"><ele>9.055</ele><time>2026-07-24T12:09:39Z</time><speed>2.059</speed><sat>17</sat></trkpt>
  <trkpt lat="26.41464167" lon="-80.16353833"><ele>9.055</ele><time>2026-07-24T12:09:40Z</time><speed>2.346</speed><sat>16</sat></trkpt>
  <trkpt lat="26.41460500" lon="-80.16355000"><ele>9.155</ele><time>2026-07-24T12:09:41Z</time><speed>2.641</speed><sat>16</sat></trkpt>
  <trkpt lat="26.41458000" lon="-80.16356000"><ele>9.355</ele><time>2026-07-24T12:09:42Z</time><speed>2.806</speed><sat>17</sat></trkpt>
  <trkpt lat="26.41455667" lon="-80.16357167"><ele>9.555</ele><time>2026-07-24T12:09:43Z</time><speed>2.851</speed><sat>17</sat></trkpt>
  <trkpt lat="26.41453333" lon="-80.16358000"><ele>9.855</ele><time>2026-07-24T12:09:44Z</time><speed>2.801</speed><sat>17</sat></trkpt>
  <trkpt lat="26.41451833" lon="-80.16359000"><ele>10.155</ele><time>2026-07-24T12:09:45Z</time><speed>2.670</speed><sat>17</sat></trkpt>
  <trkpt lat="26.41451500" lon="-80.16359333"><ele>9.955</ele><time>2026-07-24T12:09:46Z</time><speed>2.484</speed><sat>17</sat></trkpt>
  <trkpt lat="26.41451333" lon="-80.16359833"><ele>10.055</ele><time>2026-07-24T12:09:47Z</time><speed>2.204</speed><sat>17</sat></trkpt>
  <trkpt lat="26.41451833" lon="-80.16360000"><ele>9.855</ele><time>2026-07-24T12:09:48Z</time><speed>1.898</speed><sat>17</sat></trkpt>
  <trkpt lat="26.41452333" lon="-80.16360000"><ele>9.255</ele><time>2026-07-24T12:09:49Z</time><speed>1.613</speed><sat>17</sat></trkpt>
  <trkpt lat="26.41452667" lon="-80.16360000"><ele>9.155</ele><time>2026-07-24T12:09:50Z</time><speed>1.318</speed><sat>17</sat></trkpt>
  <trkpt lat="26.41453167" lon="-80.16359333"><ele>7.955</ele><time>2026-07-24T12:09:51Z</time><speed>1.009</speed><sat>17</sat></trkpt>
  <trkpt lat="26.41453000" lon="-80.16359333"><ele>8.155</ele><time>2026-07-24T12:09:52Z</time><speed>0.827</speed><sat>18</sat></trkpt>
  <trkpt lat="26.41452000" lon="-80.16359500"><ele>8.055</ele><time>2026-07-24T12:09:53Z</time><speed>0.770</speed><sat>18</sat></trkpt>
  <trkpt lat="26.41449333" lon="-80.16360167"><ele>8.055</ele><time>2026-07-24T12:09:54Z</time><speed>0.875</speed><sat>18</sat></trkpt>
  <trkpt lat="26.41445833" lon="-80.16360333"><ele>8.155</ele><time>2026-07-24T12:09:55Z</time><speed>1.076</speed><sat>18</sat></trkpt>
  <trkpt lat="26.41442667" lon="-80.16359833"><ele>8.055</ele><time>2026-07-24T12:09:56Z</time><speed>1.344</speed><sat>18</sat></trkpt>
  <trkpt lat="26.41439500" lon="-80.16358667"><ele>7.855</ele><time>2026-07-24T12:09:57Z</time><speed>1.718</speed><sat>18</sat></trkpt>
  <trkpt lat="26.41436333" lon="-80.16357000"><ele>7.755</ele><time>2026-07-24T12:09:58Z</time><speed>2.113</speed><sat>18</sat></trkpt>
  <trkpt lat="26.41433500" lon="-80.16354667"><ele>7.655</ele><time>2026-07-24T12:09:59Z</time><speed>2.501</speed><sat>18</sat></trkpt>
  <trkpt lat="26.41430833" lon="-80.16351833"><ele>7.255</ele><time>2026-07-24T12:10:00Z</time><speed>2.908</speed><sat>18</sat></trkpt>
  <trkpt lat="26.41429333" lon="-80.16348000"><ele>6.855</ele><time>2026-07-24T12:10:01Z</time><speed>3.354</speed><sat>18</sat></trkpt>
  <trkpt lat="26.41427500" lon="-80.16344167"><ele>7.455</ele><time>2026-07-24T12:10:02Z</time><speed>3.701</speed><sat>18</sat></trkpt>
  <trkpt lat="26.41425667" lon="-80.16340333"><ele>7.655</ele><time>2026-07-24T12:10:03Z</time><speed>3.909</speed><sat>18</sat></trkpt>
  <trkpt lat="26.41423500" lon="-80.16336833"><ele>8.056</ele><time>2026-07-24T12:10:04Z</time><speed>3.974</speed><sat>18</sat></trkpt>
  <trkpt lat="26.41420667" lon="-80.16333667"><ele>7.456</ele><time>2026-07-24T12:10:05Z</time><speed>4.023</speed><sat>18</sat></trkpt>
  <trkpt lat="26.41418500" lon="-80.16330333"><ele>6.856</ele><time>2026-07-24T12:10:06Z</time><speed>4.065</speed><sat>18</sat></trkpt>
  <trkpt lat="26.41416500" lon="-80.16325833"><ele>7.456</ele><time>2026-07-24T12:10:07Z</time><speed>4.154</speed><sat>18</sat></trkpt>
  <trkpt lat="26.41415000" lon="-80.16322833"><ele>6.456</ele><time>2026-07-24T12:10:08Z</time><speed>4.217</speed><sat>18</sat></trkpt>
  <trkpt lat="26.41413333" lon="-80.16319333"><ele>5.256</ele><time>2026-07-24T12:10:09Z</time><speed>4.297</speed><sat>18</sat></trkpt>
  <trkpt lat="26.41411667" lon="-80.16315833"><ele>3.856</ele><time>2026-07-24T12:10:10Z</time><speed>4.351</speed><sat>18</sat></trkpt>
  <trkpt lat="26.41409667" lon="-80.16312333"><ele>2.556</ele><time>2026-07-24T12:10:11Z</time><speed>4.376</speed><sat>18</sat></trkpt>
  <trkpt lat="26.41407167" lon="-80.16307833"><ele>2.257</ele><time>2026-07-24T12:10:12Z</time><speed>4.428</speed><sat>18</sat></trkpt>
  <trkpt lat="26.41404667" lon="-80.16303333"><ele>2.057</ele><time>2026-07-24T12:10:13Z</time><speed>4.485</speed><sat>17</sat></trkpt>
  <trkpt lat="26.41402667" lon="-80.16299667"><ele>1.157</ele><time>2026-07-24T12:10:14Z</time><speed>4.585</speed><sat>18</sat></trkpt>
  <trkpt lat="26.41399667" lon="-80.16294500"><ele>0.457</ele><time>2026-07-24T12:10:15Z</time><speed>4.667</speed><sat>18</sat></trkpt>
  <trkpt lat="26.41397167" lon="-80.16290333"><ele>0.657</ele><time>2026-07-24T12:10:16Z</time><speed>4.749</speed><sat>17</sat></trkpt>
  <trkpt lat="26.41394833" lon="-80.16286000"><ele>1.057</ele><time>2026-07-24T12:10:17Z</time><speed>4.799</speed><sat>18</sat></trkpt>
  <trkpt lat="26.41392167" lon="-80.16281833"><ele>0.958</ele><time>2026-07-24T12:10:18Z</time><speed>4.858</speed><sat>18</sat></trkpt>
  <trkpt lat="26.41389333" lon="-80.16277333"><ele>1.958</ele><time>2026-07-24T12:10:19Z</time><speed>4.890</speed><sat>18</sat></trkpt>
  <trkpt lat="26.41386667" lon="-80.16273500"><ele>2.158</ele><time>2026-07-24T12:10:20Z</time><speed>4.905</speed><sat>18</sat></trkpt>
  <trkpt lat="26.41384333" lon="-80.16269833"><ele>1.158</ele><time>2026-07-24T12:10:21Z</time><speed>4.892</speed><sat>18</sat></trkpt>
  <trkpt lat="26.41381333" lon="-80.16265333"><ele>2.058</ele><time>2026-07-24T12:10:22Z</time><speed>4.893</speed><sat>18</sat></trkpt>
  <trkpt lat="26.41378833" lon="-80.16261667"><ele>1.058</ele><time>2026-07-24T12:10:23Z</time><speed>4.940</speed><sat>18</sat></trkpt>
  <trkpt lat="26.41375333" lon="-80.16256833"><ele>2.759</ele><time>2026-07-24T12:10:24Z</time><speed>4.978</speed><sat>18</sat></trkpt>
  <trkpt lat="26.41372333" lon="-80.16252667"><ele>2.459</ele><time>2026-07-24T12:10:25Z</time><speed>4.989</speed><sat>17</sat></trkpt>
  <trkpt lat="26.41370000" lon="-80.16249167"><ele>1.759</ele><time>2026-07-24T12:10:26Z</time><speed>4.962</speed><sat>18</sat></trkpt>
  <trkpt lat="26.41366667" lon="-80.16244667"><ele>2.059</ele><time>2026-07-24T12:10:27Z</time><speed>4.963</speed><sat>18</sat></trkpt>
  <trkpt lat="26.41363500" lon="-80.16240500"><ele>1.659</ele><time>2026-07-24T12:10:28Z</time><speed>4.954</speed><sat>18</sat></trkpt>
  <trkpt lat="26.41360333" lon="-80.16236333"><ele>0.959</ele><time>2026-07-24T12:10:29Z</time><speed>4.946</speed><sat>18</sat></trkpt>
  <trkpt lat="26.41357333" lon="-80.16232333"><ele>1.060</ele><time>2026-07-24T12:10:30Z</time><speed>4.951</speed><sat>18</sat></trkpt>
  <trkpt lat="26.41354500" lon="-80.16228333"><ele>1.160</ele><time>2026-07-24T12:10:31Z</time><speed>4.963</speed><sat>18</sat></trkpt>
  <trkpt lat="26.41351833" lon="-80.16225000"><ele>1.360</ele><time>2026-07-24T12:10:32Z</time><speed>4.903</speed><sat>18</sat></trkpt>
  <trkpt lat="26.41348833" lon="-80.16221833"><ele>1.660</ele><time>2026-07-24T12:10:33Z</time><speed>4.832</speed><sat>18</sat></trkpt>
  <trkpt lat="26.41346000" lon="-80.16218667"><ele>2.160</ele><time>2026-07-24T12:10:34Z</time><speed>4.792</speed><sat>18</sat></trkpt>
  <trkpt lat="26.41343500" lon="-80.16216167"><ele>2.560</ele><time>2026-07-24T12:10:35Z</time><speed>4.714</speed><sat>18</sat></trkpt>
  <trkpt lat="26.41341500" lon="-80.16214333"><ele>2.360</ele><time>2026-07-24T12:10:36Z</time><speed>4.557</speed><sat>18</sat></trkpt>
  <trkpt lat="26.41340500" lon="-80.16213000"><ele>2.360</ele><time>2026-07-24T12:10:37Z</time><speed>4.277</speed><sat>18</sat></trkpt>
  <trkpt lat="26.41338833" lon="-80.16211167"><ele>2.760</ele><time>2026-07-24T12:10:38Z</time><speed>4.070</speed><sat>18</sat></trkpt>
  <trkpt lat="26.41336833" lon="-80.16209167"><ele>2.860</ele><time>2026-07-24T12:10:39Z</time><speed>3.944</speed><sat>18</sat></trkpt>
  <trkpt lat="26.41334333" lon="-80.16206500"><ele>3.360</ele><time>2026-07-24T12:10:40Z</time><speed>3.860</speed><sat>18</sat></trkpt>
  <trkpt lat="26.41331833" lon="-80.16204167"><ele>2.861</ele><time>2026-07-24T12:10:41Z</time><speed>3.789</speed><sat>18</sat></trkpt>
  <trkpt lat="26.41329333" lon="-80.16201333"><ele>2.361</ele><time>2026-07-24T12:10:42Z</time><speed>3.773</speed><sat>18</sat></trkpt>
  <trkpt lat="26.41326833" lon="-80.16198667"><ele>2.261</ele><time>2026-07-24T12:10:43Z</time><speed>3.756</speed><sat>18</sat></trkpt>
  <trkpt lat="26.41323833" lon="-80.16195667"><ele>2.261</ele><time>2026-07-24T12:10:44Z</time><speed>3.731</speed><sat>18</sat></trkpt>
  <trkpt lat="26.41320833" lon="-80.16193000"><ele>1.861</ele><time>2026-07-24T12:10:45Z</time><speed>3.804</speed><sat>18</sat></trkpt>
  <trkpt lat="26.41317333" lon="-80.16189667"><ele>2.261</ele><time>2026-07-24T12:10:46Z</time><speed>3.947</speed><sat>18</sat></trkpt>
  <trkpt lat="26.41314167" lon="-80.16186333"><ele>2.561</ele><time>2026-07-24T12:10:47Z</time><speed>4.175</speed><sat>18</sat></trkpt>
  <trkpt lat="26.41311000" lon="-80.16183000"><ele>2.861</ele><time>2026-07-24T12:10:48Z</time><speed>4.350</speed><sat>18</sat></trkpt>
  <trkpt lat="26.41307667" lon="-80.16179500"><ele>3.461</ele><time>2026-07-24T12:10:49Z</time><speed>4.431</speed><sat>18</sat></trkpt>
  <trkpt lat="26.41304167" lon="-80.16176333"><ele>3.762</ele><time>2026-07-24T12:10:50Z</time><speed>4.515</speed><sat>18</sat></trkpt>
  <trkpt lat="26.41300667" lon="-80.16173333"><ele>4.062</ele><time>2026-07-24T12:10:51Z</time><speed>4.580</speed><sat>18</sat></trkpt>
  <trkpt lat="26.41297333" lon="-80.16170333"><ele>4.362</ele><time>2026-07-24T12:10:52Z</time><speed>4.648</speed><sat>18</sat></trkpt>
  <trkpt lat="26.41294000" lon="-80.16167333"><ele>4.662</ele><time>2026-07-24T12:10:53Z</time><speed>4.681</speed><sat>18</sat></trkpt>
  <trkpt lat="26.41290500" lon="-80.16164833"><ele>4.362</ele><time>2026-07-24T12:10:54Z</time><speed>4.679</speed><sat>17</sat></trkpt>
  <trkpt lat="26.41287500" lon="-80.16162500"><ele>4.362</ele><time>2026-07-24T12:10:55Z</time><speed>4.587</speed><sat>18</sat></trkpt>
  <trkpt lat="26.41284500" lon="-80.16160333"><ele>4.762</ele><time>2026-07-24T12:10:56Z</time><speed>4.494</speed><sat>18</sat></trkpt>
  <trkpt lat="26.41282167" lon="-80.16158667"><ele>3.962</ele><time>2026-07-24T12:10:57Z</time><speed>4.299</speed><sat>18</sat></trkpt>
  <trkpt lat="26.41280500" lon="-80.16157833"><ele>2.962</ele><time>2026-07-24T12:10:58Z</time><speed>4.012</speed><sat>18</sat></trkpt>
  <trkpt lat="26.41279333" lon="-80.16157167"><ele>2.962</ele><time>2026-07-24T12:10:59Z</time><speed>3.653</speed><sat>18</sat></trkpt>
  <trkpt lat="26.41278667" lon="-80.16157167"><ele>2.962</ele><time>2026-07-24T12:11:00Z</time><speed>3.192</speed><sat>18</sat></trkpt>
  <trkpt lat="26.41278167" lon="-80.16157000"><ele>3.362</ele><time>2026-07-24T12:11:01Z</time><speed>2.724</speed><sat>18</sat></trkpt>
  <trkpt lat="26.41278167" lon="-80.16157000"><ele>3.662</ele><time>2026-07-24T12:11:02Z</time><speed>2.245</speed><sat>17</sat></trkpt>
  <trkpt lat="26.41278167" lon="-80.16157167"><ele>3.962</ele><time>2026-07-24T12:11:03Z</time><speed>1.789</speed><sat>17</sat></trkpt>
  <trkpt lat="26.41278167" lon="-80.16157167"><ele>4.362</ele><time>2026-07-24T12:11:04Z</time><speed>1.353</speed><sat>17</sat></trkpt>
  <trkpt lat="26.41278167" lon="-80.16157500"><ele>4.562</ele><time>2026-07-24T12:11:05Z</time><speed>0.966</speed><sat>17</sat></trkpt>
  <trkpt lat="26.41278167" lon="-80.16157500"><ele>4.662</ele><time>2026-07-24T12:11:06Z</time><speed>0.614</speed><sat>17</sat></trkpt>
  <trkpt lat="26.41278000" lon="-80.16157167"><ele>4.762</ele><time>2026-07-24T12:11:07Z</time><speed>0.000</speed><sat>17</sat></trkpt>
  <trkpt lat="26.41277167" lon="-80.16156667"><ele>4.762</ele><time>2026-07-24T12:11:08Z</time><speed>0.000</speed><sat>17</sat></trkpt>
  <trkpt lat="26.41275167" lon="-80.16154000"><ele>4.862</ele><time>2026-07-24T12:11:09Z</time><speed>0.530</speed><sat>17</sat></trkpt>
  <trkpt lat="26.41273667" lon="-80.16150833"><ele>4.962</ele><time>2026-07-24T12:11:10Z</time><speed>0.854</speed><sat>17</sat></trkpt>
  <trkpt lat="26.41272500" lon="-80.16147167"><ele>5.163</ele><time>2026-07-24T12:11:11Z</time><speed>1.212</speed><sat>17</sat></trkpt>
  <trkpt lat="26.41272167" lon="-80.16143167"><ele>5.563</ele><time>2026-07-24T12:11:12Z</time><speed>1.605</speed><sat>17</sat></trkpt>
  <trkpt lat="26.41272333" lon="-80.16139000"><ele>5.763</ele><time>2026-07-24T12:11:13Z</time><speed>1.989</speed><sat>17</sat></trkpt>
  <trkpt lat="26.41272667" lon="-80.16134833"><ele>5.963</ele><time>2026-07-24T12:11:14Z</time><speed>2.381</speed><sat>18</sat></trkpt>
  <trkpt lat="26.41274167" lon="-80.16130500"><ele>6.663</ele><time>2026-07-24T12:11:15Z</time><speed>2.792</speed><sat>18</sat></trkpt>
  <trkpt lat="26.41276000" lon="-80.16126833"><ele>6.863</ele><time>2026-07-24T12:11:16Z</time><speed>3.189</speed><sat>18</sat></trkpt>
  <trkpt lat="26.41277833" lon="-80.16123167"><ele>7.364</ele><time>2026-07-24T12:11:17Z</time><speed>3.541</speed><sat>18</sat></trkpt>
  <trkpt lat="26.41280000" lon="-80.16119667"><ele>7.964</ele><time>2026-07-24T12:11:18Z</time><speed>3.784</speed><sat>18</sat></trkpt>
  <trkpt lat="26.41282000" lon="-80.16116167"><ele>8.264</ele><time>2026-07-24T12:11:19Z</time><speed>3.871</speed><sat>18</sat></trkpt>
  <trkpt lat="26.41284000" lon="-80.16112667"><ele>8.464</ele><time>2026-07-24T12:11:20Z</time><speed>3.920</speed><sat>18</sat></trkpt>
  <trkpt lat="26.41285833" lon="-80.16109333"><ele>8.764</ele><time>2026-07-24T12:11:21Z</time><speed>3.970</speed><sat>18</sat></trkpt>
  <trkpt lat="26.41287833" lon="-80.16106000"><ele>8.764</ele><time>2026-07-24T12:11:22Z</time><speed>3.977</speed><sat>18</sat></trkpt>
  <trkpt lat="26.41289833" lon="-80.16103000"><ele>8.964</ele><time>2026-07-24T12:11:23Z</time><speed>3.979</speed><sat>18</sat></trkpt>
  <trkpt lat="26.41291833" lon="-80.16099667"><ele>9.365</ele><time>2026-07-24T12:11:24Z</time><speed>4.015</speed><sat>18</sat></trkpt>
  <trkpt lat="26.41293833" lon="-80.16096167"><ele>9.565</ele><time>2026-07-24T12:11:25Z</time><speed>4.010</speed><sat>18</sat></trkpt>
  <trkpt lat="26.41296000" lon="-80.16092667"><ele>9.365</ele><time>2026-07-24T12:11:26Z</time><speed>4.060</speed><sat>18</sat></trkpt>
  <trkpt lat="26.41298167" lon="-80.16088833"><ele>9.265</ele><time>2026-07-24T12:11:27Z</time><speed>4.141</speed><sat>18</sat></trkpt>
  <trkpt lat="26.41300500" lon="-80.16085000"><ele>9.165</ele><time>2026-07-24T12:11:28Z</time><speed>4.243</speed><sat>18</sat></trkpt>
  <trkpt lat="26.41302833" lon="-80.16081333"><ele>8.865</ele><time>2026-07-24T12:11:29Z</time><speed>4.295</speed><sat>18</sat></trkpt>
  <trkpt lat="26.41304833" lon="-80.16077333"><ele>8.966</ele><time>2026-07-24T12:11:30Z</time><speed>4.362</speed><sat>18</sat></trkpt>
  <trkpt lat="26.41307000" lon="-80.16073667"><ele>8.866</ele><time>2026-07-24T12:11:31Z</time><speed>4.424</speed><sat>18</sat></trkpt>
  <trkpt lat="26.41309500" lon="-80.16069833"><ele>8.766</ele><time>2026-07-24T12:11:32Z</time><speed>4.492</speed><sat>18</sat></trkpt>
  <trkpt lat="26.41311833" lon="-80.16066333"><ele>8.166</ele><time>2026-07-24T12:11:33Z</time><speed>4.557</speed><sat>18</sat></trkpt>
  <trkpt lat="26.41313833" lon="-80.16062333"><ele>7.966</ele><time>2026-07-24T12:11:34Z</time><speed>4.568</speed><sat>18</sat></trkpt>
  <trkpt lat="26.41315833" lon="-80.16058167"><ele>7.666</ele><time>2026-07-24T12:11:35Z</time><speed>4.624</speed><sat>18</sat></trkpt>
  <trkpt lat="26.41317667" lon="-80.16054167"><ele>7.267</ele><time>2026-07-24T12:11:36Z</time><speed>4.615</speed><sat>18</sat></trkpt>
  <trkpt lat="26.41319833" lon="-80.16050500"><ele>7.067</ele><time>2026-07-24T12:11:37Z</time><speed>4.548</speed><sat>18</sat></trkpt>
  <trkpt lat="26.41321833" lon="-80.16047167"><ele>7.067</ele><time>2026-07-24T12:11:38Z</time><speed>4.462</speed><sat>18</sat></trkpt>
  <trkpt lat="26.41323500" lon="-80.16043833"><ele>7.267</ele><time>2026-07-24T12:11:39Z</time><speed>4.373</speed><sat>18</sat></trkpt>
  <trkpt lat="26.41324833" lon="-80.16041000"><ele>7.467</ele><time>2026-07-24T12:11:40Z</time><speed>4.202</speed><sat>18</sat></trkpt>
  <trkpt lat="26.41325833" lon="-80.16038833"><ele>7.767</ele><time>2026-07-24T12:11:41Z</time><speed>3.930</speed><sat>18</sat></trkpt>
  <trkpt lat="26.41326167" lon="-80.16037167"><ele>10.067</ele><time>2026-07-24T12:11:42Z</time><speed>3.552</speed><sat>17</sat></trkpt>
  <trkpt lat="26.41326167" lon="-80.16036500"><ele>10.367</ele><time>2026-07-24T12:11:43Z</time><speed>3.132</speed><sat>18</sat></trkpt>
  <trkpt lat="26.41326000" lon="-80.16036167"><ele>10.767</ele><time>2026-07-24T12:11:44Z</time><speed>2.699</speed><sat>17</sat></trkpt>
  <trkpt lat="26.41325833" lon="-80.16036167"><ele>10.867</ele><time>2026-07-24T12:11:45Z</time><speed>2.243</speed><sat>17</sat></trkpt>
  <trkpt lat="26.41326167" lon="-80.16035833"><ele>10.967</ele><time>2026-07-24T12:11:46Z</time><speed>1.806</speed><sat>18</sat></trkpt>
  <trkpt lat="26.41326500" lon="-80.16035333"><ele>10.767</ele><time>2026-07-24T12:11:47Z</time><speed>1.409</speed><sat>18</sat></trkpt>
  <trkpt lat="26.41326667" lon="-80.16034667"><ele>10.567</ele><time>2026-07-24T12:11:48Z</time><speed>1.076</speed><sat>18</sat></trkpt>
  <trkpt lat="26.41327000" lon="-80.16033667"><ele>10.368</ele><time>2026-07-24T12:11:49Z</time><speed>0.790</speed><sat>18</sat></trkpt>
  <trkpt lat="26.41327167" lon="-80.16032000"><ele>10.368</ele><time>2026-07-24T12:11:50Z</time><speed>0.650</speed><sat>18</sat></trkpt>
  <trkpt lat="26.41326333" lon="-80.16029833"><ele>10.068</ele><time>2026-07-24T12:11:51Z</time><speed>0.660</speed><sat>17</sat></trkpt>
  <trkpt lat="26.41324333" lon="-80.16027167"><ele>9.868</ele><time>2026-07-24T12:11:52Z</time><speed>0.874</speed><sat>18</sat></trkpt>
  <trkpt lat="26.41321667" lon="-80.16024500"><ele>9.768</ele><time>2026-07-24T12:11:53Z</time><speed>1.217</speed><sat>18</sat></trkpt>
  <trkpt lat="26.41318833" lon="-80.16022000"><ele>9.768</ele><time>2026-07-24T12:11:54Z</time><speed>1.526</speed><sat>18</sat></trkpt>
  <trkpt lat="26.41315667" lon="-80.16019500"><ele>9.468</ele><time>2026-07-24T12:11:55Z</time><speed>1.933</speed><sat>18</sat></trkpt>
  <trkpt lat="26.41312333" lon="-80.16017167"><ele>9.168</ele><time>2026-07-24T12:11:56Z</time><speed>2.343</speed><sat>18</sat></trkpt>
  <trkpt lat="26.41308667" lon="-80.16014833"><ele>8.368</ele><time>2026-07-24T12:11:57Z</time><speed>2.733</speed><sat>18</sat></trkpt>
  <trkpt lat="26.41305167" lon="-80.16012500"><ele>7.568</ele><time>2026-07-24T12:11:58Z</time><speed>3.087</speed><sat>18</sat></trkpt>
  <trkpt lat="26.41302500" lon="-80.16011167"><ele>5.868</ele><time>2026-07-24T12:11:59Z</time><speed>3.424</speed><sat>18</sat></trkpt>
  <trkpt lat="26.41299000" lon="-80.16008667"><ele>5.468</ele><time>2026-07-24T12:12:00Z</time><speed>3.684</speed><sat>18</sat></trkpt>
  <trkpt lat="26.41295500" lon="-80.16006000"><ele>4.768</ele><time>2026-07-24T12:12:01Z</time><speed>3.908</speed><sat>18</sat></trkpt>
  <trkpt lat="26.41292333" lon="-80.16003333"><ele>4.569</ele><time>2026-07-24T12:12:02Z</time><speed>4.037</speed><sat>18</sat></trkpt>
  <trkpt lat="26.41289000" lon="-80.16001500"><ele>4.069</ele><time>2026-07-24T12:12:03Z</time><speed>4.105</speed><sat>18</sat></trkpt>
  <trkpt lat="26.41285667" lon="-80.15999833"><ele>3.569</ele><time>2026-07-24T12:12:04Z</time><speed>4.228</speed><sat>18</sat></trkpt>
  <trkpt lat="26.41281500" lon="-80.15998000"><ele>3.969</ele><time>2026-07-24T12:12:05Z</time><speed>4.259</speed><sat>18</sat></trkpt>
  <trkpt lat="26.41277667" lon="-80.15996167"><ele>3.969</ele><time>2026-07-24T12:12:06Z</time><speed>4.271</speed><sat>18</sat></trkpt>
  <trkpt lat="26.41274333" lon="-80.15994833"><ele>3.569</ele><time>2026-07-24T12:12:07Z</time><speed>4.305</speed><sat>18</sat></trkpt>
  <trkpt lat="26.41270833" lon="-80.15993333"><ele>3.469</ele><time>2026-07-24T12:12:08Z</time><speed>4.305</speed><sat>18</sat></trkpt>
  <trkpt lat="26.41267167" lon="-80.15992333"><ele>2.769</ele><time>2026-07-24T12:12:09Z</time><speed>4.326</speed><sat>18</sat></trkpt>
  <trkpt lat="26.41264000" lon="-80.15991333"><ele>3.069</ele><time>2026-07-24T12:12:10Z</time><speed>4.338</speed><sat>18</sat></trkpt>
  <trkpt lat="26.41260667" lon="-80.15991167"><ele>3.369</ele><time>2026-07-24T12:12:11Z</time><speed>4.321</speed><sat>18</sat></trkpt>
  <trkpt lat="26.41256500" lon="-80.15990000"><ele>3.869</ele><time>2026-07-24T12:12:12Z</time><speed>4.314</speed><sat>18</sat></trkpt>
  <trkpt lat="26.41252167" lon="-80.15989000"><ele>3.669</ele><time>2026-07-24T12:12:13Z</time><speed>4.308</speed><sat>18</sat></trkpt>
  <trkpt lat="26.41248167" lon="-80.15987833"><ele>3.569</ele><time>2026-07-24T12:12:14Z</time><speed>4.289</speed><sat>18</sat></trkpt>
  <trkpt lat="26.41244167" lon="-80.15987667"><ele>3.369</ele><time>2026-07-24T12:12:15Z</time><speed>4.296</speed><sat>18</sat></trkpt>
  <trkpt lat="26.41240000" lon="-80.15987000"><ele>3.269</ele><time>2026-07-24T12:12:16Z</time><speed>4.336</speed><sat>18</sat></trkpt>
  <trkpt lat="26.41236000" lon="-80.15985167"><ele>3.669</ele><time>2026-07-24T12:12:17Z</time><speed>4.362</speed><sat>18</sat></trkpt>
  <trkpt lat="26.41232167" lon="-80.15984333"><ele>3.169</ele><time>2026-07-24T12:12:18Z</time><speed>4.396</speed><sat>18</sat></trkpt>
  <trkpt lat="26.41228167" lon="-80.15982333"><ele>3.269</ele><time>2026-07-24T12:12:19Z</time><speed>4.392</speed><sat>18</sat></trkpt>
  <trkpt lat="26.41224333" lon="-80.15980833"><ele>3.169</ele><time>2026-07-24T12:12:20Z</time><speed>4.375</speed><sat>18</sat></trkpt>
  <trkpt lat="26.41220667" lon="-80.15979833"><ele>3.169</ele><time>2026-07-24T12:12:21Z</time><speed>4.347</speed><sat>18</sat></trkpt>
  <trkpt lat="26.41216833" lon="-80.15978500"><ele>2.869</ele><time>2026-07-24T12:12:22Z</time><speed>4.324</speed><sat>18</sat></trkpt>
  <trkpt lat="26.41211500" lon="-80.15976167"><ele>3.569</ele><time>2026-07-24T12:12:23Z</time><speed>4.342</speed><sat>18</sat></trkpt>
  <trkpt lat="26.41206167" lon="-80.15975000"><ele>4.769</ele><time>2026-07-24T12:12:24Z</time><speed>4.373</speed><sat>18</sat></trkpt>
  <trkpt lat="26.41202667" lon="-80.15975000"><ele>4.269</ele><time>2026-07-24T12:12:25Z</time><speed>4.395</speed><sat>18</sat></trkpt>
  <trkpt lat="26.41198167" lon="-80.15974667"><ele>4.869</ele><time>2026-07-24T12:12:26Z</time><speed>4.395</speed><sat>18</sat></trkpt>
  <trkpt lat="26.41193333" lon="-80.15974167"><ele>5.469</ele><time>2026-07-24T12:12:27Z</time><speed>4.402</speed><sat>18</sat></trkpt>
  <trkpt lat="26.41189167" lon="-80.15973833"><ele>5.669</ele><time>2026-07-24T12:12:28Z</time><speed>4.409</speed><sat>18</sat></trkpt>
  <trkpt lat="26.41185333" lon="-80.15973333"><ele>6.069</ele><time>2026-07-24T12:12:29Z</time><speed>4.438</speed><sat>18</sat></trkpt>
  <trkpt lat="26.41181500" lon="-80.15971167"><ele>6.569</ele><time>2026-07-24T12:12:30Z</time><speed>4.477</speed><sat>18</sat></trkpt>
  <trkpt lat="26.41177333" lon="-80.15969500"><ele>6.769</ele><time>2026-07-24T12:12:31Z</time><speed>4.550</speed><sat>18</sat></trkpt>
  <trkpt lat="26.41173167" lon="-80.15967167"><ele>6.469</ele><time>2026-07-24T12:12:32Z</time><speed>4.587</speed><sat>18</sat></trkpt>
  <trkpt lat="26.41169833" lon="-80.15965000"><ele>6.169</ele><time>2026-07-24T12:12:33Z</time><speed>4.577</speed><sat>18</sat></trkpt>
  <trkpt lat="26.41165833" lon="-80.15962167"><ele>6.270</ele><time>2026-07-24T12:12:34Z</time><speed>4.583</speed><sat>18</sat></trkpt>
  <trkpt lat="26.41162000" lon="-80.15958833"><ele>6.470</ele><time>2026-07-24T12:12:35Z</time><speed>4.620</speed><sat>18</sat></trkpt>
  <trkpt lat="26.41159000" lon="-80.15955833"><ele>6.370</ele><time>2026-07-24T12:12:36Z</time><speed>4.613</speed><sat>17</sat></trkpt>
  <trkpt lat="26.41156000" lon="-80.15952833"><ele>6.370</ele><time>2026-07-24T12:12:37Z</time><speed>4.632</speed><sat>18</sat></trkpt>
  <trkpt lat="26.41153167" lon="-80.15949167"><ele>6.670</ele><time>2026-07-24T12:12:38Z</time><speed>4.604</speed><sat>18</sat></trkpt>
  <trkpt lat="26.41150667" lon="-80.15946333"><ele>6.570</ele><time>2026-07-24T12:12:39Z</time><speed>4.521</speed><sat>17</sat></trkpt>
  <trkpt lat="26.41147333" lon="-80.15943833"><ele>6.570</ele><time>2026-07-24T12:12:40Z</time><speed>4.475</speed><sat>17</sat></trkpt>
  <trkpt lat="26.41144667" lon="-80.15941167"><ele>6.170</ele><time>2026-07-24T12:12:41Z</time><speed>4.415</speed><sat>18</sat></trkpt>
  <trkpt lat="26.41142167" lon="-80.15938000"><ele>5.670</ele><time>2026-07-24T12:12:42Z</time><speed>4.404</speed><sat>17</sat></trkpt>
  <trkpt lat="26.41140167" lon="-80.15934500"><ele>5.371</ele><time>2026-07-24T12:12:43Z</time><speed>4.364</speed><sat>18</sat></trkpt>
  <trkpt lat="26.41138333" lon="-80.15930500"><ele>5.871</ele><time>2026-07-24T12:12:44Z</time><speed>4.319</speed><sat>18</sat></trkpt>
  <trkpt lat="26.41136833" lon="-80.15926833"><ele>6.171</ele><time>2026-07-24T12:12:45Z</time><speed>4.155</speed><sat>18</sat></trkpt>
  <trkpt lat="26.41136000" lon="-80.15925000"><ele>5.871</ele><time>2026-07-24T12:12:46Z</time><speed>3.906</speed><sat>18</sat></trkpt>
  <trkpt lat="26.41136167" lon="-80.15924333"><ele>4.971</ele><time>2026-07-24T12:12:47Z</time><speed>3.564</speed><sat>18</sat></trkpt>
  <trkpt lat="26.41135833" lon="-80.15923167"><ele>5.271</ele><time>2026-07-24T12:12:48Z</time><speed>3.200</speed><sat>18</sat></trkpt>
  <trkpt lat="26.41136000" lon="-80.15923000"><ele>5.471</ele><time>2026-07-24T12:12:49Z</time><speed>2.843</speed><sat>18</sat></trkpt>
  <trkpt lat="26.41135833" lon="-80.15923000"><ele>5.771</ele><time>2026-07-24T12:12:50Z</time><speed>2.446</speed><sat>18</sat></trkpt>
  <trkpt lat="26.41135833" lon="-80.15923167"><ele>6.071</ele><time>2026-07-24T12:12:51Z</time><speed>2.043</speed><sat>18</sat></trkpt>
  <trkpt lat="26.41135500" lon="-80.15923000"><ele>6.071</ele><time>2026-07-24T12:12:52Z</time><speed>1.613</speed><sat>18</sat></trkpt>
  <trkpt lat="26.41135500" lon="-80.15923000"><ele>5.971</ele><time>2026-07-24T12:12:53Z</time><speed>1.215</speed><sat>18</sat></trkpt>
  <trkpt lat="26.41135167" lon="-80.15923000"><ele>5.971</ele><time>2026-07-24T12:12:54Z</time><speed>0.808</speed><sat>18</sat></trkpt>
  <trkpt lat="26.41135000" lon="-80.15923000"><ele>6.071</ele><time>2026-07-24T12:12:55Z</time><speed>0.465</speed><sat>18</sat></trkpt>
  <trkpt lat="26.41135000" lon="-80.15923167"><ele>5.971</ele><time>2026-07-24T12:12:56Z</time><speed>0.000</speed><sat>18</sat></trkpt>
  <trkpt lat="26.41134833" lon="-80.15923333"><ele>5.871</ele><time>2026-07-24T12:12:57Z</time><speed>0.000</speed><sat>18</sat></trkpt>
  <trkpt lat="26.41134500" lon="-80.15923333"><ele>5.671</ele><time>2026-07-24T12:12:58Z</time><speed>0.000</speed><sat>18</sat></trkpt>
  <trkpt lat="26.41134500" lon="-80.15923333"><ele>5.671</ele><time>2026-07-24T12:12:59Z</time><speed>0.000</speed><sat>18</sat></trkpt>
  <trkpt lat="26.41134500" lon="-80.15923333"><ele>5.671</ele><time>2026-07-24T12:13:00Z</time><speed>0.000</speed><sat>18</sat></trkpt>
  <trkpt lat="26.41134500" lon="-80.15923333"><ele>5.671</ele><time>2026-07-24T12:13:01Z</time><speed>0.000</speed><sat>18</sat></trkpt>
  <trkpt lat="26.41134500" lon="-80.15923333"><ele>5.671</ele><time>2026-07-24T12:13:02Z</time><speed>0.000</speed><sat>18</sat></trkpt>
  <trkpt lat="26.41134500" lon="-80.15923333"><ele>5.671</ele><time>2026-07-24T12:13:03Z</time><speed>0.000</speed><sat>18</sat></trkpt>
  <trkpt lat="26.41134500" lon="-80.15923333"><ele>5.671</ele><time>2026-07-24T12:13:04Z</time><speed>0.000</speed><sat>17</sat></trkpt>
  <trkpt lat="26.41134500" lon="-80.15923333"><ele>5.671</ele><time>2026-07-24T12:13:05Z</time><speed>0.000</speed><sat>17</sat></trkpt>
  <trkpt lat="26.41134500" lon="-80.15923333"><ele>5.671</ele><time>2026-07-24T12:13:06Z</time><speed>0.000</speed><sat>17</sat></trkpt>
  <trkpt lat="26.41134500" lon="-80.15923333"><ele>5.671</ele><time>2026-07-24T12:13:07Z</time><speed>0.000</speed><sat>17</sat></trkpt>
  <trkpt lat="26.41134500" lon="-80.15923333"><ele>5.671</ele><time>2026-07-24T12:13:08Z</time><speed>0.000</speed><sat>17</sat></trkpt>
  <trkpt lat="26.41134500" lon="-80.15923333"><ele>5.671</ele><time>2026-07-24T12:13:09Z</time><speed>0.000</speed><sat>17</sat></trkpt>
  <trkpt lat="26.41134500" lon="-80.15923333"><ele>5.671</ele><time>2026-07-24T12:13:10Z</time><speed>0.000</speed><sat>17</sat></trkpt>
  <trkpt lat="26.41134500" lon="-80.15923333"><ele>5.671</ele><time>2026-07-24T12:13:11Z</time><speed>0.000</speed><sat>17</sat></trkpt>
  <trkpt lat="26.41134500" lon="-80.15923333"><ele>5.671</ele><time>2026-07-24T12:13:12Z</time><speed>0.000</speed><sat>18</sat></trkpt>
  <trkpt lat="26.41134500" lon="-80.15923333"><ele>5.671</ele><time>2026-07-24T12:13:13Z</time><speed>0.000</speed><sat>18</sat></trkpt>
  <trkpt lat="26.41134500" lon="-80.15923333"><ele>5.671</ele><time>2026-07-24T12:13:14Z</time><speed>0.000</speed><sat>18</sat></trkpt>
  <trkpt lat="26.41134500" lon="-80.15923333"><ele>5.671</ele><time>2026-07-24T12:13:15Z</time><speed>0.000</speed><sat>18</sat></trkpt>
  <trkpt lat="26.41134500" lon="-80.15923333"><ele>5.671</ele><time>2026-07-24T12:13:16Z</time><speed>0.000</speed><sat>18</sat></trkpt>
  <trkpt lat="26.41134500" lon="-80.15923333"><ele>5.671</ele><time>2026-07-24T12:13:17Z</time><speed>0.000</speed><sat>18</sat></trkpt>
  <trkpt lat="26.41134500" lon="-80.15923333"><ele>5.671</ele><time>2026-07-24T12:13:18Z</time><speed>0.000</speed><sat>18</sat></trkpt>
  <trkpt lat="26.41134500" lon="-80.15923333"><ele>5.671</ele><time>2026-07-24T12:13:19Z</time><speed>0.000</speed><sat>18</sat></trkpt>
  <trkpt lat="26.41134500" lon="-80.15923333"><ele>5.671</ele><time>2026-07-24T12:13:20Z</time><speed>0.000</speed><sat>18</sat></trkpt>
  <trkpt lat="26.41134500" lon="-80.15923333"><ele>5.671</ele><time>2026-07-24T12:13:21Z</time><speed>0.000</speed><sat>18</sat></trkpt>
  <trkpt lat="26.41134500" lon="-80.15923333"><ele>5.671</ele><time>2026-07-24T12:13:22Z</time><speed>0.000</speed><sat>18</sat></trkpt>
  <trkpt lat="26.41134500" lon="-80.15923333"><ele>5.671</ele><time>2026-07-24T12:13:23Z</time><speed>0.000</speed><sat>18</sat></trkpt>
  <trkpt lat="26.41134500" lon="-80.15923333"><ele>5.671</ele><time>2026-07-24T12:13:24Z</time><speed>0.000</speed><sat>18</sat></trkpt>
  <trkpt lat="26.41134500" lon="-80.15923333"><ele>5.671</ele><time>2026-07-24T12:13:25Z</time><speed>0.000</speed><sat>18</sat></trkpt>
  <trkpt lat="26.41134500" lon="-80.15923333"><ele>5.671</ele><time>2026-07-24T12:13:26Z</time><speed>0.000</speed><sat>18</sat></trkpt>
  <trkpt lat="26.41134500" lon="-80.15923333"><ele>5.671</ele><time>2026-07-24T12:13:27Z</time><speed>0.000</speed><sat>18</sat></trkpt>
  <trkpt lat="26.41134500" lon="-80.15923333"><ele>5.671</ele><time>2026-07-24T12:13:28Z</time><speed>0.000</speed><sat>18</sat></trkpt>
  <trkpt lat="26.41134500" lon="-80.15923333"><ele>5.671</ele><time>2026-07-24T12:13:29Z</time><speed>0.000</speed><sat>18</sat></trkpt>
  <trkpt lat="26.41134500" lon="-80.15923333"><ele>5.671</ele><time>2026-07-24T12:13:30Z</time><speed>0.000</speed><sat>18</sat></trkpt>
  <trkpt lat="26.41134500" lon="-80.15923333"><ele>5.671</ele><time>2026-07-24T12:13:31Z</time><speed>0.000</speed><sat>18</sat></trkpt>
  <trkpt lat="26.41134500" lon="-80.15923333"><ele>5.671</ele><time>2026-07-24T12:13:32Z</time><speed>0.000</speed><sat>18</sat></trkpt>
  <trkpt lat="26.41134500" lon="-80.15923333"><ele>5.671</ele><time>2026-07-24T12:13:33Z</time><speed>0.000</speed><sat>18</sat></trkpt>
  <trkpt lat="26.41134500" lon="-80.15923333"><ele>5.671</ele><time>2026-07-24T12:13:34Z</time><speed>0.000</speed><sat>18</sat></trkpt>
  <trkpt lat="26.41134500" lon="-80.15923333"><ele>5.671</ele><time>2026-07-24T12:13:35Z</time><speed>0.000</speed><sat>18</sat></trkpt>
  <trkpt lat="26.41134500" lon="-80.15923333"><ele>5.671</ele><time>2026-07-24T12:13:36Z</time><speed>0.000</speed><sat>18</sat></trkpt>
  <trkpt lat="26.41134500" lon="-80.15923333"><ele>5.671</ele><time>2026-07-24T12:13:37Z</time><speed>0.000</speed><sat>18</sat></trkpt>
  <trkpt lat="26.41134500" lon="-80.15923333"><ele>5.671</ele><time>2026-07-24T12:13:38Z</time><speed>0.000</speed><sat>18</sat></trkpt>
  <trkpt lat="26.41134500" lon="-80.15923333"><ele>5.671</ele><time>2026-07-24T12:13:39Z</time><speed>0.000</speed><sat>18</sat></trkpt>
  <trkpt lat="26.41134500" lon="-80.15923333"><ele>5.671</ele><time>2026-07-24T12:13:40Z</time><speed>0.000</speed><sat>18</sat></trkpt>
  <trkpt lat="26.41134500" lon="-80.15923333"><ele>5.671</ele><time>2026-07-24T12:13:41Z</time><speed>0.000</speed><sat>18</sat></trkpt>
  <trkpt lat="26.41134500" lon="-80.15923333"><ele>5.671</ele><time>2026-07-24T12:13:42Z</time><speed>0.000</speed><sat>18</sat></trkpt>
  <trkpt lat="26.41134500" lon="-80.15923333"><ele>5.671</ele><time>2026-07-24T12:13:43Z</time><speed>0.000</speed><sat>18</sat></trkpt>
  <trkpt lat="26.41134500" lon="-80.15923333"><ele>5.671</ele><time>2026-07-24T12:13:44Z</time><speed>0.000</speed><sat>18</sat></trkpt>
  <trkpt lat="26.41134500" lon="-80.15923333"><ele>5.671</ele><time>2026-07-24T12:13:45Z</time><speed>0.000</speed><sat>18</sat></trkpt>
  <trkpt lat="26.41134500" lon="-80.15923333"><ele>5.671</ele><time>2026-07-24T12:13:46Z</time><speed>0.000</speed><sat>18</sat></trkpt>
  <trkpt lat="26.41134500" lon="-80.15923333"><ele>5.671</ele><time>2026-07-24T12:13:47Z</time><speed>0.000</speed><sat>18</sat></trkpt>
  <trkpt lat="26.41134500" lon="-80.15923333"><ele>5.671</ele><time>2026-07-24T12:13:48Z</time><speed>0.000</speed><sat>18</sat></trkpt>
  <trkpt lat="26.41134500" lon="-80.15923333"><ele>5.671</ele><time>2026-07-24T12:13:49Z</time><speed>0.000</speed><sat>18</sat></trkpt>
  <trkpt lat="26.41134500" lon="-80.15923333"><ele>5.671</ele><time>2026-07-24T12:13:50Z</time><speed>0.000</speed><sat>18</sat></trkpt>
  <trkpt lat="26.41134500" lon="-80.15923333"><ele>5.671</ele><time>2026-07-24T12:13:51Z</time><speed>0.000</speed><sat>18</sat></trkpt>
  <trkpt lat="26.41134500" lon="-80.15923333"><ele>5.671</ele><time>2026-07-24T12:13:52Z</time><speed>0.000</speed><sat>18</sat></trkpt>
  <trkpt lat="26.41131333" lon="-80.15921667"><ele>8.171</ele><time>2026-07-24T12:13:53Z</time><speed>0.254</speed><sat>18</sat></trkpt>
  <trkpt lat="26.41131333" lon="-80.15920500"><ele>7.871</ele><time>2026-07-24T12:13:54Z</time><speed>0.412</speed><sat>18</sat></trkpt>
  <trkpt lat="26.41131167" lon="-80.15919333"><ele>7.771</ele><time>2026-07-24T12:13:55Z</time><speed>0.540</speed><sat>18</sat></trkpt>
  <trkpt lat="26.41131167" lon="-80.15918167"><ele>7.871</ele><time>2026-07-24T12:13:56Z</time><speed>0.623</speed><sat>18</sat></trkpt>
  <trkpt lat="26.41131000" lon="-80.15917333"><ele>7.771</ele><time>2026-07-24T12:13:57Z</time><speed>0.713</speed><sat>19</sat></trkpt>
  <trkpt lat="26.41131167" lon="-80.15916167"><ele>7.571</ele><time>2026-07-24T12:13:58Z</time><speed>0.790</speed><sat>18</sat></trkpt>
  <trkpt lat="26.41131167" lon="-80.15915167"><ele>7.471</ele><time>2026-07-24T12:13:59Z</time><speed>0.866</speed><sat>18</sat></trkpt>
  <trkpt lat="26.41130833" lon="-80.15914167"><ele>7.671</ele><time>2026-07-24T12:14:00Z</time><speed>0.935</speed><sat>18</sat></trkpt>
  <trkpt lat="26.41131000" lon="-80.15913000"><ele>7.971</ele><time>2026-07-24T12:14:01Z</time><speed>1.019</speed><sat>18</sat></trkpt>
  <trkpt lat="26.41130833" lon="-80.15911833"><ele>8.171</ele><time>2026-07-24T12:14:02Z</time><speed>1.051</speed><sat>18</sat></trkpt>
  <trkpt lat="26.41130667" lon="-80.15910167"><ele>8.272</ele><time>2026-07-24T12:14:03Z</time><speed>1.081</speed><sat>18</sat></trkpt>
  <trkpt lat="26.41130500" lon="-80.15907500"><ele>8.572</ele><time>2026-07-24T12:14:04Z</time><speed>1.174</speed><sat>18</sat></trkpt>
  <trkpt lat="26.41130500" lon="-80.15904333"><ele>8.272</ele><time>2026-07-24T12:14:05Z</time><speed>1.332</speed><sat>18</sat></trkpt>
  <trkpt lat="26.41130500" lon="-80.15901333"><ele>8.072</ele><time>2026-07-24T12:14:06Z</time><speed>1.560</speed><sat>18</sat></trkpt>
  <trkpt lat="26.41130500" lon="-80.15897833"><ele>8.872</ele><time>2026-07-24T12:14:07Z</time><speed>1.809</speed><sat>18</sat></trkpt>
  <trkpt lat="26.41130667" lon="-80.15894333"><ele>9.272</ele><time>2026-07-24T12:14:08Z</time><speed>2.062</speed><sat>18</sat></trkpt>
  <trkpt lat="26.41130500" lon="-80.15891000"><ele>9.372</ele><time>2026-07-24T12:14:09Z</time><speed>2.328</speed><sat>18</sat></trkpt>
  <trkpt lat="26.41131000" lon="-80.15887500"><ele>9.172</ele><time>2026-07-24T12:14:10Z</time><speed>2.593</speed><sat>18</sat></trkpt>
  <trkpt lat="26.41131333" lon="-80.15884000"><ele>8.873</ele><time>2026-07-24T12:14:11Z</time><speed>2.837</speed><sat>18</sat></trkpt>
  <trkpt lat="26.41132333" lon="-80.15880833"><ele>8.073</ele><time>2026-07-24T12:14:12Z</time><speed>3.099</speed><sat>18</sat></trkpt>
  <trkpt lat="26.41133167" lon="-80.15877333"><ele>8.073</ele><time>2026-07-24T12:14:13Z</time><speed>3.287</speed><sat>18</sat></trkpt>
  <trkpt lat="26.41134333" lon="-80.15874167"><ele>8.373</ele><time>2026-07-24T12:14:14Z</time><speed>3.396</speed><sat>18</sat></trkpt>
  <trkpt lat="26.41135333" lon="-80.15870833"><ele>8.373</ele><time>2026-07-24T12:14:15Z</time><speed>3.456</speed><sat>19</sat></trkpt>
  <trkpt lat="26.41136667" lon="-80.15867667"><ele>8.073</ele><time>2026-07-24T12:14:16Z</time><speed>3.500</speed><sat>18</sat></trkpt>
  <trkpt lat="26.41138333" lon="-80.15864667"><ele>7.773</ele><time>2026-07-24T12:14:17Z</time><speed>3.498</speed><sat>19</sat></trkpt>
  <trkpt lat="26.41140167" lon="-80.15861500"><ele>7.474</ele><time>2026-07-24T12:14:18Z</time><speed>3.563</speed><sat>18</sat></trkpt>
  <trkpt lat="26.41142167" lon="-80.15858333"><ele>7.274</ele><time>2026-07-24T12:14:19Z</time><speed>3.613</speed><sat>19</sat></trkpt>
  <trkpt lat="26.41144167" lon="-80.15855000"><ele>7.274</ele><time>2026-07-24T12:14:20Z</time><speed>3.672</speed><sat>19</sat></trkpt>
  <trkpt lat="26.41146000" lon="-80.15851500"><ele>7.274</ele><time>2026-07-24T12:14:21Z</time><speed>3.729</speed><sat>18</sat></trkpt>
  <trkpt lat="26.41148000" lon="-80.15847833"><ele>6.974</ele><time>2026-07-24T12:14:22Z</time><speed>3.798</speed><sat>18</sat></trkpt>
  <trkpt lat="26.41150000" lon="-80.15844333"><ele>6.774</ele><time>2026-07-24T12:14:23Z</time><speed>3.839</speed><sat>18</sat></trkpt>
  <trkpt lat="26.41152167" lon="-80.15840833"><ele>6.574</ele><time>2026-07-24T12:14:24Z</time><speed>3.895</speed><sat>19</sat></trkpt>
  <trkpt lat="26.41154333" lon="-80.15837667"><ele>6.175</ele><time>2026-07-24T12:14:25Z</time><speed>3.966</speed><sat>19</sat></trkpt>
  <trkpt lat="26.41156333" lon="-80.15834333"><ele>5.875</ele><time>2026-07-24T12:14:26Z</time><speed>4.011</speed><sat>18</sat></trkpt>
  <trkpt lat="26.41158167" lon="-80.15830833"><ele>5.975</ele><time>2026-07-24T12:14:27Z</time><speed>4.099</speed><sat>19</sat></trkpt>
  <trkpt lat="26.41160500" lon="-80.15827333"><ele>5.875</ele><time>2026-07-24T12:14:28Z</time><speed>4.133</speed><sat>18</sat></trkpt>
  <trkpt lat="26.41162667" lon="-80.15824000"><ele>5.775</ele><time>2026-07-24T12:14:29Z</time><speed>4.168</speed><sat>18</sat></trkpt>
  <trkpt lat="26.41165333" lon="-80.15820500"><ele>5.875</ele><time>2026-07-24T12:14:30Z</time><speed>4.188</speed><sat>18</sat></trkpt>
  <trkpt lat="26.41167167" lon="-80.15817000"><ele>5.376</ele><time>2026-07-24T12:14:31Z</time><speed>4.192</speed><sat>19</sat></trkpt>
  <trkpt lat="26.41169500" lon="-80.15813667"><ele>5.176</ele><time>2026-07-24T12:14:32Z</time><speed>4.201</speed><sat>19</sat></trkpt>
  <trkpt lat="26.41171667" lon="-80.15810167"><ele>4.976</ele><time>2026-07-24T12:14:33Z</time><speed>4.219</speed><sat>19</sat></trkpt>
  <trkpt lat="26.41174333" lon="-80.15806500"><ele>5.176</ele><time>2026-07-24T12:14:34Z</time><speed>4.237</speed><sat>18</sat></trkpt>
  <trkpt lat="26.41176500" lon="-80.15803167"><ele>4.976</ele><time>2026-07-24T12:14:35Z</time><speed>4.238</speed><sat>19</sat></trkpt>
  <trkpt lat="26.41179500" lon="-80.15799333"><ele>5.176</ele><time>2026-07-24T12:14:36Z</time><speed>4.267</speed><sat>18</sat></trkpt>
  <trkpt lat="26.41182000" lon="-80.15796167"><ele>4.877</ele><time>2026-07-24T12:14:37Z</time><speed>4.278</speed><sat>18</sat></trkpt>
  <trkpt lat="26.41184833" lon="-80.15792833"><ele>5.277</ele><time>2026-07-24T12:14:38Z</time><speed>4.296</speed><sat>18</sat></trkpt>
  <trkpt lat="26.41187500" lon="-80.15789500"><ele>5.777</ele><time>2026-07-24T12:14:39Z</time><speed>4.313</speed><sat>18</sat></trkpt>
  <trkpt lat="26.41189500" lon="-80.15786000"><ele>5.477</ele><time>2026-07-24T12:14:40Z</time><speed>4.342</speed><sat>19</sat></trkpt>
  <trkpt lat="26.41192167" lon="-80.15782333"><ele>5.977</ele><time>2026-07-24T12:14:41Z</time><speed>4.382</speed><sat>18</sat></trkpt>
  <trkpt lat="26.41195167" lon="-80.15778667"><ele>7.477</ele><time>2026-07-24T12:14:42Z</time><speed>4.411</speed><sat>18</sat></trkpt>
  <trkpt lat="26.41197333" lon="-80.15775000"><ele>8.177</ele><time>2026-07-24T12:14:43Z</time><speed>4.399</speed><sat>18</sat></trkpt>
  <trkpt lat="26.41199667" lon="-80.15771333"><ele>9.078</ele><time>2026-07-24T12:14:44Z</time><speed>4.371</speed><sat>18</sat></trkpt>
  <trkpt lat="26.41201833" lon="-80.15767500"><ele>9.078</ele><time>2026-07-24T12:14:45Z</time><speed>4.384</speed><sat>18</sat></trkpt>
  <trkpt lat="26.41203833" lon="-80.15763667"><ele>9.978</ele><time>2026-07-24T12:14:46Z</time><speed>4.377</speed><sat>19</sat></trkpt>
  <trkpt lat="26.41205667" lon="-80.15759667"><ele>10.278</ele><time>2026-07-24T12:14:47Z</time><speed>4.377</speed><sat>18</sat></trkpt>
  <trkpt lat="26.41207667" lon="-80.15755500"><ele>10.478</ele><time>2026-07-24T12:14:48Z</time><speed>4.343</speed><sat>18</sat></trkpt>
  <trkpt lat="26.41209333" lon="-80.15751167"><ele>10.679</ele><time>2026-07-24T12:14:49Z</time><speed>4.345</speed><sat>19</sat></trkpt>
  <trkpt lat="26.41210500" lon="-80.15747333"><ele>11.179</ele><time>2026-07-24T12:14:50Z</time><speed>4.320</speed><sat>19</sat></trkpt>
  <trkpt lat="26.41211833" lon="-80.15743000"><ele>10.679</ele><time>2026-07-24T12:14:51Z</time><speed>4.280</speed><sat>19</sat></trkpt>
  <trkpt lat="26.41213000" lon="-80.15739000"><ele>9.979</ele><time>2026-07-24T12:14:52Z</time><speed>4.202</speed><sat>19</sat></trkpt>
  <trkpt lat="26.41213500" lon="-80.15734333"><ele>9.379</ele><time>2026-07-24T12:14:53Z</time><speed>4.202</speed><sat>18</sat></trkpt>
  <trkpt lat="26.41214167" lon="-80.15729500"><ele>8.979</ele><time>2026-07-24T12:14:54Z</time><speed>4.290</speed><sat>18</sat></trkpt>
  <trkpt lat="26.41214500" lon="-80.15724500"><ele>8.280</ele><time>2026-07-24T12:14:55Z</time><speed>4.365</speed><sat>18</sat></trkpt>
  <trkpt lat="26.41214667" lon="-80.15719500"><ele>7.880</ele><time>2026-07-24T12:14:56Z</time><speed>4.458</speed><sat>18</sat></trkpt>
  <trkpt lat="26.41215167" lon="-80.15714167"><ele>7.880</ele><time>2026-07-24T12:14:57Z</time><speed>4.550</speed><sat>18</sat></trkpt>
  <trkpt lat="26.41215667" lon="-80.15709000"><ele>8.180</ele><time>2026-07-24T12:14:58Z</time><speed>4.648</speed><sat>18</sat></trkpt>
  <trkpt lat="26.41216167" lon="-80.15703667"><ele>8.281</ele><time>2026-07-24T12:14:59Z</time><speed>4.698</speed><sat>18</sat></trkpt>
  <trkpt lat="26.41215333" lon="-80.15698333"><ele>8.081</ele><time>2026-07-24T12:15:00Z</time><speed>4.771</speed><sat>18</sat></trkpt>
  <trkpt lat="26.41215167" lon="-80.15693000"><ele>7.981</ele><time>2026-07-24T12:15:01Z</time><speed>4.864</speed><sat>18</sat></trkpt>
  <trkpt lat="26.41214167" lon="-80.15687667"><ele>7.581</ele><time>2026-07-24T12:15:02Z</time><speed>5.049</speed><sat>18</sat></trkpt>
  <trkpt lat="26.41213333" lon="-80.15682000"><ele>7.481</ele><time>2026-07-24T12:15:03Z</time><speed>5.216</speed><sat>18</sat></trkpt>
  <trkpt lat="26.41212667" lon="-80.15676167"><ele>7.782</ele><time>2026-07-24T12:15:04Z</time><speed>5.281</speed><sat>18</sat></trkpt>
  <trkpt lat="26.41212333" lon="-80.15670167"><ele>8.082</ele><time>2026-07-24T12:15:05Z</time><speed>5.357</speed><sat>18</sat></trkpt>
  <trkpt lat="26.41212000" lon="-80.15664000"><ele>7.982</ele><time>2026-07-24T12:15:06Z</time><speed>5.365</speed><sat>18</sat></trkpt>
  <trkpt lat="26.41212000" lon="-80.15658167"><ele>7.582</ele><time>2026-07-24T12:15:07Z</time><speed>5.359</speed><sat>18</sat></trkpt>
  <trkpt lat="26.41212000" lon="-80.15652833"><ele>6.783</ele><time>2026-07-24T12:15:08Z</time><speed>5.356</speed><sat>18</sat></trkpt>
  <trkpt lat="26.41212167" lon="-80.15648000"><ele>6.183</ele><time>2026-07-24T12:15:09Z</time><speed>5.326</speed><sat>18</sat></trkpt>
  <trkpt lat="26.41212167" lon="-80.15643667"><ele>6.183</ele><time>2026-07-24T12:15:10Z</time><speed>5.250</speed><sat>18</sat></trkpt>
  <trkpt lat="26.41212167" lon="-80.15639667"><ele>6.183</ele><time>2026-07-24T12:15:11Z</time><speed>5.149</speed><sat>18</sat></trkpt>
  <trkpt lat="26.41212167" lon="-80.15636333"><ele>7.083</ele><time>2026-07-24T12:15:12Z</time><speed>4.960</speed><sat>18</sat></trkpt>
  <trkpt lat="26.41212167" lon="-80.15632833"><ele>7.283</ele><time>2026-07-24T12:15:13Z</time><speed>4.696</speed><sat>18</sat></trkpt>
  <trkpt lat="26.41212333" lon="-80.15629833"><ele>6.884</ele><time>2026-07-24T12:15:14Z</time><speed>4.428</speed><sat>18</sat></trkpt>
  <trkpt lat="26.41212500" lon="-80.15627333"><ele>6.784</ele><time>2026-07-24T12:15:15Z</time><speed>4.082</speed><sat>19</sat></trkpt>
  <trkpt lat="26.41213000" lon="-80.15625500"><ele>7.184</ele><time>2026-07-24T12:15:16Z</time><speed>3.752</speed><sat>19</sat></trkpt>
  <trkpt lat="26.41213000" lon="-80.15623500"><ele>7.184</ele><time>2026-07-24T12:15:17Z</time><speed>3.381</speed><sat>18</sat></trkpt>
  <trkpt lat="26.41213167" lon="-80.15622167"><ele>6.984</ele><time>2026-07-24T12:15:18Z</time><speed>2.979</speed><sat>19</sat></trkpt>
  <trkpt lat="26.41213167" lon="-80.15621167"><ele>6.984</ele><time>2026-07-24T12:15:19Z</time><speed>2.647</speed><sat>19</sat></trkpt>
  <trkpt lat="26.41213167" lon="-80.15619833"><ele>7.284</ele><time>2026-07-24T12:15:20Z</time><speed>2.400</speed><sat>19</sat></trkpt>
  <trkpt lat="26.41213667" lon="-80.15618167"><ele>7.684</ele><time>2026-07-24T12:15:21Z</time><speed>2.143</speed><sat>19</sat></trkpt>
  <trkpt lat="26.41214333" lon="-80.15615833"><ele>8.484</ele><time>2026-07-24T12:15:22Z</time><speed>2.015</speed><sat>19</sat></trkpt>
  <trkpt lat="26.41215167" lon="-80.15613500"><ele>8.784</ele><time>2026-07-24T12:15:23Z</time><speed>1.973</speed><sat>19</sat></trkpt>
  <trkpt lat="26.41216000" lon="-80.15611000"><ele>9.084</ele><time>2026-07-24T12:15:24Z</time><speed>1.976</speed><sat>18</sat></trkpt>
  <trkpt lat="26.41216833" lon="-80.15607667"><ele>9.284</ele><time>2026-07-24T12:15:25Z</time><speed>2.087</speed><sat>18</sat></trkpt>
  <trkpt lat="26.41217500" lon="-80.15603667"><ele>9.085</ele><time>2026-07-24T12:15:26Z</time><speed>2.250</speed><sat>18</sat></trkpt>
  <trkpt lat="26.41217833" lon="-80.15599833"><ele>9.085</ele><time>2026-07-24T12:15:27Z</time><speed>2.476</speed><sat>18</sat></trkpt>
  <trkpt lat="26.41218333" lon="-80.15595833"><ele>8.785</ele><time>2026-07-24T12:15:28Z</time><speed>2.762</speed><sat>18</sat></trkpt>
  <trkpt lat="26.41218833" lon="-80.15591000"><ele>8.885</ele><time>2026-07-24T12:15:29Z</time><speed>3.040</speed><sat>18</sat></trkpt>
  <trkpt lat="26.41219667" lon="-80.15586833"><ele>9.185</ele><time>2026-07-24T12:15:30Z</time><speed>3.296</speed><sat>18</sat></trkpt>
  <trkpt lat="26.41221000" lon="-80.15582833"><ele>9.186</ele><time>2026-07-24T12:15:31Z</time><speed>3.552</speed><sat>18</sat></trkpt>
  <trkpt lat="26.41222500" lon="-80.15578500"><ele>10.186</ele><time>2026-07-24T12:15:32Z</time><speed>3.750</speed><sat>18</sat></trkpt>
  <trkpt lat="26.41224500" lon="-80.15574833"><ele>10.386</ele><time>2026-07-24T12:15:33Z</time><speed>3.905</speed><sat>18</sat></trkpt>
  <trkpt lat="26.41226833" lon="-80.15571167"><ele>10.286</ele><time>2026-07-24T12:15:34Z</time><speed>4.061</speed><sat>18</sat></trkpt>
  <trkpt lat="26.41229333" lon="-80.15567167"><ele>10.786</ele><time>2026-07-24T12:15:35Z</time><speed>4.179</speed><sat>19</sat></trkpt>
  <trkpt lat="26.41231500" lon="-80.15563167"><ele>10.986</ele><time>2026-07-24T12:15:36Z</time><speed>4.278</speed><sat>19</sat></trkpt>
  <trkpt lat="26.41233667" lon="-80.15559000"><ele>11.087</ele><time>2026-07-24T12:15:37Z</time><speed>4.369</speed><sat>19</sat></trkpt>
  <trkpt lat="26.41236333" lon="-80.15555167"><ele>10.987</ele><time>2026-07-24T12:15:38Z</time><speed>4.465</speed><sat>19</sat></trkpt>
  <trkpt lat="26.41239000" lon="-80.15551667"><ele>10.587</ele><time>2026-07-24T12:15:39Z</time><speed>4.533</speed><sat>19</sat></trkpt>
  <trkpt lat="26.41241833" lon="-80.15547833"><ele>10.787</ele><time>2026-07-24T12:15:40Z</time><speed>4.591</speed><sat>18</sat></trkpt>
  <trkpt lat="26.41245500" lon="-80.15545000"><ele>10.587</ele><time>2026-07-24T12:15:41Z</time><speed>4.731</speed><sat>19</sat></trkpt>
  <trkpt lat="26.41248333" lon="-80.15542000"><ele>9.687</ele><time>2026-07-24T12:15:42Z</time><speed>4.801</speed><sat>19</sat></trkpt>
  <trkpt lat="26.41252333" lon="-80.15539167"><ele>9.687</ele><time>2026-07-24T12:15:43Z</time><speed>4.853</speed><sat>19</sat></trkpt>
  <trkpt lat="26.41256000" lon="-80.15536333"><ele>9.488</ele><time>2026-07-24T12:15:44Z</time><speed>4.889</speed><sat>19</sat></trkpt>
  <trkpt lat="26.41259667" lon="-80.15533833"><ele>9.288</ele><time>2026-07-24T12:15:45Z</time><speed>4.924</speed><sat>19</sat></trkpt>
  <trkpt lat="26.41263667" lon="-80.15531500"><ele>9.888</ele><time>2026-07-24T12:15:46Z</time><speed>4.971</speed><sat>19</sat></trkpt>
  <trkpt lat="26.41267667" lon="-80.15529500"><ele>9.588</ele><time>2026-07-24T12:15:47Z</time><speed>5.002</speed><sat>19</sat></trkpt>
  <trkpt lat="26.41271667" lon="-80.15527500"><ele>8.888</ele><time>2026-07-24T12:15:48Z</time><speed>5.025</speed><sat>19</sat></trkpt>
  <trkpt lat="26.41276000" lon="-80.15525667"><ele>8.988</ele><time>2026-07-24T12:15:49Z</time><speed>5.041</speed><sat>19</sat></trkpt>
  <trkpt lat="26.41280500" lon="-80.15524333"><ele>9.188</ele><time>2026-07-24T12:15:50Z</time><speed>5.053</speed><sat>19</sat></trkpt>
  <trkpt lat="26.41284833" lon="-80.15523333"><ele>9.088</ele><time>2026-07-24T12:15:51Z</time><speed>5.004</speed><sat>19</sat></trkpt>
  <trkpt lat="26.41289000" lon="-80.15522667"><ele>8.888</ele><time>2026-07-24T12:15:52Z</time><speed>4.955</speed><sat>19</sat></trkpt>
  <trkpt lat="26.41293167" lon="-80.15521833"><ele>8.788</ele><time>2026-07-24T12:15:53Z</time><speed>4.980</speed><sat>19</sat></trkpt>
  <trkpt lat="26.41297500" lon="-80.15521167"><ele>8.688</ele><time>2026-07-24T12:15:54Z</time><speed>4.959</speed><sat>19</sat></trkpt>
  <trkpt lat="26.41300833" lon="-80.15520833"><ele>8.789</ele><time>2026-07-24T12:15:55Z</time><speed>4.816</speed><sat>19</sat></trkpt>
  <trkpt lat="26.41303000" lon="-80.15520500"><ele>8.689</ele><time>2026-07-24T12:15:56Z</time><speed>4.566</speed><sat>19</sat></trkpt>
  <trkpt lat="26.41305167" lon="-80.15520167"><ele>8.689</ele><time>2026-07-24T12:15:57Z</time><speed>4.306</speed><sat>19</sat></trkpt>
  <trkpt lat="26.41307333" lon="-80.15519500"><ele>8.889</ele><time>2026-07-24T12:15:58Z</time><speed>4.004</speed><sat>19</sat></trkpt>
  <trkpt lat="26.41309333" lon="-80.15519167"><ele>9.389</ele><time>2026-07-24T12:15:59Z</time><speed>3.716</speed><sat>19</sat></trkpt>
  <trkpt lat="26.41310667" lon="-80.15518667"><ele>9.989</ele><time>2026-07-24T12:16:00Z</time><speed>3.249</speed><sat>19</sat></trkpt>
  <trkpt lat="26.41310667" lon="-80.15519167"><ele>10.089</ele><time>2026-07-24T12:16:01Z</time><speed>2.771</speed><sat>19</sat></trkpt>
  <trkpt lat="26.41310333" lon="-80.15519333"><ele>10.389</ele><time>2026-07-24T12:16:02Z</time><speed>2.319</speed><sat>19</sat></trkpt>
  <trkpt lat="26.41310333" lon="-80.15519500"><ele>10.589</ele><time>2026-07-24T12:16:03Z</time><speed>1.809</speed><sat>19</sat></trkpt>
  <trkpt lat="26.41310167" lon="-80.15519667"><ele>10.589</ele><time>2026-07-24T12:16:04Z</time><speed>1.345</speed><sat>19</sat></trkpt>
  <trkpt lat="26.41310000" lon="-80.15519833"><ele>10.689</ele><time>2026-07-24T12:16:05Z</time><speed>1.024</speed><sat>19</sat></trkpt>
  <trkpt lat="26.41309833" lon="-80.15519500"><ele>10.689</ele><time>2026-07-24T12:16:06Z</time><speed>0.801</speed><sat>18</sat></trkpt>
  <trkpt lat="26.41310000" lon="-80.15518833"><ele>10.489</ele><time>2026-07-24T12:16:07Z</time><speed>0.583</speed><sat>18</sat></trkpt>
  <trkpt lat="26.41310000" lon="-80.15518333"><ele>10.389</ele><time>2026-07-24T12:16:08Z</time><speed>0.000</speed><sat>18</sat></trkpt>
  <trkpt lat="26.41309833" lon="-80.15518333"><ele>10.189</ele><time>2026-07-24T12:16:09Z</time><speed>0.000</speed><sat>17</sat></trkpt>
  <trkpt lat="26.41309500" lon="-80.15518167"><ele>9.889</ele><time>2026-07-24T12:16:10Z</time><speed>0.000</speed><sat>17</sat></trkpt>
  <trkpt lat="26.41309500" lon="-80.15518167"><ele>9.889</ele><time>2026-07-24T12:16:11Z</time><speed>0.000</speed><sat>17</sat></trkpt>
  <trkpt lat="26.41309500" lon="-80.15518167"><ele>9.889</ele><time>2026-07-24T12:16:12Z</time><speed>0.000</speed><sat>17</sat></trkpt>
  <trkpt lat="26.41309500" lon="-80.15518167"><ele>9.889</ele><time>2026-07-24T12:16:13Z</time><speed>0.000</speed><sat>17</sat></trkpt>
  <trkpt lat="26.41309500" lon="-80.15518167"><ele>9.889</ele><time>2026-07-24T12:16:14Z</time><speed>0.000</speed><sat>16</sat></trkpt>
  <trkpt lat="26.41309500" lon="-80.15518167"><ele>9.889</ele><time>2026-07-24T12:16:15Z</time><speed>0.000</speed><sat>16</sat></trkpt>
  <trkpt lat="26.41309500" lon="-80.15518167"><ele>9.889</ele><time>2026-07-24T12:16:16Z</time><speed>0.000</speed><sat>17</sat></trkpt>
  <trkpt lat="26.41309500" lon="-80.15518167"><ele>9.889</ele><time>2026-07-24T12:16:17Z</time><speed>0.000</speed><sat>17</sat></trkpt>
  <trkpt lat="26.41309500" lon="-80.15518167"><ele>9.889</ele><time>2026-07-24T12:16:18Z</time><speed>0.000</speed><sat>17</sat></trkpt>
  <trkpt lat="26.41309500" lon="-80.15518167"><ele>9.889</ele><time>2026-07-24T12:16:19Z</time><speed>0.000</speed><sat>17</sat></trkpt>
  <trkpt lat="26.41309500" lon="-80.15518167"><ele>9.889</ele><time>2026-07-24T12:16:20Z</time><speed>0.000</speed><sat>17</sat></trkpt>
  <trkpt lat="26.41309500" lon="-80.15518167"><ele>9.889</ele><time>2026-07-24T12:16:21Z</time><speed>0.000</speed><sat>17</sat></trkpt>
  <trkpt lat="26.41310667" lon="-80.15517000"><ele>9.189</ele><time>2026-07-24T12:16:22Z</time><speed>0.308</speed><sat>18</sat></trkpt>
  <trkpt lat="26.41312500" lon="-80.15515667"><ele>9.189</ele><time>2026-07-24T12:16:23Z</time><speed>0.513</speed><sat>18</sat></trkpt>
  <trkpt lat="26.41313500" lon="-80.15513833"><ele>9.589</ele><time>2026-07-24T12:16:24Z</time><speed>0.696</speed><sat>19</sat></trkpt>
  <trkpt lat="26.41314333" lon="-80.15512333"><ele>9.889</ele><time>2026-07-24T12:16:25Z</time><speed>0.852</speed><sat>19</sat></trkpt>
  <trkpt lat="26.41314833" lon="-80.15510667"><ele>9.589</ele><time>2026-07-24T12:16:26Z</time><speed>0.982</speed><sat>19</sat></trkpt>
  <trkpt lat="26.41315333" lon="-80.15508667"><ele>9.189</ele><time>2026-07-24T12:16:27Z</time><speed>1.195</speed><sat>19</sat></trkpt>
  <trkpt lat="26.41315333" lon="-80.15506000"><ele>8.889</ele><time>2026-07-24T12:16:28Z</time><speed>1.484</speed><sat>19</sat></trkpt>
  <trkpt lat="26.41315000" lon="-80.15503000"><ele>8.789</ele><time>2026-07-24T12:16:29Z</time><speed>1.771</speed><sat>19</sat></trkpt>
  <trkpt lat="26.41314667" lon="-80.15499833"><ele>8.989</ele><time>2026-07-24T12:16:30Z</time><speed>2.074</speed><sat>19</sat></trkpt>
  <trkpt lat="26.41314667" lon="-80.15496667"><ele>9.290</ele><time>2026-07-24T12:16:31Z</time><speed>2.343</speed><sat>19</sat></trkpt>
  <trkpt lat="26.41314667" lon="-80.15493500"><ele>9.390</ele><time>2026-07-24T12:16:32Z</time><speed>2.458</speed><sat>19</sat></trkpt>
  <trkpt lat="26.41314500" lon="-80.15490333"><ele>9.490</ele><time>2026-07-24T12:16:33Z</time><speed>2.552</speed><sat>19</sat></trkpt>
  <trkpt lat="26.41314500" lon="-80.15487500"><ele>9.490</ele><time>2026-07-24T12:16:34Z</time><speed>2.648</speed><sat>19</sat></trkpt>
  <trkpt lat="26.41314333" lon="-80.15484833"><ele>9.490</ele><time>2026-07-24T12:16:35Z</time><speed>2.762</speed><sat>19</sat></trkpt>
  <trkpt lat="26.41314167" lon="-80.15482500"><ele>8.690</ele><time>2026-07-24T12:16:36Z</time><speed>2.883</speed><sat>19</sat></trkpt>
  <trkpt lat="26.41314667" lon="-80.15480667"><ele>7.790</ele><time>2026-07-24T12:16:37Z</time><speed>2.885</speed><sat>19</sat></trkpt>
  <trkpt lat="26.41315333" lon="-80.15478500"><ele>7.590</ele><time>2026-07-24T12:16:38Z</time><speed>2.768</speed><sat>19</sat></trkpt>
  <trkpt lat="26.41316000" lon="-80.15476833"><ele>7.490</ele><time>2026-07-24T12:16:39Z</time><speed>2.626</speed><sat>19</sat></trkpt>
  <trkpt lat="26.41316500" lon="-80.15475833"><ele>7.790</ele><time>2026-07-24T12:16:40Z</time><speed>2.407</speed><sat>19</sat></trkpt>
  <trkpt lat="26.41316833" lon="-80.15474833"><ele>7.990</ele><time>2026-07-24T12:16:41Z</time><speed>2.170</speed><sat>18</sat></trkpt>
  <trkpt lat="26.41317333" lon="-80.15474167"><ele>8.391</ele><time>2026-07-24T12:16:42Z</time><speed>1.938</speed><sat>18</sat></trkpt>
  <trkpt lat="26.41317833" lon="-80.15473167"><ele>8.491</ele><time>2026-07-24T12:16:43Z</time><speed>1.792</speed><sat>19</sat></trkpt>
  <trkpt lat="26.41318500" lon="-80.15471833"><ele>8.591</ele><time>2026-07-24T12:16:44Z</time><speed>1.637</speed><sat>19</sat></trkpt>
  <trkpt lat="26.41319167" lon="-80.15471167"><ele>8.291</ele><time>2026-07-24T12:16:45Z</time><speed>1.463</speed><sat>19</sat></trkpt>
  <trkpt lat="26.41319667" lon="-80.15470500"><ele>7.991</ele><time>2026-07-24T12:16:46Z</time><speed>1.352</speed><sat>18</sat></trkpt>
  <trkpt lat="26.41320333" lon="-80.15469167"><ele>7.691</ele><time>2026-07-24T12:16:47Z</time><speed>1.281</speed><sat>18</sat></trkpt>
  <trkpt lat="26.41321167" lon="-80.15468167"><ele>7.691</ele><time>2026-07-24T12:16:48Z</time><speed>1.218</speed><sat>19</sat></trkpt>
  <trkpt lat="26.41321833" lon="-80.15468000"><ele>7.491</ele><time>2026-07-24T12:16:49Z</time><speed>1.201</speed><sat>19</sat></trkpt>
  <trkpt lat="26.41322833" lon="-80.15467500"><ele>7.591</ele><time>2026-07-24T12:16:50Z</time><speed>1.214</speed><sat>19</sat></trkpt>
  <trkpt lat="26.41323833" lon="-80.15467000"><ele>7.791</ele><time>2026-07-24T12:16:51Z</time><speed>1.225</speed><sat>19</sat></trkpt>
  <trkpt lat="26.41324667" lon="-80.15466667"><ele>7.991</ele><time>2026-07-24T12:16:52Z</time><speed>1.254</speed><sat>18</sat></trkpt>
  <trkpt lat="26.41325667" lon="-80.15466667"><ele>7.991</ele><time>2026-07-24T12:16:53Z</time><speed>1.174</speed><sat>19</sat></trkpt>
  <trkpt lat="26.41326167" lon="-80.15466500"><ele>8.291</ele><time>2026-07-24T12:16:54Z</time><speed>1.104</speed><sat>19</sat></trkpt>
  <trkpt lat="26.41326500" lon="-80.15466500"><ele>8.191</ele><time>2026-07-24T12:16:55Z</time><speed>1.054</speed><sat>18</sat></trkpt>
  <trkpt lat="26.41326833" lon="-80.15466667"><ele>8.091</ele><time>2026-07-24T12:16:56Z</time><speed>0.983</speed><sat>18</sat></trkpt>
  <trkpt lat="26.41327333" lon="-80.15466833"><ele>7.991</ele><time>2026-07-24T12:16:57Z</time><speed>0.911</speed><sat>19</sat></trkpt>
  <trkpt lat="26.41327667" lon="-80.15467000"><ele>8.091</ele><time>2026-07-24T12:16:58Z</time><speed>0.848</speed><sat>18</sat></trkpt>
  <trkpt lat="26.41327833" lon="-80.15467167"><ele>8.191</ele><time>2026-07-24T12:16:59Z</time><speed>0.751</speed><sat>18</sat></trkpt>
  <trkpt lat="26.41328000" lon="-80.15467667"><ele>8.391</ele><time>2026-07-24T12:17:00Z</time><speed>0.654</speed><sat>18</sat></trkpt>
  <trkpt lat="26.41328167" lon="-80.15468167"><ele>8.591</ele><time>2026-07-24T12:17:01Z</time><speed>0.570</speed><sat>17</sat></trkpt>
  <trkpt lat="26.41328167" lon="-80.15468167"><ele>8.591</ele><time>2026-07-24T12:17:02Z</time><speed>0.470</speed><sat>19</sat></trkpt>
  <trkpt lat="26.41328333" lon="-80.15468333"><ele>8.791</ele><time>2026-07-24T12:17:03Z</time><speed>0.000</speed><sat>18</sat></trkpt>
  <trkpt lat="26.41328667" lon="-80.15468500"><ele>8.891</ele><time>2026-07-24T12:17:04Z</time><speed>0.000</speed><sat>18</sat></trkpt>
  <trkpt lat="26.41328833" lon="-80.15468667"><ele>9.091</ele><time>2026-07-24T12:17:05Z</time><speed>0.000</speed><sat>18</sat></trkpt>
  <trkpt lat="26.41328833" lon="-80.15468667"><ele>9.091</ele><time>2026-07-24T12:17:06Z</time><speed>0.000</speed><sat>17</sat></trkpt>
  <trkpt lat="26.41328833" lon="-80.15468667"><ele>9.091</ele><time>2026-07-24T12:17:07Z</time><speed>0.000</speed><sat>17</sat></trkpt>
  <trkpt lat="26.41328833" lon="-80.15468667"><ele>9.091</ele><time>2026-07-24T12:17:08Z</time><speed>0.000</speed><sat>17</sat></trkpt>
  <trkpt lat="26.41328833" lon="-80.15468667"><ele>9.091</ele><time>2026-07-24T12:17:09Z</time><speed>0.000</speed><sat>17</sat></trkpt>
  <trkpt lat="26.41328833" lon="-80.15468667"><ele>9.091</ele><time>2026-07-24T12:17:10Z</time><speed>0.000</speed><sat>17</sat></trkpt>
  <trkpt lat="26.41328833" lon="-80.15468667"><ele>9.091</ele><time>2026-07-24T12:17:11Z</time><speed>0.000</speed><sat>18</sat></trkpt>
  <trkpt lat="26.41328833" lon="-80.15468667"><ele>9.091</ele><time>2026-07-24T12:17:12Z</time><speed>0.000</speed><sat>17</sat></trkpt>
  <trkpt lat="26.41328833" lon="-80.15468667"><ele>9.091</ele><time>2026-07-24T12:17:13Z</time><speed>0.000</speed><sat>17</sat></trkpt>
  <trkpt lat="26.41328833" lon="-80.15468667"><ele>9.091</ele><time>2026-07-24T12:17:14Z</time><speed>0.000</speed><sat>18</sat></trkpt>
 </trkseg>
</trk>

</gpx>
 