<?xml version="1.0" encoding="UTF-8"?>
<!-- Created with BasicAirData GPS Logger for Android - ver. 3.3.0 -->
<!-- Track 7 = 1365 TrackPoints + 2 Placemarks -->

<!-- Track Statistics (based on Total Time | Time in Movement): -->
<!--  Distance = 3.17 km -->
<!--  Duration = 22:44 | 17:50 -->
<!--  Altitude Gap = -11 m -->
<!--  Max Speed = 10 mph -->
<!--  Avg Speed = 5.2 | 6.6 mph -->
<!--  Direction = ESE -->
<!--  Activity = running -->
<!--  Altitudes = Corrected using EGM96 grid (bilinear interpolation) -->

<gpx version="1.0"
     creator="BasicAirData GPS Logger 3.3.0"
     xmlns="http://www.topografix.com/GPX/1/0"
     xmlns:xsi="http://www.w3.org/2001/XMLSchema-instance"
     xsi:schemaLocation="http://www.topografix.com/GPX/1/0 http://www.topografix.com/GPX/1/0/gpx.xsd">
<name>GPS Logger 20260718-133127</name>
<desc>ST-3-4</desc>
<time>2026-07-21T17:17:16Z</time>
<keywords>running</keywords>
<bounds minlat="26.41445167" minlon="-80.17087500" maxlat="26.42385000" maxlon="-80.16273333" />

<wpt lat="26.41656333" lon="-80.17017667"><ele>30.929</ele><time>2026-07-18T17:31:32Z</time><name>Site3</name><sat>14</sat></wpt>

<wpt lat="26.41455167" lon="-80.16273833"><ele>20.758</ele><time>2026-07-18T17:54:04Z</time><name>Site4</name><sat>14</sat></wpt>

<trk>
 <name>Track 20260718-133127</name>
 <trkseg>
  <trkpt lat="26.41655667" lon="-80.17019500"><ele>32.129</ele><time>2026-07-18T17:31:27Z</time><speed>0.162</speed><sat>12</sat></trkpt>
  <trkpt lat="26.41656000" lon="-80.17019167"><ele>31.829</ele><time>2026-07-18T17:31:28Z</time><speed>0.046</speed><sat>12</sat></trkpt>
  <trkpt lat="26.41656000" lon="-80.17018667"><ele>31.529</ele><time>2026-07-18T17:31:29Z</time><speed>0.066</speed><sat>14</sat></trkpt>
  <trkpt lat="26.41656000" lon="-80.17018333"><ele>31.329</ele><time>2026-07-18T17:31:30Z</time><speed>0.097</speed><sat>14</sat></trkpt>
  <trkpt lat="26.41656167" lon="-80.17017833"><ele>31.129</ele><time>2026-07-18T17:31:31Z</time><speed>0.065</speed><sat>14</sat></trkpt>
  <trkpt lat="26.41656333" lon="-80.17017667"><ele>30.929</ele><time>2026-07-18T17:31:32Z</time><speed>0.044</speed><sat>14</sat></trkpt>
  <trkpt lat="26.41656500" lon="-80.17017333"><ele>30.829</ele><time>2026-07-18T17:31:33Z</time><speed>0.126</speed><sat>14</sat></trkpt>
  <trkpt lat="26.41656667" lon="-80.17017167"><ele>30.729</ele><time>2026-07-18T17:31:34Z</time><speed>0.047</speed><sat>14</sat></trkpt>
  <trkpt lat="26.41656833" lon="-80.17016833"><ele>30.729</ele><time>2026-07-18T17:31:35Z</time><speed>0.164</speed><sat>14</sat></trkpt>
  <trkpt lat="26.41657000" lon="-80.17016667"><ele>30.729</ele><time>2026-07-18T17:31:36Z</time><speed>0.085</speed><sat>14</sat></trkpt>
  <trkpt lat="26.41657167" lon="-80.17016500"><ele>30.729</ele><time>2026-07-18T17:31:37Z</time><speed>0.073</speed><sat>14</sat></trkpt>
  <trkpt lat="26.41657167" lon="-80.17016333"><ele>30.829</ele><time>2026-07-18T17:31:38Z</time><speed>0.046</speed><sat>14</sat></trkpt>
  <trkpt lat="26.41657167" lon="-80.17016167"><ele>30.829</ele><time>2026-07-18T17:31:39Z</time><speed>0.037</speed><sat>14</sat></trkpt>
  <trkpt lat="26.41657000" lon="-80.17016167"><ele>30.929</ele><time>2026-07-18T17:31:40Z</time><speed>0.033</speed><sat>14</sat></trkpt>
  <trkpt lat="26.41657000" lon="-80.17016333"><ele>30.929</ele><time>2026-07-18T17:31:41Z</time><speed>0.143</speed><sat>14</sat></trkpt>
  <trkpt lat="26.41657000" lon="-80.17016333"><ele>30.929</ele><time>2026-07-18T17:31:42Z</time><speed>0.106</speed><sat>14</sat></trkpt>
  <trkpt lat="26.41656833" lon="-80.17016667"><ele>31.029</ele><time>2026-07-18T17:31:43Z</time><speed>0.085</speed><sat>14</sat></trkpt>
  <trkpt lat="26.41656833" lon="-80.17016667"><ele>31.029</ele><time>2026-07-18T17:31:44Z</time><speed>0.083</speed><sat>14</sat></trkpt>
  <trkpt lat="26.41656833" lon="-80.17016667"><ele>31.129</ele><time>2026-07-18T17:31:45Z</time><speed>0.074</speed><sat>14</sat></trkpt>
  <trkpt lat="26.41656833" lon="-80.17016833"><ele>31.029</ele><time>2026-07-18T17:31:46Z</time><speed>0.074</speed><sat>14</sat></trkpt>
  <trkpt lat="26.41656667" lon="-80.17017333"><ele>31.029</ele><time>2026-07-18T17:31:47Z</time><speed>0.083</speed><sat>14</sat></trkpt>
  <trkpt lat="26.41656500" lon="-80.17017500"><ele>30.929</ele><time>2026-07-18T17:31:48Z</time><speed>0.082</speed><sat>14</sat></trkpt>
  <trkpt lat="26.41656500" lon="-80.17017500"><ele>30.829</ele><time>2026-07-18T17:31:49Z</time><speed>0.083</speed><sat>14</sat></trkpt>
  <trkpt lat="26.41656500" lon="-80.17017667"><ele>30.829</ele><time>2026-07-18T17:31:50Z</time><speed>0.081</speed><sat>14</sat></trkpt>
  <trkpt lat="26.41656500" lon="-80.17017667"><ele>30.729</ele><time>2026-07-18T17:31:51Z</time><speed>0.074</speed><sat>14</sat></trkpt>
  <trkpt lat="26.41656667" lon="-80.17017500"><ele>30.529</ele><time>2026-07-18T17:31:52Z</time><speed>0.065</speed><sat>14</sat></trkpt>
  <trkpt lat="26.41656667" lon="-80.17017500"><ele>30.429</ele><time>2026-07-18T17:31:53Z</time><speed>0.060</speed><sat>14</sat></trkpt>
  <trkpt lat="26.41656833" lon="-80.17017333"><ele>30.029</ele><time>2026-07-18T17:31:54Z</time><speed>0.061</speed><sat>14</sat></trkpt>
  <trkpt lat="26.41657000" lon="-80.17017167"><ele>29.629</ele><time>2026-07-18T17:31:55Z</time><speed>0.000</speed><sat>14</sat></trkpt>
  <trkpt lat="26.41657000" lon="-80.17017167"><ele>29.129</ele><time>2026-07-18T17:31:56Z</time><speed>0.000</speed><sat>14</sat></trkpt>
  <trkpt lat="26.41657167" lon="-80.17017000"><ele>28.629</ele><time>2026-07-18T17:31:57Z</time><speed>0.000</speed><sat>14</sat></trkpt>
  <trkpt lat="26.41657167" lon="-80.17017000"><ele>28.629</ele><time>2026-07-18T17:31:58Z</time><speed>0.000</speed><sat>14</sat></trkpt>
  <trkpt lat="26.41657167" lon="-80.17017000"><ele>28.629</ele><time>2026-07-18T17:31:59Z</time><speed>0.000</speed><sat>14</sat></trkpt>
  <trkpt lat="26.41657167" lon="-80.17017000"><ele>28.629</ele><time>2026-07-18T17:32:00Z</time><speed>0.000</speed><sat>14</sat></trkpt>
  <trkpt lat="26.41657167" lon="-80.17017000"><ele>28.629</ele><time>2026-07-18T17:32:01Z</time><speed>0.000</speed><sat>14</sat></trkpt>
  <trkpt lat="26.41657167" lon="-80.17017000"><ele>28.629</ele><time>2026-07-18T17:32:02Z</time><speed>0.000</speed><sat>14</sat></trkpt>
  <trkpt lat="26.41657167" lon="-80.17017000"><ele>28.629</ele><time>2026-07-18T17:32:03Z</time><speed>0.000</speed><sat>14</sat></trkpt>
  <trkpt lat="26.41657167" lon="-80.17017000"><ele>28.629</ele><time>2026-07-18T17:32:04Z</time><speed>0.000</speed><sat>14</sat></trkpt>
  <trkpt lat="26.41657167" lon="-80.17017000"><ele>28.629</ele><time>2026-07-18T17:32:05Z</time><speed>0.000</speed><sat>13</sat></trkpt>
  <trkpt lat="26.41657167" lon="-80.17017000"><ele>28.629</ele><time>2026-07-18T17:32:06Z</time><speed>0.000</speed><sat>14</sat></trkpt>
  <trkpt lat="26.41656333" lon="-80.17016333"><ele>22.429</ele><time>2026-07-18T17:32:07Z</time><speed>0.154</speed><sat>14</sat></trkpt>
  <trkpt lat="26.41656333" lon="-80.17016167"><ele>21.929</ele><time>2026-07-18T17:32:08Z</time><speed>0.000</speed><sat>14</sat></trkpt>
  <trkpt lat="26.41656500" lon="-80.17016333"><ele>21.229</ele><time>2026-07-18T17:32:09Z</time><speed>0.000</speed><sat>14</sat></trkpt>
  <trkpt lat="26.41656667" lon="-80.17016500"><ele>20.629</ele><time>2026-07-18T17:32:10Z</time><speed>0.000</speed><sat>14</sat></trkpt>
  <trkpt lat="26.41656667" lon="-80.17016500"><ele>20.629</ele><time>2026-07-18T17:32:11Z</time><speed>0.000</speed><sat>14</sat></trkpt>
  <trkpt lat="26.41656667" lon="-80.17016500"><ele>20.629</ele><time>2026-07-18T17:32:12Z</time><speed>0.000</speed><sat>14</sat></trkpt>
  <trkpt lat="26.41656667" lon="-80.17016500"><ele>20.629</ele><time>2026-07-18T17:32:13Z</time><speed>0.000</speed><sat>14</sat></trkpt>
  <trkpt lat="26.41656667" lon="-80.17016500"><ele>20.629</ele><time>2026-07-18T17:32:14Z</time><speed>0.000</speed><sat>14</sat></trkpt>
  <trkpt lat="26.41656667" lon="-80.17016500"><ele>20.629</ele><time>2026-07-18T17:32:15Z</time><speed>0.000</speed><sat>14</sat></trkpt>
  <trkpt lat="26.41656667" lon="-80.17016500"><ele>20.629</ele><time>2026-07-18T17:32:16Z</time><speed>0.000</speed><sat>14</sat></trkpt>
  <trkpt lat="26.41656667" lon="-80.17016500"><ele>20.629</ele><time>2026-07-18T17:32:17Z</time><speed>0.000</speed><sat>14</sat></trkpt>
  <trkpt lat="26.41656667" lon="-80.17016500"><ele>20.629</ele><time>2026-07-18T17:32:18Z</time><speed>0.000</speed><sat>14</sat></trkpt>
  <trkpt lat="26.41656667" lon="-80.17016500"><ele>20.629</ele><time>2026-07-18T17:32:19Z</time><speed>0.000</speed><sat>14</sat></trkpt>
  <trkpt lat="26.41656667" lon="-80.17016500"><ele>20.629</ele><time>2026-07-18T17:32:20Z</time><speed>0.000</speed><sat>13</sat></trkpt>
  <trkpt lat="26.41656667" lon="-80.17016500"><ele>20.629</ele><time>2026-07-18T17:32:21Z</time><speed>0.000</speed><sat>13</sat></trkpt>
  <trkpt lat="26.41656667" lon="-80.17016500"><ele>20.629</ele><time>2026-07-18T17:32:22Z</time><speed>0.000</speed><sat>13</sat></trkpt>
  <trkpt lat="26.41656667" lon="-80.17016500"><ele>20.629</ele><time>2026-07-18T17:32:23Z</time><speed>0.000</speed><sat>13</sat></trkpt>
  <trkpt lat="26.41656667" lon="-80.17016500"><ele>20.629</ele><time>2026-07-18T17:32:24Z</time><speed>0.000</speed><sat>13</sat></trkpt>
  <trkpt lat="26.41656667" lon="-80.17016500"><ele>20.629</ele><time>2026-07-18T17:32:25Z</time><speed>0.000</speed><sat>13</sat></trkpt>
  <trkpt lat="26.41656667" lon="-80.17016500"><ele>20.629</ele><time>2026-07-18T17:32:26Z</time><speed>0.000</speed><sat>14</sat></trkpt>
  <trkpt lat="26.41656667" lon="-80.17016500"><ele>20.629</ele><time>2026-07-18T17:32:27Z</time><speed>0.000</speed><sat>14</sat></trkpt>
  <trkpt lat="26.41656667" lon="-80.17016500"><ele>20.629</ele><time>2026-07-18T17:32:28Z</time><speed>0.000</speed><sat>13</sat></trkpt>
  <trkpt lat="26.41656667" lon="-80.17016500"><ele>20.629</ele><time>2026-07-18T17:32:29Z</time><speed>0.000</speed><sat>13</sat></trkpt>
  <trkpt lat="26.41656667" lon="-80.17016500"><ele>20.629</ele><time>2026-07-18T17:32:30Z</time><speed>0.000</speed><sat>13</sat></trkpt>
  <trkpt lat="26.41656667" lon="-80.17016500"><ele>20.629</ele><time>2026-07-18T17:32:31Z</time><speed>0.000</speed><sat>13</sat></trkpt>
  <trkpt lat="26.41656667" lon="-80.17016500"><ele>20.629</ele><time>2026-07-18T17:32:32Z</time><speed>0.000</speed><sat>13</sat></trkpt>
  <trkpt lat="26.41656667" lon="-80.17016500"><ele>20.629</ele><time>2026-07-18T17:32:33Z</time><speed>0.000</speed><sat>13</sat></trkpt>
  <trkpt lat="26.41656667" lon="-80.17016500"><ele>20.629</ele><time>2026-07-18T17:32:34Z</time><speed>0.000</speed><sat>13</sat></trkpt>
  <trkpt lat="26.41656667" lon="-80.17016500"><ele>20.629</ele><time>2026-07-18T17:32:35Z</time><speed>0.000</speed><sat>13</sat></trkpt>
  <trkpt lat="26.41656667" lon="-80.17016500"><ele>20.629</ele><time>2026-07-18T17:32:36Z</time><speed>0.000</speed><sat>14</sat></trkpt>
  <trkpt lat="26.41656667" lon="-80.17016500"><ele>20.629</ele><time>2026-07-18T17:32:37Z</time><speed>0.000</speed><sat>14</sat></trkpt>
  <trkpt lat="26.41656667" lon="-80.17016500"><ele>20.629</ele><time>2026-07-18T17:32:38Z</time><speed>0.000</speed><sat>14</sat></trkpt>
  <trkpt lat="26.41656667" lon="-80.17016500"><ele>20.629</ele><time>2026-07-18T17:32:39Z</time><speed>0.000</speed><sat>14</sat></trkpt>
  <trkpt lat="26.41656667" lon="-80.17016500"><ele>20.629</ele><time>2026-07-18T17:32:40Z</time><speed>0.000</speed><sat>14</sat></trkpt>
  <trkpt lat="26.41656667" lon="-80.17016500"><ele>20.629</ele><time>2026-07-18T17:32:41Z</time><speed>0.000</speed><sat>14</sat></trkpt>
  <trkpt lat="26.41656667" lon="-80.17016500"><ele>20.629</ele><time>2026-07-18T17:32:42Z</time><speed>0.000</speed><sat>14</sat></trkpt>
  <trkpt lat="26.41656667" lon="-80.17016500"><ele>20.629</ele><time>2026-07-18T17:32:43Z</time><speed>0.000</speed><sat>14</sat></trkpt>
  <trkpt lat="26.41656667" lon="-80.17016500"><ele>20.629</ele><time>2026-07-18T17:32:44Z</time><speed>0.000</speed><sat>14</sat></trkpt>
  <trkpt lat="26.41656667" lon="-80.17016500"><ele>20.629</ele><time>2026-07-18T17:32:45Z</time><speed>0.000</speed><sat>14</sat></trkpt>
  <trkpt lat="26.41656667" lon="-80.17016500"><ele>20.629</ele><time>2026-07-18T17:32:46Z</time><speed>0.000</speed><sat>13</sat></trkpt>
  <trkpt lat="26.41656667" lon="-80.17016500"><ele>20.629</ele><time>2026-07-18T17:32:47Z</time><speed>0.000</speed><sat>14</sat></trkpt>
  <trkpt lat="26.41656667" lon="-80.17016500"><ele>20.629</ele><time>2026-07-18T17:32:48Z</time><speed>0.000</speed><sat>14</sat></trkpt>
  <trkpt lat="26.41656667" lon="-80.17016500"><ele>20.629</ele><time>2026-07-18T17:32:49Z</time><speed>0.000</speed><sat>14</sat></trkpt>
  <trkpt lat="26.41656667" lon="-80.17016500"><ele>20.629</ele><time>2026-07-18T17:32:50Z</time><speed>0.000</speed><sat>14</sat></trkpt>
  <trkpt lat="26.41656667" lon="-80.17016500"><ele>20.629</ele><time>2026-07-18T17:32:51Z</time><speed>0.000</speed><sat>14</sat></trkpt>
  <trkpt lat="26.41656667" lon="-80.17016500"><ele>20.629</ele><time>2026-07-18T17:32:52Z</time><speed>0.000</speed><sat>14</sat></trkpt>
  <trkpt lat="26.41656667" lon="-80.17016500"><ele>20.629</ele><time>2026-07-18T17:32:53Z</time><speed>0.000</speed><sat>14</sat></trkpt>
  <trkpt lat="26.41656667" lon="-80.17016500"><ele>20.629</ele><time>2026-07-18T17:32:54Z</time><speed>0.000</speed><sat>14</sat></trkpt>
  <trkpt lat="26.41656667" lon="-80.17016500"><ele>20.629</ele><time>2026-07-18T17:32:55Z</time><speed>0.000</speed><sat>14</sat></trkpt>
  <trkpt lat="26.41656667" lon="-80.17016500"><ele>20.629</ele><time>2026-07-18T17:32:56Z</time><speed>0.000</speed><sat>14</sat></trkpt>
  <trkpt lat="26.41656667" lon="-80.17016500"><ele>20.629</ele><time>2026-07-18T17:32:57Z</time><speed>0.000</speed><sat>14</sat></trkpt>
  <trkpt lat="26.41656667" lon="-80.17016500"><ele>20.629</ele><time>2026-07-18T17:32:58Z</time><speed>0.000</speed><sat>14</sat></trkpt>
  <trkpt lat="26.41656667" lon="-80.17016500"><ele>20.629</ele><time>2026-07-18T17:32:59Z</time><speed>0.000</speed><sat>14</sat></trkpt>
  <trkpt lat="26.41656667" lon="-80.17016500"><ele>20.629</ele><time>2026-07-18T17:33:00Z</time><speed>0.000</speed><sat>14</sat></trkpt>
  <trkpt lat="26.41656667" lon="-80.17016500"><ele>20.629</ele><time>2026-07-18T17:33:01Z</time><speed>0.000</speed><sat>14</sat></trkpt>
  <trkpt lat="26.41656667" lon="-80.17016500"><ele>20.629</ele><time>2026-07-18T17:33:02Z</time><speed>0.000</speed><sat>14</sat></trkpt>
  <trkpt lat="26.41656667" lon="-80.17016500"><ele>20.629</ele><time>2026-07-18T17:33:03Z</time><speed>0.000</speed><sat>14</sat></trkpt>
  <trkpt lat="26.41656667" lon="-80.17016500"><ele>20.629</ele><time>2026-07-18T17:33:04Z</time><speed>0.000</speed><sat>14</sat></trkpt>
  <trkpt lat="26.41656667" lon="-80.17016500"><ele>20.629</ele><time>2026-07-18T17:33:05Z</time><speed>0.000</speed><sat>14</sat></trkpt>
  <trkpt lat="26.41656667" lon="-80.17016500"><ele>20.629</ele><time>2026-07-18T17:33:06Z</time><speed>0.000</speed><sat>14</sat></trkpt>
  <trkpt lat="26.41656667" lon="-80.17016500"><ele>20.629</ele><time>2026-07-18T17:33:07Z</time><speed>0.000</speed><sat>14</sat></trkpt>
  <trkpt lat="26.41656667" lon="-80.17016500"><ele>20.629</ele><time>2026-07-18T17:33:08Z</time><speed>0.000</speed><sat>14</sat></trkpt>
  <trkpt lat="26.41656667" lon="-80.17016500"><ele>20.629</ele><time>2026-07-18T17:33:09Z</time><speed>0.000</speed><sat>14</sat></trkpt>
  <trkpt lat="26.41656667" lon="-80.17016500"><ele>20.629</ele><time>2026-07-18T17:33:10Z</time><speed>0.000</speed><sat>14</sat></trkpt>
  <trkpt lat="26.41656667" lon="-80.17016500"><ele>20.629</ele><time>2026-07-18T17:33:11Z</time><speed>0.000</speed><sat>14</sat></trkpt>
  <trkpt lat="26.41656667" lon="-80.17016500"><ele>20.629</ele><time>2026-07-18T17:33:12Z</time><speed>0.000</speed><sat>14</sat></trkpt>
  <trkpt lat="26.41656667" lon="-80.17016500"><ele>20.629</ele><time>2026-07-18T17:33:13Z</time><speed>0.000</speed><sat>14</sat></trkpt>
  <trkpt lat="26.41656667" lon="-80.17016500"><ele>20.629</ele><time>2026-07-18T17:33:14Z</time><speed>0.000</speed><sat>14</sat></trkpt>
  <trkpt lat="26.41656667" lon="-80.17016500"><ele>20.629</ele><time>2026-07-18T17:33:15Z</time><speed>0.000</speed><sat>14</sat></trkpt>
  <trkpt lat="26.41656667" lon="-80.17016500"><ele>20.629</ele><time>2026-07-18T17:33:16Z</time><speed>0.000</speed><sat>14</sat></trkpt>
  <trkpt lat="26.41656667" lon="-80.17016500"><ele>20.629</ele><time>2026-07-18T17:33:17Z</time><speed>0.000</speed><sat>14</sat></trkpt>
  <trkpt lat="26.41656000" lon="-80.17014167"><ele>7.529</ele><time>2026-07-18T17:33:18Z</time><speed>0.203</speed><sat>14</sat></trkpt>
  <trkpt lat="26.41656000" lon="-80.17014000"><ele>7.829</ele><time>2026-07-18T17:33:19Z</time><speed>0.242</speed><sat>14</sat></trkpt>
  <trkpt lat="26.41655833" lon="-80.17013833"><ele>8.129</ele><time>2026-07-18T17:33:20Z</time><speed>0.000</speed><sat>14</sat></trkpt>
  <trkpt lat="26.41655833" lon="-80.17013500"><ele>8.029</ele><time>2026-07-18T17:33:21Z</time><speed>0.000</speed><sat>14</sat></trkpt>
  <trkpt lat="26.41656167" lon="-80.17013333"><ele>8.029</ele><time>2026-07-18T17:33:22Z</time><speed>0.000</speed><sat>14</sat></trkpt>
  <trkpt lat="26.41656167" lon="-80.17013333"><ele>8.029</ele><time>2026-07-18T17:33:23Z</time><speed>0.000</speed><sat>14</sat></trkpt>
  <trkpt lat="26.41657833" lon="-80.17012667"><ele>8.329</ele><time>2026-07-18T17:33:24Z</time><speed>0.376</speed><sat>14</sat></trkpt>
  <trkpt lat="26.41659000" lon="-80.17013167"><ele>8.429</ele><time>2026-07-18T17:33:25Z</time><speed>0.439</speed><sat>14</sat></trkpt>
  <trkpt lat="26.41660167" lon="-80.17013167"><ele>8.329</ele><time>2026-07-18T17:33:26Z</time><speed>0.531</speed><sat>14</sat></trkpt>
  <trkpt lat="26.41661000" lon="-80.17012500"><ele>8.229</ele><time>2026-07-18T17:33:27Z</time><speed>0.585</speed><sat>14</sat></trkpt>
  <trkpt lat="26.41661500" lon="-80.17011833"><ele>8.229</ele><time>2026-07-18T17:33:28Z</time><speed>0.652</speed><sat>14</sat></trkpt>
  <trkpt lat="26.41662000" lon="-80.17011000"><ele>7.729</ele><time>2026-07-18T17:33:29Z</time><speed>0.743</speed><sat>14</sat></trkpt>
  <trkpt lat="26.41662000" lon="-80.17009833"><ele>7.129</ele><time>2026-07-18T17:33:30Z</time><speed>0.865</speed><sat>14</sat></trkpt>
  <trkpt lat="26.41662167" lon="-80.17008167"><ele>6.929</ele><time>2026-07-18T17:33:31Z</time><speed>1.015</speed><sat>14</sat></trkpt>
  <trkpt lat="26.41662000" lon="-80.17006667"><ele>6.729</ele><time>2026-07-18T17:33:32Z</time><speed>1.188</speed><sat>14</sat></trkpt>
  <trkpt lat="26.41662000" lon="-80.17004667"><ele>6.929</ele><time>2026-07-18T17:33:33Z</time><speed>1.317</speed><sat>14</sat></trkpt>
  <trkpt lat="26.41661833" lon="-80.17003167"><ele>7.129</ele><time>2026-07-18T17:33:34Z</time><speed>1.422</speed><sat>14</sat></trkpt>
  <trkpt lat="26.41661167" lon="-80.17001167"><ele>7.130</ele><time>2026-07-18T17:33:35Z</time><speed>1.517</speed><sat>14</sat></trkpt>
  <trkpt lat="26.41660333" lon="-80.16999667"><ele>7.330</ele><time>2026-07-18T17:33:36Z</time><speed>1.568</speed><sat>14</sat></trkpt>
  <trkpt lat="26.41659167" lon="-80.16998333"><ele>7.330</ele><time>2026-07-18T17:33:37Z</time><speed>1.637</speed><sat>14</sat></trkpt>
  <trkpt lat="26.41657833" lon="-80.16997000"><ele>7.630</ele><time>2026-07-18T17:33:38Z</time><speed>1.705</speed><sat>14</sat></trkpt>
  <trkpt lat="26.41655833" lon="-80.16996500"><ele>8.130</ele><time>2026-07-18T17:33:39Z</time><speed>1.773</speed><sat>14</sat></trkpt>
  <trkpt lat="26.41654000" lon="-80.16995667"><ele>8.430</ele><time>2026-07-18T17:33:40Z</time><speed>1.813</speed><sat>14</sat></trkpt>
  <trkpt lat="26.41652167" lon="-80.16996333"><ele>8.430</ele><time>2026-07-18T17:33:41Z</time><speed>1.806</speed><sat>14</sat></trkpt>
  <trkpt lat="26.41650500" lon="-80.16997333"><ele>8.530</ele><time>2026-07-18T17:33:42Z</time><speed>1.773</speed><sat>14</sat></trkpt>
  <trkpt lat="26.41649167" lon="-80.16997833"><ele>9.030</ele><time>2026-07-18T17:33:43Z</time><speed>1.736</speed><sat>14</sat></trkpt>
  <trkpt lat="26.41647667" lon="-80.16998833"><ele>9.330</ele><time>2026-07-18T17:33:44Z</time><speed>1.733</speed><sat>14</sat></trkpt>
  <trkpt lat="26.41646333" lon="-80.16999500"><ele>9.530</ele><time>2026-07-18T17:33:45Z</time><speed>1.691</speed><sat>14</sat></trkpt>
  <trkpt lat="26.41645667" lon="-80.17001000"><ele>9.729</ele><time>2026-07-18T17:33:46Z</time><speed>1.659</speed><sat>14</sat></trkpt>
  <trkpt lat="26.41645167" lon="-80.17002333"><ele>9.729</ele><time>2026-07-18T17:33:47Z</time><speed>1.624</speed><sat>14</sat></trkpt>
  <trkpt lat="26.41645333" lon="-80.17003833"><ele>9.829</ele><time>2026-07-18T17:33:48Z</time><speed>1.586</speed><sat>14</sat></trkpt>
  <trkpt lat="26.41645667" lon="-80.17005833"><ele>9.829</ele><time>2026-07-18T17:33:49Z</time><speed>1.537</speed><sat>14</sat></trkpt>
  <trkpt lat="26.41646333" lon="-80.17007333"><ele>9.629</ele><time>2026-07-18T17:33:50Z</time><speed>1.520</speed><sat>14</sat></trkpt>
  <trkpt lat="26.41646833" lon="-80.17008833"><ele>9.629</ele><time>2026-07-18T17:33:51Z</time><speed>1.530</speed><sat>14</sat></trkpt>
  <trkpt lat="26.41647500" lon="-80.17010833"><ele>10.129</ele><time>2026-07-18T17:33:52Z</time><speed>1.554</speed><sat>14</sat></trkpt>
  <trkpt lat="26.41647833" lon="-80.17013000"><ele>10.529</ele><time>2026-07-18T17:33:53Z</time><speed>1.571</speed><sat>14</sat></trkpt>
  <trkpt lat="26.41648500" lon="-80.17014333"><ele>10.629</ele><time>2026-07-18T17:33:54Z</time><speed>1.561</speed><sat>14</sat></trkpt>
  <trkpt lat="26.41648833" lon="-80.17015667"><ele>10.729</ele><time>2026-07-18T17:33:55Z</time><speed>1.556</speed><sat>14</sat></trkpt>
  <trkpt lat="26.41648833" lon="-80.17016833"><ele>11.129</ele><time>2026-07-18T17:33:56Z</time><speed>1.572</speed><sat>14</sat></trkpt>
  <trkpt lat="26.41649500" lon="-80.17018167"><ele>10.829</ele><time>2026-07-18T17:33:57Z</time><speed>1.589</speed><sat>14</sat></trkpt>
  <trkpt lat="26.41650167" lon="-80.17020000"><ele>10.329</ele><time>2026-07-18T17:33:58Z</time><speed>1.604</speed><sat>14</sat></trkpt>
  <trkpt lat="26.41650833" lon="-80.17021333"><ele>10.029</ele><time>2026-07-18T17:33:59Z</time><speed>1.642</speed><sat>14</sat></trkpt>
  <trkpt lat="26.41651667" lon="-80.17023167"><ele>9.929</ele><time>2026-07-18T17:34:00Z</time><speed>1.671</speed><sat>14</sat></trkpt>
  <trkpt lat="26.41652167" lon="-80.17025333"><ele>9.828</ele><time>2026-07-18T17:34:01Z</time><speed>1.716</speed><sat>14</sat></trkpt>
  <trkpt lat="26.41652500" lon="-80.17027667"><ele>9.528</ele><time>2026-07-18T17:34:02Z</time><speed>1.764</speed><sat>14</sat></trkpt>
  <trkpt lat="26.41652333" lon="-80.17029667"><ele>9.428</ele><time>2026-07-18T17:34:03Z</time><speed>1.836</speed><sat>14</sat></trkpt>
  <trkpt lat="26.41651500" lon="-80.17032000"><ele>9.528</ele><time>2026-07-18T17:34:04Z</time><speed>1.902</speed><sat>14</sat></trkpt>
  <trkpt lat="26.41650667" lon="-80.17034000"><ele>9.528</ele><time>2026-07-18T17:34:05Z</time><speed>1.980</speed><sat>14</sat></trkpt>
  <trkpt lat="26.41649667" lon="-80.17035833"><ele>10.028</ele><time>2026-07-18T17:34:06Z</time><speed>2.066</speed><sat>14</sat></trkpt>
  <trkpt lat="26.41648667" lon="-80.17037833"><ele>10.328</ele><time>2026-07-18T17:34:07Z</time><speed>2.128</speed><sat>14</sat></trkpt>
  <trkpt lat="26.41647833" lon="-80.17039833"><ele>10.428</ele><time>2026-07-18T17:34:08Z</time><speed>2.205</speed><sat>14</sat></trkpt>
  <trkpt lat="26.41647000" lon="-80.17042000"><ele>10.628</ele><time>2026-07-18T17:34:09Z</time><speed>2.268</speed><sat>14</sat></trkpt>
  <trkpt lat="26.41646167" lon="-80.17044333"><ele>10.828</ele><time>2026-07-18T17:34:10Z</time><speed>2.331</speed><sat>14</sat></trkpt>
  <trkpt lat="26.41645833" lon="-80.17046833"><ele>10.828</ele><time>2026-07-18T17:34:11Z</time><speed>2.374</speed><sat>14</sat></trkpt>
  <trkpt lat="26.41645333" lon="-80.17049500"><ele>11.127</ele><time>2026-07-18T17:34:12Z</time><speed>2.412</speed><sat>14</sat></trkpt>
  <trkpt lat="26.41645667" lon="-80.17052333"><ele>11.327</ele><time>2026-07-18T17:34:13Z</time><speed>2.449</speed><sat>14</sat></trkpt>
  <trkpt lat="26.41646167" lon="-80.17055333"><ele>11.727</ele><time>2026-07-18T17:34:14Z</time><speed>2.490</speed><sat>14</sat></trkpt>
  <trkpt lat="26.41647000" lon="-80.17057833"><ele>11.927</ele><time>2026-07-18T17:34:15Z</time><speed>2.527</speed><sat>14</sat></trkpt>
  <trkpt lat="26.41648167" lon="-80.17060333"><ele>12.027</ele><time>2026-07-18T17:34:16Z</time><speed>2.542</speed><sat>14</sat></trkpt>
  <trkpt lat="26.41649333" lon="-80.17062500"><ele>12.127</ele><time>2026-07-18T17:34:17Z</time><speed>2.506</speed><sat>14</sat></trkpt>
  <trkpt lat="26.41650500" lon="-80.17064333"><ele>12.127</ele><time>2026-07-18T17:34:18Z</time><speed>2.480</speed><sat>14</sat></trkpt>
  <trkpt lat="26.41652667" lon="-80.17065833"><ele>12.227</ele><time>2026-07-18T17:34:19Z</time><speed>2.483</speed><sat>14</sat></trkpt>
  <trkpt lat="26.41654833" lon="-80.17067500"><ele>12.227</ele><time>2026-07-18T17:34:20Z</time><speed>2.513</speed><sat>14</sat></trkpt>
  <trkpt lat="26.41657167" lon="-80.17069167"><ele>11.927</ele><time>2026-07-18T17:34:21Z</time><speed>2.541</speed><sat>14</sat></trkpt>
  <trkpt lat="26.41659500" lon="-80.17071000"><ele>12.027</ele><time>2026-07-18T17:34:22Z</time><speed>2.551</speed><sat>14</sat></trkpt>
  <trkpt lat="26.41661833" lon="-80.17072333"><ele>11.927</ele><time>2026-07-18T17:34:23Z</time><speed>2.551</speed><sat>14</sat></trkpt>
  <trkpt lat="26.41664500" lon="-80.17073333"><ele>11.927</ele><time>2026-07-18T17:34:24Z</time><speed>2.567</speed><sat>14</sat></trkpt>
  <trkpt lat="26.41666667" lon="-80.17073667"><ele>11.827</ele><time>2026-07-18T17:34:25Z</time><speed>2.562</speed><sat>14</sat></trkpt>
  <trkpt lat="26.41669000" lon="-80.17073667"><ele>11.827</ele><time>2026-07-18T17:34:26Z</time><speed>2.584</speed><sat>14</sat></trkpt>
  <trkpt lat="26.41671333" lon="-80.17073167"><ele>11.627</ele><time>2026-07-18T17:34:27Z</time><speed>2.682</speed><sat>14</sat></trkpt>
  <trkpt lat="26.41673833" lon="-80.17072667"><ele>12.527</ele><time>2026-07-18T17:34:28Z</time><speed>2.782</speed><sat>14</sat></trkpt>
  <trkpt lat="26.41676833" lon="-80.17072667"><ele>12.627</ele><time>2026-07-18T17:34:29Z</time><speed>2.874</speed><sat>14</sat></trkpt>
  <trkpt lat="26.41679833" lon="-80.17072833"><ele>12.627</ele><time>2026-07-18T17:34:30Z</time><speed>2.915</speed><sat>14</sat></trkpt>
  <trkpt lat="26.41682833" lon="-80.17073000"><ele>12.627</ele><time>2026-07-18T17:34:31Z</time><speed>2.963</speed><sat>14</sat></trkpt>
  <trkpt lat="26.41685667" lon="-80.17073000"><ele>12.627</ele><time>2026-07-18T17:34:32Z</time><speed>3.009</speed><sat>14</sat></trkpt>
  <trkpt lat="26.41688000" lon="-80.17073500"><ele>12.527</ele><time>2026-07-18T17:34:33Z</time><speed>3.049</speed><sat>14</sat></trkpt>
  <trkpt lat="26.41690167" lon="-80.17074167"><ele>12.327</ele><time>2026-07-18T17:34:34Z</time><speed>3.099</speed><sat>14</sat></trkpt>
  <trkpt lat="26.41692500" lon="-80.17074500"><ele>12.227</ele><time>2026-07-18T17:34:35Z</time><speed>3.165</speed><sat>14</sat></trkpt>
  <trkpt lat="26.41695333" lon="-80.17074500"><ele>11.827</ele><time>2026-07-18T17:34:36Z</time><speed>3.207</speed><sat>14</sat></trkpt>
  <trkpt lat="26.41698000" lon="-80.17074667"><ele>11.427</ele><time>2026-07-18T17:34:37Z</time><speed>3.244</speed><sat>14</sat></trkpt>
  <trkpt lat="26.41700833" lon="-80.17074667"><ele>11.327</ele><time>2026-07-18T17:34:38Z</time><speed>3.265</speed><sat>14</sat></trkpt>
  <trkpt lat="26.41704000" lon="-80.17074500"><ele>11.227</ele><time>2026-07-18T17:34:39Z</time><speed>3.247</speed><sat>14</sat></trkpt>
  <trkpt lat="26.41707167" lon="-80.17074333"><ele>11.227</ele><time>2026-07-18T17:34:40Z</time><speed>3.244</speed><sat>14</sat></trkpt>
  <trkpt lat="26.41710500" lon="-80.17074167"><ele>11.327</ele><time>2026-07-18T17:34:41Z</time><speed>3.265</speed><sat>14</sat></trkpt>
  <trkpt lat="26.41713833" lon="-80.17073833"><ele>11.727</ele><time>2026-07-18T17:34:42Z</time><speed>3.299</speed><sat>14</sat></trkpt>
  <trkpt lat="26.41717167" lon="-80.17072833"><ele>13.127</ele><time>2026-07-18T17:34:43Z</time><speed>3.342</speed><sat>14</sat></trkpt>
  <trkpt lat="26.41720500" lon="-80.17072667"><ele>13.427</ele><time>2026-07-18T17:34:44Z</time><speed>3.377</speed><sat>14</sat></trkpt>
  <trkpt lat="26.41723833" lon="-80.17072667"><ele>13.327</ele><time>2026-07-18T17:34:45Z</time><speed>3.402</speed><sat>14</sat></trkpt>
  <trkpt lat="26.41727000" lon="-80.17072667"><ele>13.527</ele><time>2026-07-18T17:34:46Z</time><speed>3.411</speed><sat>14</sat></trkpt>
  <trkpt lat="26.41730167" lon="-80.17072833"><ele>13.327</ele><time>2026-07-18T17:34:47Z</time><speed>3.422</speed><sat>14</sat></trkpt>
  <trkpt lat="26.41733333" lon="-80.17073167"><ele>13.627</ele><time>2026-07-18T17:34:48Z</time><speed>3.447</speed><sat>14</sat></trkpt>
  <trkpt lat="26.41736667" lon="-80.17073500"><ele>13.527</ele><time>2026-07-18T17:34:49Z</time><speed>3.460</speed><sat>14</sat></trkpt>
  <trkpt lat="26.41739833" lon="-80.17073667"><ele>13.427</ele><time>2026-07-18T17:34:50Z</time><speed>3.461</speed><sat>14</sat></trkpt>
  <trkpt lat="26.41743000" lon="-80.17074167"><ele>13.027</ele><time>2026-07-18T17:34:51Z</time><speed>3.448</speed><sat>14</sat></trkpt>
  <trkpt lat="26.41746000" lon="-80.17074333"><ele>13.127</ele><time>2026-07-18T17:34:52Z</time><speed>3.424</speed><sat>14</sat></trkpt>
  <trkpt lat="26.41748667" lon="-80.17074833"><ele>12.827</ele><time>2026-07-18T17:34:53Z</time><speed>3.414</speed><sat>14</sat></trkpt>
  <trkpt lat="26.41751667" lon="-80.17074667"><ele>13.027</ele><time>2026-07-18T17:34:54Z</time><speed>3.368</speed><sat>14</sat></trkpt>
  <trkpt lat="26.41754833" lon="-80.17074667"><ele>13.127</ele><time>2026-07-18T17:34:55Z</time><speed>3.363</speed><sat>14</sat></trkpt>
  <trkpt lat="26.41758000" lon="-80.17074667"><ele>13.327</ele><time>2026-07-18T17:34:56Z</time><speed>3.357</speed><sat>14</sat></trkpt>
  <trkpt lat="26.41761000" lon="-80.17074667"><ele>13.527</ele><time>2026-07-18T17:34:57Z</time><speed>3.335</speed><sat>14</sat></trkpt>
  <trkpt lat="26.41764000" lon="-80.17075000"><ele>13.727</ele><time>2026-07-18T17:34:58Z</time><speed>3.311</speed><sat>14</sat></trkpt>
  <trkpt lat="26.41767333" lon="-80.17075000"><ele>13.827</ele><time>2026-07-18T17:34:59Z</time><speed>3.310</speed><sat>14</sat></trkpt>
  <trkpt lat="26.41770333" lon="-80.17075000"><ele>14.227</ele><time>2026-07-18T17:35:00Z</time><speed>3.306</speed><sat>14</sat></trkpt>
  <trkpt lat="26.41773500" lon="-80.17075000"><ele>14.227</ele><time>2026-07-18T17:35:01Z</time><speed>3.303</speed><sat>14</sat></trkpt>
  <trkpt lat="26.41776667" lon="-80.17074833"><ele>14.127</ele><time>2026-07-18T17:35:02Z</time><speed>3.303</speed><sat>14</sat></trkpt>
  <trkpt lat="26.41779833" lon="-80.17074833"><ele>14.027</ele><time>2026-07-18T17:35:03Z</time><speed>3.295</speed><sat>14</sat></trkpt>
  <trkpt lat="26.41782667" lon="-80.17074833"><ele>13.827</ele><time>2026-07-18T17:35:04Z</time><speed>3.314</speed><sat>14</sat></trkpt>
  <trkpt lat="26.41786000" lon="-80.17074500"><ele>13.827</ele><time>2026-07-18T17:35:05Z</time><speed>3.315</speed><sat>14</sat></trkpt>
  <trkpt lat="26.41789000" lon="-80.17074500"><ele>13.727</ele><time>2026-07-18T17:35:06Z</time><speed>3.322</speed><sat>14</sat></trkpt>
  <trkpt lat="26.41792000" lon="-80.17074500"><ele>13.627</ele><time>2026-07-18T17:35:07Z</time><speed>3.342</speed><sat>14</sat></trkpt>
  <trkpt lat="26.41795000" lon="-80.17074333"><ele>13.727</ele><time>2026-07-18T17:35:08Z</time><speed>3.331</speed><sat>14</sat></trkpt>
  <trkpt lat="26.41797833" lon="-80.17073833"><ele>13.727</ele><time>2026-07-18T17:35:09Z</time><speed>3.308</speed><sat>14</sat></trkpt>
  <trkpt lat="26.41800667" lon="-80.17073667"><ele>13.827</ele><time>2026-07-18T17:35:10Z</time><speed>3.315</speed><sat>14</sat></trkpt>
  <trkpt lat="26.41803333" lon="-80.17073500"><ele>13.827</ele><time>2026-07-18T17:35:11Z</time><speed>3.298</speed><sat>14</sat></trkpt>
  <trkpt lat="26.41806333" lon="-80.17073167"><ele>13.927</ele><time>2026-07-18T17:35:12Z</time><speed>3.288</speed><sat>14</sat></trkpt>
  <trkpt lat="26.41809167" lon="-80.17073000"><ele>14.027</ele><time>2026-07-18T17:35:13Z</time><speed>3.277</speed><sat>14</sat></trkpt>
  <trkpt lat="26.41812000" lon="-80.17073000"><ele>14.027</ele><time>2026-07-18T17:35:14Z</time><speed>3.287</speed><sat>14</sat></trkpt>
  <trkpt lat="26.41815000" lon="-80.17072833"><ele>14.027</ele><time>2026-07-18T17:35:15Z</time><speed>3.296</speed><sat>14</sat></trkpt>
  <trkpt lat="26.41818167" lon="-80.17072500"><ele>14.127</ele><time>2026-07-18T17:35:16Z</time><speed>3.320</speed><sat>14</sat></trkpt>
  <trkpt lat="26.41821000" lon="-80.17072167"><ele>14.127</ele><time>2026-07-18T17:35:17Z</time><speed>3.335</speed><sat>14</sat></trkpt>
  <trkpt lat="26.41824000" lon="-80.17072167"><ele>14.328</ele><time>2026-07-18T17:35:18Z</time><speed>3.361</speed><sat>14</sat></trkpt>
  <trkpt lat="26.41827000" lon="-80.17071667"><ele>14.528</ele><time>2026-07-18T17:35:19Z</time><speed>3.400</speed><sat>14</sat></trkpt>
  <trkpt lat="26.41830167" lon="-80.17071500"><ele>13.828</ele><time>2026-07-18T17:35:20Z</time><speed>3.432</speed><sat>14</sat></trkpt>
  <trkpt lat="26.41833500" lon="-80.17071167"><ele>13.628</ele><time>2026-07-18T17:35:21Z</time><speed>3.474</speed><sat>14</sat></trkpt>
  <trkpt lat="26.41836667" lon="-80.17070833"><ele>13.528</ele><time>2026-07-18T17:35:22Z</time><speed>3.500</speed><sat>14</sat></trkpt>
  <trkpt lat="26.41840000" lon="-80.17070833"><ele>13.228</ele><time>2026-07-18T17:35:23Z</time><speed>3.554</speed><sat>14</sat></trkpt>
  <trkpt lat="26.41843167" lon="-80.17070833"><ele>13.228</ele><time>2026-07-18T17:35:24Z</time><speed>3.576</speed><sat>14</sat></trkpt>
  <trkpt lat="26.41846667" lon="-80.17071000"><ele>12.728</ele><time>2026-07-18T17:35:25Z</time><speed>3.595</speed><sat>14</sat></trkpt>
  <trkpt lat="26.41850167" lon="-80.17071333"><ele>12.528</ele><time>2026-07-18T17:35:26Z</time><speed>3.618</speed><sat>14</sat></trkpt>
  <trkpt lat="26.41853333" lon="-80.17071667"><ele>12.628</ele><time>2026-07-18T17:35:27Z</time><speed>3.608</speed><sat>14</sat></trkpt>
  <trkpt lat="26.41856500" lon="-80.17071667"><ele>12.628</ele><time>2026-07-18T17:35:28Z</time><speed>3.597</speed><sat>14</sat></trkpt>
  <trkpt lat="26.41859500" lon="-80.17071833"><ele>12.728</ele><time>2026-07-18T17:35:29Z</time><speed>3.582</speed><sat>14</sat></trkpt>
  <trkpt lat="26.41862667" lon="-80.17072000"><ele>12.828</ele><time>2026-07-18T17:35:30Z</time><speed>3.567</speed><sat>14</sat></trkpt>
  <trkpt lat="26.41865833" lon="-80.17072167"><ele>13.028</ele><time>2026-07-18T17:35:31Z</time><speed>3.562</speed><sat>14</sat></trkpt>
  <trkpt lat="26.41869333" lon="-80.17072500"><ele>13.128</ele><time>2026-07-18T17:35:32Z</time><speed>3.570</speed><sat>14</sat></trkpt>
  <trkpt lat="26.41872500" lon="-80.17072333"><ele>13.128</ele><time>2026-07-18T17:35:33Z</time><speed>3.546</speed><sat>14</sat></trkpt>
  <trkpt lat="26.41875833" lon="-80.17072500"><ele>13.028</ele><time>2026-07-18T17:35:34Z</time><speed>3.526</speed><sat>14</sat></trkpt>
  <trkpt lat="26.41879000" lon="-80.17072667"><ele>13.128</ele><time>2026-07-18T17:35:35Z</time><speed>3.532</speed><sat>14</sat></trkpt>
  <trkpt lat="26.41882167" lon="-80.17072667"><ele>13.128</ele><time>2026-07-18T17:35:36Z</time><speed>3.521</speed><sat>14</sat></trkpt>
  <trkpt lat="26.41885167" lon="-80.17073000"><ele>13.128</ele><time>2026-07-18T17:35:37Z</time><speed>3.542</speed><sat>14</sat></trkpt>
  <trkpt lat="26.41888167" lon="-80.17073167"><ele>12.928</ele><time>2026-07-18T17:35:38Z</time><speed>3.535</speed><sat>14</sat></trkpt>
  <trkpt lat="26.41891333" lon="-80.17072667"><ele>12.828</ele><time>2026-07-18T17:35:39Z</time><speed>3.576</speed><sat>14</sat></trkpt>
  <trkpt lat="26.41895000" lon="-80.17071500"><ele>13.428</ele><time>2026-07-18T17:35:40Z</time><speed>3.619</speed><sat>14</sat></trkpt>
  <trkpt lat="26.41898333" lon="-80.17071000"><ele>13.328</ele><time>2026-07-18T17:35:41Z</time><speed>3.651</speed><sat>14</sat></trkpt>
  <trkpt lat="26.41901000" lon="-80.17071167"><ele>13.128</ele><time>2026-07-18T17:35:42Z</time><speed>3.679</speed><sat>14</sat></trkpt>
  <trkpt lat="26.41904500" lon="-80.17070667"><ele>13.328</ele><time>2026-07-18T17:35:43Z</time><speed>3.714</speed><sat>14</sat></trkpt>
  <trkpt lat="26.41906833" lon="-80.17070000"><ele>13.128</ele><time>2026-07-18T17:35:44Z</time><speed>3.595</speed><sat>14</sat></trkpt>
  <trkpt lat="26.41909833" lon="-80.17069500"><ele>12.128</ele><time>2026-07-18T17:35:45Z</time><speed>3.483</speed><sat>14</sat></trkpt>
  <trkpt lat="26.41913000" lon="-80.17068833"><ele>11.728</ele><time>2026-07-18T17:35:46Z</time><speed>3.386</speed><sat>14</sat></trkpt>
  <trkpt lat="26.41915833" lon="-80.17067667"><ele>11.328</ele><time>2026-07-18T17:35:47Z</time><speed>3.303</speed><sat>14</sat></trkpt>
  <trkpt lat="26.41919167" lon="-80.17066833"><ele>10.428</ele><time>2026-07-18T17:35:48Z</time><speed>3.295</speed><sat>14</sat></trkpt>
  <trkpt lat="26.41922167" lon="-80.17066167"><ele>10.128</ele><time>2026-07-18T17:35:49Z</time><speed>3.204</speed><sat>14</sat></trkpt>
  <trkpt lat="26.41924833" lon="-80.17065833"><ele>9.928</ele><time>2026-07-18T17:35:50Z</time><speed>3.134</speed><sat>14</sat></trkpt>
  <trkpt lat="26.41928167" lon="-80.17066167"><ele>10.328</ele><time>2026-07-18T17:35:51Z</time><speed>3.079</speed><sat>14</sat></trkpt>
  <trkpt lat="26.41931000" lon="-80.17066667"><ele>10.728</ele><time>2026-07-18T17:35:52Z</time><speed>3.008</speed><sat>14</sat></trkpt>
  <trkpt lat="26.41933667" lon="-80.17067167"><ele>10.328</ele><time>2026-07-18T17:35:53Z</time><speed>2.934</speed><sat>14</sat></trkpt>
  <trkpt lat="26.41936500" lon="-80.17067667"><ele>10.028</ele><time>2026-07-18T17:35:54Z</time><speed>3.027</speed><sat>14</sat></trkpt>
  <trkpt lat="26.41939333" lon="-80.17067833"><ele>10.128</ele><time>2026-07-18T17:35:55Z</time><speed>3.068</speed><sat>14</sat></trkpt>
  <trkpt lat="26.41942167" lon="-80.17068000"><ele>9.628</ele><time>2026-07-18T17:35:56Z</time><speed>3.116</speed><sat>14</sat></trkpt>
  <trkpt lat="26.41944667" lon="-80.17068333"><ele>9.628</ele><time>2026-07-18T17:35:57Z</time><speed>3.163</speed><sat>14</sat></trkpt>
  <trkpt lat="26.41947667" lon="-80.17068833"><ele>9.828</ele><time>2026-07-18T17:35:58Z</time><speed>3.168</speed><sat>14</sat></trkpt>
  <trkpt lat="26.41950833" lon="-80.17069333"><ele>9.628</ele><time>2026-07-18T17:35:59Z</time><speed>3.165</speed><sat>14</sat></trkpt>
  <trkpt lat="26.41953333" lon="-80.17069667"><ele>9.728</ele><time>2026-07-18T17:36:00Z</time><speed>3.121</speed><sat>14</sat></trkpt>
  <trkpt lat="26.41956833" lon="-80.17069667"><ele>9.928</ele><time>2026-07-18T17:36:01Z</time><speed>3.072</speed><sat>14</sat></trkpt>
  <trkpt lat="26.41959667" lon="-80.17070667"><ele>10.128</ele><time>2026-07-18T17:36:02Z</time><speed>3.028</speed><sat>14</sat></trkpt>
  <trkpt lat="26.41962333" lon="-80.17071167"><ele>10.328</ele><time>2026-07-18T17:36:03Z</time><speed>2.999</speed><sat>13</sat></trkpt>
  <trkpt lat="26.41964667" lon="-80.17072500"><ele>9.928</ele><time>2026-07-18T17:36:04Z</time><speed>2.959</speed><sat>14</sat></trkpt>
  <trkpt lat="26.41967000" lon="-80.17073000"><ele>10.128</ele><time>2026-07-18T17:36:05Z</time><speed>2.966</speed><sat>14</sat></trkpt>
  <trkpt lat="26.41969500" lon="-80.17073500"><ele>10.228</ele><time>2026-07-18T17:36:06Z</time><speed>2.949</speed><sat>14</sat></trkpt>
  <trkpt lat="26.41972167" lon="-80.17073667"><ele>10.428</ele><time>2026-07-18T17:36:07Z</time><speed>2.933</speed><sat>14</sat></trkpt>
  <trkpt lat="26.41975000" lon="-80.17073667"><ele>10.328</ele><time>2026-07-18T17:36:08Z</time><speed>2.938</speed><sat>14</sat></trkpt>
  <trkpt lat="26.41977833" lon="-80.17073833"><ele>10.928</ele><time>2026-07-18T17:36:09Z</time><speed>2.942</speed><sat>14</sat></trkpt>
  <trkpt lat="26.41980167" lon="-80.17074167"><ele>10.928</ele><time>2026-07-18T17:36:10Z</time><speed>2.918</speed><sat>14</sat></trkpt>
  <trkpt lat="26.41982333" lon="-80.17073833"><ele>11.728</ele><time>2026-07-18T17:36:11Z</time><speed>2.795</speed><sat>14</sat></trkpt>
  <trkpt lat="26.41984333" lon="-80.17073833"><ele>11.528</ele><time>2026-07-18T17:36:12Z</time><speed>2.680</speed><sat>14</sat></trkpt>
  <trkpt lat="26.41986667" lon="-80.17073667"><ele>11.228</ele><time>2026-07-18T17:36:13Z</time><speed>2.607</speed><sat>14</sat></trkpt>
  <trkpt lat="26.41989667" lon="-80.17074000"><ele>11.628</ele><time>2026-07-18T17:36:14Z</time><speed>2.616</speed><sat>14</sat></trkpt>
  <trkpt lat="26.41992167" lon="-80.17074167"><ele>12.328</ele><time>2026-07-18T17:36:15Z</time><speed>2.622</speed><sat>14</sat></trkpt>
  <trkpt lat="26.41995000" lon="-80.17074667"><ele>13.028</ele><time>2026-07-18T17:36:16Z</time><speed>2.632</speed><sat>14</sat></trkpt>
  <trkpt lat="26.41997500" lon="-80.17075167"><ele>13.128</ele><time>2026-07-18T17:36:17Z</time><speed>2.631</speed><sat>14</sat></trkpt>
  <trkpt lat="26.42000000" lon="-80.17075500"><ele>13.228</ele><time>2026-07-18T17:36:18Z</time><speed>2.611</speed><sat>14</sat></trkpt>
  <trkpt lat="26.42002833" lon="-80.17075500"><ele>13.328</ele><time>2026-07-18T17:36:19Z</time><speed>2.638</speed><sat>14</sat></trkpt>
  <trkpt lat="26.42005667" lon="-80.17075833"><ele>13.228</ele><time>2026-07-18T17:36:20Z</time><speed>2.731</speed><sat>14</sat></trkpt>
  <trkpt lat="26.42008333" lon="-80.17076167"><ele>13.528</ele><time>2026-07-18T17:36:21Z</time><speed>2.849</speed><sat>14</sat></trkpt>
  <trkpt lat="26.42010333" lon="-80.17077000"><ele>13.428</ele><time>2026-07-18T17:36:22Z</time><speed>2.967</speed><sat>14</sat></trkpt>
  <trkpt lat="26.42012667" lon="-80.17076667"><ele>12.228</ele><time>2026-07-18T17:36:23Z</time><speed>3.009</speed><sat>14</sat></trkpt>
  <trkpt lat="26.42015167" lon="-80.17076667"><ele>12.328</ele><time>2026-07-18T17:36:24Z</time><speed>2.984</speed><sat>14</sat></trkpt>
  <trkpt lat="26.42017667" lon="-80.17076833"><ele>12.528</ele><time>2026-07-18T17:36:25Z</time><speed>2.946</speed><sat>14</sat></trkpt>
  <trkpt lat="26.42020667" lon="-80.17077167"><ele>13.128</ele><time>2026-07-18T17:36:26Z</time><speed>2.927</speed><sat>14</sat></trkpt>
  <trkpt lat="26.42023500" lon="-80.17077333"><ele>13.328</ele><time>2026-07-18T17:36:27Z</time><speed>2.909</speed><sat>14</sat></trkpt>
  <trkpt lat="26.42026167" lon="-80.17077833"><ele>13.328</ele><time>2026-07-18T17:36:28Z</time><speed>2.881</speed><sat>14</sat></trkpt>
  <trkpt lat="26.42028667" lon="-80.17078333"><ele>13.428</ele><time>2026-07-18T17:36:29Z</time><speed>2.816</speed><sat>14</sat></trkpt>
  <trkpt lat="26.42031500" lon="-80.17078333"><ele>13.428</ele><time>2026-07-18T17:36:30Z</time><speed>2.727</speed><sat>13</sat></trkpt>
  <trkpt lat="26.42033500" lon="-80.17079000"><ele>12.828</ele><time>2026-07-18T17:36:31Z</time><speed>2.733</speed><sat>14</sat></trkpt>
  <trkpt lat="26.42036000" lon="-80.17079167"><ele>12.428</ele><time>2026-07-18T17:36:32Z</time><speed>2.701</speed><sat>13</sat></trkpt>
  <trkpt lat="26.42038833" lon="-80.17079333"><ele>12.028</ele><time>2026-07-18T17:36:33Z</time><speed>2.766</speed><sat>13</sat></trkpt>
  <trkpt lat="26.42042000" lon="-80.17079500"><ele>12.028</ele><time>2026-07-18T17:36:34Z</time><speed>2.882</speed><sat>13</sat></trkpt>
  <trkpt lat="26.42045500" lon="-80.17079000"><ele>12.528</ele><time>2026-07-18T17:36:35Z</time><speed>2.969</speed><sat>13</sat></trkpt>
  <trkpt lat="26.42048500" lon="-80.17079000"><ele>12.528</ele><time>2026-07-18T17:36:36Z</time><speed>3.008</speed><sat>13</sat></trkpt>
  <trkpt lat="26.42051000" lon="-80.17079167"><ele>12.528</ele><time>2026-07-18T17:36:37Z</time><speed>3.027</speed><sat>13</sat></trkpt>
  <trkpt lat="26.42054000" lon="-80.17079167"><ele>12.829</ele><time>2026-07-18T17:36:38Z</time><speed>3.058</speed><sat>14</sat></trkpt>
  <trkpt lat="26.42056667" lon="-80.17079500"><ele>12.929</ele><time>2026-07-18T17:36:39Z</time><speed>3.163</speed><sat>14</sat></trkpt>
  <trkpt lat="26.42060000" lon="-80.17079500"><ele>12.929</ele><time>2026-07-18T17:36:40Z</time><speed>3.264</speed><sat>14</sat></trkpt>
  <trkpt lat="26.42063167" lon="-80.17079333"><ele>13.129</ele><time>2026-07-18T17:36:41Z</time><speed>3.328</speed><sat>14</sat></trkpt>
  <trkpt lat="26.42066333" lon="-80.17079000"><ele>13.229</ele><time>2026-07-18T17:36:42Z</time><speed>3.436</speed><sat>14</sat></trkpt>
  <trkpt lat="26.42069167" lon="-80.17078500"><ele>13.429</ele><time>2026-07-18T17:36:43Z</time><speed>3.454</speed><sat>14</sat></trkpt>
  <trkpt lat="26.42072000" lon="-80.17078500"><ele>13.629</ele><time>2026-07-18T17:36:44Z</time><speed>3.406</speed><sat>14</sat></trkpt>
  <trkpt lat="26.42075000" lon="-80.17078333"><ele>13.829</ele><time>2026-07-18T17:36:45Z</time><speed>3.382</speed><sat>14</sat></trkpt>
  <trkpt lat="26.42078167" lon="-80.17078333"><ele>13.829</ele><time>2026-07-18T17:36:46Z</time><speed>3.390</speed><sat>14</sat></trkpt>
  <trkpt lat="26.42081167" lon="-80.17078333"><ele>13.929</ele><time>2026-07-18T17:36:47Z</time><speed>3.406</speed><sat>14</sat></trkpt>
  <trkpt lat="26.42084167" lon="-80.17078500"><ele>13.829</ele><time>2026-07-18T17:36:48Z</time><speed>3.431</speed><sat>14</sat></trkpt>
  <trkpt lat="26.42087500" lon="-80.17078167"><ele>13.629</ele><time>2026-07-18T17:36:49Z</time><speed>3.426</speed><sat>14</sat></trkpt>
  <trkpt lat="26.42090667" lon="-80.17078000"><ele>13.629</ele><time>2026-07-18T17:36:50Z</time><speed>3.408</speed><sat>14</sat></trkpt>
  <trkpt lat="26.42093667" lon="-80.17077667"><ele>13.729</ele><time>2026-07-18T17:36:51Z</time><speed>3.394</speed><sat>14</sat></trkpt>
  <trkpt lat="26.42096833" lon="-80.17077000"><ele>13.529</ele><time>2026-07-18T17:36:52Z</time><speed>3.381</speed><sat>14</sat></trkpt>
  <trkpt lat="26.42099833" lon="-80.17076500"><ele>13.529</ele><time>2026-07-18T17:36:53Z</time><speed>3.402</speed><sat>14</sat></trkpt>
  <trkpt lat="26.42103000" lon="-80.17075500"><ele>13.429</ele><time>2026-07-18T17:36:54Z</time><speed>3.399</speed><sat>14</sat></trkpt>
  <trkpt lat="26.42106167" lon="-80.17074667"><ele>13.429</ele><time>2026-07-18T17:36:55Z</time><speed>3.429</speed><sat>14</sat></trkpt>
  <trkpt lat="26.42108833" lon="-80.17073833"><ele>13.529</ele><time>2026-07-18T17:36:56Z</time><speed>3.510</speed><sat>14</sat></trkpt>
  <trkpt lat="26.42112167" lon="-80.17073000"><ele>13.629</ele><time>2026-07-18T17:36:57Z</time><speed>3.529</speed><sat>14</sat></trkpt>
  <trkpt lat="26.42115167" lon="-80.17072000"><ele>14.029</ele><time>2026-07-18T17:36:58Z</time><speed>3.509</speed><sat>14</sat></trkpt>
  <trkpt lat="26.42118000" lon="-80.17071333"><ele>14.329</ele><time>2026-07-18T17:36:59Z</time><speed>3.445</speed><sat>14</sat></trkpt>
  <trkpt lat="26.42120667" lon="-80.17071333"><ele>14.329</ele><time>2026-07-18T17:37:00Z</time><speed>3.398</speed><sat>14</sat></trkpt>
  <trkpt lat="26.42123667" lon="-80.17071500"><ele>14.429</ele><time>2026-07-18T17:37:01Z</time><speed>3.375</speed><sat>14</sat></trkpt>
  <trkpt lat="26.42126833" lon="-80.17071333"><ele>14.529</ele><time>2026-07-18T17:37:02Z</time><speed>3.392</speed><sat>14</sat></trkpt>
  <trkpt lat="26.42130000" lon="-80.17071333"><ele>14.629</ele><time>2026-07-18T17:37:03Z</time><speed>3.402</speed><sat>14</sat></trkpt>
  <trkpt lat="26.42133500" lon="-80.17071333"><ele>14.729</ele><time>2026-07-18T17:37:04Z</time><speed>3.441</speed><sat>14</sat></trkpt>
  <trkpt lat="26.42136667" lon="-80.17071333"><ele>14.929</ele><time>2026-07-18T17:37:05Z</time><speed>3.425</speed><sat>14</sat></trkpt>
  <trkpt lat="26.42139833" lon="-80.17071167"><ele>15.129</ele><time>2026-07-18T17:37:06Z</time><speed>3.350</speed><sat>14</sat></trkpt>
  <trkpt lat="26.42142667" lon="-80.17071333"><ele>15.029</ele><time>2026-07-18T17:37:07Z</time><speed>3.338</speed><sat>14</sat></trkpt>
  <trkpt lat="26.42145667" lon="-80.17071500"><ele>15.029</ele><time>2026-07-18T17:37:08Z</time><speed>3.348</speed><sat>14</sat></trkpt>
  <trkpt lat="26.42148333" lon="-80.17071667"><ele>14.929</ele><time>2026-07-18T17:37:09Z</time><speed>3.375</speed><sat>14</sat></trkpt>
  <trkpt lat="26.42151333" lon="-80.17072000"><ele>14.729</ele><time>2026-07-18T17:37:10Z</time><speed>3.431</speed><sat>14</sat></trkpt>
  <trkpt lat="26.42153833" lon="-80.17072667"><ele>14.229</ele><time>2026-07-18T17:37:11Z</time><speed>3.490</speed><sat>14</sat></trkpt>
  <trkpt lat="26.42156500" lon="-80.17073833"><ele>13.729</ele><time>2026-07-18T17:37:12Z</time><speed>3.510</speed><sat>14</sat></trkpt>
  <trkpt lat="26.42159333" lon="-80.17074667"><ele>13.429</ele><time>2026-07-18T17:37:13Z</time><speed>3.514</speed><sat>14</sat></trkpt>
  <trkpt lat="26.42162833" lon="-80.17075333"><ele>13.229</ele><time>2026-07-18T17:37:14Z</time><speed>3.512</speed><sat>14</sat></trkpt>
  <trkpt lat="26.42165667" lon="-80.17076500"><ele>12.729</ele><time>2026-07-18T17:37:15Z</time><speed>3.547</speed><sat>14</sat></trkpt>
  <trkpt lat="26.42168833" lon="-80.17077167"><ele>12.529</ele><time>2026-07-18T17:37:16Z</time><speed>3.588</speed><sat>14</sat></trkpt>
  <trkpt lat="26.42171833" lon="-80.17077500"><ele>12.429</ele><time>2026-07-18T17:37:17Z</time><speed>3.629</speed><sat>14</sat></trkpt>
  <trkpt lat="26.42175000" lon="-80.17077667"><ele>12.429</ele><time>2026-07-18T17:37:18Z</time><speed>3.665</speed><sat>14</sat></trkpt>
  <trkpt lat="26.42178167" lon="-80.17077833"><ele>12.329</ele><time>2026-07-18T17:37:19Z</time><speed>3.705</speed><sat>14</sat></trkpt>
  <trkpt lat="26.42181500" lon="-80.17078167"><ele>12.029</ele><time>2026-07-18T17:37:20Z</time><speed>3.730</speed><sat>14</sat></trkpt>
  <trkpt lat="26.42184500" lon="-80.17078667"><ele>11.729</ele><time>2026-07-18T17:37:21Z</time><speed>3.753</speed><sat>14</sat></trkpt>
  <trkpt lat="26.42188500" lon="-80.17077167"><ele>13.929</ele><time>2026-07-18T17:37:22Z</time><speed>3.797</speed><sat>13</sat></trkpt>
  <trkpt lat="26.42191500" lon="-80.17078333"><ele>13.429</ele><time>2026-07-18T17:37:23Z</time><speed>3.798</speed><sat>14</sat></trkpt>
  <trkpt lat="26.42195500" lon="-80.17078667"><ele>12.929</ele><time>2026-07-18T17:37:24Z</time><speed>3.855</speed><sat>14</sat></trkpt>
  <trkpt lat="26.42198833" lon="-80.17079667"><ele>12.629</ele><time>2026-07-18T17:37:25Z</time><speed>3.878</speed><sat>14</sat></trkpt>
  <trkpt lat="26.42203333" lon="-80.17080000"><ele>12.429</ele><time>2026-07-18T17:37:26Z</time><speed>3.910</speed><sat>14</sat></trkpt>
  <trkpt lat="26.42207000" lon="-80.17081333"><ele>11.529</ele><time>2026-07-18T17:37:27Z</time><speed>3.937</speed><sat>14</sat></trkpt>
  <trkpt lat="26.42211000" lon="-80.17082333"><ele>11.129</ele><time>2026-07-18T17:37:28Z</time><speed>3.985</speed><sat>14</sat></trkpt>
  <trkpt lat="26.42215000" lon="-80.17083167"><ele>10.229</ele><time>2026-07-18T17:37:29Z</time><speed>4.028</speed><sat>14</sat></trkpt>
  <trkpt lat="26.42218500" lon="-80.17083667"><ele>10.029</ele><time>2026-07-18T17:37:30Z</time><speed>4.068</speed><sat>14</sat></trkpt>
  <trkpt lat="26.42222167" lon="-80.17084000"><ele>9.829</ele><time>2026-07-18T17:37:31Z</time><speed>4.074</speed><sat>14</sat></trkpt>
  <trkpt lat="26.42226333" lon="-80.17084333"><ele>10.029</ele><time>2026-07-18T17:37:32Z</time><speed>4.072</speed><sat>14</sat></trkpt>
  <trkpt lat="26.42230000" lon="-80.17084667"><ele>10.129</ele><time>2026-07-18T17:37:33Z</time><speed>4.096</speed><sat>14</sat></trkpt>
  <trkpt lat="26.42233833" lon="-80.17085333"><ele>9.929</ele><time>2026-07-18T17:37:34Z</time><speed>4.077</speed><sat>14</sat></trkpt>
  <trkpt lat="26.42237500" lon="-80.17085500"><ele>10.029</ele><time>2026-07-18T17:37:35Z</time><speed>4.120</speed><sat>14</sat></trkpt>
  <trkpt lat="26.42241167" lon="-80.17086000"><ele>10.029</ele><time>2026-07-18T17:37:36Z</time><speed>4.056</speed><sat>14</sat></trkpt>
  <trkpt lat="26.42244500" lon="-80.17086167"><ele>10.729</ele><time>2026-07-18T17:37:37Z</time><speed>3.965</speed><sat>14</sat></trkpt>
  <trkpt lat="26.42247500" lon="-80.17086667"><ele>11.029</ele><time>2026-07-18T17:37:38Z</time><speed>3.862</speed><sat>14</sat></trkpt>
  <trkpt lat="26.42251833" lon="-80.17086833"><ele>11.529</ele><time>2026-07-18T17:37:39Z</time><speed>3.843</speed><sat>13</sat></trkpt>
  <trkpt lat="26.42256500" lon="-80.17087167"><ele>11.429</ele><time>2026-07-18T17:37:40Z</time><speed>3.860</speed><sat>14</sat></trkpt>
  <trkpt lat="26.42260500" lon="-80.17086667"><ele>11.829</ele><time>2026-07-18T17:37:41Z</time><speed>3.907</speed><sat>13</sat></trkpt>
  <trkpt lat="26.42264667" lon="-80.17086333"><ele>12.229</ele><time>2026-07-18T17:37:42Z</time><speed>3.944</speed><sat>13</sat></trkpt>
  <trkpt lat="26.42268500" lon="-80.17086833"><ele>11.629</ele><time>2026-07-18T17:37:43Z</time><speed>4.006</speed><sat>14</sat></trkpt>
  <trkpt lat="26.42272333" lon="-80.17086833"><ele>11.029</ele><time>2026-07-18T17:37:44Z</time><speed>4.052</speed><sat>14</sat></trkpt>
  <trkpt lat="26.42276167" lon="-80.17086500"><ele>10.629</ele><time>2026-07-18T17:37:45Z</time><speed>3.989</speed><sat>14</sat></trkpt>
  <trkpt lat="26.42280000" lon="-80.17085667"><ele>10.930</ele><time>2026-07-18T17:37:46Z</time><speed>4.020</speed><sat>14</sat></trkpt>
  <trkpt lat="26.42283667" lon="-80.17084333"><ele>11.430</ele><time>2026-07-18T17:37:47Z</time><speed>4.072</speed><sat>14</sat></trkpt>
  <trkpt lat="26.42287833" lon="-80.17083833"><ele>11.530</ele><time>2026-07-18T17:37:48Z</time><speed>4.235</speed><sat>13</sat></trkpt>
  <trkpt lat="26.42292500" lon="-80.17083667"><ele>11.530</ele><time>2026-07-18T17:37:49Z</time><speed>4.293</speed><sat>14</sat></trkpt>
  <trkpt lat="26.42297000" lon="-80.17083333"><ele>11.830</ele><time>2026-07-18T17:37:50Z</time><speed>4.270</speed><sat>14</sat></trkpt>
  <trkpt lat="26.42300667" lon="-80.17083333"><ele>12.130</ele><time>2026-07-18T17:37:51Z</time><speed>4.221</speed><sat>14</sat></trkpt>
  <trkpt lat="26.42304500" lon="-80.17083167"><ele>12.430</ele><time>2026-07-18T17:37:52Z</time><speed>4.205</speed><sat>14</sat></trkpt>
  <trkpt lat="26.42308333" lon="-80.17083667"><ele>11.930</ele><time>2026-07-18T17:37:53Z</time><speed>4.144</speed><sat>14</sat></trkpt>
  <trkpt lat="26.42312000" lon="-80.17084000"><ele>12.230</ele><time>2026-07-18T17:37:54Z</time><speed>4.079</speed><sat>14</sat></trkpt>
  <trkpt lat="26.42315333" lon="-80.17084500"><ele>12.430</ele><time>2026-07-18T17:37:55Z</time><speed>4.074</speed><sat>14</sat></trkpt>
  <trkpt lat="26.42318833" lon="-80.17084667"><ele>12.430</ele><time>2026-07-18T17:37:56Z</time><speed>4.070</speed><sat>14</sat></trkpt>
  <trkpt lat="26.42322167" lon="-80.17084833"><ele>12.130</ele><time>2026-07-18T17:37:57Z</time><speed>4.074</speed><sat>14</sat></trkpt>
  <trkpt lat="26.42324500" lon="-80.17085667"><ele>11.930</ele><time>2026-07-18T17:37:58Z</time><speed>3.857</speed><sat>14</sat></trkpt>
  <trkpt lat="26.42326167" lon="-80.17086333"><ele>11.830</ele><time>2026-07-18T17:37:59Z</time><speed>3.611</speed><sat>14</sat></trkpt>
  <trkpt lat="26.42326833" lon="-80.17086000"><ele>11.730</ele><time>2026-07-18T17:38:00Z</time><speed>3.347</speed><sat>14</sat></trkpt>
  <trkpt lat="26.42328833" lon="-80.17085500"><ele>12.130</ele><time>2026-07-18T17:38:01Z</time><speed>3.173</speed><sat>14</sat></trkpt>
  <trkpt lat="26.42331167" lon="-80.17085667"><ele>11.930</ele><time>2026-07-18T17:38:02Z</time><speed>2.983</speed><sat>14</sat></trkpt>
  <trkpt lat="26.42333333" lon="-80.17085500"><ele>11.830</ele><time>2026-07-18T17:38:03Z</time><speed>2.826</speed><sat>14</sat></trkpt>
  <trkpt lat="26.42335167" lon="-80.17085167"><ele>11.830</ele><time>2026-07-18T17:38:04Z</time><speed>2.644</speed><sat>14</sat></trkpt>
  <trkpt lat="26.42336167" lon="-80.17085333"><ele>10.930</ele><time>2026-07-18T17:38:05Z</time><speed>2.397</speed><sat>14</sat></trkpt>
  <trkpt lat="26.42336000" lon="-80.17085500"><ele>11.030</ele><time>2026-07-18T17:38:06Z</time><speed>2.089</speed><sat>14</sat></trkpt>
  <trkpt lat="26.42336167" lon="-80.17085333"><ele>10.930</ele><time>2026-07-18T17:38:07Z</time><speed>1.788</speed><sat>14</sat></trkpt>
  <trkpt lat="26.42336500" lon="-80.17085500"><ele>10.930</ele><time>2026-07-18T17:38:08Z</time><speed>1.593</speed><sat>13</sat></trkpt>
  <trkpt lat="26.42335500" lon="-80.17085167"><ele>10.930</ele><time>2026-07-18T17:38:09Z</time><speed>1.495</speed><sat>13</sat></trkpt>
  <trkpt lat="26.42334667" lon="-80.17085000"><ele>11.030</ele><time>2026-07-18T17:38:10Z</time><speed>1.411</speed><sat>13</sat></trkpt>
  <trkpt lat="26.42334333" lon="-80.17084833"><ele>11.330</ele><time>2026-07-18T17:38:11Z</time><speed>1.243</speed><sat>14</sat></trkpt>
  <trkpt lat="26.42334000" lon="-80.17085000"><ele>11.130</ele><time>2026-07-18T17:38:12Z</time><speed>1.028</speed><sat>14</sat></trkpt>
  <trkpt lat="26.42333667" lon="-80.17084833"><ele>11.030</ele><time>2026-07-18T17:38:13Z</time><speed>0.824</speed><sat>14</sat></trkpt>
  <trkpt lat="26.42333333" lon="-80.17085333"><ele>10.930</ele><time>2026-07-18T17:38:14Z</time><speed>0.641</speed><sat>14</sat></trkpt>
  <trkpt lat="26.42332667" lon="-80.17085500"><ele>10.530</ele><time>2026-07-18T17:38:15Z</time><speed>0.518</speed><sat>14</sat></trkpt>
  <trkpt lat="26.42332167" lon="-80.17085333"><ele>10.830</ele><time>2026-07-18T17:38:16Z</time><speed>0.471</speed><sat>13</sat></trkpt>
  <trkpt lat="26.42331833" lon="-80.17085667"><ele>10.730</ele><time>2026-07-18T17:38:17Z</time><speed>0.441</speed><sat>13</sat></trkpt>
  <trkpt lat="26.42331667" lon="-80.17085667"><ele>10.630</ele><time>2026-07-18T17:38:18Z</time><speed>0.411</speed><sat>13</sat></trkpt>
  <trkpt lat="26.42331000" lon="-80.17085833"><ele>10.230</ele><time>2026-07-18T17:38:19Z</time><speed>0.000</speed><sat>13</sat></trkpt>
  <trkpt lat="26.42330833" lon="-80.17085667"><ele>10.030</ele><time>2026-07-18T17:38:20Z</time><speed>0.000</speed><sat>12</sat></trkpt>
  <trkpt lat="26.42330167" lon="-80.17085667"><ele>9.730</ele><time>2026-07-18T17:38:21Z</time><speed>0.000</speed><sat>12</sat></trkpt>
  <trkpt lat="26.42330167" lon="-80.17085667"><ele>9.730</ele><time>2026-07-18T17:38:22Z</time><speed>0.000</speed><sat>12</sat></trkpt>
  <trkpt lat="26.42330167" lon="-80.17085667"><ele>9.730</ele><time>2026-07-18T17:38:23Z</time><speed>0.000</speed><sat>13</sat></trkpt>
  <trkpt lat="26.42330167" lon="-80.17085667"><ele>9.730</ele><time>2026-07-18T17:38:24Z</time><speed>0.000</speed><sat>13</sat></trkpt>
  <trkpt lat="26.42330167" lon="-80.17085667"><ele>9.730</ele><time>2026-07-18T17:38:25Z</time><speed>0.000</speed><sat>14</sat></trkpt>
  <trkpt lat="26.42330167" lon="-80.17085667"><ele>9.730</ele><time>2026-07-18T17:38:26Z</time><speed>0.000</speed><sat>14</sat></trkpt>
  <trkpt lat="26.42330167" lon="-80.17085667"><ele>9.730</ele><time>2026-07-18T17:38:27Z</time><speed>0.000</speed><sat>14</sat></trkpt>
  <trkpt lat="26.42330167" lon="-80.17085667"><ele>9.730</ele><time>2026-07-18T17:38:28Z</time><speed>0.000</speed><sat>14</sat></trkpt>
  <trkpt lat="26.42330167" lon="-80.17085667"><ele>9.730</ele><time>2026-07-18T17:38:29Z</time><speed>0.000</speed><sat>14</sat></trkpt>
  <trkpt lat="26.42330167" lon="-80.17085667"><ele>9.730</ele><time>2026-07-18T17:38:30Z</time><speed>0.000</speed><sat>14</sat></trkpt>
  <trkpt lat="26.42330167" lon="-80.17085667"><ele>9.730</ele><time>2026-07-18T17:38:31Z</time><speed>0.000</speed><sat>14</sat></trkpt>
  <trkpt lat="26.42330167" lon="-80.17085667"><ele>9.730</ele><time>2026-07-18T17:38:32Z</time><speed>0.000</speed><sat>14</sat></trkpt>
  <trkpt lat="26.42330167" lon="-80.17085667"><ele>9.730</ele><time>2026-07-18T17:38:33Z</time><speed>0.000</speed><sat>14</sat></trkpt>
  <trkpt lat="26.42330167" lon="-80.17085667"><ele>9.730</ele><time>2026-07-18T17:38:34Z</time><speed>0.000</speed><sat>13</sat></trkpt>
  <trkpt lat="26.42330167" lon="-80.17085667"><ele>9.730</ele><time>2026-07-18T17:38:35Z</time><speed>0.000</speed><sat>13</sat></trkpt>
  <trkpt lat="26.42330167" lon="-80.17085667"><ele>9.730</ele><time>2026-07-18T17:38:36Z</time><speed>0.000</speed><sat>13</sat></trkpt>
  <trkpt lat="26.42330167" lon="-80.17085667"><ele>9.730</ele><time>2026-07-18T17:38:37Z</time><speed>0.000</speed><sat>14</sat></trkpt>
  <trkpt lat="26.42330167" lon="-80.17085667"><ele>9.730</ele><time>2026-07-18T17:38:38Z</time><speed>0.000</speed><sat>13</sat></trkpt>
  <trkpt lat="26.42330167" lon="-80.17085667"><ele>9.730</ele><time>2026-07-18T17:38:39Z</time><speed>0.000</speed><sat>13</sat></trkpt>
  <trkpt lat="26.42330167" lon="-80.17085667"><ele>9.730</ele><time>2026-07-18T17:38:40Z</time><speed>0.000</speed><sat>13</sat></trkpt>
  <trkpt lat="26.42330167" lon="-80.17085667"><ele>9.730</ele><time>2026-07-18T17:38:41Z</time><speed>0.000</speed><sat>12</sat></trkpt>
  <trkpt lat="26.42330167" lon="-80.17085667"><ele>9.730</ele><time>2026-07-18T17:38:42Z</time><speed>0.000</speed><sat>12</sat></trkpt>
  <trkpt lat="26.42330167" lon="-80.17085667"><ele>9.730</ele><time>2026-07-18T17:38:43Z</time><speed>0.000</speed><sat>11</sat></trkpt>
  <trkpt lat="26.42330167" lon="-80.17085667"><ele>9.730</ele><time>2026-07-18T17:38:44Z</time><speed>0.000</speed><sat>11</sat></trkpt>
  <trkpt lat="26.42330167" lon="-80.17085667"><ele>9.730</ele><time>2026-07-18T17:38:45Z</time><speed>0.000</speed><sat>11</sat></trkpt>
  <trkpt lat="26.42330167" lon="-80.17085667"><ele>9.730</ele><time>2026-07-18T17:38:46Z</time><speed>0.000</speed><sat>11</sat></trkpt>
  <trkpt lat="26.42330167" lon="-80.17085667"><ele>9.730</ele><time>2026-07-18T17:38:47Z</time><speed>0.000</speed><sat>11</sat></trkpt>
  <trkpt lat="26.42330167" lon="-80.17085667"><ele>9.730</ele><time>2026-07-18T17:38:48Z</time><speed>0.000</speed><sat>11</sat></trkpt>
  <trkpt lat="26.42330167" lon="-80.17085667"><ele>9.730</ele><time>2026-07-18T17:38:49Z</time><speed>0.000</speed><sat>11</sat></trkpt>
  <trkpt lat="26.42330167" lon="-80.17085667"><ele>9.730</ele><time>2026-07-18T17:38:50Z</time><speed>0.000</speed><sat>11</sat></trkpt>
  <trkpt lat="26.42330167" lon="-80.17085667"><ele>9.730</ele><time>2026-07-18T17:38:51Z</time><speed>0.000</speed><sat>11</sat></trkpt>
  <trkpt lat="26.42330167" lon="-80.17085667"><ele>9.730</ele><time>2026-07-18T17:38:52Z</time><speed>0.000</speed><sat>11</sat></trkpt>
  <trkpt lat="26.42330167" lon="-80.17085667"><ele>9.730</ele><time>2026-07-18T17:38:53Z</time><speed>0.000</speed><sat>11</sat></trkpt>
  <trkpt lat="26.42330167" lon="-80.17085667"><ele>9.730</ele><time>2026-07-18T17:38:54Z</time><speed>0.000</speed><sat>11</sat></trkpt>
  <trkpt lat="26.42330167" lon="-80.17085667"><ele>9.730</ele><time>2026-07-18T17:38:55Z</time><speed>0.000</speed><sat>11</sat></trkpt>
  <trkpt lat="26.42330167" lon="-80.17085667"><ele>9.730</ele><time>2026-07-18T17:38:56Z</time><speed>0.000</speed><sat>11</sat></trkpt>
  <trkpt lat="26.42330167" lon="-80.17085667"><ele>9.730</ele><time>2026-07-18T17:38:57Z</time><speed>0.000</speed><sat>11</sat></trkpt>
  <trkpt lat="26.42330167" lon="-80.17085667"><ele>9.730</ele><time>2026-07-18T17:38:58Z</time><speed>0.000</speed><sat>11</sat></trkpt>
  <trkpt lat="26.42330167" lon="-80.17085667"><ele>9.730</ele><time>2026-07-18T17:38:59Z</time><speed>0.000</speed><sat>11</sat></trkpt>
  <trkpt lat="26.42330167" lon="-80.17085667"><ele>9.730</ele><time>2026-07-18T17:39:00Z</time><speed>0.000</speed><sat>11</sat></trkpt>
  <trkpt lat="26.42330167" lon="-80.17085667"><ele>9.730</ele><time>2026-07-18T17:39:01Z</time><speed>0.000</speed><sat>11</sat></trkpt>
  <trkpt lat="26.42330167" lon="-80.17085667"><ele>9.730</ele><time>2026-07-18T17:39:02Z</time><speed>0.000</speed><sat>11</sat></trkpt>
  <trkpt lat="26.42330167" lon="-80.17085667"><ele>9.730</ele><time>2026-07-18T17:39:03Z</time><speed>0.000</speed><sat>11</sat></trkpt>
  <trkpt lat="26.42330167" lon="-80.17085667"><ele>9.730</ele><time>2026-07-18T17:39:04Z</time><speed>0.000</speed><sat>12</sat></trkpt>
  <trkpt lat="26.42330167" lon="-80.17085667"><ele>9.730</ele><time>2026-07-18T17:39:05Z</time><speed>0.000</speed><sat>12</sat></trkpt>
  <trkpt lat="26.42330167" lon="-80.17085667"><ele>9.730</ele><time>2026-07-18T17:39:06Z</time><speed>0.000</speed><sat>12</sat></trkpt>
  <trkpt lat="26.42330167" lon="-80.17085667"><ele>9.730</ele><time>2026-07-18T17:39:07Z</time><speed>0.000</speed><sat>12</sat></trkpt>
  <trkpt lat="26.42330167" lon="-80.17085667"><ele>9.730</ele><time>2026-07-18T17:39:08Z</time><speed>0.000</speed><sat>12</sat></trkpt>
  <trkpt lat="26.42330167" lon="-80.17085667"><ele>9.730</ele><time>2026-07-18T17:39:09Z</time><speed>0.000</speed><sat>12</sat></trkpt>
  <trkpt lat="26.42330167" lon="-80.17085667"><ele>9.730</ele><time>2026-07-18T17:39:10Z</time><speed>0.000</speed><sat>12</sat></trkpt>
  <trkpt lat="26.42330167" lon="-80.17085667"><ele>9.730</ele><time>2026-07-18T17:39:11Z</time><speed>0.000</speed><sat>12</sat></trkpt>
  <trkpt lat="26.42330167" lon="-80.17085667"><ele>9.730</ele><time>2026-07-18T17:39:12Z</time><speed>0.000</speed><sat>12</sat></trkpt>
  <trkpt lat="26.42330167" lon="-80.17085667"><ele>9.730</ele><time>2026-07-18T17:39:13Z</time><speed>0.000</speed><sat>12</sat></trkpt>
  <trkpt lat="26.42330167" lon="-80.17085667"><ele>9.730</ele><time>2026-07-18T17:39:14Z</time><speed>0.000</speed><sat>12</sat></trkpt>
  <trkpt lat="26.42330167" lon="-80.17085667"><ele>9.730</ele><time>2026-07-18T17:39:15Z</time><speed>0.000</speed><sat>12</sat></trkpt>
  <trkpt lat="26.42330167" lon="-80.17085667"><ele>9.730</ele><time>2026-07-18T17:39:16Z</time><speed>0.000</speed><sat>12</sat></trkpt>
  <trkpt lat="26.42330167" lon="-80.17085667"><ele>9.730</ele><time>2026-07-18T17:39:17Z</time><speed>0.000</speed><sat>11</sat></trkpt>
  <trkpt lat="26.42330167" lon="-80.17085667"><ele>9.730</ele><time>2026-07-18T17:39:18Z</time><speed>0.000</speed><sat>11</sat></trkpt>
  <trkpt lat="26.42330167" lon="-80.17085667"><ele>9.730</ele><time>2026-07-18T17:39:19Z</time><speed>0.000</speed><sat>11</sat></trkpt>
  <trkpt lat="26.42330167" lon="-80.17085667"><ele>9.730</ele><time>2026-07-18T17:39:20Z</time><speed>0.000</speed><sat>11</sat></trkpt>
  <trkpt lat="26.42330167" lon="-80.17085667"><ele>9.730</ele><time>2026-07-18T17:39:21Z</time><speed>0.000</speed><sat>11</sat></trkpt>
  <trkpt lat="26.42330167" lon="-80.17085667"><ele>9.730</ele><time>2026-07-18T17:39:22Z</time><speed>0.000</speed><sat>11</sat></trkpt>
  <trkpt lat="26.42330167" lon="-80.17085667"><ele>9.730</ele><time>2026-07-18T17:39:23Z</time><speed>0.000</speed><sat>12</sat></trkpt>
  <trkpt lat="26.42330167" lon="-80.17085667"><ele>9.730</ele><time>2026-07-18T17:39:24Z</time><speed>0.000</speed><sat>12</sat></trkpt>
  <trkpt lat="26.42330167" lon="-80.17085667"><ele>9.730</ele><time>2026-07-18T17:39:25Z</time><speed>0.000</speed><sat>12</sat></trkpt>
  <trkpt lat="26.42330167" lon="-80.17085667"><ele>9.730</ele><time>2026-07-18T17:39:26Z</time><speed>0.000</speed><sat>12</sat></trkpt>
  <trkpt lat="26.42330167" lon="-80.17085667"><ele>9.730</ele><time>2026-07-18T17:39:27Z</time><speed>0.000</speed><sat>12</sat></trkpt>
  <trkpt lat="26.42330167" lon="-80.17085667"><ele>9.730</ele><time>2026-07-18T17:39:28Z</time><speed>0.000</speed><sat>12</sat></trkpt>
  <trkpt lat="26.42330167" lon="-80.17085667"><ele>9.730</ele><time>2026-07-18T17:39:29Z</time><speed>0.000</speed><sat>12</sat></trkpt>
  <trkpt lat="26.42330167" lon="-80.17085667"><ele>9.730</ele><time>2026-07-18T17:39:30Z</time><speed>0.000</speed><sat>12</sat></trkpt>
  <trkpt lat="26.42330167" lon="-80.17085667"><ele>9.730</ele><time>2026-07-18T17:39:31Z</time><speed>0.000</speed><sat>12</sat></trkpt>
  <trkpt lat="26.42330167" lon="-80.17085667"><ele>9.730</ele><time>2026-07-18T17:39:32Z</time><speed>0.000</speed><sat>12</sat></trkpt>
  <trkpt lat="26.42330167" lon="-80.17085667"><ele>9.730</ele><time>2026-07-18T17:39:33Z</time><speed>0.000</speed><sat>12</sat></trkpt>
  <trkpt lat="26.42331667" lon="-80.17085667"><ele>10.430</ele><time>2026-07-18T17:39:34Z</time><speed>0.253</speed><sat>12</sat></trkpt>
  <trkpt lat="26.42331667" lon="-80.17085833"><ele>10.430</ele><time>2026-07-18T17:39:35Z</time><speed>0.270</speed><sat>12</sat></trkpt>
  <trkpt lat="26.42331333" lon="-80.17086167"><ele>10.030</ele><time>2026-07-18T17:39:36Z</time><speed>0.000</speed><sat>12</sat></trkpt>
  <trkpt lat="26.42331000" lon="-80.17086333"><ele>9.830</ele><time>2026-07-18T17:39:37Z</time><speed>0.000</speed><sat>12</sat></trkpt>
  <trkpt lat="26.42330833" lon="-80.17086333"><ele>9.530</ele><time>2026-07-18T17:39:38Z</time><speed>0.000</speed><sat>12</sat></trkpt>
  <trkpt lat="26.42330833" lon="-80.17086333"><ele>9.530</ele><time>2026-07-18T17:39:39Z</time><speed>0.000</speed><sat>12</sat></trkpt>
  <trkpt lat="26.42330833" lon="-80.17086333"><ele>9.530</ele><time>2026-07-18T17:39:40Z</time><speed>0.000</speed><sat>12</sat></trkpt>
  <trkpt lat="26.42330833" lon="-80.17086333"><ele>9.530</ele><time>2026-07-18T17:39:41Z</time><speed>0.000</speed><sat>12</sat></trkpt>
  <trkpt lat="26.42330833" lon="-80.17086333"><ele>9.530</ele><time>2026-07-18T17:39:42Z</time><speed>0.000</speed><sat>12</sat></trkpt>
  <trkpt lat="26.42330833" lon="-80.17086333"><ele>9.530</ele><time>2026-07-18T17:39:43Z</time><speed>0.000</speed><sat>12</sat></trkpt>
  <trkpt lat="26.42330833" lon="-80.17086333"><ele>9.530</ele><time>2026-07-18T17:39:44Z</time><speed>0.000</speed><sat>12</sat></trkpt>
  <trkpt lat="26.42330833" lon="-80.17086333"><ele>9.530</ele><time>2026-07-18T17:39:45Z</time><speed>0.000</speed><sat>12</sat></trkpt>
  <trkpt lat="26.42330833" lon="-80.17086333"><ele>9.530</ele><time>2026-07-18T17:39:46Z</time><speed>0.000</speed><sat>13</sat></trkpt>
  <trkpt lat="26.42330833" lon="-80.17086333"><ele>9.530</ele><time>2026-07-18T17:39:47Z</time><speed>0.000</speed><sat>13</sat></trkpt>
  <trkpt lat="26.42330833" lon="-80.17086333"><ele>9.530</ele><time>2026-07-18T17:39:48Z</time><speed>0.000</speed><sat>13</sat></trkpt>
  <trkpt lat="26.42330833" lon="-80.17086333"><ele>9.530</ele><time>2026-07-18T17:39:49Z</time><speed>0.000</speed><sat>13</sat></trkpt>
  <trkpt lat="26.42330833" lon="-80.17086333"><ele>9.530</ele><time>2026-07-18T17:39:50Z</time><speed>0.000</speed><sat>13</sat></trkpt>
  <trkpt lat="26.42330833" lon="-80.17086333"><ele>9.530</ele><time>2026-07-18T17:39:51Z</time><speed>0.000</speed><sat>13</sat></trkpt>
  <trkpt lat="26.42330833" lon="-80.17086333"><ele>9.530</ele><time>2026-07-18T17:39:52Z</time><speed>0.000</speed><sat>13</sat></trkpt>
  <trkpt lat="26.42330833" lon="-80.17086333"><ele>9.530</ele><time>2026-07-18T17:39:53Z</time><speed>0.000</speed><sat>12</sat></trkpt>
  <trkpt lat="26.42327000" lon="-80.17087333"><ele>6.730</ele><time>2026-07-18T17:39:54Z</time><speed>0.261</speed><sat>12</sat></trkpt>
  <trkpt lat="26.42326167" lon="-80.17087333"><ele>6.630</ele><time>2026-07-18T17:39:55Z</time><speed>0.348</speed><sat>13</sat></trkpt>
  <trkpt lat="26.42324667" lon="-80.17087500"><ele>6.230</ele><time>2026-07-18T17:39:56Z</time><speed>0.479</speed><sat>13</sat></trkpt>
  <trkpt lat="26.42323667" lon="-80.17087167"><ele>6.030</ele><time>2026-07-18T17:39:57Z</time><speed>0.585</speed><sat>13</sat></trkpt>
  <trkpt lat="26.42322833" lon="-80.17086667"><ele>5.830</ele><time>2026-07-18T17:39:58Z</time><speed>0.640</speed><sat>13</sat></trkpt>
  <trkpt lat="26.42321833" lon="-80.17086500"><ele>5.730</ele><time>2026-07-18T17:39:59Z</time><speed>0.717</speed><sat>13</sat></trkpt>
  <trkpt lat="26.42321167" lon="-80.17086167"><ele>5.730</ele><time>2026-07-18T17:40:00Z</time><speed>0.779</speed><sat>13</sat></trkpt>
  <trkpt lat="26.42320167" lon="-80.17086000"><ele>5.830</ele><time>2026-07-18T17:40:01Z</time><speed>0.841</speed><sat>13</sat></trkpt>
  <trkpt lat="26.42319333" lon="-80.17086167"><ele>6.030</ele><time>2026-07-18T17:40:02Z</time><speed>0.899</speed><sat>13</sat></trkpt>
  <trkpt lat="26.42318833" lon="-80.17086667"><ele>6.030</ele><time>2026-07-18T17:40:03Z</time><speed>0.913</speed><sat>13</sat></trkpt>
  <trkpt lat="26.42318833" lon="-80.17086333"><ele>6.230</ele><time>2026-07-18T17:40:04Z</time><speed>0.873</speed><sat>13</sat></trkpt>
  <trkpt lat="26.42318833" lon="-80.17086333"><ele>6.830</ele><time>2026-07-18T17:40:05Z</time><speed>0.798</speed><sat>13</sat></trkpt>
  <trkpt lat="26.42319167" lon="-80.17086167"><ele>7.130</ele><time>2026-07-18T17:40:06Z</time><speed>0.675</speed><sat>13</sat></trkpt>
  <trkpt lat="26.42319500" lon="-80.17085833"><ele>7.530</ele><time>2026-07-18T17:40:07Z</time><speed>0.569</speed><sat>13</sat></trkpt>
  <trkpt lat="26.42320000" lon="-80.17085667"><ele>7.830</ele><time>2026-07-18T17:40:08Z</time><speed>0.494</speed><sat>14</sat></trkpt>
  <trkpt lat="26.42320500" lon="-80.17085667"><ele>8.130</ele><time>2026-07-18T17:40:09Z</time><speed>0.448</speed><sat>14</sat></trkpt>
  <trkpt lat="26.42321000" lon="-80.17085667"><ele>8.230</ele><time>2026-07-18T17:40:10Z</time><speed>0.486</speed><sat>14</sat></trkpt>
  <trkpt lat="26.42322833" lon="-80.17086000"><ele>8.330</ele><time>2026-07-18T17:40:11Z</time><speed>0.617</speed><sat>14</sat></trkpt>
  <trkpt lat="26.42324833" lon="-80.17085833"><ele>8.630</ele><time>2026-07-18T17:40:12Z</time><speed>0.746</speed><sat>14</sat></trkpt>
  <trkpt lat="26.42327000" lon="-80.17085167"><ele>8.630</ele><time>2026-07-18T17:40:13Z</time><speed>0.937</speed><sat>13</sat></trkpt>
  <trkpt lat="26.42329333" lon="-80.17084500"><ele>9.030</ele><time>2026-07-18T17:40:14Z</time><speed>1.125</speed><sat>13</sat></trkpt>
  <trkpt lat="26.42331500" lon="-80.17084000"><ele>9.530</ele><time>2026-07-18T17:40:15Z</time><speed>1.367</speed><sat>13</sat></trkpt>
  <trkpt lat="26.42334500" lon="-80.17083667"><ele>9.630</ele><time>2026-07-18T17:40:16Z</time><speed>1.622</speed><sat>13</sat></trkpt>
  <trkpt lat="26.42337167" lon="-80.17083500"><ele>10.330</ele><time>2026-07-18T17:40:17Z</time><speed>1.864</speed><sat>13</sat></trkpt>
  <trkpt lat="26.42339500" lon="-80.17084333"><ele>11.230</ele><time>2026-07-18T17:40:18Z</time><speed>2.114</speed><sat>13</sat></trkpt>
  <trkpt lat="26.42342000" lon="-80.17084500"><ele>11.830</ele><time>2026-07-18T17:40:19Z</time><speed>2.330</speed><sat>13</sat></trkpt>
  <trkpt lat="26.42345000" lon="-80.17083667"><ele>11.930</ele><time>2026-07-18T17:40:20Z</time><speed>2.479</speed><sat>14</sat></trkpt>
  <trkpt lat="26.42347167" lon="-80.17083333"><ele>11.930</ele><time>2026-07-18T17:40:21Z</time><speed>2.523</speed><sat>14</sat></trkpt>
  <trkpt lat="26.42349333" lon="-80.17083333"><ele>11.130</ele><time>2026-07-18T17:40:22Z</time><speed>2.578</speed><sat>14</sat></trkpt>
  <trkpt lat="26.42351833" lon="-80.17082333"><ele>10.930</ele><time>2026-07-18T17:40:23Z</time><speed>2.623</speed><sat>14</sat></trkpt>
  <trkpt lat="26.42354000" lon="-80.17081000"><ele>10.730</ele><time>2026-07-18T17:40:24Z</time><speed>2.660</speed><sat>14</sat></trkpt>
  <trkpt lat="26.42356167" lon="-80.17079333"><ele>10.630</ele><time>2026-07-18T17:40:25Z</time><speed>2.688</speed><sat>14</sat></trkpt>
  <trkpt lat="26.42358500" lon="-80.17077000"><ele>10.430</ele><time>2026-07-18T17:40:26Z</time><speed>2.698</speed><sat>14</sat></trkpt>
  <trkpt lat="26.42360500" lon="-80.17074667"><ele>10.530</ele><time>2026-07-18T17:40:27Z</time><speed>2.747</speed><sat>14</sat></trkpt>
  <trkpt lat="26.42362000" lon="-80.17072833"><ele>10.931</ele><time>2026-07-18T17:40:28Z</time><speed>2.712</speed><sat>14</sat></trkpt>
  <trkpt lat="26.42363000" lon="-80.17070667"><ele>10.831</ele><time>2026-07-18T17:40:29Z</time><speed>2.689</speed><sat>14</sat></trkpt>
  <trkpt lat="26.42363500" lon="-80.17067500"><ele>11.131</ele><time>2026-07-18T17:40:30Z</time><speed>2.662</speed><sat>14</sat></trkpt>
  <trkpt lat="26.42363500" lon="-80.17064000"><ele>11.031</ele><time>2026-07-18T17:40:31Z</time><speed>2.691</speed><sat>14</sat></trkpt>
  <trkpt lat="26.42363000" lon="-80.17061000"><ele>11.131</ele><time>2026-07-18T17:40:32Z</time><speed>2.691</speed><sat>14</sat></trkpt>
  <trkpt lat="26.42362833" lon="-80.17058000"><ele>11.031</ele><time>2026-07-18T17:40:33Z</time><speed>2.683</speed><sat>14</sat></trkpt>
  <trkpt lat="26.42362833" lon="-80.17055500"><ele>10.931</ele><time>2026-07-18T17:40:34Z</time><speed>2.697</speed><sat>14</sat></trkpt>
  <trkpt lat="26.42362667" lon="-80.17052833"><ele>11.631</ele><time>2026-07-18T17:40:35Z</time><speed>2.683</speed><sat>14</sat></trkpt>
  <trkpt lat="26.42362833" lon="-80.17050167"><ele>11.531</ele><time>2026-07-18T17:40:36Z</time><speed>2.654</speed><sat>14</sat></trkpt>
  <trkpt lat="26.42363333" lon="-80.17047333"><ele>11.432</ele><time>2026-07-18T17:40:37Z</time><speed>2.621</speed><sat>14</sat></trkpt>
  <trkpt lat="26.42364167" lon="-80.17043833"><ele>10.632</ele><time>2026-07-18T17:40:38Z</time><speed>2.692</speed><sat>14</sat></trkpt>
  <trkpt lat="26.42365167" lon="-80.17040667"><ele>10.032</ele><time>2026-07-18T17:40:39Z</time><speed>2.781</speed><sat>14</sat></trkpt>
  <trkpt lat="26.42366167" lon="-80.17038167"><ele>9.432</ele><time>2026-07-18T17:40:40Z</time><speed>2.792</speed><sat>14</sat></trkpt>
  <trkpt lat="26.42367500" lon="-80.17035833"><ele>9.532</ele><time>2026-07-18T17:40:41Z</time><speed>2.837</speed><sat>15</sat></trkpt>
  <trkpt lat="26.42368333" lon="-80.17032833"><ele>9.532</ele><time>2026-07-18T17:40:42Z</time><speed>2.837</speed><sat>15</sat></trkpt>
  <trkpt lat="26.42369333" lon="-80.17031167"><ele>8.932</ele><time>2026-07-18T17:40:43Z</time><speed>2.738</speed><sat>15</sat></trkpt>
  <trkpt lat="26.42370167" lon="-80.17028333"><ele>9.132</ele><time>2026-07-18T17:40:44Z</time><speed>2.667</speed><sat>15</sat></trkpt>
  <trkpt lat="26.42371000" lon="-80.17025667"><ele>9.632</ele><time>2026-07-18T17:40:45Z</time><speed>2.598</speed><sat>15</sat></trkpt>
  <trkpt lat="26.42371667" lon="-80.17023167"><ele>9.933</ele><time>2026-07-18T17:40:46Z</time><speed>2.575</speed><sat>15</sat></trkpt>
  <trkpt lat="26.42372500" lon="-80.17020833"><ele>9.833</ele><time>2026-07-18T17:40:47Z</time><speed>2.515</speed><sat>15</sat></trkpt>
  <trkpt lat="26.42372667" lon="-80.17018333"><ele>9.433</ele><time>2026-07-18T17:40:48Z</time><speed>2.434</speed><sat>15</sat></trkpt>
  <trkpt lat="26.42373167" lon="-80.17015333"><ele>9.333</ele><time>2026-07-18T17:40:49Z</time><speed>2.348</speed><sat>15</sat></trkpt>
  <trkpt lat="26.42373000" lon="-80.17013000"><ele>9.333</ele><time>2026-07-18T17:40:50Z</time><speed>2.327</speed><sat>15</sat></trkpt>
  <trkpt lat="26.42372167" lon="-80.17010167"><ele>10.333</ele><time>2026-07-18T17:40:51Z</time><speed>2.262</speed><sat>15</sat></trkpt>
  <trkpt lat="26.42372167" lon="-80.17006833"><ele>10.733</ele><time>2026-07-18T17:40:52Z</time><speed>2.240</speed><sat>15</sat></trkpt>
  <trkpt lat="26.42372167" lon="-80.17003667"><ele>10.933</ele><time>2026-07-18T17:40:53Z</time><speed>2.329</speed><sat>15</sat></trkpt>
  <trkpt lat="26.42373000" lon="-80.17000167"><ele>10.134</ele><time>2026-07-18T17:40:54Z</time><speed>2.394</speed><sat>15</sat></trkpt>
  <trkpt lat="26.42374333" lon="-80.16996333"><ele>9.334</ele><time>2026-07-18T17:40:55Z</time><speed>2.488</speed><sat>15</sat></trkpt>
  <trkpt lat="26.42375167" lon="-80.16992667"><ele>9.034</ele><time>2026-07-18T17:40:56Z</time><speed>2.600</speed><sat>15</sat></trkpt>
  <trkpt lat="26.42376333" lon="-80.16989333"><ele>9.034</ele><time>2026-07-18T17:40:57Z</time><speed>2.707</speed><sat>15</sat></trkpt>
  <trkpt lat="26.42377333" lon="-80.16986000"><ele>9.034</ele><time>2026-07-18T17:40:58Z</time><speed>2.798</speed><sat>15</sat></trkpt>
  <trkpt lat="26.42378167" lon="-80.16982667"><ele>9.134</ele><time>2026-07-18T17:40:59Z</time><speed>2.893</speed><sat>15</sat></trkpt>
  <trkpt lat="26.42378500" lon="-80.16979333"><ele>9.234</ele><time>2026-07-18T17:41:00Z</time><speed>2.998</speed><sat>15</sat></trkpt>
  <trkpt lat="26.42379000" lon="-80.16975500"><ele>9.435</ele><time>2026-07-18T17:41:01Z</time><speed>3.102</speed><sat>15</sat></trkpt>
  <trkpt lat="26.42378833" lon="-80.16972167"><ele>9.435</ele><time>2026-07-18T17:41:02Z</time><speed>3.184</speed><sat>15</sat></trkpt>
  <trkpt lat="26.42379000" lon="-80.16968667"><ele>9.535</ele><time>2026-07-18T17:41:03Z</time><speed>3.244</speed><sat>15</sat></trkpt>
  <trkpt lat="26.42379333" lon="-80.16965000"><ele>9.535</ele><time>2026-07-18T17:41:04Z</time><speed>3.294</speed><sat>15</sat></trkpt>
  <trkpt lat="26.42379500" lon="-80.16961333"><ele>9.335</ele><time>2026-07-18T17:41:05Z</time><speed>3.335</speed><sat>15</sat></trkpt>
  <trkpt lat="26.42379667" lon="-80.16957500"><ele>9.435</ele><time>2026-07-18T17:41:06Z</time><speed>3.347</speed><sat>15</sat></trkpt>
  <trkpt lat="26.42380000" lon="-80.16953833"><ele>9.536</ele><time>2026-07-18T17:41:07Z</time><speed>3.359</speed><sat>15</sat></trkpt>
  <trkpt lat="26.42380000" lon="-80.16950167"><ele>9.536</ele><time>2026-07-18T17:41:08Z</time><speed>3.381</speed><sat>15</sat></trkpt>
  <trkpt lat="26.42380000" lon="-80.16946667"><ele>9.636</ele><time>2026-07-18T17:41:09Z</time><speed>3.370</speed><sat>15</sat></trkpt>
  <trkpt lat="26.42380167" lon="-80.16943167"><ele>9.636</ele><time>2026-07-18T17:41:10Z</time><speed>3.369</speed><sat>15</sat></trkpt>
  <trkpt lat="26.42380167" lon="-80.16939667"><ele>9.836</ele><time>2026-07-18T17:41:11Z</time><speed>3.356</speed><sat>15</sat></trkpt>
  <trkpt lat="26.42380000" lon="-80.16936167"><ele>10.036</ele><time>2026-07-18T17:41:12Z</time><speed>3.352</speed><sat>14</sat></trkpt>
  <trkpt lat="26.42380167" lon="-80.16933167"><ele>9.836</ele><time>2026-07-18T17:41:13Z</time><speed>3.323</speed><sat>14</sat></trkpt>
  <trkpt lat="26.42380000" lon="-80.16930000"><ele>9.936</ele><time>2026-07-18T17:41:14Z</time><speed>3.298</speed><sat>14</sat></trkpt>
  <trkpt lat="26.42380333" lon="-80.16926833"><ele>10.137</ele><time>2026-07-18T17:41:15Z</time><speed>3.261</speed><sat>15</sat></trkpt>
  <trkpt lat="26.42380500" lon="-80.16923500"><ele>10.437</ele><time>2026-07-18T17:41:16Z</time><speed>3.241</speed><sat>15</sat></trkpt>
  <trkpt lat="26.42380500" lon="-80.16920167"><ele>10.537</ele><time>2026-07-18T17:41:17Z</time><speed>3.247</speed><sat>15</sat></trkpt>
  <trkpt lat="26.42380667" lon="-80.16916667"><ele>10.737</ele><time>2026-07-18T17:41:18Z</time><speed>3.248</speed><sat>15</sat></trkpt>
  <trkpt lat="26.42380667" lon="-80.16913167"><ele>10.937</ele><time>2026-07-18T17:41:19Z</time><speed>3.290</speed><sat>15</sat></trkpt>
  <trkpt lat="26.42380833" lon="-80.16909500"><ele>11.137</ele><time>2026-07-18T17:41:20Z</time><speed>3.302</speed><sat>15</sat></trkpt>
  <trkpt lat="26.42381000" lon="-80.16906167"><ele>10.537</ele><time>2026-07-18T17:41:21Z</time><speed>3.292</speed><sat>15</sat></trkpt>
  <trkpt lat="26.42381000" lon="-80.16902667"><ele>10.538</ele><time>2026-07-18T17:41:22Z</time><speed>3.294</speed><sat>15</sat></trkpt>
  <trkpt lat="26.42381000" lon="-80.16899167"><ele>10.638</ele><time>2026-07-18T17:41:23Z</time><speed>3.318</speed><sat>15</sat></trkpt>
  <trkpt lat="26.42380833" lon="-80.16896000"><ele>10.838</ele><time>2026-07-18T17:41:24Z</time><speed>3.330</speed><sat>15</sat></trkpt>
  <trkpt lat="26.42380833" lon="-80.16892833"><ele>10.938</ele><time>2026-07-18T17:41:25Z</time><speed>3.338</speed><sat>15</sat></trkpt>
  <trkpt lat="26.42380667" lon="-80.16889667"><ele>11.238</ele><time>2026-07-18T17:41:26Z</time><speed>3.317</speed><sat>15</sat></trkpt>
  <trkpt lat="26.42380667" lon="-80.16886667"><ele>11.238</ele><time>2026-07-18T17:41:27Z</time><speed>3.293</speed><sat>15</sat></trkpt>
  <trkpt lat="26.42380667" lon="-80.16883333"><ele>11.238</ele><time>2026-07-18T17:41:28Z</time><speed>3.294</speed><sat>15</sat></trkpt>
  <trkpt lat="26.42380333" lon="-80.16879833"><ele>11.039</ele><time>2026-07-18T17:41:29Z</time><speed>3.272</speed><sat>15</sat></trkpt>
  <trkpt lat="26.42380500" lon="-80.16876500"><ele>11.239</ele><time>2026-07-18T17:41:30Z</time><speed>3.274</speed><sat>14</sat></trkpt>
  <trkpt lat="26.42380500" lon="-80.16873167"><ele>11.339</ele><time>2026-07-18T17:41:31Z</time><speed>3.300</speed><sat>14</sat></trkpt>
  <trkpt lat="26.42380500" lon="-80.16869833"><ele>11.339</ele><time>2026-07-18T17:41:32Z</time><speed>3.322</speed><sat>14</sat></trkpt>
  <trkpt lat="26.42380833" lon="-80.16866667"><ele>11.739</ele><time>2026-07-18T17:41:33Z</time><speed>3.319</speed><sat>14</sat></trkpt>
  <trkpt lat="26.42380833" lon="-80.16863333"><ele>11.939</ele><time>2026-07-18T17:41:34Z</time><speed>3.339</speed><sat>14</sat></trkpt>
  <trkpt lat="26.42380667" lon="-80.16860000"><ele>11.939</ele><time>2026-07-18T17:41:35Z</time><speed>3.359</speed><sat>14</sat></trkpt>
  <trkpt lat="26.42380667" lon="-80.16856500"><ele>11.940</ele><time>2026-07-18T17:41:36Z</time><speed>3.397</speed><sat>14</sat></trkpt>
  <trkpt lat="26.42380833" lon="-80.16853000"><ele>11.940</ele><time>2026-07-18T17:41:37Z</time><speed>3.432</speed><sat>14</sat></trkpt>
  <trkpt lat="26.42381000" lon="-80.16849667"><ele>11.940</ele><time>2026-07-18T17:41:38Z</time><speed>3.434</speed><sat>14</sat></trkpt>
  <trkpt lat="26.42381167" lon="-80.16846333"><ele>12.140</ele><time>2026-07-18T17:41:39Z</time><speed>3.413</speed><sat>14</sat></trkpt>
  <trkpt lat="26.42381333" lon="-80.16843167"><ele>12.440</ele><time>2026-07-18T17:41:40Z</time><speed>3.371</speed><sat>14</sat></trkpt>
  <trkpt lat="26.42381667" lon="-80.16840000"><ele>12.540</ele><time>2026-07-18T17:41:41Z</time><speed>3.333</speed><sat>14</sat></trkpt>
  <trkpt lat="26.42382000" lon="-80.16837000"><ele>12.340</ele><time>2026-07-18T17:41:42Z</time><speed>3.311</speed><sat>14</sat></trkpt>
  <trkpt lat="26.42382500" lon="-80.16834000"><ele>12.140</ele><time>2026-07-18T17:41:43Z</time><speed>3.316</speed><sat>14</sat></trkpt>
  <trkpt lat="26.42382833" lon="-80.16830667"><ele>12.141</ele><time>2026-07-18T17:41:44Z</time><speed>3.318</speed><sat>14</sat></trkpt>
  <trkpt lat="26.42383667" lon="-80.16827500"><ele>12.041</ele><time>2026-07-18T17:41:45Z</time><speed>3.307</speed><sat>14</sat></trkpt>
  <trkpt lat="26.42384000" lon="-80.16824333"><ele>11.641</ele><time>2026-07-18T17:41:46Z</time><speed>3.278</speed><sat>14</sat></trkpt>
  <trkpt lat="26.42383833" lon="-80.16821167"><ele>11.941</ele><time>2026-07-18T17:41:47Z</time><speed>3.235</speed><sat>14</sat></trkpt>
  <trkpt lat="26.42383500" lon="-80.16817833"><ele>12.341</ele><time>2026-07-18T17:41:48Z</time><speed>3.226</speed><sat>14</sat></trkpt>
  <trkpt lat="26.42383167" lon="-80.16814500"><ele>12.441</ele><time>2026-07-18T17:41:49Z</time><speed>3.243</speed><sat>14</sat></trkpt>
  <trkpt lat="26.42383167" lon="-80.16811167"><ele>12.341</ele><time>2026-07-18T17:41:50Z</time><speed>3.252</speed><sat>14</sat></trkpt>
  <trkpt lat="26.42383333" lon="-80.16808000"><ele>12.542</ele><time>2026-07-18T17:41:51Z</time><speed>3.247</speed><sat>14</sat></trkpt>
  <trkpt lat="26.42383667" lon="-80.16805000"><ele>12.842</ele><time>2026-07-18T17:41:52Z</time><speed>3.247</speed><sat>14</sat></trkpt>
  <trkpt lat="26.42383833" lon="-80.16801667"><ele>12.742</ele><time>2026-07-18T17:41:53Z</time><speed>3.253</speed><sat>14</sat></trkpt>
  <trkpt lat="26.42383667" lon="-80.16798333"><ele>12.542</ele><time>2026-07-18T17:41:54Z</time><speed>3.244</speed><sat>14</sat></trkpt>
  <trkpt lat="26.42383500" lon="-80.16795000"><ele>12.342</ele><time>2026-07-18T17:41:55Z</time><speed>3.241</speed><sat>14</sat></trkpt>
  <trkpt lat="26.42383500" lon="-80.16791833"><ele>12.242</ele><time>2026-07-18T17:41:56Z</time><speed>3.259</speed><sat>14</sat></trkpt>
  <trkpt lat="26.42383333" lon="-80.16788500"><ele>11.842</ele><time>2026-07-18T17:41:57Z</time><speed>3.298</speed><sat>14</sat></trkpt>
  <trkpt lat="26.42382833" lon="-80.16785000"><ele>12.242</ele><time>2026-07-18T17:41:58Z</time><speed>3.334</speed><sat>14</sat></trkpt>
  <trkpt lat="26.42382500" lon="-80.16781500"><ele>12.243</ele><time>2026-07-18T17:41:59Z</time><speed>3.354</speed><sat>14</sat></trkpt>
  <trkpt lat="26.42382167" lon="-80.16778167"><ele>12.443</ele><time>2026-07-18T17:42:00Z</time><speed>3.373</speed><sat>14</sat></trkpt>
  <trkpt lat="26.42382000" lon="-80.16775000"><ele>12.643</ele><time>2026-07-18T17:42:01Z</time><speed>3.394</speed><sat>14</sat></trkpt>
  <trkpt lat="26.42381833" lon="-80.16771833"><ele>12.943</ele><time>2026-07-18T17:42:02Z</time><speed>3.385</speed><sat>14</sat></trkpt>
  <trkpt lat="26.42381833" lon="-80.16768500"><ele>12.943</ele><time>2026-07-18T17:42:03Z</time><speed>3.363</speed><sat>14</sat></trkpt>
  <trkpt lat="26.42381667" lon="-80.16765167"><ele>12.943</ele><time>2026-07-18T17:42:04Z</time><speed>3.351</speed><sat>14</sat></trkpt>
  <trkpt lat="26.42381500" lon="-80.16761833"><ele>12.843</ele><time>2026-07-18T17:42:05Z</time><speed>3.358</speed><sat>14</sat></trkpt>
  <trkpt lat="26.42381500" lon="-80.16758333"><ele>12.344</ele><time>2026-07-18T17:42:06Z</time><speed>3.358</speed><sat>14</sat></trkpt>
  <trkpt lat="26.42381667" lon="-80.16754833"><ele>11.744</ele><time>2026-07-18T17:42:07Z</time><speed>3.346</speed><sat>14</sat></trkpt>
  <trkpt lat="26.42381833" lon="-80.16751500"><ele>11.244</ele><time>2026-07-18T17:42:08Z</time><speed>3.313</speed><sat>14</sat></trkpt>
  <trkpt lat="26.42382000" lon="-80.16748167"><ele>11.144</ele><time>2026-07-18T17:42:09Z</time><speed>3.297</speed><sat>14</sat></trkpt>
  <trkpt lat="26.42382000" lon="-80.16744667"><ele>10.744</ele><time>2026-07-18T17:42:10Z</time><speed>3.289</speed><sat>14</sat></trkpt>
  <trkpt lat="26.42382333" lon="-80.16741333"><ele>10.444</ele><time>2026-07-18T17:42:11Z</time><speed>3.294</speed><sat>14</sat></trkpt>
  <trkpt lat="26.42382500" lon="-80.16738000"><ele>10.344</ele><time>2026-07-18T17:42:12Z</time><speed>3.316</speed><sat>14</sat></trkpt>
  <trkpt lat="26.42382500" lon="-80.16734500"><ele>10.045</ele><time>2026-07-18T17:42:13Z</time><speed>3.335</speed><sat>14</sat></trkpt>
  <trkpt lat="26.42382500" lon="-80.16731000"><ele>9.645</ele><time>2026-07-18T17:42:14Z</time><speed>3.355</speed><sat>14</sat></trkpt>
  <trkpt lat="26.42382500" lon="-80.16727667"><ele>9.545</ele><time>2026-07-18T17:42:15Z</time><speed>3.352</speed><sat>14</sat></trkpt>
  <trkpt lat="26.42382500" lon="-80.16724333"><ele>9.445</ele><time>2026-07-18T17:42:16Z</time><speed>3.354</speed><sat>14</sat></trkpt>
  <trkpt lat="26.42382667" lon="-80.16721167"><ele>9.445</ele><time>2026-07-18T17:42:17Z</time><speed>3.337</speed><sat>14</sat></trkpt>
  <trkpt lat="26.42382833" lon="-80.16718000"><ele>9.645</ele><time>2026-07-18T17:42:18Z</time><speed>3.311</speed><sat>14</sat></trkpt>
  <trkpt lat="26.42383167" lon="-80.16715167"><ele>9.445</ele><time>2026-07-18T17:42:19Z</time><speed>3.249</speed><sat>14</sat></trkpt>
  <trkpt lat="26.42383000" lon="-80.16712500"><ele>9.345</ele><time>2026-07-18T17:42:20Z</time><speed>3.196</speed><sat>14</sat></trkpt>
  <trkpt lat="26.42382667" lon="-80.16709667"><ele>9.546</ele><time>2026-07-18T17:42:21Z</time><speed>3.130</speed><sat>14</sat></trkpt>
  <trkpt lat="26.42382667" lon="-80.16706667"><ele>9.246</ele><time>2026-07-18T17:42:22Z</time><speed>3.071</speed><sat>14</sat></trkpt>
  <trkpt lat="26.42382667" lon="-80.16704333"><ele>9.246</ele><time>2026-07-18T17:42:23Z</time><speed>3.018</speed><sat>14</sat></trkpt>
  <trkpt lat="26.42383000" lon="-80.16701667"><ele>9.146</ele><time>2026-07-18T17:42:24Z</time><speed>2.966</speed><sat>14</sat></trkpt>
  <trkpt lat="26.42383333" lon="-80.16698833"><ele>9.246</ele><time>2026-07-18T17:42:25Z</time><speed>2.941</speed><sat>14</sat></trkpt>
  <trkpt lat="26.42383500" lon="-80.16695833"><ele>9.146</ele><time>2026-07-18T17:42:26Z</time><speed>2.927</speed><sat>14</sat></trkpt>
  <trkpt lat="26.42383667" lon="-80.16692667"><ele>9.246</ele><time>2026-07-18T17:42:27Z</time><speed>2.901</speed><sat>14</sat></trkpt>
  <trkpt lat="26.42383833" lon="-80.16689667"><ele>9.046</ele><time>2026-07-18T17:42:28Z</time><speed>2.886</speed><sat>14</sat></trkpt>
  <trkpt lat="26.42384500" lon="-80.16686500"><ele>8.947</ele><time>2026-07-18T17:42:29Z</time><speed>2.908</speed><sat>14</sat></trkpt>
  <trkpt lat="26.42385000" lon="-80.16683333"><ele>8.347</ele><time>2026-07-18T17:42:30Z</time><speed>2.944</speed><sat>14</sat></trkpt>
  <trkpt lat="26.42384833" lon="-80.16680000"><ele>7.747</ele><time>2026-07-18T17:42:31Z</time><speed>2.993</speed><sat>14</sat></trkpt>
  <trkpt lat="26.42384667" lon="-80.16676667"><ele>7.847</ele><time>2026-07-18T17:42:32Z</time><speed>3.023</speed><sat>14</sat></trkpt>
  <trkpt lat="26.42384333" lon="-80.16673500"><ele>7.747</ele><time>2026-07-18T17:42:33Z</time><speed>3.044</speed><sat>14</sat></trkpt>
  <trkpt lat="26.42384167" lon="-80.16670500"><ele>7.747</ele><time>2026-07-18T17:42:34Z</time><speed>3.046</speed><sat>14</sat></trkpt>
  <trkpt lat="26.42383833" lon="-80.16667500"><ele>8.247</ele><time>2026-07-18T17:42:35Z</time><speed>3.050</speed><sat>14</sat></trkpt>
  <trkpt lat="26.42383333" lon="-80.16664500"><ele>9.147</ele><time>2026-07-18T17:42:36Z</time><speed>3.021</speed><sat>14</sat></trkpt>
  <trkpt lat="26.42383167" lon="-80.16661500"><ele>9.048</ele><time>2026-07-18T17:42:37Z</time><speed>3.023</speed><sat>14</sat></trkpt>
  <trkpt lat="26.42382500" lon="-80.16658500"><ele>9.748</ele><time>2026-07-18T17:42:38Z</time><speed>3.021</speed><sat>14</sat></trkpt>
  <trkpt lat="26.42382500" lon="-80.16655833"><ele>10.248</ele><time>2026-07-18T17:42:39Z</time><speed>2.990</speed><sat>14</sat></trkpt>
  <trkpt lat="26.42382333" lon="-80.16653167"><ele>11.148</ele><time>2026-07-18T17:42:40Z</time><speed>2.959</speed><sat>14</sat></trkpt>
  <trkpt lat="26.42382167" lon="-80.16650000"><ele>11.548</ele><time>2026-07-18T17:42:41Z</time><speed>2.921</speed><sat>14</sat></trkpt>
  <trkpt lat="26.42382333" lon="-80.16647333"><ele>11.548</ele><time>2026-07-18T17:42:42Z</time><speed>2.876</speed><sat>14</sat></trkpt>
  <trkpt lat="26.42382333" lon="-80.16644500"><ele>11.248</ele><time>2026-07-18T17:42:43Z</time><speed>2.829</speed><sat>14</sat></trkpt>
  <trkpt lat="26.42382167" lon="-80.16641500"><ele>10.648</ele><time>2026-07-18T17:42:44Z</time><speed>2.816</speed><sat>14</sat></trkpt>
  <trkpt lat="26.42381833" lon="-80.16638500"><ele>10.248</ele><time>2026-07-18T17:42:45Z</time><speed>2.817</speed><sat>14</sat></trkpt>
  <trkpt lat="26.42381333" lon="-80.16635000"><ele>9.649</ele><time>2026-07-18T17:42:46Z</time><speed>2.841</speed><sat>14</sat></trkpt>
  <trkpt lat="26.42381000" lon="-80.16631833"><ele>9.649</ele><time>2026-07-18T17:42:47Z</time><speed>2.854</speed><sat>14</sat></trkpt>
  <trkpt lat="26.42380833" lon="-80.16628667"><ele>9.649</ele><time>2026-07-18T17:42:48Z</time><speed>2.886</speed><sat>14</sat></trkpt>
  <trkpt lat="26.42380833" lon="-80.16625500"><ele>9.449</ele><time>2026-07-18T17:42:49Z</time><speed>2.937</speed><sat>14</sat></trkpt>
  <trkpt lat="26.42380833" lon="-80.16622333"><ele>9.349</ele><time>2026-07-18T17:42:50Z</time><speed>2.956</speed><sat>14</sat></trkpt>
  <trkpt lat="26.42380833" lon="-80.16619167"><ele>9.249</ele><time>2026-07-18T17:42:51Z</time><speed>2.987</speed><sat>14</sat></trkpt>
  <trkpt lat="26.42380667" lon="-80.16616000"><ele>9.149</ele><time>2026-07-18T17:42:52Z</time><speed>3.017</speed><sat>14</sat></trkpt>
  <trkpt lat="26.42380667" lon="-80.16612833"><ele>9.250</ele><time>2026-07-18T17:42:53Z</time><speed>3.050</speed><sat>14</sat></trkpt>
  <trkpt lat="26.42380500" lon="-80.16610000"><ele>10.050</ele><time>2026-07-18T17:42:54Z</time><speed>3.055</speed><sat>14</sat></trkpt>
  <trkpt lat="26.42380167" lon="-80.16607500"><ele>10.650</ele><time>2026-07-18T17:42:55Z</time><speed>3.014</speed><sat>14</sat></trkpt>
  <trkpt lat="26.42379667" lon="-80.16605000"><ele>10.650</ele><time>2026-07-18T17:42:56Z</time><speed>2.978</speed><sat>14</sat></trkpt>
  <trkpt lat="26.42379333" lon="-80.16601833"><ele>10.350</ele><time>2026-07-18T17:42:57Z</time><speed>2.941</speed><sat>14</sat></trkpt>
  <trkpt lat="26.42379500" lon="-80.16598667"><ele>10.350</ele><time>2026-07-18T17:42:58Z</time><speed>2.907</speed><sat>14</sat></trkpt>
  <trkpt lat="26.42379500" lon="-80.16595833"><ele>10.450</ele><time>2026-07-18T17:42:59Z</time><speed>2.869</speed><sat>14</sat></trkpt>
  <trkpt lat="26.42379500" lon="-80.16593167"><ele>10.950</ele><time>2026-07-18T17:43:00Z</time><speed>2.848</speed><sat>14</sat></trkpt>
  <trkpt lat="26.42379833" lon="-80.16590667"><ele>11.050</ele><time>2026-07-18T17:43:01Z</time><speed>2.819</speed><sat>14</sat></trkpt>
  <trkpt lat="26.42380333" lon="-80.16588167"><ele>10.451</ele><time>2026-07-18T17:43:02Z</time><speed>2.812</speed><sat>14</sat></trkpt>
  <trkpt lat="26.42381000" lon="-80.16585833"><ele>9.951</ele><time>2026-07-18T17:43:03Z</time><speed>2.810</speed><sat>14</sat></trkpt>
  <trkpt lat="26.42381333" lon="-80.16582833"><ele>9.551</ele><time>2026-07-18T17:43:04Z</time><speed>2.836</speed><sat>14</sat></trkpt>
  <trkpt lat="26.42381500" lon="-80.16580167"><ele>9.251</ele><time>2026-07-18T17:43:05Z</time><speed>2.857</speed><sat>14</sat></trkpt>
  <trkpt lat="26.42381667" lon="-80.16577333"><ele>9.051</ele><time>2026-07-18T17:43:06Z</time><speed>2.853</speed><sat>14</sat></trkpt>
  <trkpt lat="26.42381500" lon="-80.16574333"><ele>8.851</ele><time>2026-07-18T17:43:07Z</time><speed>2.856</speed><sat>14</sat></trkpt>
  <trkpt lat="26.42381000" lon="-80.16572000"><ele>8.051</ele><time>2026-07-18T17:43:08Z</time><speed>2.810</speed><sat>14</sat></trkpt>
  <trkpt lat="26.42379833" lon="-80.16569167"><ele>8.151</ele><time>2026-07-18T17:43:09Z</time><speed>2.792</speed><sat>14</sat></trkpt>
  <trkpt lat="26.42379000" lon="-80.16566500"><ele>8.351</ele><time>2026-07-18T17:43:10Z</time><speed>2.753</speed><sat>14</sat></trkpt>
  <trkpt lat="26.42377833" lon="-80.16564667"><ele>8.452</ele><time>2026-07-18T17:43:11Z</time><speed>2.686</speed><sat>14</sat></trkpt>
  <trkpt lat="26.42377667" lon="-80.16562500"><ele>8.852</ele><time>2026-07-18T17:43:12Z</time><speed>2.625</speed><sat>14</sat></trkpt>
  <trkpt lat="26.42378167" lon="-80.16560167"><ele>8.352</ele><time>2026-07-18T17:43:13Z</time><speed>2.603</speed><sat>14</sat></trkpt>
  <trkpt lat="26.42378167" lon="-80.16557667"><ele>8.052</ele><time>2026-07-18T17:43:14Z</time><speed>2.575</speed><sat>14</sat></trkpt>
  <trkpt lat="26.42378833" lon="-80.16555000"><ele>7.752</ele><time>2026-07-18T17:43:15Z</time><speed>2.575</speed><sat>14</sat></trkpt>
  <trkpt lat="26.42379167" lon="-80.16552167"><ele>7.952</ele><time>2026-07-18T17:43:16Z</time><speed>2.556</speed><sat>14</sat></trkpt>
  <trkpt lat="26.42379667" lon="-80.16549667"><ele>8.352</ele><time>2026-07-18T17:43:17Z</time><speed>2.568</speed><sat>14</sat></trkpt>
  <trkpt lat="26.42380333" lon="-80.16547167"><ele>8.752</ele><time>2026-07-18T17:43:18Z</time><speed>2.606</speed><sat>14</sat></trkpt>
  <trkpt lat="26.42381000" lon="-80.16544667"><ele>8.952</ele><time>2026-07-18T17:43:19Z</time><speed>2.622</speed><sat>14</sat></trkpt>
  <trkpt lat="26.42381333" lon="-80.16541833"><ele>9.552</ele><time>2026-07-18T17:43:20Z</time><speed>2.650</speed><sat>14</sat></trkpt>
  <trkpt lat="26.42381667" lon="-80.16539333"><ele>9.753</ele><time>2026-07-18T17:43:21Z</time><speed>2.710</speed><sat>14</sat></trkpt>
  <trkpt lat="26.42382167" lon="-80.16536667"><ele>10.053</ele><time>2026-07-18T17:43:22Z</time><speed>2.768</speed><sat>14</sat></trkpt>
  <trkpt lat="26.42382333" lon="-80.16533667"><ele>10.053</ele><time>2026-07-18T17:43:23Z</time><speed>2.795</speed><sat>14</sat></trkpt>
  <trkpt lat="26.42383167" lon="-80.16530500"><ele>10.353</ele><time>2026-07-18T17:43:24Z</time><speed>2.820</speed><sat>14</sat></trkpt>
  <trkpt lat="26.42383833" lon="-80.16528000"><ele>10.353</ele><time>2026-07-18T17:43:25Z</time><speed>2.829</speed><sat>14</sat></trkpt>
  <trkpt lat="26.42384167" lon="-80.16525000"><ele>10.253</ele><time>2026-07-18T17:43:26Z</time><speed>2.870</speed><sat>14</sat></trkpt>
  <trkpt lat="26.42384500" lon="-80.16521667"><ele>9.853</ele><time>2026-07-18T17:43:27Z</time><speed>2.866</speed><sat>14</sat></trkpt>
  <trkpt lat="26.42384167" lon="-80.16518667"><ele>9.953</ele><time>2026-07-18T17:43:28Z</time><speed>2.865</speed><sat>14</sat></trkpt>
  <trkpt lat="26.42383333" lon="-80.16516500"><ele>10.354</ele><time>2026-07-18T17:43:29Z</time><speed>2.834</speed><sat>14</sat></trkpt>
  <trkpt lat="26.42382000" lon="-80.16514333"><ele>9.954</ele><time>2026-07-18T17:43:30Z</time><speed>2.797</speed><sat>14</sat></trkpt>
  <trkpt lat="26.42380667" lon="-80.16512333"><ele>9.854</ele><time>2026-07-18T17:43:31Z</time><speed>2.771</speed><sat>14</sat></trkpt>
  <trkpt lat="26.42378500" lon="-80.16510667"><ele>9.754</ele><time>2026-07-18T17:43:32Z</time><speed>2.735</speed><sat>14</sat></trkpt>
  <trkpt lat="26.42376000" lon="-80.16509500"><ele>9.854</ele><time>2026-07-18T17:43:33Z</time><speed>2.721</speed><sat>14</sat></trkpt>
  <trkpt lat="26.42373500" lon="-80.16509500"><ele>10.254</ele><time>2026-07-18T17:43:34Z</time><speed>2.663</speed><sat>14</sat></trkpt>
  <trkpt lat="26.42371000" lon="-80.16509500"><ele>9.954</ele><time>2026-07-18T17:43:35Z</time><speed>2.606</speed><sat>14</sat></trkpt>
  <trkpt lat="26.42369333" lon="-80.16510167"><ele>9.954</ele><time>2026-07-18T17:43:36Z</time><speed>2.506</speed><sat>14</sat></trkpt>
  <trkpt lat="26.42367667" lon="-80.16511333"><ele>9.954</ele><time>2026-07-18T17:43:37Z</time><speed>2.427</speed><sat>14</sat></trkpt>
  <trkpt lat="26.42365667" lon="-80.16512000"><ele>10.754</ele><time>2026-07-18T17:43:38Z</time><speed>2.355</speed><sat>14</sat></trkpt>
  <trkpt lat="26.42363667" lon="-80.16512500"><ele>10.554</ele><time>2026-07-18T17:43:39Z</time><speed>2.343</speed><sat>14</sat></trkpt>
  <trkpt lat="26.42361167" lon="-80.16512667"><ele>10.154</ele><time>2026-07-18T17:43:40Z</time><speed>2.350</speed><sat>14</sat></trkpt>
  <trkpt lat="26.42358667" lon="-80.16512500"><ele>10.154</ele><time>2026-07-18T17:43:41Z</time><speed>2.362</speed><sat>14</sat></trkpt>
  <trkpt lat="26.42356333" lon="-80.16512333"><ele>10.054</ele><time>2026-07-18T17:43:42Z</time><speed>2.368</speed><sat>14</sat></trkpt>
  <trkpt lat="26.42354333" lon="-80.16511833"><ele>9.954</ele><time>2026-07-18T17:43:43Z</time><speed>2.348</speed><sat>14</sat></trkpt>
  <trkpt lat="26.42352000" lon="-80.16511333"><ele>9.454</ele><time>2026-07-18T17:43:44Z</time><speed>2.381</speed><sat>14</sat></trkpt>
  <trkpt lat="26.42349500" lon="-80.16510500"><ele>9.154</ele><time>2026-07-18T17:43:45Z</time><speed>2.434</speed><sat>14</sat></trkpt>
  <trkpt lat="26.42346667" lon="-80.16509833"><ele>9.154</ele><time>2026-07-18T17:43:46Z</time><speed>2.535</speed><sat>14</sat></trkpt>
  <trkpt lat="26.42343833" lon="-80.16509000"><ele>8.854</ele><time>2026-07-18T17:43:47Z</time><speed>2.638</speed><sat>14</sat></trkpt>
  <trkpt lat="26.42341167" lon="-80.16508333"><ele>8.854</ele><time>2026-07-18T17:43:48Z</time><speed>2.748</speed><sat>14</sat></trkpt>
  <trkpt lat="26.42338167" lon="-80.16507833"><ele>9.054</ele><time>2026-07-18T17:43:49Z</time><speed>2.833</speed><sat>14</sat></trkpt>
  <trkpt lat="26.42335333" lon="-80.16507333"><ele>9.254</ele><time>2026-07-18T17:43:50Z</time><speed>2.907</speed><sat>14</sat></trkpt>
  <trkpt lat="26.42332333" lon="-80.16507000"><ele>9.454</ele><time>2026-07-18T17:43:51Z</time><speed>2.963</speed><sat>14</sat></trkpt>
  <trkpt lat="26.42329333" lon="-80.16506833"><ele>9.554</ele><time>2026-07-18T17:43:52Z</time><speed>3.019</speed><sat>14</sat></trkpt>
  <trkpt lat="26.42326333" lon="-80.16506500"><ele>9.754</ele><time>2026-07-18T17:43:53Z</time><speed>3.068</speed><sat>14</sat></trkpt>
  <trkpt lat="26.42323500" lon="-80.16506500"><ele>9.954</ele><time>2026-07-18T17:43:54Z</time><speed>3.083</speed><sat>14</sat></trkpt>
  <trkpt lat="26.42320833" lon="-80.16506500"><ele>10.154</ele><time>2026-07-18T17:43:55Z</time><speed>3.077</speed><sat>14</sat></trkpt>
  <trkpt lat="26.42318667" lon="-80.16506500"><ele>10.654</ele><time>2026-07-18T17:43:56Z</time><speed>3.035</speed><sat>14</sat></trkpt>
  <trkpt lat="26.42316000" lon="-80.16506500"><ele>10.654</ele><time>2026-07-18T17:43:57Z</time><speed>3.018</speed><sat>14</sat></trkpt>
  <trkpt lat="26.42313833" lon="-80.16506000"><ele>10.254</ele><time>2026-07-18T17:43:58Z</time><speed>2.960</speed><sat>13</sat></trkpt>
  <trkpt lat="26.42311500" lon="-80.16505833"><ele>9.854</ele><time>2026-07-18T17:43:59Z</time><speed>2.918</speed><sat>14</sat></trkpt>
  <trkpt lat="26.42309333" lon="-80.16505500"><ele>9.554</ele><time>2026-07-18T17:44:00Z</time><speed>2.873</speed><sat>14</sat></trkpt>
  <trkpt lat="26.42307000" lon="-80.16504667"><ele>9.954</ele><time>2026-07-18T17:44:01Z</time><speed>2.826</speed><sat>14</sat></trkpt>
  <trkpt lat="26.42304667" lon="-80.16504167"><ele>10.254</ele><time>2026-07-18T17:44:02Z</time><speed>2.760</speed><sat>14</sat></trkpt>
  <trkpt lat="26.42302500" lon="-80.16503500"><ele>9.954</ele><time>2026-07-18T17:44:03Z</time><speed>2.718</speed><sat>14</sat></trkpt>
  <trkpt lat="26.42299833" lon="-80.16503333"><ele>10.154</ele><time>2026-07-18T17:44:04Z</time><speed>2.712</speed><sat>14</sat></trkpt>
  <trkpt lat="26.42297667" lon="-80.16503000"><ele>10.054</ele><time>2026-07-18T17:44:05Z</time><speed>2.719</speed><sat>14</sat></trkpt>
  <trkpt lat="26.42295000" lon="-80.16503333"><ele>9.554</ele><time>2026-07-18T17:44:06Z</time><speed>2.755</speed><sat>14</sat></trkpt>
  <trkpt lat="26.42292167" lon="-80.16503500"><ele>8.954</ele><time>2026-07-18T17:44:07Z</time><speed>2.753</speed><sat>14</sat></trkpt>
  <trkpt lat="26.42289333" lon="-80.16503000"><ele>9.154</ele><time>2026-07-18T17:44:08Z</time><speed>2.808</speed><sat>14</sat></trkpt>
  <trkpt lat="26.42286833" lon="-80.16502333"><ele>9.754</ele><time>2026-07-18T17:44:09Z</time><speed>2.833</speed><sat>14</sat></trkpt>
  <trkpt lat="26.42284167" lon="-80.16502000"><ele>9.854</ele><time>2026-07-18T17:44:10Z</time><speed>2.839</speed><sat>14</sat></trkpt>
  <trkpt lat="26.42281500" lon="-80.16501333"><ele>9.454</ele><time>2026-07-18T17:44:11Z</time><speed>2.842</speed><sat>14</sat></trkpt>
  <trkpt lat="26.42279167" lon="-80.16500833"><ele>9.354</ele><time>2026-07-18T17:44:12Z</time><speed>2.860</speed><sat>14</sat></trkpt>
  <trkpt lat="26.42277000" lon="-80.16500333"><ele>9.254</ele><time>2026-07-18T17:44:13Z</time><speed>2.864</speed><sat>14</sat></trkpt>
  <trkpt lat="26.42274500" lon="-80.16500167"><ele>9.054</ele><time>2026-07-18T17:44:14Z</time><speed>2.851</speed><sat>14</sat></trkpt>
  <trkpt lat="26.42272000" lon="-80.16499667"><ele>9.654</ele><time>2026-07-18T17:44:15Z</time><speed>2.802</speed><sat>13</sat></trkpt>
  <trkpt lat="26.42269333" lon="-80.16500500"><ele>9.154</ele><time>2026-07-18T17:44:16Z</time><speed>2.799</speed><sat>14</sat></trkpt>
  <trkpt lat="26.42266333" lon="-80.16501333"><ele>8.753</ele><time>2026-07-18T17:44:17Z</time><speed>2.813</speed><sat>14</sat></trkpt>
  <trkpt lat="26.42263667" lon="-80.16501333"><ele>8.053</ele><time>2026-07-18T17:44:18Z</time><speed>2.832</speed><sat>14</sat></trkpt>
  <trkpt lat="26.42260833" lon="-80.16502167"><ele>7.853</ele><time>2026-07-18T17:44:19Z</time><speed>2.797</speed><sat>14</sat></trkpt>
  <trkpt lat="26.42258167" lon="-80.16503333"><ele>7.553</ele><time>2026-07-18T17:44:20Z</time><speed>2.775</speed><sat>14</sat></trkpt>
  <trkpt lat="26.42255500" lon="-80.16504833"><ele>7.553</ele><time>2026-07-18T17:44:21Z</time><speed>2.755</speed><sat>14</sat></trkpt>
  <trkpt lat="26.42252833" lon="-80.16505833"><ele>7.753</ele><time>2026-07-18T17:44:22Z</time><speed>2.767</speed><sat>14</sat></trkpt>
  <trkpt lat="26.42250333" lon="-80.16506333"><ele>7.653</ele><time>2026-07-18T17:44:23Z</time><speed>2.760</speed><sat>14</sat></trkpt>
  <trkpt lat="26.42247833" lon="-80.16506833"><ele>7.753</ele><time>2026-07-18T17:44:24Z</time><speed>2.733</speed><sat>14</sat></trkpt>
  <trkpt lat="26.42245833" lon="-80.16506833"><ele>8.053</ele><time>2026-07-18T17:44:25Z</time><speed>2.717</speed><sat>14</sat></trkpt>
  <trkpt lat="26.42243833" lon="-80.16507000"><ele>8.653</ele><time>2026-07-18T17:44:26Z</time><speed>2.662</speed><sat>14</sat></trkpt>
  <trkpt lat="26.42242333" lon="-80.16506833"><ele>9.653</ele><time>2026-07-18T17:44:27Z</time><speed>2.562</speed><sat>14</sat></trkpt>
  <trkpt lat="26.42240500" lon="-80.16506500"><ele>10.453</ele><time>2026-07-18T17:44:28Z</time><speed>2.447</speed><sat>14</sat></trkpt>
  <trkpt lat="26.42238833" lon="-80.16507000"><ele>11.153</ele><time>2026-07-18T17:44:29Z</time><speed>2.420</speed><sat>14</sat></trkpt>
  <trkpt lat="26.42236667" lon="-80.16507833"><ele>11.553</ele><time>2026-07-18T17:44:30Z</time><speed>2.405</speed><sat>14</sat></trkpt>
  <trkpt lat="26.42234333" lon="-80.16509000"><ele>12.053</ele><time>2026-07-18T17:44:31Z</time><speed>2.395</speed><sat>14</sat></trkpt>
  <trkpt lat="26.42232000" lon="-80.16510333"><ele>11.953</ele><time>2026-07-18T17:44:32Z</time><speed>2.380</speed><sat>14</sat></trkpt>
  <trkpt lat="26.42229500" lon="-80.16511833"><ele>12.153</ele><time>2026-07-18T17:44:33Z</time><speed>2.437</speed><sat>14</sat></trkpt>
  <trkpt lat="26.42227000" lon="-80.16512833"><ele>12.553</ele><time>2026-07-18T17:44:34Z</time><speed>2.510</speed><sat>14</sat></trkpt>
  <trkpt lat="26.42224333" lon="-80.16513333"><ele>12.353</ele><time>2026-07-18T17:44:35Z</time><speed>2.620</speed><sat>14</sat></trkpt>
  <trkpt lat="26.42221333" lon="-80.16513500"><ele>12.253</ele><time>2026-07-18T17:44:36Z</time><speed>2.734</speed><sat>14</sat></trkpt>
  <trkpt lat="26.42218167" lon="-80.16513667"><ele>12.253</ele><time>2026-07-18T17:44:37Z</time><speed>2.876</speed><sat>14</sat></trkpt>
  <trkpt lat="26.42215167" lon="-80.16513000"><ele>12.053</ele><time>2026-07-18T17:44:38Z</time><speed>2.942</speed><sat>14</sat></trkpt>
  <trkpt lat="26.42212833" lon="-80.16512000"><ele>12.053</ele><time>2026-07-18T17:44:39Z</time><speed>3.001</speed><sat>14</sat></trkpt>
  <trkpt lat="26.42210167" lon="-80.16510500"><ele>11.553</ele><time>2026-07-18T17:44:40Z</time><speed>3.045</speed><sat>13</sat></trkpt>
  <trkpt lat="26.42207500" lon="-80.16509333"><ele>11.053</ele><time>2026-07-18T17:44:41Z</time><speed>3.108</speed><sat>13</sat></trkpt>
  <trkpt lat="26.42205167" lon="-80.16508000"><ele>10.753</ele><time>2026-07-18T17:44:42Z</time><speed>3.163</speed><sat>14</sat></trkpt>
  <trkpt lat="26.42202500" lon="-80.16506833"><ele>10.653</ele><time>2026-07-18T17:44:43Z</time><speed>3.172</speed><sat>14</sat></trkpt>
  <trkpt lat="26.42199500" lon="-80.16505833"><ele>10.553</ele><time>2026-07-18T17:44:44Z</time><speed>3.185</speed><sat>14</sat></trkpt>
  <trkpt lat="26.42196667" lon="-80.16505333"><ele>9.953</ele><time>2026-07-18T17:44:45Z</time><speed>3.120</speed><sat>14</sat></trkpt>
  <trkpt lat="26.42194333" lon="-80.16504333"><ele>9.953</ele><time>2026-07-18T17:44:46Z</time><speed>3.033</speed><sat>14</sat></trkpt>
  <trkpt lat="26.42191833" lon="-80.16503667"><ele>8.453</ele><time>2026-07-18T17:44:47Z</time><speed>2.994</speed><sat>13</sat></trkpt>
  <trkpt lat="26.42189500" lon="-80.16502333"><ele>7.553</ele><time>2026-07-18T17:44:48Z</time><speed>3.037</speed><sat>14</sat></trkpt>
  <trkpt lat="26.42187000" lon="-80.16500667"><ele>7.153</ele><time>2026-07-18T17:44:49Z</time><speed>3.079</speed><sat>13</sat></trkpt>
  <trkpt lat="26.42184500" lon="-80.16498833"><ele>7.053</ele><time>2026-07-18T17:44:50Z</time><speed>3.123</speed><sat>13</sat></trkpt>
  <trkpt lat="26.42182167" lon="-80.16496667"><ele>6.953</ele><time>2026-07-18T17:44:51Z</time><speed>3.147</speed><sat>13</sat></trkpt>
  <trkpt lat="26.42179667" lon="-80.16494833"><ele>6.753</ele><time>2026-07-18T17:44:52Z</time><speed>3.165</speed><sat>13</sat></trkpt>
  <trkpt lat="26.42177667" lon="-80.16493167"><ele>6.053</ele><time>2026-07-18T17:44:53Z</time><speed>3.168</speed><sat>13</sat></trkpt>
  <trkpt lat="26.42175333" lon="-80.16491000"><ele>5.953</ele><time>2026-07-18T17:44:54Z</time><speed>3.166</speed><sat>13</sat></trkpt>
  <trkpt lat="26.42172833" lon="-80.16489167"><ele>6.053</ele><time>2026-07-18T17:44:55Z</time><speed>3.224</speed><sat>13</sat></trkpt>
  <trkpt lat="26.42170333" lon="-80.16487667"><ele>5.754</ele><time>2026-07-18T17:44:56Z</time><speed>3.284</speed><sat>13</sat></trkpt>
  <trkpt lat="26.42168000" lon="-80.16486000"><ele>5.754</ele><time>2026-07-18T17:44:57Z</time><speed>3.308</speed><sat>13</sat></trkpt>
  <trkpt lat="26.42165167" lon="-80.16484833"><ele>5.954</ele><time>2026-07-18T17:44:58Z</time><speed>3.308</speed><sat>13</sat></trkpt>
  <trkpt lat="26.42162500" lon="-80.16483500"><ele>6.254</ele><time>2026-07-18T17:44:59Z</time><speed>3.287</speed><sat>13</sat></trkpt>
  <trkpt lat="26.42159833" lon="-80.16482333"><ele>6.354</ele><time>2026-07-18T17:45:00Z</time><speed>3.288</speed><sat>13</sat></trkpt>
  <trkpt lat="26.42157167" lon="-80.16481000"><ele>6.254</ele><time>2026-07-18T17:45:01Z</time><speed>3.323</speed><sat>13</sat></trkpt>
  <trkpt lat="26.42154000" lon="-80.16479333"><ele>6.254</ele><time>2026-07-18T17:45:02Z</time><speed>3.357</speed><sat>13</sat></trkpt>
  <trkpt lat="26.42151167" lon="-80.16477833"><ele>6.154</ele><time>2026-07-18T17:45:03Z</time><speed>3.400</speed><sat>13</sat></trkpt>
  <trkpt lat="26.42148167" lon="-80.16476000"><ele>6.454</ele><time>2026-07-18T17:45:04Z</time><speed>3.451</speed><sat>13</sat></trkpt>
  <trkpt lat="26.42145000" lon="-80.16474167"><ele>6.554</ele><time>2026-07-18T17:45:05Z</time><speed>3.485</speed><sat>13</sat></trkpt>
  <trkpt lat="26.42142500" lon="-80.16472000"><ele>6.754</ele><time>2026-07-18T17:45:06Z</time><speed>3.497</speed><sat>13</sat></trkpt>
  <trkpt lat="26.42140333" lon="-80.16470167"><ele>6.854</ele><time>2026-07-18T17:45:07Z</time><speed>3.469</speed><sat>13</sat></trkpt>
  <trkpt lat="26.42138167" lon="-80.16468333"><ele>7.054</ele><time>2026-07-18T17:45:08Z</time><speed>3.437</speed><sat>13</sat></trkpt>
  <trkpt lat="26.42135833" lon="-80.16466833"><ele>7.054</ele><time>2026-07-18T17:45:09Z</time><speed>3.417</speed><sat>13</sat></trkpt>
  <trkpt lat="26.42133833" lon="-80.16466000"><ele>8.054</ele><time>2026-07-18T17:45:10Z</time><speed>3.371</speed><sat>13</sat></trkpt>
  <trkpt lat="26.42131667" lon="-80.16464500"><ele>9.254</ele><time>2026-07-18T17:45:11Z</time><speed>3.283</speed><sat>14</sat></trkpt>
  <trkpt lat="26.42129667" lon="-80.16463167"><ele>9.854</ele><time>2026-07-18T17:45:12Z</time><speed>3.205</speed><sat>14</sat></trkpt>
  <trkpt lat="26.42128000" lon="-80.16461667"><ele>11.154</ele><time>2026-07-18T17:45:13Z</time><speed>3.106</speed><sat>14</sat></trkpt>
  <trkpt lat="26.42125833" lon="-80.16460167"><ele>11.754</ele><time>2026-07-18T17:45:14Z</time><speed>3.006</speed><sat>14</sat></trkpt>
  <trkpt lat="26.42123500" lon="-80.16458833"><ele>12.054</ele><time>2026-07-18T17:45:15Z</time><speed>2.921</speed><sat>14</sat></trkpt>
  <trkpt lat="26.42121167" lon="-80.16457833"><ele>11.654</ele><time>2026-07-18T17:45:16Z</time><speed>2.868</speed><sat>14</sat></trkpt>
  <trkpt lat="26.42118500" lon="-80.16456833"><ele>11.055</ele><time>2026-07-18T17:45:17Z</time><speed>2.864</speed><sat>14</sat></trkpt>
  <trkpt lat="26.42115833" lon="-80.16455667"><ele>10.455</ele><time>2026-07-18T17:45:18Z</time><speed>2.870</speed><sat>14</sat></trkpt>
  <trkpt lat="26.42113167" lon="-80.16454333"><ele>10.155</ele><time>2026-07-18T17:45:19Z</time><speed>2.880</speed><sat>14</sat></trkpt>
  <trkpt lat="26.42110500" lon="-80.16452667"><ele>9.855</ele><time>2026-07-18T17:45:20Z</time><speed>2.906</speed><sat>14</sat></trkpt>
  <trkpt lat="26.42108000" lon="-80.16451167"><ele>9.555</ele><time>2026-07-18T17:45:21Z</time><speed>2.941</speed><sat>13</sat></trkpt>
  <trkpt lat="26.42105500" lon="-80.16449833"><ele>9.255</ele><time>2026-07-18T17:45:22Z</time><speed>2.967</speed><sat>14</sat></trkpt>
  <trkpt lat="26.42103000" lon="-80.16448167"><ele>9.255</ele><time>2026-07-18T17:45:23Z</time><speed>3.006</speed><sat>13</sat></trkpt>
  <trkpt lat="26.42100667" lon="-80.16446833"><ele>9.255</ele><time>2026-07-18T17:45:24Z</time><speed>3.025</speed><sat>14</sat></trkpt>
  <trkpt lat="26.42098333" lon="-80.16445667"><ele>9.455</ele><time>2026-07-18T17:45:25Z</time><speed>3.055</speed><sat>14</sat></trkpt>
  <trkpt lat="26.42095833" lon="-80.16444500"><ele>9.555</ele><time>2026-07-18T17:45:26Z</time><speed>3.073</speed><sat>14</sat></trkpt>
  <trkpt lat="26.42093167" lon="-80.16443500"><ele>9.555</ele><time>2026-07-18T17:45:27Z</time><speed>3.089</speed><sat>14</sat></trkpt>
  <trkpt lat="26.42090500" lon="-80.16442333"><ele>9.655</ele><time>2026-07-18T17:45:28Z</time><speed>3.098</speed><sat>13</sat></trkpt>
  <trkpt lat="26.42087833" lon="-80.16441333"><ele>9.355</ele><time>2026-07-18T17:45:29Z</time><speed>3.101</speed><sat>13</sat></trkpt>
  <trkpt lat="26.42085333" lon="-80.16440333"><ele>9.455</ele><time>2026-07-18T17:45:30Z</time><speed>3.072</speed><sat>14</sat></trkpt>
  <trkpt lat="26.42083167" lon="-80.16439333"><ele>9.555</ele><time>2026-07-18T17:45:31Z</time><speed>3.011</speed><sat>14</sat></trkpt>
  <trkpt lat="26.42081167" lon="-80.16437833"><ele>10.255</ele><time>2026-07-18T17:45:32Z</time><speed>2.945</speed><sat>14</sat></trkpt>
  <trkpt lat="26.42079167" lon="-80.16436500"><ele>10.355</ele><time>2026-07-18T17:45:33Z</time><speed>2.890</speed><sat>14</sat></trkpt>
  <trkpt lat="26.42076667" lon="-80.16435333"><ele>10.855</ele><time>2026-07-18T17:45:34Z</time><speed>2.858</speed><sat>14</sat></trkpt>
  <trkpt lat="26.42074000" lon="-80.16434333"><ele>10.755</ele><time>2026-07-18T17:45:35Z</time><speed>2.819</speed><sat>14</sat></trkpt>
  <trkpt lat="26.42071667" lon="-80.16434000"><ele>10.555</ele><time>2026-07-18T17:45:36Z</time><speed>2.785</speed><sat>14</sat></trkpt>
  <trkpt lat="26.42069167" lon="-80.16434000"><ele>10.355</ele><time>2026-07-18T17:45:37Z</time><speed>2.754</speed><sat>14</sat></trkpt>
  <trkpt lat="26.42066667" lon="-80.16433833"><ele>10.855</ele><time>2026-07-18T17:45:38Z</time><speed>2.720</speed><sat>14</sat></trkpt>
  <trkpt lat="26.42064500" lon="-80.16433667"><ele>10.955</ele><time>2026-07-18T17:45:39Z</time><speed>2.648</speed><sat>14</sat></trkpt>
  <trkpt lat="26.42063000" lon="-80.16433833"><ele>10.755</ele><time>2026-07-18T17:45:40Z</time><speed>2.530</speed><sat>14</sat></trkpt>
  <trkpt lat="26.42061667" lon="-80.16433500"><ele>9.955</ele><time>2026-07-18T17:45:41Z</time><speed>2.430</speed><sat>14</sat></trkpt>
  <trkpt lat="26.42060500" lon="-80.16433667"><ele>9.655</ele><time>2026-07-18T17:45:42Z</time><speed>2.318</speed><sat>14</sat></trkpt>
  <trkpt lat="26.42059167" lon="-80.16433667"><ele>9.955</ele><time>2026-07-18T17:45:43Z</time><speed>2.157</speed><sat>14</sat></trkpt>
  <trkpt lat="26.42058000" lon="-80.16434167"><ele>9.855</ele><time>2026-07-18T17:45:44Z</time><speed>2.003</speed><sat>14</sat></trkpt>
  <trkpt lat="26.42056833" lon="-80.16435167"><ele>9.755</ele><time>2026-07-18T17:45:45Z</time><speed>1.915</speed><sat>14</sat></trkpt>
  <trkpt lat="26.42055667" lon="-80.16436500"><ele>9.555</ele><time>2026-07-18T17:45:46Z</time><speed>1.820</speed><sat>14</sat></trkpt>
  <trkpt lat="26.42054667" lon="-80.16438167"><ele>9.255</ele><time>2026-07-18T17:45:47Z</time><speed>1.711</speed><sat>14</sat></trkpt>
  <trkpt lat="26.42054000" lon="-80.16439333"><ele>9.255</ele><time>2026-07-18T17:45:48Z</time><speed>1.608</speed><sat>14</sat></trkpt>
  <trkpt lat="26.42053667" lon="-80.16440500"><ele>9.255</ele><time>2026-07-18T17:45:49Z</time><speed>1.537</speed><sat>14</sat></trkpt>
  <trkpt lat="26.42052833" lon="-80.16442167"><ele>9.855</ele><time>2026-07-18T17:45:50Z</time><speed>1.567</speed><sat>14</sat></trkpt>
  <trkpt lat="26.42051833" lon="-80.16444500"><ele>10.355</ele><time>2026-07-18T17:45:51Z</time><speed>1.645</speed><sat>14</sat></trkpt>
  <trkpt lat="26.42050833" lon="-80.16446667"><ele>10.455</ele><time>2026-07-18T17:45:52Z</time><speed>1.710</speed><sat>14</sat></trkpt>
  <trkpt lat="26.42050000" lon="-80.16448667"><ele>10.754</ele><time>2026-07-18T17:45:53Z</time><speed>1.827</speed><sat>14</sat></trkpt>
  <trkpt lat="26.42049500" lon="-80.16450833"><ele>10.654</ele><time>2026-07-18T17:45:54Z</time><speed>1.952</speed><sat>14</sat></trkpt>
  <trkpt lat="26.42048333" lon="-80.16453000"><ele>10.854</ele><time>2026-07-18T17:45:55Z</time><speed>1.994</speed><sat>14</sat></trkpt>
  <trkpt lat="26.42047500" lon="-80.16455000"><ele>10.954</ele><time>2026-07-18T17:45:56Z</time><speed>2.029</speed><sat>14</sat></trkpt>
  <trkpt lat="26.42047000" lon="-80.16458167"><ele>11.254</ele><time>2026-07-18T17:45:57Z</time><speed>2.125</speed><sat>14</sat></trkpt>
  <trkpt lat="26.42046500" lon="-80.16461167"><ele>10.854</ele><time>2026-07-18T17:45:58Z</time><speed>2.214</speed><sat>14</sat></trkpt>
  <trkpt lat="26.42045833" lon="-80.16464333"><ele>9.954</ele><time>2026-07-18T17:45:59Z</time><speed>2.362</speed><sat>14</sat></trkpt>
  <trkpt lat="26.42045500" lon="-80.16467667"><ele>9.354</ele><time>2026-07-18T17:46:00Z</time><speed>2.538</speed><sat>14</sat></trkpt>
  <trkpt lat="26.42044833" lon="-80.16470500"><ele>9.154</ele><time>2026-07-18T17:46:01Z</time><speed>2.613</speed><sat>14</sat></trkpt>
  <trkpt lat="26.42043833" lon="-80.16473333"><ele>9.353</ele><time>2026-07-18T17:46:02Z</time><speed>2.691</speed><sat>14</sat></trkpt>
  <trkpt lat="26.42043000" lon="-80.16476000"><ele>9.553</ele><time>2026-07-18T17:46:03Z</time><speed>2.744</speed><sat>14</sat></trkpt>
  <trkpt lat="26.42042167" lon="-80.16479000"><ele>10.053</ele><time>2026-07-18T17:46:04Z</time><speed>2.869</speed><sat>14</sat></trkpt>
  <trkpt lat="26.42041167" lon="-80.16482333"><ele>9.953</ele><time>2026-07-18T17:46:05Z</time><speed>2.963</speed><sat>14</sat></trkpt>
  <trkpt lat="26.42040167" lon="-80.16484833"><ele>9.653</ele><time>2026-07-18T17:46:06Z</time><speed>3.040</speed><sat>14</sat></trkpt>
  <trkpt lat="26.42039000" lon="-80.16487833"><ele>9.753</ele><time>2026-07-18T17:46:07Z</time><speed>3.085</speed><sat>14</sat></trkpt>
  <trkpt lat="26.42037167" lon="-80.16490833"><ele>10.253</ele><time>2026-07-18T17:46:08Z</time><speed>3.130</speed><sat>14</sat></trkpt>
  <trkpt lat="26.42036167" lon="-80.16493667"><ele>10.053</ele><time>2026-07-18T17:46:09Z</time><speed>3.098</speed><sat>14</sat></trkpt>
  <trkpt lat="26.42035167" lon="-80.16496333"><ele>9.952</ele><time>2026-07-18T17:46:10Z</time><speed>3.000</speed><sat>14</sat></trkpt>
  <trkpt lat="26.42034500" lon="-80.16500000"><ele>10.252</ele><time>2026-07-18T17:46:11Z</time><speed>2.988</speed><sat>14</sat></trkpt>
  <trkpt lat="26.42033167" lon="-80.16503000"><ele>9.752</ele><time>2026-07-18T17:46:12Z</time><speed>3.019</speed><sat>14</sat></trkpt>
  <trkpt lat="26.42032167" lon="-80.16505167"><ele>9.652</ele><time>2026-07-18T17:46:13Z</time><speed>3.056</speed><sat>14</sat></trkpt>
  <trkpt lat="26.42031000" lon="-80.16508000"><ele>9.652</ele><time>2026-07-18T17:46:14Z</time><speed>3.012</speed><sat>14</sat></trkpt>
  <trkpt lat="26.42029667" lon="-80.16511000"><ele>9.752</ele><time>2026-07-18T17:46:15Z</time><speed>3.001</speed><sat>14</sat></trkpt>
  <trkpt lat="26.42028833" lon="-80.16514167"><ele>9.552</ele><time>2026-07-18T17:46:16Z</time><speed>3.015</speed><sat>14</sat></trkpt>
  <trkpt lat="26.42028000" lon="-80.16517167"><ele>9.052</ele><time>2026-07-18T17:46:17Z</time><speed>3.039</speed><sat>14</sat></trkpt>
  <trkpt lat="26.42026833" lon="-80.16520500"><ele>8.551</ele><time>2026-07-18T17:46:18Z</time><speed>3.097</speed><sat>14</sat></trkpt>
  <trkpt lat="26.42025667" lon="-80.16523833"><ele>8.451</ele><time>2026-07-18T17:46:19Z</time><speed>3.161</speed><sat>14</sat></trkpt>
  <trkpt lat="26.42024833" lon="-80.16526167"><ele>8.351</ele><time>2026-07-18T17:46:20Z</time><speed>3.191</speed><sat>14</sat></trkpt>
  <trkpt lat="26.42023833" lon="-80.16528667"><ele>8.151</ele><time>2026-07-18T17:46:21Z</time><speed>3.187</speed><sat>14</sat></trkpt>
  <trkpt lat="26.42022667" lon="-80.16531833"><ele>7.851</ele><time>2026-07-18T17:46:22Z</time><speed>3.210</speed><sat>14</sat></trkpt>
  <trkpt lat="26.42021667" lon="-80.16535500"><ele>6.951</ele><time>2026-07-18T17:46:23Z</time><speed>3.248</speed><sat>14</sat></trkpt>
  <trkpt lat="26.42020333" lon="-80.16538500"><ele>6.851</ele><time>2026-07-18T17:46:24Z</time><speed>3.268</speed><sat>14</sat></trkpt>
  <trkpt lat="26.42019000" lon="-80.16541667"><ele>6.650</ele><time>2026-07-18T17:46:25Z</time><speed>3.319</speed><sat>14</sat></trkpt>
  <trkpt lat="26.42018000" lon="-80.16545000"><ele>6.550</ele><time>2026-07-18T17:46:26Z</time><speed>3.369</speed><sat>14</sat></trkpt>
  <trkpt lat="26.42017333" lon="-80.16548333"><ele>6.450</ele><time>2026-07-18T17:46:27Z</time><speed>3.364</speed><sat>14</sat></trkpt>
  <trkpt lat="26.42016833" lon="-80.16551500"><ele>6.450</ele><time>2026-07-18T17:46:28Z</time><speed>3.371</speed><sat>14</sat></trkpt>
  <trkpt lat="26.42015500" lon="-80.16554500"><ele>6.550</ele><time>2026-07-18T17:46:29Z</time><speed>3.313</speed><sat>14</sat></trkpt>
  <trkpt lat="26.42014333" lon="-80.16556833"><ele>6.950</ele><time>2026-07-18T17:46:30Z</time><speed>3.308</speed><sat>14</sat></trkpt>
  <trkpt lat="26.42012333" lon="-80.16559833"><ele>7.250</ele><time>2026-07-18T17:46:31Z</time><speed>3.306</speed><sat>14</sat></trkpt>
  <trkpt lat="26.42011000" lon="-80.16562167"><ele>7.250</ele><time>2026-07-18T17:46:32Z</time><speed>3.264</speed><sat>14</sat></trkpt>
  <trkpt lat="26.42009167" lon="-80.16564833"><ele>7.149</ele><time>2026-07-18T17:46:33Z</time><speed>3.211</speed><sat>14</sat></trkpt>
  <trkpt lat="26.42007333" lon="-80.16568500"><ele>7.249</ele><time>2026-07-18T17:46:34Z</time><speed>3.209</speed><sat>14</sat></trkpt>
  <trkpt lat="26.42005667" lon="-80.16572000"><ele>7.049</ele><time>2026-07-18T17:46:35Z</time><speed>3.191</speed><sat>14</sat></trkpt>
  <trkpt lat="26.42004167" lon="-80.16575000"><ele>6.849</ele><time>2026-07-18T17:46:36Z</time><speed>3.150</speed><sat>14</sat></trkpt>
  <trkpt lat="26.42002500" lon="-80.16577667"><ele>7.049</ele><time>2026-07-18T17:46:37Z</time><speed>3.139</speed><sat>14</sat></trkpt>
  <trkpt lat="26.42001167" lon="-80.16580500"><ele>7.149</ele><time>2026-07-18T17:46:38Z</time><speed>3.081</speed><sat>14</sat></trkpt>
  <trkpt lat="26.41999667" lon="-80.16583500"><ele>7.249</ele><time>2026-07-18T17:46:39Z</time><speed>3.110</speed><sat>14</sat></trkpt>
  <trkpt lat="26.41998333" lon="-80.16586167"><ele>7.449</ele><time>2026-07-18T17:46:40Z</time><speed>3.117</speed><sat>14</sat></trkpt>
  <trkpt lat="26.41997333" lon="-80.16588667"><ele>7.848</ele><time>2026-07-18T17:46:41Z</time><speed>3.085</speed><sat>14</sat></trkpt>
  <trkpt lat="26.41996500" lon="-80.16591500"><ele>8.148</ele><time>2026-07-18T17:46:42Z</time><speed>3.091</speed><sat>14</sat></trkpt>
  <trkpt lat="26.41995167" lon="-80.16594667"><ele>9.248</ele><time>2026-07-18T17:46:43Z</time><speed>3.102</speed><sat>14</sat></trkpt>
  <trkpt lat="26.41993500" lon="-80.16597167"><ele>9.648</ele><time>2026-07-18T17:46:44Z</time><speed>3.040</speed><sat>14</sat></trkpt>
  <trkpt lat="26.41991667" lon="-80.16600000"><ele>9.948</ele><time>2026-07-18T17:46:45Z</time><speed>3.017</speed><sat>14</sat></trkpt>
  <trkpt lat="26.41989167" lon="-80.16602667"><ele>9.948</ele><time>2026-07-18T17:46:46Z</time><speed>3.019</speed><sat>14</sat></trkpt>
  <trkpt lat="26.41987500" lon="-80.16605000"><ele>10.248</ele><time>2026-07-18T17:46:47Z</time><speed>3.015</speed><sat>14</sat></trkpt>
  <trkpt lat="26.41985500" lon="-80.16607333"><ele>10.248</ele><time>2026-07-18T17:46:48Z</time><speed>3.031</speed><sat>14</sat></trkpt>
  <trkpt lat="26.41983167" lon="-80.16610000"><ele>9.947</ele><time>2026-07-18T17:46:49Z</time><speed>3.054</speed><sat>14</sat></trkpt>
  <trkpt lat="26.41981000" lon="-80.16612500"><ele>9.747</ele><time>2026-07-18T17:46:50Z</time><speed>3.076</speed><sat>14</sat></trkpt>
  <trkpt lat="26.41979333" lon="-80.16614667"><ele>9.947</ele><time>2026-07-18T17:46:51Z</time><speed>3.125</speed><sat>14</sat></trkpt>
  <trkpt lat="26.41978500" lon="-80.16617333"><ele>10.447</ele><time>2026-07-18T17:46:52Z</time><speed>3.156</speed><sat>14</sat></trkpt>
  <trkpt lat="26.41976667" lon="-80.16619833"><ele>11.047</ele><time>2026-07-18T17:46:53Z</time><speed>3.157</speed><sat>14</sat></trkpt>
  <trkpt lat="26.41975500" lon="-80.16622167"><ele>11.347</ele><time>2026-07-18T17:46:54Z</time><speed>3.153</speed><sat>14</sat></trkpt>
  <trkpt lat="26.41974167" lon="-80.16624333"><ele>12.247</ele><time>2026-07-18T17:46:55Z</time><speed>3.094</speed><sat>14</sat></trkpt>
  <trkpt lat="26.41971833" lon="-80.16627000"><ele>12.647</ele><time>2026-07-18T17:46:56Z</time><speed>3.086</speed><sat>14</sat></trkpt>
  <trkpt lat="26.41969500" lon="-80.16629500"><ele>13.147</ele><time>2026-07-18T17:46:57Z</time><speed>3.059</speed><sat>14</sat></trkpt>
  <trkpt lat="26.41967833" lon="-80.16632000"><ele>13.646</ele><time>2026-07-18T17:46:58Z</time><speed>3.058</speed><sat>14</sat></trkpt>
  <trkpt lat="26.41966500" lon="-80.16635000"><ele>13.946</ele><time>2026-07-18T17:46:59Z</time><speed>3.007</speed><sat>14</sat></trkpt>
  <trkpt lat="26.41965000" lon="-80.16637000"><ele>14.046</ele><time>2026-07-18T17:47:00Z</time><speed>2.914</speed><sat>14</sat></trkpt>
  <trkpt lat="26.41964500" lon="-80.16639167"><ele>14.146</ele><time>2026-07-18T17:47:01Z</time><speed>2.778</speed><sat>14</sat></trkpt>
  <trkpt lat="26.41963500" lon="-80.16640500"><ele>13.946</ele><time>2026-07-18T17:47:02Z</time><speed>2.588</speed><sat>14</sat></trkpt>
  <trkpt lat="26.41962167" lon="-80.16641333"><ele>14.146</ele><time>2026-07-18T17:47:03Z</time><speed>2.453</speed><sat>13</sat></trkpt>
  <trkpt lat="26.41960667" lon="-80.16642167"><ele>14.046</ele><time>2026-07-18T17:47:04Z</time><speed>2.366</speed><sat>14</sat></trkpt>
  <trkpt lat="26.41959667" lon="-80.16643000"><ele>14.146</ele><time>2026-07-18T17:47:05Z</time><speed>2.277</speed><sat>14</sat></trkpt>
  <trkpt lat="26.41958667" lon="-80.16643833"><ele>13.946</ele><time>2026-07-18T17:47:06Z</time><speed>2.160</speed><sat>14</sat></trkpt>
  <trkpt lat="26.41957333" lon="-80.16645167"><ele>13.646</ele><time>2026-07-18T17:47:07Z</time><speed>2.077</speed><sat>14</sat></trkpt>
  <trkpt lat="26.41956000" lon="-80.16646500"><ele>14.046</ele><time>2026-07-18T17:47:08Z</time><speed>1.949</speed><sat>14</sat></trkpt>
  <trkpt lat="26.41955000" lon="-80.16648667"><ele>14.446</ele><time>2026-07-18T17:47:09Z</time><speed>1.857</speed><sat>14</sat></trkpt>
  <trkpt lat="26.41953833" lon="-80.16650667"><ele>14.446</ele><time>2026-07-18T17:47:10Z</time><speed>1.838</speed><sat>14</sat></trkpt>
  <trkpt lat="26.41952667" lon="-80.16652667"><ele>14.946</ele><time>2026-07-18T17:47:11Z</time><speed>1.916</speed><sat>14</sat></trkpt>
  <trkpt lat="26.41950500" lon="-80.16654667"><ele>15.145</ele><time>2026-07-18T17:47:12Z</time><speed>2.077</speed><sat>14</sat></trkpt>
  <trkpt lat="26.41948333" lon="-80.16656667"><ele>15.745</ele><time>2026-07-18T17:47:13Z</time><speed>2.191</speed><sat>14</sat></trkpt>
  <trkpt lat="26.41946333" lon="-80.16658833"><ele>16.045</ele><time>2026-07-18T17:47:14Z</time><speed>2.329</speed><sat>14</sat></trkpt>
  <trkpt lat="26.41944333" lon="-80.16661333"><ele>15.745</ele><time>2026-07-18T17:47:15Z</time><speed>2.519</speed><sat>14</sat></trkpt>
  <trkpt lat="26.41942333" lon="-80.16663833"><ele>15.445</ele><time>2026-07-18T17:47:16Z</time><speed>2.669</speed><sat>14</sat></trkpt>
  <trkpt lat="26.41940167" lon="-80.16665833"><ele>15.145</ele><time>2026-07-18T17:47:17Z</time><speed>2.812</speed><sat>14</sat></trkpt>
  <trkpt lat="26.41937833" lon="-80.16668333"><ele>15.045</ele><time>2026-07-18T17:47:18Z</time><speed>2.967</speed><sat>14</sat></trkpt>
  <trkpt lat="26.41935500" lon="-80.16670500"><ele>15.145</ele><time>2026-07-18T17:47:19Z</time><speed>3.116</speed><sat>14</sat></trkpt>
  <trkpt lat="26.41933167" lon="-80.16672500"><ele>15.245</ele><time>2026-07-18T17:47:20Z</time><speed>3.233</speed><sat>14</sat></trkpt>
  <trkpt lat="26.41930667" lon="-80.16674500"><ele>15.344</ele><time>2026-07-18T17:47:21Z</time><speed>3.340</speed><sat>14</sat></trkpt>
  <trkpt lat="26.41928167" lon="-80.16676500"><ele>15.344</ele><time>2026-07-18T17:47:22Z</time><speed>3.400</speed><sat>14</sat></trkpt>
  <trkpt lat="26.41925833" lon="-80.16678500"><ele>15.144</ele><time>2026-07-18T17:47:23Z</time><speed>3.465</speed><sat>14</sat></trkpt>
  <trkpt lat="26.41923333" lon="-80.16680333"><ele>15.344</ele><time>2026-07-18T17:47:24Z</time><speed>3.481</speed><sat>14</sat></trkpt>
  <trkpt lat="26.41921167" lon="-80.16682500"><ele>15.244</ele><time>2026-07-18T17:47:25Z</time><speed>3.476</speed><sat>14</sat></trkpt>
  <trkpt lat="26.41919667" lon="-80.16684000"><ele>15.244</ele><time>2026-07-18T17:47:26Z</time><speed>3.458</speed><sat>14</sat></trkpt>
  <trkpt lat="26.41917500" lon="-80.16686167"><ele>15.544</ele><time>2026-07-18T17:47:27Z</time><speed>3.468</speed><sat>14</sat></trkpt>
  <trkpt lat="26.41915667" lon="-80.16688000"><ele>15.544</ele><time>2026-07-18T17:47:28Z</time><speed>3.459</speed><sat>14</sat></trkpt>
  <trkpt lat="26.41913333" lon="-80.16690500"><ele>15.444</ele><time>2026-07-18T17:47:29Z</time><speed>3.453</speed><sat>14</sat></trkpt>
  <trkpt lat="26.41911167" lon="-80.16693000"><ele>15.144</ele><time>2026-07-18T17:47:30Z</time><speed>3.460</speed><sat>14</sat></trkpt>
  <trkpt lat="26.41909167" lon="-80.16695667"><ele>14.843</ele><time>2026-07-18T17:47:31Z</time><speed>3.457</speed><sat>14</sat></trkpt>
  <trkpt lat="26.41907000" lon="-80.16698167"><ele>14.443</ele><time>2026-07-18T17:47:32Z</time><speed>3.430</speed><sat>14</sat></trkpt>
  <trkpt lat="26.41905000" lon="-80.16700500"><ele>14.143</ele><time>2026-07-18T17:47:33Z</time><speed>3.418</speed><sat>14</sat></trkpt>
  <trkpt lat="26.41902667" lon="-80.16702833"><ele>13.143</ele><time>2026-07-18T17:47:34Z</time><speed>3.415</speed><sat>14</sat></trkpt>
  <trkpt lat="26.41900333" lon="-80.16705000"><ele>12.343</ele><time>2026-07-18T17:47:35Z</time><speed>3.403</speed><sat>14</sat></trkpt>
  <trkpt lat="26.41897833" lon="-80.16707167"><ele>11.843</ele><time>2026-07-18T17:47:36Z</time><speed>3.419</speed><sat>14</sat></trkpt>
  <trkpt lat="26.41895667" lon="-80.16708833"><ele>12.243</ele><time>2026-07-18T17:47:37Z</time><speed>3.371</speed><sat>14</sat></trkpt>
  <trkpt lat="26.41893500" lon="-80.16711167"><ele>12.443</ele><time>2026-07-18T17:47:38Z</time><speed>3.348</speed><sat>14</sat></trkpt>
  <trkpt lat="26.41891333" lon="-80.16713167"><ele>12.743</ele><time>2026-07-18T17:47:39Z</time><speed>3.324</speed><sat>14</sat></trkpt>
  <trkpt lat="26.41889000" lon="-80.16715500"><ele>13.043</ele><time>2026-07-18T17:47:40Z</time><speed>3.324</speed><sat>14</sat></trkpt>
  <trkpt lat="26.41886667" lon="-80.16717167"><ele>13.242</ele><time>2026-07-18T17:47:41Z</time><speed>3.299</speed><sat>14</sat></trkpt>
  <trkpt lat="26.41884333" lon="-80.16719000"><ele>13.342</ele><time>2026-07-18T17:47:42Z</time><speed>3.293</speed><sat>14</sat></trkpt>
  <trkpt lat="26.41882000" lon="-80.16721000"><ele>13.542</ele><time>2026-07-18T17:47:43Z</time><speed>3.289</speed><sat>14</sat></trkpt>
  <trkpt lat="26.41879667" lon="-80.16722833"><ele>12.342</ele><time>2026-07-18T17:47:44Z</time><speed>3.299</speed><sat>14</sat></trkpt>
  <trkpt lat="26.41877000" lon="-80.16724667"><ele>12.342</ele><time>2026-07-18T17:47:45Z</time><speed>3.296</speed><sat>14</sat></trkpt>
  <trkpt lat="26.41874667" lon="-80.16726333"><ele>12.242</ele><time>2026-07-18T17:47:46Z</time><speed>3.288</speed><sat>14</sat></trkpt>
  <trkpt lat="26.41872167" lon="-80.16728000"><ele>12.542</ele><time>2026-07-18T17:47:47Z</time><speed>3.294</speed><sat>14</sat></trkpt>
  <trkpt lat="26.41869500" lon="-80.16729833"><ele>12.742</ele><time>2026-07-18T17:47:48Z</time><speed>3.302</speed><sat>14</sat></trkpt>
  <trkpt lat="26.41866833" lon="-80.16732000"><ele>11.942</ele><time>2026-07-18T17:47:49Z</time><speed>3.311</speed><sat>14</sat></trkpt>
  <trkpt lat="26.41863833" lon="-80.16734000"><ele>11.642</ele><time>2026-07-18T17:47:50Z</time><speed>3.314</speed><sat>14</sat></trkpt>
  <trkpt lat="26.41861167" lon="-80.16736333"><ele>11.642</ele><time>2026-07-18T17:47:51Z</time><speed>3.329</speed><sat>14</sat></trkpt>
  <trkpt lat="26.41858667" lon="-80.16738167"><ele>11.141</ele><time>2026-07-18T17:47:52Z</time><speed>3.345</speed><sat>14</sat></trkpt>
  <trkpt lat="26.41856167" lon="-80.16740000"><ele>11.141</ele><time>2026-07-18T17:47:53Z</time><speed>3.319</speed><sat>14</sat></trkpt>
  <trkpt lat="26.41853500" lon="-80.16742000"><ele>11.141</ele><time>2026-07-18T17:47:54Z</time><speed>3.311</speed><sat>14</sat></trkpt>
  <trkpt lat="26.41850833" lon="-80.16743833"><ele>11.241</ele><time>2026-07-18T17:47:55Z</time><speed>3.306</speed><sat>14</sat></trkpt>
  <trkpt lat="26.41847833" lon="-80.16745500"><ele>11.141</ele><time>2026-07-18T17:47:56Z</time><speed>3.315</speed><sat>14</sat></trkpt>
  <trkpt lat="26.41844833" lon="-80.16746833"><ele>10.841</ele><time>2026-07-18T17:47:57Z</time><speed>3.330</speed><sat>14</sat></trkpt>
  <trkpt lat="26.41842000" lon="-80.16747667"><ele>10.041</ele><time>2026-07-18T17:47:58Z</time><speed>3.337</speed><sat>14</sat></trkpt>
  <trkpt lat="26.41839000" lon="-80.16748833"><ele>9.641</ele><time>2026-07-18T17:47:59Z</time><speed>3.337</speed><sat>14</sat></trkpt>
  <trkpt lat="26.41836333" lon="-80.16749833"><ele>9.341</ele><time>2026-07-18T17:48:00Z</time><speed>3.307</speed><sat>14</sat></trkpt>
  <trkpt lat="26.41833333" lon="-80.16750667"><ele>9.841</ele><time>2026-07-18T17:48:01Z</time><speed>3.286</speed><sat>14</sat></trkpt>
  <trkpt lat="26.41831000" lon="-80.16751500"><ele>9.741</ele><time>2026-07-18T17:48:02Z</time><speed>3.196</speed><sat>14</sat></trkpt>
  <trkpt lat="26.41828500" lon="-80.16752333"><ele>9.241</ele><time>2026-07-18T17:48:03Z</time><speed>3.160</speed><sat>14</sat></trkpt>
  <trkpt lat="26.41825333" lon="-80.16753500"><ele>7.941</ele><time>2026-07-18T17:48:04Z</time><speed>3.124</speed><sat>14</sat></trkpt>
  <trkpt lat="26.41822500" lon="-80.16755500"><ele>7.541</ele><time>2026-07-18T17:48:05Z</time><speed>3.120</speed><sat>14</sat></trkpt>
  <trkpt lat="26.41819667" lon="-80.16756333"><ele>7.540</ele><time>2026-07-18T17:48:06Z</time><speed>3.103</speed><sat>14</sat></trkpt>
  <trkpt lat="26.41816833" lon="-80.16757000"><ele>7.340</ele><time>2026-07-18T17:48:07Z</time><speed>3.095</speed><sat>14</sat></trkpt>
  <trkpt lat="26.41813833" lon="-80.16757833"><ele>7.740</ele><time>2026-07-18T17:48:08Z</time><speed>3.068</speed><sat>14</sat></trkpt>
  <trkpt lat="26.41811000" lon="-80.16758833"><ele>7.740</ele><time>2026-07-18T17:48:09Z</time><speed>3.056</speed><sat>14</sat></trkpt>
  <trkpt lat="26.41808167" lon="-80.16759667"><ele>7.840</ele><time>2026-07-18T17:48:10Z</time><speed>3.064</speed><sat>14</sat></trkpt>
  <trkpt lat="26.41805167" lon="-80.16760667"><ele>7.740</ele><time>2026-07-18T17:48:11Z</time><speed>3.053</speed><sat>14</sat></trkpt>
  <trkpt lat="26.41802333" lon="-80.16761500"><ele>8.040</ele><time>2026-07-18T17:48:12Z</time><speed>3.128</speed><sat>14</sat></trkpt>
  <trkpt lat="26.41799333" lon="-80.16762333"><ele>8.140</ele><time>2026-07-18T17:48:13Z</time><speed>3.168</speed><sat>14</sat></trkpt>
  <trkpt lat="26.41796500" lon="-80.16763000"><ele>8.540</ele><time>2026-07-18T17:48:14Z</time><speed>3.194</speed><sat>14</sat></trkpt>
  <trkpt lat="26.41793500" lon="-80.16763333"><ele>9.140</ele><time>2026-07-18T17:48:15Z</time><speed>3.201</speed><sat>14</sat></trkpt>
  <trkpt lat="26.41790500" lon="-80.16764000"><ele>9.540</ele><time>2026-07-18T17:48:16Z</time><speed>3.218</speed><sat>14</sat></trkpt>
  <trkpt lat="26.41787500" lon="-80.16764500"><ele>9.240</ele><time>2026-07-18T17:48:17Z</time><speed>3.222</speed><sat>14</sat></trkpt>
  <trkpt lat="26.41784500" lon="-80.16764833"><ele>8.840</ele><time>2026-07-18T17:48:18Z</time><speed>3.234</speed><sat>14</sat></trkpt>
  <trkpt lat="26.41781500" lon="-80.16765167"><ele>8.640</ele><time>2026-07-18T17:48:19Z</time><speed>3.240</speed><sat>14</sat></trkpt>
  <trkpt lat="26.41778833" lon="-80.16765000"><ele>8.740</ele><time>2026-07-18T17:48:20Z</time><speed>3.228</speed><sat>14</sat></trkpt>
  <trkpt lat="26.41776167" lon="-80.16764833"><ele>9.340</ele><time>2026-07-18T17:48:21Z</time><speed>3.239</speed><sat>14</sat></trkpt>
  <trkpt lat="26.41773500" lon="-80.16764667"><ele>9.640</ele><time>2026-07-18T17:48:22Z</time><speed>3.246</speed><sat>14</sat></trkpt>
  <trkpt lat="26.41770500" lon="-80.16764167"><ele>10.040</ele><time>2026-07-18T17:48:23Z</time><speed>3.271</speed><sat>14</sat></trkpt>
  <trkpt lat="26.41767333" lon="-80.16764167"><ele>9.940</ele><time>2026-07-18T17:48:24Z</time><speed>3.234</speed><sat>14</sat></trkpt>
  <trkpt lat="26.41764333" lon="-80.16764500"><ele>10.040</ele><time>2026-07-18T17:48:25Z</time><speed>3.193</speed><sat>14</sat></trkpt>
  <trkpt lat="26.41760500" lon="-80.16765167"><ele>10.240</ele><time>2026-07-18T17:48:26Z</time><speed>3.197</speed><sat>14</sat></trkpt>
  <trkpt lat="26.41757000" lon="-80.16765500"><ele>10.040</ele><time>2026-07-18T17:48:27Z</time><speed>3.193</speed><sat>14</sat></trkpt>
  <trkpt lat="26.41754167" lon="-80.16765500"><ele>9.540</ele><time>2026-07-18T17:48:28Z</time><speed>3.197</speed><sat>14</sat></trkpt>
  <trkpt lat="26.41751500" lon="-80.16765000"><ele>9.240</ele><time>2026-07-18T17:48:29Z</time><speed>3.166</speed><sat>14</sat></trkpt>
  <trkpt lat="26.41749167" lon="-80.16764500"><ele>9.140</ele><time>2026-07-18T17:48:30Z</time><speed>3.079</speed><sat>14</sat></trkpt>
  <trkpt lat="26.41746667" lon="-80.16765000"><ele>9.640</ele><time>2026-07-18T17:48:31Z</time><speed>2.981</speed><sat>14</sat></trkpt>
  <trkpt lat="26.41744667" lon="-80.16764333"><ele>9.940</ele><time>2026-07-18T17:48:32Z</time><speed>2.893</speed><sat>14</sat></trkpt>
  <trkpt lat="26.41742333" lon="-80.16763333"><ele>10.040</ele><time>2026-07-18T17:48:33Z</time><speed>2.827</speed><sat>14</sat></trkpt>
  <trkpt lat="26.41740000" lon="-80.16762333"><ele>9.840</ele><time>2026-07-18T17:48:34Z</time><speed>2.807</speed><sat>14</sat></trkpt>
  <trkpt lat="26.41737500" lon="-80.16761333"><ele>9.840</ele><time>2026-07-18T17:48:35Z</time><speed>2.790</speed><sat>14</sat></trkpt>
  <trkpt lat="26.41734833" lon="-80.16761000"><ele>10.040</ele><time>2026-07-18T17:48:36Z</time><speed>2.751</speed><sat>14</sat></trkpt>
  <trkpt lat="26.41731667" lon="-80.16760833"><ele>9.640</ele><time>2026-07-18T17:48:37Z</time><speed>2.726</speed><sat>14</sat></trkpt>
  <trkpt lat="26.41728833" lon="-80.16760500"><ele>9.840</ele><time>2026-07-18T17:48:38Z</time><speed>2.737</speed><sat>14</sat></trkpt>
  <trkpt lat="26.41725667" lon="-80.16760333"><ele>9.540</ele><time>2026-07-18T17:48:39Z</time><speed>2.801</speed><sat>14</sat></trkpt>
  <trkpt lat="26.41722333" lon="-80.16760333"><ele>9.240</ele><time>2026-07-18T17:48:40Z</time><speed>2.936</speed><sat>14</sat></trkpt>
  <trkpt lat="26.41719500" lon="-80.16760000"><ele>9.140</ele><time>2026-07-18T17:48:41Z</time><speed>3.041</speed><sat>14</sat></trkpt>
  <trkpt lat="26.41716167" lon="-80.16759833"><ele>9.040</ele><time>2026-07-18T17:48:42Z</time><speed>3.148</speed><sat>14</sat></trkpt>
  <trkpt lat="26.41713000" lon="-80.16759333"><ele>9.040</ele><time>2026-07-18T17:48:43Z</time><speed>3.242</speed><sat>14</sat></trkpt>
  <trkpt lat="26.41709833" lon="-80.16759000"><ele>8.940</ele><time>2026-07-18T17:48:44Z</time><speed>3.295</speed><sat>14</sat></trkpt>
  <trkpt lat="26.41707167" lon="-80.16758167"><ele>9.640</ele><time>2026-07-18T17:48:45Z</time><speed>3.362</speed><sat>14</sat></trkpt>
  <trkpt lat="26.41705000" lon="-80.16757333"><ele>9.940</ele><time>2026-07-18T17:48:46Z</time><speed>3.410</speed><sat>14</sat></trkpt>
  <trkpt lat="26.41702500" lon="-80.16756167"><ele>9.740</ele><time>2026-07-18T17:48:47Z</time><speed>3.469</speed><sat>14</sat></trkpt>
  <trkpt lat="26.41700167" lon="-80.16755000"><ele>9.740</ele><time>2026-07-18T17:48:48Z</time><speed>3.473</speed><sat>14</sat></trkpt>
  <trkpt lat="26.41697333" lon="-80.16754333"><ele>9.540</ele><time>2026-07-18T17:48:49Z</time><speed>3.452</speed><sat>14</sat></trkpt>
  <trkpt lat="26.41694500" lon="-80.16753500"><ele>9.540</ele><time>2026-07-18T17:48:50Z</time><speed>3.427</speed><sat>14</sat></trkpt>
  <trkpt lat="26.41691333" lon="-80.16753167"><ele>9.140</ele><time>2026-07-18T17:48:51Z</time><speed>3.431</speed><sat>14</sat></trkpt>
  <trkpt lat="26.41688167" lon="-80.16752333"><ele>8.640</ele><time>2026-07-18T17:48:52Z</time><speed>3.405</speed><sat>14</sat></trkpt>
  <trkpt lat="26.41684833" lon="-80.16752000"><ele>9.240</ele><time>2026-07-18T17:48:53Z</time><speed>3.364</speed><sat>13</sat></trkpt>
  <trkpt lat="26.41681667" lon="-80.16751167"><ele>9.640</ele><time>2026-07-18T17:48:54Z</time><speed>3.375</speed><sat>13</sat></trkpt>
  <trkpt lat="26.41678500" lon="-80.16750167"><ele>9.540</ele><time>2026-07-18T17:48:55Z</time><speed>3.370</speed><sat>14</sat></trkpt>
  <trkpt lat="26.41675167" lon="-80.16749333"><ele>9.940</ele><time>2026-07-18T17:48:56Z</time><speed>3.356</speed><sat>14</sat></trkpt>
  <trkpt lat="26.41672167" lon="-80.16748500"><ele>9.840</ele><time>2026-07-18T17:48:57Z</time><speed>3.330</speed><sat>14</sat></trkpt>
  <trkpt lat="26.41669167" lon="-80.16747500"><ele>9.740</ele><time>2026-07-18T17:48:58Z</time><speed>3.316</speed><sat>14</sat></trkpt>
  <trkpt lat="26.41666167" lon="-80.16746667"><ele>9.640</ele><time>2026-07-18T17:48:59Z</time><speed>3.320</speed><sat>14</sat></trkpt>
  <trkpt lat="26.41663167" lon="-80.16745000"><ele>9.140</ele><time>2026-07-18T17:49:00Z</time><speed>3.334</speed><sat>14</sat></trkpt>
  <trkpt lat="26.41659833" lon="-80.16743500"><ele>8.940</ele><time>2026-07-18T17:49:01Z</time><speed>3.353</speed><sat>14</sat></trkpt>
  <trkpt lat="26.41657000" lon="-80.16742167"><ele>8.840</ele><time>2026-07-18T17:49:02Z</time><speed>3.365</speed><sat>14</sat></trkpt>
  <trkpt lat="26.41654167" lon="-80.16740833"><ele>8.540</ele><time>2026-07-18T17:49:03Z</time><speed>3.387</speed><sat>14</sat></trkpt>
  <trkpt lat="26.41651167" lon="-80.16739667"><ele>7.940</ele><time>2026-07-18T17:49:04Z</time><speed>3.389</speed><sat>14</sat></trkpt>
  <trkpt lat="26.41648333" lon="-80.16739000"><ele>8.040</ele><time>2026-07-18T17:49:05Z</time><speed>3.387</speed><sat>14</sat></trkpt>
  <trkpt lat="26.41645667" lon="-80.16737833"><ele>7.940</ele><time>2026-07-18T17:49:06Z</time><speed>3.367</speed><sat>14</sat></trkpt>
  <trkpt lat="26.41643167" lon="-80.16736500"><ele>7.440</ele><time>2026-07-18T17:49:07Z</time><speed>3.365</speed><sat>14</sat></trkpt>
  <trkpt lat="26.41640667" lon="-80.16735167"><ele>7.540</ele><time>2026-07-18T17:49:08Z</time><speed>3.367</speed><sat>14</sat></trkpt>
  <trkpt lat="26.41638167" lon="-80.16734000"><ele>7.740</ele><time>2026-07-18T17:49:09Z</time><speed>3.352</speed><sat>14</sat></trkpt>
  <trkpt lat="26.41635667" lon="-80.16732500"><ele>8.640</ele><time>2026-07-18T17:49:10Z</time><speed>3.325</speed><sat>14</sat></trkpt>
  <trkpt lat="26.41633000" lon="-80.16731333"><ele>8.940</ele><time>2026-07-18T17:49:11Z</time><speed>3.290</speed><sat>14</sat></trkpt>
  <trkpt lat="26.41630333" lon="-80.16730000"><ele>9.341</ele><time>2026-07-18T17:49:12Z</time><speed>3.276</speed><sat>14</sat></trkpt>
  <trkpt lat="26.41627500" lon="-80.16728667"><ele>10.641</ele><time>2026-07-18T17:49:13Z</time><speed>3.259</speed><sat>14</sat></trkpt>
  <trkpt lat="26.41624833" lon="-80.16726833"><ele>11.941</ele><time>2026-07-18T17:49:14Z</time><speed>3.246</speed><sat>14</sat></trkpt>
  <trkpt lat="26.41622000" lon="-80.16724833"><ele>13.141</ele><time>2026-07-18T17:49:15Z</time><speed>3.236</speed><sat>14</sat></trkpt>
  <trkpt lat="26.41619333" lon="-80.16722833"><ele>13.941</ele><time>2026-07-18T17:49:16Z</time><speed>3.259</speed><sat>14</sat></trkpt>
  <trkpt lat="26.41616833" lon="-80.16720833"><ele>14.041</ele><time>2026-07-18T17:49:17Z</time><speed>3.252</speed><sat>14</sat></trkpt>
  <trkpt lat="26.41614667" lon="-80.16718667"><ele>13.641</ele><time>2026-07-18T17:49:18Z</time><speed>3.261</speed><sat>14</sat></trkpt>
  <trkpt lat="26.41612667" lon="-80.16716500"><ele>13.241</ele><time>2026-07-18T17:49:19Z</time><speed>3.263</speed><sat>14</sat></trkpt>
  <trkpt lat="26.41610500" lon="-80.16714167"><ele>12.341</ele><time>2026-07-18T17:49:20Z</time><speed>3.275</speed><sat>14</sat></trkpt>
  <trkpt lat="26.41608333" lon="-80.16712333"><ele>11.641</ele><time>2026-07-18T17:49:21Z</time><speed>3.267</speed><sat>14</sat></trkpt>
  <trkpt lat="26.41606333" lon="-80.16710500"><ele>11.141</ele><time>2026-07-18T17:49:22Z</time><speed>3.241</speed><sat>14</sat></trkpt>
  <trkpt lat="26.41604333" lon="-80.16708833"><ele>10.941</ele><time>2026-07-18T17:49:23Z</time><speed>3.166</speed><sat>13</sat></trkpt>
  <trkpt lat="26.41602833" lon="-80.16707833"><ele>10.541</ele><time>2026-07-18T17:49:24Z</time><speed>3.016</speed><sat>13</sat></trkpt>
  <trkpt lat="26.41600833" lon="-80.16707833"><ele>11.841</ele><time>2026-07-18T17:49:25Z</time><speed>2.831</speed><sat>13</sat></trkpt>
  <trkpt lat="26.41600167" lon="-80.16707833"><ele>12.741</ele><time>2026-07-18T17:49:26Z</time><speed>2.507</speed><sat>13</sat></trkpt>
  <trkpt lat="26.41600500" lon="-80.16708000"><ele>14.041</ele><time>2026-07-18T17:49:27Z</time><speed>2.194</speed><sat>13</sat></trkpt>
  <trkpt lat="26.41600167" lon="-80.16708000"><ele>14.941</ele><time>2026-07-18T17:49:28Z</time><speed>1.868</speed><sat>13</sat></trkpt>
  <trkpt lat="26.41599667" lon="-80.16707500"><ele>15.441</ele><time>2026-07-18T17:49:29Z</time><speed>1.550</speed><sat>14</sat></trkpt>
  <trkpt lat="26.41599833" lon="-80.16707167"><ele>15.841</ele><time>2026-07-18T17:49:30Z</time><speed>1.240</speed><sat>14</sat></trkpt>
  <trkpt lat="26.41600000" lon="-80.16707000"><ele>16.241</ele><time>2026-07-18T17:49:31Z</time><speed>0.954</speed><sat>13</sat></trkpt>
  <trkpt lat="26.41599333" lon="-80.16706167"><ele>16.641</ele><time>2026-07-18T17:49:32Z</time><speed>0.738</speed><sat>13</sat></trkpt>
  <trkpt lat="26.41598167" lon="-80.16705500"><ele>16.741</ele><time>2026-07-18T17:49:33Z</time><speed>0.664</speed><sat>14</sat></trkpt>
  <trkpt lat="26.41596833" lon="-80.16704167"><ele>16.441</ele><time>2026-07-18T17:49:34Z</time><speed>0.671</speed><sat>14</sat></trkpt>
  <trkpt lat="26.41595667" lon="-80.16702500"><ele>16.341</ele><time>2026-07-18T17:49:35Z</time><speed>0.772</speed><sat>14</sat></trkpt>
  <trkpt lat="26.41594167" lon="-80.16700833"><ele>16.742</ele><time>2026-07-18T17:49:36Z</time><speed>0.998</speed><sat>14</sat></trkpt>
  <trkpt lat="26.41592667" lon="-80.16699333"><ele>16.942</ele><time>2026-07-18T17:49:37Z</time><speed>1.220</speed><sat>14</sat></trkpt>
  <trkpt lat="26.41591500" lon="-80.16697667"><ele>17.142</ele><time>2026-07-18T17:49:38Z</time><speed>1.454</speed><sat>13</sat></trkpt>
  <trkpt lat="26.41590000" lon="-80.16695833"><ele>16.842</ele><time>2026-07-18T17:49:39Z</time><speed>1.760</speed><sat>14</sat></trkpt>
  <trkpt lat="26.41588500" lon="-80.16693833"><ele>16.742</ele><time>2026-07-18T17:49:40Z</time><speed>2.044</speed><sat>14</sat></trkpt>
  <trkpt lat="26.41586667" lon="-80.16692000"><ele>16.542</ele><time>2026-07-18T17:49:41Z</time><speed>2.351</speed><sat>14</sat></trkpt>
  <trkpt lat="26.41584500" lon="-80.16690000"><ele>16.242</ele><time>2026-07-18T17:49:42Z</time><speed>2.563</speed><sat>14</sat></trkpt>
  <trkpt lat="26.41582833" lon="-80.16687667"><ele>16.042</ele><time>2026-07-18T17:49:43Z</time><speed>2.690</speed><sat>14</sat></trkpt>
  <trkpt lat="26.41581333" lon="-80.16684833"><ele>16.242</ele><time>2026-07-18T17:49:44Z</time><speed>2.820</speed><sat>14</sat></trkpt>
  <trkpt lat="26.41579500" lon="-80.16682333"><ele>15.742</ele><time>2026-07-18T17:49:45Z</time><speed>2.895</speed><sat>14</sat></trkpt>
  <trkpt lat="26.41577667" lon="-80.16679833"><ele>15.142</ele><time>2026-07-18T17:49:46Z</time><speed>2.953</speed><sat>14</sat></trkpt>
  <trkpt lat="26.41576000" lon="-80.16676833"><ele>14.742</ele><time>2026-07-18T17:49:47Z</time><speed>3.019</speed><sat>14</sat></trkpt>
  <trkpt lat="26.41573833" lon="-80.16673833"><ele>14.043</ele><time>2026-07-18T17:49:48Z</time><speed>3.106</speed><sat>14</sat></trkpt>
  <trkpt lat="26.41572167" lon="-80.16671167"><ele>13.243</ele><time>2026-07-18T17:49:49Z</time><speed>3.132</speed><sat>14</sat></trkpt>
  <trkpt lat="26.41570667" lon="-80.16667833"><ele>12.743</ele><time>2026-07-18T17:49:50Z</time><speed>3.166</speed><sat>14</sat></trkpt>
  <trkpt lat="26.41569167" lon="-80.16664333"><ele>12.443</ele><time>2026-07-18T17:49:51Z</time><speed>3.149</speed><sat>14</sat></trkpt>
  <trkpt lat="26.41567667" lon="-80.16661167"><ele>11.843</ele><time>2026-07-18T17:49:52Z</time><speed>3.186</speed><sat>14</sat></trkpt>
  <trkpt lat="26.41566167" lon="-80.16658667"><ele>11.443</ele><time>2026-07-18T17:49:53Z</time><speed>3.208</speed><sat>14</sat></trkpt>
  <trkpt lat="26.41564833" lon="-80.16655500"><ele>10.943</ele><time>2026-07-18T17:49:54Z</time><speed>3.213</speed><sat>14</sat></trkpt>
  <trkpt lat="26.41563667" lon="-80.16652500"><ele>11.143</ele><time>2026-07-18T17:49:55Z</time><speed>3.188</speed><sat>14</sat></trkpt>
  <trkpt lat="26.41562333" lon="-80.16649833"><ele>11.543</ele><time>2026-07-18T17:49:56Z</time><speed>3.207</speed><sat>14</sat></trkpt>
  <trkpt lat="26.41560500" lon="-80.16647167"><ele>12.544</ele><time>2026-07-18T17:49:57Z</time><speed>3.249</speed><sat>14</sat></trkpt>
  <trkpt lat="26.41559167" lon="-80.16644167"><ele>12.144</ele><time>2026-07-18T17:49:58Z</time><speed>3.262</speed><sat>14</sat></trkpt>
  <trkpt lat="26.41558000" lon="-80.16641167"><ele>11.944</ele><time>2026-07-18T17:49:59Z</time><speed>3.245</speed><sat>14</sat></trkpt>
  <trkpt lat="26.41556667" lon="-80.16638167"><ele>11.844</ele><time>2026-07-18T17:50:00Z</time><speed>3.245</speed><sat>14</sat></trkpt>
  <trkpt lat="26.41555833" lon="-80.16635000"><ele>12.644</ele><time>2026-07-18T17:50:01Z</time><speed>3.289</speed><sat>14</sat></trkpt>
  <trkpt lat="26.41554833" lon="-80.16631833"><ele>12.344</ele><time>2026-07-18T17:50:02Z</time><speed>3.305</speed><sat>14</sat></trkpt>
  <trkpt lat="26.41553833" lon="-80.16629833"><ele>11.344</ele><time>2026-07-18T17:50:03Z</time><speed>3.294</speed><sat>14</sat></trkpt>
  <trkpt lat="26.41552667" lon="-80.16626667"><ele>10.744</ele><time>2026-07-18T17:50:04Z</time><speed>3.320</speed><sat>14</sat></trkpt>
  <trkpt lat="26.41551667" lon="-80.16623833"><ele>9.844</ele><time>2026-07-18T17:50:05Z</time><speed>3.374</speed><sat>14</sat></trkpt>
  <trkpt lat="26.41550500" lon="-80.16621000"><ele>9.345</ele><time>2026-07-18T17:50:06Z</time><speed>3.379</speed><sat>14</sat></trkpt>
  <trkpt lat="26.41550000" lon="-80.16618167"><ele>8.745</ele><time>2026-07-18T17:50:07Z</time><speed>3.381</speed><sat>14</sat></trkpt>
  <trkpt lat="26.41549167" lon="-80.16615333"><ele>8.445</ele><time>2026-07-18T17:50:08Z</time><speed>3.357</speed><sat>14</sat></trkpt>
  <trkpt lat="26.41548000" lon="-80.16612167"><ele>8.245</ele><time>2026-07-18T17:50:09Z</time><speed>3.357</speed><sat>14</sat></trkpt>
  <trkpt lat="26.41547000" lon="-80.16609000"><ele>8.345</ele><time>2026-07-18T17:50:10Z</time><speed>3.343</speed><sat>14</sat></trkpt>
  <trkpt lat="26.41545833" lon="-80.16605500"><ele>8.045</ele><time>2026-07-18T17:50:11Z</time><speed>3.305</speed><sat>14</sat></trkpt>
  <trkpt lat="26.41544667" lon="-80.16602667"><ele>7.745</ele><time>2026-07-18T17:50:12Z</time><speed>3.245</speed><sat>14</sat></trkpt>
  <trkpt lat="26.41543500" lon="-80.16600000"><ele>7.345</ele><time>2026-07-18T17:50:13Z</time><speed>3.225</speed><sat>14</sat></trkpt>
  <trkpt lat="26.41541500" lon="-80.16597667"><ele>7.745</ele><time>2026-07-18T17:50:14Z</time><speed>3.127</speed><sat>14</sat></trkpt>
  <trkpt lat="26.41540000" lon="-80.16595667"><ele>8.146</ele><time>2026-07-18T17:50:15Z</time><speed>2.962</speed><sat>14</sat></trkpt>
  <trkpt lat="26.41539167" lon="-80.16594000"><ele>8.546</ele><time>2026-07-18T17:50:16Z</time><speed>2.798</speed><sat>14</sat></trkpt>
  <trkpt lat="26.41538000" lon="-80.16591833"><ele>9.646</ele><time>2026-07-18T17:50:17Z</time><speed>2.677</speed><sat>14</sat></trkpt>
  <trkpt lat="26.41536667" lon="-80.16589500"><ele>10.446</ele><time>2026-07-18T17:50:18Z</time><speed>2.594</speed><sat>14</sat></trkpt>
  <trkpt lat="26.41535833" lon="-80.16586833"><ele>10.646</ele><time>2026-07-18T17:50:19Z</time><speed>2.523</speed><sat>14</sat></trkpt>
  <trkpt lat="26.41534500" lon="-80.16584167"><ele>10.846</ele><time>2026-07-18T17:50:20Z</time><speed>2.469</speed><sat>14</sat></trkpt>
  <trkpt lat="26.41533333" lon="-80.16581333"><ele>11.446</ele><time>2026-07-18T17:50:21Z</time><speed>2.459</speed><sat>14</sat></trkpt>
  <trkpt lat="26.41531833" lon="-80.16577833"><ele>12.146</ele><time>2026-07-18T17:50:22Z</time><speed>2.489</speed><sat>14</sat></trkpt>
  <trkpt lat="26.41530667" lon="-80.16575000"><ele>12.446</ele><time>2026-07-18T17:50:23Z</time><speed>2.519</speed><sat>14</sat></trkpt>
  <trkpt lat="26.41529667" lon="-80.16571833"><ele>12.646</ele><time>2026-07-18T17:50:24Z</time><speed>2.602</speed><sat>14</sat></trkpt>
  <trkpt lat="26.41528667" lon="-80.16568500"><ele>12.747</ele><time>2026-07-18T17:50:25Z</time><speed>2.757</speed><sat>14</sat></trkpt>
  <trkpt lat="26.41527333" lon="-80.16565667"><ele>12.947</ele><time>2026-07-18T17:50:26Z</time><speed>2.925</speed><sat>14</sat></trkpt>
  <trkpt lat="26.41526167" lon="-80.16562833"><ele>13.247</ele><time>2026-07-18T17:50:27Z</time><speed>3.040</speed><sat>14</sat></trkpt>
  <trkpt lat="26.41524833" lon="-80.16559667"><ele>13.247</ele><time>2026-07-18T17:50:28Z</time><speed>3.134</speed><sat>14</sat></trkpt>
  <trkpt lat="26.41523500" lon="-80.16556500"><ele>14.047</ele><time>2026-07-18T17:50:29Z</time><speed>3.220</speed><sat>14</sat></trkpt>
  <trkpt lat="26.41522167" lon="-80.16553833"><ele>14.147</ele><time>2026-07-18T17:50:30Z</time><speed>3.276</speed><sat>14</sat></trkpt>
  <trkpt lat="26.41520833" lon="-80.16551333"><ele>13.947</ele><time>2026-07-18T17:50:31Z</time><speed>3.290</speed><sat>14</sat></trkpt>
  <trkpt lat="26.41519500" lon="-80.16549000"><ele>14.147</ele><time>2026-07-18T17:50:32Z</time><speed>3.304</speed><sat>14</sat></trkpt>
  <trkpt lat="26.41518167" lon="-80.16546167"><ele>14.347</ele><time>2026-07-18T17:50:33Z</time><speed>3.295</speed><sat>14</sat></trkpt>
  <trkpt lat="26.41516667" lon="-80.16543500"><ele>14.448</ele><time>2026-07-18T17:50:34Z</time><speed>3.285</speed><sat>14</sat></trkpt>
  <trkpt lat="26.41515167" lon="-80.16540333"><ele>14.448</ele><time>2026-07-18T17:50:35Z</time><speed>3.292</speed><sat>14</sat></trkpt>
  <trkpt lat="26.41513833" lon="-80.16537167"><ele>14.648</ele><time>2026-07-18T17:50:36Z</time><speed>3.280</speed><sat>14</sat></trkpt>
  <trkpt lat="26.41512333" lon="-80.16534333"><ele>15.148</ele><time>2026-07-18T17:50:37Z</time><speed>3.278</speed><sat>14</sat></trkpt>
  <trkpt lat="26.41511000" lon="-80.16531333"><ele>14.948</ele><time>2026-07-18T17:50:38Z</time><speed>3.262</speed><sat>14</sat></trkpt>
  <trkpt lat="26.41509500" lon="-80.16528833"><ele>14.748</ele><time>2026-07-18T17:50:39Z</time><speed>3.241</speed><sat>14</sat></trkpt>
  <trkpt lat="26.41507667" lon="-80.16526333"><ele>14.748</ele><time>2026-07-18T17:50:40Z</time><speed>3.215</speed><sat>14</sat></trkpt>
  <trkpt lat="26.41505833" lon="-80.16523333"><ele>14.848</ele><time>2026-07-18T17:50:41Z</time><speed>3.211</speed><sat>14</sat></trkpt>
  <trkpt lat="26.41504167" lon="-80.16520833"><ele>14.848</ele><time>2026-07-18T17:50:42Z</time><speed>3.174</speed><sat>14</sat></trkpt>
  <trkpt lat="26.41502833" lon="-80.16518167"><ele>15.449</ele><time>2026-07-18T17:50:43Z</time><speed>3.143</speed><sat>14</sat></trkpt>
  <trkpt lat="26.41501500" lon="-80.16515500"><ele>15.849</ele><time>2026-07-18T17:50:44Z</time><speed>3.097</speed><sat>14</sat></trkpt>
  <trkpt lat="26.41500167" lon="-80.16514000"><ele>16.049</ele><time>2026-07-18T17:50:45Z</time><speed>3.013</speed><sat>14</sat></trkpt>
  <trkpt lat="26.41499000" lon="-80.16512000"><ele>16.149</ele><time>2026-07-18T17:50:46Z</time><speed>2.956</speed><sat>14</sat></trkpt>
  <trkpt lat="26.41497500" lon="-80.16510167"><ele>16.649</ele><time>2026-07-18T17:50:47Z</time><speed>2.871</speed><sat>14</sat></trkpt>
  <trkpt lat="26.41496500" lon="-80.16508000"><ele>16.949</ele><time>2026-07-18T17:50:48Z</time><speed>2.802</speed><sat>14</sat></trkpt>
  <trkpt lat="26.41495500" lon="-80.16505667"><ele>16.849</ele><time>2026-07-18T17:50:49Z</time><speed>2.743</speed><sat>14</sat></trkpt>
  <trkpt lat="26.41494500" lon="-80.16503500"><ele>17.249</ele><time>2026-07-18T17:50:50Z</time><speed>2.713</speed><sat>14</sat></trkpt>
  <trkpt lat="26.41493833" lon="-80.16501000"><ele>17.749</ele><time>2026-07-18T17:50:51Z</time><speed>2.672</speed><sat>14</sat></trkpt>
  <trkpt lat="26.41492500" lon="-80.16498000"><ele>17.849</ele><time>2026-07-18T17:50:52Z</time><speed>2.662</speed><sat>14</sat></trkpt>
  <trkpt lat="26.41491000" lon="-80.16495333"><ele>18.049</ele><time>2026-07-18T17:50:53Z</time><speed>2.687</speed><sat>14</sat></trkpt>
  <trkpt lat="26.41489667" lon="-80.16492333"><ele>18.150</ele><time>2026-07-18T17:50:54Z</time><speed>2.741</speed><sat>14</sat></trkpt>
  <trkpt lat="26.41488333" lon="-80.16489167"><ele>17.950</ele><time>2026-07-18T17:50:55Z</time><speed>2.814</speed><sat>14</sat></trkpt>
  <trkpt lat="26.41487000" lon="-80.16486000"><ele>17.450</ele><time>2026-07-18T17:50:56Z</time><speed>2.911</speed><sat>14</sat></trkpt>
  <trkpt lat="26.41485667" lon="-80.16482167"><ele>16.850</ele><time>2026-07-18T17:50:57Z</time><speed>3.053</speed><sat>14</sat></trkpt>
  <trkpt lat="26.41484167" lon="-80.16478333"><ele>16.350</ele><time>2026-07-18T17:50:58Z</time><speed>3.177</speed><sat>14</sat></trkpt>
  <trkpt lat="26.41483167" lon="-80.16475500"><ele>16.050</ele><time>2026-07-18T17:50:59Z</time><speed>3.174</speed><sat>14</sat></trkpt>
  <trkpt lat="26.41482333" lon="-80.16473167"><ele>16.050</ele><time>2026-07-18T17:51:00Z</time><speed>3.098</speed><sat>14</sat></trkpt>
  <trkpt lat="26.41481667" lon="-80.16471000"><ele>16.650</ele><time>2026-07-18T17:51:01Z</time><speed>3.040</speed><sat>14</sat></trkpt>
  <trkpt lat="26.41480500" lon="-80.16468833"><ele>17.250</ele><time>2026-07-18T17:51:02Z</time><speed>3.001</speed><sat>14</sat></trkpt>
  <trkpt lat="26.41479500" lon="-80.16466667"><ele>17.251</ele><time>2026-07-18T17:51:03Z</time><speed>2.951</speed><sat>14</sat></trkpt>
  <trkpt lat="26.41478833" lon="-80.16464167"><ele>17.051</ele><time>2026-07-18T17:51:04Z</time><speed>2.908</speed><sat>14</sat></trkpt>
  <trkpt lat="26.41478167" lon="-80.16461500"><ele>16.651</ele><time>2026-07-18T17:51:05Z</time><speed>2.889</speed><sat>14</sat></trkpt>
  <trkpt lat="26.41477667" lon="-80.16458333"><ele>16.251</ele><time>2026-07-18T17:51:06Z</time><speed>2.856</speed><sat>14</sat></trkpt>
  <trkpt lat="26.41476667" lon="-80.16455333"><ele>15.851</ele><time>2026-07-18T17:51:07Z</time><speed>2.788</speed><sat>14</sat></trkpt>
  <trkpt lat="26.41475833" lon="-80.16452333"><ele>15.151</ele><time>2026-07-18T17:51:08Z</time><speed>2.749</speed><sat>14</sat></trkpt>
  <trkpt lat="26.41474667" lon="-80.16449333"><ele>14.651</ele><time>2026-07-18T17:51:09Z</time><speed>2.823</speed><sat>14</sat></trkpt>
  <trkpt lat="26.41473167" lon="-80.16446500"><ele>13.951</ele><time>2026-07-18T17:51:10Z</time><speed>2.946</speed><sat>14</sat></trkpt>
  <trkpt lat="26.41471667" lon="-80.16443167"><ele>13.551</ele><time>2026-07-18T17:51:11Z</time><speed>3.063</speed><sat>13</sat></trkpt>
  <trkpt lat="26.41470333" lon="-80.16440167"><ele>13.252</ele><time>2026-07-18T17:51:12Z</time><speed>3.138</speed><sat>14</sat></trkpt>
  <trkpt lat="26.41468833" lon="-80.16437333"><ele>12.652</ele><time>2026-07-18T17:51:13Z</time><speed>3.200</speed><sat>14</sat></trkpt>
  <trkpt lat="26.41467500" lon="-80.16435000"><ele>12.452</ele><time>2026-07-18T17:51:14Z</time><speed>3.211</speed><sat>14</sat></trkpt>
  <trkpt lat="26.41466000" lon="-80.16432500"><ele>12.052</ele><time>2026-07-18T17:51:15Z</time><speed>3.211</speed><sat>14</sat></trkpt>
  <trkpt lat="26.41464667" lon="-80.16431500"><ele>11.852</ele><time>2026-07-18T17:51:16Z</time><speed>3.188</speed><sat>14</sat></trkpt>
  <trkpt lat="26.41464000" lon="-80.16428333"><ele>11.652</ele><time>2026-07-18T17:51:17Z</time><speed>3.179</speed><sat>14</sat></trkpt>
  <trkpt lat="26.41463167" lon="-80.16425667"><ele>12.652</ele><time>2026-07-18T17:51:18Z</time><speed>3.174</speed><sat>14</sat></trkpt>
  <trkpt lat="26.41462833" lon="-80.16422333"><ele>12.652</ele><time>2026-07-18T17:51:19Z</time><speed>3.171</speed><sat>14</sat></trkpt>
  <trkpt lat="26.41462333" lon="-80.16419167"><ele>12.452</ele><time>2026-07-18T17:51:20Z</time><speed>3.149</speed><sat>14</sat></trkpt>
  <trkpt lat="26.41461500" lon="-80.16415833"><ele>12.753</ele><time>2026-07-18T17:51:21Z</time><speed>3.139</speed><sat>14</sat></trkpt>
  <trkpt lat="26.41460333" lon="-80.16412167"><ele>13.653</ele><time>2026-07-18T17:51:22Z</time><speed>3.130</speed><sat>14</sat></trkpt>
  <trkpt lat="26.41459167" lon="-80.16409167"><ele>13.353</ele><time>2026-07-18T17:51:23Z</time><speed>3.110</speed><sat>14</sat></trkpt>
  <trkpt lat="26.41458000" lon="-80.16406333"><ele>13.553</ele><time>2026-07-18T17:51:24Z</time><speed>3.112</speed><sat>14</sat></trkpt>
  <trkpt lat="26.41456833" lon="-80.16403500"><ele>13.453</ele><time>2026-07-18T17:51:25Z</time><speed>3.109</speed><sat>14</sat></trkpt>
  <trkpt lat="26.41455333" lon="-80.16400833"><ele>14.753</ele><time>2026-07-18T17:51:26Z</time><speed>3.115</speed><sat>14</sat></trkpt>
  <trkpt lat="26.41454000" lon="-80.16398000"><ele>14.653</ele><time>2026-07-18T17:51:27Z</time><speed>3.097</speed><sat>14</sat></trkpt>
  <trkpt lat="26.41452833" lon="-80.16395333"><ele>14.253</ele><time>2026-07-18T17:51:28Z</time><speed>3.076</speed><sat>14</sat></trkpt>
  <trkpt lat="26.41451167" lon="-80.16393000"><ele>14.353</ele><time>2026-07-18T17:51:29Z</time><speed>3.069</speed><sat>14</sat></trkpt>
  <trkpt lat="26.41450000" lon="-80.16390000"><ele>14.454</ele><time>2026-07-18T17:51:30Z</time><speed>3.101</speed><sat>14</sat></trkpt>
  <trkpt lat="26.41448667" lon="-80.16387333"><ele>14.254</ele><time>2026-07-18T17:51:31Z</time><speed>3.091</speed><sat>14</sat></trkpt>
  <trkpt lat="26.41447500" lon="-80.16384500"><ele>13.854</ele><time>2026-07-18T17:51:32Z</time><speed>3.084</speed><sat>14</sat></trkpt>
  <trkpt lat="26.41446500" lon="-80.16381500"><ele>14.054</ele><time>2026-07-18T17:51:33Z</time><speed>3.082</speed><sat>14</sat></trkpt>
  <trkpt lat="26.41445667" lon="-80.16378667"><ele>14.254</ele><time>2026-07-18T17:51:34Z</time><speed>3.083</speed><sat>14</sat></trkpt>
  <trkpt lat="26.41445167" lon="-80.16375833"><ele>14.454</ele><time>2026-07-18T17:51:35Z</time><speed>3.066</speed><sat>14</sat></trkpt>
  <trkpt lat="26.41445667" lon="-80.16372833"><ele>15.254</ele><time>2026-07-18T17:51:36Z</time><speed>3.061</speed><sat>14</sat></trkpt>
  <trkpt lat="26.41446333" lon="-80.16369333"><ele>15.654</ele><time>2026-07-18T17:51:37Z</time><speed>3.085</speed><sat>14</sat></trkpt>
  <trkpt lat="26.41447167" lon="-80.16366500"><ele>16.354</ele><time>2026-07-18T17:51:38Z</time><speed>3.112</speed><sat>14</sat></trkpt>
  <trkpt lat="26.41447667" lon="-80.16363333"><ele>16.255</ele><time>2026-07-18T17:51:39Z</time><speed>3.116</speed><sat>14</sat></trkpt>
  <trkpt lat="26.41449000" lon="-80.16360000"><ele>16.055</ele><time>2026-07-18T17:51:40Z</time><speed>3.118</speed><sat>14</sat></trkpt>
  <trkpt lat="26.41449833" lon="-80.16356500"><ele>15.355</ele><time>2026-07-18T17:51:41Z</time><speed>3.142</speed><sat>14</sat></trkpt>
  <trkpt lat="26.41451500" lon="-80.16353500"><ele>15.555</ele><time>2026-07-18T17:51:42Z</time><speed>3.143</speed><sat>14</sat></trkpt>
  <trkpt lat="26.41453333" lon="-80.16351000"><ele>15.555</ele><time>2026-07-18T17:51:43Z</time><speed>3.165</speed><sat>14</sat></trkpt>
  <trkpt lat="26.41455500" lon="-80.16348667"><ele>15.155</ele><time>2026-07-18T17:51:44Z</time><speed>3.202</speed><sat>14</sat></trkpt>
  <trkpt lat="26.41457833" lon="-80.16347167"><ele>15.455</ele><time>2026-07-18T17:51:45Z</time><speed>3.246</speed><sat>14</sat></trkpt>
  <trkpt lat="26.41460167" lon="-80.16345500"><ele>14.955</ele><time>2026-07-18T17:51:46Z</time><speed>3.265</speed><sat>14</sat></trkpt>
  <trkpt lat="26.41462833" lon="-80.16343667"><ele>14.656</ele><time>2026-07-18T17:51:47Z</time><speed>3.265</speed><sat>14</sat></trkpt>
  <trkpt lat="26.41465167" lon="-80.16341667"><ele>14.256</ele><time>2026-07-18T17:51:48Z</time><speed>3.230</speed><sat>14</sat></trkpt>
  <trkpt lat="26.41467333" lon="-80.16339667"><ele>13.856</ele><time>2026-07-18T17:51:49Z</time><speed>3.207</speed><sat>14</sat></trkpt>
  <trkpt lat="26.41469167" lon="-80.16337833"><ele>13.956</ele><time>2026-07-18T17:51:50Z</time><speed>3.161</speed><sat>14</sat></trkpt>
  <trkpt lat="26.41471167" lon="-80.16336167"><ele>14.256</ele><time>2026-07-18T17:51:51Z</time><speed>3.127</speed><sat>14</sat></trkpt>
  <trkpt lat="26.41473333" lon="-80.16334667"><ele>14.456</ele><time>2026-07-18T17:51:52Z</time><speed>3.122</speed><sat>14</sat></trkpt>
  <trkpt lat="26.41475500" lon="-80.16332667"><ele>14.056</ele><time>2026-07-18T17:51:53Z</time><speed>3.093</speed><sat>14</sat></trkpt>
  <trkpt lat="26.41477500" lon="-80.16330667"><ele>13.956</ele><time>2026-07-18T17:51:54Z</time><speed>3.055</speed><sat>14</sat></trkpt>
  <trkpt lat="26.41479333" lon="-80.16329667"><ele>14.556</ele><time>2026-07-18T17:51:55Z</time><speed>3.008</speed><sat>14</sat></trkpt>
  <trkpt lat="26.41481500" lon="-80.16328167"><ele>15.156</ele><time>2026-07-18T17:51:56Z</time><speed>2.978</speed><sat>14</sat></trkpt>
  <trkpt lat="26.41483667" lon="-80.16326667"><ele>15.656</ele><time>2026-07-18T17:51:57Z</time><speed>2.962</speed><sat>14</sat></trkpt>
  <trkpt lat="26.41486167" lon="-80.16324667"><ele>16.256</ele><time>2026-07-18T17:51:58Z</time><speed>2.962</speed><sat>14</sat></trkpt>
  <trkpt lat="26.41488167" lon="-80.16322500"><ele>16.457</ele><time>2026-07-18T17:51:59Z</time><speed>2.928</speed><sat>14</sat></trkpt>
  <trkpt lat="26.41489667" lon="-80.16320833"><ele>17.457</ele><time>2026-07-18T17:52:00Z</time><speed>2.870</speed><sat>14</sat></trkpt>
  <trkpt lat="26.41490667" lon="-80.16318833"><ele>17.757</ele><time>2026-07-18T17:52:01Z</time><speed>2.856</speed><sat>14</sat></trkpt>
  <trkpt lat="26.41492167" lon="-80.16316500"><ele>17.757</ele><time>2026-07-18T17:52:02Z</time><speed>2.838</speed><sat>14</sat></trkpt>
  <trkpt lat="26.41493833" lon="-80.16314333"><ele>17.657</ele><time>2026-07-18T17:52:03Z</time><speed>2.829</speed><sat>14</sat></trkpt>
  <trkpt lat="26.41495000" lon="-80.16311833"><ele>18.057</ele><time>2026-07-18T17:52:04Z</time><speed>2.817</speed><sat>14</sat></trkpt>
  <trkpt lat="26.41495833" lon="-80.16308833"><ele>18.257</ele><time>2026-07-18T17:52:05Z</time><speed>2.818</speed><sat>14</sat></trkpt>
  <trkpt lat="26.41495667" lon="-80.16305667"><ele>18.257</ele><time>2026-07-18T17:52:06Z</time><speed>2.816</speed><sat>14</sat></trkpt>
  <trkpt lat="26.41495000" lon="-80.16302667"><ele>18.357</ele><time>2026-07-18T17:52:07Z</time><speed>2.781</speed><sat>14</sat></trkpt>
  <trkpt lat="26.41493833" lon="-80.16299833"><ele>18.157</ele><time>2026-07-18T17:52:08Z</time><speed>2.712</speed><sat>14</sat></trkpt>
  <trkpt lat="26.41492667" lon="-80.16297500"><ele>17.858</ele><time>2026-07-18T17:52:09Z</time><speed>2.665</speed><sat>14</sat></trkpt>
  <trkpt lat="26.41491333" lon="-80.16296000"><ele>18.158</ele><time>2026-07-18T17:52:10Z</time><speed>2.618</speed><sat>14</sat></trkpt>
  <trkpt lat="26.41489833" lon="-80.16295500"><ele>18.758</ele><time>2026-07-18T17:52:11Z</time><speed>2.541</speed><sat>14</sat></trkpt>
  <trkpt lat="26.41488167" lon="-80.16295500"><ele>18.458</ele><time>2026-07-18T17:52:12Z</time><speed>2.494</speed><sat>14</sat></trkpt>
  <trkpt lat="26.41486000" lon="-80.16296333"><ele>18.058</ele><time>2026-07-18T17:52:13Z</time><speed>2.435</speed><sat>14</sat></trkpt>
  <trkpt lat="26.41484500" lon="-80.16297500"><ele>17.758</ele><time>2026-07-18T17:52:14Z</time><speed>2.421</speed><sat>14</sat></trkpt>
  <trkpt lat="26.41483000" lon="-80.16299000"><ele>17.257</ele><time>2026-07-18T17:52:15Z</time><speed>2.385</speed><sat>14</sat></trkpt>
  <trkpt lat="26.41481333" lon="-80.16301000"><ele>16.257</ele><time>2026-07-18T17:52:16Z</time><speed>2.327</speed><sat>14</sat></trkpt>
  <trkpt lat="26.41480000" lon="-80.16302833"><ele>14.957</ele><time>2026-07-18T17:52:17Z</time><speed>2.289</speed><sat>14</sat></trkpt>
  <trkpt lat="26.41478667" lon="-80.16304833"><ele>14.057</ele><time>2026-07-18T17:52:18Z</time><speed>2.295</speed><sat>14</sat></trkpt>
  <trkpt lat="26.41477167" lon="-80.16306667"><ele>13.657</ele><time>2026-07-18T17:52:19Z</time><speed>2.313</speed><sat>14</sat></trkpt>
  <trkpt lat="26.41475667" lon="-80.16308667"><ele>13.557</ele><time>2026-07-18T17:52:20Z</time><speed>2.358</speed><sat>14</sat></trkpt>
  <trkpt lat="26.41474333" lon="-80.16310833"><ele>13.857</ele><time>2026-07-18T17:52:21Z</time><speed>2.407</speed><sat>14</sat></trkpt>
  <trkpt lat="26.41472667" lon="-80.16312667"><ele>13.957</ele><time>2026-07-18T17:52:22Z</time><speed>2.415</speed><sat>14</sat></trkpt>
  <trkpt lat="26.41470667" lon="-80.16314333"><ele>14.157</ele><time>2026-07-18T17:52:23Z</time><speed>2.443</speed><sat>14</sat></trkpt>
  <trkpt lat="26.41468167" lon="-80.16314667"><ele>13.657</ele><time>2026-07-18T17:52:24Z</time><speed>2.426</speed><sat>14</sat></trkpt>
  <trkpt lat="26.41465500" lon="-80.16314333"><ele>13.257</ele><time>2026-07-18T17:52:25Z</time><speed>2.454</speed><sat>14</sat></trkpt>
  <trkpt lat="26.41463000" lon="-80.16313333"><ele>13.257</ele><time>2026-07-18T17:52:26Z</time><speed>2.502</speed><sat>14</sat></trkpt>
  <trkpt lat="26.41461000" lon="-80.16311833"><ele>13.957</ele><time>2026-07-18T17:52:27Z</time><speed>2.544</speed><sat>14</sat></trkpt>
  <trkpt lat="26.41459500" lon="-80.16309500"><ele>14.357</ele><time>2026-07-18T17:52:28Z</time><speed>2.606</speed><sat>14</sat></trkpt>
  <trkpt lat="26.41458333" lon="-80.16307000"><ele>14.757</ele><time>2026-07-18T17:52:29Z</time><speed>2.644</speed><sat>14</sat></trkpt>
  <trkpt lat="26.41457333" lon="-80.16304167"><ele>15.057</ele><time>2026-07-18T17:52:30Z</time><speed>2.668</speed><sat>14</sat></trkpt>
  <trkpt lat="26.41456833" lon="-80.16301500"><ele>14.857</ele><time>2026-07-18T17:52:31Z</time><speed>2.645</speed><sat>14</sat></trkpt>
  <trkpt lat="26.41456333" lon="-80.16298333"><ele>14.657</ele><time>2026-07-18T17:52:32Z</time><speed>2.705</speed><sat>14</sat></trkpt>
  <trkpt lat="26.41456167" lon="-80.16295500"><ele>14.657</ele><time>2026-07-18T17:52:33Z</time><speed>2.720</speed><sat>14</sat></trkpt>
  <trkpt lat="26.41455500" lon="-80.16292833"><ele>14.658</ele><time>2026-07-18T17:52:34Z</time><speed>2.718</speed><sat>14</sat></trkpt>
  <trkpt lat="26.41453833" lon="-80.16290667"><ele>15.458</ele><time>2026-07-18T17:52:35Z</time><speed>2.681</speed><sat>14</sat></trkpt>
  <trkpt lat="26.41452833" lon="-80.16288333"><ele>15.658</ele><time>2026-07-18T17:52:36Z</time><speed>2.708</speed><sat>14</sat></trkpt>
  <trkpt lat="26.41452167" lon="-80.16286333"><ele>16.458</ele><time>2026-07-18T17:52:37Z</time><speed>2.639</speed><sat>14</sat></trkpt>
  <trkpt lat="26.41451333" lon="-80.16284500"><ele>16.358</ele><time>2026-07-18T17:52:38Z</time><speed>2.563</speed><sat>14</sat></trkpt>
  <trkpt lat="26.41451500" lon="-80.16283000"><ele>16.358</ele><time>2026-07-18T17:52:39Z</time><speed>2.461</speed><sat>14</sat></trkpt>
  <trkpt lat="26.41452000" lon="-80.16282333"><ele>16.358</ele><time>2026-07-18T17:52:40Z</time><speed>2.215</speed><sat>14</sat></trkpt>
  <trkpt lat="26.41452000" lon="-80.16282833"><ele>16.958</ele><time>2026-07-18T17:52:41Z</time><speed>2.000</speed><sat>14</sat></trkpt>
  <trkpt lat="26.41452167" lon="-80.16283000"><ele>17.158</ele><time>2026-07-18T17:52:42Z</time><speed>1.730</speed><sat>14</sat></trkpt>
  <trkpt lat="26.41451833" lon="-80.16283333"><ele>16.958</ele><time>2026-07-18T17:52:43Z</time><speed>1.491</speed><sat>14</sat></trkpt>
  <trkpt lat="26.41452167" lon="-80.16283667"><ele>16.858</ele><time>2026-07-18T17:52:44Z</time><speed>1.253</speed><sat>14</sat></trkpt>
  <trkpt lat="26.41452167" lon="-80.16283833"><ele>16.758</ele><time>2026-07-18T17:52:45Z</time><speed>1.020</speed><sat>14</sat></trkpt>
  <trkpt lat="26.41452333" lon="-80.16284000"><ele>16.858</ele><time>2026-07-18T17:52:46Z</time><speed>0.735</speed><sat>14</sat></trkpt>
  <trkpt lat="26.41452500" lon="-80.16284000"><ele>16.758</ele><time>2026-07-18T17:52:47Z</time><speed>0.540</speed><sat>14</sat></trkpt>
  <trkpt lat="26.41452833" lon="-80.16284000"><ele>16.658</ele><time>2026-07-18T17:52:48Z</time><speed>0.000</speed><sat>14</sat></trkpt>
  <trkpt lat="26.41453167" lon="-80.16284167"><ele>16.658</ele><time>2026-07-18T17:52:49Z</time><speed>0.000</speed><sat>14</sat></trkpt>
  <trkpt lat="26.41453333" lon="-80.16284333"><ele>16.758</ele><time>2026-07-18T17:52:50Z</time><speed>0.000</speed><sat>14</sat></trkpt>
  <trkpt lat="26.41453333" lon="-80.16284333"><ele>16.758</ele><time>2026-07-18T17:52:51Z</time><speed>0.000</speed><sat>14</sat></trkpt>
  <trkpt lat="26.41453333" lon="-80.16284333"><ele>16.758</ele><time>2026-07-18T17:52:52Z</time><speed>0.000</speed><sat>14</sat></trkpt>
  <trkpt lat="26.41453333" lon="-80.16284333"><ele>16.758</ele><time>2026-07-18T17:52:53Z</time><speed>0.000</speed><sat>14</sat></trkpt>
  <trkpt lat="26.41453333" lon="-80.16284333"><ele>16.758</ele><time>2026-07-18T17:52:54Z</time><speed>0.000</speed><sat>14</sat></trkpt>
  <trkpt lat="26.41453333" lon="-80.16284333"><ele>16.758</ele><time>2026-07-18T17:52:55Z</time><speed>0.000</speed><sat>14</sat></trkpt>
  <trkpt lat="26.41453333" lon="-80.16284333"><ele>16.758</ele><time>2026-07-18T17:52:56Z</time><speed>0.000</speed><sat>14</sat></trkpt>
  <trkpt lat="26.41453333" lon="-80.16284333"><ele>16.758</ele><time>2026-07-18T17:52:57Z</time><speed>0.000</speed><sat>14</sat></trkpt>
  <trkpt lat="26.41453333" lon="-80.16284333"><ele>16.758</ele><time>2026-07-18T17:52:58Z</time><speed>0.000</speed><sat>14</sat></trkpt>
  <trkpt lat="26.41453333" lon="-80.16284333"><ele>16.758</ele><time>2026-07-18T17:52:59Z</time><speed>0.000</speed><sat>14</sat></trkpt>
  <trkpt lat="26.41453333" lon="-80.16284333"><ele>16.758</ele><time>2026-07-18T17:53:00Z</time><speed>0.000</speed><sat>14</sat></trkpt>
  <trkpt lat="26.41453333" lon="-80.16284333"><ele>16.758</ele><time>2026-07-18T17:53:01Z</time><speed>0.000</speed><sat>14</sat></trkpt>
  <trkpt lat="26.41453333" lon="-80.16284333"><ele>16.758</ele><time>2026-07-18T17:53:02Z</time><speed>0.000</speed><sat>14</sat></trkpt>
  <trkpt lat="26.41453333" lon="-80.16284333"><ele>16.758</ele><time>2026-07-18T17:53:03Z</time><speed>0.000</speed><sat>14</sat></trkpt>
  <trkpt lat="26.41453333" lon="-80.16284333"><ele>16.758</ele><time>2026-07-18T17:53:04Z</time><speed>0.000</speed><sat>14</sat></trkpt>
  <trkpt lat="26.41453333" lon="-80.16284333"><ele>16.758</ele><time>2026-07-18T17:53:05Z</time><speed>0.000</speed><sat>14</sat></trkpt>
  <trkpt lat="26.41453333" lon="-80.16284333"><ele>16.758</ele><time>2026-07-18T17:53:06Z</time><speed>0.000</speed><sat>14</sat></trkpt>
  <trkpt lat="26.41453333" lon="-80.16284333"><ele>16.758</ele><time>2026-07-18T17:53:07Z</time><speed>0.000</speed><sat>14</sat></trkpt>
  <trkpt lat="26.41453333" lon="-80.16284333"><ele>16.758</ele><time>2026-07-18T17:53:08Z</time><speed>0.000</speed><sat>14</sat></trkpt>
  <trkpt lat="26.41453333" lon="-80.16284333"><ele>16.758</ele><time>2026-07-18T17:53:09Z</time><speed>0.000</speed><sat>14</sat></trkpt>
  <trkpt lat="26.41453333" lon="-80.16284333"><ele>16.758</ele><time>2026-07-18T17:53:10Z</time><speed>0.000</speed><sat>14</sat></trkpt>
  <trkpt lat="26.41453333" lon="-80.16284333"><ele>16.758</ele><time>2026-07-18T17:53:11Z</time><speed>0.000</speed><sat>14</sat></trkpt>
  <trkpt lat="26.41453333" lon="-80.16284333"><ele>16.758</ele><time>2026-07-18T17:53:12Z</time><speed>0.000</speed><sat>14</sat></trkpt>
  <trkpt lat="26.41453333" lon="-80.16284333"><ele>16.758</ele><time>2026-07-18T17:53:13Z</time><speed>0.000</speed><sat>14</sat></trkpt>
  <trkpt lat="26.41453333" lon="-80.16284333"><ele>16.758</ele><time>2026-07-18T17:53:14Z</time><speed>0.000</speed><sat>14</sat></trkpt>
  <trkpt lat="26.41453333" lon="-80.16284333"><ele>16.758</ele><time>2026-07-18T17:53:15Z</time><speed>0.000</speed><sat>14</sat></trkpt>
  <trkpt lat="26.41453333" lon="-80.16284333"><ele>16.758</ele><time>2026-07-18T17:53:16Z</time><speed>0.000</speed><sat>14</sat></trkpt>
  <trkpt lat="26.41453333" lon="-80.16284333"><ele>16.758</ele><time>2026-07-18T17:53:17Z</time><speed>0.000</speed><sat>14</sat></trkpt>
  <trkpt lat="26.41453333" lon="-80.16284333"><ele>16.758</ele><time>2026-07-18T17:53:18Z</time><speed>0.000</speed><sat>14</sat></trkpt>
  <trkpt lat="26.41453333" lon="-80.16284333"><ele>16.758</ele><time>2026-07-18T17:53:19Z</time><speed>0.000</speed><sat>14</sat></trkpt>
  <trkpt lat="26.41453333" lon="-80.16284333"><ele>16.758</ele><time>2026-07-18T17:53:20Z</time><speed>0.000</speed><sat>14</sat></trkpt>
  <trkpt lat="26.41453333" lon="-80.16284333"><ele>16.758</ele><time>2026-07-18T17:53:21Z</time><speed>0.000</speed><sat>13</sat></trkpt>
  <trkpt lat="26.41453333" lon="-80.16284333"><ele>16.758</ele><time>2026-07-18T17:53:22Z</time><speed>0.000</speed><sat>13</sat></trkpt>
  <trkpt lat="26.41453333" lon="-80.16284333"><ele>16.758</ele><time>2026-07-18T17:53:23Z</time><speed>0.000</speed><sat>13</sat></trkpt>
  <trkpt lat="26.41453333" lon="-80.16284333"><ele>16.758</ele><time>2026-07-18T17:53:24Z</time><speed>0.000</speed><sat>13</sat></trkpt>
  <trkpt lat="26.41453333" lon="-80.16284333"><ele>16.758</ele><time>2026-07-18T17:53:25Z</time><speed>0.000</speed><sat>13</sat></trkpt>
  <trkpt lat="26.41453333" lon="-80.16284333"><ele>16.758</ele><time>2026-07-18T17:53:26Z</time><speed>0.000</speed><sat>13</sat></trkpt>
  <trkpt lat="26.41453333" lon="-80.16284333"><ele>16.758</ele><time>2026-07-18T17:53:27Z</time><speed>0.000</speed><sat>13</sat></trkpt>
  <trkpt lat="26.41453333" lon="-80.16284333"><ele>16.758</ele><time>2026-07-18T17:53:28Z</time><speed>0.000</speed><sat>13</sat></trkpt>
  <trkpt lat="26.41453333" lon="-80.16284333"><ele>16.758</ele><time>2026-07-18T17:53:29Z</time><speed>0.000</speed><sat>13</sat></trkpt>
  <trkpt lat="26.41453333" lon="-80.16284333"><ele>16.758</ele><time>2026-07-18T17:53:30Z</time><speed>0.000</speed><sat>14</sat></trkpt>
  <trkpt lat="26.41453333" lon="-80.16284333"><ele>16.758</ele><time>2026-07-18T17:53:31Z</time><speed>0.000</speed><sat>13</sat></trkpt>
  <trkpt lat="26.41453333" lon="-80.16284333"><ele>16.758</ele><time>2026-07-18T17:53:32Z</time><speed>0.000</speed><sat>13</sat></trkpt>
  <trkpt lat="26.41453333" lon="-80.16284333"><ele>16.758</ele><time>2026-07-18T17:53:33Z</time><speed>0.000</speed><sat>13</sat></trkpt>
  <trkpt lat="26.41453333" lon="-80.16284333"><ele>16.758</ele><time>2026-07-18T17:53:34Z</time><speed>0.000</speed><sat>13</sat></trkpt>
  <trkpt lat="26.41453333" lon="-80.16284333"><ele>16.758</ele><time>2026-07-18T17:53:35Z</time><speed>0.000</speed><sat>13</sat></trkpt>
  <trkpt lat="26.41456333" lon="-80.16285000"><ele>18.558</ele><time>2026-07-18T17:53:36Z</time><speed>0.223</speed><sat>13</sat></trkpt>
  <trkpt lat="26.41456000" lon="-80.16284333"><ele>18.358</ele><time>2026-07-18T17:53:37Z</time><speed>0.291</speed><sat>14</sat></trkpt>
  <trkpt lat="26.41455500" lon="-80.16283167"><ele>18.058</ele><time>2026-07-18T17:53:38Z</time><speed>0.378</speed><sat>14</sat></trkpt>
  <trkpt lat="26.41455167" lon="-80.16282167"><ele>17.958</ele><time>2026-07-18T17:53:39Z</time><speed>0.458</speed><sat>14</sat></trkpt>
  <trkpt lat="26.41455167" lon="-80.16281167"><ele>17.558</ele><time>2026-07-18T17:53:40Z</time><speed>0.555</speed><sat>14</sat></trkpt>
  <trkpt lat="26.41455667" lon="-80.16280000"><ele>17.558</ele><time>2026-07-18T17:53:41Z</time><speed>0.662</speed><sat>14</sat></trkpt>
  <trkpt lat="26.41455833" lon="-80.16279000"><ele>17.758</ele><time>2026-07-18T17:53:42Z</time><speed>0.744</speed><sat>14</sat></trkpt>
  <trkpt lat="26.41456000" lon="-80.16278667"><ele>17.858</ele><time>2026-07-18T17:53:43Z</time><speed>0.739</speed><sat>14</sat></trkpt>
  <trkpt lat="26.41456167" lon="-80.16278000"><ele>17.958</ele><time>2026-07-18T17:53:44Z</time><speed>0.773</speed><sat>14</sat></trkpt>
  <trkpt lat="26.41456167" lon="-80.16277000"><ele>18.058</ele><time>2026-07-18T17:53:45Z</time><speed>0.780</speed><sat>14</sat></trkpt>
  <trkpt lat="26.41456500" lon="-80.16276000"><ele>18.258</ele><time>2026-07-18T17:53:46Z</time><speed>0.823</speed><sat>14</sat></trkpt>
  <trkpt lat="26.41456500" lon="-80.16275167"><ele>18.558</ele><time>2026-07-18T17:53:47Z</time><speed>0.832</speed><sat>14</sat></trkpt>
  <trkpt lat="26.41456000" lon="-80.16274833"><ele>18.758</ele><time>2026-07-18T17:53:48Z</time><speed>0.830</speed><sat>14</sat></trkpt>
  <trkpt lat="26.41456000" lon="-80.16275000"><ele>19.058</ele><time>2026-07-18T17:53:49Z</time><speed>0.751</speed><sat>14</sat></trkpt>
  <trkpt lat="26.41455500" lon="-80.16274333"><ele>19.358</ele><time>2026-07-18T17:53:50Z</time><speed>0.649</speed><sat>14</sat></trkpt>
  <trkpt lat="26.41455167" lon="-80.16273833"><ele>19.558</ele><time>2026-07-18T17:53:51Z</time><speed>0.553</speed><sat>14</sat></trkpt>
  <trkpt lat="26.41455167" lon="-80.16273333"><ele>19.558</ele><time>2026-07-18T17:53:52Z</time><speed>0.474</speed><sat>14</sat></trkpt>
  <trkpt lat="26.41454333" lon="-80.16273333"><ele>19.558</ele><time>2026-07-18T17:53:53Z</time><speed>0.466</speed><sat>14</sat></trkpt>
  <trkpt lat="26.41455000" lon="-80.16273500"><ele>20.058</ele><time>2026-07-18T17:53:54Z</time><speed>0.450</speed><sat>14</sat></trkpt>
  <trkpt lat="26.41455000" lon="-80.16273833"><ele>20.158</ele><time>2026-07-18T17:53:55Z</time><speed>0.417</speed><sat>14</sat></trkpt>
  <trkpt lat="26.41455167" lon="-80.16274000"><ele>20.358</ele><time>2026-07-18T17:53:56Z</time><speed>0.000</speed><sat>14</sat></trkpt>
  <trkpt lat="26.41455333" lon="-80.16274000"><ele>20.458</ele><time>2026-07-18T17:53:57Z</time><speed>0.000</speed><sat>14</sat></trkpt>
  <trkpt lat="26.41455167" lon="-80.16273833"><ele>20.758</ele><time>2026-07-18T17:53:58Z</time><speed>0.000</speed><sat>14</sat></trkpt>
  <trkpt lat="26.41455167" lon="-80.16273833"><ele>20.758</ele><time>2026-07-18T17:53:59Z</time><speed>0.000</speed><sat>14</sat></trkpt>
  <trkpt lat="26.41455167" lon="-80.16273833"><ele>20.758</ele><time>2026-07-18T17:54:00Z</time><speed>0.000</speed><sat>14</sat></trkpt>
  <trkpt lat="26.41455167" lon="-80.16273833"><ele>20.758</ele><time>2026-07-18T17:54:01Z</time><speed>0.000</speed><sat>14</sat></trkpt>
  <trkpt lat="26.41455167" lon="-80.16273833"><ele>20.758</ele><time>2026-07-18T17:54:02Z</time><speed>0.000</speed><sat>14</sat></trkpt>
  <trkpt lat="26.41455167" lon="-80.16273833"><ele>20.758</ele><time>2026-07-18T17:54:03Z</time><speed>0.000</speed><sat>14</sat></trkpt>
  <trkpt lat="26.41455167" lon="-80.16273833"><ele>20.758</ele><time>2026-07-18T17:54:04Z</time><speed>0.000</speed><sat>14</sat></trkpt>
  <trkpt lat="26.41455167" lon="-80.16273833"><ele>20.758</ele><time>2026-07-18T17:54:05Z</time><speed>0.000</speed><sat>14</sat></trkpt>
  <trkpt lat="26.41455167" lon="-80.16273833"><ele>20.758</ele><time>2026-07-18T17:54:06Z</time><speed>0.000</speed><sat>14</sat></trkpt>
  <trkpt lat="26.41455167" lon="-80.16273833"><ele>20.758</ele><time>2026-07-18T17:54:07Z</time><speed>0.000</speed><sat>14</sat></trkpt>
  <trkpt lat="26.41455167" lon="-80.16273833"><ele>20.758</ele><time>2026-07-18T17:54:08Z</time><speed>0.000</speed><sat>14</sat></trkpt>
  <trkpt lat="26.41455167" lon="-80.16273833"><ele>20.758</ele><time>2026-07-18T17:54:09Z</time><speed>0.000</speed><sat>14</sat></trkpt>
  <trkpt lat="26.41455167" lon="-80.16273833"><ele>20.758</ele><time>2026-07-18T17:54:10Z</time><speed>0.000</speed><sat>14</sat></trkpt>
  <trkpt lat="26.41455167" lon="-80.16273833"><ele>20.758</ele><time>2026-07-18T17:54:11Z</time><speed>0.000</speed><sat>14</sat></trkpt>
 </trkseg>
</trk>

</gpx>
 