<?xml version="1.0" encoding="UTF-8"?>
<!-- Created with BasicAirData GPS Logger for Android - ver. 3.3.0 -->
<!-- Track 5 = 4110 TrackPoints + 2 Placemarks -->
<kml xmlns="http://www.opengis.net/kml/2.2">
 <Document>
  <name>GPS Logger 20260718-101927</name>
  <description><![CDATA[ST-2-Garbage
4110 Trackpoints + 2 Placemarks]]></description>
  <Style id="TrackStyle">
   <LineStyle>
    <color>ff0000ff</color>
    <width>3</width>
   </LineStyle>
   <PolyStyle>
    <color>7f0000ff</color>
   </PolyStyle>
   <BalloonStyle>
    <text><![CDATA[<p style="color:red;font-weight:bold">$[name]</p><p style="font-size:11px">$[description]</p><p style="font-size:7px">Track Stats based on: Total time | Time in Movement</p>]]></text>
   </BalloonStyle>
  </Style>
  <Style id="PlacemarkStyle">
   <IconStyle>
    <Icon><href>http://maps.google.com/mapfiles/kml/shapes/placemark_circle_highlight.png</href></Icon>
   </IconStyle>
  </Style>

  <Placemark id="1">
   <name>Station2</name>
   <styleUrl>#PlacemarkStyle</styleUrl>
   <Point>
    <altitudeMode>clampToGround</altitudeMode>
    <coordinates>-80.16669667,26.40988833,7.239</coordinates>
    <extrude>1</extrude>
   </Point>
  </Placemark>

  <Placemark id="2">
   <name>Garbage</name>
   <styleUrl>#PlacemarkStyle</styleUrl>
   <Point>
    <altitudeMode>clampToGround</altitudeMode>
    <coordinates>-80.16460000,26.41605667,16.152</coordinates>
    <extrude>1</extrude>
   </Point>
  </Placemark>

  <Placemark id="20260718-101927">
   <name>Track 20260718-101927</name>
   <description><![CDATA[<b>ST-2-Garbage</b><br><br>Distance = 6.27 km<br>Duration = 01:23:33 | 35:58<br>Altitude Gap = 9 m<br>Max Speed = 16 mph<br>Avg Speed = 2.8 | 6.5 mph<br>Direction = NNE <br><br><i>4110 Trackpoints</i>]]></description>
   <styleUrl>#TrackStyle</styleUrl>
   <LineString>
    <extrude>0</extrude>
    <tessellate>0</tessellate>
    <altitudeMode>clampToGround</altitudeMode>
    <coordinates>
     -80.16670000,26.40989000,7.339
     -80.16670167,26.40988833,7.239
     -80.16670000,26.40988833,7.239
     -80.16669667,26.40988833,7.239
     -80.16669667,26.40988833,7.139
     -80.16669333,26.40988500,7.039
     -80.16669167,26.40988333,7.039
     -80.16669167,26.40988167,7.139
     -80.16669167,26.40988000,7.239
     -80.16668833,26.40987833,7.239
     -80.16668833,26.40987667,7.239
     -80.16668833,26.40987500,7.139
     -80.16668667,26.40987333,7.139
     -80.16668667,26.40987333,7.139
     -80.16668667,26.40987167,7.039
     -80.16668833,26.40987000,7.039
     -80.16669000,26.40987000,7.039
     -80.16669000,26.40987000,7.039
     -80.16669000,26.40987000,7.039
     -80.16669000,26.40987167,7.039
     -80.16668833,26.40987333,7.039
     -80.16669000,26.40987500,7.139
     -80.16669000,26.40987667,7.239
     -80.16669000,26.40987833,7.239
     -80.16669000,26.40988000,7.239
     -80.16669000,26.40988000,7.239
     -80.16669000,26.40988000,7.439
     -80.16669000,26.40988000,7.439
     -80.16669000,26.40988000,7.439
     -80.16669000,26.40988000,7.439
     -80.16669000,26.40988000,7.439
     -80.16669000,26.40988000,7.439
     -80.16669000,26.40988000,7.439
     -80.16669000,26.40988000,7.439
     -80.16669000,26.40988000,7.439
     -80.16669000,26.40988000,7.439
     -80.16669000,26.40988000,7.439
     -80.16669000,26.40988000,7.439
     -80.16669000,26.40988000,7.439
     -80.16669000,26.40988000,7.439
     -80.16669000,26.40988000,7.439
     -80.16669000,26.40988000,7.439
     -80.16669000,26.40988000,7.439
     -80.16669000,26.40988000,7.439
     -80.16669000,26.40988000,7.439
     -80.16669000,26.40988000,7.439
     -80.16669000,26.40988000,7.439
     -80.16669000,26.40988000,7.439
     -80.16669000,26.40988000,7.439
     -80.16669000,26.40988000,7.439
     -80.16669000,26.40988000,7.439
     -80.16669000,26.40988000,7.439
     -80.16669000,26.40988000,7.439
     -80.16669000,26.40988000,7.439
     -80.16669000,26.40988000,7.439
     -80.16669000,26.40988000,7.439
     -80.16669000,26.40988000,7.439
     -80.16669000,26.40988000,7.439
     -80.16669000,26.40988000,7.439
     -80.16670167,26.40986667,9.439
     -80.16670000,26.40986000,9.539
     -80.16669667,26.40985833,9.739
     -80.16669833,26.40985833,10.039
     -80.16669833,26.40985833,10.039
     -80.16669833,26.40985833,10.039
     -80.16669833,26.40985833,10.039
     -80.16669833,26.40985833,10.039
     -80.16669833,26.40985833,10.039
     -80.16669833,26.40985833,10.039
     -80.16669833,26.40985833,10.039
     -80.16669833,26.40985833,10.039
     -80.16669833,26.40985833,10.039
     -80.16669833,26.40985833,10.039
     -80.16669833,26.40985833,10.039
     -80.16669833,26.40985833,10.039
     -80.16669833,26.40985833,10.039
     -80.16669833,26.40985833,10.039
     -80.16669833,26.40985833,10.039
     -80.16669833,26.40985833,10.039
     -80.16669833,26.40985833,10.039
     -80.16669833,26.40985833,10.039
     -80.16669833,26.40985833,10.039
     -80.16669833,26.40985833,10.039
     -80.16669833,26.40985833,10.039
     -80.16669667,26.40984333,13.039
     -80.16668167,26.40982667,12.139
     -80.16668500,26.40980833,11.739
     -80.16668833,26.40979167,11.539
     -80.16669833,26.40977667,11.339
     -80.16671333,26.40976667,11.139
     -80.16673167,26.40975500,11.139
     -80.16675000,26.40973667,11.639
     -80.16676667,26.40971500,11.839
     -80.16678000,26.40969833,12.439
     -80.16679833,26.40968000,12.939
     -80.16681833,26.40966000,12.939
     -80.16683833,26.40964167,12.839
     -80.16685333,26.40963333,12.739
     -80.16686833,26.40962833,12.939
     -80.16686667,26.40962667,13.339
     -80.16686167,26.40963000,13.239
     -80.16685000,26.40963000,13.339
     -80.16683833,26.40963167,13.239
     -80.16681167,26.40963167,13.139
     -80.16677667,26.40963500,13.039
     -80.16673500,26.40963833,12.939
     -80.16670000,26.40964667,12.739
     -80.16666667,26.40965167,12.639
     -80.16663667,26.40965333,12.540
     -80.16660500,26.40965500,12.240
     -80.16658000,26.40965667,11.340
     -80.16655667,26.40965667,10.840
     -80.16653333,26.40966000,10.540
     -80.16650333,26.40965833,10.240
     -80.16647333,26.40965500,9.640
     -80.16644333,26.40964833,9.040
     -80.16641500,26.40964000,8.140
     -80.16638500,26.40963333,7.641
     -80.16635000,26.40963000,7.041
     -80.16631667,26.40962667,6.241
     -80.16628333,26.40962500,5.141
     -80.16624833,26.40962500,4.641
     -80.16621000,26.40962500,4.341
     -80.16617000,26.40962167,4.341
     -80.16612833,26.40961833,4.242
     -80.16609333,26.40962000,4.142
     -80.16606167,26.40961833,4.142
     -80.16602833,26.40961833,4.042
     -80.16599333,26.40962000,4.242
     -80.16595500,26.40962000,4.042
     -80.16592167,26.40962667,4.042
     -80.16589000,26.40962667,4.343
     -80.16585667,26.40962667,4.543
     -80.16582000,26.40962833,4.543
     -80.16578000,26.40963333,4.943
     -80.16574333,26.40964333,4.943
     -80.16571000,26.40964833,4.843
     -80.16567500,26.40965000,4.943
     -80.16563833,26.40965500,4.844
     -80.16560500,26.40965333,4.644
     -80.16557167,26.40965000,4.644
     -80.16554167,26.40964500,4.744
     -80.16551167,26.40964000,4.944
     -80.16548333,26.40964500,4.944
     -80.16545333,26.40964333,6.244
     -80.16542667,26.40964333,6.445
     -80.16539500,26.40964333,6.645
     -80.16535833,26.40964000,7.045
     -80.16532500,26.40963500,7.045
     -80.16529167,26.40963000,7.045
     -80.16525667,26.40962500,6.945
     -80.16522167,26.40962167,6.745
     -80.16518833,26.40961833,6.845
     -80.16515333,26.40961833,6.646
     -80.16511833,26.40962500,6.746
     -80.16508167,26.40962500,6.546
     -80.16504333,26.40962333,6.446
     -80.16500500,26.40962167,6.346
     -80.16496500,26.40962333,6.146
     -80.16492667,26.40962667,6.047
     -80.16488833,26.40963167,5.747
     -80.16484667,26.40963667,5.547
     -80.16480833,26.40964000,5.147
     -80.16476667,26.40964000,5.047
     -80.16472833,26.40964000,5.347
     -80.16469000,26.40964000,5.348
     -80.16465333,26.40963667,5.648
     -80.16461667,26.40963333,5.848
     -80.16458000,26.40963000,6.148
     -80.16454333,26.40962500,6.548
     -80.16450833,26.40962333,7.148
     -80.16447167,26.40962167,7.248
     -80.16443000,26.40962167,7.349
     -80.16439000,26.40962000,7.349
     -80.16435333,26.40961667,7.249
     -80.16431333,26.40961667,6.949
     -80.16427167,26.40961500,7.049
     -80.16423500,26.40961833,7.049
     -80.16420000,26.40962500,7.050
     -80.16416667,26.40962500,6.650
     -80.16413167,26.40962333,7.050
     -80.16409167,26.40962167,7.750
     -80.16405333,26.40961500,7.750
     -80.16401833,26.40961000,7.550
     -80.16398833,26.40960000,7.150
     -80.16395500,26.40958833,7.151
     -80.16392333,26.40957833,6.451
     -80.16388500,26.40957333,6.551
     -80.16384833,26.40956833,6.451
     -80.16381000,26.40956833,7.151
     -80.16377667,26.40956167,7.051
     -80.16374500,26.40955667,7.051
     -80.16371333,26.40955500,6.952
     -80.16367833,26.40955667,7.052
     -80.16364500,26.40955500,7.352
     -80.16361333,26.40955000,7.452
     -80.16358167,26.40954000,7.352
     -80.16356000,26.40953000,6.652
     -80.16354333,26.40952500,6.552
     -80.16352667,26.40952167,7.452
     -80.16351000,26.40951500,7.752
     -80.16349333,26.40951000,8.352
     -80.16347167,26.40950167,8.352
     -80.16344667,26.40949167,8.353
     -80.16341667,26.40948500,8.153
     -80.16338000,26.40948000,8.153
     -80.16334667,26.40947500,8.253
     -80.16331167,26.40947333,9.053
     -80.16328000,26.40947500,9.753
     -80.16324833,26.40947333,9.853
     -80.16321833,26.40947000,9.454
     -80.16319167,26.40946000,9.354
     -80.16316000,26.40945667,8.754
     -80.16312667,26.40945833,8.654
     -80.16309333,26.40946000,8.154
     -80.16306000,26.40946000,7.654
     -80.16302667,26.40946167,7.354
     -80.16299500,26.40946667,6.854
     -80.16296167,26.40946833,6.455
     -80.16293167,26.40946333,6.055
     -80.16289667,26.40946167,5.855
     -80.16286167,26.40946500,5.655
     -80.16282667,26.40946333,5.655
     -80.16279000,26.40946167,5.655
     -80.16275500,26.40946000,5.455
     -80.16272167,26.40946000,5.256
     -80.16269000,26.40945667,4.956
     -80.16265500,26.40945667,4.756
     -80.16261667,26.40946000,5.056
     -80.16257833,26.40946167,5.256
     -80.16254167,26.40946167,5.356
     -80.16250500,26.40946333,5.356
     -80.16246667,26.40946333,5.557
     -80.16243333,26.40946333,6.057
     -80.16240333,26.40946167,6.557
     -80.16237167,26.40945833,6.857
     -80.16233333,26.40946000,7.257
     -80.16229333,26.40946833,7.557
     -80.16226333,26.40947667,7.657
     -80.16223833,26.40949833,7.858
     -80.16221833,26.40952333,7.858
     -80.16219333,26.40954167,8.158
     -80.16216667,26.40955667,8.558
     -80.16214333,26.40956833,8.958
     -80.16212167,26.40957833,9.458
     -80.16209333,26.40957833,8.858
     -80.16204500,26.40957667,7.358
     -80.16201167,26.40957667,7.759
     -80.16198000,26.40957667,7.959
     -80.16195000,26.40957500,8.159
     -80.16191667,26.40957500,8.659
     -80.16188000,26.40958167,8.459
     -80.16184333,26.40959000,8.759
     -80.16180667,26.40960167,8.759
     -80.16177333,26.40962333,8.760
     -80.16174167,26.40964500,8.560
     -80.16171333,26.40966667,8.560
     -80.16169333,26.40968500,7.760
     -80.16167833,26.40970500,7.460
     -80.16166167,26.40972500,7.260
     -80.16164833,26.40975667,7.560
     -80.16164167,26.40978667,7.460
     -80.16164000,26.40982167,7.460
     -80.16164000,26.40985667,7.760
     -80.16164333,26.40988833,8.160
     -80.16164667,26.40992167,7.860
     -80.16164500,26.40995500,7.060
     -80.16164333,26.40999000,6.560
     -80.16163667,26.41003333,6.260
     -80.16163500,26.41006333,5.460
     -80.16163333,26.41010000,4.860
     -80.16163333,26.41013167,5.060
     -80.16163333,26.41016167,5.160
     -80.16163333,26.41019500,4.960
     -80.16163167,26.41022667,5.260
     -80.16163000,26.41026000,5.161
     -80.16163000,26.41029667,5.161
     -80.16163333,26.41033500,4.961
     -80.16163667,26.41036833,4.861
     -80.16164000,26.41039333,4.861
     -80.16164167,26.41042000,4.561
     -80.16164500,26.41045000,3.961
     -80.16164333,26.41048167,4.061
     -80.16164667,26.41051333,3.761
     -80.16164667,26.41053667,3.561
     -80.16164667,26.41056167,3.561
     -80.16164167,26.41058833,2.961
     -80.16163667,26.41061667,2.361
     -80.16163500,26.41063500,3.061
     -80.16163833,26.41065500,4.061
     -80.16164500,26.41067500,4.461
     -80.16165333,26.41069500,5.261
     -80.16166500,26.41072167,5.461
     -80.16167333,26.41074667,5.561
     -80.16168333,26.41076833,6.261
     -80.16169000,26.41078833,7.161
     -80.16169500,26.41081500,7.561
     -80.16169333,26.41082833,8.061
     -80.16169667,26.41083667,8.161
     -80.16169667,26.41084500,8.061
     -80.16169833,26.41085333,7.961
     -80.16169833,26.41086000,7.861
     -80.16169833,26.41086500,7.661
     -80.16169833,26.41087167,7.561
     -80.16169833,26.41087833,7.361
     -80.16169833,26.41088500,7.261
     -80.16169833,26.41089000,7.061
     -80.16170000,26.41089667,6.761
     -80.16170000,26.41090500,6.361
     -80.16170000,26.41091333,5.861
     -80.16170333,26.41092000,5.561
     -80.16170333,26.41093000,5.361
     -80.16170500,26.41094000,5.261
     -80.16170500,26.41094833,5.161
     -80.16170500,26.41095833,5.161
     -80.16170500,26.41096667,5.461
     -80.16170500,26.41097667,5.961
     -80.16170500,26.41098333,6.361
     -80.16170333,26.41099000,6.561
     -80.16170167,26.41099667,6.161
     -80.16170000,26.41100167,6.061
     -80.16170000,26.41100667,5.961
     -80.16170000,26.41101333,5.661
     -80.16170000,26.41101833,5.561
     -80.16170000,26.41102500,5.361
     -80.16169833,26.41103167,5.261
     -80.16170000,26.41104000,4.961
     -80.16170000,26.41104833,4.661
     -80.16169833,26.41105833,4.461
     -80.16169667,26.41106833,4.561
     -80.16169500,26.41108000,4.761
     -80.16169500,26.41109167,5.161
     -80.16169500,26.41110167,5.461
     -80.16169667,26.41111500,5.761
     -80.16169667,26.41112500,5.961
     -80.16169833,26.41113167,6.161
     -80.16169833,26.41114333,6.161
     -80.16169833,26.41115667,5.961
     -80.16170500,26.41116833,6.061
     -80.16170833,26.41117833,6.061
     -80.16171333,26.41118667,5.961
     -80.16171667,26.41119833,5.961
     -80.16172167,26.41121000,5.761
     -80.16172667,26.41122000,5.761
     -80.16173167,26.41123167,5.461
     -80.16174000,26.41124000,5.061
     -80.16174333,26.41124833,5.261
     -80.16174500,26.41125500,5.461
     -80.16174500,26.41126167,5.561
     -80.16175000,26.41127000,5.661
     -80.16175500,26.41127500,6.161
     -80.16175833,26.41128167,6.461
     -80.16176000,26.41128667,6.661
     -80.16176333,26.41129667,6.761
     -80.16176833,26.41131000,6.661
     -80.16177333,26.41132333,6.461
     -80.16178000,26.41133500,6.060
     -80.16178667,26.41135000,6.060
     -80.16179333,26.41136167,5.760
     -80.16179833,26.41137500,5.860
     -80.16180167,26.41138667,5.960
     -80.16180500,26.41139667,5.860
     -80.16180833,26.41140667,5.760
     -80.16181000,26.41141667,5.860
     -80.16180833,26.41142833,5.860
     -80.16181167,26.41144167,6.060
     -80.16181500,26.41145500,5.960
     -80.16182000,26.41146833,6.160
     -80.16182833,26.41148167,6.460
     -80.16183333,26.41149500,6.660
     -80.16183500,26.41150833,6.960
     -80.16184000,26.41151833,7.360
     -80.16184333,26.41152833,7.360
     -80.16184500,26.41153833,7.460
     -80.16184833,26.41155167,7.160
     -80.16185333,26.41156333,6.860
     -80.16185500,26.41157667,6.960
     -80.16186000,26.41159000,6.860
     -80.16186333,26.41160167,6.960
     -80.16186667,26.41161167,6.960
     -80.16187167,26.41162667,6.760
     -80.16187500,26.41163833,6.660
     -80.16188000,26.41165333,6.560
     -80.16188167,26.41166333,6.160
     -80.16188500,26.41167333,5.760
     -80.16188667,26.41168500,5.460
     -80.16188833,26.41170000,5.160
     -80.16189167,26.41171333,5.260
     -80.16189167,26.41173000,4.860
     -80.16189167,26.41174667,4.660
     -80.16189167,26.41176333,4.660
     -80.16189333,26.41177833,4.460
     -80.16189667,26.41179167,4.360
     -80.16189833,26.41180500,4.460
     -80.16190333,26.41181833,4.560
     -80.16191167,26.41183167,5.360
     -80.16191833,26.41184667,6.060
     -80.16192833,26.41185833,6.760
     -80.16193833,26.41186667,7.160
     -80.16194500,26.41187500,7.460
     -80.16195667,26.41188167,7.460
     -80.16196833,26.41188500,7.360
     -80.16198167,26.41188833,7.360
     -80.16199833,26.41188500,7.660
     -80.16201333,26.41188000,7.760
     -80.16203000,26.41187500,7.660
     -80.16204833,26.41187333,7.960
     -80.16206333,26.41187167,8.160
     -80.16207667,26.41187167,8.260
     -80.16209000,26.41187167,8.260
     -80.16210167,26.41186500,8.159
     -80.16211500,26.41186167,7.959
     -80.16212500,26.41185667,7.859
     -80.16213833,26.41185000,7.759
     -80.16215333,26.41184667,7.959
     -80.16216500,26.41184667,7.659
     -80.16218000,26.41184333,7.459
     -80.16219333,26.41184333,7.159
     -80.16220833,26.41184333,7.159
     -80.16222000,26.41184167,7.159
     -80.16223167,26.41183667,7.059
     -80.16224500,26.41183500,6.959
     -80.16225667,26.41183333,6.759
     -80.16227000,26.41183500,6.459
     -80.16228333,26.41183500,6.359
     -80.16229333,26.41183500,6.059
     -80.16230500,26.41183667,6.459
     -80.16231500,26.41184167,6.859
     -80.16232000,26.41184500,6.859
     -80.16232333,26.41184500,6.759
     -80.16232500,26.41184333,6.459
     -80.16232500,26.41184167,6.159
     -80.16232500,26.41184000,5.959
     -80.16232667,26.41184000,5.759
     -80.16232833,26.41184000,5.659
     -80.16233167,26.41184000,5.459
     -80.16233333,26.41184000,5.258
     -80.16233833,26.41184167,5.458
     -80.16233833,26.41184167,5.458
     -80.16233833,26.41184167,5.458
     -80.16233833,26.41184167,5.458
     -80.16233833,26.41184167,5.458
     -80.16233833,26.41184167,5.458
     -80.16233833,26.41184167,5.458
     -80.16233833,26.41184167,5.458
     -80.16233833,26.41184167,5.458
     -80.16233833,26.41184167,5.458
     -80.16233833,26.41184167,5.458
     -80.16233833,26.41184167,5.458
     -80.16233833,26.41184167,5.458
     -80.16233833,26.41184167,5.458
     -80.16233833,26.41184167,5.458
     -80.16237667,26.41184500,4.658
     -80.16239000,26.41184500,4.558
     -80.16241167,26.41184833,4.558
     -80.16243833,26.41185833,4.758
     -80.16246333,26.41185500,5.158
     -80.16249000,26.41185500,5.558
     -80.16251667,26.41185667,5.558
     -80.16255000,26.41185500,5.958
     -80.16259000,26.41185667,6.357
     -80.16263000,26.41185667,6.857
     -80.16267167,26.41185500,6.657
     -80.16271500,26.41185333,6.057
     -80.16275833,26.41185667,5.957
     -80.16280333,26.41185833,5.657
     -80.16285000,26.41186333,5.556
     -80.16289333,26.41186500,5.956
     -80.16292833,26.41186833,5.956
     -80.16297167,26.41187167,5.756
     -80.16301333,26.41187667,5.456
     -80.16305500,26.41188000,4.456
     -80.16309667,26.41187833,4.355
     -80.16313833,26.41187333,3.755
     -80.16318000,26.41186167,3.655
     -80.16321500,26.41184500,4.355
     -80.16325500,26.41182333,4.955
     -80.16329000,26.41180000,5.155
     -80.16332333,26.41177500,5.254
     -80.16335833,26.41175000,5.554
     -80.16339333,26.41172667,5.654
     -80.16343000,26.41171167,5.654
     -80.16347000,26.41169833,5.454
     -80.16351333,26.41169000,5.354
     -80.16355667,26.41167833,5.253
     -80.16360000,26.41166667,5.253
     -80.16364167,26.41165000,5.453
     -80.16368167,26.41163333,5.553
     -80.16371833,26.41161167,5.553
     -80.16375167,26.41158333,5.553
     -80.16378333,26.41155500,6.052
     -80.16381000,26.41152000,6.052
     -80.16383500,26.41148500,5.952
     -80.16386667,26.41145333,6.952
     -80.16390000,26.41143000,6.852
     -80.16393333,26.41140667,6.352
     -80.16397333,26.41139333,6.351
     -80.16401167,26.41138333,6.151
     -80.16404667,26.41137333,6.051
     -80.16409167,26.41136667,5.751
     -80.16414000,26.41136000,5.451
     -80.16419167,26.41134833,5.451
     -80.16424500,26.41133667,5.150
     -80.16430167,26.41132333,4.650
     -80.16436000,26.41131000,4.050
     -80.16441833,26.41129667,3.550
     -80.16447833,26.41128000,3.549
     -80.16453500,26.41126667,3.349
     -80.16459000,26.41125000,3.549
     -80.16464333,26.41123833,3.249
     -80.16469667,26.41122500,3.448
     -80.16474833,26.41121167,3.548
     -80.16479667,26.41119833,3.148
     -80.16484333,26.41118333,2.348
     -80.16489333,26.41116833,1.748
     -80.16494500,26.41115333,1.747
     -80.16499500,26.41113833,1.347
     -80.16504167,26.41112500,0.947
     -80.16507833,26.41110667,0.047
     -80.16511333,26.41109000,-0.953
     -80.16516333,26.41107500,-0.654
     -80.16520833,26.41106167,-0.654
     -80.16523500,26.41104000,-1.654
     -80.16527167,26.41102667,-1.854
     -80.16531667,26.41100833,-1.754
     -80.16536333,26.41099000,-2.954
     -80.16541000,26.41097333,-3.255
     -80.16546500,26.41096333,-2.655
     -80.16552167,26.41095333,-2.455
     -80.16557500,26.41094333,-2.055
     -80.16561833,26.41093333,-2.656
     -80.16565833,26.41092333,-2.856
     -80.16570167,26.41091833,-1.256
     -80.16573667,26.41091333,-0.056
     -80.16576500,26.41091500,2.144
     -80.16578333,26.41090833,4.244
     -80.16579333,26.41090667,4.544
     -80.16579833,26.41090833,4.444
     -80.16581333,26.41091000,4.244
     -80.16583833,26.41090500,3.844
     -80.16586667,26.41090000,3.543
     -80.16589833,26.41089333,4.143
     -80.16593667,26.41089500,3.643
     -80.16597667,26.41089833,3.443
     -80.16601500,26.41090000,3.443
     -80.16605833,26.41090667,3.243
     -80.16610333,26.41091333,3.442
     -80.16614167,26.41091833,3.442
     -80.16618833,26.41092333,4.142
     -80.16623000,26.41092667,4.642
     -80.16626667,26.41092833,4.742
     -80.16630667,26.41093000,5.242
     -80.16634667,26.41093333,5.941
     -80.16638000,26.41094333,5.941
     -80.16640667,26.41095167,6.041
     -80.16643667,26.41096000,5.841
     -80.16646000,26.41096500,6.041
     -80.16648500,26.41096833,6.541
     -80.16651167,26.41097000,6.841
     -80.16654000,26.41097333,7.241
     -80.16657000,26.41097333,7.741
     -80.16659500,26.41097667,8.040
     -80.16662167,26.41098167,8.140
     -80.16664667,26.41098500,8.240
     -80.16667167,26.41098667,8.440
     -80.16670333,26.41099167,8.440
     -80.16673833,26.41100333,8.640
     -80.16677833,26.41101333,8.440
     -80.16681500,26.41102500,7.940
     -80.16685167,26.41103333,7.539
     -80.16689167,26.41104167,7.239
     -80.16693500,26.41104667,7.039
     -80.16697000,26.41105167,6.439
     -80.16700500,26.41105333,5.839
     -80.16703833,26.41105833,4.939
     -80.16707833,26.41106500,4.338
     -80.16711667,26.41107167,3.938
     -80.16715667,26.41108000,3.338
     -80.16719833,26.41108167,4.138
     -80.16723833,26.41108667,3.738
     -80.16727833,26.41109333,3.838
     -80.16731667,26.41110000,4.238
     -80.16735500,26.41110167,4.737
     -80.16739500,26.41110333,4.537
     -80.16743333,26.41110833,5.237
     -80.16746833,26.41111667,4.837
     -80.16749500,26.41112833,3.937
     -80.16752167,26.41114167,3.137
     -80.16754833,26.41116000,2.237
     -80.16758500,26.41117833,1.836
     -80.16762167,26.41119167,0.836
     -80.16766000,26.41120000,0.236
     -80.16769667,26.41120333,0.536
     -80.16772833,26.41120500,1.036
     -80.16775000,26.41120500,1.936
     -80.16777667,26.41120500,1.936
     -80.16780667,26.41120500,2.036
     -80.16783167,26.41120167,2.135
     -80.16786167,26.41120000,3.135
     -80.16788333,26.41120167,2.835
     -80.16791000,26.41120000,2.535
     -80.16793500,26.41120000,2.335
     -80.16796500,26.41120667,2.335
     -80.16799333,26.41121333,1.935
     -80.16802500,26.41121667,1.235
     -80.16805667,26.41122000,0.435
     -80.16808500,26.41121833,0.134
     -80.16811333,26.41121833,-0.066
     -80.16813667,26.41122167,-0.066
     -80.16815833,26.41122667,-0.466
     -80.16818000,26.41123667,-0.766
     -80.16820833,26.41124167,-0.766
     -80.16823500,26.41125167,-0.566
     -80.16826333,26.41126167,-0.466
     -80.16828500,26.41127500,-0.666
     -80.16830500,26.41128667,-1.166
     -80.16832667,26.41130167,-1.567
     -80.16836167,26.41131333,-1.167
     -80.16839167,26.41132667,-2.367
     -80.16842000,26.41134333,-3.667
     -80.16844833,26.41134833,-4.567
     -80.16848167,26.41135333,-5.167
     -80.16851667,26.41135333,-4.967
     -80.16855000,26.41135500,-5.167
     -80.16858167,26.41135667,-4.968
     -80.16860667,26.41136167,-4.368
     -80.16863333,26.41137000,-3.868
     -80.16866167,26.41137500,-2.468
     -80.16868500,26.41138667,-1.668
     -80.16871333,26.41140667,-1.368
     -80.16873333,26.41143500,-0.668
     -80.16874333,26.41146167,0.532
     -80.16874833,26.41148667,1.632
     -80.16875000,26.41150833,2.632
     -80.16875833,26.41152833,4.232
     -80.16876333,26.41154667,4.632
     -80.16876667,26.41156000,4.932
     -80.16876833,26.41157333,5.632
     -80.16877333,26.41158333,5.932
     -80.16878000,26.41159833,6.032
     -80.16878500,26.41161333,6.332
     -80.16878833,26.41162333,6.232
     -80.16878833,26.41163333,6.332
     -80.16878833,26.41164500,6.332
     -80.16879000,26.41165667,6.732
     -80.16879333,26.41166667,6.932
     -80.16879500,26.41167500,7.132
     -80.16879667,26.41168500,7.232
     -80.16879667,26.41169667,7.232
     -80.16879333,26.41170667,6.932
     -80.16879500,26.41171833,6.932
     -80.16879833,26.41173167,6.932
     -80.16879500,26.41174667,6.932
     -80.16879667,26.41176000,6.932
     -80.16880000,26.41177333,7.032
     -80.16880333,26.41178667,7.232
     -80.16880333,26.41179833,7.632
     -80.16880500,26.41181000,7.932
     -80.16880833,26.41182500,8.232
     -80.16881000,26.41184000,8.432
     -80.16881167,26.41185500,8.232
     -80.16881167,26.41187000,8.232
     -80.16881167,26.41188167,8.132
     -80.16881000,26.41189000,8.232
     -80.16880333,26.41189667,8.032
     -80.16879833,26.41190500,7.732
     -80.16879500,26.41191000,7.732
     -80.16879167,26.41191833,7.632
     -80.16879500,26.41192833,7.432
     -80.16879500,26.41193833,7.232
     -80.16879667,26.41194333,6.932
     -80.16879667,26.41195167,6.432
     -80.16880000,26.41196167,6.232
     -80.16880167,26.41197667,6.132
     -80.16880167,26.41199000,6.532
     -80.16880667,26.41200333,6.732
     -80.16880833,26.41201333,6.932
     -80.16881167,26.41202667,7.032
     -80.16881667,26.41204167,7.432
     -80.16882000,26.41205167,7.832
     -80.16882333,26.41206167,8.432
     -80.16882667,26.41207000,8.732
     -80.16882667,26.41208167,9.132
     -80.16882667,26.41209333,9.332
     -80.16882833,26.41210500,9.532
     -80.16883167,26.41211167,9.732
     -80.16883167,26.41212000,9.532
     -80.16883167,26.41212667,9.532
     -80.16883333,26.41213000,9.532
     -80.16883333,26.41213167,9.532
     -80.16883500,26.41213667,9.632
     -80.16883333,26.41213667,9.832
     -80.16883000,26.41213333,10.032
     -80.16883000,26.41213000,10.232
     -80.16882833,26.41213000,10.132
     -80.16882333,26.41213000,9.432
     -80.16882333,26.41213167,9.232
     -80.16882333,26.41213667,8.832
     -80.16882333,26.41214000,8.232
     -80.16882667,26.41214833,7.932
     -80.16882333,26.41215333,7.932
     -80.16882333,26.41215833,7.932
     -80.16882167,26.41216667,8.132
     -80.16882167,26.41217667,7.932
     -80.16882000,26.41219000,7.832
     -80.16882000,26.41220500,7.732
     -80.16881833,26.41221667,8.032
     -80.16881500,26.41223167,7.932
     -80.16882000,26.41224333,7.932
     -80.16882500,26.41225000,7.932
     -80.16883000,26.41225833,7.832
     -80.16883333,26.41226833,7.632
     -80.16883667,26.41228000,7.432
     -80.16884333,26.41228833,7.132
     -80.16884833,26.41229667,6.932
     -80.16884833,26.41230833,7.032
     -80.16884667,26.41232000,7.332
     -80.16884667,26.41233333,7.432
     -80.16884167,26.41234833,7.632
     -80.16883500,26.41236167,7.832
     -80.16883167,26.41237500,7.832
     -80.16883000,26.41238667,7.832
     -80.16882333,26.41239833,7.732
     -80.16882167,26.41240333,7.732
     -80.16882167,26.41240333,7.432
     -80.16882167,26.41240500,7.232
     -80.16882333,26.41240500,7.132
     -80.16882333,26.41240667,7.132
     -80.16882500,26.41240833,7.032
     -80.16882667,26.41241000,7.032
     -80.16882667,26.41241000,7.132
     -80.16882500,26.41241000,7.032
     -80.16882500,26.41240667,6.932
     -80.16882500,26.41240667,6.932
     -80.16882500,26.41240667,6.932
     -80.16882500,26.41240667,6.932
     -80.16882500,26.41240667,6.932
     -80.16882500,26.41240667,6.932
     -80.16882500,26.41240667,6.932
     -80.16882500,26.41240667,6.932
     -80.16882500,26.41240667,6.932
     -80.16882500,26.41240667,6.932
     -80.16882500,26.41240667,6.932
     -80.16882500,26.41240667,6.932
     -80.16882500,26.41240667,6.932
     -80.16882500,26.41240667,6.932
     -80.16882500,26.41240667,6.932
     -80.16882500,26.41240667,6.932
     -80.16882500,26.41240667,6.932
     -80.16882500,26.41240667,6.932
     -80.16882500,26.41240667,6.932
     -80.16882500,26.41240667,6.932
     -80.16882500,26.41240667,6.932
     -80.16882500,26.41240667,6.932
     -80.16882500,26.41240667,6.932
     -80.16882500,26.41240667,6.932
     -80.16882500,26.41240667,6.932
     -80.16882500,26.41240667,6.932
     -80.16882500,26.41240667,6.932
     -80.16882500,26.41240667,6.932
     -80.16882500,26.41240667,6.932
     -80.16882500,26.41240667,6.932
     -80.16882500,26.41240667,6.932
     -80.16882500,26.41240667,6.932
     -80.16882500,26.41240667,6.932
     -80.16882500,26.41240667,6.932
     -80.16882500,26.41240667,6.932
     -80.16882500,26.41240667,6.932
     -80.16882500,26.41240667,6.932
     -80.16882500,26.41240667,6.932
     -80.16882500,26.41240667,6.932
     -80.16882500,26.41240667,6.932
     -80.16882500,26.41240667,6.932
     -80.16882500,26.41240667,6.932
     -80.16882500,26.41240667,6.932
     -80.16882500,26.41240667,6.932
     -80.16882500,26.41240667,6.932
     -80.16882500,26.41240667,6.932
     -80.16882500,26.41240667,6.932
     -80.16882500,26.41240667,6.932
     -80.16882500,26.41240667,6.932
     -80.16882500,26.41240667,6.932
     -80.16882500,26.41240667,6.932
     -80.16882500,26.41240667,6.932
     -80.16882500,26.41240667,6.932
     -80.16882500,26.41240667,6.932
     -80.16882500,26.41240667,6.932
     -80.16882500,26.41240667,6.932
     -80.16882500,26.41240667,6.932
     -80.16882500,26.41240667,6.932
     -80.16882500,26.41240667,6.932
     -80.16882500,26.41240667,6.932
     -80.16882500,26.41240667,6.932
     -80.16882500,26.41240667,6.932
     -80.16882500,26.41240667,6.932
     -80.16882500,26.41240667,6.932
     -80.16882500,26.41240667,6.932
     -80.16882500,26.41240667,6.932
     -80.16882500,26.41240667,6.932
     -80.16882500,26.41240667,6.932
     -80.16882500,26.41240667,6.932
     -80.16882500,26.41240667,6.932
     -80.16882500,26.41240667,6.932
     -80.16882500,26.41240667,6.932
     -80.16882500,26.41240667,6.932
     -80.16882500,26.41240667,6.932
     -80.16882500,26.41240667,6.932
     -80.16882500,26.41240667,6.932
     -80.16882500,26.41240667,6.932
     -80.16882500,26.41240667,6.932
     -80.16882500,26.41240667,6.932
     -80.16882500,26.41240667,6.932
     -80.16882500,26.41240667,6.932
     -80.16882500,26.41240667,6.932
     -80.16882500,26.41240667,6.932
     -80.16882500,26.41240667,6.932
     -80.16882500,26.41240667,6.932
     -80.16882500,26.41240667,6.932
     -80.16882500,26.41240667,6.932
     -80.16882500,26.41240667,6.932
     -80.16882500,26.41240667,6.932
     -80.16882500,26.41240667,6.932
     -80.16882500,26.41240667,6.932
     -80.16882500,26.41240667,6.932
     -80.16882500,26.41240667,6.932
     -80.16882500,26.41240667,6.932
     -80.16882500,26.41240667,6.932
     -80.16882500,26.41240667,6.932
     -80.16882500,26.41240667,6.932
     -80.16882500,26.41240667,6.932
     -80.16882500,26.41240667,6.932
     -80.16882500,26.41240667,6.932
     -80.16882500,26.41240667,6.932
     -80.16882500,26.41240667,6.932
     -80.16882500,26.41240667,6.932
     -80.16882500,26.41240667,6.932
     -80.16882500,26.41240667,6.932
     -80.16882500,26.41240667,6.932
     -80.16882500,26.41240667,6.932
     -80.16882500,26.41240667,6.932
     -80.16882500,26.41240667,6.932
     -80.16882500,26.41240667,6.932
     -80.16882500,26.41240667,6.932
     -80.16882500,26.41240667,6.932
     -80.16882500,26.41240667,6.932
     -80.16882500,26.41240667,6.932
     -80.16882500,26.41240667,6.932
     -80.16882500,26.41240667,6.932
     -80.16882500,26.41240667,6.932
     -80.16882500,26.41240667,6.932
     -80.16882500,26.41240667,6.932
     -80.16882500,26.41240667,6.932
     -80.16882500,26.41240667,6.932
     -80.16882500,26.41240667,6.932
     -80.16882500,26.41240667,6.932
     -80.16882500,26.41240667,6.932
     -80.16882500,26.41240667,6.932
     -80.16882500,26.41240667,6.932
     -80.16882500,26.41240667,6.932
     -80.16882500,26.41240667,6.932
     -80.16882500,26.41240667,6.932
     -80.16882500,26.41240667,6.932
     -80.16882500,26.41240667,6.932
     -80.16882500,26.41240667,6.932
     -80.16882500,26.41240667,6.932
     -80.16882500,26.41240667,6.932
     -80.16882500,26.41240667,6.932
     -80.16882500,26.41240667,6.932
     -80.16882500,26.41240667,6.932
     -80.16882500,26.41240667,6.932
     -80.16882500,26.41240667,6.932
     -80.16882500,26.41240667,6.932
     -80.16882500,26.41240667,6.932
     -80.16882500,26.41240667,6.932
     -80.16882500,26.41240667,6.932
     -80.16882500,26.41240667,6.932
     -80.16882500,26.41240667,6.932
     -80.16882500,26.41240667,6.932
     -80.16882500,26.41240667,6.932
     -80.16882500,26.41240667,6.932
     -80.16882500,26.41240667,6.932
     -80.16882500,26.41240667,6.932
     -80.16882500,26.41240667,6.932
     -80.16882500,26.41240667,6.932
     -80.16882500,26.41240667,6.932
     -80.16882500,26.41240667,6.932
     -80.16882500,26.41240667,6.932
     -80.16882500,26.41240667,6.932
     -80.16882500,26.41240667,6.932
     -80.16882500,26.41240667,6.932
     -80.16882500,26.41240667,6.932
     -80.16882500,26.41240667,6.932
     -80.16882500,26.41240667,6.932
     -80.16882500,26.41240667,6.932
     -80.16882500,26.41240667,6.932
     -80.16882500,26.41240667,6.932
     -80.16882500,26.41240667,6.932
     -80.16882500,26.41240667,6.932
     -80.16882500,26.41240667,6.932
     -80.16882500,26.41240667,6.932
     -80.16882500,26.41240667,6.932
     -80.16882500,26.41240667,6.932
     -80.16882500,26.41240667,6.932
     -80.16882500,26.41240667,6.932
     -80.16882500,26.41240667,6.932
     -80.16882500,26.41240667,6.932
     -80.16882500,26.41240667,6.932
     -80.16882500,26.41240667,6.932
     -80.16882500,26.41240667,6.932
     -80.16882500,26.41240667,6.932
     -80.16882500,26.41240667,6.932
     -80.16882500,26.41240667,6.932
     -80.16882500,26.41240667,6.932
     -80.16882500,26.41240667,6.932
     -80.16888333,26.41242333,15.532
     -80.16887833,26.41243500,15.032
     -80.16887500,26.41245167,13.832
     -80.16886833,26.41247000,13.032
     -80.16886333,26.41248833,12.232
     -80.16885667,26.41250667,11.932
     -80.16885000,26.41252167,11.332
     -80.16884167,26.41253667,11.132
     -80.16883833,26.41254500,10.732
     -80.16883167,26.41254667,10.332
     -80.16883167,26.41254667,10.032
     -80.16883333,26.41255000,9.632
     -80.16883333,26.41255167,9.232
     -80.16883500,26.41255500,8.932
     -80.16883833,26.41255833,8.632
     -80.16884167,26.41256167,8.632
     -80.16884500,26.41256500,8.832
     -80.16884833,26.41256500,9.132
     -80.16885167,26.41256667,9.432
     -80.16885333,26.41256667,9.632
     -80.16885333,26.41256667,9.632
     -80.16885333,26.41256667,9.632
     -80.16885333,26.41256667,9.632
     -80.16885333,26.41256667,9.632
     -80.16885333,26.41256667,9.632
     -80.16885333,26.41256667,9.632
     -80.16885333,26.41256667,9.632
     -80.16885333,26.41256667,9.632
     -80.16885333,26.41256667,9.632
     -80.16885333,26.41256667,9.632
     -80.16885333,26.41256667,9.632
     -80.16885333,26.41256667,9.632
     -80.16885333,26.41256667,9.632
     -80.16885333,26.41256667,9.632
     -80.16885333,26.41256667,9.632
     -80.16885333,26.41256667,9.632
     -80.16885333,26.41256667,9.632
     -80.16885333,26.41256667,9.632
     -80.16885333,26.41256667,9.632
     -80.16885333,26.41256667,9.632
     -80.16885333,26.41256667,9.632
     -80.16885333,26.41256667,9.632
     -80.16885333,26.41256667,9.632
     -80.16885333,26.41256667,9.632
     -80.16885333,26.41256667,9.632
     -80.16885333,26.41256667,9.632
     -80.16885333,26.41256667,9.632
     -80.16885333,26.41256667,9.632
     -80.16885333,26.41256667,9.632
     -80.16885333,26.41256667,9.632
     -80.16885333,26.41256667,9.632
     -80.16885333,26.41256667,9.632
     -80.16885333,26.41256667,9.632
     -80.16885333,26.41256667,9.632
     -80.16885333,26.41256667,9.632
     -80.16885333,26.41256667,9.632
     -80.16885333,26.41256667,9.632
     -80.16885333,26.41256667,9.632
     -80.16885333,26.41256667,9.632
     -80.16885333,26.41256667,9.632
     -80.16885333,26.41256667,9.632
     -80.16885333,26.41256667,9.632
     -80.16885333,26.41256667,9.632
     -80.16885333,26.41256667,9.632
     -80.16885333,26.41256667,9.632
     -80.16885333,26.41256667,9.632
     -80.16885333,26.41256667,9.632
     -80.16885333,26.41256667,9.632
     -80.16885333,26.41256667,9.632
     -80.16885333,26.41256667,9.632
     -80.16885333,26.41256667,9.632
     -80.16885333,26.41256667,9.632
     -80.16885333,26.41256667,9.632
     -80.16885333,26.41256667,9.632
     -80.16885333,26.41256667,9.632
     -80.16885333,26.41256667,9.632
     -80.16885333,26.41256667,9.632
     -80.16885333,26.41256667,9.632
     -80.16885333,26.41256667,9.632
     -80.16885333,26.41256667,9.632
     -80.16885333,26.41256667,9.632
     -80.16885333,26.41256667,9.632
     -80.16885333,26.41256667,9.632
     -80.16885333,26.41256667,9.632
     -80.16885333,26.41256667,9.632
     -80.16885333,26.41256667,9.632
     -80.16885333,26.41256667,9.632
     -80.16885333,26.41256667,9.632
     -80.16885333,26.41256667,9.632
     -80.16885333,26.41256667,9.632
     -80.16885333,26.41256667,9.632
     -80.16885333,26.41256667,9.632
     -80.16885333,26.41256667,9.632
     -80.16885333,26.41256667,9.632
     -80.16885333,26.41256667,9.632
     -80.16885333,26.41256667,9.632
     -80.16885333,26.41256667,9.632
     -80.16885333,26.41256667,9.632
     -80.16885333,26.41256667,9.632
     -80.16885333,26.41256667,9.632
     -80.16885333,26.41256667,9.632
     -80.16885333,26.41256667,9.632
     -80.16885333,26.41256667,9.632
     -80.16885333,26.41256667,9.632
     -80.16885333,26.41256667,9.632
     -80.16885333,26.41256667,9.632
     -80.16885333,26.41256667,9.632
     -80.16885333,26.41256667,9.632
     -80.16885333,26.41256667,9.632
     -80.16885333,26.41256667,9.632
     -80.16885333,26.41256667,9.632
     -80.16885333,26.41256667,9.632
     -80.16885333,26.41256667,9.632
     -80.16885333,26.41256667,9.632
     -80.16885333,26.41256667,9.632
     -80.16885333,26.41256667,9.632
     -80.16885333,26.41256667,9.632
     -80.16885333,26.41256667,9.632
     -80.16885333,26.41256667,9.632
     -80.16885333,26.41256667,9.632
     -80.16885333,26.41256667,9.632
     -80.16885333,26.41256667,9.632
     -80.16885333,26.41256667,9.632
     -80.16885333,26.41256667,9.632
     -80.16885333,26.41256667,9.632
     -80.16885333,26.41256667,9.632
     -80.16885333,26.41256667,9.632
     -80.16885333,26.41256667,9.632
     -80.16885333,26.41256667,9.632
     -80.16885333,26.41256667,9.632
     -80.16885333,26.41256667,9.632
     -80.16885333,26.41256667,9.632
     -80.16885333,26.41256667,9.632
     -80.16885333,26.41256667,9.632
     -80.16885333,26.41256667,9.632
     -80.16885333,26.41256667,9.632
     -80.16885333,26.41256667,9.632
     -80.16885333,26.41256667,9.632
     -80.16885333,26.41256667,9.632
     -80.16885333,26.41256667,9.632
     -80.16885333,26.41256667,9.632
     -80.16885333,26.41256667,9.632
     -80.16885333,26.41256667,9.632
     -80.16885333,26.41256667,9.632
     -80.16885333,26.41256667,9.632
     -80.16885333,26.41256667,9.632
     -80.16885333,26.41256667,9.632
     -80.16885333,26.41256667,9.632
     -80.16885333,26.41256667,9.632
     -80.16885333,26.41256667,9.632
     -80.16885333,26.41256667,9.632
     -80.16885333,26.41256667,9.632
     -80.16885333,26.41256667,9.632
     -80.16885333,26.41256667,9.632
     -80.16885333,26.41256667,9.632
     -80.16885333,26.41256667,9.632
     -80.16885333,26.41256667,9.632
     -80.16885333,26.41256667,9.632
     -80.16885333,26.41256667,9.632
     -80.16885333,26.41256667,9.632
     -80.16885333,26.41256667,9.632
     -80.16885333,26.41256667,9.632
     -80.16885333,26.41256667,9.632
     -80.16885333,26.41256667,9.632
     -80.16885333,26.41256667,9.632
     -80.16885333,26.41256667,9.632
     -80.16885333,26.41256667,9.632
     -80.16885333,26.41256667,9.632
     -80.16885333,26.41256667,9.632
     -80.16885333,26.41256667,9.632
     -80.16885333,26.41256667,9.632
     -80.16885333,26.41256667,9.632
     -80.16885333,26.41256667,9.632
     -80.16885333,26.41256667,9.632
     -80.16885333,26.41256667,9.632
     -80.16885333,26.41256667,9.632
     -80.16885333,26.41256667,9.632
     -80.16885333,26.41256667,9.632
     -80.16885333,26.41256667,9.632
     -80.16885333,26.41256667,9.632
     -80.16885333,26.41256667,9.632
     -80.16885333,26.41256667,9.632
     -80.16885333,26.41256667,9.632
     -80.16885333,26.41256667,9.632
     -80.16885333,26.41256667,9.632
     -80.16885333,26.41256667,9.632
     -80.16885333,26.41256667,9.632
     -80.16885333,26.41256667,9.632
     -80.16885333,26.41256667,9.632
     -80.16885333,26.41256667,9.632
     -80.16885333,26.41256667,9.632
     -80.16885333,26.41256667,9.632
     -80.16885333,26.41256667,9.632
     -80.16885333,26.41256667,9.632
     -80.16885333,26.41256667,9.632
     -80.16885333,26.41256667,9.632
     -80.16885333,26.41256667,9.632
     -80.16885333,26.41256667,9.632
     -80.16885333,26.41256667,9.632
     -80.16885333,26.41256667,9.632
     -80.16885333,26.41256667,9.632
     -80.16885333,26.41256667,9.632
     -80.16885333,26.41256667,9.632
     -80.16885333,26.41256667,9.632
     -80.16885333,26.41256667,9.632
     -80.16885333,26.41256667,9.632
     -80.16885333,26.41256667,9.632
     -80.16885333,26.41256667,9.632
     -80.16885333,26.41256667,9.632
     -80.16885333,26.41256667,9.632
     -80.16885333,26.41256667,9.632
     -80.16885333,26.41256667,9.632
     -80.16885333,26.41256667,9.632
     -80.16885333,26.41256667,9.632
     -80.16885333,26.41256667,9.632
     -80.16885333,26.41256667,9.632
     -80.16885333,26.41256667,9.632
     -80.16885333,26.41256667,9.632
     -80.16885333,26.41256667,9.632
     -80.16885333,26.41256667,9.632
     -80.16885333,26.41256667,9.632
     -80.16885333,26.41256667,9.632
     -80.16885333,26.41256667,9.632
     -80.16885333,26.41256667,9.632
     -80.16885333,26.41256667,9.632
     -80.16885333,26.41256667,9.632
     -80.16885333,26.41256667,9.632
     -80.16885333,26.41256667,9.632
     -80.16885333,26.41256667,9.632
     -80.16885333,26.41256667,9.632
     -80.16885333,26.41256667,9.632
     -80.16885333,26.41256667,9.632
     -80.16885333,26.41256667,9.632
     -80.16885333,26.41256667,9.632
     -80.16885333,26.41256667,9.632
     -80.16885333,26.41256667,9.632
     -80.16885333,26.41256667,9.632
     -80.16885333,26.41256667,9.632
     -80.16885333,26.41256667,9.632
     -80.16885333,26.41256667,9.632
     -80.16885333,26.41256667,9.632
     -80.16885333,26.41256667,9.632
     -80.16885333,26.41256667,9.632
     -80.16885333,26.41256667,9.632
     -80.16885333,26.41256667,9.632
     -80.16885333,26.41256667,9.632
     -80.16885333,26.41256667,9.632
     -80.16885333,26.41256667,9.632
     -80.16885333,26.41256667,9.632
     -80.16885333,26.41256667,9.632
     -80.16885333,26.41256667,9.632
     -80.16885333,26.41256667,9.632
     -80.16885333,26.41256667,9.632
     -80.16885333,26.41256667,9.632
     -80.16885333,26.41256667,9.632
     -80.16885333,26.41256667,9.632
     -80.16885333,26.41256667,9.632
     -80.16885333,26.41256667,9.632
     -80.16885333,26.41256667,9.632
     -80.16885333,26.41256667,9.632
     -80.16885333,26.41256667,9.632
     -80.16885333,26.41256667,9.632
     -80.16885333,26.41256667,9.632
     -80.16885333,26.41256667,9.632
     -80.16885333,26.41256667,9.632
     -80.16885333,26.41256667,9.632
     -80.16885333,26.41256667,9.632
     -80.16885333,26.41256667,9.632
     -80.16885333,26.41256667,9.632
     -80.16885333,26.41256667,9.632
     -80.16885333,26.41256667,9.632
     -80.16885333,26.41256667,9.632
     -80.16885333,26.41256667,9.632
     -80.16885333,26.41256667,9.632
     -80.16885333,26.41256667,9.632
     -80.16885333,26.41256667,9.632
     -80.16885333,26.41256667,9.632
     -80.16885333,26.41256667,9.632
     -80.16885333,26.41256667,9.632
     -80.16885333,26.41256667,9.632
     -80.16885333,26.41256667,9.632
     -80.16885333,26.41256667,9.632
     -80.16885333,26.41256667,9.632
     -80.16885333,26.41256667,9.632
     -80.16885333,26.41256667,9.632
     -80.16885333,26.41256667,9.632
     -80.16885333,26.41256667,9.632
     -80.16885333,26.41256667,9.632
     -80.16885333,26.41256667,9.632
     -80.16885333,26.41256667,9.632
     -80.16885333,26.41256667,9.632
     -80.16885333,26.41256667,9.632
     -80.16885333,26.41256667,9.632
     -80.16885333,26.41256667,9.632
     -80.16885333,26.41256667,9.632
     -80.16885333,26.41256667,9.632
     -80.16885333,26.41256667,9.632
     -80.16885333,26.41256667,9.632
     -80.16885333,26.41256667,9.632
     -80.16885333,26.41256667,9.632
     -80.16885333,26.41256667,9.632
     -80.16885333,26.41256667,9.632
     -80.16885333,26.41256667,9.632
     -80.16885333,26.41256667,9.632
     -80.16885333,26.41256667,9.632
     -80.16885333,26.41256667,9.632
     -80.16885333,26.41256667,9.632
     -80.16885333,26.41256667,9.632
     -80.16885333,26.41256667,9.632
     -80.16885333,26.41256667,9.632
     -80.16885333,26.41256667,9.632
     -80.16885333,26.41256667,9.632
     -80.16885333,26.41256667,9.632
     -80.16885333,26.41256667,9.632
     -80.16885333,26.41256667,9.632
     -80.16885333,26.41256667,9.632
     -80.16885333,26.41256667,9.632
     -80.16885333,26.41256667,9.632
     -80.16885333,26.41256667,9.632
     -80.16885333,26.41256667,9.632
     -80.16885333,26.41256667,9.632
     -80.16885333,26.41256667,9.632
     -80.16885333,26.41256667,9.632
     -80.16885333,26.41256667,9.632
     -80.16885333,26.41256667,9.632
     -80.16885333,26.41256667,9.632
     -80.16885333,26.41256667,9.632
     -80.16885333,26.41256667,9.632
     -80.16885333,26.41256667,9.632
     -80.16885333,26.41256667,9.632
     -80.16885333,26.41256667,9.632
     -80.16885333,26.41256667,9.632
     -80.16885333,26.41256667,9.632
     -80.16885333,26.41256667,9.632
     -80.16885333,26.41256667,9.632
     -80.16885333,26.41256667,9.632
     -80.16885333,26.41256667,9.632
     -80.16885333,26.41256667,9.632
     -80.16885333,26.41256667,9.632
     -80.16885333,26.41256667,9.632
     -80.16885333,26.41256667,9.632
     -80.16885333,26.41256667,9.632
     -80.16885333,26.41256667,9.632
     -80.16885333,26.41256667,9.632
     -80.16885333,26.41256667,9.632
     -80.16885333,26.41256667,9.632
     -80.16885333,26.41256667,9.632
     -80.16885333,26.41256667,9.632
     -80.16885333,26.41256667,9.632
     -80.16885333,26.41256667,9.632
     -80.16885333,26.41256667,9.632
     -80.16885333,26.41256667,9.632
     -80.16885333,26.41256667,9.632
     -80.16885333,26.41256667,9.632
     -80.16885333,26.41256667,9.632
     -80.16885333,26.41256667,9.632
     -80.16885333,26.41256667,9.632
     -80.16885333,26.41256667,9.632
     -80.16885333,26.41256667,9.632
     -80.16885333,26.41256667,9.632
     -80.16885333,26.41256667,9.632
     -80.16885333,26.41256667,9.632
     -80.16885333,26.41256667,9.632
     -80.16885333,26.41256667,9.632
     -80.16885333,26.41256667,9.632
     -80.16885333,26.41256667,9.632
     -80.16885333,26.41256667,9.632
     -80.16885333,26.41256667,9.632
     -80.16885333,26.41256667,9.632
     -80.16885333,26.41256667,9.632
     -80.16885333,26.41256667,9.632
     -80.16885333,26.41256667,9.632
     -80.16885333,26.41256667,9.632
     -80.16885333,26.41256667,9.632
     -80.16885333,26.41256667,9.632
     -80.16885333,26.41256667,9.632
     -80.16885333,26.41256667,9.632
     -80.16885333,26.41256667,9.632
     -80.16885333,26.41256667,9.632
     -80.16885333,26.41256667,9.632
     -80.16885333,26.41256667,9.632
     -80.16885333,26.41256667,9.632
     -80.16885333,26.41256667,9.632
     -80.16885333,26.41256667,9.632
     -80.16885333,26.41256667,9.632
     -80.16885333,26.41256667,9.632
     -80.16885333,26.41256667,9.632
     -80.16885333,26.41256667,9.632
     -80.16885333,26.41256667,9.632
     -80.16885333,26.41256667,9.632
     -80.16885333,26.41256667,9.632
     -80.16885333,26.41256667,9.632
     -80.16885333,26.41256667,9.632
     -80.16885333,26.41256667,9.632
     -80.16885333,26.41256667,9.632
     -80.16885333,26.41256667,9.632
     -80.16885333,26.41256667,9.632
     -80.16885333,26.41256667,9.632
     -80.16885333,26.41256667,9.632
     -80.16885333,26.41256667,9.632
     -80.16885333,26.41256667,9.632
     -80.16885333,26.41256667,9.632
     -80.16885333,26.41256667,9.632
     -80.16885333,26.41256667,9.632
     -80.16885333,26.41256667,9.632
     -80.16885333,26.41256667,9.632
     -80.16885333,26.41256667,9.632
     -80.16885333,26.41256667,9.632
     -80.16885333,26.41256667,9.632
     -80.16885333,26.41256667,9.632
     -80.16885333,26.41256667,9.632
     -80.16885333,26.41256667,9.632
     -80.16885333,26.41256667,9.632
     -80.16885333,26.41256667,9.632
     -80.16885333,26.41256667,9.632
     -80.16885333,26.41256667,9.632
     -80.16885333,26.41256667,9.632
     -80.16885333,26.41256667,9.632
     -80.16885333,26.41256667,9.632
     -80.16885333,26.41256667,9.632
     -80.16885333,26.41256667,9.632
     -80.16885333,26.41256667,9.632
     -80.16885333,26.41256667,9.632
     -80.16885333,26.41256667,9.632
     -80.16885333,26.41256667,9.632
     -80.16885333,26.41256667,9.632
     -80.16885333,26.41256667,9.632
     -80.16885333,26.41256667,9.632
     -80.16885333,26.41256667,9.632
     -80.16885333,26.41256667,9.632
     -80.16885333,26.41256667,9.632
     -80.16885333,26.41256667,9.632
     -80.16885333,26.41256667,9.632
     -80.16885333,26.41256667,9.632
     -80.16885333,26.41256667,9.632
     -80.16885333,26.41256667,9.632
     -80.16885333,26.41256667,9.632
     -80.16885333,26.41256667,9.632
     -80.16885333,26.41256667,9.632
     -80.16885333,26.41256667,9.632
     -80.16885333,26.41256667,9.632
     -80.16885333,26.41256667,9.632
     -80.16885333,26.41256667,9.632
     -80.16885333,26.41256667,9.632
     -80.16885333,26.41256667,9.632
     -80.16885333,26.41256667,9.632
     -80.16885333,26.41256667,9.632
     -80.16885333,26.41256667,9.632
     -80.16885333,26.41256667,9.632
     -80.16885333,26.41256667,9.632
     -80.16885333,26.41256667,9.632
     -80.16885333,26.41256667,9.632
     -80.16885333,26.41256667,9.632
     -80.16885333,26.41256667,9.632
     -80.16885333,26.41256667,9.632
     -80.16885333,26.41256667,9.632
     -80.16885333,26.41256667,9.632
     -80.16885333,26.41256667,9.632
     -80.16885333,26.41256667,9.632
     -80.16885333,26.41256667,9.632
     -80.16885333,26.41256667,9.632
     -80.16885333,26.41256667,9.632
     -80.16885333,26.41256667,9.632
     -80.16885333,26.41256667,9.632
     -80.16885333,26.41256667,9.632
     -80.16885333,26.41256667,9.632
     -80.16885333,26.41256667,9.632
     -80.16885333,26.41256667,9.632
     -80.16885333,26.41256667,9.632
     -80.16885333,26.41256667,9.632
     -80.16885333,26.41256667,9.632
     -80.16885333,26.41256667,9.632
     -80.16885333,26.41256667,9.632
     -80.16885333,26.41256667,9.632
     -80.16885333,26.41256667,9.632
     -80.16885333,26.41256667,9.632
     -80.16885333,26.41256667,9.632
     -80.16885333,26.41256667,9.632
     -80.16885333,26.41256667,9.632
     -80.16885333,26.41256667,9.632
     -80.16885333,26.41256667,9.632
     -80.16885333,26.41256667,9.632
     -80.16885333,26.41256667,9.632
     -80.16885333,26.41256667,9.632
     -80.16885333,26.41256667,9.632
     -80.16885333,26.41256667,9.632
     -80.16885333,26.41256667,9.632
     -80.16885333,26.41256667,9.632
     -80.16885333,26.41256667,9.632
     -80.16885333,26.41256667,9.632
     -80.16885333,26.41256667,9.632
     -80.16885333,26.41256667,9.632
     -80.16885333,26.41256667,9.632
     -80.16885333,26.41256667,9.632
     -80.16885333,26.41256667,9.632
     -80.16885333,26.41256667,9.632
     -80.16885333,26.41256667,9.632
     -80.16885333,26.41256667,9.632
     -80.16885333,26.41256667,9.632
     -80.16885333,26.41256667,9.632
     -80.16885333,26.41256667,9.632
     -80.16885333,26.41256667,9.632
     -80.16885333,26.41256667,9.632
     -80.16885333,26.41256667,9.632
     -80.16885333,26.41256667,9.632
     -80.16885333,26.41256667,9.632
     -80.16885333,26.41256667,9.632
     -80.16885333,26.41256667,9.632
     -80.16885333,26.41256667,9.632
     -80.16885333,26.41256667,9.632
     -80.16885333,26.41256667,9.632
     -80.16885333,26.41256667,9.632
     -80.16885333,26.41256667,9.632
     -80.16885333,26.41256667,9.632
     -80.16885333,26.41256667,9.632
     -80.16885333,26.41256667,9.632
     -80.16885333,26.41256667,9.632
     -80.16885333,26.41256667,9.632
     -80.16885333,26.41256667,9.632
     -80.16885333,26.41256667,9.632
     -80.16885333,26.41256667,9.632
     -80.16885333,26.41256667,9.632
     -80.16885333,26.41256667,9.632
     -80.16885333,26.41256667,9.632
     -80.16885333,26.41256667,9.632
     -80.16885333,26.41256667,9.632
     -80.16885333,26.41256667,9.632
     -80.16885333,26.41256667,9.632
     -80.16885333,26.41256667,9.632
     -80.16885333,26.41256667,9.632
     -80.16885333,26.41256667,9.632
     -80.16885333,26.41256667,9.632
     -80.16885333,26.41256667,9.632
     -80.16885333,26.41256667,9.632
     -80.16885333,26.41256667,9.632
     -80.16885333,26.41256667,9.632
     -80.16885333,26.41256667,9.632
     -80.16885333,26.41256667,9.632
     -80.16885333,26.41256667,9.632
     -80.16885333,26.41256667,9.632
     -80.16885333,26.41256667,9.632
     -80.16885333,26.41256667,9.632
     -80.16885333,26.41256667,9.632
     -80.16885333,26.41256667,9.632
     -80.16885333,26.41256667,9.632
     -80.16885333,26.41256667,9.632
     -80.16885333,26.41256667,9.632
     -80.16885333,26.41256667,9.632
     -80.16885333,26.41256667,9.632
     -80.16885333,26.41256667,9.632
     -80.16885333,26.41256667,9.632
     -80.16885333,26.41256667,9.632
     -80.16885333,26.41256667,9.632
     -80.16885333,26.41256667,9.632
     -80.16885333,26.41256667,9.632
     -80.16885333,26.41256667,9.632
     -80.16885333,26.41256667,9.632
     -80.16885333,26.41256667,9.632
     -80.16885333,26.41256667,9.632
     -80.16885333,26.41256667,9.632
     -80.16885333,26.41256667,9.632
     -80.16885333,26.41256667,9.632
     -80.16885333,26.41256667,9.632
     -80.16885333,26.41256667,9.632
     -80.16885333,26.41256667,9.632
     -80.16885333,26.41256667,9.632
     -80.16885333,26.41256667,9.632
     -80.16885333,26.41256667,9.632
     -80.16885333,26.41256667,9.632
     -80.16885333,26.41256667,9.632
     -80.16885333,26.41256667,9.632
     -80.16885333,26.41256667,9.632
     -80.16885333,26.41256667,9.632
     -80.16885333,26.41256667,9.632
     -80.16885333,26.41256667,9.632
     -80.16885333,26.41256667,9.632
     -80.16885333,26.41256667,9.632
     -80.16885333,26.41256667,9.632
     -80.16885333,26.41256667,9.632
     -80.16885333,26.41256667,9.632
     -80.16885333,26.41256667,9.632
     -80.16885333,26.41256667,9.632
     -80.16885333,26.41256667,9.632
     -80.16885333,26.41256667,9.632
     -80.16885333,26.41256667,9.632
     -80.16885333,26.41256667,9.632
     -80.16885333,26.41256667,9.632
     -80.16885333,26.41256667,9.632
     -80.16885333,26.41256667,9.632
     -80.16885333,26.41256667,9.632
     -80.16885333,26.41256667,9.632
     -80.16885333,26.41256667,9.632
     -80.16885333,26.41256667,9.632
     -80.16885333,26.41256667,9.632
     -80.16885333,26.41256667,9.632
     -80.16885333,26.41256667,9.632
     -80.16885333,26.41256667,9.632
     -80.16885333,26.41256667,9.632
     -80.16885333,26.41256667,9.632
     -80.16885333,26.41256667,9.632
     -80.16885333,26.41256667,9.632
     -80.16885333,26.41256667,9.632
     -80.16885333,26.41256667,9.632
     -80.16885333,26.41256667,9.632
     -80.16885333,26.41256667,9.632
     -80.16885333,26.41256667,9.632
     -80.16885333,26.41256667,9.632
     -80.16885333,26.41256667,9.632
     -80.16885333,26.41256667,9.632
     -80.16885333,26.41256667,9.632
     -80.16885333,26.41256667,9.632
     -80.16885333,26.41256667,9.632
     -80.16885333,26.41256667,9.632
     -80.16885333,26.41256667,9.632
     -80.16885333,26.41256667,9.632
     -80.16885333,26.41256667,9.632
     -80.16885333,26.41256667,9.632
     -80.16885333,26.41256667,9.632
     -80.16885333,26.41256667,9.632
     -80.16885333,26.41256667,9.632
     -80.16885333,26.41256667,9.632
     -80.16885333,26.41256667,9.632
     -80.16885333,26.41256667,9.632
     -80.16885333,26.41256667,9.632
     -80.16885333,26.41256667,9.632
     -80.16885333,26.41256667,9.632
     -80.16885333,26.41256667,9.632
     -80.16885333,26.41256667,9.632
     -80.16885333,26.41256667,9.632
     -80.16885333,26.41256667,9.632
     -80.16885333,26.41256667,9.632
     -80.16885333,26.41256667,9.632
     -80.16885333,26.41256667,9.632
     -80.16885333,26.41256667,9.632
     -80.16885333,26.41256667,9.632
     -80.16885333,26.41256667,9.632
     -80.16885333,26.41256667,9.632
     -80.16885333,26.41256667,9.632
     -80.16885333,26.41256667,9.632
     -80.16885333,26.41256667,9.632
     -80.16885333,26.41256667,9.632
     -80.16885333,26.41256667,9.632
     -80.16885333,26.41256667,9.632
     -80.16885333,26.41256667,9.632
     -80.16885333,26.41256667,9.632
     -80.16885333,26.41256667,9.632
     -80.16885333,26.41256667,9.632
     -80.16885333,26.41256667,9.632
     -80.16885333,26.41256667,9.632
     -80.16885333,26.41256667,9.632
     -80.16885333,26.41256667,9.632
     -80.16885333,26.41256667,9.632
     -80.16885333,26.41256667,9.632
     -80.16885333,26.41256667,9.632
     -80.16885333,26.41256667,9.632
     -80.16885333,26.41256667,9.632
     -80.16885333,26.41256667,9.632
     -80.16885333,26.41256667,9.632
     -80.16885333,26.41256667,9.632
     -80.16885333,26.41256667,9.632
     -80.16885333,26.41256667,9.632
     -80.16885333,26.41256667,9.632
     -80.16885333,26.41256667,9.632
     -80.16885333,26.41256667,9.632
     -80.16885333,26.41256667,9.632
     -80.16885333,26.41256667,9.632
     -80.16885333,26.41256667,9.632
     -80.16885333,26.41256667,9.632
     -80.16885333,26.41256667,9.632
     -80.16885333,26.41256667,9.632
     -80.16885333,26.41256667,9.632
     -80.16885333,26.41256667,9.632
     -80.16885333,26.41256667,9.632
     -80.16885333,26.41256667,9.632
     -80.16885333,26.41256667,9.632
     -80.16885333,26.41256667,9.632
     -80.16885333,26.41256667,9.632
     -80.16885333,26.41256667,9.632
     -80.16885333,26.41256667,9.632
     -80.16885333,26.41256667,9.632
     -80.16885333,26.41256667,9.632
     -80.16885333,26.41256667,9.632
     -80.16885333,26.41256667,9.632
     -80.16885333,26.41256667,9.632
     -80.16885333,26.41256667,9.632
     -80.16885333,26.41256667,9.632
     -80.16885333,26.41256667,9.632
     -80.16885333,26.41256667,9.632
     -80.16885333,26.41256667,9.632
     -80.16885333,26.41256667,9.632
     -80.16885333,26.41256667,9.632
     -80.16885333,26.41256667,9.632
     -80.16885333,26.41256667,9.632
     -80.16885333,26.41256667,9.632
     -80.16885333,26.41256667,9.632
     -80.16885333,26.41256667,9.632
     -80.16885333,26.41256667,9.632
     -80.16885333,26.41256667,9.632
     -80.16885333,26.41256667,9.632
     -80.16885333,26.41256667,9.632
     -80.16885333,26.41256667,9.632
     -80.16885333,26.41256667,9.632
     -80.16885333,26.41256667,9.632
     -80.16885333,26.41256667,9.632
     -80.16885333,26.41256667,9.632
     -80.16885333,26.41256667,9.632
     -80.16885333,26.41256667,9.632
     -80.16885333,26.41256667,9.632
     -80.16885333,26.41256667,9.632
     -80.16885333,26.41256667,9.632
     -80.16885333,26.41256667,9.632
     -80.16885333,26.41256667,9.632
     -80.16885333,26.41256667,9.632
     -80.16885333,26.41256667,9.632
     -80.16885333,26.41256667,9.632
     -80.16885333,26.41256667,9.632
     -80.16885333,26.41256667,9.632
     -80.16885333,26.41256667,9.632
     -80.16885333,26.41256667,9.632
     -80.16885333,26.41256667,9.632
     -80.16885333,26.41256667,9.632
     -80.16885333,26.41256667,9.632
     -80.16885333,26.41256667,9.632
     -80.16885333,26.41256667,9.632
     -80.16885333,26.41256667,9.632
     -80.16885333,26.41256667,9.632
     -80.16885333,26.41256667,9.632
     -80.16885333,26.41256667,9.632
     -80.16885333,26.41256667,9.632
     -80.16885333,26.41256667,9.632
     -80.16885333,26.41256667,9.632
     -80.16885333,26.41256667,9.632
     -80.16885333,26.41256667,9.632
     -80.16885333,26.41256667,9.632
     -80.16885333,26.41256667,9.632
     -80.16885333,26.41256667,9.632
     -80.16885333,26.41256667,9.632
     -80.16885333,26.41256667,9.632
     -80.16885333,26.41256667,9.632
     -80.16885333,26.41256667,9.632
     -80.16885333,26.41256667,9.632
     -80.16885333,26.41256667,9.632
     -80.16885333,26.41256667,9.632
     -80.16885333,26.41256667,9.632
     -80.16885333,26.41256667,9.632
     -80.16885333,26.41256667,9.632
     -80.16885333,26.41256667,9.632
     -80.16885333,26.41256667,9.632
     -80.16885333,26.41256667,9.632
     -80.16885333,26.41256667,9.632
     -80.16885333,26.41256667,9.632
     -80.16885333,26.41256667,9.632
     -80.16885333,26.41256667,9.632
     -80.16885333,26.41256667,9.632
     -80.16885333,26.41256667,9.632
     -80.16885333,26.41256667,9.632
     -80.16885333,26.41256667,9.632
     -80.16885333,26.41256667,9.632
     -80.16885333,26.41256667,9.632
     -80.16885333,26.41256667,9.632
     -80.16885333,26.41256667,9.632
     -80.16885333,26.41256667,9.632
     -80.16885333,26.41256667,9.632
     -80.16885333,26.41256667,9.632
     -80.16885333,26.41256667,9.632
     -80.16885333,26.41256667,9.632
     -80.16885333,26.41256667,9.632
     -80.16885333,26.41256667,9.632
     -80.16885333,26.41256667,9.632
     -80.16885333,26.41256667,9.632
     -80.16885333,26.41256667,9.632
     -80.16885333,26.41256667,9.632
     -80.16885333,26.41256667,9.632
     -80.16885333,26.41256667,9.632
     -80.16885333,26.41256667,9.632
     -80.16885333,26.41256667,9.632
     -80.16885333,26.41256667,9.632
     -80.16885333,26.41256667,9.632
     -80.16877667,26.41250500,6.132
     -80.16878000,26.41250000,6.432
     -80.16878500,26.41249833,6.632
     -80.16879167,26.41249833,6.932
     -80.16879167,26.41249833,6.932
     -80.16879167,26.41249833,6.932
     -80.16879167,26.41249833,6.932
     -80.16879167,26.41249833,6.932
     -80.16879167,26.41249833,6.932
     -80.16879167,26.41249833,6.932
     -80.16879167,26.41249833,6.932
     -80.16879167,26.41249833,6.932
     -80.16879167,26.41249833,6.932
     -80.16879167,26.41249833,6.932
     -80.16879167,26.41249833,6.932
     -80.16879167,26.41249833,6.932
     -80.16879167,26.41249833,6.932
     -80.16879167,26.41249833,6.932
     -80.16879167,26.41249833,6.932
     -80.16879167,26.41249833,6.932
     -80.16879167,26.41249833,6.932
     -80.16879167,26.41249833,6.932
     -80.16879167,26.41249833,6.932
     -80.16879167,26.41249833,6.932
     -80.16879167,26.41249833,6.932
     -80.16879167,26.41249833,6.932
     -80.16879167,26.41249833,6.932
     -80.16879167,26.41249833,6.932
     -80.16879167,26.41249833,6.932
     -80.16879167,26.41249833,6.932
     -80.16879167,26.41249833,6.932
     -80.16879167,26.41249833,6.932
     -80.16879167,26.41249833,6.932
     -80.16879167,26.41249833,6.932
     -80.16879167,26.41249833,6.932
     -80.16879167,26.41249833,6.932
     -80.16879167,26.41249833,6.932
     -80.16879167,26.41249833,6.932
     -80.16879167,26.41249833,6.932
     -80.16879167,26.41249833,6.932
     -80.16879167,26.41249833,6.932
     -80.16879167,26.41249833,6.932
     -80.16879167,26.41249833,6.932
     -80.16879167,26.41249833,6.932
     -80.16879167,26.41249833,6.932
     -80.16879167,26.41249833,6.932
     -80.16879167,26.41249833,6.932
     -80.16879167,26.41249833,6.932
     -80.16879167,26.41249833,6.932
     -80.16879167,26.41249833,6.932
     -80.16879167,26.41249833,6.932
     -80.16879167,26.41249833,6.932
     -80.16879167,26.41249833,6.932
     -80.16879167,26.41249833,6.932
     -80.16879167,26.41249833,6.932
     -80.16879167,26.41249833,6.932
     -80.16881667,26.41258667,7.332
     -80.16882500,26.41261000,6.932
     -80.16883000,26.41264000,6.232
     -80.16884000,26.41267167,5.732
     -80.16884667,26.41270667,5.632
     -80.16885000,26.41274000,5.032
     -80.16885167,26.41277333,5.232
     -80.16884833,26.41280667,5.432
     -80.16885000,26.41284000,6.032
     -80.16885500,26.41287667,6.632
     -80.16886333,26.41291167,6.532
     -80.16887333,26.41294333,6.432
     -80.16887833,26.41298000,6.732
     -80.16888833,26.41301500,7.032
     -80.16890333,26.41305167,7.332
     -80.16891833,26.41308667,7.132
     -80.16893167,26.41311833,7.432
     -80.16894500,26.41314833,7.032
     -80.16895833,26.41318167,7.032
     -80.16896833,26.41321667,7.532
     -80.16897833,26.41325167,7.932
     -80.16899167,26.41328833,7.732
     -80.16900833,26.41332167,8.232
     -80.16901833,26.41335667,9.032
     -80.16903000,26.41339167,9.632
     -80.16904333,26.41342833,9.832
     -80.16904833,26.41346167,10.032
     -80.16906167,26.41349000,10.132
     -80.16907500,26.41352167,10.332
     -80.16908667,26.41355167,10.832
     -80.16909667,26.41358167,10.932
     -80.16910667,26.41361667,10.832
     -80.16912000,26.41365333,10.532
     -80.16913167,26.41368833,9.632
     -80.16914000,26.41373000,8.531
     -80.16914833,26.41377333,8.031
     -80.16915500,26.41381667,6.831
     -80.16915833,26.41385833,6.731
     -80.16916000,26.41389167,7.032
     -80.16915833,26.41393000,6.532
     -80.16916000,26.41396833,6.332
     -80.16915333,26.41400667,6.032
     -80.16914500,26.41404167,5.532
     -80.16913667,26.41407667,5.132
     -80.16912500,26.41411000,5.032
     -80.16911667,26.41414167,4.732
     -80.16911000,26.41417167,4.432
     -80.16911500,26.41419833,3.932
     -80.16912167,26.41422333,3.932
     -80.16913167,26.41425333,4.532
     -80.16914333,26.41428333,4.332
     -80.16916167,26.41431333,4.532
     -80.16918000,26.41434500,4.532
     -80.16920000,26.41437500,4.632
     -80.16922167,26.41440667,5.132
     -80.16924167,26.41443333,5.331
     -80.16926167,26.41446000,5.331
     -80.16927500,26.41448833,6.331
     -80.16928500,26.41451667,7.431
     -80.16929333,26.41454500,7.431
     -80.16929667,26.41457167,7.731
     -80.16929667,26.41459833,8.331
     -80.16929500,26.41463167,8.431
     -80.16928833,26.41466333,8.831
     -80.16928167,26.41468333,9.031
     -80.16926833,26.41471000,9.232
     -80.16925667,26.41473667,9.132
     -80.16924333,26.41475833,9.232
     -80.16922667,26.41477333,9.332
     -80.16920333,26.41477333,9.232
     -80.16919000,26.41478500,9.132
     -80.16918000,26.41480667,8.932
     -80.16917000,26.41482333,9.232
     -80.16916667,26.41483667,9.432
     -80.16916667,26.41485333,9.632
     -80.16916500,26.41487000,9.332
     -80.16917333,26.41488000,9.132
     -80.16917667,26.41489500,9.232
     -80.16918000,26.41490167,9.032
     -80.16918000,26.41491333,9.132
     -80.16918333,26.41492333,9.132
     -80.16919333,26.41493167,9.132
     -80.16920167,26.41494167,8.932
     -80.16919667,26.41495667,8.532
     -80.16918833,26.41497667,8.232
     -80.16917667,26.41499167,8.232
     -80.16916167,26.41500333,7.632
     -80.16914667,26.41501000,7.532
     -80.16912833,26.41502167,7.232
     -80.16910833,26.41503500,7.432
     -80.16908667,26.41505000,7.332
     -80.16906333,26.41506333,7.033
     -80.16904167,26.41507333,6.633
     -80.16902333,26.41508500,6.033
     -80.16900667,26.41509500,5.733
     -80.16898500,26.41510500,5.133
     -80.16896500,26.41512000,4.633
     -80.16894333,26.41512833,4.133
     -80.16892500,26.41514000,3.533
     -80.16890833,26.41515667,2.933
     -80.16889000,26.41517000,2.833
     -80.16887500,26.41518167,2.633
     -80.16886000,26.41519500,2.133
     -80.16884000,26.41520667,1.434
     -80.16882167,26.41522000,0.934
     -80.16880167,26.41523167,0.734
     -80.16878167,26.41524333,0.234
     -80.16876333,26.41525333,0.334
     -80.16874667,26.41526500,1.334
     -80.16872833,26.41527333,1.034
     -80.16871000,26.41528000,1.434
     -80.16869000,26.41529000,1.434
     -80.16866833,26.41529667,2.534
     -80.16864833,26.41530333,3.234
     -80.16862667,26.41531000,4.134
     -80.16860333,26.41532167,4.335
     -80.16858333,26.41533333,5.235
     -80.16856833,26.41534667,5.835
     -80.16855500,26.41536000,6.935
     -80.16853167,26.41536833,7.435
     -80.16851667,26.41538167,8.535
     -80.16850000,26.41539500,9.335
     -80.16848000,26.41541167,9.135
     -80.16845833,26.41542500,8.635
     -80.16843500,26.41543833,8.635
     -80.16841000,26.41545167,8.535
     -80.16838667,26.41546833,8.436
     -80.16836500,26.41548333,8.636
     -80.16834167,26.41550000,8.936
     -80.16831500,26.41551500,9.236
     -80.16829167,26.41553000,9.436
     -80.16826500,26.41554333,9.636
     -80.16824000,26.41555667,9.236
     -80.16821500,26.41557333,8.936
     -80.16819167,26.41559000,8.536
     -80.16817167,26.41560833,8.237
     -80.16815000,26.41562333,8.237
     -80.16812500,26.41563500,7.937
     -80.16810333,26.41564833,7.637
     -80.16807833,26.41566500,6.937
     -80.16805333,26.41568167,6.537
     -80.16803167,26.41569167,6.137
     -80.16800833,26.41570333,5.937
     -80.16798500,26.41571667,5.737
     -80.16796167,26.41573000,5.737
     -80.16794000,26.41574333,5.738
     -80.16791833,26.41575833,5.638
     -80.16789667,26.41577333,5.738
     -80.16787167,26.41578333,5.838
     -80.16784667,26.41579833,5.838
     -80.16782167,26.41581333,5.938
     -80.16779333,26.41583000,5.738
     -80.16776833,26.41584667,5.338
     -80.16774333,26.41586333,5.138
     -80.16772167,26.41588000,4.739
     -80.16770167,26.41589833,4.039
     -80.16768000,26.41591500,3.639
     -80.16765667,26.41593333,2.739
     -80.16763333,26.41594667,1.439
     -80.16760833,26.41596000,0.539
     -80.16758667,26.41597500,0.139
     -80.16756667,26.41598833,-0.161
     -80.16754833,26.41600167,-0.161
     -80.16752500,26.41601167,-0.361
     -80.16750167,26.41602333,-0.560
     -80.16747500,26.41603667,-0.560
     -80.16744500,26.41604833,-0.960
     -80.16742167,26.41605667,-0.860
     -80.16740167,26.41606833,-0.860
     -80.16737500,26.41608000,-0.960
     -80.16734833,26.41609000,-1.460
     -80.16732833,26.41610667,-0.360
     -80.16730500,26.41611833,0.240
     -80.16728333,26.41612833,1.040
     -80.16727167,26.41614000,2.041
     -80.16726167,26.41614500,2.141
     -80.16724833,26.41614833,1.541
     -80.16722500,26.41614667,1.841
     -80.16720000,26.41614167,1.941
     -80.16718333,26.41613667,2.241
     -80.16716667,26.41612667,3.341
     -80.16715833,26.41612000,3.941
     -80.16715333,26.41611167,4.641
     -80.16715833,26.41610667,5.041
     -80.16715500,26.41609833,5.641
     -80.16715333,26.41609500,5.941
     -80.16716167,26.41610167,6.141
     -80.16716333,26.41610667,6.541
     -80.16718000,26.41611833,6.441
     -80.16720000,26.41612833,7.041
     -80.16721667,26.41613500,7.341
     -80.16722500,26.41613833,8.041
     -80.16722833,26.41613833,8.641
     -80.16722833,26.41613833,8.741
     -80.16722000,26.41613833,8.541
     -80.16720667,26.41614833,8.541
     -80.16718667,26.41616667,8.241
     -80.16717000,26.41618833,8.241
     -80.16715500,26.41621833,8.041
     -80.16714833,26.41624667,7.541
     -80.16715000,26.41627167,7.241
     -80.16716000,26.41630000,6.941
     -80.16717167,26.41632667,6.941
     -80.16718167,26.41635333,6.741
     -80.16719500,26.41638000,6.541
     -80.16721167,26.41640833,5.941
     -80.16722833,26.41643500,5.441
     -80.16724500,26.41646000,5.141
     -80.16726000,26.41648667,5.241
     -80.16727833,26.41651333,4.941
     -80.16729500,26.41653833,4.641
     -80.16731167,26.41655833,5.041
     -80.16732333,26.41658500,5.341
     -80.16733333,26.41661167,5.241
     -80.16734833,26.41663667,6.541
     -80.16736500,26.41666500,6.740
     -80.16738000,26.41669167,6.740
     -80.16739500,26.41672167,7.040
     -80.16740167,26.41675167,6.940
     -80.16741333,26.41678667,6.640
     -80.16742500,26.41681667,7.140
     -80.16743500,26.41684667,7.440
     -80.16744000,26.41687333,6.740
     -80.16744833,26.41689667,6.940
     -80.16745667,26.41692500,6.940
     -80.16746000,26.41695000,7.040
     -80.16746167,26.41697833,6.640
     -80.16745833,26.41700667,6.140
     -80.16746833,26.41703500,6.440
     -80.16746833,26.41706167,6.040
     -80.16746333,26.41708833,5.540
     -80.16746500,26.41711667,5.340
     -80.16746500,26.41714500,5.440
     -80.16747000,26.41717000,5.440
     -80.16747167,26.41719667,6.240
     -80.16747833,26.41722500,7.240
     -80.16747667,26.41725333,7.740
     -80.16748000,26.41728500,8.340
     -80.16748833,26.41731333,8.640
     -80.16750333,26.41733833,9.040
     -80.16753333,26.41736500,9.540
     -80.16755833,26.41739000,9.640
     -80.16758667,26.41740833,9.940
     -80.16760833,26.41742833,9.140
     -80.16763000,26.41743833,8.840
     -80.16765167,26.41744500,9.040
     -80.16767500,26.41744667,8.940
     -80.16770333,26.41744500,8.839
     -80.16773333,26.41744500,8.939
     -80.16776333,26.41744500,8.539
     -80.16779500,26.41744333,8.439
     -80.16782667,26.41744500,8.239
     -80.16785667,26.41744333,8.039
     -80.16788833,26.41744167,7.639
     -80.16791833,26.41744000,7.439
     -80.16795167,26.41744000,7.238
     -80.16799333,26.41743000,8.238
     -80.16802333,26.41743000,8.238
     -80.16805667,26.41743167,8.138
     -80.16808667,26.41743333,8.238
     -80.16812000,26.41743667,8.038
     -80.16814667,26.41744000,7.638
     -80.16817667,26.41744167,7.238
     -80.16821000,26.41744333,6.837
     -80.16823833,26.41744667,6.037
     -80.16827000,26.41744667,5.737
     -80.16830167,26.41744667,5.637
     -80.16833667,26.41744667,5.737
     -80.16837167,26.41744667,6.537
     -80.16840500,26.41744667,6.337
     -80.16843667,26.41744833,5.936
     -80.16846833,26.41745167,5.636
     -80.16849500,26.41745500,5.436
     -80.16852500,26.41746167,5.136
     -80.16855667,26.41746833,4.936
     -80.16858667,26.41747333,4.436
     -80.16861833,26.41748167,4.036
     -80.16864833,26.41749000,4.236
     -80.16868000,26.41749500,4.236
     -80.16871333,26.41749833,4.735
     -80.16874500,26.41750500,5.935
     -80.16878333,26.41751167,6.835
     -80.16881833,26.41751833,8.135
     -80.16885000,26.41752833,8.335
     -80.16887833,26.41754000,8.435
     -80.16890833,26.41755000,8.935
     -80.16893500,26.41756167,9.034
     -80.16896167,26.41757500,9.134
     -80.16898667,26.41759000,8.934
     -80.16901667,26.41760500,9.134
     -80.16904333,26.41762000,9.134
     -80.16907333,26.41763500,8.934
     -80.16910500,26.41764667,8.734
     -80.16913500,26.41766000,8.734
     -80.16915833,26.41767000,9.034
     -80.16917333,26.41768333,8.434
     -80.16919833,26.41770167,8.033
     -80.16922333,26.41771833,7.233
     -80.16924667,26.41773667,6.733
     -80.16926833,26.41775833,6.333
     -80.16929000,26.41778167,6.233
     -80.16931000,26.41780500,6.133
     -80.16933000,26.41783000,6.233
     -80.16934833,26.41785667,6.233
     -80.16936667,26.41788333,6.133
     -80.16938000,26.41791000,6.033
     -80.16939000,26.41793833,6.033
     -80.16940000,26.41796833,6.133
     -80.16940833,26.41799667,6.033
     -80.16941667,26.41802667,5.733
     -80.16942167,26.41805667,5.433
     -80.16942833,26.41808833,5.433
     -80.16943833,26.41812167,5.833
     -80.16944500,26.41815167,6.433
     -80.16944833,26.41818500,6.633
     -80.16945333,26.41821167,7.033
     -80.16946667,26.41823667,7.733
     -80.16947500,26.41826500,7.733
     -80.16948167,26.41829167,7.233
     -80.16949000,26.41831833,7.233
     -80.16949667,26.41834500,6.833
     -80.16950333,26.41837333,6.533
     -80.16951167,26.41840167,6.833
     -80.16952167,26.41843000,7.433
     -80.16952500,26.41845833,7.133
     -80.16953000,26.41848833,6.833
     -80.16953167,26.41851833,6.333
     -80.16952667,26.41854333,5.833
     -80.16953333,26.41857000,5.233
     -80.16953500,26.41859333,4.533
     -80.16954000,26.41861500,4.033
     -80.16954833,26.41863667,4.633
     -80.16954500,26.41865333,4.433
     -80.16955167,26.41866500,4.533
     -80.16955833,26.41867667,5.433
     -80.16957167,26.41868500,5.832
     -80.16958667,26.41868833,6.232
     -80.16960833,26.41868333,6.832
     -80.16962167,26.41866667,7.532
     -80.16962333,26.41864667,8.232
     -80.16961833,26.41862500,8.232
     -80.16960500,26.41859500,8.532
     -80.16959500,26.41856167,8.732
     -80.16958500,26.41851167,9.132
     -80.16957000,26.41846333,8.832
     -80.16955167,26.41841333,8.132
     -80.16953833,26.41836167,7.532
     -80.16952667,26.41831167,6.932
     -80.16951500,26.41825500,6.732
     -80.16950333,26.41819833,6.233
     -80.16949167,26.41814333,6.133
     -80.16947333,26.41809167,5.933
     -80.16945833,26.41804000,5.733
     -80.16944000,26.41798833,5.933
     -80.16942000,26.41794167,6.033
     -80.16940167,26.41789333,6.033
     -80.16937333,26.41784333,6.133
     -80.16934000,26.41780000,6.533
     -80.16929833,26.41776000,7.933
     -80.16925500,26.41772333,8.233
     -80.16920667,26.41769167,8.333
     -80.16915500,26.41766500,8.434
     -80.16910500,26.41763833,8.734
     -80.16905333,26.41761167,8.534
     -80.16900167,26.41758833,8.134
     -80.16894833,26.41756333,7.534
     -80.16889333,26.41753833,6.835
     -80.16884000,26.41751500,6.935
     -80.16878333,26.41750000,7.535
     -80.16872667,26.41749000,8.035
     -80.16867167,26.41748000,8.236
     -80.16861833,26.41747500,8.736
     -80.16856500,26.41746667,9.036
     -80.16851000,26.41745333,8.536
     -80.16846333,26.41744333,7.436
     -80.16841333,26.41743833,7.337
     -80.16836833,26.41743833,7.237
     -80.16831833,26.41743833,7.837
     -80.16826833,26.41743833,7.437
     -80.16821833,26.41743833,7.137
     -80.16816500,26.41743500,6.638
     -80.16811000,26.41743333,6.738
     -80.16805167,26.41743500,7.138
     -80.16800000,26.41743500,7.638
     -80.16795000,26.41743667,7.538
     -80.16790667,26.41743667,7.839
     -80.16786667,26.41743500,7.939
     -80.16782833,26.41743333,8.139
     -80.16779000,26.41743167,8.439
     -80.16776000,26.41742833,8.639
     -80.16773500,26.41742833,8.439
     -80.16770667,26.41743167,8.839
     -80.16769167,26.41743167,8.340
     -80.16768167,26.41743500,8.340
     -80.16767500,26.41744000,8.540
     -80.16767667,26.41743833,7.740
     -80.16766667,26.41744167,7.540
     -80.16765833,26.41744667,6.440
     -80.16765000,26.41747000,6.140
     -80.16764833,26.41749667,6.640
     -80.16766667,26.41752667,7.040
     -80.16769500,26.41755333,6.040
     -80.16771000,26.41757000,5.940
     -80.16772833,26.41758000,5.739
     -80.16774167,26.41758500,5.339
     -80.16775500,26.41758667,5.239
     -80.16777167,26.41759667,5.739
     -80.16779667,26.41760167,6.339
     -80.16782000,26.41761000,6.639
     -80.16783833,26.41762500,6.839
     -80.16784833,26.41764167,6.939
     -80.16785833,26.41766167,7.439
     -80.16786500,26.41768000,7.239
     -80.16786667,26.41770000,7.239
     -80.16786833,26.41772167,7.139
     -80.16786833,26.41774667,6.939
     -80.16786833,26.41777500,6.639
     -80.16786833,26.41780500,6.739
     -80.16786500,26.41783333,7.139
     -80.16785167,26.41786000,7.339
     -80.16783833,26.41788667,7.139
     -80.16782167,26.41791167,7.339
     -80.16779500,26.41794500,7.539
     -80.16777500,26.41797833,8.140
     -80.16775833,26.41800000,8.240
     -80.16774000,26.41801833,9.040
     -80.16772667,26.41804500,9.240
     -80.16771333,26.41807333,9.340
     -80.16770167,26.41810000,9.340
     -80.16769000,26.41812333,9.240
     -80.16767833,26.41814667,9.440
     -80.16766833,26.41817333,9.540
     -80.16765833,26.41819833,9.740
     -80.16764833,26.41822667,9.140
     -80.16764167,26.41824833,8.740
     -80.16763333,26.41828167,8.040
     -80.16763333,26.41831500,7.840
     -80.16763667,26.41835000,7.740
     -80.16764167,26.41838000,7.640
     -80.16764667,26.41841167,7.540
     -80.16765167,26.41844167,7.740
     -80.16765833,26.41847000,8.040
     -80.16766500,26.41849833,8.540
     -80.16767167,26.41852500,8.840
     -80.16768000,26.41855333,9.140
     -80.16769000,26.41858167,9.240
     -80.16769833,26.41861167,8.940
     -80.16770667,26.41864500,8.640
     -80.16771500,26.41868000,8.740
     -80.16771833,26.41871167,8.240
     -80.16772333,26.41874500,8.140
     -80.16772833,26.41877667,7.940
     -80.16773167,26.41880833,8.040
     -80.16773667,26.41884167,8.740
     -80.16774000,26.41887167,9.140
     -80.16774167,26.41890167,9.140
     -80.16774167,26.41892500,9.240
     -80.16773667,26.41895333,10.040
     -80.16773000,26.41898000,9.940
     -80.16772333,26.41900167,9.640
     -80.16772500,26.41902000,9.540
     -80.16771833,26.41903833,9.440
     -80.16771667,26.41905667,9.340
     -80.16771167,26.41907167,9.440
     -80.16770500,26.41908500,9.740
     -80.16769667,26.41910167,9.840
     -80.16769167,26.41911500,10.040
     -80.16768333,26.41912833,10.241
     -80.16766833,26.41914333,10.341
     -80.16765333,26.41916000,10.141
     -80.16764000,26.41917167,10.341
     -80.16762500,26.41918833,10.041
     -80.16761000,26.41920333,10.041
     -80.16759500,26.41921833,10.041
     -80.16758000,26.41923500,9.741
     -80.16756667,26.41925167,9.641
     -80.16755167,26.41926667,9.741
     -80.16754333,26.41928333,9.441
     -80.16753833,26.41930000,9.041
     -80.16752833,26.41931833,9.041
     -80.16752500,26.41933667,9.241
     -80.16752500,26.41935333,9.441
     -80.16752667,26.41937333,9.941
     -80.16753500,26.41939000,10.241
     -80.16754333,26.41940500,10.841
     -80.16755833,26.41941500,11.041
     -80.16757333,26.41943167,10.941
     -80.16758667,26.41944667,10.641
     -80.16760167,26.41946000,10.341
     -80.16761167,26.41947833,9.741
     -80.16762500,26.41949500,9.341
     -80.16763500,26.41951667,8.741
     -80.16764667,26.41953000,9.241
     -80.16765500,26.41954833,9.341
     -80.16766333,26.41956833,9.241
     -80.16766833,26.41958833,8.641
     -80.16767500,26.41961167,8.141
     -80.16768167,26.41963500,8.141
     -80.16768167,26.41965833,8.341
     -80.16768500,26.41968000,8.741
     -80.16768500,26.41969833,8.841
     -80.16768667,26.41971833,8.941
     -80.16769000,26.41974000,9.141
     -80.16769333,26.41976167,8.841
     -80.16769667,26.41978000,8.541
     -80.16770167,26.41979667,8.641
     -80.16770500,26.41981667,8.241
     -80.16771333,26.41983333,8.241
     -80.16772000,26.41985333,8.141
     -80.16772667,26.41987167,8.241
     -80.16773333,26.41989000,7.941
     -80.16774333,26.41990833,8.341
     -80.16775000,26.41992167,8.841
     -80.16775667,26.41993833,9.241
     -80.16776167,26.41995833,8.941
     -80.16776833,26.41997500,8.541
     -80.16777500,26.41999000,8.641
     -80.16778500,26.42000667,8.741
     -80.16779500,26.42002333,9.541
     -80.16780500,26.42004667,9.941
     -80.16781500,26.42007333,9.841
     -80.16782333,26.42009667,9.740
     -80.16783167,26.42012000,9.240
     -80.16784000,26.42013333,8.940
     -80.16784667,26.42014667,8.640
     -80.16786167,26.42015833,8.040
     -80.16787667,26.42017000,7.840
     -80.16789667,26.42017833,8.240
     -80.16791667,26.42019000,7.840
     -80.16794167,26.42019833,7.740
     -80.16796167,26.42020500,7.840
     -80.16798667,26.42020833,7.640
     -80.16801333,26.42021167,8.140
     -80.16803833,26.42021167,8.740
     -80.16806167,26.42021167,9.240
     -80.16808667,26.42021500,9.639
     -80.16810667,26.42022000,9.739
     -80.16812667,26.42022667,9.939
     -80.16814833,26.42023500,9.939
     -80.16817000,26.42024667,9.739
     -80.16819000,26.42025167,10.039
     -80.16821167,26.42026333,9.939
     -80.16823167,26.42027667,9.539
     -80.16825167,26.42029167,9.639
     -80.16827333,26.42030500,9.939
     -80.16829167,26.42031833,10.639
     -80.16830833,26.42033167,11.139
     -80.16832667,26.42034333,11.739
     -80.16834500,26.42035667,11.938
     -80.16836000,26.42036833,11.938
     -80.16837500,26.42038000,11.938
     -80.16839500,26.42039000,11.538
     -80.16841500,26.42039667,11.038
     -80.16843500,26.42040000,9.938
     -80.16845500,26.42040000,8.938
     -80.16847667,26.42039833,8.438
     -80.16849667,26.42039833,7.838
     -80.16851833,26.42039667,7.338
     -80.16854000,26.42039667,7.038
     -80.16855833,26.42040000,7.338
     -80.16857833,26.42040333,7.838
     -80.16860167,26.42040500,8.437
     -80.16862500,26.42040667,8.637
     -80.16864500,26.42040833,8.837
     -80.16866667,26.42041000,8.637
     -80.16868667,26.42041333,8.737
     -80.16870333,26.42041667,9.237
     -80.16872333,26.42042000,9.337
     -80.16874333,26.42042833,9.537
     -80.16875667,26.42044000,9.537
     -80.16877333,26.42045167,9.237
     -80.16878833,26.42046167,9.137
     -80.16880167,26.42047667,8.637
     -80.16881500,26.42049000,8.737
     -80.16883167,26.42050333,8.637
     -80.16884667,26.42051667,8.337
     -80.16886167,26.42052833,8.036
     -80.16888000,26.42054333,8.136
     -80.16889167,26.42055833,7.736
     -80.16891000,26.42057333,7.236
     -80.16892667,26.42058833,7.036
     -80.16894000,26.42060500,6.736
     -80.16895000,26.42062333,7.236
     -80.16896333,26.42064000,8.136
     -80.16897333,26.42065667,8.336
     -80.16898333,26.42067000,8.336
     -80.16899167,26.42068333,7.936
     -80.16900167,26.42070000,7.736
     -80.16901000,26.42071500,7.936
     -80.16902000,26.42073500,8.236
     -80.16903167,26.42075167,7.836
     -80.16904333,26.42076667,8.136
     -80.16905333,26.42078333,8.436
     -80.16906500,26.42080000,8.436
     -80.16907667,26.42081833,8.736
     -80.16908500,26.42083833,8.636
     -80.16908667,26.42085833,8.736
     -80.16909000,26.42087500,8.236
     -80.16909333,26.42089333,7.836
     -80.16909333,26.42091333,8.136
     -80.16909500,26.42093000,8.236
     -80.16909667,26.42094500,8.636
     -80.16910000,26.42096000,8.936
     -80.16910667,26.42097667,9.336
     -80.16911000,26.42099000,9.636
     -80.16911833,26.42100833,9.836
     -80.16911833,26.42102667,9.836
     -80.16912000,26.42104500,10.036
     -80.16912000,26.42106167,10.336
     -80.16912000,26.42108000,10.536
     -80.16912167,26.42109667,10.536
     -80.16911833,26.42111333,10.436
     -80.16911333,26.42113167,10.436
     -80.16911000,26.42114833,10.536
     -80.16910500,26.42117000,10.436
     -80.16910000,26.42118667,10.936
     -80.16909667,26.42120167,11.736
     -80.16909167,26.42122000,11.936
     -80.16908500,26.42123833,12.036
     -80.16908667,26.42125833,12.136
     -80.16908500,26.42127333,11.936
     -80.16907667,26.42129000,11.636
     -80.16906667,26.42130833,11.836
     -80.16905500,26.42132833,12.036
     -80.16904000,26.42134667,12.536
     -80.16902500,26.42136500,13.036
     -80.16901500,26.42138500,13.336
     -80.16900000,26.42140167,13.636
     -80.16898500,26.42142000,13.536
     -80.16897000,26.42144000,13.737
     -80.16896000,26.42145667,13.637
     -80.16895167,26.42147167,13.137
     -80.16894333,26.42148500,12.037
     -80.16893667,26.42150167,11.237
     -80.16893333,26.42152167,10.837
     -80.16892833,26.42153833,10.537
     -80.16892167,26.42155333,10.237
     -80.16891833,26.42157000,9.737
     -80.16891333,26.42158500,9.637
     -80.16890333,26.42159833,9.837
     -80.16889333,26.42161000,9.637
     -80.16889000,26.42162167,9.737
     -80.16889000,26.42163167,9.637
     -80.16889000,26.42163500,10.037
     -80.16889000,26.42163500,10.137
     -80.16888833,26.42163333,10.237
     -80.16889167,26.42162667,10.437
     -80.16889000,26.42162000,10.637
     -80.16889333,26.42160667,10.637
     -80.16890167,26.42158500,10.437
     -80.16891000,26.42156500,10.437
     -80.16891667,26.42155333,10.537
     -80.16892167,26.42154667,10.737
     -80.16892833,26.42154833,10.737
     -80.16893000,26.42155000,10.637
     -80.16893000,26.42155000,10.337
     -80.16893333,26.42155000,9.737
     -80.16893833,26.42154833,9.337
     -80.16894333,26.42155000,8.837
     -80.16894667,26.42154667,8.737
     -80.16894833,26.42153833,8.637
     -80.16895000,26.42153000,8.537
     -80.16895667,26.42152500,8.837
     -80.16895833,26.42152000,8.837
     -80.16895333,26.42152000,9.037
     -80.16894333,26.42152000,9.037
     -80.16893167,26.42152500,8.837
     -80.16892000,26.42153500,8.637
     -80.16890833,26.42154500,8.337
     -80.16889667,26.42154833,8.537
     -80.16888833,26.42155167,8.937
     -80.16888333,26.42154833,9.137
     -80.16888500,26.42154500,9.437
     -80.16888000,26.42154000,9.837
     -80.16887167,26.42153333,10.037
     -80.16886500,26.42153333,10.137
     -80.16886500,26.42153167,10.337
     -80.16886500,26.42153000,10.537
     -80.16887167,26.42153167,10.437
     -80.16887333,26.42153000,10.337
     -80.16887667,26.42153167,10.237
     -80.16887667,26.42153167,10.237
     -80.16887167,26.42153833,10.437
     -80.16887333,26.42153667,10.737
     -80.16887333,26.42153667,10.837
     -80.16887333,26.42153667,10.637
     -80.16887333,26.42153667,10.637
     -80.16887333,26.42153667,10.637
     -80.16887333,26.42153667,10.637
     -80.16887333,26.42153667,10.637
     -80.16887333,26.42153667,10.637
     -80.16887333,26.42153667,10.637
     -80.16887333,26.42153667,10.637
     -80.16887333,26.42153667,10.637
     -80.16887333,26.42153667,10.637
     -80.16887333,26.42153667,10.637
     -80.16887333,26.42153667,10.637
     -80.16887333,26.42153667,10.637
     -80.16887333,26.42153667,10.637
     -80.16887333,26.42153667,10.637
     -80.16887333,26.42153667,10.637
     -80.16887333,26.42153667,10.637
     -80.16887333,26.42153667,10.637
     -80.16887333,26.42153667,10.637
     -80.16887333,26.42153667,10.637
     -80.16887333,26.42153667,10.637
     -80.16887333,26.42153667,10.637
     -80.16887333,26.42153667,10.637
     -80.16887333,26.42153667,10.637
     -80.16887333,26.42153667,10.637
     -80.16887333,26.42153667,10.637
     -80.16887333,26.42153667,10.637
     -80.16887333,26.42153667,10.637
     -80.16887333,26.42153667,10.637
     -80.16887333,26.42153667,10.637
     -80.16887333,26.42153667,10.637
     -80.16887333,26.42153667,10.637
     -80.16887333,26.42153667,10.637
     -80.16887333,26.42153667,10.637
     -80.16887333,26.42153667,10.637
     -80.16887333,26.42153667,10.637
     -80.16887333,26.42153667,10.637
     -80.16887333,26.42153667,10.637
     -80.16887333,26.42153667,10.637
     -80.16887333,26.42153667,10.637
     -80.16887333,26.42153667,10.637
     -80.16887333,26.42153667,10.637
     -80.16887333,26.42153667,10.637
     -80.16887333,26.42153667,10.637
     -80.16887333,26.42153667,10.637
     -80.16887333,26.42153667,10.637
     -80.16887333,26.42153667,10.637
     -80.16887333,26.42153667,10.637
     -80.16887333,26.42153667,10.637
     -80.16887333,26.42153667,10.637
     -80.16887333,26.42153667,10.637
     -80.16887333,26.42153667,10.637
     -80.16887333,26.42153667,10.637
     -80.16887333,26.42153667,10.637
     -80.16887333,26.42153667,10.637
     -80.16887333,26.42153667,10.637
     -80.16887333,26.42153667,10.637
     -80.16887333,26.42153667,10.637
     -80.16887333,26.42153667,10.637
     -80.16887333,26.42153667,10.637
     -80.16887333,26.42153667,10.637
     -80.16887333,26.42153667,10.637
     -80.16887333,26.42153667,10.637
     -80.16887333,26.42153667,10.637
     -80.16887333,26.42153667,10.637
     -80.16887333,26.42153667,10.637
     -80.16887333,26.42153667,10.637
     -80.16887333,26.42153667,10.637
     -80.16887333,26.42153667,10.637
     -80.16887333,26.42153667,10.637
     -80.16887333,26.42153667,10.637
     -80.16887333,26.42153667,10.637
     -80.16887333,26.42153667,10.637
     -80.16887333,26.42153667,10.637
     -80.16887333,26.42153667,10.637
     -80.16887333,26.42153667,10.637
     -80.16887333,26.42153667,10.637
     -80.16887333,26.42153667,10.637
     -80.16887333,26.42153667,10.637
     -80.16887333,26.42153667,10.637
     -80.16887333,26.42153667,10.637
     -80.16887333,26.42153667,10.637
     -80.16887333,26.42153667,10.637
     -80.16887333,26.42153667,10.637
     -80.16887333,26.42153667,10.637
     -80.16887333,26.42153667,10.637
     -80.16887333,26.42153667,10.637
     -80.16887333,26.42153667,10.637
     -80.16887333,26.42153667,10.637
     -80.16887333,26.42153667,10.637
     -80.16887333,26.42153667,10.637
     -80.16887333,26.42153667,10.637
     -80.16887333,26.42153667,10.637
     -80.16887333,26.42153667,10.637
     -80.16887333,26.42153667,10.637
     -80.16887333,26.42153667,10.637
     -80.16887333,26.42153667,10.637
     -80.16887333,26.42153667,10.637
     -80.16887333,26.42153667,10.637
     -80.16887333,26.42153667,10.637
     -80.16887333,26.42153667,10.637
     -80.16887333,26.42153667,10.637
     -80.16887333,26.42153667,10.637
     -80.16887333,26.42153667,10.637
     -80.16887333,26.42153667,10.637
     -80.16887333,26.42153667,10.637
     -80.16887333,26.42153667,10.637
     -80.16887333,26.42153667,10.637
     -80.16887333,26.42153667,10.637
     -80.16887333,26.42153667,10.637
     -80.16887333,26.42153667,10.637
     -80.16887333,26.42153667,10.637
     -80.16887333,26.42153667,10.637
     -80.16887333,26.42153667,10.637
     -80.16887333,26.42153667,10.637
     -80.16887333,26.42153667,10.637
     -80.16887333,26.42153667,10.637
     -80.16887333,26.42153667,10.637
     -80.16887333,26.42153667,10.637
     -80.16887333,26.42153667,10.637
     -80.16887333,26.42153667,10.637
     -80.16887333,26.42153667,10.637
     -80.16887333,26.42153667,10.637
     -80.16887333,26.42153667,10.637
     -80.16887333,26.42153667,10.637
     -80.16887333,26.42153667,10.637
     -80.16887333,26.42153667,10.637
     -80.16887333,26.42153667,10.637
     -80.16887333,26.42153667,10.637
     -80.16887333,26.42153667,10.637
     -80.16887333,26.42153667,10.637
     -80.16887333,26.42153667,10.637
     -80.16887333,26.42153667,10.637
     -80.16887333,26.42153667,10.637
     -80.16887333,26.42153667,10.637
     -80.16887333,26.42153667,10.637
     -80.16887333,26.42153667,10.637
     -80.16887333,26.42153667,10.637
     -80.16887333,26.42153667,10.637
     -80.16887333,26.42153667,10.637
     -80.16887333,26.42153667,10.637
     -80.16887333,26.42153667,10.637
     -80.16887333,26.42153667,10.637
     -80.16887333,26.42153667,10.637
     -80.16887333,26.42153667,10.637
     -80.16887333,26.42153667,10.637
     -80.16887333,26.42153667,10.637
     -80.16887333,26.42153667,10.637
     -80.16887333,26.42153667,10.637
     -80.16887333,26.42153667,10.637
     -80.16887333,26.42153667,10.637
     -80.16887333,26.42153667,10.637
     -80.16887333,26.42153667,10.637
     -80.16887333,26.42153667,10.637
     -80.16887333,26.42153667,10.637
     -80.16887333,26.42153667,10.637
     -80.16887333,26.42153667,10.637
     -80.16887333,26.42153667,10.637
     -80.16887333,26.42153667,10.637
     -80.16887333,26.42153667,10.637
     -80.16887333,26.42153667,10.637
     -80.16887333,26.42153667,10.637
     -80.16887333,26.42153667,10.637
     -80.16887333,26.42153667,10.637
     -80.16887333,26.42153667,10.637
     -80.16887333,26.42153667,10.637
     -80.16887333,26.42153667,10.637
     -80.16887333,26.42153667,10.637
     -80.16887333,26.42153667,10.637
     -80.16887333,26.42153667,10.637
     -80.16887333,26.42153667,10.637
     -80.16887333,26.42153667,10.637
     -80.16887333,26.42153667,10.637
     -80.16887333,26.42153667,10.637
     -80.16887333,26.42153667,10.637
     -80.16887333,26.42153667,10.637
     -80.16887333,26.42153667,10.637
     -80.16887333,26.42153667,10.637
     -80.16887333,26.42153667,10.637
     -80.16887333,26.42153667,10.637
     -80.16887333,26.42153667,10.637
     -80.16887333,26.42153667,10.637
     -80.16887333,26.42153667,10.637
     -80.16887333,26.42153667,10.637
     -80.16887333,26.42153667,10.637
     -80.16887333,26.42153667,10.637
     -80.16887333,26.42153667,10.637
     -80.16887333,26.42153667,10.637
     -80.16887333,26.42153667,10.637
     -80.16887333,26.42153667,10.637
     -80.16887333,26.42153667,10.637
     -80.16887333,26.42153667,10.637
     -80.16887333,26.42153667,10.637
     -80.16887333,26.42153667,10.637
     -80.16887333,26.42153667,10.637
     -80.16887333,26.42153667,10.637
     -80.16887333,26.42153667,10.637
     -80.16887333,26.42153667,10.637
     -80.16887333,26.42153667,10.637
     -80.16887333,26.42153667,10.637
     -80.16891167,26.42157833,12.337
     -80.16891167,26.42157833,12.137
     -80.16891167,26.42158000,11.937
     -80.16891333,26.42157833,11.637
     -80.16891333,26.42157833,11.637
     -80.16891333,26.42157833,11.637
     -80.16891333,26.42157833,11.637
     -80.16891333,26.42157833,11.637
     -80.16891333,26.42157833,11.637
     -80.16891333,26.42157833,11.637
     -80.16891333,26.42157833,11.637
     -80.16891333,26.42157833,11.637
     -80.16891333,26.42157833,11.637
     -80.16891333,26.42157833,11.637
     -80.16891333,26.42157833,11.637
     -80.16891333,26.42157833,11.637
     -80.16891333,26.42157833,11.637
     -80.16891333,26.42157833,11.637
     -80.16891333,26.42157833,11.637
     -80.16891333,26.42157833,11.637
     -80.16891333,26.42157833,11.637
     -80.16891333,26.42157833,11.637
     -80.16891333,26.42157833,11.637
     -80.16891333,26.42157833,11.637
     -80.16891333,26.42157833,11.637
     -80.16891333,26.42157833,11.637
     -80.16891333,26.42157833,11.637
     -80.16891333,26.42157833,11.637
     -80.16891333,26.42157833,11.637
     -80.16891333,26.42157833,11.637
     -80.16891333,26.42157833,11.637
     -80.16891333,26.42157833,11.637
     -80.16891333,26.42157833,11.637
     -80.16891333,26.42157833,11.637
     -80.16891333,26.42157833,11.637
     -80.16891333,26.42157833,11.637
     -80.16891333,26.42157833,11.637
     -80.16891333,26.42157833,11.637
     -80.16891333,26.42157833,11.637
     -80.16891333,26.42157833,11.637
     -80.16891333,26.42157833,11.637
     -80.16891333,26.42157833,11.637
     -80.16891333,26.42157833,11.637
     -80.16891333,26.42157833,11.637
     -80.16891333,26.42157833,11.637
     -80.16891333,26.42157833,11.637
     -80.16891333,26.42157833,11.637
     -80.16891333,26.42157833,11.637
     -80.16891333,26.42157833,11.637
     -80.16889833,26.42157333,6.737
     -80.16890333,26.42157333,6.437
     -80.16890667,26.42157500,6.137
     -80.16891167,26.42157833,5.737
     -80.16891667,26.42158167,5.637
     -80.16891333,26.42158500,5.437
     -80.16890833,26.42158500,5.437
     -80.16890167,26.42158333,5.537
     -80.16890167,26.42158333,5.737
     -80.16890167,26.42158000,5.937
     -80.16890333,26.42157667,6.337
     -80.16890333,26.42157667,6.337
     -80.16890333,26.42157667,6.337
     -80.16890333,26.42157667,6.337
     -80.16890333,26.42157667,6.337
     -80.16890333,26.42157667,6.337
     -80.16890333,26.42157667,6.337
     -80.16890333,26.42157667,6.337
     -80.16890333,26.42157667,6.337
     -80.16890333,26.42157667,6.337
     -80.16890333,26.42157667,6.337
     -80.16890333,26.42157667,6.337
     -80.16890333,26.42157667,6.337
     -80.16890333,26.42157667,6.337
     -80.16890333,26.42157667,6.337
     -80.16890333,26.42157667,6.337
     -80.16890333,26.42157667,6.337
     -80.16890333,26.42157667,6.337
     -80.16890333,26.42157667,6.337
     -80.16890333,26.42157667,6.337
     -80.16890333,26.42157667,6.337
     -80.16890333,26.42157667,6.337
     -80.16890333,26.42157667,6.337
     -80.16890333,26.42157667,6.337
     -80.16890333,26.42157667,6.337
     -80.16890333,26.42157667,6.337
     -80.16890333,26.42157667,6.337
     -80.16890333,26.42157667,6.337
     -80.16890333,26.42157667,6.337
     -80.16890333,26.42157667,6.337
     -80.16890333,26.42157667,6.337
     -80.16890333,26.42157667,6.337
     -80.16890333,26.42157667,6.337
     -80.16890333,26.42157667,6.337
     -80.16890333,26.42157667,6.337
     -80.16890333,26.42157667,6.337
     -80.16890333,26.42157667,6.337
     -80.16890333,26.42157667,6.337
     -80.16890333,26.42157667,6.337
     -80.16890333,26.42157667,6.337
     -80.16890333,26.42157667,6.337
     -80.16890333,26.42157667,6.337
     -80.16890333,26.42157667,6.337
     -80.16890333,26.42157667,6.337
     -80.16890333,26.42157667,6.337
     -80.16890333,26.42157667,6.337
     -80.16890333,26.42157667,6.337
     -80.16890333,26.42157667,6.337
     -80.16890333,26.42157667,6.337
     -80.16890333,26.42157667,6.337
     -80.16890333,26.42157667,6.337
     -80.16890333,26.42157667,6.337
     -80.16890333,26.42157667,6.337
     -80.16890333,26.42157667,6.337
     -80.16890333,26.42157667,6.337
     -80.16890333,26.42157667,6.337
     -80.16890333,26.42157667,6.337
     -80.16890333,26.42157667,6.337
     -80.16890333,26.42157667,6.337
     -80.16890333,26.42157667,6.337
     -80.16890333,26.42157667,6.337
     -80.16890333,26.42157667,6.337
     -80.16890333,26.42157667,6.337
     -80.16890333,26.42157667,6.337
     -80.16890333,26.42157667,6.337
     -80.16890333,26.42157667,6.337
     -80.16890333,26.42157667,6.337
     -80.16890333,26.42157667,6.337
     -80.16890333,26.42157667,6.337
     -80.16890333,26.42157667,6.337
     -80.16890333,26.42157667,6.337
     -80.16890333,26.42157667,6.337
     -80.16890333,26.42157667,6.337
     -80.16890333,26.42157667,6.337
     -80.16890333,26.42157667,6.337
     -80.16890333,26.42157667,6.337
     -80.16890333,26.42157667,6.337
     -80.16890333,26.42157667,6.337
     -80.16890333,26.42157667,6.337
     -80.16890333,26.42157667,6.337
     -80.16890333,26.42157667,6.337
     -80.16890333,26.42157667,6.337
     -80.16890333,26.42157667,6.337
     -80.16890333,26.42157667,6.337
     -80.16890333,26.42157667,6.337
     -80.16890333,26.42157667,6.337
     -80.16890333,26.42157667,6.337
     -80.16890333,26.42157667,6.337
     -80.16890333,26.42157667,6.337
     -80.16890333,26.42157667,6.337
     -80.16890333,26.42157667,6.337
     -80.16890333,26.42157667,6.337
     -80.16890333,26.42157667,6.337
     -80.16890333,26.42157667,6.337
     -80.16890333,26.42157667,6.337
     -80.16890333,26.42157667,6.337
     -80.16890333,26.42157667,6.337
     -80.16890333,26.42157667,6.337
     -80.16890333,26.42157667,6.337
     -80.16890333,26.42157667,6.337
     -80.16890333,26.42157667,6.337
     -80.16890333,26.42157667,6.337
     -80.16890333,26.42157667,6.337
     -80.16890333,26.42157667,6.337
     -80.16890333,26.42157667,6.337
     -80.16890333,26.42157667,6.337
     -80.16890333,26.42157667,6.337
     -80.16890333,26.42157667,6.337
     -80.16890333,26.42157667,6.337
     -80.16890333,26.42157667,6.337
     -80.16890333,26.42157667,6.337
     -80.16890333,26.42157667,6.337
     -80.16890333,26.42157667,6.337
     -80.16890333,26.42157667,6.337
     -80.16890333,26.42157667,6.337
     -80.16890333,26.42157667,6.337
     -80.16890333,26.42157667,6.337
     -80.16890333,26.42157667,6.337
     -80.16890333,26.42157667,6.337
     -80.16890333,26.42157667,6.337
     -80.16890333,26.42157667,6.337
     -80.16890333,26.42157667,6.337
     -80.16890333,26.42157667,6.337
     -80.16890333,26.42157667,6.337
     -80.16890333,26.42157667,6.337
     -80.16890333,26.42157667,6.337
     -80.16890333,26.42157667,6.337
     -80.16890333,26.42157667,6.337
     -80.16890333,26.42157667,6.337
     -80.16890333,26.42157667,6.337
     -80.16890333,26.42157667,6.337
     -80.16890333,26.42157667,6.337
     -80.16890333,26.42157667,6.337
     -80.16890333,26.42157667,6.337
     -80.16890333,26.42157667,6.337
     -80.16890333,26.42157667,6.337
     -80.16890333,26.42157667,6.337
     -80.16890333,26.42157667,6.337
     -80.16890333,26.42157667,6.337
     -80.16890333,26.42157667,6.337
     -80.16890333,26.42157667,6.337
     -80.16890333,26.42157667,6.337
     -80.16890333,26.42157667,6.337
     -80.16890333,26.42157667,6.337
     -80.16890333,26.42157667,6.337
     -80.16890333,26.42157667,6.337
     -80.16890333,26.42157667,6.337
     -80.16890333,26.42157667,6.337
     -80.16890333,26.42157667,6.337
     -80.16890333,26.42157667,6.337
     -80.16890333,26.42157667,6.337
     -80.16890333,26.42157667,6.337
     -80.16890333,26.42157667,6.337
     -80.16890333,26.42157667,6.337
     -80.16890333,26.42157667,6.337
     -80.16890333,26.42157667,6.337
     -80.16890333,26.42157667,6.337
     -80.16890333,26.42157667,6.337
     -80.16890333,26.42157667,6.337
     -80.16890333,26.42157667,6.337
     -80.16890333,26.42157667,6.337
     -80.16890333,26.42157667,6.337
     -80.16890333,26.42157667,6.337
     -80.16890333,26.42157667,6.337
     -80.16890333,26.42157667,6.337
     -80.16890333,26.42157667,6.337
     -80.16890333,26.42157667,6.337
     -80.16890333,26.42157667,6.337
     -80.16890333,26.42157667,6.337
     -80.16890333,26.42157667,6.337
     -80.16890333,26.42157667,6.337
     -80.16890333,26.42157667,6.337
     -80.16890333,26.42157667,6.337
     -80.16890333,26.42157667,6.337
     -80.16890333,26.42157667,6.337
     -80.16890333,26.42157667,6.337
     -80.16890333,26.42157667,6.337
     -80.16890333,26.42157667,6.337
     -80.16890333,26.42157667,6.337
     -80.16890333,26.42157667,6.337
     -80.16888833,26.42153500,17.537
     -80.16889167,26.42152333,18.837
     -80.16890167,26.42152500,19.037
     -80.16889667,26.42151833,19.137
     -80.16889833,26.42151833,19.037
     -80.16890000,26.42152000,19.337
     -80.16890000,26.42152000,19.337
     -80.16890000,26.42152000,19.337
     -80.16890000,26.42152000,19.337
     -80.16890000,26.42152000,19.337
     -80.16890000,26.42152000,19.337
     -80.16890000,26.42152000,19.337
     -80.16890000,26.42152000,19.337
     -80.16890000,26.42152000,19.337
     -80.16890000,26.42152000,19.337
     -80.16890000,26.42152000,19.337
     -80.16890000,26.42152000,19.337
     -80.16890000,26.42152000,19.337
     -80.16890000,26.42152000,19.337
     -80.16890000,26.42152000,19.337
     -80.16890000,26.42152000,19.337
     -80.16890000,26.42152000,19.337
     -80.16890000,26.42152000,19.337
     -80.16890000,26.42152000,19.337
     -80.16890000,26.42152000,19.337
     -80.16890000,26.42152000,19.337
     -80.16890000,26.42152000,19.337
     -80.16890000,26.42152000,19.337
     -80.16890000,26.42152000,19.337
     -80.16890000,26.42152000,19.337
     -80.16890000,26.42152000,19.337
     -80.16890000,26.42152000,19.337
     -80.16890000,26.42152000,19.337
     -80.16890000,26.42152000,19.337
     -80.16890000,26.42152000,19.337
     -80.16890000,26.42152000,19.337
     -80.16890000,26.42152000,19.337
     -80.16890000,26.42152000,19.337
     -80.16890000,26.42152000,19.337
     -80.16890000,26.42152000,19.337
     -80.16890000,26.42152000,19.337
     -80.16890000,26.42152000,19.337
     -80.16890000,26.42152000,19.337
     -80.16890000,26.42152000,19.337
     -80.16890000,26.42152000,19.337
     -80.16890000,26.42152000,19.337
     -80.16890000,26.42152000,19.337
     -80.16890000,26.42152000,19.337
     -80.16890000,26.42152000,19.337
     -80.16890000,26.42152000,19.337
     -80.16890000,26.42152000,19.337
     -80.16890000,26.42152000,19.337
     -80.16890000,26.42152000,19.337
     -80.16890000,26.42152000,19.337
     -80.16890000,26.42152000,19.337
     -80.16890000,26.42152000,19.337
     -80.16890000,26.42152000,19.337
     -80.16890000,26.42152000,19.337
     -80.16890000,26.42152000,19.337
     -80.16890000,26.42152000,19.337
     -80.16890000,26.42152000,19.337
     -80.16890000,26.42152000,19.337
     -80.16890000,26.42152000,19.337
     -80.16890000,26.42152000,19.337
     -80.16890000,26.42152000,19.337
     -80.16890000,26.42152000,19.337
     -80.16890000,26.42152000,19.337
     -80.16890000,26.42152000,19.337
     -80.16890000,26.42152000,19.337
     -80.16890000,26.42152000,19.337
     -80.16890000,26.42152000,19.337
     -80.16890000,26.42152000,19.337
     -80.16890000,26.42152000,19.337
     -80.16890000,26.42152000,19.337
     -80.16890000,26.42152000,19.337
     -80.16890000,26.42152000,19.337
     -80.16890000,26.42152000,19.337
     -80.16890000,26.42152000,19.337
     -80.16890000,26.42152000,19.337
     -80.16890000,26.42152000,19.337
     -80.16890000,26.42152000,19.337
     -80.16890000,26.42152000,19.337
     -80.16890000,26.42152000,19.337
     -80.16890000,26.42152000,19.337
     -80.16890000,26.42152000,19.337
     -80.16890000,26.42152000,19.337
     -80.16890000,26.42152000,19.337
     -80.16890000,26.42152000,19.337
     -80.16890000,26.42152000,19.337
     -80.16890000,26.42152000,19.337
     -80.16890000,26.42152000,19.337
     -80.16890000,26.42152000,19.337
     -80.16890000,26.42152000,19.337
     -80.16890000,26.42152000,19.337
     -80.16890000,26.42152000,19.337
     -80.16890000,26.42152000,19.337
     -80.16890000,26.42152000,19.337
     -80.16890000,26.42152000,19.337
     -80.16890000,26.42152000,19.337
     -80.16890000,26.42152000,19.337
     -80.16890000,26.42152000,19.337
     -80.16890000,26.42152000,19.337
     -80.16890000,26.42152000,19.337
     -80.16890000,26.42152000,19.337
     -80.16890000,26.42152000,19.337
     -80.16890000,26.42152000,19.337
     -80.16890000,26.42152000,19.337
     -80.16890000,26.42152000,19.337
     -80.16890000,26.42152000,19.337
     -80.16890000,26.42152000,19.337
     -80.16890000,26.42152000,19.337
     -80.16890000,26.42152000,19.337
     -80.16890000,26.42152000,19.337
     -80.16890000,26.42152000,19.337
     -80.16890000,26.42152000,19.337
     -80.16890000,26.42152000,19.337
     -80.16890000,26.42152000,19.337
     -80.16890000,26.42152000,19.337
     -80.16890000,26.42152000,19.337
     -80.16890000,26.42152000,19.337
     -80.16890000,26.42152000,19.337
     -80.16890000,26.42152000,19.337
     -80.16890000,26.42152000,19.337
     -80.16890000,26.42152000,19.337
     -80.16890000,26.42152000,19.337
     -80.16890000,26.42152000,19.337
     -80.16890000,26.42152000,19.337
     -80.16890000,26.42152000,19.337
     -80.16890000,26.42152000,19.337
     -80.16890000,26.42152000,19.337
     -80.16890000,26.42152000,19.337
     -80.16890000,26.42152000,19.337
     -80.16890000,26.42152000,19.337
     -80.16890000,26.42152000,19.337
     -80.16890000,26.42152000,19.337
     -80.16890000,26.42152000,19.337
     -80.16890000,26.42152000,19.337
     -80.16890000,26.42152000,19.337
     -80.16890000,26.42152000,19.337
     -80.16890000,26.42152000,19.337
     -80.16890000,26.42152000,19.337
     -80.16890000,26.42152000,19.337
     -80.16890000,26.42152000,19.337
     -80.16890000,26.42152000,19.337
     -80.16890000,26.42152000,19.337
     -80.16890000,26.42152000,19.337
     -80.16890000,26.42152000,19.337
     -80.16890000,26.42152000,19.337
     -80.16890000,26.42152000,19.337
     -80.16890000,26.42152000,19.337
     -80.16890000,26.42152000,19.337
     -80.16890000,26.42152000,19.337
     -80.16890000,26.42152000,19.337
     -80.16890000,26.42152000,19.337
     -80.16890000,26.42152000,19.337
     -80.16890000,26.42152000,19.337
     -80.16890000,26.42152000,19.337
     -80.16890000,26.42152000,19.337
     -80.16890000,26.42152000,19.337
     -80.16890000,26.42152000,19.337
     -80.16890000,26.42152000,19.337
     -80.16890000,26.42152000,19.337
     -80.16890000,26.42152000,19.337
     -80.16890000,26.42152000,19.337
     -80.16890000,26.42152000,19.337
     -80.16890000,26.42152000,19.337
     -80.16890000,26.42152000,19.337
     -80.16890000,26.42152000,19.337
     -80.16890000,26.42152000,19.337
     -80.16890000,26.42152000,19.337
     -80.16890000,26.42152000,19.337
     -80.16890000,26.42152000,19.337
     -80.16890000,26.42152000,19.337
     -80.16890000,26.42152000,19.337
     -80.16890000,26.42152000,19.337
     -80.16890000,26.42152000,19.337
     -80.16890000,26.42152000,19.337
     -80.16890000,26.42152000,19.337
     -80.16890000,26.42152000,19.337
     -80.16890000,26.42152000,19.337
     -80.16890000,26.42152000,19.337
     -80.16890000,26.42152000,19.337
     -80.16890000,26.42152000,19.337
     -80.16890000,26.42152000,19.337
     -80.16890000,26.42152000,19.337
     -80.16890000,26.42152000,19.337
     -80.16890000,26.42152000,19.337
     -80.16890000,26.42152000,19.337
     -80.16890000,26.42152000,19.337
     -80.16890000,26.42152000,19.337
     -80.16890000,26.42152000,19.337
     -80.16890000,26.42152000,19.337
     -80.16890000,26.42152000,19.337
     -80.16890000,26.42152000,19.337
     -80.16890000,26.42152000,19.337
     -80.16890000,26.42152000,19.337
     -80.16890000,26.42152000,19.337
     -80.16890000,26.42152000,19.337
     -80.16890000,26.42152000,19.337
     -80.16890000,26.42152000,19.337
     -80.16890000,26.42152000,19.337
     -80.16890000,26.42152000,19.337
     -80.16890000,26.42152000,19.337
     -80.16890000,26.42152000,19.337
     -80.16890000,26.42152000,19.337
     -80.16890000,26.42152000,19.337
     -80.16890000,26.42152000,19.337
     -80.16890000,26.42152000,19.337
     -80.16890000,26.42152000,19.337
     -80.16890000,26.42152000,19.337
     -80.16890000,26.42152000,19.337
     -80.16890000,26.42152000,19.337
     -80.16890000,26.42152000,19.337
     -80.16890000,26.42152000,19.337
     -80.16890000,26.42152000,19.337
     -80.16890000,26.42152000,19.337
     -80.16890000,26.42152000,19.337
     -80.16890000,26.42152000,19.337
     -80.16890000,26.42152000,19.337
     -80.16890000,26.42152000,19.337
     -80.16890000,26.42152000,19.337
     -80.16890000,26.42152000,19.337
     -80.16890000,26.42152000,19.337
     -80.16890000,26.42152000,19.337
     -80.16890000,26.42154667,10.637
     -80.16890000,26.42154667,10.637
     -80.16890000,26.42154667,10.637
     -80.16890000,26.42154667,10.637
     -80.16890000,26.42154667,10.637
     -80.16890000,26.42154667,10.637
     -80.16890000,26.42154667,10.637
     -80.16890000,26.42154667,10.637
     -80.16890000,26.42154667,10.637
     -80.16890000,26.42154667,10.637
     -80.16890000,26.42154667,10.637
     -80.16890000,26.42154667,10.637
     -80.16890000,26.42154667,10.637
     -80.16890000,26.42154667,10.637
     -80.16890000,26.42154667,10.637
     -80.16890000,26.42154667,10.637
     -80.16890000,26.42154667,10.637
     -80.16890000,26.42154667,10.637
     -80.16890000,26.42154667,10.637
     -80.16890000,26.42154667,10.637
     -80.16890000,26.42154667,10.637
     -80.16890000,26.42154667,10.637
     -80.16890000,26.42154667,10.637
     -80.16890000,26.42154667,10.637
     -80.16890000,26.42154667,10.637
     -80.16890000,26.42154667,10.637
     -80.16890000,26.42154667,10.637
     -80.16890000,26.42154667,10.637
     -80.16890000,26.42154667,10.637
     -80.16890000,26.42154667,10.637
     -80.16890000,26.42154667,10.637
     -80.16890000,26.42154667,10.637
     -80.16890000,26.42154667,10.637
     -80.16890000,26.42154667,10.637
     -80.16890000,26.42154667,10.637
     -80.16890000,26.42154667,10.637
     -80.16890000,26.42154667,10.637
     -80.16890000,26.42154667,10.637
     -80.16890000,26.42154667,10.637
     -80.16890000,26.42154667,10.637
     -80.16890000,26.42154667,10.637
     -80.16890000,26.42154667,10.637
     -80.16890000,26.42154667,10.637
     -80.16889500,26.42156333,13.737
     -80.16889000,26.42157333,13.337
     -80.16888833,26.42158500,12.837
     -80.16889167,26.42160000,12.637
     -80.16889167,26.42161167,12.637
     -80.16889500,26.42162167,12.937
     -80.16889000,26.42162833,12.937
     -80.16888667,26.42163833,13.237
     -80.16887833,26.42164500,13.137
     -80.16887167,26.42165500,12.737
     -80.16886167,26.42166333,12.437
     -80.16884667,26.42167500,12.237
     -80.16884000,26.42168500,12.237
     -80.16882833,26.42169167,11.837
     -80.16881833,26.42170333,11.637
     -80.16881333,26.42172000,11.537
     -80.16881000,26.42173500,11.537
     -80.16880667,26.42174833,10.837
     -80.16880000,26.42176500,10.537
     -80.16878833,26.42177667,10.337
     -80.16878000,26.42178833,10.337
     -80.16877167,26.42180167,10.438
     -80.16875833,26.42181333,10.638
     -80.16874833,26.42182500,10.938
     -80.16873833,26.42183833,10.938
     -80.16872833,26.42185333,11.238
     -80.16871500,26.42186500,11.238
     -80.16870500,26.42187667,11.538
     -80.16869333,26.42189167,11.838
     -80.16868167,26.42190333,12.138
     -80.16866000,26.42191833,12.338
     -80.16864167,26.42193500,12.838
     -80.16862833,26.42195167,12.838
     -80.16861333,26.42197167,12.438
     -80.16859333,26.42199333,11.838
     -80.16857333,26.42201000,11.238
     -80.16855000,26.42203167,10.739
     -80.16852667,26.42204500,10.439
     -80.16850500,26.42205667,10.239
     -80.16849000,26.42206833,10.539
     -80.16847000,26.42207833,10.539
     -80.16845333,26.42208000,10.839
     -80.16843500,26.42208333,11.139
     -80.16841500,26.42208667,11.739
     -80.16839500,26.42208833,12.039
     -80.16837500,26.42209167,12.439
     -80.16835333,26.42210000,12.739
     -80.16833500,26.42210500,12.840
     -80.16831667,26.42210833,12.640
     -80.16829500,26.42210667,12.640
     -80.16827167,26.42210500,12.440
     -80.16825000,26.42210000,12.340
     -80.16823333,26.42209500,12.140
     -80.16821333,26.42209167,11.740
     -80.16819500,26.42208667,11.940
     -80.16817167,26.42208667,12.040
     -80.16815000,26.42208333,12.240
     -80.16812833,26.42207833,12.440
     -80.16810333,26.42207667,12.340
     -80.16808000,26.42207667,12.341
     -80.16805500,26.42207167,12.641
     -80.16803333,26.42207000,12.741
     -80.16801333,26.42206833,12.841
     -80.16799167,26.42206667,13.141
     -80.16797000,26.42206000,13.441
     -80.16795167,26.42205833,14.041
     -80.16793333,26.42206000,14.241
     -80.16791500,26.42206167,13.741
     -80.16789333,26.42206167,13.341
     -80.16787000,26.42206333,13.041
     -80.16784667,26.42206333,13.041
     -80.16782333,26.42206167,13.042
     -80.16779667,26.42206000,13.042
     -80.16776833,26.42206000,13.142
     -80.16773500,26.42205833,13.442
     -80.16770167,26.42205833,13.342
     -80.16766667,26.42205667,13.042
     -80.16763167,26.42204667,12.842
     -80.16759833,26.42203500,12.843
     -80.16756833,26.42203167,12.743
     -80.16753833,26.42202667,13.143
     -80.16750667,26.42202500,13.443
     -80.16747500,26.42202333,14.043
     -80.16744167,26.42202667,14.043
     -80.16741000,26.42203167,14.043
     -80.16737500,26.42203500,14.043
     -80.16734000,26.42204000,13.644
     -80.16730500,26.42204333,13.644
     -80.16727000,26.42204667,13.444
     -80.16723833,26.42204833,13.344
     -80.16720833,26.42204833,13.144
     -80.16717667,26.42204833,13.244
     -80.16714500,26.42204667,13.444
     -80.16711333,26.42204333,13.645
     -80.16708167,26.42203833,14.045
     -80.16705000,26.42203500,14.345
     -80.16701333,26.42202333,14.945
     -80.16698167,26.42202333,15.145
     -80.16695167,26.42202667,14.745
     -80.16692500,26.42203333,14.445
     -80.16689000,26.42203667,14.745
     -80.16686000,26.42204333,14.746
     -80.16683500,26.42204667,14.446
     -80.16681333,26.42204833,13.546
     -80.16678167,26.42204500,13.546
     -80.16675000,26.42203833,13.446
     -80.16672667,26.42203000,13.346
     -80.16670333,26.42201333,13.546
     -80.16668333,26.42200167,14.046
     -80.16666000,26.42199333,14.346
     -80.16663833,26.42198500,14.546
     -80.16661667,26.42197667,14.447
     -80.16659667,26.42196333,14.447
     -80.16657833,26.42194833,14.547
     -80.16655833,26.42193500,14.547
     -80.16654000,26.42191833,14.647
     -80.16651833,26.42189833,14.747
     -80.16649833,26.42187833,14.647
     -80.16647500,26.42185667,14.447
     -80.16645500,26.42183167,14.247
     -80.16643667,26.42181333,14.047
     -80.16642000,26.42179500,13.847
     -80.16640500,26.42178000,14.047
     -80.16638667,26.42176333,14.147
     -80.16636500,26.42174833,14.247
     -80.16634333,26.42173167,14.248
     -80.16632000,26.42171500,13.748
     -80.16629667,26.42169667,13.848
     -80.16627333,26.42167833,13.748
     -80.16625000,26.42165667,13.548
     -80.16622833,26.42163500,13.648
     -80.16621167,26.42161000,14.148
     -80.16619167,26.42158833,14.248
     -80.16617500,26.42156667,14.448
     -80.16616333,26.42155000,14.848
     -80.16614833,26.42152833,15.148
     -80.16613667,26.42150833,14.948
     -80.16612333,26.42148833,15.248
     -80.16611167,26.42146833,15.348
     -80.16610333,26.42144667,15.548
     -80.16609333,26.42143167,15.748
     -80.16608167,26.42141000,15.748
     -80.16607000,26.42139000,15.548
     -80.16606000,26.42136833,14.548
     -80.16604167,26.42135000,14.449
     -80.16602500,26.42133000,14.449
     -80.16600667,26.42130333,14.749
     -80.16599000,26.42127667,14.549
     -80.16597833,26.42125333,14.249
     -80.16596667,26.42123167,14.149
     -80.16595333,26.42121000,14.149
     -80.16594333,26.42118667,13.949
     -80.16593167,26.42117167,13.949
     -80.16592167,26.42115167,13.849
     -80.16590833,26.42113333,13.849
     -80.16589667,26.42111833,13.749
     -80.16588833,26.42110500,14.049
     -80.16588333,26.42108500,14.549
     -80.16587833,26.42106500,14.349
     -80.16587500,26.42104667,14.049
     -80.16586667,26.42102500,13.849
     -80.16586333,26.42100500,13.249
     -80.16585833,26.42098333,13.049
     -80.16585000,26.42096000,13.049
     -80.16584500,26.42093500,13.349
     -80.16583667,26.42091000,13.149
     -80.16582500,26.42088500,12.749
     -80.16581500,26.42086167,12.449
     -80.16580167,26.42083833,12.349
     -80.16578500,26.42081333,12.549
     -80.16577167,26.42079500,13.349
     -80.16576000,26.42077667,13.649
     -80.16575167,26.42075500,13.149
     -80.16574000,26.42073167,13.049
     -80.16572833,26.42071167,13.049
     -80.16571500,26.42068833,12.850
     -80.16570333,26.42066333,12.550
     -80.16569000,26.42063667,12.250
     -80.16567833,26.42061167,11.750
     -80.16566833,26.42059167,11.850
     -80.16566000,26.42057833,11.950
     -80.16565167,26.42056167,12.250
     -80.16564667,26.42054667,12.850
     -80.16563667,26.42053000,13.150
     -80.16562500,26.42051167,13.250
     -80.16561333,26.42049167,12.750
     -80.16560167,26.42047167,12.350
     -80.16559667,26.42044833,12.550
     -80.16559333,26.42042333,12.750
     -80.16559000,26.42040500,12.650
     -80.16558500,26.42039000,12.550
     -80.16558000,26.42037167,11.950
     -80.16558333,26.42035000,12.050
     -80.16558333,26.42032833,12.250
     -80.16559000,26.42030667,11.850
     -80.16559000,26.42029000,11.850
     -80.16559333,26.42027167,12.550
     -80.16560167,26.42025000,12.450
     -80.16559167,26.42023167,11.750
     -80.16558500,26.42021000,10.850
     -80.16557000,26.42020167,10.450
     -80.16555167,26.42019333,10.350
     -80.16553167,26.42017667,9.950
     -80.16551167,26.42016167,10.350
     -80.16549333,26.42015333,10.250
     -80.16546167,26.42015667,10.150
     -80.16543500,26.42016500,9.850
     -80.16540833,26.42017833,10.750
     -80.16538000,26.42019167,10.851
     -80.16535333,26.42020833,10.351
     -80.16532167,26.42022000,9.651
     -80.16529167,26.42022833,9.351
     -80.16526333,26.42024000,9.051
     -80.16523667,26.42025000,8.651
     -80.16520667,26.42026167,8.551
     -80.16517500,26.42027333,8.151
     -80.16514167,26.42028500,7.552
     -80.16511333,26.42029667,7.352
     -80.16508833,26.42030833,7.452
     -80.16506000,26.42032167,7.552
     -80.16503167,26.42033500,7.952
     -80.16500833,26.42034167,8.152
     -80.16498500,26.42034500,8.252
     -80.16496000,26.42033833,8.852
     -80.16494500,26.42033167,9.752
     -80.16493000,26.42032000,10.553
     -80.16491167,26.42030667,11.253
     -80.16489167,26.42028667,11.753
     -80.16487167,26.42027000,12.153
     -80.16484833,26.42025500,11.653
     -80.16482167,26.42024500,11.453
     -80.16479167,26.42023667,10.953
     -80.16476500,26.42023833,10.953
     -80.16474333,26.42023833,11.053
     -80.16472000,26.42023833,11.053
     -80.16470000,26.42024333,10.953
     -80.16467667,26.42024667,10.954
     -80.16465167,26.42025500,10.854
     -80.16463000,26.42026333,10.454
     -80.16460833,26.42027167,10.054
     -80.16458833,26.42028000,9.954
     -80.16457000,26.42029000,9.454
     -80.16455000,26.42030000,9.054
     -80.16453333,26.42030833,8.954
     -80.16450833,26.42031500,9.054
     -80.16448833,26.42032167,8.854
     -80.16446167,26.42033167,8.954
     -80.16443667,26.42034167,9.355
     -80.16440833,26.42035000,9.855
     -80.16438500,26.42035833,10.055
     -80.16435333,26.42036500,9.555
     -80.16432167,26.42037500,9.055
     -80.16429500,26.42038667,8.555
     -80.16426667,26.42039667,8.255
     -80.16424167,26.42040667,8.155
     -80.16421333,26.42041000,8.356
     -80.16418833,26.42041833,8.556
     -80.16416333,26.42042833,8.556
     -80.16413500,26.42043500,8.556
     -80.16410833,26.42044333,8.356
     -80.16407833,26.42045167,8.356
     -80.16404833,26.42046000,8.156
     -80.16401167,26.42047500,7.856
     -80.16398333,26.42048667,7.857
     -80.16395333,26.42049500,7.857
     -80.16392167,26.42050167,7.857
     -80.16389000,26.42050833,8.257
     -80.16386333,26.42051500,8.357
     -80.16384333,26.42053833,9.557
     -80.16380833,26.42055000,10.657
     -80.16377333,26.42056333,10.957
     -80.16374167,26.42057000,10.958
     -80.16370833,26.42057500,10.758
     -80.16367333,26.42058333,10.658
     -80.16364000,26.42058333,10.258
     -80.16360500,26.42059000,9.758
     -80.16357167,26.42059833,9.758
     -80.16353833,26.42060500,9.758
     -80.16350500,26.42061167,9.859
     -80.16347167,26.42061833,9.759
     -80.16343833,26.42062167,9.659
     -80.16340667,26.42062833,9.559
     -80.16337000,26.42063500,9.459
     -80.16333333,26.42064000,9.559
     -80.16329667,26.42064333,9.659
     -80.16326000,26.42064667,9.660
     -80.16322500,26.42065333,9.760
     -80.16319167,26.42066500,10.160
     -80.16315833,26.42066833,10.460
     -80.16312500,26.42067833,10.660
     -80.16309333,26.42068667,10.560
     -80.16306000,26.42069167,10.560
     -80.16302500,26.42069833,10.361
     -80.16299500,26.42070000,10.361
     -80.16296500,26.42070500,10.461
     -80.16293667,26.42070833,10.361
     -80.16290333,26.42071000,10.461
     -80.16287000,26.42071000,10.061
     -80.16283833,26.42071333,9.861
     -80.16280500,26.42071167,9.862
     -80.16277500,26.42071167,9.862
     -80.16274167,26.42071167,9.962
     -80.16270833,26.42071333,10.162
     -80.16267667,26.42071667,10.162
     -80.16264167,26.42071833,9.962
     -80.16260667,26.42072000,9.862
     -80.16257000,26.42072000,9.462
     -80.16253333,26.42072167,9.663
     -80.16249833,26.42072167,9.663
     -80.16246500,26.42071833,9.863
     -80.16242833,26.42071833,10.263
     -80.16239667,26.42072000,9.963
     -80.16236500,26.42072000,9.863
     -80.16233500,26.42071333,9.163
     -80.16230333,26.42071167,9.064
     -80.16227000,26.42071000,9.064
     -80.16223333,26.42070667,9.064
     -80.16219667,26.42070667,9.064
     -80.16216000,26.42070500,9.164
     -80.16212500,26.42070167,9.464
     -80.16208833,26.42070167,9.564
     -80.16205167,26.42069833,9.565
     -80.16201500,26.42069500,9.365
     -80.16197833,26.42069333,9.065
     -80.16194667,26.42069000,8.965
     -80.16191167,26.42068500,8.765
     -80.16187667,26.42068000,8.765
     -80.16184333,26.42067667,8.765
     -80.16181000,26.42067000,8.466
     -80.16177667,26.42066500,8.466
     -80.16174167,26.42066333,8.166
     -80.16170833,26.42065833,8.066
     -80.16167500,26.42065333,8.066
     -80.16164000,26.42064833,7.966
     -80.16161000,26.42064000,7.966
     -80.16157833,26.42063333,7.867
     -80.16154500,26.42062667,7.567
     -80.16151167,26.42062167,7.567
     -80.16148000,26.42061333,7.067
     -80.16144833,26.42060500,7.267
     -80.16141667,26.42059833,7.567
     -80.16138500,26.42059167,7.867
     -80.16135333,26.42058167,8.267
     -80.16132333,26.42057333,8.268
     -80.16129000,26.42056333,8.168
     -80.16126167,26.42055167,8.468
     -80.16123000,26.42054167,8.568
     -80.16120000,26.42053333,8.468
     -80.16117000,26.42052167,8.568
     -80.16114167,26.42051167,8.668
     -80.16111333,26.42050333,8.768
     -80.16108167,26.42049500,8.768
     -80.16105000,26.42048667,8.869
     -80.16101500,26.42048000,8.969
     -80.16098333,26.42047333,9.069
     -80.16095000,26.42046667,8.769
     -80.16092000,26.42046000,8.569
     -80.16089167,26.42045167,9.069
     -80.16086500,26.42044333,9.469
     -80.16083500,26.42043167,9.669
     -80.16080000,26.42041500,9.970
     -80.16077000,26.42040500,9.770
     -80.16074000,26.42039500,10.170
     -80.16070667,26.42038500,10.470
     -80.16067833,26.42037500,10.470
     -80.16065167,26.42036500,10.670
     -80.16062333,26.42035667,11.170
     -80.16059333,26.42034333,11.470
     -80.16056500,26.42033167,11.771
     -80.16053667,26.42032000,11.871
     -80.16050833,26.42030667,12.171
     -80.16048000,26.42029333,12.371
     -80.16045000,26.42028000,12.271
     -80.16042167,26.42026667,12.671
     -80.16039167,26.42025167,12.671
     -80.16036167,26.42023833,13.171
     -80.16033333,26.42022333,13.071
     -80.16030667,26.42021000,12.872
     -80.16027833,26.42019667,12.772
     -80.16025167,26.42018333,12.872
     -80.16022500,26.42017000,12.672
     -80.16019833,26.42015333,12.772
     -80.16017167,26.42013500,12.772
     -80.16014500,26.42011667,12.972
     -80.16012000,26.42010000,13.172
     -80.16009333,26.42008167,12.772
     -80.16006833,26.42006333,12.972
     -80.16004000,26.42004667,12.773
     -80.16001333,26.42002833,12.373
     -80.15999000,26.42000833,12.073
     -80.15996667,26.41999000,11.873
     -80.15994333,26.41997167,11.573
     -80.15992000,26.41995500,10.973
     -80.15989500,26.41994000,11.073
     -80.15987000,26.41992500,10.873
     -80.15984333,26.41990833,10.473
     -80.15981667,26.41989333,10.273
     -80.15979167,26.41987833,10.173
     -80.15976667,26.41986167,10.074
     -80.15974333,26.41984833,10.074
     -80.15971833,26.41983000,9.974
     -80.15969167,26.41981333,9.874
     -80.15966667,26.41979500,9.374
     -80.15964167,26.41977833,9.074
     -80.15961833,26.41976000,9.374
     -80.15960000,26.41974000,9.574
     -80.15957667,26.41972167,9.074
     -80.15954833,26.41970333,9.774
     -80.15952333,26.41968500,10.374
     -80.15950167,26.41966833,10.475
     -80.15948500,26.41965167,10.375
     -80.15947500,26.41964333,10.275
     -80.15946500,26.41963500,10.875
     -80.15945333,26.41962833,11.075
     -80.15944333,26.41962167,11.375
     -80.15943500,26.41961333,11.675
     -80.15942667,26.41960500,11.475
     -80.15941500,26.41959667,11.475
     -80.15940333,26.41959000,11.375
     -80.15939000,26.41958333,11.775
     -80.15937833,26.41957333,12.175
     -80.15936667,26.41956333,12.475
     -80.15935333,26.41955167,12.975
     -80.15934167,26.41954000,13.175
     -80.15933000,26.41952833,13.075
     -80.15931667,26.41951667,12.975
     -80.15930167,26.41950500,12.875
     -80.15928667,26.41949000,12.975
     -80.15927000,26.41947167,12.975
     -80.15925333,26.41945667,13.075
     -80.15923833,26.41943667,13.275
     -80.15922333,26.41941667,13.376
     -80.15920667,26.41939500,13.176
     -80.15919167,26.41937500,13.776
     -80.15918000,26.41935667,14.076
     -80.15916333,26.41933833,13.476
     -80.15914667,26.41932333,13.576
     -80.15913333,26.41930333,14.076
     -80.15911333,26.41928333,14.176
     -80.15909500,26.41926000,13.976
     -80.15907500,26.41924000,14.076
     -80.15905500,26.41921667,14.076
     -80.15903500,26.41919333,13.976
     -80.15901667,26.41916833,13.976
     -80.15899500,26.41914000,13.676
     -80.15897500,26.41910833,13.476
     -80.15895333,26.41908167,13.176
     -80.15893500,26.41905500,13.277
     -80.15891667,26.41903000,13.477
     -80.15889833,26.41900333,12.977
     -80.15888167,26.41898000,13.277
     -80.15885833,26.41895667,12.777
     -80.15884000,26.41893333,12.777
     -80.15881833,26.41891167,12.877
     -80.15879833,26.41888667,12.777
     -80.15877833,26.41886500,12.577
     -80.15875833,26.41884333,12.377
     -80.15873333,26.41882000,12.777
     -80.15871667,26.41879167,12.677
     -80.15869667,26.41876500,12.577
     -80.15868000,26.41874000,12.177
     -80.15866167,26.41871333,12.077
     -80.15863833,26.41869167,11.878
     -80.15862000,26.41866667,12.178
     -80.15859833,26.41864500,12.278
     -80.15858000,26.41862167,11.778
     -80.15856333,26.41859833,11.778
     -80.15855000,26.41857667,11.778
     -80.15853500,26.41855167,11.578
     -80.15851667,26.41852833,11.278
     -80.15849667,26.41850667,11.378
     -80.15848167,26.41849333,12.578
     -80.15846333,26.41847167,12.878
     -80.15844500,26.41845000,13.278
     -80.15842500,26.41842833,13.878
     -80.15840667,26.41840167,13.878
     -80.15838833,26.41837667,13.478
     -80.15837000,26.41835333,12.978
     -80.15835333,26.41833333,12.979
     -80.15834333,26.41831333,13.179
     -80.15832667,26.41829333,13.179
     -80.15830667,26.41827500,13.579
     -80.15828833,26.41825000,13.279
     -80.15826833,26.41822500,13.379
     -80.15824833,26.41820000,12.979
     -80.15823167,26.41817833,13.079
     -80.15821667,26.41815000,12.779
     -80.15819833,26.41812500,12.779
     -80.15817833,26.41810000,12.379
     -80.15815833,26.41807333,12.179
     -80.15814000,26.41805000,12.079
     -80.15812167,26.41802333,11.679
     -80.15810333,26.41799500,11.079
     -80.15808333,26.41797167,10.879
     -80.15806500,26.41794833,10.879
     -80.15804500,26.41792667,10.880
     -80.15802833,26.41790333,10.980
     -80.15801167,26.41788000,11.280
     -80.15799833,26.41785667,11.180
     -80.15798333,26.41783333,11.280
     -80.15797000,26.41780333,11.480
     -80.15795500,26.41777667,11.180
     -80.15794167,26.41775000,11.080
     -80.15792667,26.41772500,10.680
     -80.15791167,26.41770000,10.280
     -80.15789833,26.41767667,10.180
     -80.15788500,26.41765500,10.680
     -80.15787333,26.41763667,10.880
     -80.15786500,26.41761333,10.580
     -80.15785833,26.41759500,10.580
     -80.15785167,26.41757833,10.880
     -80.15784667,26.41756000,11.180
     -80.15783667,26.41753333,11.480
     -80.15782500,26.41751000,11.780
     -80.15781667,26.41748000,11.180
     -80.15780667,26.41744833,10.980
     -80.15779667,26.41741833,10.680
     -80.15779167,26.41739167,10.780
     -80.15778833,26.41736500,10.180
     -80.15778500,26.41734167,10.580
     -80.15778000,26.41732000,10.980
     -80.15777000,26.41729333,10.480
     -80.15776333,26.41726500,10.280
     -80.15775667,26.41724000,10.180
     -80.15775167,26.41721000,10.380
     -80.15775500,26.41719000,10.380
     -80.15775333,26.41718000,10.880
     -80.15775167,26.41717333,10.880
     -80.15775000,26.41716833,11.280
     -80.15774833,26.41716500,11.580
     -80.15774667,26.41716000,11.980
     -80.15774500,26.41715667,12.180
     -80.15774000,26.41715667,12.480
     -80.15773833,26.41715667,12.480
     -80.15773667,26.41715500,12.580
     -80.15773500,26.41715500,12.780
     -80.15773333,26.41715333,12.780
     -80.15773167,26.41715167,12.680
     -80.15773167,26.41715167,12.680
     -80.15773167,26.41715167,12.680
     -80.15773167,26.41715167,12.680
     -80.15773167,26.41715167,12.680
     -80.15773167,26.41715167,12.680
     -80.15773167,26.41715167,12.680
     -80.15773167,26.41715167,12.680
     -80.15773167,26.41715167,12.680
     -80.15773167,26.41715167,12.680
     -80.15773167,26.41715167,12.680
     -80.15773167,26.41715167,12.680
     -80.15773167,26.41715167,12.680
     -80.15773167,26.41715167,12.680
     -80.15773167,26.41715167,12.680
     -80.15773167,26.41715167,12.680
     -80.15773167,26.41715167,12.680
     -80.15773167,26.41715167,12.680
     -80.15773167,26.41715167,12.680
     -80.15773167,26.41715167,12.680
     -80.15773167,26.41715167,12.680
     -80.15773167,26.41715167,12.680
     -80.15773167,26.41715167,12.680
     -80.15773167,26.41715167,12.680
     -80.15773167,26.41715167,12.680
     -80.15773167,26.41715167,12.680
     -80.15773167,26.41715167,12.680
     -80.15773167,26.41715167,12.680
     -80.15773167,26.41715167,12.680
     -80.15773167,26.41715167,12.680
     -80.15773167,26.41715167,12.680
     -80.15773167,26.41715167,12.680
     -80.15773167,26.41715167,12.680
     -80.15773167,26.41715167,12.680
     -80.15773167,26.41715167,12.680
     -80.15773167,26.41715167,12.680
     -80.15773167,26.41715167,12.680
     -80.15773167,26.41715167,12.680
     -80.15773167,26.41715167,12.680
     -80.15773167,26.41715167,12.680
     -80.15773167,26.41715167,12.680
     -80.15773167,26.41715167,12.680
     -80.15773167,26.41715167,12.680
     -80.15773167,26.41715167,12.680
     -80.15773167,26.41715167,12.680
     -80.15773167,26.41715167,12.680
     -80.15773167,26.41715167,12.680
     -80.15773167,26.41715167,12.680
     -80.15773167,26.41715167,12.680
     -80.15773167,26.41715167,12.680
     -80.15773167,26.41715167,12.680
     -80.15773167,26.41715167,12.680
     -80.15773167,26.41715167,12.680
     -80.15773167,26.41715167,12.680
     -80.15774833,26.41713833,11.080
     -80.15774667,26.41712167,12.080
     -80.15774000,26.41710000,12.780
     -80.15774167,26.41707833,13.080
     -80.15773833,26.41705000,12.780
     -80.15773500,26.41702167,12.180
     -80.15773500,26.41699500,11.980
     -80.15773333,26.41696167,11.980
     -80.15773167,26.41692167,11.680
     -80.15773167,26.41688833,11.880
     -80.15773500,26.41685667,11.780
     -80.15774000,26.41682500,11.780
     -80.15774333,26.41679333,11.880
     -80.15775000,26.41676333,11.880
     -80.15776167,26.41673333,11.280
     -80.15776500,26.41670333,11.180
     -80.15777167,26.41667333,11.180
     -80.15777667,26.41664333,11.180
     -80.15778333,26.41661000,11.180
     -80.15778667,26.41658167,11.480
     -80.15779500,26.41655167,11.480
     -80.15780833,26.41652167,11.580
     -80.15781833,26.41649500,11.180
     -80.15783167,26.41646667,11.280
     -80.15784333,26.41643833,11.280
     -80.15785500,26.41641000,11.079
     -80.15786667,26.41638167,11.079
     -80.15788000,26.41635000,11.079
     -80.15789000,26.41632000,10.979
     -80.15790167,26.41628833,10.479
     -80.15791500,26.41625833,10.079
     -80.15792833,26.41622667,10.079
     -80.15794500,26.41619167,9.979
     -80.15796500,26.41616333,9.379
     -80.15798500,26.41613333,10.279
     -80.15800667,26.41610333,10.479
     -80.15802667,26.41607167,10.779
     -80.15805000,26.41604167,10.678
     -80.15807000,26.41601000,10.778
     -80.15809167,26.41597833,10.678
     -80.15811500,26.41594333,11.078
     -80.15814000,26.41590833,10.778
     -80.15816667,26.41587500,10.678
     -80.15819667,26.41584000,10.678
     -80.15823167,26.41580000,11.178
     -80.15826667,26.41575667,11.177
     -80.15830500,26.41571500,11.077
     -80.15834167,26.41567333,10.177
     -80.15837500,26.41563500,9.477
     -80.15840500,26.41559833,8.477
     -80.15843833,26.41555833,7.477
     -80.15847000,26.41551667,6.876
     -80.15850500,26.41547500,6.576
     -80.15854333,26.41543667,5.976
     -80.15857500,26.41538667,5.676
     -80.15861000,26.41533833,5.476
     -80.15864500,26.41529167,5.876
     -80.15867833,26.41524500,5.775
     -80.15871167,26.41520500,5.175
     -80.15874333,26.41516000,5.175
     -80.15877500,26.41511500,5.275
     -80.15881000,26.41506833,5.275
     -80.15884833,26.41502500,4.975
     -80.15888833,26.41497500,5.474
     -80.15892833,26.41492667,5.674
     -80.15896333,26.41488500,4.774
     -80.15899833,26.41484333,4.174
     -80.15903333,26.41479833,3.974
     -80.15906833,26.41475167,4.374
     -80.15910167,26.41470500,4.473
     -80.15913833,26.41466000,4.573
     -80.15917333,26.41461500,4.673
     -80.15921000,26.41457333,4.773
     -80.15924333,26.41453000,5.173
     -80.15928000,26.41448833,5.373
     -80.15931333,26.41444833,5.672
     -80.15934667,26.41440500,5.972
     -80.15938000,26.41436000,6.172
     -80.15941833,26.41432167,5.872
     -80.15945500,26.41428000,5.772
     -80.15949000,26.41423500,5.772
     -80.15951667,26.41419333,5.371
     -80.15954667,26.41415167,5.571
     -80.15958167,26.41410667,5.671
     -80.15961500,26.41406167,5.971
     -80.15964833,26.41401833,6.271
     -80.15968667,26.41397000,6.571
     -80.15972500,26.41392000,6.670
     -80.15976667,26.41386833,6.870
     -80.15980833,26.41381167,8.270
     -80.15985833,26.41376167,8.470
     -80.15990167,26.41371167,9.070
     -80.15994833,26.41366167,9.769
     -80.15999667,26.41362167,10.369
     -80.16003833,26.41358333,11.069
     -80.16008167,26.41354167,11.369
     -80.16011667,26.41350667,11.369
     -80.16015000,26.41348667,11.068
     -80.16018000,26.41347167,10.668
     -80.16019833,26.41346000,10.168
     -80.16021500,26.41344833,10.168
     -80.16022500,26.41343833,10.268
     -80.16023333,26.41343000,10.668
     -80.16025167,26.41341833,10.968
     -80.16027667,26.41340333,10.768
     -80.16031000,26.41338167,10.368
     -80.16034833,26.41336167,10.068
     -80.16039333,26.41334500,9.967
     -80.16043833,26.41332833,9.367
     -80.16049167,26.41331500,9.167
     -80.16053833,26.41329667,8.767
     -80.16059000,26.41326667,8.566
     -80.16064167,26.41323500,8.866
     -80.16069333,26.41320000,9.166
     -80.16074833,26.41317167,8.666
     -80.16079833,26.41314000,8.266
     -80.16085500,26.41311167,8.165
     -80.16091667,26.41308000,8.365
     -80.16097833,26.41304667,8.365
     -80.16103333,26.41301667,8.865
     -80.16108833,26.41298667,8.864
     -80.16113833,26.41296167,9.064
     -80.16118500,26.41293667,9.764
     -80.16122667,26.41291333,10.164
     -80.16125833,26.41288833,10.464
     -80.16128500,26.41287500,10.963
     -80.16129500,26.41286500,11.163
     -80.16130500,26.41285500,11.463
     -80.16131333,26.41284833,11.363
     -80.16132500,26.41284333,11.363
     -80.16133333,26.41284500,11.063
     -80.16133333,26.41284333,10.963
     -80.16133833,26.41284167,10.963
     -80.16133833,26.41284167,10.963
     -80.16133833,26.41284167,10.963
     -80.16140333,26.41285000,10.663
     -80.16144167,26.41286000,10.663
     -80.16147333,26.41287667,10.763
     -80.16150333,26.41289500,10.863
     -80.16153167,26.41293500,11.462
     -80.16156000,26.41297333,11.762
     -80.16158000,26.41300167,11.162
     -80.16160500,26.41303667,10.662
     -80.16164000,26.41307333,10.662
     -80.16168167,26.41311667,11.162
     -80.16172167,26.41315833,11.562
     -80.16175333,26.41320167,11.862
     -80.16178333,26.41324500,11.462
     -80.16181500,26.41328333,11.661
     -80.16184333,26.41331833,11.161
     -80.16188000,26.41335667,11.361
     -80.16191667,26.41339167,11.461
     -80.16195000,26.41342667,11.361
     -80.16198667,26.41346000,11.261
     -80.16202167,26.41349833,11.361
     -80.16206167,26.41352833,11.461
     -80.16209833,26.41355500,11.560
     -80.16213500,26.41357833,11.560
     -80.16216667,26.41359667,11.260
     -80.16219167,26.41361833,11.360
     -80.16221500,26.41363667,11.760
     -80.16223667,26.41365667,12.060
     -80.16226500,26.41368000,11.960
     -80.16229500,26.41370833,11.960
     -80.16232833,26.41373333,11.760
     -80.16235667,26.41375333,11.459
     -80.16239667,26.41377833,11.159
     -80.16243333,26.41380167,11.359
     -80.16247333,26.41383167,12.059
     -80.16251000,26.41386000,11.959
     -80.16254500,26.41388667,11.459
     -80.16258000,26.41391333,10.959
     -80.16261167,26.41394167,10.359
     -80.16264500,26.41396667,8.858
     -80.16267500,26.41398667,7.758
     -80.16270833,26.41401000,6.958
     -80.16273833,26.41402833,6.458
     -80.16277833,26.41404833,5.858
     -80.16282500,26.41407333,6.058
     -80.16287167,26.41409833,6.458
     -80.16291167,26.41412000,7.057
     -80.16295500,26.41414333,6.957
     -80.16298833,26.41416167,7.457
     -80.16302167,26.41418167,7.357
     -80.16305333,26.41419667,6.657
     -80.16307833,26.41420667,6.457
     -80.16309833,26.41421500,6.857
     -80.16311000,26.41422000,6.757
     -80.16312500,26.41423000,6.857
     -80.16313333,26.41423833,6.957
     -80.16315500,26.41424667,7.356
     -80.16318500,26.41425333,8.156
     -80.16321833,26.41426167,8.356
     -80.16324500,26.41427500,8.256
     -80.16326667,26.41428833,7.856
     -80.16329000,26.41429667,8.056
     -80.16331333,26.41430667,7.956
     -80.16333000,26.41432000,7.856
     -80.16334667,26.41432833,7.556
     -80.16335667,26.41433833,7.256
     -80.16336500,26.41434167,6.956
     -80.16337833,26.41434833,6.956
     -80.16339667,26.41435833,6.856
     -80.16341833,26.41437000,7.255
     -80.16344667,26.41438833,8.155
     -80.16347500,26.41440167,8.755
     -80.16350333,26.41441000,9.555
     -80.16353500,26.41441167,9.855
     -80.16356667,26.41441167,9.855
     -80.16359500,26.41441000,10.355
     -80.16362333,26.41440667,11.155
     -80.16365333,26.41440500,11.654
     -80.16368667,26.41440667,11.754
     -80.16371333,26.41441333,11.154
     -80.16373833,26.41441833,10.454
     -80.16376500,26.41442667,10.354
     -80.16378333,26.41443500,10.354
     -80.16380833,26.41444167,10.054
     -80.16383333,26.41444833,9.854
     -80.16386333,26.41446333,9.354
     -80.16389667,26.41448333,9.554
     -80.16392333,26.41449667,9.353
     -80.16395333,26.41451000,8.953
     -80.16397667,26.41451833,8.753
     -80.16400333,26.41452000,8.853
     -80.16402500,26.41451667,9.053
     -80.16403667,26.41451000,9.453
     -80.16404667,26.41450500,9.453
     -80.16405833,26.41449667,9.853
     -80.16408000,26.41449000,10.453
     -80.16409500,26.41449000,11.453
     -80.16411167,26.41449333,11.653
     -80.16412667,26.41450000,11.653
     -80.16414500,26.41450833,11.553
     -80.16416000,26.41451833,11.752
     -80.16417833,26.41452667,11.952
     -80.16419667,26.41453833,11.952
     -80.16421333,26.41455000,11.852
     -80.16423500,26.41456167,11.652
     -80.16426000,26.41457500,11.852
     -80.16428333,26.41458500,12.352
     -80.16430500,26.41459333,12.852
     -80.16432500,26.41460667,12.652
     -80.16434500,26.41461500,12.652
     -80.16436333,26.41462167,12.852
     -80.16438667,26.41462833,13.052
     -80.16440667,26.41463000,13.552
     -80.16443000,26.41463500,13.651
     -80.16445333,26.41463333,13.751
     -80.16447833,26.41463667,13.351
     -80.16450167,26.41464167,12.951
     -80.16452833,26.41465000,12.251
     -80.16456333,26.41465667,11.551
     -80.16459667,26.41466667,11.251
     -80.16462833,26.41467667,11.251
     -80.16465667,26.41469000,11.551
     -80.16468500,26.41470500,11.750
     -80.16471000,26.41471833,11.850
     -80.16474000,26.41472833,11.650
     -80.16476833,26.41473500,10.950
     -80.16480167,26.41474000,10.850
     -80.16483167,26.41474333,10.850
     -80.16486000,26.41474833,10.450
     -80.16488667,26.41475333,10.350
     -80.16491500,26.41475500,9.949
     -80.16494167,26.41475833,9.549
     -80.16496667,26.41476500,9.249
     -80.16499000,26.41478167,9.749
     -80.16499833,26.41480333,9.949
     -80.16500167,26.41482833,9.849
     -80.16499000,26.41484833,10.249
     -80.16497667,26.41487167,10.649
     -80.16496333,26.41489833,10.949
     -80.16495333,26.41492333,11.149
     -80.16494333,26.41494000,10.949
     -80.16493167,26.41495833,10.550
     -80.16492167,26.41496167,9.850
     -80.16491667,26.41497833,8.950
     -80.16491333,26.41500667,6.150
     -80.16491000,26.41502667,3.350
     -80.16488167,26.41505500,2.650
     -80.16485833,26.41508667,3.450
     -80.16483833,26.41511500,4.250
     -80.16482000,26.41514167,4.950
     -80.16480500,26.41515833,5.150
     -80.16479333,26.41518000,5.650
     -80.16478833,26.41519500,6.750
     -80.16478333,26.41520833,7.850
     -80.16477667,26.41522333,8.650
     -80.16477667,26.41523667,8.950
     -80.16477667,26.41526167,9.350
     -80.16477833,26.41528667,9.850
     -80.16478667,26.41530000,9.650
     -80.16479500,26.41531500,9.150
     -80.16481167,26.41533500,8.550
     -80.16482500,26.41534833,7.750
     -80.16483500,26.41536167,7.050
     -80.16484333,26.41538333,6.850
     -80.16485500,26.41539833,7.050
     -80.16486333,26.41541500,7.050
     -80.16487333,26.41543833,7.650
     -80.16488667,26.41545833,8.050
     -80.16488667,26.41548000,8.050
     -80.16489333,26.41550000,8.450
     -80.16489833,26.41552167,8.550
     -80.16490167,26.41554333,8.650
     -80.16490667,26.41556667,8.750
     -80.16490833,26.41559000,8.550
     -80.16490667,26.41560833,8.650
     -80.16491333,26.41563833,8.850
     -80.16491167,26.41566167,8.750
     -80.16491000,26.41568667,8.250
     -80.16491000,26.41571000,8.550
     -80.16490667,26.41573667,9.050
     -80.16490333,26.41576333,9.950
     -80.16490000,26.41578833,10.450
     -80.16489333,26.41581333,11.550
     -80.16488000,26.41583667,12.450
     -80.16487500,26.41585167,12.850
     -80.16487000,26.41585667,12.950
     -80.16486667,26.41586000,12.850
     -80.16486667,26.41586000,12.950
     -80.16486667,26.41586000,12.950
     -80.16486667,26.41586000,12.950
     -80.16486667,26.41586000,12.950
     -80.16486667,26.41586000,12.950
     -80.16486667,26.41586000,12.950
     -80.16482833,26.41588333,13.150
     -80.16481833,26.41589333,13.251
     -80.16480500,26.41590000,13.051
     -80.16479000,26.41590833,13.251
     -80.16477500,26.41592000,13.451
     -80.16476167,26.41593000,14.151
     -80.16475000,26.41594167,14.951
     -80.16474000,26.41595500,15.451
     -80.16472667,26.41597000,16.351
     -80.16471333,26.41598333,17.051
     -80.16470000,26.41599500,17.351
     -80.16468333,26.41600000,17.051
     -80.16467000,26.41600667,16.751
     -80.16466000,26.41601333,16.451
     -80.16464833,26.41602000,16.551
     -80.16463833,26.41603000,16.551
     -80.16462333,26.41604333,16.151
     -80.16461500,26.41604833,16.051
     -80.16460833,26.41605167,15.951
     -80.16460000,26.41605667,16.152
     -80.16460000,26.41605667,16.152
     -80.16460000,26.41605667,16.152
     -80.16460000,26.41605667,16.152
     -80.16460000,26.41605667,16.152
     -80.16460000,26.41605667,16.152
     -80.16460000,26.41605667,16.152
     -80.16460000,26.41605667,16.152
     -80.16460000,26.41605667,16.152
     -80.16460000,26.41605667,16.152
     -80.16460000,26.41605667,16.152
     -80.16460000,26.41605667,16.152
     -80.16460000,26.41605667,16.152
     -80.16460000,26.41605667,16.152
     -80.16460000,26.41605667,16.152
     -80.16460000,26.41605667,16.152
     -80.16460000,26.41605667,16.152
     -80.16460000,26.41605667,16.152
     -80.16460000,26.41605667,16.152
     -80.16460000,26.41605667,16.152
     -80.16460000,26.41605667,16.152
     -80.16460000,26.41605667,16.152
     -80.16460000,26.41605667,16.152
     -80.16460000,26.41605667,16.152
     -80.16460000,26.41605667,16.152
     -80.16460000,26.41605667,16.152
     -80.16460000,26.41605667,16.152
     -80.16460000,26.41605667,16.152
     -80.16460000,26.41605667,16.152
     -80.16460000,26.41605667,16.152
     -80.16460000,26.41605667,16.152
     -80.16460000,26.41605667,16.152
     -80.16460000,26.41605667,16.152
     -80.16460000,26.41605667,16.152
    </coordinates>
   </LineString>
  </Placemark>

 </Document>
</kml>
 