type,date time,latitude,longitude,accuracy(m),altitude(m),geoid_height(m),speed(m/s),bearing(deg),sat_used,sat_inview,name,desc
W,2026-07-18 13:15:14.000,26.42360833,-80.15274333,2.90,9.105,-27.805,0.903,123,13,21,,Station 1
W,2026-07-18 13:53:51.000,26.40988833,-80.16668333,1.50,11.839,-27.739,0.000,,17,19,,Station 2
T,2026-07-18 13:15:10.000,26.42361667,-80.15274333,3.00,8.905,-27.805,0.276,129,13,21,20260718-091510,GPS Logger: 20260718-091510 - ST-1-2_A
T,2026-07-18 13:15:11.000,26.42362000,-80.15274500,3.00,9.005,-27.805,0.108,198,13,21,,
T,2026-07-18 13:15:12.000,26.42362000,-80.15274833,3.00,9.105,-27.805,0.168,240,13,21,,
T,2026-07-18 13:15:13.000,26.42361333,-80.15274833,2.90,9.105,-27.805,0.890,97,14,21,,
T,2026-07-18 13:15:14.000,26.42360833,-80.15274333,2.90,9.105,-27.805,0.903,123,13,21,,
T,2026-07-18 13:15:15.000,26.42360333,-80.15274167,2.90,9.105,-27.805,0.454,351,14,21,,
T,2026-07-18 13:15:16.000,26.42360500,-80.15274667,2.90,9.105,-27.805,0.378,301,14,21,,
T,2026-07-18 13:15:17.000,26.42360667,-80.15275000,2.90,9.105,-27.805,0.108,116,15,21,,
T,2026-07-18 13:15:18.000,26.42360500,-80.15275167,2.80,9.205,-27.805,0.206,263,15,21,,
T,2026-07-18 13:15:19.000,26.42360500,-80.15275667,2.80,9.304,-27.804,0.379,187,15,21,,
T,2026-07-18 13:15:20.000,26.42361500,-80.15276667,2.60,9.304,-27.804,0.365,175,15,21,,
T,2026-07-18 13:15:21.000,26.42362333,-80.15277500,2.40,9.304,-27.804,0.365,65,14,21,,
T,2026-07-18 13:15:22.000,26.42363000,-80.15278000,2.30,9.104,-27.804,0.361,359,14,21,,
T,2026-07-18 13:15:23.000,26.42363833,-80.15278333,2.20,9.204,-27.804,0.305,9,15,21,,
T,2026-07-18 13:15:24.000,26.42364167,-80.15278833,2.10,9.304,-27.804,0.243,325,15,21,,
T,2026-07-18 13:15:25.000,26.42364000,-80.15279000,2.10,9.304,-27.804,0.213,230,15,21,,
T,2026-07-18 13:15:26.000,26.42363833,-80.15279000,2.00,9.304,-27.804,0.205,181,14,21,,
T,2026-07-18 13:15:27.000,26.42363667,-80.15279167,2.00,9.304,-27.804,0.221,337,15,21,,
T,2026-07-18 13:15:28.000,26.42363833,-80.15279333,2.00,9.304,-27.804,0.202,83,15,21,,
T,2026-07-18 13:15:29.000,26.42364000,-80.15279333,1.90,9.204,-27.804,0.203,290,15,21,,
T,2026-07-18 13:15:30.000,26.42364167,-80.15279667,1.90,9.204,-27.804,0.000,,15,21,,
T,2026-07-18 13:15:31.000,26.42364167,-80.15279333,1.90,9.204,-27.804,0.000,,12,21,,
T,2026-07-18 13:15:32.000,26.42364333,-80.15279167,1.80,9.104,-27.804,0.000,,13,21,,
T,2026-07-18 13:15:33.000,26.42364333,-80.15279167,1.80,9.104,-27.804,0.000,,13,21,,
T,2026-07-18 13:15:34.000,26.42364333,-80.15279167,1.90,9.104,-27.804,0.000,,13,21,,
T,2026-07-18 13:15:35.000,26.42364333,-80.15279167,1.80,9.104,-27.804,0.000,,15,21,,
T,2026-07-18 13:15:36.000,26.42364333,-80.15279167,1.70,9.104,-27.804,0.000,,16,21,,
T,2026-07-18 13:15:37.000,26.42364333,-80.15279167,1.70,9.104,-27.804,0.000,,15,21,,
T,2026-07-18 13:15:38.000,26.42364333,-80.15279167,1.70,9.104,-27.804,0.000,,15,21,,
T,2026-07-18 13:15:39.000,26.42364333,-80.15279167,1.60,9.104,-27.804,0.000,,15,21,,
T,2026-07-18 13:15:40.000,26.42364333,-80.15279167,1.70,9.104,-27.804,0.000,,14,21,,
T,2026-07-18 13:15:41.000,26.42364333,-80.15279167,1.70,9.104,-27.804,0.000,,14,21,,
T,2026-07-18 13:15:42.000,26.42364333,-80.15279167,1.70,9.104,-27.804,0.000,,14,21,,
T,2026-07-18 13:15:43.000,26.42364333,-80.15279167,1.60,9.104,-27.804,0.000,,15,21,,
T,2026-07-18 13:15:44.000,26.42364333,-80.15279167,1.60,9.104,-27.804,0.000,,15,21,,
T,2026-07-18 13:15:45.000,26.42364333,-80.15279167,1.60,9.104,-27.804,0.000,,15,21,,
T,2026-07-18 13:15:46.000,26.42364333,-80.15279167,1.60,9.104,-27.804,0.000,,15,21,,
T,2026-07-18 13:15:47.000,26.42364333,-80.15279167,1.60,9.104,-27.804,0.000,,15,21,,
T,2026-07-18 13:15:48.000,26.42364333,-80.15279167,1.60,9.104,-27.804,0.000,,15,21,,
T,2026-07-18 13:15:49.000,26.42364333,-80.15279167,1.60,9.104,-27.804,0.000,,15,21,,
T,2026-07-18 13:15:50.000,26.42364333,-80.15279167,1.60,9.104,-27.804,0.000,,16,21,,
T,2026-07-18 13:15:51.000,26.42364333,-80.15279167,1.60,9.104,-27.804,0.000,,16,21,,
T,2026-07-18 13:15:52.000,26.42364333,-80.15279167,1.60,9.104,-27.804,0.000,,16,21,,
T,2026-07-18 13:15:53.000,26.42364333,-80.15279167,1.60,9.104,-27.804,0.000,,16,21,,
T,2026-07-18 13:15:54.000,26.42364333,-80.15279167,1.60,9.104,-27.804,0.000,,17,21,,
T,2026-07-18 13:15:55.000,26.42364333,-80.15279167,1.60,9.104,-27.804,0.000,,16,21,,
T,2026-07-18 13:15:56.000,26.42364333,-80.15279167,1.60,9.104,-27.804,0.000,,16,21,,
T,2026-07-18 13:15:57.000,26.42364333,-80.15279167,1.60,9.104,-27.804,0.000,,16,21,,
T,2026-07-18 13:15:58.000,26.42364333,-80.15279167,1.60,9.104,-27.804,0.000,,16,21,,
T,2026-07-18 13:15:59.000,26.42364333,-80.15279167,1.60,9.104,-27.804,0.000,,16,21,,
T,2026-07-18 13:16:00.000,26.42364333,-80.15279167,1.60,9.104,-27.804,0.000,,15,21,,
T,2026-07-18 13:16:01.000,26.42364333,-80.15279167,1.70,9.104,-27.804,0.000,,16,21,,
T,2026-07-18 13:16:02.000,26.42364333,-80.15279167,1.70,9.104,-27.804,0.000,,15,21,,
T,2026-07-18 13:16:03.000,26.42364333,-80.15279167,1.70,9.104,-27.804,0.000,,15,21,,
T,2026-07-18 13:16:04.000,26.42364333,-80.15279167,1.70,9.104,-27.804,0.000,,14,21,,
T,2026-07-18 13:16:05.000,26.42364333,-80.15279167,1.70,9.104,-27.804,0.000,,14,21,,
T,2026-07-18 13:16:06.000,26.42364333,-80.15279167,1.70,9.104,-27.804,0.000,,12,21,,
T,2026-07-18 13:16:07.000,26.42364333,-80.15279167,1.60,9.104,-27.804,0.000,,13,21,,
T,2026-07-18 13:16:08.000,26.42364333,-80.15279167,1.60,9.104,-27.804,0.000,,13,21,,
T,2026-07-18 13:16:09.000,26.42364333,-80.15279167,1.60,9.104,-27.804,0.000,,13,21,,
T,2026-07-18 13:16:10.000,26.42364333,-80.15279167,1.60,9.104,-27.804,0.000,,13,21,,
T,2026-07-18 13:16:11.000,26.42364333,-80.15279167,1.60,9.104,-27.804,0.000,,13,21,,
T,2026-07-18 13:16:12.000,26.42364333,-80.15279167,1.60,9.104,-27.804,0.000,,13,21,,
T,2026-07-18 13:16:13.000,26.42364333,-80.15279167,1.60,9.104,-27.804,0.000,,14,21,,
T,2026-07-18 13:16:14.000,26.42364333,-80.15279167,1.60,9.104,-27.804,0.000,,14,21,,
T,2026-07-18 13:16:15.000,26.42364333,-80.15279167,1.60,9.104,-27.804,0.000,,14,21,,
T,2026-07-18 13:16:16.000,26.42364333,-80.15279167,1.60,9.104,-27.804,0.000,,14,21,,
T,2026-07-18 13:16:17.000,26.42364333,-80.15279167,1.60,9.104,-27.804,0.000,,14,21,,
T,2026-07-18 13:16:18.000,26.42364333,-80.15279167,1.60,9.104,-27.804,0.000,,14,21,,
T,2026-07-18 13:16:19.000,26.42364333,-80.15279167,1.60,9.104,-27.804,0.000,,14,21,,
T,2026-07-18 13:16:20.000,26.42364333,-80.15279167,1.60,9.104,-27.804,0.000,,14,21,,
T,2026-07-18 13:16:21.000,26.42364333,-80.15279167,1.60,9.104,-27.804,0.000,,14,21,,
T,2026-07-18 13:16:22.000,26.42364333,-80.15279167,1.50,9.104,-27.804,0.000,,14,21,,
T,2026-07-18 13:16:23.000,26.42364333,-80.15279167,1.60,9.104,-27.804,0.000,,14,21,,
T,2026-07-18 13:16:24.000,26.42364333,-80.15279167,1.60,9.104,-27.804,0.000,,14,21,,
T,2026-07-18 13:16:25.000,26.42364333,-80.15279167,1.60,9.104,-27.804,0.000,,14,21,,
T,2026-07-18 13:16:26.000,26.42364333,-80.15279167,1.60,9.104,-27.804,0.000,,16,21,,
T,2026-07-18 13:16:27.000,26.42364333,-80.15279167,1.60,9.104,-27.804,0.000,,15,21,,
T,2026-07-18 13:16:28.000,26.42364333,-80.15279167,1.60,9.104,-27.804,0.000,,15,21,,
T,2026-07-18 13:16:29.000,26.42364333,-80.15279167,1.50,9.104,-27.804,0.000,,15,21,,
T,2026-07-18 13:16:30.000,26.42364333,-80.15279167,1.50,9.104,-27.804,0.000,,15,21,,
T,2026-07-18 13:16:31.000,26.42364333,-80.15279167,1.50,9.104,-27.804,0.000,,15,21,,
T,2026-07-18 13:16:32.000,26.42364500,-80.15279667,1.60,10.304,-27.804,0.267,277,15,21,,
T,2026-07-18 13:16:33.000,26.42364333,-80.15279500,1.60,10.404,-27.804,0.000,,15,21,,
T,2026-07-18 13:16:34.000,26.42364333,-80.15279500,1.60,10.004,-27.804,0.000,,15,21,,
T,2026-07-18 13:16:35.000,26.42364333,-80.15279333,1.60,9.604,-27.804,0.000,,15,21,,
T,2026-07-18 13:16:36.000,26.42364333,-80.15279333,1.60,9.604,-27.804,0.000,,14,21,,
T,2026-07-18 13:16:37.000,26.42364333,-80.15279333,1.60,9.604,-27.804,0.000,,16,21,,
T,2026-07-18 13:16:38.000,26.42364333,-80.15279333,1.60,9.604,-27.804,0.000,,17,21,,
T,2026-07-18 13:16:39.000,26.42364333,-80.15279333,1.60,9.604,-27.804,0.000,,17,21,,
T,2026-07-18 13:16:40.000,26.42364333,-80.15279333,1.60,9.604,-27.804,0.000,,17,21,,
T,2026-07-18 13:16:41.000,26.42364333,-80.15279333,1.60,9.604,-27.804,0.000,,17,21,,
T,2026-07-18 13:16:42.000,26.42364333,-80.15279333,1.60,9.604,-27.804,0.000,,17,21,,
T,2026-07-18 13:16:43.000,26.42364333,-80.15279333,1.60,9.604,-27.804,0.000,,16,21,,
T,2026-07-18 13:16:44.000,26.42364333,-80.15279333,1.60,9.604,-27.804,0.000,,17,21,,
T,2026-07-18 13:16:45.000,26.42364333,-80.15279333,1.70,9.604,-27.804,0.000,,16,21,,
T,2026-07-18 13:16:46.000,26.42364333,-80.15279333,1.70,9.604,-27.804,0.000,,16,21,,
T,2026-07-18 13:16:47.000,26.42364333,-80.15279333,1.80,9.604,-27.804,0.000,,16,21,,
T,2026-07-18 13:16:48.000,26.42364333,-80.15279333,1.90,9.604,-27.804,0.000,,16,21,,
T,2026-07-18 13:16:49.000,26.42364333,-80.15279333,1.90,9.604,-27.804,0.000,,15,21,,
T,2026-07-18 13:16:50.000,26.42364333,-80.15279333,1.90,9.604,-27.804,0.000,,16,21,,
T,2026-07-18 13:16:51.000,26.42364333,-80.15279333,1.90,9.604,-27.804,0.000,,16,21,,
T,2026-07-18 13:16:52.000,26.42361000,-80.15280833,1.90,10.404,-27.804,0.345,199,16,21,,
T,2026-07-18 13:16:53.000,26.42360667,-80.15281000,1.80,10.604,-27.804,0.352,200,16,21,,
T,2026-07-18 13:16:54.000,26.42360167,-80.15280667,1.80,10.704,-27.804,0.372,196,16,21,,
T,2026-07-18 13:16:55.000,26.42359667,-80.15280167,1.80,10.904,-27.804,0.390,186,15,21,,
T,2026-07-18 13:16:56.000,26.42359000,-80.15279833,1.90,11.104,-27.804,0.421,183,14,21,,
T,2026-07-18 13:16:57.000,26.42358000,-80.15279667,1.90,11.304,-27.804,0.480,178,15,21,,
T,2026-07-18 13:16:58.000,26.42357167,-80.15279500,2.00,11.604,-27.804,0.526,171,15,21,,
T,2026-07-18 13:16:59.000,26.42356333,-80.15279500,2.00,11.904,-27.804,0.590,190,16,21,,
T,2026-07-18 13:17:00.000,26.42355500,-80.15279833,2.00,12.004,-27.804,0.665,139,17,21,,
T,2026-07-18 13:17:01.000,26.42354667,-80.15279333,2.00,11.904,-27.804,0.718,151,16,21,,
T,2026-07-18 13:17:02.000,26.42354167,-80.15279167,2.10,11.704,-27.804,0.754,148,17,21,,
T,2026-07-18 13:17:03.000,26.42353500,-80.15278667,2.10,11.304,-27.804,0.795,144,16,21,,
T,2026-07-18 13:17:04.000,26.42352500,-80.15278333,2.10,10.904,-27.804,0.828,142,16,21,,
T,2026-07-18 13:17:05.000,26.42351667,-80.15277833,2.00,10.604,-27.804,0.866,155,16,21,,
T,2026-07-18 13:17:06.000,26.42350833,-80.15278333,2.00,10.104,-27.804,0.849,161,16,21,,
T,2026-07-18 13:17:07.000,26.42350167,-80.15279000,1.90,9.804,-27.804,0.846,194,16,21,,
T,2026-07-18 13:17:08.000,26.42349333,-80.15279167,1.90,9.404,-27.804,0.835,231,16,21,,
T,2026-07-18 13:17:09.000,26.42348500,-80.15280333,1.90,9.304,-27.804,0.846,237,16,21,,
T,2026-07-18 13:17:10.000,26.42347833,-80.15281500,1.80,9.404,-27.804,0.829,241,16,21,,
T,2026-07-18 13:17:11.000,26.42347500,-80.15282667,1.90,9.404,-27.804,0.827,245,16,21,,
T,2026-07-18 13:17:12.000,26.42346833,-80.15283833,1.90,9.504,-27.804,0.842,231,16,21,,
T,2026-07-18 13:17:13.000,26.42346000,-80.15284833,1.90,9.604,-27.804,0.857,229,16,21,,
T,2026-07-18 13:17:14.000,26.42345500,-80.15285333,1.90,9.604,-27.804,0.861,252,16,21,,
T,2026-07-18 13:17:15.000,26.42344833,-80.15285667,1.90,9.404,-27.804,0.852,231,16,21,,
T,2026-07-18 13:17:16.000,26.42344167,-80.15286500,1.90,9.204,-27.804,0.912,236,16,21,,
T,2026-07-18 13:17:17.000,26.42343500,-80.15287167,1.90,9.204,-27.804,0.932,232,16,21,,
T,2026-07-18 13:17:18.000,26.42342833,-80.15287833,1.90,9.204,-27.804,0.968,228,16,21,,
T,2026-07-18 13:17:19.000,26.42341833,-80.15288667,1.80,9.004,-27.804,0.981,229,16,21,,
T,2026-07-18 13:17:20.000,26.42341333,-80.15289167,1.80,9.004,-27.804,0.986,241,16,21,,
T,2026-07-18 13:17:21.000,26.42340833,-80.15290167,1.80,9.204,-27.804,1.013,239,16,21,,
T,2026-07-18 13:17:22.000,26.42340167,-80.15291000,1.80,9.404,-27.804,1.021,236,16,21,,
T,2026-07-18 13:17:23.000,26.42339667,-80.15291667,1.90,9.304,-27.804,1.039,226,16,21,,
T,2026-07-18 13:17:24.000,26.42338500,-80.15292500,1.90,8.904,-27.804,1.078,233,16,21,,
T,2026-07-18 13:17:25.000,26.42337500,-80.15293500,1.80,8.604,-27.804,1.120,237,16,21,,
T,2026-07-18 13:17:26.000,26.42336833,-80.15294500,1.90,8.304,-27.804,1.128,247,16,21,,
T,2026-07-18 13:17:27.000,26.42335667,-80.15295833,1.90,8.104,-27.804,1.159,240,16,21,,
T,2026-07-18 13:17:28.000,26.42334667,-80.15297000,1.90,8.103,-27.803,1.205,236,16,21,,
T,2026-07-18 13:17:29.000,26.42333667,-80.15298167,2.00,8.203,-27.803,1.229,228,16,21,,
T,2026-07-18 13:17:30.000,26.42332833,-80.15299167,1.90,8.403,-27.803,1.292,233,16,21,,
T,2026-07-18 13:17:31.000,26.42331833,-80.15300667,1.90,8.303,-27.803,1.325,243,17,21,,
T,2026-07-18 13:17:32.000,26.42330667,-80.15302167,1.90,8.303,-27.803,1.372,241,17,21,,
T,2026-07-18 13:17:33.000,26.42329833,-80.15303333,1.90,8.203,-27.803,1.409,241,17,21,,
T,2026-07-18 13:17:34.000,26.42329333,-80.15304500,1.90,8.103,-27.803,1.440,243,17,21,,
T,2026-07-18 13:17:35.000,26.42329167,-80.15305667,1.90,7.903,-27.803,1.469,244,17,21,,
T,2026-07-18 13:17:36.000,26.42328667,-80.15306833,1.90,7.703,-27.803,1.526,244,17,21,,
T,2026-07-18 13:17:37.000,26.42327667,-80.15308333,1.90,7.403,-27.803,1.546,242,17,21,,
T,2026-07-18 13:17:38.000,26.42327667,-80.15310333,1.90,7.803,-27.803,1.567,247,17,21,,
T,2026-07-18 13:17:39.000,26.42327500,-80.15312000,1.90,7.603,-27.803,1.583,248,17,21,,
T,2026-07-18 13:17:40.000,26.42326333,-80.15313667,1.80,7.403,-27.803,1.600,244,18,21,,
T,2026-07-18 13:17:41.000,26.42325667,-80.15315333,1.80,7.103,-27.803,1.623,240,18,21,,
T,2026-07-18 13:17:42.000,26.42324500,-80.15317000,1.80,6.903,-27.803,1.640,251,18,21,,
T,2026-07-18 13:17:43.000,26.42323833,-80.15318833,1.80,6.903,-27.803,1.653,247,18,21,,
T,2026-07-18 13:17:44.000,26.42323333,-80.15320333,1.90,6.802,-27.802,1.660,238,18,21,,
T,2026-07-18 13:17:45.000,26.42322167,-80.15321667,1.90,6.802,-27.802,1.679,231,17,21,,
T,2026-07-18 13:17:46.000,26.42321333,-80.15322667,1.90,7.002,-27.802,1.647,221,17,21,,
T,2026-07-18 13:17:47.000,26.42320333,-80.15323667,1.90,7.402,-27.802,1.638,212,17,21,,
T,2026-07-18 13:17:48.000,26.42319500,-80.15324333,2.00,7.802,-27.802,1.589,195,18,21,,
T,2026-07-18 13:17:49.000,26.42318500,-80.15324667,2.00,8.202,-27.802,1.573,179,17,21,,
T,2026-07-18 13:17:50.000,26.42317167,-80.15324333,2.00,8.502,-27.802,1.528,167,17,21,,
T,2026-07-18 13:17:51.000,26.42316167,-80.15324167,2.10,8.702,-27.802,1.447,175,17,21,,
T,2026-07-18 13:17:52.000,26.42315333,-80.15324167,2.20,8.902,-27.802,1.377,199,18,21,,
T,2026-07-18 13:17:53.000,26.42314667,-80.15324333,2.20,8.902,-27.802,1.325,191,18,21,,
T,2026-07-18 13:17:54.000,26.42314167,-80.15323833,2.20,8.902,-27.802,1.273,165,18,21,,
T,2026-07-18 13:17:55.000,26.42313000,-80.15323333,2.20,9.002,-27.802,1.232,176,18,21,,
T,2026-07-18 13:17:56.000,26.42311833,-80.15322833,2.20,9.202,-27.802,1.197,161,18,21,,
T,2026-07-18 13:17:57.000,26.42310333,-80.15322333,2.20,9.302,-27.802,1.179,175,18,21,,
T,2026-07-18 13:17:58.000,26.42308333,-80.15321500,2.20,9.602,-27.802,1.225,172,19,21,,
T,2026-07-18 13:17:59.000,26.42306167,-80.15320833,2.20,10.002,-27.802,1.278,178,19,21,,
T,2026-07-18 13:18:00.000,26.42304333,-80.15320667,2.20,10.102,-27.802,1.308,184,19,21,,
T,2026-07-18 13:18:01.000,26.42302667,-80.15320667,2.20,10.602,-27.802,1.352,182,19,21,,
T,2026-07-18 13:18:02.000,26.42301000,-80.15320167,2.10,11.102,-27.802,1.394,170,19,21,,
T,2026-07-18 13:18:03.000,26.42299500,-80.15320500,2.10,11.802,-27.802,1.431,189,18,21,,
T,2026-07-18 13:18:04.000,26.42298000,-80.15321000,2.10,11.802,-27.802,1.485,182,18,21,,
T,2026-07-18 13:18:05.000,26.42297000,-80.15321167,2.00,11.802,-27.802,1.510,172,17,21,,
T,2026-07-18 13:18:06.000,26.42296000,-80.15321167,2.00,11.602,-27.802,1.522,177,17,21,,
T,2026-07-18 13:18:07.000,26.42294500,-80.15321500,2.10,11.602,-27.802,1.520,176,16,21,,
T,2026-07-18 13:18:08.000,26.42293333,-80.15321167,2.10,11.602,-27.802,1.502,170,16,21,,
T,2026-07-18 13:18:09.000,26.42291667,-80.15321167,2.10,11.802,-27.802,1.419,169,15,21,,
T,2026-07-18 13:18:10.000,26.42291000,-80.15321833,2.00,11.702,-27.802,1.380,187,15,21,,
T,2026-07-18 13:18:11.000,26.42289500,-80.15322000,1.90,11.902,-27.802,1.353,192,17,21,,
T,2026-07-18 13:18:12.000,26.42287667,-80.15322333,1.90,11.802,-27.802,1.334,192,16,21,,
T,2026-07-18 13:18:13.000,26.42286167,-80.15321833,1.80,11.602,-27.802,1.320,177,17,21,,
T,2026-07-18 13:18:14.000,26.42284500,-80.15321167,1.70,11.702,-27.802,1.289,174,17,21,,
T,2026-07-18 13:18:15.000,26.42282833,-80.15321000,1.80,12.202,-27.802,1.283,189,18,21,,
T,2026-07-18 13:18:16.000,26.42281167,-80.15321000,1.80,12.902,-27.802,1.294,181,18,21,,
T,2026-07-18 13:18:17.000,26.42279500,-80.15320333,1.80,13.102,-27.802,1.301,172,18,21,,
T,2026-07-18 13:18:18.000,26.42277833,-80.15319833,1.80,13.002,-27.802,1.295,171,18,21,,
T,2026-07-18 13:18:19.000,26.42276333,-80.15319500,1.70,13.302,-27.802,1.345,162,18,21,,
T,2026-07-18 13:18:20.000,26.42275667,-80.15319667,1.70,12.802,-27.802,1.320,156,18,21,,
T,2026-07-18 13:18:21.000,26.42274500,-80.15320167,1.70,12.202,-27.802,1.375,190,18,21,,
T,2026-07-18 13:18:22.000,26.42273167,-80.15321000,1.70,11.802,-27.802,1.438,209,18,21,,
T,2026-07-18 13:18:23.000,26.42271000,-80.15321667,1.80,11.902,-27.802,1.465,178,18,21,,
T,2026-07-18 13:18:24.000,26.42269833,-80.15321833,1.80,11.602,-27.802,1.507,171,18,21,,
T,2026-07-18 13:18:25.000,26.42268667,-80.15321000,1.70,11.102,-27.802,1.523,152,18,21,,
T,2026-07-18 13:18:26.000,26.42267333,-80.15320000,1.70,10.602,-27.802,1.550,129,18,21,,
T,2026-07-18 13:18:27.000,26.42266667,-80.15318833,1.70,9.902,-27.802,1.539,132,18,21,,
T,2026-07-18 13:18:28.000,26.42266167,-80.15317167,1.60,9.302,-27.802,1.507,114,18,21,,
T,2026-07-18 13:18:29.000,26.42265833,-80.15315333,1.60,8.802,-27.802,1.494,101,18,21,,
T,2026-07-18 13:18:30.000,26.42265500,-80.15313667,1.60,8.302,-27.802,1.564,104,18,21,,
T,2026-07-18 13:18:31.000,26.42265000,-80.15312167,1.60,8.002,-27.802,1.570,106,18,21,,
T,2026-07-18 13:18:32.000,26.42264500,-80.15310333,1.60,7.503,-27.803,1.560,108,18,21,,
T,2026-07-18 13:18:33.000,26.42263833,-80.15308833,1.60,7.103,-27.803,1.574,113,18,21,,
T,2026-07-18 13:18:34.000,26.42262833,-80.15307167,1.60,7.403,-27.803,1.578,115,17,21,,
T,2026-07-18 13:18:35.000,26.42262000,-80.15305500,1.70,6.803,-27.803,1.602,115,17,21,,
T,2026-07-18 13:18:36.000,26.42261333,-80.15303833,1.70,6.203,-27.803,1.647,115,16,21,,
T,2026-07-18 13:18:37.000,26.42260500,-80.15302167,1.70,5.903,-27.803,1.715,119,16,21,,
T,2026-07-18 13:18:38.000,26.42259667,-80.15300333,1.70,5.303,-27.803,1.810,120,17,21,,
T,2026-07-18 13:18:39.000,26.42258667,-80.15298667,1.70,5.403,-27.803,1.841,120,17,21,,
T,2026-07-18 13:18:40.000,26.42257500,-80.15297000,1.70,5.203,-27.803,1.868,126,17,21,,
T,2026-07-18 13:18:41.000,26.42256333,-80.15295333,1.70,5.103,-27.803,1.878,122,17,21,,
T,2026-07-18 13:18:42.000,26.42255500,-80.15293667,1.70,5.103,-27.803,1.888,122,17,21,,
T,2026-07-18 13:18:43.000,26.42254667,-80.15292167,1.70,5.403,-27.803,1.880,126,18,21,,
T,2026-07-18 13:18:44.000,26.42253667,-80.15291000,1.70,5.803,-27.803,1.856,121,18,21,,
T,2026-07-18 13:18:45.000,26.42252500,-80.15289333,1.70,5.903,-27.803,1.847,136,18,21,,
T,2026-07-18 13:18:46.000,26.42251333,-80.15288000,1.60,5.703,-27.803,1.809,149,18,21,,
T,2026-07-18 13:18:47.000,26.42250333,-80.15286500,1.70,5.503,-27.803,1.798,127,18,21,,
T,2026-07-18 13:18:48.000,26.42249000,-80.15285167,1.70,5.503,-27.803,1.776,131,18,21,,
T,2026-07-18 13:18:49.000,26.42247667,-80.15283500,1.70,5.504,-27.804,1.796,129,18,21,,
T,2026-07-18 13:18:50.000,26.42246500,-80.15282000,1.70,6.004,-27.804,1.814,124,18,21,,
T,2026-07-18 13:18:51.000,26.42245500,-80.15280500,1.70,7.104,-27.804,1.815,134,18,21,,
T,2026-07-18 13:18:52.000,26.42244167,-80.15279167,1.70,7.304,-27.804,1.785,152,18,21,,
T,2026-07-18 13:18:53.000,26.42242833,-80.15278333,1.70,7.204,-27.804,1.765,168,18,21,,
T,2026-07-18 13:18:54.000,26.42241333,-80.15277333,1.70,6.904,-27.804,1.771,161,18,21,,
T,2026-07-18 13:18:55.000,26.42240167,-80.15276500,1.70,6.604,-27.804,1.797,128,18,21,,
T,2026-07-18 13:18:56.000,26.42239167,-80.15274167,1.80,6.604,-27.804,1.844,136,18,21,,
T,2026-07-18 13:18:57.000,26.42237667,-80.15272500,1.80,7.004,-27.804,1.875,138,18,21,,
T,2026-07-18 13:18:58.000,26.42236167,-80.15271500,1.80,7.404,-27.804,1.898,142,18,21,,
T,2026-07-18 13:18:59.000,26.42234833,-80.15270167,1.70,7.204,-27.804,1.880,148,18,21,,
T,2026-07-18 13:19:00.000,26.42233667,-80.15269000,1.70,7.204,-27.804,1.848,143,18,21,,
T,2026-07-18 13:19:01.000,26.42232500,-80.15267667,1.70,7.104,-27.804,1.849,141,18,21,,
T,2026-07-18 13:19:02.000,26.42231333,-80.15266167,1.70,6.904,-27.804,1.870,144,18,21,,
T,2026-07-18 13:19:03.000,26.42230333,-80.15265000,1.70,7.204,-27.804,1.914,146,18,21,,
T,2026-07-18 13:19:04.000,26.42228833,-80.15264000,1.70,7.404,-27.804,1.952,147,18,21,,
T,2026-07-18 13:19:05.000,26.42227167,-80.15263000,1.70,7.804,-27.804,1.943,150,18,21,,
T,2026-07-18 13:19:06.000,26.42226000,-80.15261833,1.70,7.704,-27.804,1.925,150,18,21,,
T,2026-07-18 13:19:07.000,26.42224500,-80.15260667,1.70,7.604,-27.804,1.876,152,18,21,,
T,2026-07-18 13:19:08.000,26.42223000,-80.15259833,1.70,7.404,-27.804,1.849,152,18,21,,
T,2026-07-18 13:19:09.000,26.42221167,-80.15258500,1.70,7.604,-27.804,1.835,157,18,21,,
T,2026-07-18 13:19:10.000,26.42219667,-80.15257333,1.60,7.704,-27.804,1.839,154,18,21,,
T,2026-07-18 13:19:11.000,26.42218167,-80.15256500,1.60,7.804,-27.804,1.840,156,18,21,,
T,2026-07-18 13:19:12.000,26.42216333,-80.15255667,1.60,7.805,-27.805,1.851,155,18,21,,
T,2026-07-18 13:19:13.000,26.42214667,-80.15254833,1.60,7.505,-27.805,1.839,156,18,21,,
T,2026-07-18 13:19:14.000,26.42213167,-80.15254167,1.60,7.205,-27.805,1.827,157,18,21,,
T,2026-07-18 13:19:15.000,26.42211667,-80.15253500,1.60,7.205,-27.805,1.828,159,18,21,,
T,2026-07-18 13:19:16.000,26.42210167,-80.15252667,1.60,7.005,-27.805,1.831,157,18,21,,
T,2026-07-18 13:19:17.000,26.42208667,-80.15252000,1.60,7.005,-27.805,1.866,158,18,21,,
T,2026-07-18 13:19:18.000,26.42207167,-80.15251333,1.60,7.205,-27.805,1.878,161,18,21,,
T,2026-07-18 13:19:19.000,26.42206000,-80.15250667,1.60,7.405,-27.805,1.908,160,18,21,,
T,2026-07-18 13:19:20.000,26.42205000,-80.15250000,1.60,7.905,-27.805,1.914,163,18,21,,
T,2026-07-18 13:19:21.000,26.42203833,-80.15249333,1.60,7.805,-27.805,1.919,162,18,21,,
T,2026-07-18 13:19:22.000,26.42202167,-80.15248833,1.60,7.405,-27.805,1.917,166,18,21,,
T,2026-07-18 13:19:23.000,26.42200500,-80.15248500,1.70,7.405,-27.805,1.928,165,18,21,,
T,2026-07-18 13:19:24.000,26.42198833,-80.15248000,1.60,7.505,-27.805,1.927,164,18,21,,
T,2026-07-18 13:19:25.000,26.42196667,-80.15247667,1.60,7.405,-27.805,1.932,168,17,21,,
T,2026-07-18 13:19:26.000,26.42194667,-80.15247333,1.60,7.405,-27.805,1.938,166,17,21,,
T,2026-07-18 13:19:27.000,26.42193167,-80.15246833,1.60,7.705,-27.805,1.930,167,16,21,,
T,2026-07-18 13:19:28.000,26.42191500,-80.15246667,1.60,7.605,-27.805,1.917,171,17,21,,
T,2026-07-18 13:19:29.000,26.42189833,-80.15246667,1.60,7.305,-27.805,1.910,169,17,21,,
T,2026-07-18 13:19:30.000,26.42188167,-80.15246333,1.60,6.905,-27.805,1.902,173,17,22,,
T,2026-07-18 13:19:31.000,26.42186500,-80.15246167,1.60,6.805,-27.805,1.895,173,18,22,,
T,2026-07-18 13:19:32.000,26.42184667,-80.15246000,1.60,6.705,-27.805,1.900,174,18,22,,
T,2026-07-18 13:19:33.000,26.42183000,-80.15245833,1.60,6.605,-27.805,1.895,177,18,22,,
T,2026-07-18 13:19:34.000,26.42181167,-80.15245667,1.60,6.205,-27.805,1.908,176,18,22,,
T,2026-07-18 13:19:35.000,26.42179333,-80.15245500,1.60,6.205,-27.805,1.905,176,18,22,,
T,2026-07-18 13:19:36.000,26.42177333,-80.15245333,1.70,6.105,-27.805,1.900,180,18,22,,
T,2026-07-18 13:19:37.000,26.42175500,-80.15245000,1.60,6.105,-27.805,1.904,178,18,22,,
T,2026-07-18 13:19:38.000,26.42173833,-80.15245000,1.60,6.005,-27.805,1.912,175,17,22,,
T,2026-07-18 13:19:39.000,26.42172333,-80.15245000,1.60,6.105,-27.805,1.911,178,18,22,,
T,2026-07-18 13:19:40.000,26.42170500,-80.15244833,1.60,6.305,-27.805,1.906,179,18,22,,
T,2026-07-18 13:19:41.000,26.42168833,-80.15244833,1.60,6.205,-27.805,1.918,176,18,22,,
T,2026-07-18 13:19:42.000,26.42167333,-80.15244500,1.60,6.005,-27.805,1.911,176,17,22,,
T,2026-07-18 13:19:43.000,26.42166000,-80.15244667,1.60,5.905,-27.805,1.900,178,19,22,,
T,2026-07-18 13:19:44.000,26.42164000,-80.15244333,1.60,5.805,-27.805,1.886,176,19,22,,
T,2026-07-18 13:19:45.000,26.42162167,-80.15244500,1.60,6.005,-27.805,1.879,176,19,22,,
T,2026-07-18 13:19:46.000,26.42160667,-80.15244500,1.60,6.005,-27.805,1.858,183,19,22,,
T,2026-07-18 13:19:47.000,26.42159000,-80.15244500,1.60,5.905,-27.805,1.841,180,19,22,,
T,2026-07-18 13:19:48.000,26.42157167,-80.15244667,1.60,5.905,-27.805,1.838,178,19,22,,
T,2026-07-18 13:19:49.000,26.42155500,-80.15244500,1.60,5.905,-27.805,1.826,176,19,22,,
T,2026-07-18 13:19:50.000,26.42153833,-80.15244667,1.60,6.205,-27.805,1.831,181,19,22,,
T,2026-07-18 13:19:51.000,26.42152000,-80.15244833,1.60,6.505,-27.805,1.828,178,19,22,,
T,2026-07-18 13:19:52.000,26.42150333,-80.15245333,1.60,6.905,-27.805,1.816,184,19,22,,
T,2026-07-18 13:19:53.000,26.42148833,-80.15245500,1.60,7.405,-27.805,1.800,183,19,22,,
T,2026-07-18 13:19:54.000,26.42147500,-80.15245833,1.60,7.705,-27.805,1.760,180,19,22,,
T,2026-07-18 13:19:55.000,26.42145833,-80.15245500,1.60,7.305,-27.805,1.753,182,19,22,,
T,2026-07-18 13:19:56.000,26.42144000,-80.15245167,1.60,6.605,-27.805,1.749,188,19,22,,
T,2026-07-18 13:19:57.000,26.42142167,-80.15245000,1.60,6.005,-27.805,1.752,182,19,22,,
T,2026-07-18 13:19:58.000,26.42140333,-80.15244833,1.60,5.505,-27.805,1.748,183,19,22,,
T,2026-07-18 13:19:59.000,26.42138500,-80.15245000,1.60,5.405,-27.805,1.764,186,19,22,,
T,2026-07-18 13:20:00.000,26.42136833,-80.15245333,1.60,5.204,-27.804,1.754,179,19,22,,
T,2026-07-18 13:20:01.000,26.42135167,-80.15245167,1.60,5.104,-27.804,1.750,182,19,22,,
T,2026-07-18 13:20:02.000,26.42133500,-80.15245167,1.60,5.004,-27.804,1.753,180,19,22,,
T,2026-07-18 13:20:03.000,26.42132167,-80.15244833,1.60,4.704,-27.804,1.772,180,19,22,,
T,2026-07-18 13:20:04.000,26.42130500,-80.15244333,1.60,4.304,-27.804,1.810,179,18,22,,
T,2026-07-18 13:20:05.000,26.42128500,-80.15244500,1.60,4.504,-27.804,1.812,178,18,22,,
T,2026-07-18 13:20:06.000,26.42126500,-80.15244500,1.60,4.204,-27.804,1.822,182,18,22,,
T,2026-07-18 13:20:07.000,26.42124667,-80.15244500,1.60,4.004,-27.804,1.833,172,19,22,,
T,2026-07-18 13:20:08.000,26.42123167,-80.15244333,1.60,4.404,-27.804,1.846,173,19,22,,
T,2026-07-18 13:20:09.000,26.42121333,-80.15244000,1.60,4.904,-27.804,1.839,179,19,22,,
T,2026-07-18 13:20:10.000,26.42119833,-80.15243667,1.60,5.704,-27.804,1.838,178,19,22,,
T,2026-07-18 13:20:11.000,26.42118000,-80.15243500,1.60,6.504,-27.804,1.815,180,19,22,,
T,2026-07-18 13:20:12.000,26.42116500,-80.15243667,1.60,6.804,-27.804,1.819,178,18,22,,
T,2026-07-18 13:20:13.000,26.42115000,-80.15243667,1.60,6.704,-27.804,1.813,179,18,22,,
T,2026-07-18 13:20:14.000,26.42113500,-80.15244167,1.60,6.604,-27.804,1.817,179,18,22,,
T,2026-07-18 13:20:15.000,26.42112000,-80.15244167,1.60,6.604,-27.804,1.821,177,18,22,,
T,2026-07-18 13:20:16.000,26.42110500,-80.15244333,1.60,6.604,-27.804,1.831,176,18,22,,
T,2026-07-18 13:20:17.000,26.42108833,-80.15244333,1.60,6.604,-27.804,1.826,175,18,22,,
T,2026-07-18 13:20:18.000,26.42107000,-80.15244333,1.60,6.804,-27.804,1.823,179,19,22,,
T,2026-07-18 13:20:19.000,26.42105333,-80.15244333,1.60,6.504,-27.804,1.825,179,19,22,,
T,2026-07-18 13:20:20.000,26.42103667,-80.15244000,1.60,6.304,-27.804,1.841,178,18,22,,
T,2026-07-18 13:20:21.000,26.42102000,-80.15243833,1.60,6.104,-27.804,1.866,177,18,22,,
T,2026-07-18 13:20:22.000,26.42100333,-80.15243667,1.60,6.004,-27.804,1.864,178,19,22,,
T,2026-07-18 13:20:23.000,26.42098333,-80.15243833,1.60,6.004,-27.804,1.872,178,19,22,,
T,2026-07-18 13:20:24.000,26.42096333,-80.15244000,1.60,6.204,-27.804,1.881,180,19,22,,
T,2026-07-18 13:20:25.000,26.42094333,-80.15244167,1.60,6.104,-27.804,1.886,179,19,22,,
T,2026-07-18 13:20:26.000,26.42092833,-80.15244167,1.60,5.904,-27.804,1.893,181,19,22,,
T,2026-07-18 13:20:27.000,26.42091167,-80.15244000,1.60,5.904,-27.804,1.890,176,19,22,,
T,2026-07-18 13:20:28.000,26.42089500,-80.15244000,1.60,5.804,-27.804,1.882,177,19,22,,
T,2026-07-18 13:20:29.000,26.42087667,-80.15243667,1.60,5.804,-27.804,1.881,180,19,22,,
T,2026-07-18 13:20:30.000,26.42085833,-80.15243333,1.60,5.604,-27.804,1.878,180,19,22,,
T,2026-07-18 13:20:31.000,26.42084000,-80.15243333,1.60,5.504,-27.804,1.872,178,18,22,,
T,2026-07-18 13:20:32.000,26.42082333,-80.15243167,1.60,5.104,-27.804,1.886,178,19,22,,
T,2026-07-18 13:20:33.000,26.42080500,-80.15243000,1.60,5.004,-27.804,1.885,181,19,22,,
T,2026-07-18 13:20:34.000,26.42078833,-80.15242833,1.60,4.804,-27.804,1.878,178,19,22,,
T,2026-07-18 13:20:35.000,26.42077167,-80.15242667,1.60,4.704,-27.804,1.898,183,19,22,,
T,2026-07-18 13:20:36.000,26.42075333,-80.15243000,1.60,4.604,-27.804,1.886,182,19,22,,
T,2026-07-18 13:20:37.000,26.42073667,-80.15243167,1.60,4.504,-27.804,1.897,179,18,22,,
T,2026-07-18 13:20:38.000,26.42072000,-80.15243000,1.60,4.604,-27.804,1.898,180,19,22,,
T,2026-07-18 13:20:39.000,26.42070167,-80.15243000,1.60,4.804,-27.804,1.899,178,19,22,,
T,2026-07-18 13:20:40.000,26.42068667,-80.15243000,1.60,4.904,-27.804,1.898,179,18,22,,
T,2026-07-18 13:20:41.000,26.42066833,-80.15243000,1.60,5.204,-27.804,1.898,178,19,22,,
T,2026-07-18 13:20:42.000,26.42064833,-80.15243167,1.60,5.204,-27.804,1.894,179,18,22,,
T,2026-07-18 13:20:43.000,26.42062500,-80.15243500,1.60,5.004,-27.804,1.892,180,19,22,,
T,2026-07-18 13:20:44.000,26.42060667,-80.15243833,1.60,5.304,-27.804,1.883,180,19,22,,
T,2026-07-18 13:20:45.000,26.42059000,-80.15244000,1.60,5.604,-27.804,1.858,181,19,22,,
T,2026-07-18 13:20:46.000,26.42057333,-80.15244167,1.60,5.904,-27.804,1.857,181,19,22,,
T,2026-07-18 13:20:47.000,26.42055667,-80.15243833,1.60,5.804,-27.804,1.851,179,18,22,,
T,2026-07-18 13:20:48.000,26.42053833,-80.15243667,1.60,5.504,-27.804,1.857,179,19,22,,
T,2026-07-18 13:20:49.000,26.42052333,-80.15243167,1.60,5.304,-27.804,1.843,182,19,22,,
T,2026-07-18 13:20:50.000,26.42051167,-80.15243000,1.60,5.104,-27.804,1.844,178,19,22,,
T,2026-07-18 13:20:51.000,26.42049833,-80.15243000,1.60,5.204,-27.804,1.835,182,19,22,,
T,2026-07-18 13:20:52.000,26.42048500,-80.15243333,1.60,5.004,-27.804,1.843,179,19,22,,
T,2026-07-18 13:20:53.000,26.42047000,-80.15243333,1.60,5.104,-27.804,1.841,179,19,22,,
T,2026-07-18 13:20:54.000,26.42045333,-80.15243333,1.60,5.004,-27.804,1.834,180,19,22,,
T,2026-07-18 13:20:55.000,26.42043333,-80.15243667,1.60,5.104,-27.804,1.843,181,19,22,,
T,2026-07-18 13:20:56.000,26.42041833,-80.15244000,1.60,5.304,-27.804,1.850,183,19,22,,
T,2026-07-18 13:20:57.000,26.42040167,-80.15243833,1.60,5.404,-27.804,1.861,179,19,22,,
T,2026-07-18 13:20:58.000,26.42038333,-80.15243833,1.60,5.904,-27.804,1.860,180,19,22,,
T,2026-07-18 13:20:59.000,26.42036500,-80.15243833,1.60,6.104,-27.804,1.865,182,19,22,,
T,2026-07-18 13:21:00.000,26.42034500,-80.15243833,1.60,6.204,-27.804,1.880,180,18,22,,
T,2026-07-18 13:21:01.000,26.42032833,-80.15243667,1.70,6.104,-27.804,1.872,178,19,22,,
T,2026-07-18 13:21:02.000,26.42031000,-80.15243667,1.60,5.904,-27.804,1.841,171,19,22,,
T,2026-07-18 13:21:03.000,26.42029500,-80.15243500,1.60,5.904,-27.804,1.843,178,19,22,,
T,2026-07-18 13:21:04.000,26.42028000,-80.15243500,1.60,6.104,-27.804,1.857,178,20,22,,
T,2026-07-18 13:21:05.000,26.42026333,-80.15243333,1.60,6.204,-27.804,1.850,176,20,22,,
T,2026-07-18 13:21:06.000,26.42024833,-80.15243167,1.60,6.304,-27.804,1.840,175,20,22,,
T,2026-07-18 13:21:07.000,26.42023500,-80.15243000,1.60,6.704,-27.804,1.833,174,20,22,,
T,2026-07-18 13:21:08.000,26.42021667,-80.15242833,1.60,7.204,-27.804,1.827,174,20,22,,
T,2026-07-18 13:21:09.000,26.42019833,-80.15242833,1.60,7.504,-27.804,1.824,176,20,22,,
T,2026-07-18 13:21:10.000,26.42018333,-80.15242833,1.60,7.604,-27.804,1.794,179,20,22,,
T,2026-07-18 13:21:11.000,26.42016667,-80.15242667,1.60,7.804,-27.804,1.808,174,20,22,,
T,2026-07-18 13:21:12.000,26.42014833,-80.15242333,1.60,7.804,-27.804,1.816,171,20,22,,
T,2026-07-18 13:21:13.000,26.42013167,-80.15242000,1.60,7.704,-27.804,1.811,177,20,22,,
T,2026-07-18 13:21:14.000,26.42011500,-80.15241833,1.60,7.304,-27.804,1.811,177,20,22,,
T,2026-07-18 13:21:15.000,26.42010000,-80.15241833,1.60,7.204,-27.804,1.805,175,20,22,,
T,2026-07-18 13:21:16.000,26.42008500,-80.15241833,1.60,7.104,-27.804,1.803,178,20,22,,
T,2026-07-18 13:21:17.000,26.42007167,-80.15241667,1.70,7.004,-27.804,1.773,179,20,22,,
T,2026-07-18 13:21:18.000,26.42005667,-80.15241667,1.70,6.804,-27.804,1.753,177,20,22,,
T,2026-07-18 13:21:19.000,26.42004000,-80.15241667,1.70,6.704,-27.804,1.754,179,20,22,,
T,2026-07-18 13:21:20.000,26.42002333,-80.15241667,1.70,6.704,-27.804,1.773,182,20,22,,
T,2026-07-18 13:21:21.000,26.42000667,-80.15241667,1.70,6.604,-27.804,1.777,184,20,22,,
T,2026-07-18 13:21:22.000,26.41998833,-80.15242000,1.70,6.404,-27.804,1.789,186,20,22,,
T,2026-07-18 13:21:23.000,26.41997000,-80.15242333,1.70,6.104,-27.804,1.800,189,20,22,,
T,2026-07-18 13:21:24.000,26.41995167,-80.15242833,1.70,5.804,-27.804,1.805,180,20,22,,
T,2026-07-18 13:21:25.000,26.41993333,-80.15243167,1.70,5.304,-27.804,1.812,190,20,22,,
T,2026-07-18 13:21:26.000,26.41991500,-80.15243333,1.70,5.204,-27.804,1.824,186,20,22,,
T,2026-07-18 13:21:27.000,26.41989667,-80.15243667,1.70,5.104,-27.804,1.835,192,20,22,,
T,2026-07-18 13:21:28.000,26.41988333,-80.15244333,1.70,5.104,-27.804,1.850,195,19,22,,
T,2026-07-18 13:21:29.000,26.41986500,-80.15245000,1.70,5.004,-27.804,1.843,202,20,22,,
T,2026-07-18 13:21:30.000,26.41984833,-80.15245667,1.70,4.804,-27.804,1.858,199,20,22,,
T,2026-07-18 13:21:31.000,26.41982833,-80.15246333,1.70,5.004,-27.804,1.857,197,19,22,,
T,2026-07-18 13:21:32.000,26.41981167,-80.15246833,1.70,5.604,-27.804,1.864,198,19,22,,
T,2026-07-18 13:21:33.000,26.41980000,-80.15247167,1.70,6.204,-27.804,1.851,198,20,22,,
T,2026-07-18 13:21:34.000,26.41978333,-80.15247500,1.70,6.904,-27.804,1.842,203,20,22,,
T,2026-07-18 13:21:35.000,26.41976500,-80.15248167,1.70,6.803,-27.803,1.839,202,20,22,,
T,2026-07-18 13:21:36.000,26.41974667,-80.15248500,1.60,6.603,-27.803,1.820,205,20,22,,
T,2026-07-18 13:21:37.000,26.41973167,-80.15249167,1.60,6.403,-27.803,1.830,208,20,22,,
T,2026-07-18 13:21:38.000,26.41971667,-80.15250167,1.60,6.303,-27.803,1.841,204,20,22,,
T,2026-07-18 13:21:39.000,26.41970333,-80.15251167,1.70,6.003,-27.803,1.854,209,19,22,,
T,2026-07-18 13:21:40.000,26.41969167,-80.15252333,1.70,5.803,-27.803,1.850,216,18,22,,
T,2026-07-18 13:21:41.000,26.41967500,-80.15253167,1.60,5.503,-27.803,1.852,213,18,21,,
T,2026-07-18 13:21:42.000,26.41966167,-80.15254333,1.70,5.103,-27.803,1.851,214,19,21,,
T,2026-07-18 13:21:43.000,26.41964667,-80.15255167,1.70,5.103,-27.803,1.875,211,19,21,,
T,2026-07-18 13:21:44.000,26.41963000,-80.15256000,1.70,5.203,-27.803,1.861,216,19,21,,
T,2026-07-18 13:21:45.000,26.41961333,-80.15257000,1.70,5.203,-27.803,1.855,219,19,21,,
T,2026-07-18 13:21:46.000,26.41959667,-80.15258333,1.60,5.303,-27.803,1.874,223,19,21,,
T,2026-07-18 13:21:47.000,26.41958167,-80.15259667,1.60,5.203,-27.803,1.881,222,19,21,,
T,2026-07-18 13:21:48.000,26.41956833,-80.15261167,1.60,5.203,-27.803,1.880,224,19,21,,
T,2026-07-18 13:21:49.000,26.41955667,-80.15262667,1.70,5.203,-27.803,1.880,231,19,21,,
T,2026-07-18 13:21:50.000,26.41954833,-80.15264000,1.70,4.803,-27.803,1.866,228,19,21,,
T,2026-07-18 13:21:51.000,26.41953833,-80.15266000,1.60,4.903,-27.803,1.860,229,19,21,,
T,2026-07-18 13:21:52.000,26.41953000,-80.15267833,1.60,4.903,-27.803,1.844,229,19,21,,
T,2026-07-18 13:21:53.000,26.41951833,-80.15269333,1.60,5.102,-27.802,1.825,229,19,21,,
T,2026-07-18 13:21:54.000,26.41950500,-80.15270667,1.60,5.302,-27.802,1.845,231,19,21,,
T,2026-07-18 13:21:55.000,26.41949500,-80.15272167,1.60,5.402,-27.802,1.848,234,18,21,,
T,2026-07-18 13:21:56.000,26.41948500,-80.15273833,1.70,5.502,-27.802,1.850,233,18,21,,
T,2026-07-18 13:21:57.000,26.41947167,-80.15275500,1.60,6.002,-27.802,1.844,234,19,21,,
T,2026-07-18 13:21:58.000,26.41945833,-80.15277000,1.60,6.402,-27.802,1.851,231,18,21,,
T,2026-07-18 13:21:59.000,26.41944667,-80.15278667,1.60,6.602,-27.802,1.858,238,18,21,,
T,2026-07-18 13:22:00.000,26.41943500,-80.15280333,1.60,6.602,-27.802,1.854,238,18,21,,
T,2026-07-18 13:22:01.000,26.41942667,-80.15282000,1.60,6.802,-27.802,1.854,237,18,21,,
T,2026-07-18 13:22:02.000,26.41941500,-80.15283500,1.60,7.102,-27.802,1.857,240,19,21,,
T,2026-07-18 13:22:03.000,26.41941000,-80.15285167,1.70,7.102,-27.802,1.867,246,19,21,,
T,2026-07-18 13:22:04.000,26.41940333,-80.15286833,1.70,7.302,-27.802,1.865,256,19,21,,
T,2026-07-18 13:22:05.000,26.41940000,-80.15288333,1.80,7.402,-27.802,1.869,239,19,21,,
T,2026-07-18 13:22:06.000,26.41939333,-80.15290167,1.70,7.802,-27.802,1.869,244,17,21,,
T,2026-07-18 13:22:07.000,26.41938667,-80.15292500,1.70,7.801,-27.801,1.871,252,18,21,,
T,2026-07-18 13:22:08.000,26.41938500,-80.15294500,1.70,7.701,-27.801,1.852,262,19,21,,
T,2026-07-18 13:22:09.000,26.41938167,-80.15296167,1.70,7.601,-27.801,1.837,252,19,21,,
T,2026-07-18 13:22:10.000,26.41937667,-80.15297500,1.70,7.501,-27.801,1.829,248,19,21,,
T,2026-07-18 13:22:11.000,26.41937167,-80.15298833,1.70,7.401,-27.801,1.839,247,18,21,,
T,2026-07-18 13:22:12.000,26.41937000,-80.15300167,1.70,7.201,-27.801,1.857,253,18,21,,
T,2026-07-18 13:22:13.000,26.41936500,-80.15301833,1.70,6.901,-27.801,1.857,257,18,21,,
T,2026-07-18 13:22:14.000,26.41936167,-80.15303167,1.70,6.601,-27.801,1.845,261,17,21,,
T,2026-07-18 13:22:15.000,26.41935833,-80.15304667,1.70,6.401,-27.801,1.841,262,17,21,,
T,2026-07-18 13:22:16.000,26.41935333,-80.15306333,1.70,6.501,-27.801,1.831,256,18,21,,
T,2026-07-18 13:22:17.000,26.41934833,-80.15308167,1.70,6.001,-27.801,1.859,256,17,21,,
T,2026-07-18 13:22:18.000,26.41934167,-80.15310333,1.70,6.201,-27.801,1.865,263,18,21,,
T,2026-07-18 13:22:19.000,26.41933500,-80.15312333,1.70,6.301,-27.801,1.867,267,18,21,,
T,2026-07-18 13:22:20.000,26.41933500,-80.15314167,1.60,6.401,-27.801,1.866,268,19,21,,
T,2026-07-18 13:22:21.000,26.41933333,-80.15316000,1.50,6.200,-27.800,1.858,269,19,21,,
T,2026-07-18 13:22:22.000,26.41933500,-80.15317833,1.50,6.100,-27.800,1.845,270,19,21,,
T,2026-07-18 13:22:23.000,26.41933500,-80.15319667,1.40,6.200,-27.800,1.839,272,19,21,,
T,2026-07-18 13:22:24.000,26.41933500,-80.15321833,1.40,6.400,-27.800,1.856,274,19,21,,
T,2026-07-18 13:22:25.000,26.41933500,-80.15323833,1.40,6.700,-27.800,1.852,274,19,21,,
T,2026-07-18 13:22:26.000,26.41933500,-80.15325833,1.50,7.000,-27.800,1.856,277,18,21,,
T,2026-07-18 13:22:27.000,26.41933333,-80.15327667,1.60,7.200,-27.800,1.829,278,18,21,,
T,2026-07-18 13:22:28.000,26.41933500,-80.15329167,1.60,7.600,-27.800,1.840,283,19,21,,
T,2026-07-18 13:22:29.000,26.41933667,-80.15330667,1.60,7.900,-27.800,1.845,281,19,21,,
T,2026-07-18 13:22:30.000,26.41934000,-80.15332333,1.60,8.200,-27.800,1.851,282,19,21,,
T,2026-07-18 13:22:31.000,26.41934333,-80.15333833,1.60,8.400,-27.800,1.864,279,19,21,,
T,2026-07-18 13:22:32.000,26.41934667,-80.15335500,1.70,8.900,-27.800,1.884,281,19,21,,
T,2026-07-18 13:22:33.000,26.41935000,-80.15337333,1.70,9.300,-27.800,1.873,291,19,21,,
T,2026-07-18 13:22:34.000,26.41935667,-80.15339167,1.70,9.400,-27.800,1.873,285,19,21,,
T,2026-07-18 13:22:35.000,26.41936167,-80.15340833,1.60,9.499,-27.799,1.881,290,19,21,,
T,2026-07-18 13:22:36.000,26.41936667,-80.15342333,1.60,9.599,-27.799,1.876,295,19,21,,
T,2026-07-18 13:22:37.000,26.41937167,-80.15344000,1.60,9.499,-27.799,1.876,296,19,21,,
T,2026-07-18 13:22:38.000,26.41937667,-80.15345833,1.60,9.099,-27.799,1.871,294,19,21,,
T,2026-07-18 13:22:39.000,26.41938500,-80.15348000,1.60,8.699,-27.799,1.863,294,19,21,,
T,2026-07-18 13:22:40.000,26.41939500,-80.15350000,1.60,8.899,-27.799,1.861,297,19,21,,
T,2026-07-18 13:22:41.000,26.41940833,-80.15352000,1.60,8.999,-27.799,1.852,302,19,21,,
T,2026-07-18 13:22:42.000,26.41942000,-80.15354000,1.70,9.499,-27.799,1.833,297,19,21,,
T,2026-07-18 13:22:43.000,26.41943333,-80.15356167,1.70,10.099,-27.799,1.862,305,19,21,,
T,2026-07-18 13:22:44.000,26.41945000,-80.15358167,1.70,10.299,-27.799,1.846,303,19,21,,
T,2026-07-18 13:22:45.000,26.41946167,-80.15359333,1.70,10.599,-27.799,1.851,303,19,21,,
T,2026-07-18 13:22:46.000,26.41947333,-80.15360667,1.70,10.899,-27.799,1.845,303,19,21,,
T,2026-07-18 13:22:47.000,26.41948000,-80.15361833,1.70,10.699,-27.799,1.853,304,19,21,,
T,2026-07-18 13:22:48.000,26.41948833,-80.15363167,1.70,10.899,-27.799,1.863,307,19,21,,
T,2026-07-18 13:22:49.000,26.41949333,-80.15364333,1.70,11.199,-27.799,1.866,306,19,21,,
T,2026-07-18 13:22:50.000,26.41949500,-80.15365333,1.70,11.799,-27.799,1.873,302,19,21,,
T,2026-07-18 13:22:51.000,26.41949833,-80.15366667,1.70,12.698,-27.798,1.869,301,19,21,,
T,2026-07-18 13:22:52.000,26.41950500,-80.15368500,1.60,12.898,-27.798,1.870,305,19,21,,
T,2026-07-18 13:22:53.000,26.41951500,-80.15370333,1.60,13.198,-27.798,1.857,300,18,21,,
T,2026-07-18 13:22:54.000,26.41952333,-80.15372167,1.60,13.198,-27.798,1.857,298,19,21,,
T,2026-07-18 13:22:55.000,26.41953000,-80.15373667,1.70,13.198,-27.798,1.852,303,19,21,,
T,2026-07-18 13:22:56.000,26.41954000,-80.15375333,1.70,13.298,-27.798,1.879,300,19,21,,
T,2026-07-18 13:22:57.000,26.41955000,-80.15376667,1.70,13.298,-27.798,1.877,302,19,21,,
T,2026-07-18 13:22:58.000,26.41956167,-80.15377833,1.70,13.398,-27.798,1.871,302,19,21,,
T,2026-07-18 13:22:59.000,26.41957500,-80.15379333,1.70,13.398,-27.798,1.876,303,19,21,,
T,2026-07-18 13:23:00.000,26.41958833,-80.15381000,1.70,13.198,-27.798,1.882,303,19,21,,
T,2026-07-18 13:23:01.000,26.41960167,-80.15383000,1.70,12.798,-27.798,1.883,304,19,21,,
T,2026-07-18 13:23:02.000,26.41961333,-80.15385167,1.70,12.498,-27.798,1.905,306,19,21,,
T,2026-07-18 13:23:03.000,26.41962333,-80.15386833,1.70,12.498,-27.798,1.916,305,19,21,,
T,2026-07-18 13:23:04.000,26.41963333,-80.15388333,1.70,12.198,-27.798,1.932,302,19,21,,
T,2026-07-18 13:23:05.000,26.41964333,-80.15390000,1.70,11.798,-27.798,1.956,308,19,21,,
T,2026-07-18 13:23:06.000,26.41965500,-80.15391500,1.70,11.198,-27.798,1.953,301,19,21,,
T,2026-07-18 13:23:07.000,26.41966500,-80.15393167,1.70,10.997,-27.797,1.979,308,19,21,,
T,2026-07-18 13:23:08.000,26.41967167,-80.15394833,1.70,10.797,-27.797,2.003,304,19,21,,
T,2026-07-18 13:23:09.000,26.41968167,-80.15396333,1.70,10.497,-27.797,2.024,304,19,21,,
T,2026-07-18 13:23:10.000,26.41969167,-80.15398167,1.70,10.897,-27.797,2.025,294,19,21,,
T,2026-07-18 13:23:11.000,26.41970167,-80.15399833,1.70,11.197,-27.797,2.047,303,19,21,,
T,2026-07-18 13:23:12.000,26.41971167,-80.15401333,1.70,11.197,-27.797,2.030,308,19,21,,
T,2026-07-18 13:23:13.000,26.41972167,-80.15403667,1.80,11.397,-27.797,2.034,304,19,21,,
T,2026-07-18 13:23:14.000,26.41973333,-80.15405167,1.70,11.297,-27.797,2.050,306,19,21,,
T,2026-07-18 13:23:15.000,26.41974500,-80.15407000,1.80,11.097,-27.797,2.047,307,19,21,,
T,2026-07-18 13:23:16.000,26.41975500,-80.15409000,1.80,11.297,-27.797,2.061,302,19,21,,
T,2026-07-18 13:23:17.000,26.41976333,-80.15410500,1.80,11.097,-27.797,2.035,300,19,21,,
T,2026-07-18 13:23:18.000,26.41977333,-80.15412167,1.80,10.497,-27.797,2.020,298,19,21,,
T,2026-07-18 13:23:19.000,26.41978000,-80.15413833,1.80,10.197,-27.797,1.997,302,19,21,,
T,2026-07-18 13:23:20.000,26.41978667,-80.15415333,1.70,9.697,-27.797,2.008,306,19,21,,
T,2026-07-18 13:23:21.000,26.41979833,-80.15416833,1.80,9.497,-27.797,2.009,310,19,21,,
T,2026-07-18 13:23:22.000,26.41980667,-80.15418500,1.80,9.196,-27.796,2.015,307,19,21,,
T,2026-07-18 13:23:23.000,26.41981833,-80.15420167,1.80,9.296,-27.796,2.006,306,19,21,,
T,2026-07-18 13:23:24.000,26.41983167,-80.15421667,1.80,9.696,-27.796,1.978,297,19,21,,
T,2026-07-18 13:23:25.000,26.41984000,-80.15423667,1.80,9.596,-27.796,1.952,304,19,21,,
T,2026-07-18 13:23:26.000,26.41984667,-80.15425333,1.80,9.296,-27.796,1.922,298,19,21,,
T,2026-07-18 13:23:27.000,26.41985333,-80.15427000,1.80,9.096,-27.796,1.913,303,19,21,,
T,2026-07-18 13:23:28.000,26.41986167,-80.15428500,1.80,8.996,-27.796,1.913,306,19,21,,
T,2026-07-18 13:23:29.000,26.41987167,-80.15430000,1.80,8.896,-27.796,1.923,299,19,21,,
T,2026-07-18 13:23:30.000,26.41988000,-80.15431667,1.80,8.796,-27.796,1.910,299,19,21,,
T,2026-07-18 13:23:31.000,26.41989333,-80.15433667,1.80,8.496,-27.796,1.924,302,18,21,,
T,2026-07-18 13:23:32.000,26.41990167,-80.15435167,1.70,8.096,-27.796,1.916,303,18,21,,
T,2026-07-18 13:23:33.000,26.41991167,-80.15437000,1.80,7.996,-27.796,1.917,304,18,21,,
T,2026-07-18 13:23:34.000,26.41992333,-80.15438667,1.80,7.996,-27.796,1.930,304,19,21,,
T,2026-07-18 13:23:35.000,26.41993333,-80.15440000,1.80,7.496,-27.796,1.937,305,19,21,,
T,2026-07-18 13:23:36.000,26.41994167,-80.15441500,1.80,7.296,-27.796,1.940,305,19,21,,
T,2026-07-18 13:23:37.000,26.41995167,-80.15443000,1.80,7.096,-27.796,1.952,299,19,21,,
T,2026-07-18 13:23:38.000,26.41996167,-80.15444833,1.80,6.895,-27.795,1.938,302,19,21,,
T,2026-07-18 13:23:39.000,26.41997333,-80.15446500,1.80,7.195,-27.795,1.946,303,19,21,,
T,2026-07-18 13:23:40.000,26.41998333,-80.15448000,1.80,7.495,-27.795,1.964,312,19,21,,
T,2026-07-18 13:23:41.000,26.41999667,-80.15449500,1.80,7.295,-27.795,1.972,331,19,21,,
T,2026-07-18 13:23:42.000,26.42000833,-80.15451500,1.90,7.395,-27.795,1.992,311,19,21,,
T,2026-07-18 13:23:43.000,26.42001833,-80.15453500,1.80,7.395,-27.795,1.981,304,19,21,,
T,2026-07-18 13:23:44.000,26.42002500,-80.15455000,1.80,7.595,-27.795,1.971,306,18,21,,
T,2026-07-18 13:23:45.000,26.42003333,-80.15456833,1.80,7.795,-27.795,1.981,306,18,21,,
T,2026-07-18 13:23:46.000,26.42004333,-80.15458500,1.70,7.895,-27.795,2.006,306,19,21,,
T,2026-07-18 13:23:47.000,26.42005500,-80.15460333,1.60,7.595,-27.795,2.042,304,19,21,,
T,2026-07-18 13:23:48.000,26.42006500,-80.15462333,1.60,7.795,-27.795,2.048,301,18,21,,
T,2026-07-18 13:23:49.000,26.42007667,-80.15464333,1.60,7.895,-27.795,2.053,302,19,21,,
T,2026-07-18 13:23:50.000,26.42008667,-80.15466167,1.70,8.095,-27.795,2.049,299,19,21,,
T,2026-07-18 13:23:51.000,26.42009500,-80.15468000,1.60,8.395,-27.795,2.024,301,18,21,,
T,2026-07-18 13:23:52.000,26.42010500,-80.15469833,1.70,8.895,-27.795,2.012,297,19,21,,
T,2026-07-18 13:23:53.000,26.42011333,-80.15471500,1.60,8.794,-27.794,2.037,298,19,21,,
T,2026-07-18 13:23:54.000,26.42012167,-80.15473167,1.60,8.594,-27.794,2.054,299,19,21,,
T,2026-07-18 13:23:55.000,26.42012833,-80.15475000,1.50,8.594,-27.794,2.054,300,19,21,,
T,2026-07-18 13:23:56.000,26.42013833,-80.15476667,1.50,8.494,-27.794,2.050,298,19,21,,
T,2026-07-18 13:23:57.000,26.42014667,-80.15478500,1.50,8.394,-27.794,2.035,298,19,21,,
T,2026-07-18 13:23:58.000,26.42015667,-80.15480333,1.50,8.294,-27.794,2.051,299,19,21,,
T,2026-07-18 13:23:59.000,26.42016667,-80.15482167,1.40,7.994,-27.794,2.059,299,19,21,,
T,2026-07-18 13:24:00.000,26.42017500,-80.15484167,1.40,7.894,-27.794,2.063,297,19,21,,
T,2026-07-18 13:24:01.000,26.42018333,-80.15486000,1.40,7.694,-27.794,2.075,302,19,21,,
T,2026-07-18 13:24:02.000,26.42019500,-80.15487667,1.40,7.594,-27.794,2.086,296,19,21,,
T,2026-07-18 13:24:03.000,26.42020333,-80.15489667,1.40,7.494,-27.794,2.087,297,19,21,,
T,2026-07-18 13:24:04.000,26.42021333,-80.15491500,1.40,7.394,-27.794,2.095,302,19,21,,
T,2026-07-18 13:24:05.000,26.42022333,-80.15493167,1.40,7.194,-27.794,2.111,300,19,21,,
T,2026-07-18 13:24:06.000,26.42023167,-80.15494833,1.40,6.894,-27.794,2.113,299,19,21,,
T,2026-07-18 13:24:07.000,26.42024000,-80.15496500,1.40,6.494,-27.794,2.103,300,19,21,,
T,2026-07-18 13:24:08.000,26.42024833,-80.15498333,1.40,6.393,-27.793,2.102,296,19,21,,
T,2026-07-18 13:24:09.000,26.42025667,-80.15500167,1.40,6.193,-27.793,2.091,296,19,21,,
T,2026-07-18 13:24:10.000,26.42026667,-80.15502000,1.40,6.393,-27.793,2.089,295,19,21,,
T,2026-07-18 13:24:11.000,26.42027500,-80.15503833,1.40,6.793,-27.793,2.066,294,19,21,,
T,2026-07-18 13:24:12.000,26.42028167,-80.15505667,1.30,7.093,-27.793,2.061,295,19,21,,
T,2026-07-18 13:24:13.000,26.42029000,-80.15507667,1.30,7.493,-27.793,2.048,294,19,21,,
T,2026-07-18 13:24:14.000,26.42029667,-80.15509500,1.50,7.693,-27.793,2.037,293,19,21,,
T,2026-07-18 13:24:15.000,26.42030167,-80.15511333,1.40,7.693,-27.793,2.025,293,19,21,,
T,2026-07-18 13:24:16.000,26.42030833,-80.15513333,1.40,7.693,-27.793,2.027,294,19,21,,
T,2026-07-18 13:24:17.000,26.42031500,-80.15515167,1.50,7.693,-27.793,2.034,293,19,21,,
T,2026-07-18 13:24:18.000,26.42032000,-80.15517167,1.60,7.793,-27.793,2.047,291,19,21,,
T,2026-07-18 13:24:19.000,26.42032667,-80.15519333,1.60,8.093,-27.793,2.066,291,19,21,,
T,2026-07-18 13:24:20.000,26.42033500,-80.15521167,1.60,7.793,-27.793,2.082,292,19,21,,
T,2026-07-18 13:24:21.000,26.42034167,-80.15523167,1.60,7.892,-27.792,2.105,293,19,21,,
T,2026-07-18 13:24:22.000,26.42034500,-80.15525000,1.60,7.892,-27.792,2.117,292,19,21,,
T,2026-07-18 13:24:23.000,26.42035167,-80.15527000,1.60,7.992,-27.792,2.134,289,19,21,,
T,2026-07-18 13:24:24.000,26.42036000,-80.15529000,1.60,7.692,-27.792,2.161,290,19,21,,
T,2026-07-18 13:24:25.000,26.42036833,-80.15531000,1.60,7.792,-27.792,2.175,288,19,21,,
T,2026-07-18 13:24:26.000,26.42037333,-80.15533000,1.60,7.692,-27.792,2.192,290,19,21,,
T,2026-07-18 13:24:27.000,26.42038167,-80.15535333,1.70,7.392,-27.792,2.206,289,18,21,,
T,2026-07-18 13:24:28.000,26.42038833,-80.15537333,1.70,7.792,-27.792,2.204,288,18,21,,
T,2026-07-18 13:24:29.000,26.42039167,-80.15539500,1.70,8.292,-27.792,2.200,287,18,21,,
T,2026-07-18 13:24:30.000,26.42039833,-80.15541833,1.70,8.692,-27.792,2.198,289,19,21,,
T,2026-07-18 13:24:31.000,26.42040500,-80.15544000,1.70,8.892,-27.792,2.193,289,19,21,,
T,2026-07-18 13:24:32.000,26.42041167,-80.15545833,1.70,8.992,-27.792,2.195,288,19,21,,
T,2026-07-18 13:24:33.000,26.42041833,-80.15548333,1.70,9.091,-27.791,2.201,287,19,21,,
T,2026-07-18 13:24:34.000,26.42042333,-80.15550500,1.70,9.591,-27.791,2.196,288,19,21,,
T,2026-07-18 13:24:35.000,26.42043000,-80.15552667,1.70,9.891,-27.791,2.189,286,19,21,,
T,2026-07-18 13:24:36.000,26.42043667,-80.15554500,1.70,9.891,-27.791,2.177,287,19,21,,
T,2026-07-18 13:24:37.000,26.42044333,-80.15556667,1.70,10.091,-27.791,2.167,284,19,21,,
T,2026-07-18 13:24:38.000,26.42044667,-80.15558667,1.70,10.891,-27.791,2.163,284,19,21,,
T,2026-07-18 13:24:39.000,26.42045167,-80.15561000,1.70,11.191,-27.791,2.176,285,19,21,,
T,2026-07-18 13:24:40.000,26.42045667,-80.15562833,1.70,11.391,-27.791,2.182,285,19,21,,
T,2026-07-18 13:24:41.000,26.42046167,-80.15565000,1.60,11.091,-27.791,2.186,288,19,21,,
T,2026-07-18 13:24:42.000,26.42046500,-80.15567500,1.60,10.991,-27.791,2.195,286,19,21,,
T,2026-07-18 13:24:43.000,26.42047167,-80.15570000,1.70,10.691,-27.791,2.195,286,19,21,,
T,2026-07-18 13:24:44.000,26.42047833,-80.15572000,1.60,10.291,-27.791,2.193,288,19,21,,
T,2026-07-18 13:24:45.000,26.42048667,-80.15574000,1.50,9.590,-27.790,2.201,285,19,21,,
T,2026-07-18 13:24:46.000,26.42049333,-80.15576167,1.50,9.190,-27.790,2.204,287,19,21,,
T,2026-07-18 13:24:47.000,26.42049833,-80.15578333,1.50,9.090,-27.790,2.206,283,19,21,,
T,2026-07-18 13:24:48.000,26.42050333,-80.15580333,1.40,8.990,-27.790,2.201,289,19,21,,
T,2026-07-18 13:24:49.000,26.42051167,-80.15582333,1.40,8.790,-27.790,2.200,285,19,21,,
T,2026-07-18 13:24:50.000,26.42051667,-80.15584667,1.40,8.590,-27.790,2.204,279,19,21,,
T,2026-07-18 13:24:51.000,26.42052167,-80.15586667,1.40,8.090,-27.790,2.208,286,19,21,,
T,2026-07-18 13:24:52.000,26.42052667,-80.15588833,1.40,7.790,-27.790,2.175,288,19,21,,
T,2026-07-18 13:24:53.000,26.42053000,-80.15591000,1.40,7.590,-27.790,2.159,282,19,21,,
T,2026-07-18 13:24:54.000,26.42053333,-80.15593333,1.40,7.690,-27.790,2.163,281,19,21,,
T,2026-07-18 13:24:55.000,26.42053667,-80.15595500,1.40,7.590,-27.790,2.154,282,19,21,,
T,2026-07-18 13:24:56.000,26.42054167,-80.15597667,1.40,7.490,-27.790,2.147,283,19,21,,
T,2026-07-18 13:24:57.000,26.42054500,-80.15599500,1.40,7.289,-27.789,2.141,281,19,21,,
T,2026-07-18 13:24:58.000,26.42054833,-80.15601500,1.40,6.989,-27.789,2.129,280,19,21,,
T,2026-07-18 13:24:59.000,26.42055000,-80.15603333,1.30,6.789,-27.789,2.104,280,19,21,,
T,2026-07-18 13:25:00.000,26.42055167,-80.15605500,1.30,6.689,-27.789,2.072,280,19,21,,
T,2026-07-18 13:25:01.000,26.42055500,-80.15607333,1.30,6.389,-27.789,2.065,277,19,21,,
T,2026-07-18 13:25:02.000,26.42055833,-80.15609500,1.30,6.089,-27.789,2.085,278,19,21,,
T,2026-07-18 13:25:03.000,26.42055833,-80.15611500,1.30,6.089,-27.789,2.079,272,19,21,,
T,2026-07-18 13:25:04.000,26.42056167,-80.15613500,1.30,5.889,-27.789,2.061,277,19,21,,
T,2026-07-18 13:25:05.000,26.42056167,-80.15616000,1.60,5.889,-27.789,2.112,276,19,21,,
T,2026-07-18 13:25:06.000,26.42056000,-80.15618333,1.50,5.989,-27.789,2.110,273,19,21,,
T,2026-07-18 13:25:07.000,26.42056000,-80.15620500,1.40,6.289,-27.789,2.101,273,19,21,,
T,2026-07-18 13:25:08.000,26.42056000,-80.15622333,1.40,6.589,-27.789,2.112,278,19,21,,
T,2026-07-18 13:25:09.000,26.42056167,-80.15624500,1.40,6.688,-27.788,2.110,275,19,21,,
T,2026-07-18 13:25:10.000,26.42056333,-80.15626333,1.40,6.788,-27.788,2.132,273,19,21,,
T,2026-07-18 13:25:11.000,26.42056667,-80.15628333,1.40,6.988,-27.788,2.120,277,19,21,,
T,2026-07-18 13:25:12.000,26.42057000,-80.15630333,1.40,7.288,-27.788,2.119,280,19,21,,
T,2026-07-18 13:25:13.000,26.42057167,-80.15632167,1.30,7.888,-27.788,2.124,274,19,21,,
T,2026-07-18 13:25:14.000,26.42057333,-80.15634333,1.50,8.488,-27.788,2.124,276,19,21,,
T,2026-07-18 13:25:15.000,26.42057500,-80.15636500,1.60,8.588,-27.788,2.077,272,19,21,,
T,2026-07-18 13:25:16.000,26.42057667,-80.15638833,1.70,8.688,-27.788,2.081,275,19,21,,
T,2026-07-18 13:25:17.000,26.42057500,-80.15640833,1.70,8.788,-27.788,2.094,275,19,21,,
T,2026-07-18 13:25:18.000,26.42057667,-80.15643000,1.70,8.988,-27.788,2.099,276,19,21,,
T,2026-07-18 13:25:19.000,26.42057500,-80.15645000,1.70,9.388,-27.788,2.096,274,19,21,,
T,2026-07-18 13:25:20.000,26.42057667,-80.15647000,1.60,9.388,-27.788,2.090,274,19,21,,
T,2026-07-18 13:25:21.000,26.42057667,-80.15648667,1.60,9.387,-27.787,2.106,272,19,21,,
T,2026-07-18 13:25:22.000,26.42057833,-80.15650667,1.60,9.387,-27.787,2.095,273,19,21,,
T,2026-07-18 13:25:23.000,26.42058333,-80.15652833,1.70,9.287,-27.787,2.095,272,19,21,,
T,2026-07-18 13:25:24.000,26.42058500,-80.15654500,1.70,9.287,-27.787,2.100,269,19,21,,
T,2026-07-18 13:25:25.000,26.42058500,-80.15656500,1.70,9.287,-27.787,2.102,271,19,21,,
T,2026-07-18 13:25:26.000,26.42058667,-80.15658667,1.70,9.387,-27.787,2.103,272,19,21,,
T,2026-07-18 13:25:27.000,26.42059000,-80.15661000,1.70,9.387,-27.787,2.112,270,19,21,,
T,2026-07-18 13:25:28.000,26.42059333,-80.15663333,1.70,9.587,-27.787,2.106,269,19,21,,
T,2026-07-18 13:25:29.000,26.42059333,-80.15665500,1.70,10.087,-27.787,2.122,269,19,21,,
T,2026-07-18 13:25:30.000,26.42059667,-80.15667500,1.70,10.487,-27.787,2.122,271,19,21,,
T,2026-07-18 13:25:31.000,26.42060167,-80.15669667,1.70,10.587,-27.787,2.111,274,19,21,,
T,2026-07-18 13:25:32.000,26.42060333,-80.15671667,1.70,10.587,-27.787,2.106,275,19,21,,
T,2026-07-18 13:25:33.000,26.42060167,-80.15673667,1.60,10.386,-27.786,2.111,271,19,21,,
T,2026-07-18 13:25:34.000,26.42060167,-80.15675500,1.60,10.086,-27.786,2.120,270,19,21,,
T,2026-07-18 13:25:35.000,26.42059833,-80.15677667,1.60,9.586,-27.786,2.123,270,19,21,,
T,2026-07-18 13:25:36.000,26.42059667,-80.15679667,1.70,9.486,-27.786,2.121,270,19,21,,
T,2026-07-18 13:25:37.000,26.42059667,-80.15681833,1.50,9.086,-27.786,2.106,267,19,21,,
T,2026-07-18 13:25:38.000,26.42059333,-80.15684000,1.50,8.886,-27.786,2.117,267,19,21,,
T,2026-07-18 13:25:39.000,26.42059167,-80.15686167,1.40,8.686,-27.786,2.117,266,19,21,,
T,2026-07-18 13:25:40.000,26.42058833,-80.15688500,1.40,8.686,-27.786,2.131,263,19,21,,
T,2026-07-18 13:25:41.000,26.42058500,-80.15690833,1.40,8.686,-27.786,2.154,264,19,21,,
T,2026-07-18 13:25:42.000,26.42058333,-80.15693167,1.40,8.786,-27.786,2.178,266,19,21,,
T,2026-07-18 13:25:43.000,26.42058167,-80.15695500,1.40,8.686,-27.786,2.188,264,19,21,,
T,2026-07-18 13:25:44.000,26.42058000,-80.15697667,1.40,8.485,-27.785,2.180,268,19,21,,
T,2026-07-18 13:25:45.000,26.42057667,-80.15699667,1.40,8.785,-27.785,2.187,264,19,21,,
T,2026-07-18 13:25:46.000,26.42057500,-80.15701833,1.30,8.885,-27.785,2.199,264,19,21,,
T,2026-07-18 13:25:47.000,26.42057000,-80.15704000,1.30,8.785,-27.785,2.208,260,19,21,,
T,2026-07-18 13:25:48.000,26.42056833,-80.15706000,1.40,8.685,-27.785,2.215,268,19,21,,
T,2026-07-18 13:25:49.000,26.42056833,-80.15708167,1.40,8.585,-27.785,2.209,263,19,21,,
T,2026-07-18 13:25:50.000,26.42056667,-80.15710333,1.40,8.785,-27.785,2.206,260,19,21,,
T,2026-07-18 13:25:51.000,26.42056333,-80.15712500,1.40,8.685,-27.785,2.191,265,19,21,,
T,2026-07-18 13:25:52.000,26.42056333,-80.15714500,1.40,8.585,-27.785,2.176,264,19,21,,
T,2026-07-18 13:25:53.000,26.42056167,-80.15716333,1.40,8.185,-27.785,2.167,265,19,21,,
T,2026-07-18 13:25:54.000,26.42055833,-80.15718500,1.40,8.085,-27.785,2.166,263,19,21,,
T,2026-07-18 13:25:55.000,26.42055500,-80.15720500,1.40,8.084,-27.784,2.161,265,19,21,,
T,2026-07-18 13:25:56.000,26.42055000,-80.15722333,1.60,7.884,-27.784,2.157,260,19,21,,
T,2026-07-18 13:25:57.000,26.42054333,-80.15724333,1.60,7.684,-27.784,2.157,260,19,21,,
T,2026-07-18 13:25:58.000,26.42053833,-80.15726333,1.70,7.784,-27.784,2.160,262,19,21,,
T,2026-07-18 13:25:59.000,26.42053500,-80.15728500,1.70,7.484,-27.784,2.174,263,19,21,,
T,2026-07-18 13:26:00.000,26.42053333,-80.15731000,1.70,7.184,-27.784,2.179,269,19,21,,
T,2026-07-18 13:26:01.000,26.42053167,-80.15733500,1.70,6.584,-27.784,2.207,276,19,21,,
T,2026-07-18 13:26:02.000,26.42052833,-80.15735667,1.60,6.484,-27.784,2.228,264,19,21,,
T,2026-07-18 13:26:03.000,26.42052500,-80.15738167,1.50,6.384,-27.784,2.298,263,19,21,,
T,2026-07-18 13:26:04.000,26.42052167,-80.15740333,1.50,6.284,-27.784,2.308,263,19,21,,
T,2026-07-18 13:26:05.000,26.42052000,-80.15742167,1.60,6.384,-27.784,2.295,259,19,21,,
T,2026-07-18 13:26:06.000,26.42051333,-80.15744000,1.60,6.283,-27.783,2.274,255,19,21,,
T,2026-07-18 13:26:07.000,26.42051000,-80.15745833,1.60,6.083,-27.783,2.257,257,19,21,,
T,2026-07-18 13:26:08.000,26.42050500,-80.15748000,1.50,6.183,-27.783,2.239,255,19,21,,
T,2026-07-18 13:26:09.000,26.42050167,-80.15749833,1.50,6.283,-27.783,2.211,260,19,21,,
T,2026-07-18 13:26:10.000,26.42049833,-80.15751833,1.40,6.283,-27.783,2.186,259,19,21,,
T,2026-07-18 13:26:11.000,26.42049500,-80.15753667,1.40,6.283,-27.783,2.147,260,19,21,,
T,2026-07-18 13:26:12.000,26.42049167,-80.15755667,1.40,6.383,-27.783,2.121,261,19,21,,
T,2026-07-18 13:26:13.000,26.42048667,-80.15757500,1.40,6.183,-27.783,2.046,255,19,21,,
T,2026-07-18 13:26:14.000,26.42048000,-80.15759500,1.40,6.083,-27.783,2.030,255,19,21,,
T,2026-07-18 13:26:15.000,26.42047167,-80.15761500,1.60,6.283,-27.783,2.040,254,18,21,,
T,2026-07-18 13:26:16.000,26.42046667,-80.15763667,1.50,6.183,-27.783,2.048,255,19,21,,
T,2026-07-18 13:26:17.000,26.42046167,-80.15765500,1.40,6.183,-27.783,2.052,258,19,21,,
T,2026-07-18 13:26:18.000,26.42045833,-80.15767500,1.60,6.482,-27.782,2.055,261,18,21,,
T,2026-07-18 13:26:19.000,26.42045333,-80.15769333,1.60,6.882,-27.782,2.064,255,17,21,,
T,2026-07-18 13:26:20.000,26.42045167,-80.15771333,1.70,7.082,-27.782,2.065,254,17,21,,
T,2026-07-18 13:26:21.000,26.42044833,-80.15773333,1.60,7.382,-27.782,2.061,260,17,21,,
T,2026-07-18 13:26:22.000,26.42044500,-80.15775667,1.60,7.582,-27.782,2.072,258,19,21,,
T,2026-07-18 13:26:23.000,26.42044167,-80.15777833,1.50,7.382,-27.782,2.074,257,19,21,,
T,2026-07-18 13:26:24.000,26.42044000,-80.15780000,1.50,7.482,-27.782,2.069,258,19,21,,
T,2026-07-18 13:26:25.000,26.42043500,-80.15782167,1.40,7.382,-27.782,2.064,256,19,21,,
T,2026-07-18 13:26:26.000,26.42042833,-80.15784167,1.40,7.082,-27.782,2.074,255,19,21,,
T,2026-07-18 13:26:27.000,26.42042167,-80.15786167,1.40,6.882,-27.782,2.069,251,19,21,,
T,2026-07-18 13:26:28.000,26.42041667,-80.15788167,1.40,6.882,-27.782,2.069,249,19,21,,
T,2026-07-18 13:26:29.000,26.42041167,-80.15790167,1.40,6.982,-27.782,2.068,252,19,21,,
T,2026-07-18 13:26:30.000,26.42040333,-80.15792167,1.40,7.181,-27.781,2.058,251,19,21,,
T,2026-07-18 13:26:31.000,26.42039667,-80.15794000,1.40,7.481,-27.781,2.064,249,19,21,,
T,2026-07-18 13:26:32.000,26.42039000,-80.15795833,1.40,7.881,-27.781,2.061,253,19,21,,
T,2026-07-18 13:26:33.000,26.42038500,-80.15797667,1.40,8.281,-27.781,2.057,249,19,21,,
T,2026-07-18 13:26:34.000,26.42037667,-80.15799500,1.40,8.581,-27.781,2.060,250,19,21,,
T,2026-07-18 13:26:35.000,26.42037000,-80.15801167,1.40,8.981,-27.781,2.066,247,19,21,,
T,2026-07-18 13:26:36.000,26.42036333,-80.15803167,1.40,9.081,-27.781,2.056,248,19,21,,
T,2026-07-18 13:26:37.000,26.42035667,-80.15805000,1.40,9.381,-27.781,2.065,249,19,21,,
T,2026-07-18 13:26:38.000,26.42034833,-80.15806667,1.40,9.281,-27.781,2.058,251,19,21,,
T,2026-07-18 13:26:39.000,26.42034167,-80.15808833,1.40,9.681,-27.781,2.061,246,19,21,,
T,2026-07-18 13:26:40.000,26.42033667,-80.15810833,1.40,9.681,-27.781,2.082,249,19,21,,
T,2026-07-18 13:26:41.000,26.42033167,-80.15812833,1.40,9.181,-27.781,2.091,244,18,21,,
T,2026-07-18 13:26:42.000,26.42032500,-80.15814667,1.60,8.580,-27.780,2.094,247,18,21,,
T,2026-07-18 13:26:43.000,26.42032000,-80.15816833,1.70,8.080,-27.780,2.093,244,18,21,,
T,2026-07-18 13:26:44.000,26.42031333,-80.15818667,1.70,7.780,-27.780,2.088,248,18,21,,
T,2026-07-18 13:26:45.000,26.42030667,-80.15820667,1.70,7.280,-27.780,2.088,246,18,21,,
T,2026-07-18 13:26:46.000,26.42030000,-80.15822833,1.70,7.480,-27.780,2.096,241,18,21,,
T,2026-07-18 13:26:47.000,26.42029167,-80.15824500,1.70,7.480,-27.780,2.105,239,18,21,,
T,2026-07-18 13:26:48.000,26.42028667,-80.15826333,1.70,7.280,-27.780,2.109,242,18,21,,
T,2026-07-18 13:26:49.000,26.42028000,-80.15828167,1.70,7.380,-27.780,2.109,242,18,21,,
T,2026-07-18 13:26:50.000,26.42026667,-80.15830333,1.70,7.680,-27.780,2.114,241,18,21,,
T,2026-07-18 13:26:51.000,26.42025500,-80.15832000,1.70,7.680,-27.780,2.111,240,18,21,,
T,2026-07-18 13:26:52.000,26.42024167,-80.15834000,1.70,7.580,-27.780,2.118,239,18,21,,
T,2026-07-18 13:26:53.000,26.42023333,-80.15836000,1.70,7.580,-27.780,2.131,242,18,21,,
T,2026-07-18 13:26:54.000,26.42022167,-80.15838500,1.70,7.679,-27.779,2.146,243,18,21,,
T,2026-07-18 13:26:55.000,26.42021333,-80.15840500,1.70,7.679,-27.779,2.145,239,18,21,,
T,2026-07-18 13:26:56.000,26.42020500,-80.15842833,1.70,7.979,-27.779,2.152,243,18,21,,
T,2026-07-18 13:26:57.000,26.42019500,-80.15845000,1.70,8.079,-27.779,2.130,245,18,21,,
T,2026-07-18 13:26:58.000,26.42018500,-80.15846333,1.80,8.379,-27.779,2.083,238,18,21,,
T,2026-07-18 13:26:59.000,26.42017833,-80.15847333,1.70,8.679,-27.779,2.036,249,18,21,,
T,2026-07-18 13:27:00.000,26.42017000,-80.15848667,1.70,8.879,-27.779,1.936,240,18,21,,
T,2026-07-18 13:27:01.000,26.42016333,-80.15849500,1.70,9.079,-27.779,1.843,237,18,21,,
T,2026-07-18 13:27:02.000,26.42015667,-80.15850333,1.70,8.779,-27.779,1.699,233,18,21,,
T,2026-07-18 13:27:03.000,26.42015500,-80.15851000,1.60,8.379,-27.779,1.530,244,18,21,,
T,2026-07-18 13:27:04.000,26.42015500,-80.15851167,1.60,8.379,-27.779,1.359,241,18,21,,
T,2026-07-18 13:27:05.000,26.42015333,-80.15851333,1.60,8.279,-27.779,1.182,238,18,21,,
T,2026-07-18 13:27:06.000,26.42014833,-80.15851667,1.50,8.579,-27.779,1.026,235,18,21,,
T,2026-07-18 13:27:07.000,26.42014333,-80.15852167,1.50,8.979,-27.779,0.905,239,18,21,,
T,2026-07-18 13:27:08.000,26.42013833,-80.15853167,1.50,9.379,-27.779,0.855,240,18,21,,
T,2026-07-18 13:27:09.000,26.42013333,-80.15854333,1.50,9.579,-27.779,0.829,240,18,21,,
T,2026-07-18 13:27:10.000,26.42013000,-80.15855500,1.60,9.879,-27.779,0.871,242,18,21,,
T,2026-07-18 13:27:11.000,26.42012667,-80.15857000,1.60,9.879,-27.779,0.911,241,18,21,,
T,2026-07-18 13:27:12.000,26.42012167,-80.15858667,1.60,10.279,-27.779,1.000,238,18,21,,
T,2026-07-18 13:27:13.000,26.42011333,-80.15860000,1.60,10.178,-27.778,1.128,231,18,21,,
T,2026-07-18 13:27:14.000,26.42010167,-80.15861667,1.60,10.078,-27.778,1.270,236,18,21,,
T,2026-07-18 13:27:15.000,26.42009000,-80.15863333,1.60,9.578,-27.778,1.419,233,17,21,,
T,2026-07-18 13:27:16.000,26.42007667,-80.15864667,1.60,9.178,-27.778,1.552,229,18,21,,
T,2026-07-18 13:27:17.000,26.42006667,-80.15866167,1.60,8.778,-27.778,1.666,230,18,21,,
T,2026-07-18 13:27:18.000,26.42005500,-80.15867667,1.60,8.678,-27.778,1.751,231,18,21,,
T,2026-07-18 13:27:19.000,26.42004500,-80.15869000,1.60,8.678,-27.778,1.790,231,18,21,,
T,2026-07-18 13:27:20.000,26.42003333,-80.15870500,1.60,8.678,-27.778,1.812,232,17,21,,
T,2026-07-18 13:27:21.000,26.42002333,-80.15871833,1.60,8.878,-27.778,1.843,232,18,21,,
T,2026-07-18 13:27:22.000,26.42001167,-80.15873333,1.60,9.178,-27.778,1.871,228,18,21,,
T,2026-07-18 13:27:23.000,26.42000167,-80.15874667,1.60,9.478,-27.778,1.880,229,18,21,,
T,2026-07-18 13:27:24.000,26.41999000,-80.15876167,1.60,9.578,-27.778,1.903,230,18,21,,
T,2026-07-18 13:27:25.000,26.41997667,-80.15878000,1.60,9.278,-27.778,1.921,228,18,21,,
T,2026-07-18 13:27:26.000,26.41996500,-80.15879500,1.60,9.178,-27.778,1.929,229,18,21,,
T,2026-07-18 13:27:27.000,26.41995333,-80.15881333,1.60,8.878,-27.778,1.947,229,17,21,,
T,2026-07-18 13:27:28.000,26.41994333,-80.15883000,1.60,9.177,-27.777,1.953,230,18,21,,
T,2026-07-18 13:27:29.000,26.41993167,-80.15884500,1.60,8.877,-27.777,1.982,226,17,21,,
T,2026-07-18 13:27:30.000,26.41992000,-80.15886167,1.60,8.877,-27.777,2.004,231,18,21,,
T,2026-07-18 13:27:31.000,26.41990833,-80.15887667,1.60,8.777,-27.777,2.023,225,18,21,,
T,2026-07-18 13:27:32.000,26.41989500,-80.15889000,1.60,8.977,-27.777,2.037,227,18,21,,
T,2026-07-18 13:27:33.000,26.41988167,-80.15890667,1.70,9.277,-27.777,2.063,226,18,21,,
T,2026-07-18 13:27:34.000,26.41986667,-80.15892000,1.70,9.277,-27.777,2.061,227,18,21,,
T,2026-07-18 13:27:35.000,26.41985333,-80.15893500,1.60,9.377,-27.777,2.058,226,17,21,,
T,2026-07-18 13:27:36.000,26.41984167,-80.15895000,1.60,8.977,-27.777,2.052,230,18,21,,
T,2026-07-18 13:27:37.000,26.41983167,-80.15896833,1.60,8.877,-27.777,2.051,224,18,21,,
T,2026-07-18 13:27:38.000,26.41982000,-80.15898167,1.60,9.077,-27.777,2.057,225,18,21,,
T,2026-07-18 13:27:39.000,26.41980667,-80.15899500,1.60,8.977,-27.777,2.053,226,18,21,,
T,2026-07-18 13:27:40.000,26.41979500,-80.15901000,1.60,8.677,-27.777,2.061,225,18,21,,
T,2026-07-18 13:27:41.000,26.41978000,-80.15902333,1.60,8.377,-27.777,2.056,225,18,21,,
T,2026-07-18 13:27:42.000,26.41976667,-80.15904000,1.60,7.976,-27.776,2.061,227,18,21,,
T,2026-07-18 13:27:43.000,26.41975667,-80.15905333,1.60,7.276,-27.776,2.053,227,18,21,,
T,2026-07-18 13:27:44.000,26.41974500,-80.15906667,1.60,6.676,-27.776,2.053,228,18,21,,
T,2026-07-18 13:27:45.000,26.41973167,-80.15908333,1.60,6.776,-27.776,2.053,224,18,21,,
T,2026-07-18 13:27:46.000,26.41970833,-80.15909500,1.60,6.076,-27.776,2.067,222,18,21,,
T,2026-07-18 13:27:47.000,26.41969500,-80.15910833,1.60,5.576,-27.776,2.059,224,18,21,,
T,2026-07-18 13:27:48.000,26.41968500,-80.15912500,1.70,5.376,-27.776,2.030,227,18,21,,
T,2026-07-18 13:27:49.000,26.41967333,-80.15914000,1.60,5.276,-27.776,1.996,228,18,21,,
T,2026-07-18 13:27:50.000,26.41966500,-80.15915000,1.60,5.176,-27.776,1.931,232,18,21,,
T,2026-07-18 13:27:51.000,26.41965667,-80.15916000,1.60,5.276,-27.776,1.855,233,18,21,,
T,2026-07-18 13:27:52.000,26.41965167,-80.15917000,1.60,5.476,-27.776,1.748,236,18,21,,
T,2026-07-18 13:27:53.000,26.41964667,-80.15917833,1.60,5.676,-27.776,1.632,229,18,21,,
T,2026-07-18 13:27:54.000,26.41964333,-80.15918833,1.60,5.776,-27.776,1.534,239,18,21,,
T,2026-07-18 13:27:55.000,26.41963833,-80.15920000,1.50,5.976,-27.776,1.494,247,18,21,,
T,2026-07-18 13:27:56.000,26.41963500,-80.15921333,1.60,6.376,-27.776,1.459,266,18,21,,
T,2026-07-18 13:27:57.000,26.41963500,-80.15923000,1.60,6.376,-27.776,1.418,270,18,21,,
T,2026-07-18 13:27:58.000,26.41963667,-80.15924833,1.60,6.676,-27.776,1.386,275,18,21,,
T,2026-07-18 13:27:59.000,26.41964167,-80.15926333,1.60,6.775,-27.775,1.390,296,18,21,,
T,2026-07-18 13:28:00.000,26.41965000,-80.15927667,1.60,6.775,-27.775,1.424,307,18,21,,
T,2026-07-18 13:28:01.000,26.41965833,-80.15929167,1.60,6.675,-27.775,1.477,305,18,21,,
T,2026-07-18 13:28:02.000,26.41966833,-80.15930667,1.60,6.775,-27.775,1.567,310,18,21,,
T,2026-07-18 13:28:03.000,26.41967833,-80.15932333,1.70,6.875,-27.775,1.674,313,18,21,,
T,2026-07-18 13:28:04.000,26.41969000,-80.15933667,1.70,7.175,-27.775,1.773,320,18,21,,
T,2026-07-18 13:28:05.000,26.41970167,-80.15935167,1.70,7.275,-27.775,1.816,310,18,21,,
T,2026-07-18 13:28:06.000,26.41971667,-80.15936333,1.70,7.475,-27.775,1.834,313,18,21,,
T,2026-07-18 13:28:07.000,26.41972500,-80.15937500,1.70,7.375,-27.775,1.825,327,18,21,,
T,2026-07-18 13:28:08.000,26.41973667,-80.15939167,1.70,7.075,-27.775,1.839,315,18,21,,
T,2026-07-18 13:28:09.000,26.41975167,-80.15941000,1.60,6.775,-27.775,1.878,313,18,21,,
T,2026-07-18 13:28:10.000,26.41976500,-80.15942833,1.60,6.475,-27.775,1.903,315,18,21,,
T,2026-07-18 13:28:11.000,26.41978000,-80.15944667,1.60,6.075,-27.775,1.938,312,18,21,,
T,2026-07-18 13:28:12.000,26.41979667,-80.15946167,1.60,5.975,-27.775,1.959,313,18,21,,
T,2026-07-18 13:28:13.000,26.41981167,-80.15947833,1.60,5.875,-27.775,1.969,311,18,21,,
T,2026-07-18 13:28:14.000,26.41982833,-80.15949333,1.70,5.875,-27.775,1.974,314,18,21,,
T,2026-07-18 13:28:15.000,26.41984167,-80.15950667,1.70,5.775,-27.775,1.985,315,18,21,,
T,2026-07-18 13:28:16.000,26.41985333,-80.15952000,1.70,5.975,-27.775,1.998,309,18,21,,
T,2026-07-18 13:28:17.000,26.41986500,-80.15953500,1.70,6.074,-27.774,2.053,311,18,21,,
T,2026-07-18 13:28:18.000,26.41987833,-80.15955000,1.70,5.974,-27.774,2.087,307,18,21,,
T,2026-07-18 13:28:19.000,26.41989000,-80.15956500,1.70,6.474,-27.774,2.066,307,18,21,,
T,2026-07-18 13:28:20.000,26.41990500,-80.15957833,1.80,6.874,-27.774,2.073,320,18,21,,
T,2026-07-18 13:28:21.000,26.41991833,-80.15959500,1.80,7.374,-27.774,2.102,319,18,21,,
T,2026-07-18 13:28:22.000,26.41993167,-80.15961167,1.80,8.274,-27.774,2.105,310,18,21,,
T,2026-07-18 13:28:23.000,26.41994167,-80.15962667,1.80,8.374,-27.774,2.091,305,18,21,,
T,2026-07-18 13:28:24.000,26.41995167,-80.15964500,1.80,8.174,-27.774,2.066,309,18,21,,
T,2026-07-18 13:28:25.000,26.41996500,-80.15966167,1.70,8.074,-27.774,2.064,308,18,21,,
T,2026-07-18 13:28:26.000,26.41997000,-80.15967667,1.70,8.474,-27.774,2.052,306,18,21,,
T,2026-07-18 13:28:27.000,26.41998000,-80.15969167,1.80,8.774,-27.774,2.041,306,18,21,,
T,2026-07-18 13:28:28.000,26.41999333,-80.15970833,1.80,9.074,-27.774,2.069,312,18,21,,
T,2026-07-18 13:28:29.000,26.42000167,-80.15972333,1.90,9.174,-27.774,2.094,306,18,21,,
T,2026-07-18 13:28:30.000,26.42001000,-80.15973667,1.80,9.174,-27.774,2.102,307,18,21,,
T,2026-07-18 13:28:31.000,26.42002000,-80.15975000,1.80,9.374,-27.774,2.077,308,18,21,,
T,2026-07-18 13:28:32.000,26.42002833,-80.15976667,1.80,9.374,-27.774,2.069,305,18,21,,
T,2026-07-18 13:28:33.000,26.42004000,-80.15978333,1.80,9.174,-27.774,2.100,306,18,21,,
T,2026-07-18 13:28:34.000,26.42005333,-80.15980167,1.80,9.574,-27.774,2.128,301,18,21,,
T,2026-07-18 13:28:35.000,26.42006333,-80.15982167,1.80,9.673,-27.773,2.126,304,18,21,,
T,2026-07-18 13:28:36.000,26.42006833,-80.15983833,1.80,9.373,-27.773,2.125,301,18,21,,
T,2026-07-18 13:28:37.000,26.42007833,-80.15985500,1.80,9.073,-27.773,2.143,301,18,21,,
T,2026-07-18 13:28:38.000,26.42009167,-80.15987167,1.80,8.673,-27.773,2.152,305,18,21,,
T,2026-07-18 13:28:39.000,26.42010000,-80.15988667,1.80,8.473,-27.773,2.141,306,18,21,,
T,2026-07-18 13:28:40.000,26.42011167,-80.15990333,1.80,8.373,-27.773,2.134,309,18,21,,
T,2026-07-18 13:28:41.000,26.42012500,-80.15992000,1.70,8.373,-27.773,2.153,309,18,21,,
T,2026-07-18 13:28:42.000,26.42013500,-80.15994000,1.70,8.673,-27.773,2.162,306,18,21,,
T,2026-07-18 13:28:43.000,26.42014500,-80.15995833,1.80,8.573,-27.773,2.151,303,18,21,,
T,2026-07-18 13:28:44.000,26.42015833,-80.15998500,1.80,8.373,-27.773,2.163,304,18,21,,
T,2026-07-18 13:28:45.000,26.42017500,-80.16000667,1.80,7.973,-27.773,2.166,309,18,21,,
T,2026-07-18 13:28:46.000,26.42018667,-80.16002833,1.80,7.473,-27.773,2.198,310,18,21,,
T,2026-07-18 13:28:47.000,26.42020000,-80.16004667,1.80,7.373,-27.773,2.212,308,18,21,,
T,2026-07-18 13:28:48.000,26.42021000,-80.16006167,1.80,7.773,-27.773,2.191,308,18,21,,
T,2026-07-18 13:28:49.000,26.42022000,-80.16007500,1.70,8.272,-27.772,2.196,298,18,21,,
T,2026-07-18 13:28:50.000,26.42023167,-80.16009167,1.70,8.572,-27.772,2.187,305,18,21,,
T,2026-07-18 13:28:51.000,26.42024000,-80.16011167,1.70,8.372,-27.772,2.151,303,18,21,,
T,2026-07-18 13:28:52.000,26.42025000,-80.16013000,1.70,8.372,-27.772,2.158,304,18,21,,
T,2026-07-18 13:28:53.000,26.42025500,-80.16014833,1.70,8.572,-27.772,2.166,300,18,21,,
T,2026-07-18 13:28:54.000,26.42026333,-80.16016833,1.70,8.672,-27.772,2.146,302,18,21,,
T,2026-07-18 13:28:55.000,26.42027333,-80.16018833,1.70,8.572,-27.772,2.137,302,19,21,,
T,2026-07-18 13:28:56.000,26.42028333,-80.16020667,1.70,8.572,-27.772,2.117,302,19,21,,
T,2026-07-18 13:28:57.000,26.42029500,-80.16022667,1.60,8.372,-27.772,2.122,298,19,21,,
T,2026-07-18 13:28:58.000,26.42030667,-80.16024500,1.70,8.672,-27.772,2.122,299,19,21,,
T,2026-07-18 13:28:59.000,26.42031500,-80.16026500,1.60,8.872,-27.772,2.123,297,19,21,,
T,2026-07-18 13:29:00.000,26.42032333,-80.16028833,1.70,8.572,-27.772,2.126,298,19,21,,
T,2026-07-18 13:29:01.000,26.42033667,-80.16030667,1.70,8.472,-27.772,2.156,301,19,21,,
T,2026-07-18 13:29:02.000,26.42034500,-80.16032500,1.70,8.572,-27.772,2.148,296,19,21,,
T,2026-07-18 13:29:03.000,26.42035667,-80.16034333,1.70,8.871,-27.771,2.171,297,19,21,,
T,2026-07-18 13:29:04.000,26.42036500,-80.16036500,1.70,9.271,-27.771,2.191,297,19,21,,
T,2026-07-18 13:29:05.000,26.42037167,-80.16038500,1.60,9.871,-27.771,2.194,293,19,21,,
T,2026-07-18 13:29:06.000,26.42038000,-80.16040667,1.60,9.871,-27.771,2.207,291,19,21,,
T,2026-07-18 13:29:07.000,26.42038500,-80.16042500,1.60,10.271,-27.771,2.195,288,19,21,,
T,2026-07-18 13:29:08.000,26.42039167,-80.16044500,1.60,10.371,-27.771,2.198,286,19,21,,
T,2026-07-18 13:29:09.000,26.42039833,-80.16046167,1.60,10.371,-27.771,2.196,285,19,21,,
T,2026-07-18 13:29:10.000,26.42040500,-80.16048167,1.60,9.971,-27.771,2.195,287,19,21,,
T,2026-07-18 13:29:11.000,26.42041167,-80.16050500,1.60,9.571,-27.771,2.188,290,19,21,,
T,2026-07-18 13:29:12.000,26.42042167,-80.16052500,1.70,9.171,-27.771,2.173,285,19,21,,
T,2026-07-18 13:29:13.000,26.42043000,-80.16054667,1.60,8.771,-27.771,2.160,295,19,21,,
T,2026-07-18 13:29:14.000,26.42043667,-80.16056667,1.60,8.571,-27.771,2.149,296,19,21,,
T,2026-07-18 13:29:15.000,26.42044500,-80.16058333,1.70,8.671,-27.771,2.164,301,19,21,,
T,2026-07-18 13:29:16.000,26.42045833,-80.16060000,1.70,8.470,-27.770,2.137,301,19,21,,
T,2026-07-18 13:29:17.000,26.42046833,-80.16061500,1.70,8.570,-27.770,2.119,308,19,21,,
T,2026-07-18 13:29:18.000,26.42048167,-80.16063333,1.70,8.870,-27.770,2.129,308,19,21,,
T,2026-07-18 13:29:19.000,26.42049167,-80.16065500,1.80,8.970,-27.770,2.137,305,19,21,,
T,2026-07-18 13:29:20.000,26.42049833,-80.16067167,1.80,8.870,-27.770,2.144,297,19,21,,
T,2026-07-18 13:29:21.000,26.42050333,-80.16069000,1.70,9.170,-27.770,2.124,297,19,21,,
T,2026-07-18 13:29:22.000,26.42051167,-80.16071167,1.70,9.170,-27.770,2.141,297,19,21,,
T,2026-07-18 13:29:23.000,26.42052000,-80.16073333,1.70,8.870,-27.770,2.157,291,19,21,,
T,2026-07-18 13:29:24.000,26.42053000,-80.16076167,1.70,8.370,-27.770,2.190,292,19,21,,
T,2026-07-18 13:29:25.000,26.42053667,-80.16078167,1.70,8.270,-27.770,2.173,295,19,21,,
T,2026-07-18 13:29:26.000,26.42054167,-80.16080000,1.70,7.970,-27.770,2.215,296,19,21,,
T,2026-07-18 13:29:27.000,26.42055000,-80.16082000,1.70,7.670,-27.770,2.231,292,19,21,,
T,2026-07-18 13:29:28.000,26.42056000,-80.16084000,1.70,7.570,-27.770,2.209,291,19,21,,
T,2026-07-18 13:29:29.000,26.42056833,-80.16085833,1.70,7.069,-27.769,2.210,294,19,21,,
T,2026-07-18 13:29:30.000,26.42057667,-80.16087833,1.60,6.569,-27.769,2.212,288,19,21,,
T,2026-07-18 13:29:31.000,26.42058333,-80.16090000,1.60,6.569,-27.769,2.223,290,19,21,,
T,2026-07-18 13:29:32.000,26.42059000,-80.16092167,1.60,6.469,-27.769,2.216,291,19,21,,
T,2026-07-18 13:29:33.000,26.42059500,-80.16094167,1.60,6.669,-27.769,2.189,287,19,21,,
T,2026-07-18 13:29:34.000,26.42060167,-80.16096000,1.60,6.969,-27.769,2.148,290,19,21,,
T,2026-07-18 13:29:35.000,26.42061000,-80.16097500,1.60,7.469,-27.769,2.145,290,19,21,,
T,2026-07-18 13:29:36.000,26.42061833,-80.16099333,1.60,7.669,-27.769,2.127,292,19,21,,
T,2026-07-18 13:29:37.000,26.42062500,-80.16101167,1.70,7.569,-27.769,2.126,281,19,21,,
T,2026-07-18 13:29:38.000,26.42063167,-80.16103167,1.70,7.969,-27.769,2.127,291,19,21,,
T,2026-07-18 13:29:39.000,26.42063667,-80.16105167,1.70,8.469,-27.769,2.122,289,19,21,,
T,2026-07-18 13:29:40.000,26.42064000,-80.16107333,1.60,8.769,-27.769,2.101,285,19,21,,
T,2026-07-18 13:29:41.000,26.42064667,-80.16109167,1.60,8.869,-27.769,2.096,287,19,21,,
T,2026-07-18 13:29:42.000,26.42065167,-80.16111167,1.60,8.868,-27.768,2.090,289,19,21,,
T,2026-07-18 13:29:43.000,26.42066000,-80.16112833,1.60,8.568,-27.768,2.079,285,19,21,,
T,2026-07-18 13:29:44.000,26.42066833,-80.16115167,1.60,8.368,-27.768,2.090,291,19,21,,
T,2026-07-18 13:29:45.000,26.42067333,-80.16117333,1.60,8.068,-27.768,2.096,288,19,21,,
T,2026-07-18 13:29:46.000,26.42068167,-80.16119000,1.60,8.368,-27.768,2.083,287,19,21,,
T,2026-07-18 13:29:47.000,26.42069000,-80.16120667,1.60,8.368,-27.768,2.071,290,19,21,,
T,2026-07-18 13:29:48.000,26.42069500,-80.16122667,1.60,8.268,-27.768,2.072,285,19,21,,
T,2026-07-18 13:29:49.000,26.42070000,-80.16124667,1.60,8.468,-27.768,2.065,286,19,21,,
T,2026-07-18 13:29:50.000,26.42070667,-80.16126833,1.70,8.268,-27.768,2.076,286,19,21,,
T,2026-07-18 13:29:51.000,26.42071333,-80.16128833,1.60,8.368,-27.768,2.077,287,19,21,,
T,2026-07-18 13:29:52.000,26.42071667,-80.16131000,1.70,8.668,-27.768,2.068,286,19,20,,
T,2026-07-18 13:29:53.000,26.42071667,-80.16133500,1.70,8.868,-27.768,2.075,283,19,20,,
T,2026-07-18 13:29:54.000,26.42071833,-80.16135833,1.70,9.467,-27.767,2.076,284,19,20,,
T,2026-07-18 13:29:55.000,26.42072000,-80.16137833,1.70,9.767,-27.767,2.087,282,19,20,,
T,2026-07-18 13:29:56.000,26.42072167,-80.16139333,1.70,9.967,-27.767,2.090,281,19,20,,
T,2026-07-18 13:29:57.000,26.42071833,-80.16140833,1.70,9.967,-27.767,2.086,279,19,20,,
T,2026-07-18 13:29:58.000,26.42072500,-80.16143000,1.70,9.867,-27.767,2.080,290,19,20,,
T,2026-07-18 13:29:59.000,26.42073167,-80.16145333,1.70,9.767,-27.767,2.089,282,19,20,,
T,2026-07-18 13:30:00.000,26.42074000,-80.16147667,1.70,9.367,-27.767,2.093,283,19,20,,
T,2026-07-18 13:30:01.000,26.42074333,-80.16149333,1.70,9.167,-27.767,2.082,278,19,20,,
T,2026-07-18 13:30:02.000,26.42074833,-80.16151167,1.70,8.767,-27.767,2.093,279,19,20,,
T,2026-07-18 13:30:03.000,26.42075500,-80.16153000,1.60,8.367,-27.767,2.073,283,19,20,,
T,2026-07-18 13:30:04.000,26.42075833,-80.16154833,1.60,8.067,-27.767,2.058,280,19,20,,
T,2026-07-18 13:30:05.000,26.42076167,-80.16157000,1.60,7.667,-27.767,2.048,286,19,20,,
T,2026-07-18 13:30:06.000,26.42077000,-80.16159333,1.70,7.467,-27.767,2.055,285,19,20,,
T,2026-07-18 13:30:07.000,26.42077667,-80.16161333,1.70,6.866,-27.766,2.051,277,19,20,,
T,2026-07-18 13:30:08.000,26.42078000,-80.16163167,1.70,6.566,-27.766,2.058,284,19,20,,
T,2026-07-18 13:30:09.000,26.42078167,-80.16165167,1.70,6.366,-27.766,2.048,279,19,20,,
T,2026-07-18 13:30:10.000,26.42078167,-80.16167000,1.70,6.066,-27.766,2.043,278,19,20,,
T,2026-07-18 13:30:11.000,26.42078500,-80.16169000,1.60,6.066,-27.766,2.048,285,19,20,,
T,2026-07-18 13:30:12.000,26.42079000,-80.16170833,1.60,5.966,-27.766,2.063,280,19,20,,
T,2026-07-18 13:30:13.000,26.42079500,-80.16172833,1.60,5.766,-27.766,2.067,284,19,20,,
T,2026-07-18 13:30:14.000,26.42079667,-80.16174833,1.60,5.866,-27.766,2.069,280,19,20,,
T,2026-07-18 13:30:15.000,26.42080167,-80.16177000,1.60,6.166,-27.766,2.070,283,19,20,,
T,2026-07-18 13:30:16.000,26.42080333,-80.16179167,1.60,6.366,-27.766,2.063,279,19,20,,
T,2026-07-18 13:30:17.000,26.42080667,-80.16181333,1.60,6.566,-27.766,2.071,277,19,20,,
T,2026-07-18 13:30:18.000,26.42080833,-80.16183333,1.60,6.466,-27.766,2.065,278,19,20,,
T,2026-07-18 13:30:19.000,26.42081000,-80.16185333,1.60,6.465,-27.765,2.067,274,19,20,,
T,2026-07-18 13:30:20.000,26.42081167,-80.16187333,1.60,6.365,-27.765,2.062,279,19,20,,
T,2026-07-18 13:30:21.000,26.42081000,-80.16189500,1.60,5.765,-27.765,2.062,275,19,20,,
T,2026-07-18 13:30:22.000,26.42081000,-80.16192167,1.60,5.565,-27.765,2.039,274,19,20,,
T,2026-07-18 13:30:23.000,26.42080833,-80.16194333,1.60,5.665,-27.765,2.048,274,19,20,,
T,2026-07-18 13:30:24.000,26.42081167,-80.16196333,1.60,5.365,-27.765,2.047,277,19,20,,
T,2026-07-18 13:30:25.000,26.42081500,-80.16198667,1.60,5.465,-27.765,2.041,279,19,20,,
T,2026-07-18 13:30:26.000,26.42081833,-80.16200833,1.60,5.765,-27.765,2.039,281,19,20,,
T,2026-07-18 13:30:27.000,26.42082000,-80.16202667,1.60,6.065,-27.765,2.038,277,19,20,,
T,2026-07-18 13:30:28.000,26.42082500,-80.16204833,1.60,6.465,-27.765,2.044,278,19,20,,
T,2026-07-18 13:30:29.000,26.42082833,-80.16206833,1.60,6.665,-27.765,2.033,277,19,20,,
T,2026-07-18 13:30:30.000,26.42083333,-80.16208833,1.60,6.765,-27.765,2.034,277,19,20,,
T,2026-07-18 13:30:31.000,26.42083333,-80.16211000,1.60,6.864,-27.764,2.047,274,19,20,,
T,2026-07-18 13:30:32.000,26.42083500,-80.16212667,1.60,6.764,-27.764,2.043,275,19,20,,
T,2026-07-18 13:30:33.000,26.42083667,-80.16214667,1.60,6.864,-27.764,2.030,273,19,20,,
T,2026-07-18 13:30:34.000,26.42083500,-80.16216167,1.60,6.864,-27.764,2.030,263,19,20,,
T,2026-07-18 13:30:35.000,26.42083667,-80.16217833,1.60,6.964,-27.764,2.063,262,19,20,,
T,2026-07-18 13:30:36.000,26.42084000,-80.16219667,1.70,7.264,-27.764,2.070,282,19,20,,
T,2026-07-18 13:30:37.000,26.42084500,-80.16222000,1.70,7.864,-27.764,2.063,275,19,20,,
T,2026-07-18 13:30:38.000,26.42084667,-80.16224333,1.70,7.864,-27.764,2.001,275,19,20,,
T,2026-07-18 13:30:39.000,26.42084667,-80.16226500,1.60,7.764,-27.764,1.992,266,19,20,,
T,2026-07-18 13:30:40.000,26.42084833,-80.16228833,1.60,7.564,-27.764,1.987,266,19,20,,
T,2026-07-18 13:30:41.000,26.42085167,-80.16230833,1.60,7.464,-27.764,1.955,268,19,20,,
T,2026-07-18 13:30:42.000,26.42085167,-80.16233000,1.60,7.164,-27.764,1.930,262,19,20,,
T,2026-07-18 13:30:43.000,26.42085000,-80.16234833,1.60,6.863,-27.763,1.921,271,19,20,,
T,2026-07-18 13:30:44.000,26.42085000,-80.16236667,1.60,6.863,-27.763,1.889,271,19,20,,
T,2026-07-18 13:30:45.000,26.42085000,-80.16238500,1.60,6.663,-27.763,1.849,270,19,20,,
T,2026-07-18 13:30:46.000,26.42085167,-80.16240333,1.60,6.563,-27.763,1.824,269,19,20,,
T,2026-07-18 13:30:47.000,26.42085167,-80.16242167,1.60,6.863,-27.763,1.813,267,19,20,,
T,2026-07-18 13:30:48.000,26.42084833,-80.16244500,1.60,6.863,-27.763,1.872,268,19,20,,
T,2026-07-18 13:30:49.000,26.42084667,-80.16246500,1.60,7.163,-27.763,1.879,270,19,20,,
T,2026-07-18 13:30:50.000,26.42084833,-80.16248667,1.60,7.463,-27.763,1.864,269,19,20,,
T,2026-07-18 13:30:51.000,26.42084833,-80.16250667,1.60,7.463,-27.763,1.872,268,19,20,,
T,2026-07-18 13:30:52.000,26.42084667,-80.16252667,1.60,7.363,-27.763,1.896,270,19,20,,
T,2026-07-18 13:30:53.000,26.42084833,-80.16254667,1.60,7.563,-27.763,1.914,266,19,20,,
T,2026-07-18 13:30:54.000,26.42084833,-80.16256667,1.60,7.563,-27.763,1.918,270,19,20,,
T,2026-07-18 13:30:55.000,26.42085000,-80.16258500,1.60,7.662,-27.762,1.917,264,19,20,,
T,2026-07-18 13:30:56.000,26.42085000,-80.16260500,1.60,7.562,-27.762,1.917,270,19,20,,
T,2026-07-18 13:30:57.000,26.42085000,-80.16262333,1.60,7.462,-27.762,1.927,267,19,20,,
T,2026-07-18 13:30:58.000,26.42084667,-80.16264333,1.60,7.162,-27.762,1.921,269,19,20,,
T,2026-07-18 13:30:59.000,26.42084500,-80.16266333,1.60,6.862,-27.762,1.919,266,19,20,,
T,2026-07-18 13:31:00.000,26.42084333,-80.16268167,1.60,6.962,-27.762,1.921,265,19,20,,
T,2026-07-18 13:31:01.000,26.42084167,-80.16270167,1.60,7.462,-27.762,1.921,267,19,20,,
T,2026-07-18 13:31:02.000,26.42084167,-80.16272167,1.60,7.762,-27.762,1.914,268,19,20,,
T,2026-07-18 13:31:03.000,26.42084333,-80.16273833,1.60,7.762,-27.762,1.910,271,19,20,,
T,2026-07-18 13:31:04.000,26.42084167,-80.16275833,1.60,7.862,-27.762,1.929,262,19,20,,
T,2026-07-18 13:31:05.000,26.42083833,-80.16277833,1.60,7.862,-27.762,1.926,270,19,20,,
T,2026-07-18 13:31:06.000,26.42083500,-80.16279667,1.60,7.562,-27.762,1.934,265,19,20,,
T,2026-07-18 13:31:07.000,26.42083167,-80.16281500,1.60,7.062,-27.762,1.923,273,19,20,,
T,2026-07-18 13:31:08.000,26.42083000,-80.16283167,1.60,7.061,-27.761,1.922,272,19,20,,
T,2026-07-18 13:31:09.000,26.42082833,-80.16285333,1.60,6.961,-27.761,1.930,272,19,20,,
T,2026-07-18 13:31:10.000,26.42082667,-80.16287500,1.60,7.361,-27.761,1.936,267,19,20,,
T,2026-07-18 13:31:11.000,26.42082333,-80.16289667,1.60,7.861,-27.761,1.985,264,19,20,,
T,2026-07-18 13:31:12.000,26.42082167,-80.16292167,1.70,8.061,-27.761,2.023,264,19,20,,
T,2026-07-18 13:31:13.000,26.42081833,-80.16294333,1.70,8.061,-27.761,2.064,258,19,20,,
T,2026-07-18 13:31:14.000,26.42081333,-80.16296167,1.70,8.661,-27.761,2.098,257,19,20,,
T,2026-07-18 13:31:15.000,26.42080833,-80.16298667,1.70,9.061,-27.761,2.139,270,19,20,,
T,2026-07-18 13:31:16.000,26.42080667,-80.16300833,1.70,9.361,-27.761,2.185,265,19,20,,
T,2026-07-18 13:31:17.000,26.42080667,-80.16302500,1.70,9.461,-27.761,2.227,264,19,20,,
T,2026-07-18 13:31:18.000,26.42080667,-80.16304333,1.80,9.561,-27.761,2.226,271,19,20,,
T,2026-07-18 13:31:19.000,26.42080833,-80.16306000,1.80,9.561,-27.761,2.201,262,19,20,,
T,2026-07-18 13:31:20.000,26.42080833,-80.16307667,1.70,9.360,-27.760,2.149,269,19,20,,
T,2026-07-18 13:31:21.000,26.42080667,-80.16309000,1.70,9.860,-27.760,2.000,264,19,20,,
T,2026-07-18 13:31:22.000,26.42080500,-80.16310000,1.70,10.160,-27.760,1.850,262,19,20,,
T,2026-07-18 13:31:23.000,26.42080333,-80.16311167,1.60,10.160,-27.760,1.725,259,19,20,,
T,2026-07-18 13:31:24.000,26.42080000,-80.16312333,1.70,10.360,-27.760,1.634,255,19,20,,
T,2026-07-18 13:31:25.000,26.42079667,-80.16313500,1.70,10.560,-27.760,1.519,262,19,20,,
T,2026-07-18 13:31:26.000,26.42079500,-80.16314833,1.70,10.360,-27.760,1.438,255,19,20,,
T,2026-07-18 13:31:27.000,26.42079333,-80.16316167,1.70,10.560,-27.760,1.352,258,19,20,,
T,2026-07-18 13:31:28.000,26.42079333,-80.16317333,1.70,10.660,-27.760,1.296,261,19,20,,
T,2026-07-18 13:31:29.000,26.42079333,-80.16318333,1.70,10.860,-27.760,1.269,268,19,20,,
T,2026-07-18 13:31:30.000,26.42079167,-80.16319167,1.70,10.660,-27.760,1.275,256,19,20,,
T,2026-07-18 13:31:31.000,26.42079000,-80.16320500,1.70,10.360,-27.760,1.327,261,19,20,,
T,2026-07-18 13:31:32.000,26.42079167,-80.16321500,1.70,10.060,-27.760,1.377,264,19,20,,
T,2026-07-18 13:31:33.000,26.42079000,-80.16322667,1.70,9.860,-27.760,1.393,261,19,20,,
T,2026-07-18 13:31:34.000,26.42078667,-80.16323833,1.70,9.560,-27.760,1.383,254,19,20,,
T,2026-07-18 13:31:35.000,26.42078333,-80.16325333,1.70,9.660,-27.760,1.406,257,19,20,,
T,2026-07-18 13:31:36.000,26.42078000,-80.16326500,1.70,9.860,-27.760,1.399,260,19,20,,
T,2026-07-18 13:31:37.000,26.42078000,-80.16328167,1.70,9.860,-27.760,1.411,262,19,20,,
T,2026-07-18 13:31:38.000,26.42077667,-80.16329167,1.70,9.960,-27.760,1.414,259,19,20,,
T,2026-07-18 13:31:39.000,26.42077167,-80.16330333,1.70,10.359,-27.759,1.391,269,19,20,,
T,2026-07-18 13:31:40.000,26.42076667,-80.16331833,1.60,10.259,-27.759,1.397,255,19,20,,
T,2026-07-18 13:31:41.000,26.42076000,-80.16333000,1.70,10.259,-27.759,1.384,264,19,20,,
T,2026-07-18 13:31:42.000,26.42075833,-80.16334333,1.70,9.959,-27.759,1.399,258,19,20,,
T,2026-07-18 13:31:43.000,26.42075500,-80.16336000,1.70,9.759,-27.759,1.450,247,19,20,,
T,2026-07-18 13:31:44.000,26.42075000,-80.16338167,1.70,9.859,-27.759,1.479,258,19,20,,
T,2026-07-18 13:31:45.000,26.42074667,-80.16339833,1.70,9.759,-27.759,1.489,259,19,20,,
T,2026-07-18 13:31:46.000,26.42074500,-80.16341500,1.70,9.859,-27.759,1.498,260,19,20,,
T,2026-07-18 13:31:47.000,26.42074333,-80.16343167,1.70,9.659,-27.759,1.510,258,19,20,,
T,2026-07-18 13:31:48.000,26.42073833,-80.16344667,1.70,9.659,-27.759,1.525,257,19,20,,
T,2026-07-18 13:31:49.000,26.42073333,-80.16346000,1.70,9.759,-27.759,1.564,265,19,20,,
T,2026-07-18 13:31:50.000,26.42073000,-80.16347500,1.70,9.759,-27.759,1.596,263,18,20,,
T,2026-07-18 13:31:51.000,26.42072833,-80.16349667,1.60,9.359,-27.759,1.668,261,19,20,,
T,2026-07-18 13:31:52.000,26.42072333,-80.16351667,1.70,9.159,-27.759,1.734,257,19,20,,
T,2026-07-18 13:31:53.000,26.42071667,-80.16353667,1.70,9.058,-27.758,1.711,272,19,20,,
T,2026-07-18 13:31:54.000,26.42071167,-80.16355667,1.70,8.558,-27.758,1.730,271,19,20,,
T,2026-07-18 13:31:55.000,26.42071000,-80.16357667,1.70,8.258,-27.758,1.756,277,19,20,,
T,2026-07-18 13:31:56.000,26.42071167,-80.16359500,1.80,8.158,-27.758,1.721,275,19,20,,
T,2026-07-18 13:31:57.000,26.42070333,-80.16361167,1.80,8.358,-27.758,1.727,250,19,20,,
T,2026-07-18 13:31:58.000,26.42069667,-80.16363000,1.80,8.658,-27.758,1.752,264,19,20,,
T,2026-07-18 13:31:59.000,26.42069333,-80.16365000,1.70,9.058,-27.758,1.785,262,19,20,,
T,2026-07-18 13:32:00.000,26.42069000,-80.16367000,1.80,9.658,-27.758,1.800,257,19,20,,
T,2026-07-18 13:32:01.000,26.42068500,-80.16369333,1.80,9.858,-27.758,1.792,258,19,20,,
T,2026-07-18 13:32:02.000,26.42068333,-80.16372167,1.70,9.858,-27.758,1.790,252,19,20,,
T,2026-07-18 13:32:03.000,26.42068000,-80.16374500,1.80,9.758,-27.758,1.864,251,19,20,,
T,2026-07-18 13:32:04.000,26.42067833,-80.16377000,1.80,10.358,-27.758,1.902,258,19,20,,
T,2026-07-18 13:32:05.000,26.42067833,-80.16379500,1.70,11.057,-27.757,1.941,253,19,20,,
T,2026-07-18 13:32:06.000,26.42067333,-80.16381667,1.70,11.357,-27.757,2.023,252,19,20,,
T,2026-07-18 13:32:07.000,26.42067167,-80.16383333,1.70,11.657,-27.757,2.067,252,19,20,,
T,2026-07-18 13:32:08.000,26.42066500,-80.16385500,1.70,12.257,-27.757,2.094,253,19,20,,
T,2026-07-18 13:32:09.000,26.42065833,-80.16387833,1.70,12.257,-27.757,2.102,252,19,20,,
T,2026-07-18 13:32:10.000,26.42065000,-80.16389833,1.60,12.357,-27.757,2.094,251,19,20,,
T,2026-07-18 13:32:11.000,26.42064167,-80.16391833,1.60,12.357,-27.757,2.104,250,19,20,,
T,2026-07-18 13:32:12.000,26.42063333,-80.16393833,1.60,12.757,-27.757,2.113,247,19,20,,
T,2026-07-18 13:32:13.000,26.42062333,-80.16395833,1.60,12.857,-27.757,2.077,252,19,20,,
T,2026-07-18 13:32:14.000,26.42061667,-80.16398333,1.60,12.757,-27.757,2.060,252,19,20,,
T,2026-07-18 13:32:15.000,26.42060833,-80.16400500,1.60,12.457,-27.757,2.056,252,19,20,,
T,2026-07-18 13:32:16.000,26.42060167,-80.16402500,1.60,12.256,-27.756,2.051,252,19,20,,
T,2026-07-18 13:32:17.000,26.42059500,-80.16404500,1.60,11.956,-27.756,2.035,248,19,20,,
T,2026-07-18 13:32:18.000,26.42059000,-80.16406333,1.60,11.656,-27.756,2.026,251,19,20,,
T,2026-07-18 13:32:19.000,26.42058667,-80.16408500,1.70,11.856,-27.756,2.052,258,19,20,,
T,2026-07-18 13:32:20.000,26.42058167,-80.16410833,1.60,11.456,-27.756,2.060,249,19,20,,
T,2026-07-18 13:32:21.000,26.42057333,-80.16412667,1.60,11.256,-27.756,2.059,249,19,20,,
T,2026-07-18 13:32:22.000,26.42056667,-80.16414333,1.70,10.756,-27.756,2.040,250,19,20,,
T,2026-07-18 13:32:23.000,26.42056167,-80.16416500,1.60,10.756,-27.756,2.061,260,18,20,,
T,2026-07-18 13:32:24.000,26.42055500,-80.16418667,1.70,10.556,-27.756,2.064,255,18,20,,
T,2026-07-18 13:32:25.000,26.42054833,-80.16420667,1.70,10.556,-27.756,2.058,248,18,20,,
T,2026-07-18 13:32:26.000,26.42054333,-80.16422667,1.70,9.956,-27.756,2.058,255,19,20,,
T,2026-07-18 13:32:27.000,26.42053667,-80.16424500,1.70,9.355,-27.755,2.072,250,19,20,,
T,2026-07-18 13:32:28.000,26.42053000,-80.16426333,1.70,9.155,-27.755,2.069,254,19,20,,
T,2026-07-18 13:32:29.000,26.42052333,-80.16428167,1.60,9.055,-27.755,2.051,250,19,20,,
T,2026-07-18 13:32:30.000,26.42051667,-80.16430167,1.60,8.755,-27.755,2.055,255,19,20,,
T,2026-07-18 13:32:31.000,26.42051167,-80.16432167,1.70,8.655,-27.755,2.042,246,19,20,,
T,2026-07-18 13:32:32.000,26.42050333,-80.16434000,1.70,8.455,-27.755,2.046,247,19,20,,
T,2026-07-18 13:32:33.000,26.42049667,-80.16436167,1.70,8.655,-27.755,2.022,251,19,20,,
T,2026-07-18 13:32:34.000,26.42049500,-80.16438333,1.70,8.855,-27.755,2.042,256,19,20,,
T,2026-07-18 13:32:35.000,26.42049167,-80.16440167,1.70,8.955,-27.755,2.035,251,19,20,,
T,2026-07-18 13:32:36.000,26.42048500,-80.16442167,1.70,9.255,-27.755,2.052,255,19,20,,
T,2026-07-18 13:32:37.000,26.42048167,-80.16443833,1.70,9.455,-27.755,2.035,252,19,20,,
T,2026-07-18 13:32:38.000,26.42047667,-80.16445667,1.70,9.655,-27.755,2.039,252,19,20,,
T,2026-07-18 13:32:39.000,26.42047333,-80.16447500,1.70,9.954,-27.754,2.027,251,19,20,,
T,2026-07-18 13:32:40.000,26.42047000,-80.16449500,1.70,10.154,-27.754,2.015,250,19,20,,
T,2026-07-18 13:32:41.000,26.42046500,-80.16451333,1.70,10.354,-27.754,2.024,255,19,20,,
T,2026-07-18 13:32:42.000,26.42046000,-80.16453500,1.70,10.354,-27.754,2.028,251,19,20,,
T,2026-07-18 13:32:43.000,26.42044833,-80.16455000,1.70,10.754,-27.754,2.028,251,19,20,,
T,2026-07-18 13:32:44.000,26.42044000,-80.16456667,1.70,10.654,-27.754,2.001,252,19,20,,
T,2026-07-18 13:32:45.000,26.42043333,-80.16458333,1.70,10.254,-27.754,1.985,246,19,20,,
T,2026-07-18 13:32:46.000,26.42042333,-80.16460500,1.70,10.554,-27.754,1.948,240,19,20,,
T,2026-07-18 13:32:47.000,26.42041333,-80.16462167,1.70,10.254,-27.754,1.942,227,19,20,,
T,2026-07-18 13:32:48.000,26.42040500,-80.16464000,1.70,9.754,-27.754,1.942,242,19,20,,
T,2026-07-18 13:32:49.000,26.42040500,-80.16466000,1.70,9.254,-27.754,1.929,249,19,20,,
T,2026-07-18 13:32:50.000,26.42040167,-80.16468000,1.70,9.354,-27.754,1.918,252,19,20,,
T,2026-07-18 13:32:51.000,26.42040333,-80.16469833,1.70,9.354,-27.754,1.889,259,19,20,,
T,2026-07-18 13:32:52.000,26.42040000,-80.16471833,1.60,9.453,-27.753,1.870,259,19,20,,
T,2026-07-18 13:32:53.000,26.42039333,-80.16473667,1.60,9.153,-27.753,1.843,258,19,20,,
T,2026-07-18 13:32:54.000,26.42038833,-80.16475167,1.60,8.653,-27.753,1.803,254,19,20,,
T,2026-07-18 13:32:55.000,26.42038333,-80.16476500,1.60,8.153,-27.753,1.774,255,19,20,,
T,2026-07-18 13:32:56.000,26.42037667,-80.16477833,1.70,7.253,-27.753,1.751,244,19,20,,
T,2026-07-18 13:32:57.000,26.42036833,-80.16479333,1.60,7.453,-27.753,1.715,230,18,20,,
T,2026-07-18 13:32:58.000,26.42036167,-80.16480833,1.60,7.853,-27.753,1.676,252,19,20,,
T,2026-07-18 13:32:59.000,26.42035667,-80.16482500,1.60,8.453,-27.753,1.657,255,19,20,,
T,2026-07-18 13:33:00.000,26.42035500,-80.16484167,1.60,8.953,-27.753,1.638,260,19,20,,
T,2026-07-18 13:33:01.000,26.42035000,-80.16485833,1.60,9.353,-27.753,1.645,254,19,20,,
T,2026-07-18 13:33:02.000,26.42034333,-80.16487667,1.60,9.353,-27.753,1.621,252,19,20,,
T,2026-07-18 13:33:03.000,26.42033667,-80.16489500,1.60,9.853,-27.753,1.635,255,19,20,,
T,2026-07-18 13:33:04.000,26.42033167,-80.16491333,1.60,9.953,-27.753,1.656,254,19,20,,
T,2026-07-18 13:33:05.000,26.42032667,-80.16493000,1.60,9.953,-27.753,1.687,252,19,20,,
T,2026-07-18 13:33:06.000,26.42032167,-80.16494667,1.60,10.152,-27.752,1.708,250,19,20,,
T,2026-07-18 13:33:07.000,26.42031500,-80.16496500,1.60,10.252,-27.752,1.749,248,19,20,,
T,2026-07-18 13:33:08.000,26.42031167,-80.16498167,1.60,10.052,-27.752,1.767,249,19,20,,
T,2026-07-18 13:33:09.000,26.42030667,-80.16499667,1.60,9.952,-27.752,1.774,244,19,20,,
T,2026-07-18 13:33:10.000,26.42030000,-80.16501167,1.60,10.152,-27.752,1.792,248,19,20,,
T,2026-07-18 13:33:11.000,26.42029333,-80.16502333,1.60,10.252,-27.752,1.796,249,19,20,,
T,2026-07-18 13:33:12.000,26.42028500,-80.16503667,1.60,10.352,-27.752,1.813,242,19,20,,
T,2026-07-18 13:33:13.000,26.42027500,-80.16505333,1.60,10.352,-27.752,1.821,246,19,20,,
T,2026-07-18 13:33:14.000,26.42026833,-80.16507333,1.60,10.152,-27.752,1.824,244,19,20,,
T,2026-07-18 13:33:15.000,26.42026333,-80.16508833,1.60,10.252,-27.752,1.817,252,19,20,,
T,2026-07-18 13:33:16.000,26.42026000,-80.16510500,1.60,10.252,-27.752,1.809,245,19,20,,
T,2026-07-18 13:33:17.000,26.42025500,-80.16512167,1.60,10.252,-27.752,1.806,251,19,20,,
T,2026-07-18 13:33:18.000,26.42025000,-80.16514000,1.60,10.252,-27.752,1.815,247,19,20,,
T,2026-07-18 13:33:19.000,26.42024333,-80.16515667,1.60,10.152,-27.752,1.823,241,19,20,,
T,2026-07-18 13:33:20.000,26.42023500,-80.16517333,1.60,10.051,-27.751,1.826,245,19,20,,
T,2026-07-18 13:33:21.000,26.42022667,-80.16519167,1.60,9.951,-27.751,1.833,248,19,20,,
T,2026-07-18 13:33:22.000,26.42022167,-80.16520667,1.60,9.851,-27.751,1.826,244,19,20,,
T,2026-07-18 13:33:23.000,26.42022000,-80.16522333,1.60,9.751,-27.751,1.811,249,19,20,,
T,2026-07-18 13:33:24.000,26.42021667,-80.16524333,1.60,9.551,-27.751,1.812,247,19,20,,
T,2026-07-18 13:33:25.000,26.42021000,-80.16526333,1.60,9.851,-27.751,1.819,248,19,20,,
T,2026-07-18 13:33:26.000,26.42020000,-80.16528167,1.60,9.851,-27.751,1.821,238,19,20,,
T,2026-07-18 13:33:27.000,26.42019333,-80.16529833,1.60,10.151,-27.751,1.793,242,19,20,,
T,2026-07-18 13:33:28.000,26.42018833,-80.16531333,1.60,10.451,-27.751,1.775,248,19,20,,
T,2026-07-18 13:33:29.000,26.42018167,-80.16533333,1.60,10.451,-27.751,1.784,248,19,20,,
T,2026-07-18 13:33:30.000,26.42017500,-80.16534833,1.60,9.951,-27.751,1.792,247,19,20,,
T,2026-07-18 13:33:31.000,26.42016833,-80.16536500,1.60,10.051,-27.751,1.782,253,19,20,,
T,2026-07-18 13:33:32.000,26.42016333,-80.16538333,1.70,10.051,-27.751,1.799,248,19,20,,
T,2026-07-18 13:33:33.000,26.42015667,-80.16540500,1.70,10.250,-27.750,1.813,244,19,20,,
T,2026-07-18 13:33:34.000,26.42014833,-80.16542167,1.70,10.550,-27.750,1.798,247,19,20,,
T,2026-07-18 13:33:35.000,26.42014000,-80.16543667,1.60,10.750,-27.750,1.800,249,19,20,,
T,2026-07-18 13:33:36.000,26.42013167,-80.16545500,1.60,10.550,-27.750,1.808,249,19,20,,
T,2026-07-18 13:33:37.000,26.42012167,-80.16547333,1.60,10.450,-27.750,1.833,245,19,20,,
T,2026-07-18 13:33:38.000,26.42011333,-80.16548667,1.60,10.450,-27.750,1.833,244,19,20,,
T,2026-07-18 13:33:39.000,26.42010667,-80.16549833,1.60,10.750,-27.750,1.811,242,19,20,,
T,2026-07-18 13:33:40.000,26.42009667,-80.16551500,1.50,10.850,-27.750,1.790,242,19,20,,
T,2026-07-18 13:33:41.000,26.42008833,-80.16553167,1.50,11.050,-27.750,1.786,245,19,20,,
T,2026-07-18 13:33:42.000,26.42008333,-80.16554833,1.50,11.050,-27.750,1.776,242,19,20,,
T,2026-07-18 13:33:43.000,26.42007667,-80.16556500,1.60,11.150,-27.750,1.768,244,19,20,,
T,2026-07-18 13:33:44.000,26.42007000,-80.16558000,1.60,11.250,-27.750,1.768,241,19,20,,
T,2026-07-18 13:33:45.000,26.42006167,-80.16559500,1.60,11.350,-27.750,1.762,243,19,20,,
T,2026-07-18 13:33:46.000,26.42005333,-80.16561000,1.60,11.350,-27.750,1.757,244,19,20,,
T,2026-07-18 13:33:47.000,26.42004500,-80.16562500,1.50,11.350,-27.750,1.762,241,19,20,,
T,2026-07-18 13:33:48.000,26.42003667,-80.16564000,1.60,11.249,-27.749,1.767,242,19,20,,
T,2026-07-18 13:33:49.000,26.42003000,-80.16565667,1.60,11.549,-27.749,1.769,242,19,20,,
T,2026-07-18 13:33:50.000,26.42002333,-80.16567167,1.60,11.549,-27.749,1.760,243,19,20,,
T,2026-07-18 13:33:51.000,26.42001667,-80.16568667,1.60,11.349,-27.749,1.760,243,19,20,,
T,2026-07-18 13:33:52.000,26.42000833,-80.16570167,1.60,11.449,-27.749,1.749,243,19,20,,
T,2026-07-18 13:33:53.000,26.42000000,-80.16571667,1.60,11.849,-27.749,1.721,241,19,20,,
T,2026-07-18 13:33:54.000,26.41999167,-80.16573333,1.60,12.149,-27.749,1.740,243,19,20,,
T,2026-07-18 13:33:55.000,26.41998333,-80.16574833,1.60,12.449,-27.749,1.725,238,19,20,,
T,2026-07-18 13:33:56.000,26.41997500,-80.16576333,1.60,12.549,-27.749,1.721,239,19,20,,
T,2026-07-18 13:33:57.000,26.41996667,-80.16577667,1.70,12.449,-27.749,1.708,234,19,20,,
T,2026-07-18 13:33:58.000,26.41996000,-80.16579000,1.70,12.649,-27.749,1.699,242,19,20,,
T,2026-07-18 13:33:59.000,26.41995333,-80.16580667,1.70,12.749,-27.749,1.712,241,19,20,,
T,2026-07-18 13:34:00.000,26.41994500,-80.16582333,1.70,12.749,-27.749,1.708,246,19,20,,
T,2026-07-18 13:34:01.000,26.41993500,-80.16584000,1.60,12.749,-27.749,1.700,246,19,20,,
T,2026-07-18 13:34:02.000,26.41992667,-80.16585333,1.60,12.649,-27.749,1.693,238,19,20,,
T,2026-07-18 13:34:03.000,26.41991667,-80.16587000,1.60,12.548,-27.748,1.712,239,19,20,,
T,2026-07-18 13:34:04.000,26.41991000,-80.16588500,1.60,12.448,-27.748,1.683,247,19,20,,
T,2026-07-18 13:34:05.000,26.41990333,-80.16589667,1.60,12.148,-27.748,1.666,243,19,20,,
T,2026-07-18 13:34:06.000,26.41990000,-80.16591167,1.60,11.848,-27.748,1.653,247,19,20,,
T,2026-07-18 13:34:07.000,26.41989167,-80.16592500,1.60,11.748,-27.748,1.638,243,19,20,,
T,2026-07-18 13:34:08.000,26.41988500,-80.16594167,1.60,11.548,-27.748,1.647,247,19,20,,
T,2026-07-18 13:34:09.000,26.41987833,-80.16595833,1.60,11.448,-27.748,1.642,236,19,20,,
T,2026-07-18 13:34:10.000,26.41986833,-80.16597000,1.60,11.448,-27.748,1.655,242,19,20,,
T,2026-07-18 13:34:11.000,26.41986000,-80.16598333,1.60,11.048,-27.748,1.665,241,19,20,,
T,2026-07-18 13:34:12.000,26.41985167,-80.16600000,1.60,10.748,-27.748,1.675,234,19,20,,
T,2026-07-18 13:34:13.000,26.41984167,-80.16601500,1.60,10.748,-27.748,1.668,237,19,20,,
T,2026-07-18 13:34:14.000,26.41983333,-80.16603000,1.60,10.848,-27.748,1.683,236,19,20,,
T,2026-07-18 13:34:15.000,26.41982500,-80.16604500,1.70,10.648,-27.748,1.707,238,19,20,,
T,2026-07-18 13:34:16.000,26.41981667,-80.16605833,1.70,10.448,-27.748,1.705,237,19,20,,
T,2026-07-18 13:34:17.000,26.41980833,-80.16607000,1.70,10.548,-27.748,1.729,237,19,20,,
T,2026-07-18 13:34:18.000,26.41979833,-80.16608333,1.70,10.947,-27.747,1.755,236,19,20,,
T,2026-07-18 13:34:19.000,26.41978833,-80.16609667,1.70,11.147,-27.747,1.745,237,19,20,,
T,2026-07-18 13:34:20.000,26.41977833,-80.16611000,1.70,11.347,-27.747,1.752,232,19,20,,
T,2026-07-18 13:34:21.000,26.41976500,-80.16612167,1.70,11.347,-27.747,1.753,230,19,20,,
T,2026-07-18 13:34:22.000,26.41975500,-80.16613167,1.70,11.747,-27.747,1.751,232,19,20,,
T,2026-07-18 13:34:23.000,26.41974333,-80.16614333,1.70,11.947,-27.747,1.754,237,19,20,,
T,2026-07-18 13:34:24.000,26.41973500,-80.16615667,1.70,12.147,-27.747,1.734,240,19,20,,
T,2026-07-18 13:34:25.000,26.41972667,-80.16617000,1.70,12.247,-27.747,1.733,239,19,20,,
T,2026-07-18 13:34:26.000,26.41971833,-80.16618167,1.70,12.447,-27.747,1.735,237,19,20,,
T,2026-07-18 13:34:27.000,26.41970833,-80.16619167,1.70,12.547,-27.747,1.706,237,19,20,,
T,2026-07-18 13:34:28.000,26.41970000,-80.16620667,1.70,12.547,-27.747,1.689,232,19,20,,
T,2026-07-18 13:34:29.000,26.41969167,-80.16622167,1.70,12.647,-27.747,1.689,242,19,20,,
T,2026-07-18 13:34:30.000,26.41968333,-80.16623833,1.70,12.747,-27.747,1.684,231,19,20,,
T,2026-07-18 13:34:31.000,26.41967500,-80.16625167,1.60,12.747,-27.747,1.683,230,19,20,,
T,2026-07-18 13:34:32.000,26.41966667,-80.16626500,1.60,12.847,-27.747,1.689,229,19,20,,
T,2026-07-18 13:34:33.000,26.41966000,-80.16628000,1.70,12.547,-27.747,1.687,233,19,20,,
T,2026-07-18 13:34:34.000,26.41965000,-80.16629500,1.70,12.547,-27.747,1.709,232,19,20,,
T,2026-07-18 13:34:35.000,26.41964000,-80.16631000,1.60,12.246,-27.746,1.701,233,19,20,,
T,2026-07-18 13:34:36.000,26.41963000,-80.16632500,1.60,12.046,-27.746,1.713,235,19,20,,
T,2026-07-18 13:34:37.000,26.41961833,-80.16634000,1.60,11.746,-27.746,1.728,233,19,20,,
T,2026-07-18 13:34:38.000,26.41960667,-80.16635500,1.60,11.246,-27.746,1.703,232,19,20,,
T,2026-07-18 13:34:39.000,26.41959667,-80.16636833,1.60,11.446,-27.746,1.688,233,19,20,,
T,2026-07-18 13:34:40.000,26.41958667,-80.16638167,1.60,11.846,-27.746,1.678,232,19,20,,
T,2026-07-18 13:34:41.000,26.41957833,-80.16639500,1.60,12.146,-27.746,1.661,235,19,20,,
T,2026-07-18 13:34:42.000,26.41956833,-80.16641000,1.60,12.246,-27.746,1.650,232,19,20,,
T,2026-07-18 13:34:43.000,26.41955833,-80.16642333,1.60,12.646,-27.746,1.658,228,19,20,,
T,2026-07-18 13:34:44.000,26.41955000,-80.16643833,1.60,12.646,-27.746,1.663,233,19,20,,
T,2026-07-18 13:34:45.000,26.41953833,-80.16645333,1.60,12.546,-27.746,1.685,226,19,20,,
T,2026-07-18 13:34:46.000,26.41952667,-80.16646667,1.60,12.646,-27.746,1.689,225,19,20,,
T,2026-07-18 13:34:47.000,26.41951833,-80.16648167,1.60,12.646,-27.746,1.682,230,19,20,,
T,2026-07-18 13:34:48.000,26.41950667,-80.16649500,1.60,12.946,-27.746,1.698,231,19,20,,
T,2026-07-18 13:34:49.000,26.41949500,-80.16651000,1.60,13.146,-27.746,1.721,228,19,20,,
T,2026-07-18 13:34:50.000,26.41948500,-80.16652167,1.60,13.446,-27.746,1.717,229,19,20,,
T,2026-07-18 13:34:51.000,26.41947333,-80.16653833,1.70,13.345,-27.745,1.749,231,19,20,,
T,2026-07-18 13:34:52.000,26.41946333,-80.16655000,1.60,13.345,-27.745,1.746,233,19,20,,
T,2026-07-18 13:34:53.000,26.41945167,-80.16656000,1.60,13.445,-27.745,1.741,227,19,20,,
T,2026-07-18 13:34:54.000,26.41944000,-80.16657333,1.60,12.445,-27.745,1.753,226,19,20,,
T,2026-07-18 13:34:55.000,26.41943333,-80.16658500,1.70,12.245,-27.745,1.723,227,19,20,,
T,2026-07-18 13:34:56.000,26.41942167,-80.16659833,1.70,11.845,-27.745,1.695,224,19,20,,
T,2026-07-18 13:34:57.000,26.41941000,-80.16660833,1.70,11.645,-27.745,1.676,223,19,20,,
T,2026-07-18 13:34:58.000,26.41940000,-80.16661833,1.70,10.945,-27.745,1.665,228,18,20,,
T,2026-07-18 13:34:59.000,26.41938833,-80.16663167,1.70,10.945,-27.745,1.684,230,19,20,,
T,2026-07-18 13:35:00.000,26.41937500,-80.16664333,1.70,11.045,-27.745,1.695,226,19,20,,
T,2026-07-18 13:35:01.000,26.41936500,-80.16665833,1.70,10.845,-27.745,1.668,229,18,20,,
T,2026-07-18 13:35:02.000,26.41935333,-80.16667167,1.70,11.045,-27.745,1.684,230,18,20,,
T,2026-07-18 13:35:03.000,26.41934167,-80.16668500,1.70,11.445,-27.745,1.681,227,19,20,,
T,2026-07-18 13:35:04.000,26.41933167,-80.16669833,1.70,11.645,-27.745,1.646,225,19,20,,
T,2026-07-18 13:35:05.000,26.41932000,-80.16671167,1.70,11.545,-27.745,1.671,227,19,20,,
T,2026-07-18 13:35:06.000,26.41930833,-80.16672167,1.70,11.745,-27.745,1.673,226,19,20,,
T,2026-07-18 13:35:07.000,26.41929667,-80.16673333,1.70,11.845,-27.745,1.705,219,19,20,,
T,2026-07-18 13:35:08.000,26.41928167,-80.16674167,1.70,12.344,-27.744,1.726,220,19,20,,
T,2026-07-18 13:35:09.000,26.41926500,-80.16675167,1.70,12.844,-27.744,1.697,222,19,20,,
T,2026-07-18 13:35:10.000,26.41925333,-80.16676167,1.70,12.644,-27.744,1.708,221,19,20,,
T,2026-07-18 13:35:11.000,26.41924167,-80.16677000,1.70,12.344,-27.744,1.720,219,19,20,,
T,2026-07-18 13:35:12.000,26.41923167,-80.16678000,1.70,12.244,-27.744,1.707,222,19,20,,
T,2026-07-18 13:35:13.000,26.41922167,-80.16678833,1.80,12.344,-27.744,1.723,221,19,20,,
T,2026-07-18 13:35:14.000,26.41921000,-80.16680333,1.80,13.144,-27.744,1.748,218,19,20,,
T,2026-07-18 13:35:15.000,26.41919333,-80.16681667,1.70,13.744,-27.744,1.745,221,19,20,,
T,2026-07-18 13:35:16.000,26.41918167,-80.16682667,1.80,14.744,-27.744,1.771,222,19,20,,
T,2026-07-18 13:35:17.000,26.41916833,-80.16684000,1.70,15.044,-27.744,1.747,217,19,20,,
T,2026-07-18 13:35:18.000,26.41916000,-80.16685333,1.60,14.244,-27.744,1.679,232,19,20,,
T,2026-07-18 13:35:19.000,26.41915333,-80.16686833,1.60,14.244,-27.744,1.635,219,19,20,,
T,2026-07-18 13:35:20.000,26.41914333,-80.16688167,1.60,14.244,-27.744,1.604,212,19,20,,
T,2026-07-18 13:35:21.000,26.41913167,-80.16689500,1.60,14.044,-27.744,1.596,218,19,20,,
T,2026-07-18 13:35:22.000,26.41912000,-80.16690667,1.60,13.844,-27.744,1.599,220,19,20,,
T,2026-07-18 13:35:23.000,26.41911000,-80.16692000,1.60,13.744,-27.744,1.555,220,19,20,,
T,2026-07-18 13:35:24.000,26.41909833,-80.16693333,1.60,13.444,-27.744,1.543,216,19,20,,
T,2026-07-18 13:35:25.000,26.41908667,-80.16695000,1.60,13.244,-27.744,1.532,220,19,20,,
T,2026-07-18 13:35:26.000,26.41907333,-80.16696333,1.60,12.943,-27.743,1.527,218,19,20,,
T,2026-07-18 13:35:27.000,26.41906000,-80.16697667,1.60,12.843,-27.743,1.544,218,19,20,,
T,2026-07-18 13:35:28.000,26.41904833,-80.16698833,1.60,12.443,-27.743,1.593,216,19,20,,
T,2026-07-18 13:35:29.000,26.41903667,-80.16699833,1.60,11.743,-27.743,1.631,218,19,20,,
T,2026-07-18 13:35:30.000,26.41902500,-80.16701167,1.60,11.243,-27.743,1.641,218,19,20,,
T,2026-07-18 13:35:31.000,26.41901333,-80.16702500,1.60,11.243,-27.743,1.656,219,19,20,,
T,2026-07-18 13:35:32.000,26.41900167,-80.16703667,1.70,11.043,-27.743,1.683,219,19,20,,
T,2026-07-18 13:35:33.000,26.41898833,-80.16704500,1.70,11.043,-27.743,1.733,223,19,20,,
T,2026-07-18 13:35:34.000,26.41897333,-80.16705333,1.70,10.343,-27.743,1.753,221,19,20,,
T,2026-07-18 13:35:35.000,26.41895833,-80.16706500,1.70,9.943,-27.743,1.753,219,19,20,,
T,2026-07-18 13:35:36.000,26.41894500,-80.16707500,1.70,9.643,-27.743,1.741,220,19,20,,
T,2026-07-18 13:35:37.000,26.41893333,-80.16708667,1.60,9.743,-27.743,1.740,222,19,20,,
T,2026-07-18 13:35:38.000,26.41892000,-80.16709833,1.60,9.843,-27.743,1.738,219,19,20,,
T,2026-07-18 13:35:39.000,26.41891000,-80.16711167,1.60,10.243,-27.743,1.744,214,19,20,,
T,2026-07-18 13:35:40.000,26.41890000,-80.16712167,1.60,10.443,-27.743,1.743,223,19,20,,
T,2026-07-18 13:35:41.000,26.41888833,-80.16713000,1.60,10.743,-27.743,1.722,217,19,20,,
T,2026-07-18 13:35:42.000,26.41887500,-80.16713833,1.60,10.443,-27.743,1.698,217,19,20,,
T,2026-07-18 13:35:43.000,26.41886333,-80.16714667,1.70,10.143,-27.743,1.664,213,19,20,,
T,2026-07-18 13:35:44.000,26.41884833,-80.16715667,1.70,9.543,-27.743,1.650,218,19,20,,
T,2026-07-18 13:35:45.000,26.41883667,-80.16716167,1.60,8.943,-27.743,1.641,214,19,20,,
T,2026-07-18 13:35:46.000,26.41882500,-80.16717167,1.70,8.442,-27.742,1.616,217,19,20,,
T,2026-07-18 13:35:47.000,26.41881167,-80.16718167,1.60,7.742,-27.742,1.629,218,19,20,,
T,2026-07-18 13:35:48.000,26.41880000,-80.16719000,1.60,7.342,-27.742,1.620,212,19,20,,
T,2026-07-18 13:35:49.000,26.41878833,-80.16720000,1.60,7.242,-27.742,1.623,214,19,20,,
T,2026-07-18 13:35:50.000,26.41877667,-80.16721167,1.60,7.342,-27.742,1.615,209,19,20,,
T,2026-07-18 13:35:51.000,26.41876333,-80.16722000,1.60,7.842,-27.742,1.612,208,19,20,,
T,2026-07-18 13:35:52.000,26.41875000,-80.16722833,1.60,8.042,-27.742,1.596,213,19,20,,
T,2026-07-18 13:35:53.000,26.41873667,-80.16723667,1.60,8.142,-27.742,1.605,214,19,20,,
T,2026-07-18 13:35:54.000,26.41872667,-80.16724833,1.60,8.242,-27.742,1.599,215,19,20,,
T,2026-07-18 13:35:55.000,26.41871667,-80.16725500,1.60,8.242,-27.742,1.607,211,19,20,,
T,2026-07-18 13:35:56.000,26.41870667,-80.16726333,1.60,8.042,-27.742,1.625,211,19,20,,
T,2026-07-18 13:35:57.000,26.41869500,-80.16727333,1.60,8.342,-27.742,1.612,210,19,20,,
T,2026-07-18 13:35:58.000,26.41868167,-80.16728000,1.60,8.642,-27.742,1.619,208,19,20,,
T,2026-07-18 13:35:59.000,26.41866833,-80.16728833,1.50,8.942,-27.742,1.618,213,19,20,,
T,2026-07-18 13:36:00.000,26.41865667,-80.16729833,1.50,9.342,-27.742,1.630,210,19,20,,
T,2026-07-18 13:36:01.000,26.41864167,-80.16730667,1.50,9.542,-27.742,1.645,209,19,20,,
T,2026-07-18 13:36:02.000,26.41862667,-80.16731500,1.50,9.842,-27.742,1.644,208,19,20,,
T,2026-07-18 13:36:03.000,26.41861167,-80.16732500,1.50,10.242,-27.742,1.646,209,19,20,,
T,2026-07-18 13:36:04.000,26.41859667,-80.16733500,1.60,10.442,-27.742,1.646,214,19,20,,
T,2026-07-18 13:36:05.000,26.41858333,-80.16734500,1.60,10.542,-27.742,1.637,207,19,20,,
T,2026-07-18 13:36:06.000,26.41856667,-80.16735167,1.60,10.342,-27.742,1.653,208,19,20,,
T,2026-07-18 13:36:07.000,26.41855333,-80.16736167,1.50,10.442,-27.742,1.658,214,19,20,,
T,2026-07-18 13:36:08.000,26.41854000,-80.16737167,1.50,10.441,-27.741,1.656,212,19,20,,
T,2026-07-18 13:36:09.000,26.41852667,-80.16737833,1.60,10.641,-27.741,1.650,214,19,20,,
T,2026-07-18 13:36:10.000,26.41851000,-80.16738667,1.60,10.941,-27.741,1.640,210,19,20,,
T,2026-07-18 13:36:11.000,26.41849500,-80.16739500,1.60,11.041,-27.741,1.653,215,19,20,,
T,2026-07-18 13:36:12.000,26.41848000,-80.16740500,1.60,11.041,-27.741,1.682,217,19,20,,
T,2026-07-18 13:36:13.000,26.41846833,-80.16741333,1.70,10.941,-27.741,1.677,218,19,20,,
T,2026-07-18 13:36:14.000,26.41845500,-80.16741833,1.60,10.641,-27.741,1.662,206,19,20,,
T,2026-07-18 13:36:15.000,26.41844167,-80.16742667,1.60,10.641,-27.741,1.664,209,19,20,,
T,2026-07-18 13:36:16.000,26.41842833,-80.16743500,1.60,10.141,-27.741,1.651,209,19,20,,
T,2026-07-18 13:36:17.000,26.41841500,-80.16744500,1.60,9.841,-27.741,1.625,209,19,20,,
T,2026-07-18 13:36:18.000,26.41840167,-80.16745167,1.60,9.841,-27.741,1.620,197,19,20,,
T,2026-07-18 13:36:19.000,26.41838833,-80.16746000,1.60,9.841,-27.741,1.634,205,19,20,,
T,2026-07-18 13:36:20.000,26.41837500,-80.16746667,1.60,9.541,-27.741,1.647,197,19,20,,
T,2026-07-18 13:36:21.000,26.41836167,-80.16747333,1.60,9.541,-27.741,1.628,199,19,20,,
T,2026-07-18 13:36:22.000,26.41834833,-80.16747833,1.60,9.441,-27.741,1.596,195,19,20,,
T,2026-07-18 13:36:23.000,26.41833333,-80.16748333,1.60,9.241,-27.741,1.601,198,19,20,,
T,2026-07-18 13:36:24.000,26.41831833,-80.16749167,1.70,8.841,-27.741,1.625,218,19,20,,
T,2026-07-18 13:36:25.000,26.41830167,-80.16749833,1.60,8.441,-27.741,1.637,197,19,20,,
T,2026-07-18 13:36:26.000,26.41828833,-80.16750333,1.70,8.241,-27.741,1.630,197,19,20,,
T,2026-07-18 13:36:27.000,26.41827667,-80.16750833,1.70,8.041,-27.741,1.633,196,19,20,,
T,2026-07-18 13:36:28.000,26.41826167,-80.16751333,1.70,7.841,-27.741,1.646,196,19,20,,
T,2026-07-18 13:36:29.000,26.41824500,-80.16752167,1.70,7.941,-27.741,1.643,199,19,20,,
T,2026-07-18 13:36:30.000,26.41823000,-80.16752833,1.70,8.141,-27.741,1.642,200,19,20,,
T,2026-07-18 13:36:31.000,26.41821500,-80.16753000,1.70,8.341,-27.741,1.621,196,19,20,,
T,2026-07-18 13:36:32.000,26.41820000,-80.16753333,1.70,8.441,-27.741,1.605,197,19,20,,
T,2026-07-18 13:36:33.000,26.41818667,-80.16753667,1.70,8.441,-27.741,1.596,196,19,20,,
T,2026-07-18 13:36:34.000,26.41817167,-80.16754500,1.60,8.441,-27.741,1.586,200,19,20,,
T,2026-07-18 13:36:35.000,26.41815833,-80.16755000,1.70,8.441,-27.741,1.569,194,19,20,,
T,2026-07-18 13:36:36.000,26.41814500,-80.16755167,1.70,8.141,-27.741,1.576,191,19,20,,
T,2026-07-18 13:36:37.000,26.41813333,-80.16755833,1.70,8.040,-27.740,1.585,191,19,20,,
T,2026-07-18 13:36:38.000,26.41812000,-80.16756333,1.70,8.140,-27.740,1.584,189,19,20,,
T,2026-07-18 13:36:39.000,26.41810333,-80.16756833,1.70,8.440,-27.740,1.569,191,19,20,,
T,2026-07-18 13:36:40.000,26.41808667,-80.16757333,1.70,8.740,-27.740,1.563,194,19,20,,
T,2026-07-18 13:36:41.000,26.41806833,-80.16757833,1.70,9.040,-27.740,1.590,198,19,20,,
T,2026-07-18 13:36:42.000,26.41805333,-80.16758000,1.70,9.440,-27.740,1.607,191,19,20,,
T,2026-07-18 13:36:43.000,26.41804167,-80.16758333,1.70,9.240,-27.740,1.601,199,19,20,,
T,2026-07-18 13:36:44.000,26.41802833,-80.16758833,1.70,9.340,-27.740,1.596,201,19,20,,
T,2026-07-18 13:36:45.000,26.41801500,-80.16759667,1.70,9.640,-27.740,1.541,212,19,20,,
T,2026-07-18 13:36:46.000,26.41800167,-80.16760333,1.70,9.440,-27.740,1.458,231,19,20,,
T,2026-07-18 13:36:47.000,26.41798833,-80.16760500,1.70,9.840,-27.740,1.379,213,19,20,,
T,2026-07-18 13:36:48.000,26.41797000,-80.16760500,1.70,10.240,-27.740,1.326,192,18,20,,
T,2026-07-18 13:36:49.000,26.41795333,-80.16760500,1.70,10.340,-27.740,1.339,188,18,20,,
T,2026-07-18 13:36:50.000,26.41793667,-80.16760167,1.70,10.440,-27.740,1.340,183,19,20,,
T,2026-07-18 13:36:51.000,26.41791667,-80.16759833,1.70,10.840,-27.740,1.333,181,19,20,,
T,2026-07-18 13:36:52.000,26.41789833,-80.16759667,1.70,10.740,-27.740,1.347,181,18,20,,
T,2026-07-18 13:36:53.000,26.41788333,-80.16759167,1.70,11.140,-27.740,1.383,178,18,20,,
T,2026-07-18 13:36:54.000,26.41786500,-80.16759167,1.70,11.140,-27.740,1.401,179,18,20,,
T,2026-07-18 13:36:55.000,26.41784833,-80.16759667,1.80,11.740,-27.740,1.486,181,17,20,,
T,2026-07-18 13:36:56.000,26.41782833,-80.16759833,1.80,12.240,-27.740,1.629,182,18,20,,
T,2026-07-18 13:36:57.000,26.41781167,-80.16760167,1.80,12.240,-27.740,1.717,181,18,20,,
T,2026-07-18 13:36:58.000,26.41779500,-80.16760333,1.80,12.340,-27.740,1.768,191,17,20,,
T,2026-07-18 13:36:59.000,26.41778000,-80.16761167,1.70,12.340,-27.740,1.767,187,17,20,,
T,2026-07-18 13:37:00.000,26.41776500,-80.16761167,1.70,12.140,-27.740,1.775,180,17,20,,
T,2026-07-18 13:37:01.000,26.41774667,-80.16761167,1.70,12.040,-27.740,1.784,182,18,20,,
T,2026-07-18 13:37:02.000,26.41772833,-80.16761333,1.70,11.940,-27.740,1.770,181,17,20,,
T,2026-07-18 13:37:03.000,26.41771500,-80.16761000,1.70,11.640,-27.740,1.747,183,17,20,,
T,2026-07-18 13:37:04.000,26.41770000,-80.16760667,1.70,11.540,-27.740,1.735,177,18,20,,
T,2026-07-18 13:37:05.000,26.41768500,-80.16760667,1.80,11.740,-27.740,1.711,184,17,20,,
T,2026-07-18 13:37:06.000,26.41766833,-80.16760500,1.80,11.840,-27.740,1.651,179,18,20,,
T,2026-07-18 13:37:07.000,26.41765500,-80.16760500,1.80,11.740,-27.740,1.639,183,18,20,,
T,2026-07-18 13:37:08.000,26.41764000,-80.16760667,1.80,11.740,-27.740,1.635,183,18,20,,
T,2026-07-18 13:37:09.000,26.41762667,-80.16760667,1.80,11.940,-27.740,1.613,187,18,20,,
T,2026-07-18 13:37:10.000,26.41761333,-80.16760500,1.80,11.640,-27.740,1.609,181,18,20,,
T,2026-07-18 13:37:11.000,26.41759667,-80.16760667,1.80,11.340,-27.740,1.601,187,18,20,,
T,2026-07-18 13:37:12.000,26.41758000,-80.16760667,1.70,11.340,-27.740,1.620,187,18,20,,
T,2026-07-18 13:37:13.000,26.41756667,-80.16761333,1.70,11.040,-27.740,1.630,188,18,20,,
T,2026-07-18 13:37:14.000,26.41755167,-80.16761167,1.70,10.740,-27.740,1.627,180,18,20,,
T,2026-07-18 13:37:15.000,26.41753667,-80.16761167,1.70,10.640,-27.740,1.639,179,18,20,,
T,2026-07-18 13:37:16.000,26.41752000,-80.16761333,1.70,10.940,-27.740,1.639,181,18,20,,
T,2026-07-18 13:37:17.000,26.41750500,-80.16761500,1.70,10.940,-27.740,1.633,180,18,20,,
T,2026-07-18 13:37:18.000,26.41749333,-80.16761667,1.70,10.840,-27.740,1.631,177,18,20,,
T,2026-07-18 13:37:19.000,26.41748000,-80.16761500,1.70,10.640,-27.740,1.656,176,18,20,,
T,2026-07-18 13:37:20.000,26.41746500,-80.16761500,1.70,10.740,-27.740,1.641,180,18,20,,
T,2026-07-18 13:37:21.000,26.41745167,-80.16761333,1.60,10.740,-27.740,1.629,181,18,20,,
T,2026-07-18 13:37:22.000,26.41743500,-80.16761333,1.60,10.740,-27.740,1.619,182,18,20,,
T,2026-07-18 13:37:23.000,26.41742000,-80.16761500,1.70,10.540,-27.740,1.627,176,18,20,,
T,2026-07-18 13:37:24.000,26.41740333,-80.16761500,1.70,10.540,-27.740,1.630,177,18,20,,
T,2026-07-18 13:37:25.000,26.41738667,-80.16761500,1.70,10.840,-27.740,1.625,179,18,20,,
T,2026-07-18 13:37:26.000,26.41737000,-80.16761333,1.70,11.040,-27.740,1.641,183,18,20,,
T,2026-07-18 13:37:27.000,26.41735167,-80.16761167,1.70,10.840,-27.740,1.666,182,18,20,,
T,2026-07-18 13:37:28.000,26.41733667,-80.16761667,1.70,10.740,-27.740,1.688,188,18,20,,
T,2026-07-18 13:37:29.000,26.41732000,-80.16761667,1.70,10.940,-27.740,1.694,188,18,20,,
T,2026-07-18 13:37:30.000,26.41730333,-80.16762000,1.70,11.540,-27.740,1.714,185,18,20,,
T,2026-07-18 13:37:31.000,26.41728667,-80.16761667,1.70,11.540,-27.740,1.750,181,18,20,,
T,2026-07-18 13:37:32.000,26.41727167,-80.16761833,1.80,11.340,-27.740,1.758,183,18,20,,
T,2026-07-18 13:37:33.000,26.41725667,-80.16762000,1.80,11.040,-27.740,1.755,191,18,20,,
T,2026-07-18 13:37:34.000,26.41724167,-80.16761833,1.80,11.240,-27.740,1.756,185,18,20,,
T,2026-07-18 13:37:35.000,26.41722500,-80.16761833,1.80,11.540,-27.740,1.769,186,18,20,,
T,2026-07-18 13:37:36.000,26.41720833,-80.16761833,1.80,11.740,-27.740,1.771,185,18,20,,
T,2026-07-18 13:37:37.000,26.41719500,-80.16761667,1.80,11.740,-27.740,1.764,182,18,20,,
T,2026-07-18 13:37:38.000,26.41718000,-80.16761333,1.80,11.540,-27.740,1.763,180,18,20,,
T,2026-07-18 13:37:39.000,26.41716333,-80.16761000,1.80,11.740,-27.740,1.759,177,18,20,,
T,2026-07-18 13:37:40.000,26.41714667,-80.16760667,1.70,12.040,-27.740,1.751,178,18,20,,
T,2026-07-18 13:37:41.000,26.41713167,-80.16761000,1.80,11.940,-27.740,1.731,192,18,20,,
T,2026-07-18 13:37:42.000,26.41711333,-80.16761333,1.70,12.240,-27.740,1.747,181,18,20,,
T,2026-07-18 13:37:43.000,26.41709333,-80.16761167,1.70,12.640,-27.740,1.805,182,18,20,,
T,2026-07-18 13:37:44.000,26.41705833,-80.16760667,1.80,12.940,-27.740,2.000,182,18,20,,
T,2026-07-18 13:37:45.000,26.41702333,-80.16760500,1.90,12.740,-27.740,2.205,185,18,20,,
T,2026-07-18 13:37:46.000,26.41698500,-80.16760167,2.10,12.540,-27.740,2.446,179,18,20,,
T,2026-07-18 13:37:47.000,26.41694500,-80.16759833,2.20,12.140,-27.740,2.685,175,18,20,,
T,2026-07-18 13:37:48.000,26.41690167,-80.16759000,2.30,11.740,-27.740,2.939,173,18,20,,
T,2026-07-18 13:37:49.000,26.41686667,-80.16757833,2.40,11.540,-27.740,3.151,170,18,20,,
T,2026-07-18 13:37:50.000,26.41683667,-80.16756667,2.40,11.340,-27.740,3.353,168,18,20,,
T,2026-07-18 13:37:51.000,26.41680167,-80.16755833,2.40,11.140,-27.740,3.540,165,18,20,,
T,2026-07-18 13:37:52.000,26.41676833,-80.16754833,2.50,11.140,-27.740,3.666,168,18,20,,
T,2026-07-18 13:37:53.000,26.41674000,-80.16753667,2.40,10.440,-27.740,3.728,161,18,20,,
T,2026-07-18 13:37:54.000,26.41671500,-80.16752667,2.40,10.440,-27.740,3.612,163,18,20,,
T,2026-07-18 13:37:55.000,26.41669500,-80.16752167,2.00,10.040,-27.740,3.445,165,18,20,,
T,2026-07-18 13:37:56.000,26.41667833,-80.16751333,1.90,9.940,-27.740,3.204,157,18,20,,
T,2026-07-18 13:37:57.000,26.41666667,-80.16750833,1.80,10.040,-27.740,2.950,169,18,20,,
T,2026-07-18 13:37:58.000,26.41665833,-80.16750333,1.70,9.340,-27.740,2.600,148,18,20,,
T,2026-07-18 13:37:59.000,26.41665500,-80.16749833,1.70,9.040,-27.740,2.253,125,18,20,,
T,2026-07-18 13:38:00.000,26.41664667,-80.16749333,1.60,8.640,-27.740,1.958,153,18,20,,
T,2026-07-18 13:38:01.000,26.41663667,-80.16748833,1.60,8.640,-27.740,1.728,163,18,20,,
T,2026-07-18 13:38:02.000,26.41662500,-80.16748500,1.60,8.840,-27.740,1.553,171,18,20,,
T,2026-07-18 13:38:03.000,26.41661333,-80.16748167,1.60,8.640,-27.740,1.396,165,18,20,,
T,2026-07-18 13:38:04.000,26.41660000,-80.16747667,1.60,8.540,-27.740,1.301,163,18,20,,
T,2026-07-18 13:38:05.000,26.41658667,-80.16747000,1.70,8.540,-27.740,1.219,150,18,20,,
T,2026-07-18 13:38:06.000,26.41657000,-80.16746500,1.70,7.940,-27.740,1.187,152,18,20,,
T,2026-07-18 13:38:07.000,26.41655833,-80.16745667,1.70,8.140,-27.740,1.189,161,18,20,,
T,2026-07-18 13:38:08.000,26.41654500,-80.16744667,1.70,8.440,-27.740,1.279,162,18,20,,
T,2026-07-18 13:38:09.000,26.41653000,-80.16744000,1.70,8.940,-27.740,1.401,151,18,20,,
T,2026-07-18 13:38:10.000,26.41651667,-80.16743667,1.70,9.140,-27.740,1.483,153,18,20,,
T,2026-07-18 13:38:11.000,26.41650667,-80.16743000,1.60,9.440,-27.740,1.526,152,18,20,,
T,2026-07-18 13:38:12.000,26.41649500,-80.16742000,1.70,9.440,-27.740,1.537,150,18,20,,
T,2026-07-18 13:38:13.000,26.41648000,-80.16741333,1.60,9.440,-27.740,1.557,148,18,20,,
T,2026-07-18 13:38:14.000,26.41646500,-80.16740667,1.60,9.640,-27.740,1.568,150,18,20,,
T,2026-07-18 13:38:15.000,26.41645000,-80.16740000,1.60,9.940,-27.740,1.574,148,18,20,,
T,2026-07-18 13:38:16.000,26.41643167,-80.16739333,1.60,10.240,-27.740,1.597,152,18,20,,
T,2026-07-18 13:38:17.000,26.41641667,-80.16738833,1.60,10.340,-27.740,1.603,152,18,20,,
T,2026-07-18 13:38:18.000,26.41640167,-80.16738000,1.60,10.040,-27.740,1.590,146,18,20,,
T,2026-07-18 13:38:19.000,26.41638667,-80.16737333,1.70,10.340,-27.740,1.594,150,18,20,,
T,2026-07-18 13:38:20.000,26.41637167,-80.16736500,1.70,10.240,-27.740,1.615,148,18,20,,
T,2026-07-18 13:38:21.000,26.41635667,-80.16735500,1.70,10.440,-27.740,1.622,139,18,20,,
T,2026-07-18 13:38:22.000,26.41634333,-80.16734333,1.70,10.940,-27.740,1.649,151,18,20,,
T,2026-07-18 13:38:23.000,26.41633000,-80.16733500,1.70,11.040,-27.740,1.650,148,18,20,,
T,2026-07-18 13:38:24.000,26.41631667,-80.16733000,1.60,10.940,-27.740,1.663,153,18,20,,
T,2026-07-18 13:38:25.000,26.41630167,-80.16732167,1.70,11.040,-27.740,1.706,152,18,20,,
T,2026-07-18 13:38:26.000,26.41629167,-80.16731333,1.70,11.040,-27.740,1.699,155,18,20,,
T,2026-07-18 13:38:27.000,26.41628000,-80.16730500,1.70,10.840,-27.740,1.701,161,18,20,,
T,2026-07-18 13:38:28.000,26.41626667,-80.16729667,1.80,10.641,-27.741,1.715,158,18,20,,
T,2026-07-18 13:38:29.000,26.41625167,-80.16729167,1.80,10.341,-27.741,1.721,169,18,20,,
T,2026-07-18 13:38:30.000,26.41623500,-80.16729500,1.80,10.341,-27.741,1.706,180,18,20,,
T,2026-07-18 13:38:31.000,26.41622000,-80.16729667,1.70,10.140,-27.740,1.721,180,18,20,,
T,2026-07-18 13:38:32.000,26.41620333,-80.16730500,1.70,9.740,-27.740,1.720,201,18,20,,
T,2026-07-18 13:38:33.000,26.41619000,-80.16731667,1.60,9.840,-27.740,1.753,211,18,20,,
T,2026-07-18 13:38:34.000,26.41617667,-80.16732667,1.70,9.940,-27.740,1.773,216,18,20,,
T,2026-07-18 13:38:35.000,26.41616333,-80.16733833,1.60,10.440,-27.740,1.795,222,18,20,,
T,2026-07-18 13:38:36.000,26.41615333,-80.16735000,1.70,10.340,-27.740,1.865,225,18,20,,
T,2026-07-18 13:38:37.000,26.41614333,-80.16736333,1.70,9.940,-27.740,1.876,233,18,20,,
T,2026-07-18 13:38:38.000,26.41613167,-80.16737500,1.60,9.940,-27.740,1.863,233,18,20,,
T,2026-07-18 13:38:39.000,26.41612000,-80.16738500,1.60,9.940,-27.740,1.861,232,18,20,,
T,2026-07-18 13:38:40.000,26.41610833,-80.16740167,1.70,9.840,-27.740,1.870,237,18,20,,
T,2026-07-18 13:38:41.000,26.41609833,-80.16741667,1.60,9.540,-27.740,1.868,233,18,20,,
T,2026-07-18 13:38:42.000,26.41608833,-80.16743000,1.60,9.240,-27.740,1.872,233,18,20,,
T,2026-07-18 13:38:43.000,26.41607667,-80.16744500,1.60,9.340,-27.740,1.868,235,18,20,,
T,2026-07-18 13:38:44.000,26.41606667,-80.16745833,1.60,9.640,-27.740,1.851,235,18,20,,
T,2026-07-18 13:38:45.000,26.41605833,-80.16747667,1.70,9.840,-27.740,1.827,237,18,20,,
T,2026-07-18 13:38:46.000,26.41605000,-80.16749667,1.70,10.140,-27.740,1.800,238,18,20,,
T,2026-07-18 13:38:47.000,26.41604000,-80.16751167,1.70,10.740,-27.740,1.808,237,18,20,,
T,2026-07-18 13:38:48.000,26.41603167,-80.16752833,1.70,11.039,-27.739,1.840,234,18,20,,
T,2026-07-18 13:38:49.000,26.41602167,-80.16754167,1.70,11.439,-27.739,1.854,237,18,20,,
T,2026-07-18 13:38:50.000,26.41601167,-80.16755667,1.60,11.439,-27.739,1.873,237,18,20,,
T,2026-07-18 13:38:51.000,26.41600333,-80.16757000,1.70,11.239,-27.739,1.878,239,18,20,,
T,2026-07-18 13:38:52.000,26.41599167,-80.16758500,1.70,11.239,-27.739,1.887,233,18,20,,
T,2026-07-18 13:38:53.000,26.41598333,-80.16760000,1.70,11.239,-27.739,1.899,232,18,20,,
T,2026-07-18 13:38:54.000,26.41597167,-80.16761333,1.70,11.739,-27.739,1.909,235,18,20,,
T,2026-07-18 13:38:55.000,26.41596333,-80.16763167,1.70,12.039,-27.739,1.908,233,18,20,,
T,2026-07-18 13:38:56.000,26.41595500,-80.16764833,1.70,12.339,-27.739,1.871,241,18,20,,
T,2026-07-18 13:38:57.000,26.41594667,-80.16766167,1.70,12.339,-27.739,1.864,238,18,20,,
T,2026-07-18 13:38:58.000,26.41593833,-80.16768000,1.70,12.439,-27.739,1.835,246,18,20,,
T,2026-07-18 13:38:59.000,26.41593000,-80.16769667,1.70,12.639,-27.739,1.824,240,18,20,,
T,2026-07-18 13:39:00.000,26.41592167,-80.16771167,1.70,12.439,-27.739,1.820,238,18,20,,
T,2026-07-18 13:39:01.000,26.41591000,-80.16772667,1.70,12.439,-27.739,1.799,236,18,20,,
T,2026-07-18 13:39:02.000,26.41590000,-80.16774000,1.70,12.438,-27.738,1.797,232,18,20,,
T,2026-07-18 13:39:03.000,26.41589000,-80.16775667,1.60,12.738,-27.738,1.783,238,17,20,,
T,2026-07-18 13:39:04.000,26.41587833,-80.16777167,1.70,13.038,-27.738,1.740,238,18,20,,
T,2026-07-18 13:39:05.000,26.41587000,-80.16778667,1.70,13.038,-27.738,1.729,245,18,20,,
T,2026-07-18 13:39:06.000,26.41586000,-80.16780167,1.60,13.138,-27.738,1.753,239,17,20,,
T,2026-07-18 13:39:07.000,26.41585500,-80.16781833,1.70,12.738,-27.738,1.753,234,17,20,,
T,2026-07-18 13:39:08.000,26.41584333,-80.16783333,1.70,12.538,-27.738,1.771,232,17,20,,
T,2026-07-18 13:39:09.000,26.41583667,-80.16784833,1.70,12.338,-27.738,1.783,238,17,20,,
T,2026-07-18 13:39:10.000,26.41583167,-80.16786500,1.60,11.838,-27.738,1.780,239,17,20,,
T,2026-07-18 13:39:11.000,26.41582333,-80.16787667,1.60,11.538,-27.738,1.797,235,17,20,,
T,2026-07-18 13:39:12.000,26.41581333,-80.16789167,1.60,11.438,-27.738,1.789,238,17,20,,
T,2026-07-18 13:39:13.000,26.41580333,-80.16790833,1.50,11.738,-27.738,1.778,236,17,20,,
T,2026-07-18 13:39:14.000,26.41579833,-80.16792333,1.40,11.638,-27.738,1.791,242,17,20,,
T,2026-07-18 13:39:15.000,26.41579167,-80.16793833,1.40,11.438,-27.738,1.786,238,18,20,,
T,2026-07-18 13:39:16.000,26.41578167,-80.16795333,1.40,11.338,-27.738,1.785,239,17,20,,
T,2026-07-18 13:39:17.000,26.41577333,-80.16797167,1.60,11.337,-27.737,1.846,236,17,20,,
T,2026-07-18 13:39:18.000,26.41576333,-80.16798667,1.60,11.437,-27.737,1.848,236,17,20,,
T,2026-07-18 13:39:19.000,26.41575167,-80.16800000,1.60,11.437,-27.737,1.837,241,17,20,,
T,2026-07-18 13:39:20.000,26.41574500,-80.16801667,1.50,11.437,-27.737,1.811,239,17,20,,
T,2026-07-18 13:39:21.000,26.41573667,-80.16803167,1.50,11.237,-27.737,1.819,235,16,20,,
T,2026-07-18 13:39:22.000,26.41572667,-80.16805000,1.50,11.137,-27.737,1.841,235,17,20,,
T,2026-07-18 13:39:23.000,26.41571333,-80.16806500,1.60,11.737,-27.737,1.845,240,17,20,,
T,2026-07-18 13:39:24.000,26.41570167,-80.16807833,1.70,12.237,-27.737,1.863,237,17,20,,
T,2026-07-18 13:39:25.000,26.41568833,-80.16809167,1.70,12.437,-27.737,1.878,236,17,20,,
T,2026-07-18 13:39:26.000,26.41567833,-80.16810667,1.70,13.037,-27.737,1.867,236,17,20,,
T,2026-07-18 13:39:27.000,26.41566833,-80.16812000,1.70,13.737,-27.737,1.803,238,17,20,,
T,2026-07-18 13:39:28.000,26.41565833,-80.16813333,1.70,14.237,-27.737,1.796,237,17,20,,
T,2026-07-18 13:39:29.000,26.41564667,-80.16814833,1.70,14.737,-27.737,1.805,233,17,20,,
T,2026-07-18 13:39:30.000,26.41563833,-80.16816333,1.70,15.237,-27.737,1.822,239,17,20,,
T,2026-07-18 13:39:31.000,26.41563000,-80.16817667,1.70,15.737,-27.737,1.805,239,17,20,,
T,2026-07-18 13:39:32.000,26.41561833,-80.16819167,1.70,15.836,-27.736,1.782,236,17,20,,
T,2026-07-18 13:39:33.000,26.41561000,-80.16820333,1.70,16.036,-27.736,1.792,236,17,20,,
T,2026-07-18 13:39:34.000,26.41560167,-80.16821833,1.70,16.236,-27.736,1.782,237,17,20,,
T,2026-07-18 13:39:35.000,26.41559167,-80.16823167,1.70,16.336,-27.736,1.746,240,18,20,,
T,2026-07-18 13:39:36.000,26.41558667,-80.16824833,1.70,16.436,-27.736,1.745,234,18,20,,
T,2026-07-18 13:39:37.000,26.41557833,-80.16826333,1.70,16.636,-27.736,1.752,234,18,20,,
T,2026-07-18 13:39:38.000,26.41556833,-80.16827833,1.70,16.736,-27.736,1.735,238,18,20,,
T,2026-07-18 13:39:39.000,26.41556000,-80.16829167,1.70,16.536,-27.736,1.743,229,18,20,,
T,2026-07-18 13:39:40.000,26.41555000,-80.16830833,1.70,16.336,-27.736,1.738,235,18,20,,
T,2026-07-18 13:39:41.000,26.41554000,-80.16832333,1.60,15.636,-27.736,1.727,234,18,20,,
T,2026-07-18 13:39:42.000,26.41553167,-80.16833833,1.60,15.136,-27.736,1.712,230,18,20,,
T,2026-07-18 13:39:43.000,26.41552333,-80.16835167,1.60,14.836,-27.736,1.698,232,18,20,,
T,2026-07-18 13:39:44.000,26.41551333,-80.16836667,1.60,14.936,-27.736,1.712,234,18,20,,
T,2026-07-18 13:39:45.000,26.41550167,-80.16838000,1.60,15.036,-27.736,1.743,235,18,20,,
T,2026-07-18 13:39:46.000,26.41549167,-80.16839500,1.70,14.636,-27.736,1.754,241,18,20,,
T,2026-07-18 13:39:47.000,26.41548333,-80.16841333,1.70,14.735,-27.735,1.774,248,18,20,,
T,2026-07-18 13:39:48.000,26.41547833,-80.16843667,1.80,14.735,-27.735,1.795,258,18,20,,
T,2026-07-18 13:39:49.000,26.41547667,-80.16845500,1.80,14.735,-27.735,1.769,267,18,20,,
T,2026-07-18 13:39:50.000,26.41548000,-80.16847333,1.70,14.435,-27.735,1.786,282,18,20,,
T,2026-07-18 13:39:51.000,26.41548500,-80.16849167,1.80,13.735,-27.735,1.806,287,18,20,,
T,2026-07-18 13:39:52.000,26.41549500,-80.16851000,1.70,13.235,-27.735,1.838,298,18,20,,
T,2026-07-18 13:39:53.000,26.41550500,-80.16852833,1.70,12.935,-27.735,1.872,300,18,20,,
T,2026-07-18 13:39:54.000,26.41551667,-80.16854500,1.70,12.535,-27.735,1.857,312,18,20,,
T,2026-07-18 13:39:55.000,26.41553000,-80.16855833,1.70,12.135,-27.735,1.844,317,18,20,,
T,2026-07-18 13:39:56.000,26.41554167,-80.16857167,1.70,11.935,-27.735,1.837,321,18,20,,
T,2026-07-18 13:39:57.000,26.41555667,-80.16858167,1.70,12.235,-27.735,1.782,333,18,20,,
T,2026-07-18 13:39:58.000,26.41557000,-80.16858667,1.60,12.235,-27.735,1.712,345,18,20,,
T,2026-07-18 13:39:59.000,26.41558167,-80.16859833,1.60,12.235,-27.735,1.710,321,18,20,,
T,2026-07-18 13:40:00.000,26.41559333,-80.16861000,1.60,12.035,-27.735,1.695,322,18,20,,
T,2026-07-18 13:40:01.000,26.41560500,-80.16862167,1.60,11.535,-27.735,1.686,318,18,20,,
T,2026-07-18 13:40:02.000,26.41561833,-80.16863333,1.70,11.535,-27.735,1.666,317,18,20,,
T,2026-07-18 13:40:03.000,26.41563167,-80.16864500,1.70,11.335,-27.735,1.633,314,18,20,,
T,2026-07-18 13:40:04.000,26.41564500,-80.16866000,1.60,11.435,-27.735,1.647,311,18,20,,
T,2026-07-18 13:40:05.000,26.41565833,-80.16867500,1.60,11.734,-27.734,1.649,310,18,20,,
T,2026-07-18 13:40:06.000,26.41566833,-80.16869000,1.60,11.534,-27.734,1.638,310,18,20,,
T,2026-07-18 13:40:07.000,26.41567667,-80.16870500,1.60,11.334,-27.734,1.653,313,18,20,,
T,2026-07-18 13:40:08.000,26.41568500,-80.16871833,1.60,10.434,-27.734,1.703,311,18,20,,
T,2026-07-18 13:40:09.000,26.41569333,-80.16873333,1.60,9.934,-27.734,1.725,309,18,20,,
T,2026-07-18 13:40:10.000,26.41570333,-80.16874667,1.60,9.534,-27.734,1.731,306,18,20,,
T,2026-07-18 13:40:11.000,26.41571333,-80.16876500,1.70,9.134,-27.734,1.721,299,18,20,,
T,2026-07-18 13:40:12.000,26.41572167,-80.16878000,1.70,8.834,-27.734,1.719,300,18,20,,
T,2026-07-18 13:40:13.000,26.41572833,-80.16879500,1.60,8.434,-27.734,1.725,298,18,20,,
T,2026-07-18 13:40:14.000,26.41573333,-80.16881000,1.60,8.034,-27.734,1.717,297,18,20,,
T,2026-07-18 13:40:15.000,26.41573667,-80.16882667,1.70,8.134,-27.734,1.693,300,18,20,,
T,2026-07-18 13:40:16.000,26.41574000,-80.16884167,1.60,8.434,-27.734,1.700,287,18,20,,
T,2026-07-18 13:40:17.000,26.41574167,-80.16886000,1.60,8.534,-27.734,1.726,281,18,20,,
T,2026-07-18 13:40:18.000,26.41574333,-80.16888167,1.60,8.734,-27.734,1.743,281,18,20,,
T,2026-07-18 13:40:19.000,26.41574833,-80.16890000,1.60,9.534,-27.734,1.742,283,18,20,,
T,2026-07-18 13:40:20.000,26.41575500,-80.16891500,1.60,10.234,-27.734,1.731,287,18,20,,
T,2026-07-18 13:40:21.000,26.41576000,-80.16893000,1.70,10.833,-27.733,1.717,279,18,20,,
T,2026-07-18 13:40:22.000,26.41576167,-80.16894667,1.70,11.033,-27.733,1.714,282,18,20,,
T,2026-07-18 13:40:23.000,26.41576667,-80.16896500,1.70,11.433,-27.733,1.719,277,18,20,,
T,2026-07-18 13:40:24.000,26.41577167,-80.16898000,1.70,11.733,-27.733,1.729,279,18,20,,
T,2026-07-18 13:40:25.000,26.41577500,-80.16899667,1.60,11.833,-27.733,1.769,278,18,20,,
T,2026-07-18 13:40:26.000,26.41577833,-80.16901333,1.60,12.933,-27.733,1.821,275,17,20,,
T,2026-07-18 13:40:27.000,26.41578000,-80.16903167,1.70,14.233,-27.733,1.822,278,17,20,,
T,2026-07-18 13:40:28.000,26.41578500,-80.16904667,1.70,14.933,-27.733,1.806,281,17,20,,
T,2026-07-18 13:40:29.000,26.41578833,-80.16905833,1.60,15.133,-27.733,1.775,276,17,20,,
T,2026-07-18 13:40:30.000,26.41579000,-80.16907333,1.60,14.933,-27.733,1.784,272,18,20,,
T,2026-07-18 13:40:31.000,26.41579167,-80.16908833,1.60,14.733,-27.733,1.782,275,18,20,,
T,2026-07-18 13:40:32.000,26.41579333,-80.16910500,1.60,14.833,-27.733,1.787,277,18,20,,
T,2026-07-18 13:40:33.000,26.41579333,-80.16912333,1.70,14.733,-27.733,1.755,278,18,20,,
T,2026-07-18 13:40:34.000,26.41579333,-80.16913833,1.70,14.433,-27.733,1.720,276,18,20,,
T,2026-07-18 13:40:35.000,26.41579500,-80.16915333,1.60,14.233,-27.733,1.705,278,18,20,,
T,2026-07-18 13:40:36.000,26.41579667,-80.16916833,1.70,14.333,-27.733,1.628,276,18,20,,
T,2026-07-18 13:40:37.000,26.41579500,-80.16918500,1.70,14.132,-27.732,1.607,269,18,20,,
T,2026-07-18 13:40:38.000,26.41579333,-80.16920000,1.60,13.532,-27.732,1.600,276,18,20,,
T,2026-07-18 13:40:39.000,26.41579500,-80.16921333,1.60,13.032,-27.732,1.623,270,18,20,,
T,2026-07-18 13:40:40.000,26.41579667,-80.16923000,1.60,12.532,-27.732,1.631,272,17,20,,
T,2026-07-18 13:40:41.000,26.41579667,-80.16925000,1.70,12.532,-27.732,1.681,271,17,20,,
T,2026-07-18 13:40:42.000,26.41579667,-80.16927000,1.70,12.632,-27.732,1.685,279,17,20,,
T,2026-07-18 13:40:43.000,26.41579833,-80.16928833,1.70,12.532,-27.732,1.728,273,18,20,,
T,2026-07-18 13:40:44.000,26.41580000,-80.16931000,1.70,12.732,-27.732,1.747,277,18,20,,
T,2026-07-18 13:40:45.000,26.41580167,-80.16932833,1.70,12.832,-27.732,1.742,272,18,20,,
T,2026-07-18 13:40:46.000,26.41579833,-80.16934667,1.70,13.132,-27.732,1.772,270,18,20,,
T,2026-07-18 13:40:47.000,26.41579833,-80.16936667,1.70,13.132,-27.732,1.781,270,18,20,,
T,2026-07-18 13:40:48.000,26.41579667,-80.16938500,1.70,13.332,-27.732,1.813,268,18,20,,
T,2026-07-18 13:40:49.000,26.41579667,-80.16940500,1.70,13.732,-27.732,1.842,270,18,20,,
T,2026-07-18 13:40:50.000,26.41579833,-80.16942833,1.70,13.831,-27.731,1.853,268,18,20,,
T,2026-07-18 13:40:51.000,26.41579667,-80.16945000,1.70,14.331,-27.731,1.846,265,18,20,,
T,2026-07-18 13:40:52.000,26.41579500,-80.16947167,1.70,14.631,-27.731,1.856,268,18,20,,
T,2026-07-18 13:40:53.000,26.41579167,-80.16949167,1.60,14.731,-27.731,1.846,271,18,20,,
T,2026-07-18 13:40:54.000,26.41579167,-80.16951167,1.60,14.631,-27.731,1.858,270,18,20,,
T,2026-07-18 13:40:55.000,26.41579167,-80.16953167,1.60,14.531,-27.731,1.869,269,18,20,,
T,2026-07-18 13:40:56.000,26.41579000,-80.16954833,1.70,14.431,-27.731,1.810,283,18,20,,
T,2026-07-18 13:40:57.000,26.41578833,-80.16956500,1.70,14.031,-27.731,1.774,275,18,20,,
T,2026-07-18 13:40:58.000,26.41578667,-80.16958167,1.70,13.731,-27.731,1.734,272,18,20,,
T,2026-07-18 13:40:59.000,26.41578833,-80.16959500,1.70,13.231,-27.731,1.663,275,18,20,,
T,2026-07-18 13:41:00.000,26.41578833,-80.16960833,1.60,12.831,-27.731,1.595,274,17,20,,
T,2026-07-18 13:41:01.000,26.41578833,-80.16961833,1.60,12.431,-27.731,1.514,276,17,20,,
T,2026-07-18 13:41:02.000,26.41578167,-80.16963000,1.60,12.531,-27.731,1.420,270,17,20,,
T,2026-07-18 13:41:03.000,26.41578167,-80.16964000,1.60,12.531,-27.731,1.332,269,17,20,,
T,2026-07-18 13:41:04.000,26.41578167,-80.16965000,1.60,12.631,-27.731,1.224,272,17,20,,
T,2026-07-18 13:41:05.000,26.41578167,-80.16965667,1.60,12.831,-27.731,1.104,271,18,20,,
T,2026-07-18 13:41:06.000,26.41578333,-80.16966333,1.50,12.830,-27.730,1.035,275,18,20,,
T,2026-07-18 13:41:07.000,26.41578333,-80.16967000,1.50,12.830,-27.730,0.951,279,18,20,,
T,2026-07-18 13:41:08.000,26.41578333,-80.16967500,1.50,13.030,-27.730,0.877,275,18,20,,
T,2026-07-18 13:41:09.000,26.41578333,-80.16968333,1.50,13.230,-27.730,0.822,274,18,20,,
T,2026-07-18 13:41:10.000,26.41578333,-80.16969000,1.50,13.430,-27.730,0.774,273,18,20,,
T,2026-07-18 13:41:11.000,26.41578333,-80.16969833,1.50,13.730,-27.730,0.731,271,18,20,,
T,2026-07-18 13:41:12.000,26.41578167,-80.16970833,1.60,14.130,-27.730,0.730,279,18,20,,
T,2026-07-18 13:41:13.000,26.41578333,-80.16971667,1.60,13.730,-27.730,0.695,282,18,20,,
T,2026-07-18 13:41:14.000,26.41578167,-80.16972167,1.60,13.630,-27.730,0.676,272,18,20,,
T,2026-07-18 13:41:15.000,26.41577667,-80.16972667,1.60,13.230,-27.730,0.664,280,18,20,,
T,2026-07-18 13:41:16.000,26.41577667,-80.16973500,1.60,12.830,-27.730,0.672,268,18,20,,
T,2026-07-18 13:41:17.000,26.41577500,-80.16973667,1.60,12.930,-27.730,0.651,265,18,20,,
T,2026-07-18 13:41:18.000,26.41577000,-80.16974000,1.60,13.030,-27.730,0.610,258,17,20,,
T,2026-07-18 13:41:19.000,26.41576667,-80.16974167,1.60,13.130,-27.730,0.554,257,17,20,,
T,2026-07-18 13:41:20.000,26.41576500,-80.16974500,1.60,13.230,-27.730,0.488,51,17,20,,
T,2026-07-18 13:41:21.000,26.41576667,-80.16974500,1.50,13.230,-27.730,0.418,1,17,20,,
T,2026-07-18 13:41:22.000,26.41576667,-80.16975000,1.50,13.230,-27.730,0.000,,18,20,,
T,2026-07-18 13:41:23.000,26.41576500,-80.16975667,1.50,13.230,-27.730,0.000,,18,20,,
T,2026-07-18 13:41:24.000,26.41576167,-80.16976500,1.60,13.630,-27.730,0.421,274,18,20,,
T,2026-07-18 13:41:25.000,26.41576167,-80.16977500,1.60,13.930,-27.730,0.459,268,18,20,,
T,2026-07-18 13:41:26.000,26.41576167,-80.16978333,1.60,14.230,-27.730,0.490,273,18,20,,
T,2026-07-18 13:41:27.000,26.41576167,-80.16979333,1.60,14.530,-27.730,0.550,265,18,20,,
T,2026-07-18 13:41:28.000,26.41576333,-80.16980333,1.70,14.730,-27.730,0.611,274,18,20,,
T,2026-07-18 13:41:29.000,26.41576667,-80.16981500,1.70,14.930,-27.730,0.659,272,17,20,,
T,2026-07-18 13:41:30.000,26.41576833,-80.16982333,1.60,14.930,-27.730,0.723,271,17,20,,
T,2026-07-18 13:41:31.000,26.41577333,-80.16983667,1.60,15.030,-27.730,0.862,277,17,20,,
T,2026-07-18 13:41:32.000,26.41578000,-80.16985000,1.70,14.630,-27.730,0.949,283,18,20,,
T,2026-07-18 13:41:33.000,26.41578500,-80.16985833,1.70,14.130,-27.730,0.970,257,18,20,,
T,2026-07-18 13:41:34.000,26.41578500,-80.16986500,1.70,13.930,-27.730,0.963,271,18,20,,
T,2026-07-18 13:41:35.000,26.41578167,-80.16987000,1.60,13.630,-27.730,0.933,257,18,20,,
T,2026-07-18 13:41:36.000,26.41578000,-80.16987333,1.60,13.330,-27.730,0.897,248,18,20,,
T,2026-07-18 13:41:37.000,26.41578000,-80.16988000,1.60,13.030,-27.730,0.869,258,18,20,,
T,2026-07-18 13:41:38.000,26.41577667,-80.16989500,1.60,12.930,-27.730,0.927,254,18,20,,
T,2026-07-18 13:41:39.000,26.41577167,-80.16991333,1.60,12.729,-27.729,1.041,251,18,20,,
T,2026-07-18 13:41:40.000,26.41576667,-80.16993500,1.70,12.529,-27.729,1.144,260,18,20,,
T,2026-07-18 13:41:41.000,26.41576667,-80.16995500,1.70,12.129,-27.729,1.149,260,18,20,,
T,2026-07-18 13:41:42.000,26.41576333,-80.16996833,1.70,11.829,-27.729,1.172,272,18,20,,
T,2026-07-18 13:41:43.000,26.41576500,-80.16998333,1.80,11.729,-27.729,1.192,279,18,20,,
T,2026-07-18 13:41:44.000,26.41577333,-80.17000000,1.70,11.729,-27.729,1.268,275,18,20,,
T,2026-07-18 13:41:45.000,26.41577833,-80.17001167,1.70,11.929,-27.729,1.330,268,18,20,,
T,2026-07-18 13:41:46.000,26.41577667,-80.17002333,1.70,12.229,-27.729,1.353,254,18,20,,
T,2026-07-18 13:41:47.000,26.41577500,-80.17003000,1.70,12.029,-27.729,1.371,224,18,20,,
T,2026-07-18 13:41:48.000,26.41576667,-80.17003667,1.70,11.729,-27.729,1.303,213,18,20,,
T,2026-07-18 13:41:49.000,26.41576000,-80.17003667,1.70,11.629,-27.729,1.196,196,18,20,,
T,2026-07-18 13:41:50.000,26.41575500,-80.17003000,1.70,11.829,-27.729,1.046,200,18,20,,
T,2026-07-18 13:41:51.000,26.41575500,-80.17002500,1.60,11.929,-27.729,0.908,200,18,20,,
T,2026-07-18 13:41:52.000,26.41575333,-80.17002500,1.60,12.229,-27.729,0.765,281,18,20,,
T,2026-07-18 13:41:53.000,26.41575333,-80.17002667,1.50,12.229,-27.729,0.639,268,18,20,,
T,2026-07-18 13:41:54.000,26.41575167,-80.17002833,1.50,12.429,-27.729,0.493,206,17,20,,
T,2026-07-18 13:41:55.000,26.41575167,-80.17002833,1.50,12.529,-27.729,0.000,,17,20,,
T,2026-07-18 13:41:56.000,26.41574833,-80.17003000,1.50,12.529,-27.729,0.000,,17,20,,
T,2026-07-18 13:41:57.000,26.41574833,-80.17003333,1.50,12.429,-27.729,0.000,,17,20,,
T,2026-07-18 13:41:58.000,26.41574833,-80.17003333,1.50,12.429,-27.729,0.000,,17,20,,
T,2026-07-18 13:41:59.000,26.41574833,-80.17003333,1.50,12.429,-27.729,0.000,,17,20,,
T,2026-07-18 13:42:00.000,26.41574833,-80.17003333,1.40,12.429,-27.729,0.000,,17,20,,
T,2026-07-18 13:42:01.000,26.41574833,-80.17003333,1.40,12.429,-27.729,0.000,,17,20,,
T,2026-07-18 13:42:02.000,26.41574833,-80.17003333,1.50,12.429,-27.729,0.000,,18,20,,
T,2026-07-18 13:42:03.000,26.41574833,-80.17003333,1.50,12.429,-27.729,0.000,,18,20,,
T,2026-07-18 13:42:04.000,26.41574833,-80.17003333,1.60,12.429,-27.729,0.000,,18,20,,
T,2026-07-18 13:42:05.000,26.41574833,-80.17003333,1.60,12.429,-27.729,0.000,,18,20,,
T,2026-07-18 13:42:06.000,26.41574833,-80.17003333,1.70,12.429,-27.729,0.000,,18,20,,
T,2026-07-18 13:42:07.000,26.41574833,-80.17003333,1.70,12.429,-27.729,0.000,,18,20,,
T,2026-07-18 13:42:08.000,26.41574833,-80.17003333,1.60,12.429,-27.729,0.000,,18,20,,
T,2026-07-18 13:42:09.000,26.41574833,-80.17003333,1.60,12.429,-27.729,0.000,,18,20,,
T,2026-07-18 13:42:10.000,26.41574833,-80.17003333,1.50,12.429,-27.729,0.000,,18,20,,
T,2026-07-18 13:42:11.000,26.41574833,-80.17003333,1.50,12.429,-27.729,0.000,,18,20,,
T,2026-07-18 13:42:12.000,26.41574833,-80.17003333,1.50,12.429,-27.729,0.000,,18,20,,
T,2026-07-18 13:42:13.000,26.41574833,-80.17003333,1.50,12.429,-27.729,0.000,,18,20,,
T,2026-07-18 13:42:14.000,26.41574833,-80.17003333,1.50,12.429,-27.729,0.000,,18,20,,
T,2026-07-18 13:42:15.000,26.41574833,-80.17003333,1.50,12.429,-27.729,0.000,,18,20,,
T,2026-07-18 13:42:16.000,26.41574833,-80.17003333,1.40,12.429,-27.729,0.000,,18,20,,
T,2026-07-18 13:42:17.000,26.41574833,-80.17003333,1.50,12.429,-27.729,0.000,,18,20,,
T,2026-07-18 13:42:18.000,26.41574833,-80.17003333,1.50,12.429,-27.729,0.000,,18,20,,
T,2026-07-18 13:42:19.000,26.41574833,-80.17003333,1.50,12.429,-27.729,0.000,,18,20,,
T,2026-07-18 13:42:20.000,26.41574833,-80.17003333,1.50,12.429,-27.729,0.000,,18,20,,
T,2026-07-18 13:42:21.000,26.41574833,-80.17003333,1.50,12.429,-27.729,0.000,,18,20,,
T,2026-07-18 13:42:22.000,26.41574667,-80.17003333,1.50,11.429,-27.729,0.264,153,18,20,,
T,2026-07-18 13:42:23.000,26.41574000,-80.17001833,1.50,11.329,-27.729,0.372,110,18,20,,
T,2026-07-18 13:42:24.000,26.41573833,-80.17000333,1.60,11.329,-27.729,0.500,93,18,20,,
T,2026-07-18 13:42:25.000,26.41574333,-80.16998333,1.70,11.329,-27.729,0.633,78,18,20,,
T,2026-07-18 13:42:26.000,26.41574833,-80.16996667,1.70,11.029,-27.729,0.721,68,18,20,,
T,2026-07-18 13:42:27.000,26.41575333,-80.16995500,1.70,10.829,-27.729,0.806,69,18,20,,
T,2026-07-18 13:42:28.000,26.41575667,-80.16994333,1.70,10.629,-27.729,0.904,66,18,20,,
T,2026-07-18 13:42:29.000,26.41575833,-80.16993000,1.70,10.429,-27.729,1.016,65,18,20,,
T,2026-07-18 13:42:30.000,26.41575833,-80.16991833,1.70,10.229,-27.729,1.122,67,18,20,,
T,2026-07-18 13:42:31.000,26.41576333,-80.16990500,1.70,10.029,-27.729,1.218,64,18,20,,
T,2026-07-18 13:42:32.000,26.41577000,-80.16989167,1.70,10.330,-27.730,1.317,69,18,20,,
T,2026-07-18 13:42:33.000,26.41577500,-80.16987833,1.70,10.630,-27.730,1.367,68,17,20,,
T,2026-07-18 13:42:34.000,26.41578167,-80.16986167,1.70,10.630,-27.730,1.391,69,17,20,,
T,2026-07-18 13:42:35.000,26.41578667,-80.16984667,1.70,11.230,-27.730,1.368,59,17,20,,
T,2026-07-18 13:42:36.000,26.41578500,-80.16983833,1.70,12.130,-27.730,1.305,61,17,20,,
T,2026-07-18 13:42:37.000,26.41578500,-80.16982667,1.70,12.630,-27.730,1.343,82,17,20,,
T,2026-07-18 13:42:38.000,26.41578333,-80.16981167,1.70,12.830,-27.730,1.337,77,17,20,,
T,2026-07-18 13:42:39.000,26.41578333,-80.16980000,1.80,12.930,-27.730,1.358,87,18,20,,
T,2026-07-18 13:42:40.000,26.41578667,-80.16978667,1.70,13.230,-27.730,1.330,96,18,20,,
T,2026-07-18 13:42:41.000,26.41579000,-80.16977167,1.70,13.430,-27.730,1.313,75,18,20,,
T,2026-07-18 13:42:42.000,26.41579167,-80.16975833,1.70,13.630,-27.730,1.265,85,18,20,,
T,2026-07-18 13:42:43.000,26.41579500,-80.16973667,1.80,13.930,-27.730,1.235,80,18,20,,
T,2026-07-18 13:42:44.000,26.41579333,-80.16970333,1.70,14.130,-27.730,1.323,99,18,20,,
T,2026-07-18 13:42:45.000,26.41579333,-80.16967000,1.80,14.030,-27.730,1.488,101,18,20,,
T,2026-07-18 13:42:46.000,26.41579000,-80.16964000,1.80,13.831,-27.731,1.736,96,18,20,,
T,2026-07-18 13:42:47.000,26.41578500,-80.16960833,1.70,13.631,-27.731,1.912,96,18,20,,
T,2026-07-18 13:42:48.000,26.41578167,-80.16957833,2.00,13.231,-27.731,2.127,95,18,20,,
T,2026-07-18 13:42:49.000,26.41578333,-80.16955000,2.10,12.931,-27.731,2.284,96,18,20,,
T,2026-07-18 13:42:50.000,26.41578333,-80.16951833,2.20,12.431,-27.731,2.490,93,18,20,,
T,2026-07-18 13:42:51.000,26.41579167,-80.16949167,1.90,11.431,-27.731,2.597,98,18,20,,
T,2026-07-18 13:42:52.000,26.41578833,-80.16947000,2.00,11.231,-27.731,2.717,101,18,20,,
T,2026-07-18 13:42:53.000,26.41579333,-80.16945167,1.80,10.631,-27.731,2.824,95,18,20,,
T,2026-07-18 13:42:54.000,26.41579667,-80.16942833,1.70,9.931,-27.731,2.793,91,18,20,,
T,2026-07-18 13:42:55.000,26.41579667,-80.16940667,1.70,9.532,-27.732,2.739,82,18,20,,
T,2026-07-18 13:42:56.000,26.41580167,-80.16938333,1.70,9.532,-27.732,2.647,86,18,20,,
T,2026-07-18 13:42:57.000,26.41579833,-80.16936000,1.70,10.032,-27.732,2.553,90,18,20,,
T,2026-07-18 13:42:58.000,26.41579833,-80.16934167,1.80,10.532,-27.732,2.469,94,18,20,,
T,2026-07-18 13:42:59.000,26.41579667,-80.16932000,1.80,11.132,-27.732,2.407,93,18,20,,
T,2026-07-18 13:43:00.000,26.41579667,-80.16929500,1.70,11.332,-27.732,2.345,98,18,20,,
T,2026-07-18 13:43:01.000,26.41579667,-80.16926833,1.70,11.232,-27.732,2.358,95,18,20,,
T,2026-07-18 13:43:02.000,26.41579167,-80.16924167,1.70,11.432,-27.732,2.376,94,18,20,,
T,2026-07-18 13:43:03.000,26.41579167,-80.16921167,1.80,11.332,-27.732,2.441,94,18,20,,
T,2026-07-18 13:43:04.000,26.41579167,-80.16918333,1.90,11.532,-27.732,2.506,91,18,20,,
T,2026-07-18 13:43:05.000,26.41579167,-80.16916000,1.90,11.833,-27.733,2.568,89,17,20,,
T,2026-07-18 13:43:06.000,26.41579167,-80.16913833,1.90,12.233,-27.733,2.619,93,17,20,,
T,2026-07-18 13:43:07.000,26.41578833,-80.16911000,1.90,12.233,-27.733,2.661,92,17,20,,
T,2026-07-18 13:43:08.000,26.41579000,-80.16908667,1.90,12.333,-27.733,2.654,90,17,20,,
T,2026-07-18 13:43:09.000,26.41579000,-80.16906167,1.90,12.333,-27.733,2.691,93,17,20,,
T,2026-07-18 13:43:10.000,26.41579167,-80.16903500,1.80,13.333,-27.733,2.646,92,17,20,,
T,2026-07-18 13:43:11.000,26.41579000,-80.16901167,1.80,13.733,-27.733,2.616,91,17,20,,
T,2026-07-18 13:43:12.000,26.41578500,-80.16898833,1.70,13.633,-27.733,2.568,85,17,20,,
T,2026-07-18 13:43:13.000,26.41577833,-80.16896167,1.80,13.733,-27.733,2.516,113,17,20,,
T,2026-07-18 13:43:14.000,26.41576667,-80.16892833,1.70,13.334,-27.734,2.475,122,17,20,,
T,2026-07-18 13:43:15.000,26.41575667,-80.16890333,1.70,12.834,-27.734,2.463,108,17,20,,
T,2026-07-18 13:43:16.000,26.41575000,-80.16887167,1.80,12.234,-27.734,2.471,102,17,20,,
T,2026-07-18 13:43:17.000,26.41574000,-80.16884333,1.80,12.134,-27.734,2.476,110,17,20,,
T,2026-07-18 13:43:18.000,26.41572833,-80.16881333,1.80,12.034,-27.734,2.522,112,17,20,,
T,2026-07-18 13:43:19.000,26.41571167,-80.16878833,1.80,11.034,-27.734,2.527,120,17,20,,
T,2026-07-18 13:43:20.000,26.41569167,-80.16876500,1.70,10.534,-27.734,2.591,124,17,20,,
T,2026-07-18 13:43:21.000,26.41567167,-80.16873833,1.70,10.034,-27.734,2.654,130,17,20,,
T,2026-07-18 13:43:22.000,26.41565833,-80.16871667,1.80,9.234,-27.734,2.722,129,17,20,,
T,2026-07-18 13:43:23.000,26.41564333,-80.16869333,1.80,9.234,-27.734,2.735,129,17,20,,
T,2026-07-18 13:43:24.000,26.41562833,-80.16867167,1.80,9.234,-27.734,2.772,136,17,20,,
T,2026-07-18 13:43:25.000,26.41561000,-80.16865333,1.80,9.535,-27.735,2.785,139,17,20,,
T,2026-07-18 13:43:26.000,26.41559000,-80.16863333,1.80,10.135,-27.735,2.763,142,17,20,,
T,2026-07-18 13:43:27.000,26.41557500,-80.16861500,1.80,10.835,-27.735,2.741,142,17,20,,
T,2026-07-18 13:43:28.000,26.41556167,-80.16859667,1.80,11.135,-27.735,2.706,142,18,20,,
T,2026-07-18 13:43:29.000,26.41554833,-80.16858000,1.80,11.635,-27.735,2.701,142,18,20,,
T,2026-07-18 13:43:30.000,26.41553333,-80.16856500,1.90,11.435,-27.735,2.663,137,18,20,,
T,2026-07-18 13:43:31.000,26.41552000,-80.16855000,1.90,11.535,-27.735,2.573,138,18,20,,
T,2026-07-18 13:43:32.000,26.41551167,-80.16853833,1.90,11.435,-27.735,2.466,128,18,20,,
T,2026-07-18 13:43:33.000,26.41550167,-80.16852500,1.80,11.035,-27.735,2.411,117,18,20,,
T,2026-07-18 13:43:34.000,26.41549167,-80.16850333,1.90,11.035,-27.735,2.371,107,18,20,,
T,2026-07-18 13:43:35.000,26.41548500,-80.16847833,1.80,11.135,-27.735,2.321,95,18,20,,
T,2026-07-18 13:43:36.000,26.41548167,-80.16846000,1.70,11.335,-27.735,2.301,88,18,20,,
T,2026-07-18 13:43:37.000,26.41548500,-80.16843667,1.70,11.835,-27.735,2.271,78,18,20,,
T,2026-07-18 13:43:38.000,26.41549000,-80.16841833,1.70,12.835,-27.735,2.229,69,18,20,,
T,2026-07-18 13:43:39.000,26.41549667,-80.16840000,1.70,13.436,-27.736,2.150,69,18,20,,
T,2026-07-18 13:43:40.000,26.41550833,-80.16838000,1.70,13.836,-27.736,2.116,60,18,20,,
T,2026-07-18 13:43:41.000,26.41551667,-80.16836167,1.70,14.236,-27.736,2.113,68,18,20,,
T,2026-07-18 13:43:42.000,26.41552333,-80.16834500,1.60,13.736,-27.736,2.122,62,18,20,,
T,2026-07-18 13:43:43.000,26.41553500,-80.16832667,1.60,13.636,-27.736,2.104,59,18,20,,
T,2026-07-18 13:43:44.000,26.41554500,-80.16830833,1.60,13.336,-27.736,2.061,63,18,20,,
T,2026-07-18 13:43:45.000,26.41554833,-80.16829000,1.60,12.836,-27.736,2.006,57,18,20,,
T,2026-07-18 13:43:46.000,26.41555500,-80.16827500,1.60,12.536,-27.736,1.968,56,18,20,,
T,2026-07-18 13:43:47.000,26.41556167,-80.16826000,1.70,12.036,-27.736,1.945,56,18,20,,
T,2026-07-18 13:43:48.000,26.41557000,-80.16824667,1.70,11.636,-27.736,1.944,56,18,20,,
T,2026-07-18 13:43:49.000,26.41557833,-80.16823333,1.60,11.436,-27.736,1.947,52,18,20,,
T,2026-07-18 13:43:50.000,26.41558333,-80.16821833,1.60,11.536,-27.736,1.936,55,18,20,,
T,2026-07-18 13:43:51.000,26.41559167,-80.16819833,1.60,11.736,-27.736,1.949,60,18,20,,
T,2026-07-18 13:43:52.000,26.41560000,-80.16818167,1.60,11.436,-27.736,1.986,58,18,20,,
T,2026-07-18 13:43:53.000,26.41560833,-80.16816333,1.70,11.337,-27.737,1.997,58,18,20,,
T,2026-07-18 13:43:54.000,26.41561500,-80.16814667,1.70,11.237,-27.737,2.018,61,18,20,,
T,2026-07-18 13:43:55.000,26.41562833,-80.16813333,1.70,10.437,-27.737,2.047,56,18,20,,
T,2026-07-18 13:43:56.000,26.41564167,-80.16811667,1.70,10.137,-27.737,2.052,56,18,20,,
T,2026-07-18 13:43:57.000,26.41565333,-80.16810333,1.70,10.137,-27.737,2.021,56,18,20,,
T,2026-07-18 13:43:58.000,26.41566167,-80.16808667,1.70,10.037,-27.737,1.980,56,18,20,,
T,2026-07-18 13:43:59.000,26.41567167,-80.16807500,1.60,10.237,-27.737,1.912,55,18,20,,
T,2026-07-18 13:44:00.000,26.41567667,-80.16806333,1.60,10.337,-27.737,1.840,56,18,20,,
T,2026-07-18 13:44:01.000,26.41568500,-80.16805000,1.60,10.537,-27.737,1.779,46,18,20,,
T,2026-07-18 13:44:02.000,26.41569667,-80.16804000,1.70,10.737,-27.737,1.662,42,18,20,,
T,2026-07-18 13:44:03.000,26.41570833,-80.16803000,1.70,10.737,-27.737,1.616,16,18,20,,
T,2026-07-18 13:44:04.000,26.41572500,-80.16803000,1.80,10.837,-27.737,1.549,0,18,20,,
T,2026-07-18 13:44:05.000,26.41573667,-80.16803667,1.80,11.137,-27.737,1.447,328,18,20,,
T,2026-07-18 13:44:06.000,26.41574500,-80.16804000,1.80,11.437,-27.737,1.331,317,18,20,,
T,2026-07-18 13:44:07.000,26.41575000,-80.16804167,1.80,11.337,-27.737,1.221,354,18,20,,
T,2026-07-18 13:44:08.000,26.41575167,-80.16804000,1.80,11.337,-27.737,1.105,355,18,20,,
T,2026-07-18 13:44:09.000,26.41574167,-80.16803667,1.70,11.337,-27.737,1.004,187,18,20,,
T,2026-07-18 13:44:10.000,26.41573833,-80.16803500,1.70,11.137,-27.737,0.917,172,18,20,,
T,2026-07-18 13:44:11.000,26.41572833,-80.16802500,1.70,11.537,-27.737,0.886,164,17,20,,
T,2026-07-18 13:44:12.000,26.41571833,-80.16801167,1.70,12.237,-27.737,0.843,93,17,20,,
T,2026-07-18 13:44:13.000,26.41571333,-80.16800167,1.70,12.537,-27.737,0.731,121,17,20,,
T,2026-07-18 13:44:14.000,26.41570833,-80.16800000,1.70,12.537,-27.737,0.622,140,17,20,,
T,2026-07-18 13:44:15.000,26.41571000,-80.16799833,1.70,12.637,-27.737,0.530,125,17,20,,
T,2026-07-18 13:44:16.000,26.41571000,-80.16799833,1.60,12.737,-27.737,0.446,235,17,20,,
T,2026-07-18 13:44:17.000,26.41571000,-80.16800333,1.60,12.737,-27.737,0.400,248,18,20,,
T,2026-07-18 13:44:18.000,26.41570833,-80.16802000,1.70,12.737,-27.737,0.515,263,17,20,,
T,2026-07-18 13:44:19.000,26.41570333,-80.16804833,1.70,13.137,-27.737,0.752,255,17,20,,
T,2026-07-18 13:44:20.000,26.41568667,-80.16807833,1.70,13.337,-27.737,1.032,236,17,20,,
T,2026-07-18 13:44:21.000,26.41567333,-80.16811000,1.70,13.337,-27.737,1.269,232,18,20,,
T,2026-07-18 13:44:22.000,26.41565500,-80.16814167,2.00,13.637,-27.737,1.577,237,18,20,,
T,2026-07-18 13:44:23.000,26.41563333,-80.16817333,2.10,13.637,-27.737,1.917,237,18,20,,
T,2026-07-18 13:44:24.000,26.41561333,-80.16820667,2.20,13.636,-27.736,2.250,238,18,20,,
T,2026-07-18 13:44:25.000,26.41559833,-80.16824000,2.30,13.836,-27.736,2.571,248,18,20,,
T,2026-07-18 13:44:26.000,26.41558333,-80.16827167,2.30,13.636,-27.736,2.919,240,18,20,,
T,2026-07-18 13:44:27.000,26.41556500,-80.16829333,2.40,13.736,-27.736,3.246,231,18,20,,
T,2026-07-18 13:44:28.000,26.41554333,-80.16832000,2.40,14.236,-27.736,3.419,234,18,20,,
T,2026-07-18 13:44:29.000,26.41552333,-80.16834500,2.30,13.536,-27.736,3.501,239,18,20,,
T,2026-07-18 13:44:30.000,26.41550667,-80.16837333,2.30,13.136,-27.736,3.518,241,18,20,,
T,2026-07-18 13:44:31.000,26.41549167,-80.16840000,2.30,13.236,-27.736,3.483,242,18,20,,
T,2026-07-18 13:44:32.000,26.41547667,-80.16842833,2.30,13.035,-27.735,3.449,239,18,20,,
T,2026-07-18 13:44:33.000,26.41546000,-80.16845667,2.30,12.735,-27.735,3.376,238,18,20,,
T,2026-07-18 13:44:34.000,26.41544500,-80.16848500,2.30,12.535,-27.735,3.308,238,18,20,,
T,2026-07-18 13:44:35.000,26.41542833,-80.16851167,2.30,12.735,-27.735,3.267,238,18,20,,
T,2026-07-18 13:44:36.000,26.41541333,-80.16853667,2.30,12.435,-27.735,3.195,238,18,20,,
T,2026-07-18 13:44:37.000,26.41539667,-80.16856333,1.80,11.635,-27.735,3.139,237,18,20,,
T,2026-07-18 13:44:38.000,26.41538333,-80.16859000,1.70,11.335,-27.735,3.102,238,18,20,,
T,2026-07-18 13:44:39.000,26.41536833,-80.16861500,1.70,11.435,-27.735,3.053,237,18,20,,
T,2026-07-18 13:44:40.000,26.41535333,-80.16864167,1.70,12.034,-27.734,3.013,239,18,20,,
T,2026-07-18 13:44:41.000,26.41533833,-80.16866833,1.70,12.334,-27.734,3.002,236,18,20,,
T,2026-07-18 13:44:42.000,26.41532500,-80.16869167,1.70,12.334,-27.734,2.977,238,18,20,,
T,2026-07-18 13:44:43.000,26.41531000,-80.16871667,1.90,12.334,-27.734,2.980,237,18,20,,
T,2026-07-18 13:44:44.000,26.41529500,-80.16874000,2.10,12.134,-27.734,2.983,238,18,20,,
T,2026-07-18 13:44:45.000,26.41528000,-80.16876167,2.20,11.934,-27.734,2.983,234,18,20,,
T,2026-07-18 13:44:46.000,26.41526667,-80.16878667,2.20,11.934,-27.734,3.021,237,18,20,,
T,2026-07-18 13:44:47.000,26.41524833,-80.16881167,1.90,12.334,-27.734,3.056,233,18,20,,
T,2026-07-18 13:44:48.000,26.41523000,-80.16883833,2.10,12.434,-27.734,3.082,234,18,20,,
T,2026-07-18 13:44:49.000,26.41521333,-80.16886333,2.20,12.333,-27.733,3.094,234,18,20,,
T,2026-07-18 13:44:50.000,26.41519667,-80.16888667,2.20,12.133,-27.733,3.106,235,18,20,,
T,2026-07-18 13:44:51.000,26.41518000,-80.16891500,2.20,12.333,-27.733,3.110,239,18,20,,
T,2026-07-18 13:44:52.000,26.41516667,-80.16894333,2.30,12.233,-27.733,3.107,237,18,20,,
T,2026-07-18 13:44:53.000,26.41515167,-80.16896833,2.30,12.333,-27.733,3.096,236,18,20,,
T,2026-07-18 13:44:54.000,26.41513500,-80.16899333,2.30,12.433,-27.733,3.092,236,18,20,,
T,2026-07-18 13:44:55.000,26.41512000,-80.16901833,2.30,12.133,-27.733,3.087,234,18,20,,
T,2026-07-18 13:44:56.000,26.41510667,-80.16904333,2.30,11.933,-27.733,3.069,239,18,20,,
T,2026-07-18 13:44:57.000,26.41509500,-80.16906667,1.90,11.233,-27.733,3.068,237,18,20,,
T,2026-07-18 13:44:58.000,26.41508000,-80.16908833,2.00,10.632,-27.732,3.017,232,18,20,,
T,2026-07-18 13:44:59.000,26.41506667,-80.16910833,2.10,10.032,-27.732,2.931,232,18,20,,
T,2026-07-18 13:45:00.000,26.41505500,-80.16912500,1.90,9.032,-27.732,2.839,233,18,20,,
T,2026-07-18 13:45:01.000,26.41504167,-80.16913833,1.80,9.232,-27.732,2.731,229,18,20,,
T,2026-07-18 13:45:02.000,26.41503000,-80.16915333,1.70,9.032,-27.732,2.611,229,18,20,,
T,2026-07-18 13:45:03.000,26.41502000,-80.16916833,1.70,9.032,-27.732,2.473,234,18,20,,
T,2026-07-18 13:45:04.000,26.41501333,-80.16918333,1.70,9.332,-27.732,2.269,251,18,20,,
T,2026-07-18 13:45:05.000,26.41500833,-80.16919500,1.60,9.332,-27.732,2.091,244,18,20,,
T,2026-07-18 13:45:06.000,26.41500500,-80.16920667,1.60,8.932,-27.732,1.892,265,18,20,,
T,2026-07-18 13:45:07.000,26.41500167,-80.16921500,1.60,8.732,-27.732,1.647,273,18,20,,
T,2026-07-18 13:45:08.000,26.41500000,-80.16922167,1.60,8.332,-27.732,1.443,272,18,20,,
T,2026-07-18 13:45:09.000,26.41500000,-80.16922667,1.60,7.832,-27.732,1.272,279,18,20,,
T,2026-07-18 13:45:10.000,26.41500333,-80.16923333,1.50,7.632,-27.732,1.129,295,18,20,,
T,2026-07-18 13:45:11.000,26.41500833,-80.16924167,1.50,7.332,-27.732,1.021,298,18,20,,
T,2026-07-18 13:45:12.000,26.41501167,-80.16925000,1.60,7.232,-27.732,0.951,309,18,20,,
T,2026-07-18 13:45:13.000,26.41502333,-80.16926000,1.60,7.632,-27.732,0.899,306,18,20,,
T,2026-07-18 13:45:14.000,26.41503000,-80.16927000,1.70,7.932,-27.732,0.945,312,18,20,,
T,2026-07-18 13:45:15.000,26.41503833,-80.16928167,1.70,8.132,-27.732,0.948,303,18,20,,
T,2026-07-18 13:45:16.000,26.41504333,-80.16929000,1.70,8.532,-27.732,0.959,305,18,20,,
T,2026-07-18 13:45:17.000,26.41504833,-80.16929500,1.60,8.932,-27.732,0.953,310,18,20,,
T,2026-07-18 13:45:18.000,26.41505167,-80.16930500,1.50,9.532,-27.732,0.972,302,18,20,,
T,2026-07-18 13:45:19.000,26.41505500,-80.16931667,1.50,10.132,-27.732,1.012,301,18,20,,
T,2026-07-18 13:45:20.000,26.41506000,-80.16932333,1.60,10.731,-27.731,1.031,299,18,20,,
T,2026-07-18 13:45:21.000,26.41506500,-80.16933000,1.50,11.031,-27.731,0.966,328,17,20,,
T,2026-07-18 13:45:22.000,26.41506667,-80.16932833,1.50,10.931,-27.731,0.869,326,17,20,,
T,2026-07-18 13:45:23.000,26.41506833,-80.16932833,1.60,11.031,-27.731,0.774,282,18,20,,
T,2026-07-18 13:45:24.000,26.41506833,-80.16933000,1.50,11.131,-27.731,0.652,258,18,20,,
T,2026-07-18 13:45:25.000,26.41506833,-80.16933167,1.50,11.231,-27.731,0.554,208,18,20,,
T,2026-07-18 13:45:26.000,26.41506833,-80.16933667,1.50,11.331,-27.731,0.470,268,18,20,,
T,2026-07-18 13:45:27.000,26.41507000,-80.16934000,1.50,11.531,-27.731,0.441,286,18,20,,
T,2026-07-18 13:45:28.000,26.41507500,-80.16934833,1.50,11.731,-27.731,0.424,309,18,20,,
T,2026-07-18 13:45:29.000,26.41508167,-80.16935333,1.50,11.731,-27.731,0.414,320,18,20,,
T,2026-07-18 13:45:30.000,26.41509000,-80.16936000,1.50,11.431,-27.731,0.425,325,17,20,,
T,2026-07-18 13:45:31.000,26.41509500,-80.16936333,1.50,11.331,-27.731,0.458,326,18,20,,
T,2026-07-18 13:45:32.000,26.41509667,-80.16936333,1.50,11.331,-27.731,0.460,303,17,20,,
T,2026-07-18 13:45:33.000,26.41509667,-80.16936500,1.50,11.231,-27.731,0.457,276,17,20,,
T,2026-07-18 13:45:34.000,26.41509667,-80.16936500,1.40,11.231,-27.731,0.441,294,16,20,,
T,2026-07-18 13:45:35.000,26.41509833,-80.16936667,1.40,11.231,-27.731,0.424,120,17,20,,
T,2026-07-18 13:45:36.000,26.41510000,-80.16936500,1.40,11.131,-27.731,0.000,,17,20,,
T,2026-07-18 13:45:37.000,26.41510167,-80.16936500,1.40,11.231,-27.731,0.000,,17,20,,
T,2026-07-18 13:45:38.000,26.41510000,-80.16936667,1.40,11.131,-27.731,0.000,,17,20,,
T,2026-07-18 13:45:39.000,26.41510000,-80.16936667,1.30,11.131,-27.731,0.000,,17,20,,
T,2026-07-18 13:45:40.000,26.41510000,-80.16936667,1.30,11.131,-27.731,0.000,,17,20,,
T,2026-07-18 13:45:41.000,26.41510000,-80.16936667,1.30,11.131,-27.731,0.000,,16,20,,
T,2026-07-18 13:45:42.000,26.41510000,-80.16936667,1.40,11.131,-27.731,0.000,,17,20,,
T,2026-07-18 13:45:43.000,26.41510000,-80.16936667,1.40,11.131,-27.731,0.000,,17,20,,
T,2026-07-18 13:45:44.000,26.41510000,-80.16936667,1.40,11.131,-27.731,0.000,,17,20,,
T,2026-07-18 13:45:45.000,26.41510000,-80.16936667,1.40,11.131,-27.731,0.000,,17,20,,
T,2026-07-18 13:45:46.000,26.41510000,-80.16936667,1.40,11.131,-27.731,0.000,,17,20,,
T,2026-07-18 13:45:47.000,26.41510000,-80.16936667,1.40,11.131,-27.731,0.000,,18,20,,
T,2026-07-18 13:45:48.000,26.41510000,-80.16936667,1.40,11.131,-27.731,0.000,,18,20,,
T,2026-07-18 13:45:49.000,26.41510000,-80.16936667,1.40,11.131,-27.731,0.000,,17,20,,
T,2026-07-18 13:45:50.000,26.41510000,-80.16936667,1.40,11.131,-27.731,0.000,,17,20,,
T,2026-07-18 13:45:51.000,26.41511333,-80.16938500,1.50,10.331,-27.731,0.217,306,18,20,,
T,2026-07-18 13:45:52.000,26.41512000,-80.16939500,1.60,10.231,-27.731,0.312,301,18,20,,
T,2026-07-18 13:45:53.000,26.41512667,-80.16940167,1.60,10.231,-27.731,0.422,304,18,20,,
T,2026-07-18 13:45:54.000,26.41513500,-80.16941167,1.60,10.431,-27.731,0.519,303,18,20,,
T,2026-07-18 13:45:55.000,26.41514333,-80.16942333,1.60,10.831,-27.731,0.659,317,18,20,,
T,2026-07-18 13:45:56.000,26.41515167,-80.16943333,1.60,10.831,-27.731,0.780,328,18,20,,
T,2026-07-18 13:45:57.000,26.41516000,-80.16944333,1.60,10.831,-27.731,0.891,323,18,20,,
T,2026-07-18 13:45:58.000,26.41517000,-80.16944667,1.60,10.631,-27.731,1.002,323,18,20,,
T,2026-07-18 13:45:59.000,26.41518000,-80.16944833,1.60,10.431,-27.731,1.080,325,18,20,,
T,2026-07-18 13:46:00.000,26.41518667,-80.16945167,1.60,10.631,-27.731,1.097,316,18,20,,
T,2026-07-18 13:46:01.000,26.41519000,-80.16945667,1.60,10.831,-27.731,1.083,318,18,20,,
T,2026-07-18 13:46:02.000,26.41519667,-80.16946167,1.60,10.931,-27.731,1.068,321,18,20,,
T,2026-07-18 13:46:03.000,26.41520333,-80.16946833,1.60,11.231,-27.731,1.044,322,18,20,,
T,2026-07-18 13:46:04.000,26.41521000,-80.16947500,1.60,11.531,-27.731,1.035,325,18,20,,
T,2026-07-18 13:46:05.000,26.41521167,-80.16948167,1.50,11.831,-27.731,0.977,321,18,20,,
T,2026-07-18 13:46:06.000,26.41521667,-80.16948833,1.50,12.331,-27.731,0.930,326,18,20,,
T,2026-07-18 13:46:07.000,26.41522167,-80.16949667,1.60,12.631,-27.731,0.875,326,18,20,,
T,2026-07-18 13:46:08.000,26.41522667,-80.16950167,1.50,12.831,-27.731,0.806,321,18,20,,
T,2026-07-18 13:46:09.000,26.41522833,-80.16950500,1.50,12.831,-27.731,0.746,313,18,20,,
T,2026-07-18 13:46:10.000,26.41523167,-80.16950500,1.50,12.731,-27.731,0.697,329,18,20,,
T,2026-07-18 13:46:11.000,26.41523167,-80.16950500,1.50,12.731,-27.731,0.633,323,18,20,,
T,2026-07-18 13:46:12.000,26.41523167,-80.16950333,1.50,12.831,-27.731,0.550,330,17,20,,
T,2026-07-18 13:46:13.000,26.41523000,-80.16950333,1.40,12.731,-27.731,0.464,293,18,20,,
T,2026-07-18 13:46:14.000,26.41523000,-80.16950500,1.40,12.631,-27.731,0.000,,18,20,,
T,2026-07-18 13:46:15.000,26.41523000,-80.16950667,1.40,12.431,-27.731,0.000,,18,20,,
T,2026-07-18 13:46:16.000,26.41523000,-80.16950833,1.30,12.331,-27.731,0.000,,18,20,,
T,2026-07-18 13:46:17.000,26.41523000,-80.16950833,1.30,12.331,-27.731,0.000,,18,20,,
T,2026-07-18 13:46:18.000,26.41523000,-80.16950833,1.30,12.331,-27.731,0.000,,18,20,,
T,2026-07-18 13:46:19.000,26.41523000,-80.16950833,1.30,12.331,-27.731,0.000,,18,20,,
T,2026-07-18 13:46:20.000,26.41523000,-80.16950833,1.30,12.331,-27.731,0.000,,18,20,,
T,2026-07-18 13:46:21.000,26.41523000,-80.16950833,1.30,12.331,-27.731,0.000,,18,20,,
T,2026-07-18 13:46:22.000,26.41523000,-80.16950833,1.30,12.331,-27.731,0.000,,18,20,,
T,2026-07-18 13:46:23.000,26.41523000,-80.16950833,1.30,12.331,-27.731,0.000,,18,20,,
T,2026-07-18 13:46:24.000,26.41523000,-80.16950833,1.30,12.331,-27.731,0.000,,18,20,,
T,2026-07-18 13:46:25.000,26.41523000,-80.16950833,1.30,12.331,-27.731,0.000,,18,20,,
T,2026-07-18 13:46:26.000,26.41523000,-80.16950833,1.30,12.331,-27.731,0.000,,17,20,,
T,2026-07-18 13:46:27.000,26.41523000,-80.16950833,1.30,12.331,-27.731,0.000,,17,20,,
T,2026-07-18 13:46:28.000,26.41523000,-80.16950833,1.30,12.331,-27.731,0.000,,17,20,,
T,2026-07-18 13:46:29.000,26.41523000,-80.16950833,1.30,12.331,-27.731,0.000,,17,20,,
T,2026-07-18 13:46:30.000,26.41523000,-80.16950833,1.30,12.331,-27.731,0.000,,17,20,,
T,2026-07-18 13:46:31.000,26.41523000,-80.16950833,1.30,12.331,-27.731,0.000,,18,20,,
T,2026-07-18 13:46:32.000,26.41523000,-80.16950833,1.30,12.331,-27.731,0.000,,18,20,,
T,2026-07-18 13:46:33.000,26.41523000,-80.16950833,1.30,12.331,-27.731,0.000,,18,20,,
T,2026-07-18 13:46:34.000,26.41523000,-80.16950833,1.30,12.331,-27.731,0.000,,18,20,,
T,2026-07-18 13:46:35.000,26.41523000,-80.16950833,1.40,12.331,-27.731,0.000,,18,20,,
T,2026-07-18 13:46:36.000,26.41523000,-80.16950833,1.30,12.331,-27.731,0.000,,18,20,,
T,2026-07-18 13:46:37.000,26.41523000,-80.16950833,1.30,12.331,-27.731,0.000,,18,20,,
T,2026-07-18 13:46:38.000,26.41523000,-80.16950833,1.30,12.331,-27.731,0.000,,18,20,,
T,2026-07-18 13:46:39.000,26.41523000,-80.16950833,1.30,12.331,-27.731,0.000,,18,20,,
T,2026-07-18 13:46:40.000,26.41523000,-80.16950833,1.30,12.331,-27.731,0.000,,18,20,,
T,2026-07-18 13:46:41.000,26.41523000,-80.16950833,1.30,12.331,-27.731,0.000,,18,20,,
T,2026-07-18 13:46:42.000,26.41523000,-80.16950833,1.30,12.331,-27.731,0.000,,18,20,,
T,2026-07-18 13:46:43.000,26.41523000,-80.16950833,1.30,12.331,-27.731,0.000,,18,20,,
T,2026-07-18 13:46:44.000,26.41523000,-80.16950833,1.30,12.331,-27.731,0.000,,18,20,,
T,2026-07-18 13:46:45.000,26.41523000,-80.16950833,1.30,12.331,-27.731,0.000,,18,20,,
T,2026-07-18 13:46:46.000,26.41523000,-80.16950833,1.30,12.331,-27.731,0.000,,18,20,,
T,2026-07-18 13:46:47.000,26.41523000,-80.16950833,1.40,12.331,-27.731,0.000,,18,20,,
T,2026-07-18 13:46:48.000,26.41523000,-80.16950833,1.40,12.331,-27.731,0.000,,18,20,,
T,2026-07-18 13:46:49.000,26.41523000,-80.16950833,1.50,12.331,-27.731,0.000,,18,20,,
T,2026-07-18 13:46:50.000,26.41523000,-80.16950833,1.50,12.331,-27.731,0.000,,18,20,,
T,2026-07-18 13:46:51.000,26.41523000,-80.16950833,1.40,12.331,-27.731,0.000,,18,20,,
T,2026-07-18 13:46:52.000,26.41523000,-80.16950833,1.40,12.331,-27.731,0.000,,18,20,,
T,2026-07-18 13:46:53.000,26.41523000,-80.16950833,1.40,12.331,-27.731,0.000,,18,20,,
T,2026-07-18 13:46:54.000,26.41523000,-80.16950833,1.40,12.331,-27.731,0.000,,18,20,,
T,2026-07-18 13:46:55.000,26.41523000,-80.16950833,1.40,12.331,-27.731,0.000,,18,20,,
T,2026-07-18 13:46:56.000,26.41523000,-80.16950833,1.40,12.331,-27.731,0.000,,17,20,,
T,2026-07-18 13:46:57.000,26.41523000,-80.16950833,1.40,12.331,-27.731,0.000,,17,20,,
T,2026-07-18 13:46:58.000,26.41523000,-80.16950833,1.40,12.331,-27.731,0.000,,17,20,,
T,2026-07-18 13:46:59.000,26.41523000,-80.16950833,1.40,12.331,-27.731,0.000,,17,20,,
T,2026-07-18 13:47:00.000,26.41523000,-80.16950833,1.40,12.331,-27.731,0.000,,17,20,,
T,2026-07-18 13:47:01.000,26.41523000,-80.16950833,1.40,12.331,-27.731,0.000,,17,20,,
T,2026-07-18 13:47:02.000,26.41523000,-80.16950833,1.40,12.331,-27.731,0.000,,17,20,,
T,2026-07-18 13:47:03.000,26.41523000,-80.16950833,1.40,12.331,-27.731,0.000,,17,20,,
T,2026-07-18 13:47:04.000,26.41523000,-80.16950833,1.40,12.331,-27.731,0.000,,18,20,,
T,2026-07-18 13:47:05.000,26.41523000,-80.16950833,1.40,12.331,-27.731,0.000,,18,20,,
T,2026-07-18 13:47:06.000,26.41523000,-80.16950833,1.30,12.331,-27.731,0.000,,18,20,,
T,2026-07-18 13:47:07.000,26.41523000,-80.16950833,1.30,12.331,-27.731,0.000,,18,20,,
T,2026-07-18 13:47:08.000,26.41523000,-80.16950833,1.30,12.331,-27.731,0.000,,18,20,,
T,2026-07-18 13:47:09.000,26.41523000,-80.16950833,1.30,12.331,-27.731,0.000,,18,20,,
T,2026-07-18 13:47:10.000,26.41523000,-80.16950833,1.30,12.331,-27.731,0.000,,18,20,,
T,2026-07-18 13:47:11.000,26.41523000,-80.16950833,1.30,12.331,-27.731,0.000,,18,20,,
T,2026-07-18 13:47:12.000,26.41523000,-80.16950833,1.30,12.331,-27.731,0.000,,18,20,,
T,2026-07-18 13:47:13.000,26.41523000,-80.16950833,1.30,12.331,-27.731,0.000,,18,20,,
T,2026-07-18 13:47:14.000,26.41523000,-80.16950833,1.30,12.331,-27.731,0.000,,18,20,,
T,2026-07-18 13:47:15.000,26.41523000,-80.16950833,1.30,12.331,-27.731,0.000,,18,20,,
T,2026-07-18 13:47:16.000,26.41523000,-80.16950833,1.30,12.331,-27.731,0.000,,18,20,,
T,2026-07-18 13:47:17.000,26.41523000,-80.16950833,1.30,12.331,-27.731,0.000,,18,20,,
T,2026-07-18 13:47:18.000,26.41523000,-80.16950833,1.30,12.331,-27.731,0.000,,18,20,,
T,2026-07-18 13:47:19.000,26.41523000,-80.16950833,1.40,12.331,-27.731,0.000,,18,20,,
T,2026-07-18 13:47:20.000,26.41523000,-80.16950833,1.40,12.331,-27.731,0.000,,18,20,,
T,2026-07-18 13:47:21.000,26.41523000,-80.16950833,1.40,12.331,-27.731,0.000,,17,20,,
T,2026-07-18 13:47:22.000,26.41523000,-80.16950833,1.40,12.331,-27.731,0.000,,17,20,,
T,2026-07-18 13:47:23.000,26.41523000,-80.16950833,1.40,12.331,-27.731,0.000,,17,20,,
T,2026-07-18 13:47:24.000,26.41523000,-80.16950833,1.40,12.331,-27.731,0.000,,17,20,,
T,2026-07-18 13:47:25.000,26.41523000,-80.16950833,1.40,12.331,-27.731,0.000,,17,20,,
T,2026-07-18 13:47:26.000,26.41523000,-80.16950833,1.40,12.331,-27.731,0.000,,17,20,,
T,2026-07-18 13:47:27.000,26.41523000,-80.16950833,1.40,12.331,-27.731,0.000,,17,20,,
T,2026-07-18 13:47:28.000,26.41523000,-80.16950833,1.40,12.331,-27.731,0.000,,17,20,,
T,2026-07-18 13:47:29.000,26.41523000,-80.16950833,1.40,12.331,-27.731,0.000,,17,20,,
T,2026-07-18 13:47:30.000,26.41523000,-80.16950833,1.40,12.331,-27.731,0.000,,17,20,,
T,2026-07-18 13:47:31.000,26.41523000,-80.16950833,1.40,12.331,-27.731,0.000,,17,20,,
T,2026-07-18 13:47:32.000,26.41523000,-80.16950833,1.40,12.331,-27.731,0.000,,17,20,,
T,2026-07-18 13:47:33.000,26.41523000,-80.16950833,1.40,12.331,-27.731,0.000,,16,20,,
T,2026-07-18 13:47:34.000,26.41523000,-80.16950833,1.40,12.331,-27.731,0.000,,16,20,,
T,2026-07-18 13:47:35.000,26.41523000,-80.16950833,1.40,12.331,-27.731,0.000,,17,20,,
T,2026-07-18 13:47:36.000,26.41522500,-80.16949667,1.50,6.231,-27.731,0.224,304,17,20,,
T,2026-07-18 13:47:37.000,26.41523000,-80.16950333,1.50,6.331,-27.731,0.321,295,17,20,,
T,2026-07-18 13:47:38.000,26.41523333,-80.16951333,1.50,6.431,-27.731,0.464,297,17,20,,
T,2026-07-18 13:47:39.000,26.41523833,-80.16952333,1.50,7.031,-27.731,0.553,286,17,20,,
T,2026-07-18 13:47:40.000,26.41524333,-80.16954167,1.60,7.731,-27.731,0.717,286,17,20,,
T,2026-07-18 13:47:41.000,26.41525333,-80.16956500,1.60,8.331,-27.731,0.916,289,17,20,,
T,2026-07-18 13:47:42.000,26.41526000,-80.16959000,1.60,8.930,-27.730,1.133,286,17,20,,
T,2026-07-18 13:47:43.000,26.41526667,-80.16961167,1.70,9.330,-27.730,1.325,288,17,20,,
T,2026-07-18 13:47:44.000,26.41527500,-80.16963333,1.60,9.830,-27.730,1.558,286,17,20,,
T,2026-07-18 13:47:45.000,26.41528333,-80.16966000,1.60,9.930,-27.730,1.738,281,17,20,,
T,2026-07-18 13:47:46.000,26.41528667,-80.16968667,1.70,10.130,-27.730,1.926,281,17,20,,
T,2026-07-18 13:47:47.000,26.41529000,-80.16971167,1.70,10.130,-27.730,2.091,291,17,20,,
T,2026-07-18 13:47:48.000,26.41529000,-80.16974000,1.70,10.130,-27.730,2.204,271,17,20,,
T,2026-07-18 13:47:49.000,26.41529167,-80.16977000,1.70,10.130,-27.730,2.379,266,17,20,,
T,2026-07-18 13:47:50.000,26.41528667,-80.16980167,1.70,10.130,-27.730,2.509,260,17,20,,
T,2026-07-18 13:47:51.000,26.41527833,-80.16983500,1.70,10.530,-27.730,2.590,259,17,20,,
T,2026-07-18 13:47:52.000,26.41527167,-80.16986667,1.80,11.029,-27.729,2.658,256,17,20,,
T,2026-07-18 13:47:53.000,26.41526500,-80.16989333,1.80,11.129,-27.729,2.747,257,17,20,,
T,2026-07-18 13:47:54.000,26.41526167,-80.16991500,1.70,11.829,-27.729,2.773,257,17,20,,
T,2026-07-18 13:47:55.000,26.41525833,-80.16994333,1.70,12.029,-27.729,2.765,265,17,20,,
T,2026-07-18 13:47:56.000,26.41525167,-80.16997167,1.70,11.929,-27.729,2.749,256,17,20,,
T,2026-07-18 13:47:57.000,26.41524500,-80.16999500,1.70,11.429,-27.729,2.739,255,17,20,,
T,2026-07-18 13:47:58.000,26.41524000,-80.17002000,1.70,10.629,-27.729,2.756,252,17,20,,
T,2026-07-18 13:47:59.000,26.41523167,-80.17004333,1.60,10.729,-27.729,2.696,253,17,20,,
T,2026-07-18 13:48:00.000,26.41522000,-80.17006500,1.50,11.329,-27.729,2.598,251,17,20,,
T,2026-07-18 13:48:01.000,26.41521333,-80.17008833,1.50,11.128,-27.728,2.596,251,17,20,,
T,2026-07-18 13:48:02.000,26.41520333,-80.17012000,1.40,10.828,-27.728,2.603,253,17,20,,
T,2026-07-18 13:48:03.000,26.41519500,-80.17015000,1.40,10.628,-27.728,2.617,255,17,20,,
T,2026-07-18 13:48:04.000,26.41518833,-80.17017333,1.70,10.628,-27.728,2.574,258,17,20,,
T,2026-07-18 13:48:05.000,26.41519000,-80.17019833,1.80,10.328,-27.728,2.532,274,17,20,,
T,2026-07-18 13:48:06.000,26.41519167,-80.17022000,1.80,10.028,-27.728,2.540,276,17,20,,
T,2026-07-18 13:48:07.000,26.41519500,-80.17024833,1.80,9.528,-27.728,2.561,273,17,20,,
T,2026-07-18 13:48:08.000,26.41519167,-80.17027833,1.80,8.928,-27.728,2.620,257,16,20,,
T,2026-07-18 13:48:09.000,26.41518333,-80.17031833,1.80,9.127,-27.727,2.751,260,17,20,,
T,2026-07-18 13:48:10.000,26.41518000,-80.17035167,2.10,8.527,-27.727,2.862,261,17,20,,
T,2026-07-18 13:48:11.000,26.41517833,-80.17038333,2.20,7.827,-27.727,2.872,265,17,20,,
T,2026-07-18 13:48:12.000,26.41517833,-80.17040500,2.20,7.327,-27.727,2.755,269,17,20,,
T,2026-07-18 13:48:13.000,26.41517500,-80.17042500,2.30,7.027,-27.727,2.687,258,17,20,,
T,2026-07-18 13:48:14.000,26.41516000,-80.17046000,1.90,7.427,-27.727,2.730,258,17,20,,
T,2026-07-18 13:48:15.000,26.41515500,-80.17048833,1.90,8.427,-27.727,2.807,262,17,20,,
T,2026-07-18 13:48:16.000,26.41515500,-80.17051833,1.80,8.927,-27.727,2.871,271,17,20,,
T,2026-07-18 13:48:17.000,26.41515667,-80.17055167,1.80,9.026,-27.726,2.896,268,17,20,,
T,2026-07-18 13:48:18.000,26.41515167,-80.17058500,2.00,9.026,-27.726,2.895,263,17,20,,
T,2026-07-18 13:48:19.000,26.41514667,-80.17061833,2.10,9.126,-27.726,2.856,256,17,20,,
T,2026-07-18 13:48:20.000,26.41513667,-80.17064500,2.20,8.826,-27.726,2.845,242,17,20,,
T,2026-07-18 13:48:21.000,26.41512500,-80.17067000,2.30,8.826,-27.726,2.813,241,17,20,,
T,2026-07-18 13:48:22.000,26.41511833,-80.17068500,2.30,8.726,-27.726,2.811,241,17,20,,
T,2026-07-18 13:48:23.000,26.41509833,-80.17070667,2.00,9.326,-27.726,2.762,229,17,20,,
T,2026-07-18 13:48:24.000,26.41507500,-80.17072333,1.90,9.426,-27.726,2.729,220,17,20,,
T,2026-07-18 13:48:25.000,26.41505333,-80.17073667,1.90,9.826,-27.726,2.665,211,17,20,,
T,2026-07-18 13:48:26.000,26.41503500,-80.17074833,1.90,10.426,-27.726,2.525,202,17,20,,
T,2026-07-18 13:48:27.000,26.41501333,-80.17075167,1.80,10.626,-27.726,2.423,188,17,20,,
T,2026-07-18 13:48:28.000,26.41499333,-80.17074667,1.80,10.726,-27.726,2.298,174,17,20,,
T,2026-07-18 13:48:29.000,26.41498000,-80.17074333,1.80,10.626,-27.726,2.131,187,17,20,,
T,2026-07-18 13:48:30.000,26.41496667,-80.17074500,1.80,11.026,-27.726,1.993,194,17,20,,
T,2026-07-18 13:48:31.000,26.41495000,-80.17074833,1.80,11.326,-27.726,1.862,209,17,20,,
T,2026-07-18 13:48:32.000,26.41493500,-80.17075333,1.80,11.726,-27.726,1.831,229,17,20,,
T,2026-07-18 13:48:33.000,26.41492500,-80.17076000,1.80,11.325,-27.725,1.765,204,17,20,,
T,2026-07-18 13:48:34.000,26.41491000,-80.17076333,1.80,10.325,-27.725,1.649,191,17,20,,
T,2026-07-18 13:48:35.000,26.41489667,-80.17076167,1.80,9.725,-27.725,1.580,191,17,19,,
T,2026-07-18 13:48:36.000,26.41488333,-80.17076333,1.80,8.925,-27.725,1.535,200,17,19,,
T,2026-07-18 13:48:37.000,26.41486833,-80.17076667,1.80,8.525,-27.725,1.511,176,17,19,,
T,2026-07-18 13:48:38.000,26.41485333,-80.17076667,1.80,8.125,-27.725,1.442,171,17,19,,
T,2026-07-18 13:48:39.000,26.41483833,-80.17076667,1.80,8.325,-27.725,1.403,171,17,19,,
T,2026-07-18 13:48:40.000,26.41482167,-80.17076833,1.70,8.625,-27.725,1.367,176,17,19,,
T,2026-07-18 13:48:41.000,26.41481000,-80.17076833,1.80,8.725,-27.725,1.358,189,17,19,,
T,2026-07-18 13:48:42.000,26.41480000,-80.17077000,1.80,8.725,-27.725,1.341,185,17,19,,
T,2026-07-18 13:48:43.000,26.41479000,-80.17076833,1.80,8.225,-27.725,1.336,180,17,19,,
T,2026-07-18 13:48:44.000,26.41477833,-80.17077333,1.80,8.425,-27.725,1.349,199,17,19,,
T,2026-07-18 13:48:45.000,26.41476500,-80.17077667,1.80,8.425,-27.725,1.303,219,17,19,,
T,2026-07-18 13:48:46.000,26.41475333,-80.17078167,1.80,8.225,-27.725,1.267,214,17,19,,
T,2026-07-18 13:48:47.000,26.41473833,-80.17078500,1.80,8.325,-27.725,1.248,211,17,19,,
T,2026-07-18 13:48:48.000,26.41472167,-80.17079000,1.90,8.325,-27.725,1.305,195,17,19,,
T,2026-07-18 13:48:49.000,26.41469667,-80.17079667,1.90,8.125,-27.725,1.439,190,17,19,,
T,2026-07-18 13:48:50.000,26.41467167,-80.17079833,1.90,7.825,-27.725,1.577,181,17,19,,
T,2026-07-18 13:48:51.000,26.41464333,-80.17080000,1.80,7.125,-27.725,1.733,178,17,19,,
T,2026-07-18 13:48:52.000,26.41460833,-80.17080000,1.80,7.025,-27.725,1.942,183,17,19,,
T,2026-07-18 13:48:53.000,26.41457500,-80.17080333,1.80,6.825,-27.725,2.202,184,17,19,,
T,2026-07-18 13:48:54.000,26.41454000,-80.17080833,2.10,6.725,-27.725,2.451,187,17,19,,
T,2026-07-18 13:48:55.000,26.41450167,-80.17081167,2.30,6.525,-27.725,2.773,181,17,19,,
T,2026-07-18 13:48:56.000,26.41446167,-80.17081333,2.40,6.225,-27.725,3.113,181,17,19,,
T,2026-07-18 13:48:57.000,26.41442167,-80.17081667,2.40,5.725,-27.725,3.386,184,17,19,,
T,2026-07-18 13:48:58.000,26.41438000,-80.17081833,2.50,5.525,-27.725,3.681,181,17,19,,
T,2026-07-18 13:48:59.000,26.41433333,-80.17082000,2.50,5.025,-27.725,3.965,177,17,19,,
T,2026-07-18 13:49:00.000,26.41428667,-80.17081500,2.40,4.925,-27.725,4.216,178,17,19,,
T,2026-07-18 13:49:01.000,26.41424000,-80.17081500,2.30,4.925,-27.725,4.443,177,17,19,,
T,2026-07-18 13:49:02.000,26.41418833,-80.17082000,2.00,4.925,-27.725,4.629,174,17,19,,
T,2026-07-18 13:49:03.000,26.41413667,-80.17080833,1.90,7.025,-27.725,4.770,174,17,19,,
T,2026-07-18 13:49:04.000,26.41408833,-80.17080333,1.80,8.025,-27.725,4.903,177,17,19,,
T,2026-07-18 13:49:05.000,26.41404333,-80.17080500,1.70,7.725,-27.725,4.983,177,17,19,,
T,2026-07-18 13:49:06.000,26.41399667,-80.17081000,1.70,7.425,-27.725,5.065,183,17,19,,
T,2026-07-18 13:49:07.000,26.41394833,-80.17080833,1.70,7.525,-27.725,5.155,176,17,19,,
T,2026-07-18 13:49:08.000,26.41389833,-80.17080167,1.70,7.525,-27.725,5.236,174,17,19,,
T,2026-07-18 13:49:09.000,26.41385000,-80.17080000,1.70,7.225,-27.725,5.270,176,17,19,,
T,2026-07-18 13:49:10.000,26.41380667,-80.17080667,1.70,5.925,-27.725,5.249,181,17,19,,
T,2026-07-18 13:49:11.000,26.41376167,-80.17080333,1.70,5.925,-27.725,5.236,180,17,19,,
T,2026-07-18 13:49:12.000,26.41371500,-80.17080167,1.70,6.125,-27.725,5.170,183,17,19,,
T,2026-07-18 13:49:13.000,26.41367167,-80.17080000,1.70,6.025,-27.725,5.130,180,17,19,,
T,2026-07-18 13:49:14.000,26.41363000,-80.17079833,1.80,5.925,-27.725,5.089,179,17,19,,
T,2026-07-18 13:49:15.000,26.41358333,-80.17079167,1.90,5.925,-27.725,5.100,173,17,19,,
T,2026-07-18 13:49:16.000,26.41354000,-80.17079667,1.80,5.025,-27.725,5.042,179,17,19,,
T,2026-07-18 13:49:17.000,26.41349667,-80.17079833,1.80,4.325,-27.725,5.038,177,17,19,,
T,2026-07-18 13:49:18.000,26.41344667,-80.17079333,1.80,4.225,-27.725,4.973,179,17,19,,
T,2026-07-18 13:49:19.000,26.41340000,-80.17079167,1.80,4.125,-27.725,4.927,180,17,19,,
T,2026-07-18 13:49:20.000,26.41335667,-80.17080167,1.80,3.324,-27.724,4.912,187,17,19,,
T,2026-07-18 13:49:21.000,26.41331167,-80.17080333,1.80,3.224,-27.724,4.891,187,17,19,,
T,2026-07-18 13:49:22.000,26.41326833,-80.17080500,1.80,3.424,-27.724,4.897,190,17,19,,
T,2026-07-18 13:49:23.000,26.41322667,-80.17080500,1.90,3.524,-27.724,4.857,177,17,19,,
T,2026-07-18 13:49:24.000,26.41318500,-80.17080167,1.90,3.524,-27.724,4.828,178,17,19,,
T,2026-07-18 13:49:25.000,26.41314500,-80.17079500,1.80,3.324,-27.724,4.751,180,17,19,,
T,2026-07-18 13:49:26.000,26.41310500,-80.17079167,1.80,3.224,-27.724,4.728,173,17,19,,
T,2026-07-18 13:49:27.000,26.41306333,-80.17078333,1.80,3.624,-27.724,4.668,174,17,19,,
T,2026-07-18 13:49:28.000,26.41302167,-80.17077333,1.70,3.724,-27.724,4.624,174,17,19,,
T,2026-07-18 13:49:29.000,26.41297833,-80.17076333,1.70,4.024,-27.724,4.597,172,17,19,,
T,2026-07-18 13:49:30.000,26.41293333,-80.17075167,1.70,4.424,-27.724,4.599,170,17,19,,
T,2026-07-18 13:49:31.000,26.41289500,-80.17075167,1.70,4.424,-27.724,4.555,182,17,19,,
T,2026-07-18 13:49:32.000,26.41285500,-80.17074833,1.70,4.424,-27.724,4.507,184,17,19,,
T,2026-07-18 13:49:33.000,26.41281667,-80.17075167,1.70,4.324,-27.724,4.489,189,17,19,,
T,2026-07-18 13:49:34.000,26.41278000,-80.17075500,1.90,4.024,-27.724,4.428,189,17,19,,
T,2026-07-18 13:49:35.000,26.41274333,-80.17075833,2.10,3.824,-27.724,4.380,189,17,19,,
T,2026-07-18 13:49:36.000,26.41270833,-80.17076333,2.10,3.724,-27.724,4.316,185,17,19,,
T,2026-07-18 13:49:37.000,26.41266833,-80.17077000,2.10,3.424,-27.724,4.292,181,17,19,,
T,2026-07-18 13:49:38.000,26.41263000,-80.17077667,2.30,3.324,-27.724,4.267,183,17,19,,
T,2026-07-18 13:49:39.000,26.41259500,-80.17078500,2.20,2.824,-27.724,4.203,180,17,19,,
T,2026-07-18 13:49:40.000,26.41255333,-80.17078167,2.30,2.924,-27.724,4.145,183,16,19,,
T,2026-07-18 13:49:41.000,26.41251500,-80.17078667,2.30,2.224,-27.724,4.160,178,17,19,,
T,2026-07-18 13:49:42.000,26.41247333,-80.17078333,2.40,1.724,-27.724,4.166,175,17,19,,
T,2026-07-18 13:49:43.000,26.41243167,-80.17077833,2.30,1.424,-27.724,4.202,175,17,19,,
T,2026-07-18 13:49:44.000,26.41238833,-80.17077500,2.00,0.824,-27.724,4.259,176,17,19,,
T,2026-07-18 13:49:45.000,26.41234167,-80.17076167,1.80,1.124,-27.724,4.344,172,17,19,,
T,2026-07-18 13:49:46.000,26.41230167,-80.17075333,1.70,1.424,-27.724,4.413,171,17,19,,
T,2026-07-18 13:49:47.000,26.41226167,-80.17076167,1.90,1.024,-27.724,4.431,178,15,19,,
T,2026-07-18 13:49:48.000,26.41222333,-80.17077000,2.10,0.624,-27.724,4.437,180,15,19,,
T,2026-07-18 13:49:49.000,26.41218333,-80.17077000,2.10,0.824,-27.724,4.465,178,16,19,,
T,2026-07-18 13:49:50.000,26.41213833,-80.17076667,1.90,2.124,-27.724,4.558,176,17,19,,
T,2026-07-18 13:49:51.000,26.41209167,-80.17075833,1.90,2.124,-27.724,4.530,178,17,19,,
T,2026-07-18 13:49:52.000,26.41205333,-80.17075667,1.90,2.324,-27.724,4.545,176,17,19,,
T,2026-07-18 13:49:53.000,26.41201667,-80.17076333,1.90,1.924,-27.724,4.542,177,17,19,,
T,2026-07-18 13:49:54.000,26.41197667,-80.17076167,1.90,2.524,-27.724,4.495,199,17,19,,
T,2026-07-18 13:49:55.000,26.41195000,-80.17077667,1.90,2.524,-27.724,4.344,198,17,19,,
T,2026-07-18 13:49:56.000,26.41192333,-80.17078500,1.90,2.324,-27.724,4.201,185,17,19,,
T,2026-07-18 13:49:57.000,26.41189167,-80.17077833,2.10,2.224,-27.724,4.088,170,15,19,,
T,2026-07-18 13:49:58.000,26.41186167,-80.17077333,2.30,2.424,-27.724,3.970,187,14,19,,
T,2026-07-18 13:49:59.000,26.41183167,-80.17077167,2.40,2.224,-27.724,3.845,193,15,19,,
T,2026-07-18 13:50:00.000,26.41180167,-80.17077500,2.50,2.024,-27.724,3.677,199,16,19,,
T,2026-07-18 13:50:01.000,26.41176833,-80.17076000,2.50,2.224,-27.724,3.571,183,17,19,,
T,2026-07-18 13:50:02.000,26.41173167,-80.17074667,2.30,1.324,-27.724,3.398,189,17,19,,
T,2026-07-18 13:50:03.000,26.41170167,-80.17073500,2.10,0.724,-27.724,3.220,175,17,19,,
T,2026-07-18 13:50:04.000,26.41166667,-80.17073000,2.00,0.824,-27.724,3.140,185,17,19,,
T,2026-07-18 13:50:05.000,26.41162500,-80.17072333,2.00,1.024,-27.724,3.203,186,17,19,,
T,2026-07-18 13:50:06.000,26.41158000,-80.17071833,1.90,1.224,-27.724,3.317,183,17,19,,
T,2026-07-18 13:50:07.000,26.41154000,-80.17071167,2.00,1.424,-27.724,3.350,180,17,19,,
T,2026-07-18 13:50:08.000,26.41150333,-80.17071000,2.20,1.524,-27.724,3.458,176,17,19,,
T,2026-07-18 13:50:09.000,26.41146500,-80.17071000,2.30,1.324,-27.724,3.572,179,17,19,,
T,2026-07-18 13:50:10.000,26.41142833,-80.17071167,2.40,1.624,-27.724,3.630,188,17,19,,
T,2026-07-18 13:50:11.000,26.41139500,-80.17071333,2.50,2.824,-27.724,3.699,186,17,19,,
T,2026-07-18 13:50:12.000,26.41136500,-80.17071667,2.50,3.424,-27.724,3.789,183,17,19,,
T,2026-07-18 13:50:13.000,26.41133500,-80.17072000,2.50,3.924,-27.724,3.886,187,17,19,,
T,2026-07-18 13:50:14.000,26.41130833,-80.17073500,2.60,3.824,-27.724,3.929,190,17,19,,
T,2026-07-18 13:50:15.000,26.41127500,-80.17073500,2.50,4.124,-27.724,3.900,184,17,19,,
T,2026-07-18 13:50:16.000,26.41124167,-80.17073667,2.50,3.524,-27.724,3.836,186,17,19,,
T,2026-07-18 13:50:17.000,26.41120667,-80.17073667,2.50,3.423,-27.723,3.855,177,17,19,,
T,2026-07-18 13:50:18.000,26.41116833,-80.17073000,2.50,3.424,-27.724,3.823,167,17,19,,
T,2026-07-18 13:50:19.000,26.41112833,-80.17071667,2.50,3.924,-27.724,3.823,164,17,19,,
T,2026-07-18 13:50:20.000,26.41108667,-80.17070500,2.50,4.524,-27.724,3.829,169,17,19,,
T,2026-07-18 13:50:21.000,26.41105000,-80.17069667,2.50,5.224,-27.724,3.782,170,17,19,,
T,2026-07-18 13:50:22.000,26.41101667,-80.17068667,2.50,5.724,-27.724,3.806,173,17,19,,
T,2026-07-18 13:50:23.000,26.41098333,-80.17067833,2.50,6.924,-27.724,3.789,177,17,19,,
T,2026-07-18 13:50:24.000,26.41095000,-80.17067667,2.50,7.824,-27.724,3.771,180,17,19,,
T,2026-07-18 13:50:25.000,26.41092333,-80.17067500,2.50,8.824,-27.724,3.705,185,17,19,,
T,2026-07-18 13:50:26.000,26.41089333,-80.17067833,2.50,9.124,-27.724,3.661,185,17,19,,
T,2026-07-18 13:50:27.000,26.41086167,-80.17068333,2.20,10.324,-27.724,3.607,178,17,19,,
T,2026-07-18 13:50:28.000,26.41083000,-80.17068000,2.30,11.024,-27.724,3.538,184,17,19,,
T,2026-07-18 13:50:29.000,26.41080000,-80.17068167,2.40,11.023,-27.723,3.437,180,17,19,,
T,2026-07-18 13:50:30.000,26.41076833,-80.17067833,2.40,10.823,-27.723,3.350,172,17,19,,
T,2026-07-18 13:50:31.000,26.41073167,-80.17067167,2.40,10.823,-27.723,3.390,170,17,19,,
T,2026-07-18 13:50:32.000,26.41069333,-80.17066667,2.40,10.523,-27.723,3.361,178,17,19,,
T,2026-07-18 13:50:33.000,26.41065500,-80.17066500,2.40,10.223,-27.723,3.416,183,17,19,,
T,2026-07-18 13:50:34.000,26.41061500,-80.17066667,2.40,9.823,-27.723,3.467,184,17,19,,
T,2026-07-18 13:50:35.000,26.41057500,-80.17067167,2.40,9.623,-27.723,3.568,190,17,19,,
T,2026-07-18 13:50:36.000,26.41053333,-80.17067667,2.40,9.023,-27.723,3.704,186,17,19,,
T,2026-07-18 13:50:37.000,26.41049333,-80.17067833,2.50,9.123,-27.723,3.814,181,17,19,,
T,2026-07-18 13:50:38.000,26.41045333,-80.17067667,2.50,8.723,-27.723,3.883,180,17,19,,
T,2026-07-18 13:50:39.000,26.41041667,-80.17067667,2.50,8.223,-27.723,3.909,175,17,19,,
T,2026-07-18 13:50:40.000,26.41038500,-80.17067000,2.50,8.323,-27.723,3.972,171,17,19,,
T,2026-07-18 13:50:41.000,26.41035167,-80.17066333,2.50,8.023,-27.723,4.007,176,17,19,,
T,2026-07-18 13:50:42.000,26.41031500,-80.17066333,2.50,8.023,-27.723,4.025,177,17,19,,
T,2026-07-18 13:50:43.000,26.41028000,-80.17066500,2.50,7.823,-27.723,3.969,181,17,19,,
T,2026-07-18 13:50:44.000,26.41025000,-80.17067167,2.50,7.823,-27.723,3.952,181,17,19,,
T,2026-07-18 13:50:45.000,26.41021667,-80.17068167,2.50,7.823,-27.723,3.946,190,17,19,,
T,2026-07-18 13:50:46.000,26.41018833,-80.17069500,2.50,7.423,-27.723,3.875,188,17,19,,
T,2026-07-18 13:50:47.000,26.41016000,-80.17070333,2.50,7.123,-27.723,3.794,191,17,19,,
T,2026-07-18 13:50:48.000,26.41013333,-80.17071500,2.50,6.523,-27.723,3.756,196,17,19,,
T,2026-07-18 13:50:49.000,26.41010167,-80.17072833,2.50,6.123,-27.723,3.754,194,17,19,,
T,2026-07-18 13:50:50.000,26.41006500,-80.17073167,2.40,5.823,-27.723,3.732,191,17,19,,
T,2026-07-18 13:50:51.000,26.41003167,-80.17073500,2.30,5.623,-27.723,3.644,189,17,19,,
T,2026-07-18 13:50:52.000,26.41000167,-80.17074167,2.30,5.123,-27.723,3.632,183,17,19,,
T,2026-07-18 13:50:53.000,26.40995833,-80.17074500,2.10,5.323,-27.723,3.612,191,17,19,,
T,2026-07-18 13:50:54.000,26.40992500,-80.17075000,2.00,4.623,-27.723,3.562,187,17,19,,
T,2026-07-18 13:50:55.000,26.40989167,-80.17074333,1.90,3.923,-27.723,3.492,181,17,19,,
T,2026-07-18 13:50:56.000,26.40985833,-80.17074000,1.90,3.723,-27.723,3.417,186,16,19,,
T,2026-07-18 13:50:57.000,26.40982833,-80.17074333,1.80,3.123,-27.723,3.362,179,16,19,,
T,2026-07-18 13:50:58.000,26.40979500,-80.17074167,1.80,2.623,-27.723,3.335,174,17,19,,
T,2026-07-18 13:50:59.000,26.40976333,-80.17074667,1.80,1.823,-27.723,3.323,184,17,19,,
T,2026-07-18 13:51:00.000,26.40972833,-80.17074667,1.90,1.423,-27.723,3.288,180,17,19,,
T,2026-07-18 13:51:01.000,26.40969500,-80.17074167,1.90,1.023,-27.723,3.268,177,17,19,,
T,2026-07-18 13:51:02.000,26.40966333,-80.17073167,2.00,1.123,-27.723,3.239,169,17,19,,
T,2026-07-18 13:51:03.000,26.40964333,-80.17071833,2.00,0.723,-27.723,3.205,144,17,19,,
T,2026-07-18 13:51:04.000,26.40963167,-80.17070167,2.10,0.323,-27.723,3.116,131,17,19,,
T,2026-07-18 13:51:05.000,26.40962000,-80.17068167,2.20,0.623,-27.723,3.000,126,17,19,,
T,2026-07-18 13:51:06.000,26.40961500,-80.17065833,2.20,-0.277,-27.723,2.947,110,17,19,,
T,2026-07-18 13:51:07.000,26.40961333,-80.17062000,2.30,0.323,-27.723,2.894,93,17,19,,
T,2026-07-18 13:51:08.000,26.40960333,-80.17057000,2.20,1.723,-27.723,2.882,89,17,19,,
T,2026-07-18 13:51:09.000,26.40961000,-80.17053833,2.10,2.323,-27.723,2.896,80,17,19,,
T,2026-07-18 13:51:10.000,26.40961333,-80.17049167,2.20,3.524,-27.724,2.931,95,17,19,,
T,2026-07-18 13:51:11.000,26.40960667,-80.17044500,2.30,4.424,-27.724,3.014,97,16,19,,
T,2026-07-18 13:51:12.000,26.40960333,-80.17040167,2.40,4.524,-27.724,3.064,90,16,19,,
T,2026-07-18 13:51:13.000,26.40960333,-80.17035333,2.50,5.324,-27.724,3.137,94,16,19,,
T,2026-07-18 13:51:14.000,26.40960167,-80.17030833,2.50,5.424,-27.724,3.271,90,16,19,,
T,2026-07-18 13:51:15.000,26.40960000,-80.17026500,2.60,5.325,-27.725,3.417,87,16,19,,
T,2026-07-18 13:51:16.000,26.40959833,-80.17022167,2.50,5.625,-27.725,3.526,98,16,19,,
T,2026-07-18 13:51:17.000,26.40959333,-80.17018167,2.50,6.625,-27.725,3.632,97,16,19,,
T,2026-07-18 13:51:18.000,26.40958833,-80.17014333,2.50,7.225,-27.725,3.642,96,16,19,,
T,2026-07-18 13:51:19.000,26.40958500,-80.17010833,2.50,7.325,-27.725,3.618,92,16,19,,
T,2026-07-18 13:51:20.000,26.40958000,-80.17007500,2.50,7.825,-27.725,3.588,90,16,19,,
T,2026-07-18 13:51:21.000,26.40958167,-80.17003667,2.50,8.225,-27.725,3.581,80,16,19,,
T,2026-07-18 13:51:22.000,26.40958500,-80.17000167,2.40,8.526,-27.726,3.544,82,16,19,,
T,2026-07-18 13:51:23.000,26.40958667,-80.16996833,2.50,8.626,-27.726,3.472,92,16,19,,
T,2026-07-18 13:51:24.000,26.40959000,-80.16994000,2.50,8.726,-27.726,3.371,88,16,19,,
T,2026-07-18 13:51:25.000,26.40959000,-80.16991167,2.20,8.926,-27.726,3.292,79,16,19,,
T,2026-07-18 13:51:26.000,26.40959167,-80.16989000,2.10,9.026,-27.726,3.139,84,16,19,,
T,2026-07-18 13:51:27.000,26.40959000,-80.16987500,2.00,9.426,-27.726,2.941,99,16,19,,
T,2026-07-18 13:51:28.000,26.40959167,-80.16985667,2.00,9.626,-27.726,2.767,96,16,19,,
T,2026-07-18 13:51:29.000,26.40959000,-80.16984000,1.90,9.626,-27.726,2.592,102,16,19,,
T,2026-07-18 13:51:30.000,26.40959167,-80.16982333,1.90,9.726,-27.726,2.411,81,16,19,,
T,2026-07-18 13:51:31.000,26.40959000,-80.16981167,1.90,9.926,-27.726,2.171,103,16,19,,
T,2026-07-18 13:51:32.000,26.40958667,-80.16979833,1.90,10.226,-27.726,1.985,74,16,19,,
T,2026-07-18 13:51:33.000,26.40958833,-80.16978000,1.90,10.627,-27.727,1.895,65,16,19,,
T,2026-07-18 13:51:34.000,26.40958667,-80.16976500,1.90,10.727,-27.727,1.781,88,16,19,,
T,2026-07-18 13:51:35.000,26.40958333,-80.16975167,1.90,10.827,-27.727,1.660,82,16,19,,
T,2026-07-18 13:51:36.000,26.40958167,-80.16973833,1.90,11.027,-27.727,1.587,94,16,19,,
T,2026-07-18 13:51:37.000,26.40957833,-80.16972667,1.80,11.027,-27.727,1.515,104,16,19,,
T,2026-07-18 13:51:38.000,26.40957167,-80.16971500,1.80,10.627,-27.727,1.498,125,16,19,,
T,2026-07-18 13:51:39.000,26.40956667,-80.16969500,1.70,9.927,-27.727,1.564,107,16,19,,
T,2026-07-18 13:51:40.000,26.40956167,-80.16967167,1.70,9.227,-27.727,1.638,103,16,19,,
T,2026-07-18 13:51:41.000,26.40956167,-80.16964500,1.70,8.827,-27.727,1.758,94,16,19,,
T,2026-07-18 13:51:42.000,26.40956167,-80.16961500,1.70,8.327,-27.727,1.893,87,16,19,,
T,2026-07-18 13:51:43.000,26.40956333,-80.16958000,1.70,7.927,-27.727,2.011,86,16,19,,
T,2026-07-18 13:51:44.000,26.40956667,-80.16954833,1.70,7.527,-27.727,2.181,78,16,19,,
T,2026-07-18 13:51:45.000,26.40957333,-80.16951500,1.70,7.228,-27.728,2.364,79,16,19,,
T,2026-07-18 13:51:46.000,26.40958000,-80.16947833,1.70,7.528,-27.728,2.602,74,16,19,,
T,2026-07-18 13:51:47.000,26.40958667,-80.16944000,1.70,7.628,-27.728,2.845,84,16,19,,
T,2026-07-18 13:51:48.000,26.40959000,-80.16940333,1.70,7.628,-27.728,3.037,90,16,19,,
T,2026-07-18 13:51:49.000,26.40959333,-80.16936667,1.70,7.628,-27.728,3.169,89,16,19,,
T,2026-07-18 13:51:50.000,26.40959333,-80.16932833,1.70,7.428,-27.728,3.293,88,16,19,,
T,2026-07-18 13:51:51.000,26.40959167,-80.16929000,1.70,7.529,-27.729,3.406,87,16,19,,
T,2026-07-18 13:51:52.000,26.40959000,-80.16925333,1.70,7.629,-27.729,3.487,82,16,19,,
T,2026-07-18 13:51:53.000,26.40959500,-80.16921667,1.60,8.029,-27.729,3.531,85,16,19,,
T,2026-07-18 13:51:54.000,26.40959667,-80.16917833,1.60,8.029,-27.729,3.587,80,16,19,,
T,2026-07-18 13:51:55.000,26.40960333,-80.16913833,1.60,8.229,-27.729,3.641,82,16,19,,
T,2026-07-18 13:51:56.000,26.40961000,-80.16909667,1.60,8.529,-27.729,3.682,76,16,19,,
T,2026-07-18 13:51:57.000,26.40961667,-80.16905500,1.60,8.730,-27.730,3.782,76,16,19,,
T,2026-07-18 13:51:58.000,26.40962500,-80.16901000,1.60,9.530,-27.730,3.872,76,16,19,,
T,2026-07-18 13:51:59.000,26.40963000,-80.16896667,1.80,10.730,-27.730,3.941,84,15,19,,
T,2026-07-18 13:52:00.000,26.40963500,-80.16892333,1.80,11.130,-27.730,4.000,85,16,19,,
T,2026-07-18 13:52:01.000,26.40963833,-80.16888500,1.70,11.230,-27.730,3.998,92,16,19,,
T,2026-07-18 13:52:02.000,26.40964167,-80.16884333,1.70,10.930,-27.730,4.025,98,16,19,,
T,2026-07-18 13:52:03.000,26.40963833,-80.16880167,1.70,10.231,-27.731,4.069,101,16,19,,
T,2026-07-18 13:52:04.000,26.40963667,-80.16876167,1.70,9.731,-27.731,4.074,96,16,19,,
T,2026-07-18 13:52:05.000,26.40963333,-80.16872167,1.60,9.331,-27.731,4.079,92,16,19,,
T,2026-07-18 13:52:06.000,26.40963167,-80.16868167,1.60,9.231,-27.731,4.061,96,16,19,,
T,2026-07-18 13:52:07.000,26.40962333,-80.16864167,1.60,8.731,-27.731,4.022,100,16,19,,
T,2026-07-18 13:52:08.000,26.40961500,-80.16860333,1.60,8.231,-27.731,4.007,102,16,19,,
T,2026-07-18 13:52:09.000,26.40960833,-80.16856500,1.60,7.832,-27.732,3.985,94,16,19,,
T,2026-07-18 13:52:10.000,26.40960500,-80.16852500,1.70,7.432,-27.732,3.977,99,16,19,,
T,2026-07-18 13:52:11.000,26.40959500,-80.16848833,1.80,7.132,-27.732,3.983,107,16,19,,
T,2026-07-18 13:52:12.000,26.40958667,-80.16845000,1.80,6.932,-27.732,3.972,104,16,19,,
T,2026-07-18 13:52:13.000,26.40958333,-80.16841000,1.80,6.632,-27.732,3.949,98,16,19,,
T,2026-07-18 13:52:14.000,26.40957833,-80.16837333,2.00,6.632,-27.732,3.936,101,16,19,,
T,2026-07-18 13:52:15.000,26.40958000,-80.16833833,1.90,7.232,-27.732,3.924,105,16,19,,
T,2026-07-18 13:52:16.000,26.40958500,-80.16830000,1.90,7.633,-27.733,3.900,97,16,19,,
T,2026-07-18 13:52:17.000,26.40958167,-80.16826333,2.10,8.033,-27.733,3.866,102,16,19,,
T,2026-07-18 13:52:18.000,26.40957833,-80.16822833,2.20,8.333,-27.733,3.831,97,16,19,,
T,2026-07-18 13:52:19.000,26.40957500,-80.16819000,2.20,8.633,-27.733,3.804,98,17,19,,
T,2026-07-18 13:52:20.000,26.40957167,-80.16815167,2.30,9.033,-27.733,3.784,100,17,19,,
T,2026-07-18 13:52:21.000,26.40956500,-80.16811500,2.40,9.333,-27.733,3.787,95,17,19,,
T,2026-07-18 13:52:22.000,26.40956333,-80.16808333,2.40,9.634,-27.734,3.749,90,17,19,,
T,2026-07-18 13:52:23.000,26.40956500,-80.16804833,2.40,9.934,-27.734,3.702,82,17,19,,
T,2026-07-18 13:52:24.000,26.40957000,-80.16801667,2.40,10.534,-27.734,3.707,81,17,19,,
T,2026-07-18 13:52:25.000,26.40957833,-80.16798500,2.40,10.734,-27.734,3.669,70,17,19,,
T,2026-07-18 13:52:26.000,26.40959000,-80.16795333,2.40,11.034,-27.734,3.659,66,17,19,,
T,2026-07-18 13:52:27.000,26.40960500,-80.16792000,2.40,11.434,-27.734,3.643,56,17,19,,
T,2026-07-18 13:52:28.000,26.40962333,-80.16789167,2.50,11.934,-27.734,3.613,58,17,19,,
T,2026-07-18 13:52:29.000,26.40964000,-80.16786000,2.50,11.734,-27.734,3.579,57,17,19,,
T,2026-07-18 13:52:30.000,26.40965833,-80.16783333,2.50,11.935,-27.735,3.509,69,17,19,,
T,2026-07-18 13:52:31.000,26.40967333,-80.16780500,2.50,11.635,-27.735,3.493,57,17,19,,
T,2026-07-18 13:52:32.000,26.40968333,-80.16777000,2.50,11.235,-27.735,3.513,70,17,19,,
T,2026-07-18 13:52:33.000,26.40969000,-80.16773333,2.40,10.635,-27.735,3.476,79,17,19,,
T,2026-07-18 13:52:34.000,26.40969000,-80.16770167,2.50,10.135,-27.735,3.413,89,17,19,,
T,2026-07-18 13:52:35.000,26.40969167,-80.16766667,2.50,9.935,-27.735,3.436,85,17,19,,
T,2026-07-18 13:52:36.000,26.40969500,-80.16762833,2.50,10.235,-27.735,3.458,79,17,19,,
T,2026-07-18 13:52:37.000,26.40970000,-80.16758833,2.50,10.336,-27.736,3.483,80,17,19,,
T,2026-07-18 13:52:38.000,26.40970333,-80.16755333,2.50,10.436,-27.736,3.481,83,17,19,,
T,2026-07-18 13:52:39.000,26.40970167,-80.16751833,2.50,10.136,-27.736,3.491,92,17,19,,
T,2026-07-18 13:52:40.000,26.40970167,-80.16748333,2.50,10.636,-27.736,3.517,94,17,19,,
T,2026-07-18 13:52:41.000,26.40969833,-80.16745000,2.50,10.336,-27.736,3.518,94,17,19,,
T,2026-07-18 13:52:42.000,26.40969667,-80.16741667,2.50,10.136,-27.736,3.456,93,17,19,,
T,2026-07-18 13:52:43.000,26.40969500,-80.16738667,2.40,10.336,-27.736,3.505,94,17,19,,
T,2026-07-18 13:52:44.000,26.40969167,-80.16736167,2.10,11.437,-27.737,3.503,103,16,19,,
T,2026-07-18 13:52:45.000,26.40967833,-80.16733667,2.00,11.537,-27.737,3.381,127,16,19,,
T,2026-07-18 13:52:46.000,26.40966500,-80.16731333,2.20,11.537,-27.737,3.281,130,16,19,,
T,2026-07-18 13:52:47.000,26.40965333,-80.16729000,2.00,12.237,-27.737,3.211,123,16,19,,
T,2026-07-18 13:52:48.000,26.40964000,-80.16726333,1.90,11.537,-27.737,3.172,113,16,19,,
T,2026-07-18 13:52:49.000,26.40962833,-80.16723167,2.00,11.337,-27.737,3.154,109,17,19,,
T,2026-07-18 13:52:50.000,26.40962167,-80.16719333,1.90,11.237,-27.737,3.152,99,17,19,,
T,2026-07-18 13:52:51.000,26.40961333,-80.16715833,1.90,10.837,-27.737,3.104,98,16,19,,
T,2026-07-18 13:52:52.000,26.40961167,-80.16712333,2.10,10.837,-27.737,3.135,97,16,19,,
T,2026-07-18 13:52:53.000,26.40961000,-80.16708833,2.20,10.738,-27.738,3.127,94,16,19,,
T,2026-07-18 13:52:54.000,26.40960667,-80.16705500,2.20,10.838,-27.738,3.176,89,17,19,,
T,2026-07-18 13:52:55.000,26.40961167,-80.16701667,2.00,10.938,-27.738,3.271,94,17,19,,
T,2026-07-18 13:52:56.000,26.40961667,-80.16698500,1.80,10.938,-27.738,3.323,85,17,19,,
T,2026-07-18 13:52:57.000,26.40962167,-80.16695500,2.00,11.138,-27.738,3.318,84,17,19,,
T,2026-07-18 13:52:58.000,26.40962667,-80.16692500,2.10,11.138,-27.738,3.310,81,17,19,,
T,2026-07-18 13:52:59.000,26.40963000,-80.16690000,2.20,11.138,-27.738,3.223,78,17,19,,
T,2026-07-18 13:53:00.000,26.40964500,-80.16688000,2.00,10.839,-27.739,3.116,71,17,19,,
T,2026-07-18 13:53:01.000,26.40965000,-80.16685833,1.80,11.239,-27.739,3.023,58,17,19,,
T,2026-07-18 13:53:02.000,26.40966167,-80.16684333,1.80,11.639,-27.739,2.898,52,17,19,,
T,2026-07-18 13:53:03.000,26.40968000,-80.16683000,1.70,12.139,-27.739,2.782,38,17,19,,
T,2026-07-18 13:53:04.000,26.40969833,-80.16681667,1.70,12.739,-27.739,2.637,37,17,19,,
T,2026-07-18 13:53:05.000,26.40971333,-80.16680333,1.70,13.139,-27.739,2.491,39,17,19,,
T,2026-07-18 13:53:06.000,26.40972833,-80.16679167,1.70,13.439,-27.739,2.366,37,17,19,,
T,2026-07-18 13:53:07.000,26.40974000,-80.16678000,1.70,12.639,-27.739,2.284,42,17,19,,
T,2026-07-18 13:53:08.000,26.40975000,-80.16676833,1.80,12.239,-27.739,2.186,47,17,19,,
T,2026-07-18 13:53:09.000,26.40976167,-80.16675667,1.70,11.339,-27.739,2.125,47,17,19,,
T,2026-07-18 13:53:10.000,26.40977500,-80.16674667,1.80,11.439,-27.739,2.070,38,17,19,,
T,2026-07-18 13:53:11.000,26.40979000,-80.16673833,1.70,11.139,-27.739,2.029,31,17,19,,
T,2026-07-18 13:53:12.000,26.40980333,-80.16673167,1.70,10.439,-27.739,1.979,19,17,19,,
T,2026-07-18 13:53:13.000,26.40981500,-80.16672667,1.80,10.539,-27.739,1.875,21,17,19,,
T,2026-07-18 13:53:14.000,26.40982667,-80.16672167,1.80,10.439,-27.739,1.816,15,17,19,,
T,2026-07-18 13:53:15.000,26.40983833,-80.16671833,2.00,10.539,-27.739,1.726,4,17,19,,
T,2026-07-18 13:53:16.000,26.40984333,-80.16671333,1.90,10.939,-27.739,1.599,10,17,19,,
T,2026-07-18 13:53:17.000,26.40984833,-80.16671167,2.00,10.939,-27.739,1.461,13,17,19,,
T,2026-07-18 13:53:18.000,26.40985500,-80.16670667,2.00,11.239,-27.739,1.348,32,17,19,,
T,2026-07-18 13:53:19.000,26.40985833,-80.16670333,1.90,11.339,-27.739,1.228,58,17,19,,
T,2026-07-18 13:53:20.000,26.40986333,-80.16670167,1.80,11.339,-27.739,1.080,47,17,19,,
T,2026-07-18 13:53:21.000,26.40986833,-80.16670167,1.80,11.339,-27.739,0.899,40,17,19,,
T,2026-07-18 13:53:22.000,26.40987500,-80.16669667,1.70,11.139,-27.739,0.764,1,17,19,,
T,2026-07-18 13:53:23.000,26.40987833,-80.16669000,1.70,11.039,-27.739,0.657,31,17,19,,
T,2026-07-18 13:53:24.000,26.40988167,-80.16668500,1.60,11.039,-27.739,0.510,103,17,19,,
T,2026-07-18 13:53:25.000,26.40988333,-80.16668167,1.60,11.139,-27.739,0.422,185,17,19,,
T,2026-07-18 13:53:26.000,26.40988333,-80.16668333,1.50,11.339,-27.739,0.000,,17,19,,
T,2026-07-18 13:53:27.000,26.40988500,-80.16668333,1.50,11.439,-27.739,0.000,,17,19,,
T,2026-07-18 13:53:28.000,26.40988833,-80.16668333,1.50,11.839,-27.739,0.000,,17,19,,
T,2026-07-18 13:53:29.000,26.40988833,-80.16668333,1.50,11.839,-27.739,0.000,,17,19,,
T,2026-07-18 13:53:30.000,26.40988833,-80.16668333,1.50,11.839,-27.739,0.000,,17,19,,
T,2026-07-18 13:53:31.000,26.40988833,-80.16668333,1.50,11.839,-27.739,0.000,,17,19,,
T,2026-07-18 13:53:32.000,26.40988833,-80.16668333,1.50,11.839,-27.739,0.000,,17,19,,
T,2026-07-18 13:53:33.000,26.40988833,-80.16668333,1.50,11.839,-27.739,0.000,,17,19,,
T,2026-07-18 13:53:34.000,26.40988833,-80.16668333,1.50,11.839,-27.739,0.000,,17,19,,
T,2026-07-18 13:53:35.000,26.40988833,-80.16668333,1.50,11.839,-27.739,0.000,,17,19,,
T,2026-07-18 13:53:36.000,26.40988833,-80.16668333,1.50,11.839,-27.739,0.000,,17,19,,
T,2026-07-18 13:53:37.000,26.40988833,-80.16668333,1.50,11.839,-27.739,0.000,,17,19,,
T,2026-07-18 13:53:38.000,26.40988833,-80.16668333,1.50,11.839,-27.739,0.000,,17,19,,
T,2026-07-18 13:53:39.000,26.40988833,-80.16668333,1.50,11.839,-27.739,0.000,,17,19,,
T,2026-07-18 13:53:40.000,26.40988833,-80.16668333,1.50,11.839,-27.739,0.000,,17,19,,
T,2026-07-18 13:53:41.000,26.40988833,-80.16668333,1.50,11.839,-27.739,0.000,,17,19,,
T,2026-07-18 13:53:42.000,26.40988833,-80.16668333,1.50,11.839,-27.739,0.000,,17,19,,
T,2026-07-18 13:53:43.000,26.40988833,-80.16668333,1.50,11.839,-27.739,0.000,,17,19,,
T,2026-07-18 13:53:44.000,26.40988833,-80.16668333,1.60,11.839,-27.739,0.000,,17,19,,
T,2026-07-18 13:53:45.000,26.40988833,-80.16668333,1.60,11.839,-27.739,0.000,,17,19,,
T,2026-07-18 13:53:46.000,26.40988833,-80.16668333,1.60,11.839,-27.739,0.000,,17,19,,
T,2026-07-18 13:53:47.000,26.40988833,-80.16668333,1.60,11.839,-27.739,0.000,,17,19,,
T,2026-07-18 13:53:48.000,26.40988833,-80.16668333,1.50,11.839,-27.739,0.000,,17,19,,
T,2026-07-18 13:53:49.000,26.40988833,-80.16668333,1.50,11.839,-27.739,0.000,,17,19,,
T,2026-07-18 13:53:50.000,26.40988833,-80.16668333,1.50,11.839,-27.739,0.000,,17,19,,
T,2026-07-18 13:53:51.000,26.40988833,-80.16668333,1.50,11.839,-27.739,0.000,,17,19,,
T,2026-07-18 13:53:52.000,26.40988833,-80.16668333,1.50,11.839,-27.739,0.000,,17,19,,
T,2026-07-18 13:53:53.000,26.40988833,-80.16668333,1.60,11.839,-27.739,0.000,,17,19,,
T,2026-07-18 13:53:54.000,26.40988833,-80.16668333,1.60,11.839,-27.739,0.000,,17,19,,
T,2026-07-18 13:53:55.000,26.40988833,-80.16668333,1.50,11.839,-27.739,0.000,,17,19,,
T,2026-07-18 13:53:56.000,26.40988833,-80.16668333,1.60,11.839,-27.739,0.000,,16,19,,
T,2026-07-18 13:53:57.000,26.40988833,-80.16668333,1.60,11.839,-27.739,0.000,,16,19,,
T,2026-07-18 13:53:58.000,26.40988833,-80.16668333,1.60,11.839,-27.739,0.000,,15,19,,
T,2026-07-18 13:53:59.000,26.40988833,-80.16668333,1.60,11.839,-27.739,0.000,,16,19,,
T,2026-07-18 13:54:00.000,26.40988833,-80.16668333,1.60,11.839,-27.739,0.000,,16,19,,
T,2026-07-18 13:54:01.000,26.40988833,-80.16668333,1.60,11.839,-27.739,0.000,,16,19,,
T,2026-07-18 13:54:02.000,26.40988833,-80.16668333,1.60,11.839,-27.739,0.000,,16,19,,
T,2026-07-18 13:54:03.000,26.40988833,-80.16668333,1.50,11.839,-27.739,0.000,,16,19,,
T,2026-07-18 13:54:04.000,26.40988833,-80.16668333,1.50,11.839,-27.739,0.000,,16,19,,
T,2026-07-18 13:54:05.000,26.40988833,-80.16668333,1.50,11.839,-27.739,0.000,,16,19,,
