<?xml version="1.0" encoding="UTF-8"?>
<!-- Created with BasicAirData GPS Logger for Android - ver. 3.3.0 -->
<!-- Track 17 = 853 TrackPoints + 2 Placemarks -->

<!-- Track Statistics (based on Total Time | Time in Movement): -->
<!--  Distance = 1.82 km -->
<!--  Duration = 14:12 | 10:06 -->
<!--  Altitude Gap = 4 m -->
<!--  Max Speed = 10 mph -->
<!--  Avg Speed = 4.8 | 6.7 mph -->
<!--  Direction = SSE -->
<!--  Activity = running -->
<!--  Altitudes = Corrected using EGM96 grid (bilinear interpolation) -->

<gpx version="1.0"
     creator="BasicAirData GPS Logger 3.3.0"
     xmlns="http://www.topografix.com/GPX/1/0"
     xmlns:xsi="http://www.w3.org/2001/XMLSchema-instance"
     xsi:schemaLocation="http://www.topografix.com/GPX/1/0 http://www.topografix.com/GPX/1/0/gpx.xsd">
<name>GPS Logger 20260724-130922</name>
<desc>ST3-4</desc>
<time>2026-07-25T02:04:41Z</time>
<keywords>running</keywords>
<bounds minlat="26.40958000" minlon="-80.17078667" maxlat="26.41663000" maxlon="-80.16668000" />

<wpt lat="26.41657667" lon="-80.17004167"><ele>9.829</ele><time>2026-07-24T17:09:26Z</time><name>Station3</name><sat>13</sat></wpt>

<wpt lat="26.40990167" lon="-80.16668167"><ele>12.039</ele><time>2026-07-24T17:23:28Z</time><name>Station4</name><sat>15</sat></wpt>

<trk>
 <name>Track 20260724-130922</name>
 <trkseg>
  <trkpt lat="26.41657500" lon="-80.17003333"><ele>8.429</ele><time>2026-07-24T17:09:22Z</time><speed>0.095</speed><sat>13</sat></trkpt>
  <trkpt lat="26.41657667" lon="-80.17003500"><ele>8.929</ele><time>2026-07-24T17:09:23Z</time><speed>0.106</speed><sat>13</sat></trkpt>
  <trkpt lat="26.41657500" lon="-80.17003667"><ele>9.529</ele><time>2026-07-24T17:09:24Z</time><speed>0.251</speed><sat>13</sat></trkpt>
  <trkpt lat="26.41657500" lon="-80.17004000"><ele>9.829</ele><time>2026-07-24T17:09:25Z</time><speed>0.164</speed><sat>13</sat></trkpt>
  <trkpt lat="26.41657667" lon="-80.17004167"><ele>9.829</ele><time>2026-07-24T17:09:26Z</time><speed>0.100</speed><sat>13</sat></trkpt>
  <trkpt lat="26.41657667" lon="-80.17004667"><ele>10.029</ele><time>2026-07-24T17:09:27Z</time><speed>0.139</speed><sat>13</sat></trkpt>
  <trkpt lat="26.41658167" lon="-80.17004667"><ele>9.929</ele><time>2026-07-24T17:09:28Z</time><speed>0.250</speed><sat>13</sat></trkpt>
  <trkpt lat="26.41659000" lon="-80.17004667"><ele>9.829</ele><time>2026-07-24T17:09:29Z</time><speed>0.274</speed><sat>13</sat></trkpt>
  <trkpt lat="26.41659500" lon="-80.17004667"><ele>9.729</ele><time>2026-07-24T17:09:30Z</time><speed>0.163</speed><sat>13</sat></trkpt>
  <trkpt lat="26.41659833" lon="-80.17004667"><ele>9.729</ele><time>2026-07-24T17:09:31Z</time><speed>0.137</speed><sat>13</sat></trkpt>
  <trkpt lat="26.41660167" lon="-80.17004833"><ele>9.829</ele><time>2026-07-24T17:09:32Z</time><speed>0.054</speed><sat>13</sat></trkpt>
  <trkpt lat="26.41660333" lon="-80.17004833"><ele>9.829</ele><time>2026-07-24T17:09:33Z</time><speed>0.067</speed><sat>13</sat></trkpt>
  <trkpt lat="26.41660333" lon="-80.17005000"><ele>9.929</ele><time>2026-07-24T17:09:34Z</time><speed>0.012</speed><sat>13</sat></trkpt>
  <trkpt lat="26.41660667" lon="-80.17005000"><ele>10.029</ele><time>2026-07-24T17:09:35Z</time><speed>0.439</speed><sat>13</sat></trkpt>
  <trkpt lat="26.41661000" lon="-80.17005000"><ele>10.229</ele><time>2026-07-24T17:09:36Z</time><speed>0.238</speed><sat>13</sat></trkpt>
  <trkpt lat="26.41661000" lon="-80.17005167"><ele>10.129</ele><time>2026-07-24T17:09:37Z</time><speed>0.202</speed><sat>13</sat></trkpt>
  <trkpt lat="26.41661333" lon="-80.17005167"><ele>10.029</ele><time>2026-07-24T17:09:38Z</time><speed>0.197</speed><sat>13</sat></trkpt>
  <trkpt lat="26.41661167" lon="-80.17005500"><ele>9.829</ele><time>2026-07-24T17:09:39Z</time><speed>0.187</speed><sat>13</sat></trkpt>
  <trkpt lat="26.41661000" lon="-80.17005667"><ele>9.629</ele><time>2026-07-24T17:09:40Z</time><speed>0.176</speed><sat>13</sat></trkpt>
  <trkpt lat="26.41660833" lon="-80.17005667"><ele>9.529</ele><time>2026-07-24T17:09:41Z</time><speed>0.171</speed><sat>13</sat></trkpt>
  <trkpt lat="26.41660833" lon="-80.17005667"><ele>9.429</ele><time>2026-07-24T17:09:42Z</time><speed>0.177</speed><sat>13</sat></trkpt>
  <trkpt lat="26.41660833" lon="-80.17005667"><ele>9.329</ele><time>2026-07-24T17:09:43Z</time><speed>0.174</speed><sat>13</sat></trkpt>
  <trkpt lat="26.41660667" lon="-80.17005667"><ele>9.329</ele><time>2026-07-24T17:09:44Z</time><speed>0.178</speed><sat>13</sat></trkpt>
  <trkpt lat="26.41660667" lon="-80.17005667"><ele>9.329</ele><time>2026-07-24T17:09:45Z</time><speed>0.138</speed><sat>13</sat></trkpt>
  <trkpt lat="26.41660667" lon="-80.17005667"><ele>9.329</ele><time>2026-07-24T17:09:46Z</time><speed>0.119</speed><sat>13</sat></trkpt>
  <trkpt lat="26.41660500" lon="-80.17005500"><ele>9.329</ele><time>2026-07-24T17:09:47Z</time><speed>0.093</speed><sat>13</sat></trkpt>
  <trkpt lat="26.41660167" lon="-80.17005333"><ele>9.429</ele><time>2026-07-24T17:09:48Z</time><speed>0.000</speed><sat>13</sat></trkpt>
  <trkpt lat="26.41659833" lon="-80.17005333"><ele>9.529</ele><time>2026-07-24T17:09:49Z</time><speed>0.000</speed><sat>13</sat></trkpt>
  <trkpt lat="26.41659500" lon="-80.17005167"><ele>9.629</ele><time>2026-07-24T17:09:50Z</time><speed>0.000</speed><sat>13</sat></trkpt>
  <trkpt lat="26.41659500" lon="-80.17005167"><ele>9.629</ele><time>2026-07-24T17:09:51Z</time><speed>0.000</speed><sat>13</sat></trkpt>
  <trkpt lat="26.41659500" lon="-80.17005167"><ele>9.629</ele><time>2026-07-24T17:09:52Z</time><speed>0.000</speed><sat>13</sat></trkpt>
  <trkpt lat="26.41659500" lon="-80.17005167"><ele>9.629</ele><time>2026-07-24T17:09:53Z</time><speed>0.000</speed><sat>13</sat></trkpt>
  <trkpt lat="26.41659500" lon="-80.17005167"><ele>9.629</ele><time>2026-07-24T17:09:54Z</time><speed>0.000</speed><sat>13</sat></trkpt>
  <trkpt lat="26.41659500" lon="-80.17005167"><ele>9.629</ele><time>2026-07-24T17:09:55Z</time><speed>0.000</speed><sat>13</sat></trkpt>
  <trkpt lat="26.41659500" lon="-80.17005167"><ele>9.629</ele><time>2026-07-24T17:09:56Z</time><speed>0.000</speed><sat>13</sat></trkpt>
  <trkpt lat="26.41659500" lon="-80.17005167"><ele>9.629</ele><time>2026-07-24T17:09:57Z</time><speed>0.000</speed><sat>13</sat></trkpt>
  <trkpt lat="26.41659500" lon="-80.17005167"><ele>9.629</ele><time>2026-07-24T17:09:58Z</time><speed>0.000</speed><sat>13</sat></trkpt>
  <trkpt lat="26.41659500" lon="-80.17005167"><ele>9.629</ele><time>2026-07-24T17:09:59Z</time><speed>0.000</speed><sat>13</sat></trkpt>
  <trkpt lat="26.41659500" lon="-80.17005167"><ele>9.629</ele><time>2026-07-24T17:10:00Z</time><speed>0.000</speed><sat>13</sat></trkpt>
  <trkpt lat="26.41659500" lon="-80.17005167"><ele>9.629</ele><time>2026-07-24T17:10:01Z</time><speed>0.000</speed><sat>13</sat></trkpt>
  <trkpt lat="26.41658667" lon="-80.17006167"><ele>8.629</ele><time>2026-07-24T17:10:02Z</time><speed>0.300</speed><sat>13</sat></trkpt>
  <trkpt lat="26.41658667" lon="-80.17006167"><ele>8.329</ele><time>2026-07-24T17:10:03Z</time><speed>0.000</speed><sat>13</sat></trkpt>
  <trkpt lat="26.41659000" lon="-80.17006333"><ele>8.129</ele><time>2026-07-24T17:10:04Z</time><speed>0.000</speed><sat>13</sat></trkpt>
  <trkpt lat="26.41659167" lon="-80.17006333"><ele>8.029</ele><time>2026-07-24T17:10:05Z</time><speed>0.000</speed><sat>13</sat></trkpt>
  <trkpt lat="26.41659167" lon="-80.17006333"><ele>8.029</ele><time>2026-07-24T17:10:06Z</time><speed>0.000</speed><sat>13</sat></trkpt>
  <trkpt lat="26.41659167" lon="-80.17006333"><ele>8.029</ele><time>2026-07-24T17:10:07Z</time><speed>0.000</speed><sat>12</sat></trkpt>
  <trkpt lat="26.41659167" lon="-80.17006333"><ele>8.029</ele><time>2026-07-24T17:10:08Z</time><speed>0.000</speed><sat>12</sat></trkpt>
  <trkpt lat="26.41659167" lon="-80.17006333"><ele>8.029</ele><time>2026-07-24T17:10:09Z</time><speed>0.000</speed><sat>12</sat></trkpt>
  <trkpt lat="26.41659167" lon="-80.17006333"><ele>8.029</ele><time>2026-07-24T17:10:10Z</time><speed>0.000</speed><sat>12</sat></trkpt>
  <trkpt lat="26.41659167" lon="-80.17006333"><ele>8.029</ele><time>2026-07-24T17:10:11Z</time><speed>0.000</speed><sat>13</sat></trkpt>
  <trkpt lat="26.41659167" lon="-80.17006333"><ele>8.029</ele><time>2026-07-24T17:10:12Z</time><speed>0.000</speed><sat>13</sat></trkpt>
  <trkpt lat="26.41659167" lon="-80.17006333"><ele>8.029</ele><time>2026-07-24T17:10:13Z</time><speed>0.000</speed><sat>13</sat></trkpt>
  <trkpt lat="26.41659167" lon="-80.17006333"><ele>8.029</ele><time>2026-07-24T17:10:14Z</time><speed>0.000</speed><sat>13</sat></trkpt>
  <trkpt lat="26.41659167" lon="-80.17006333"><ele>8.029</ele><time>2026-07-24T17:10:15Z</time><speed>0.000</speed><sat>13</sat></trkpt>
  <trkpt lat="26.41659167" lon="-80.17006333"><ele>8.029</ele><time>2026-07-24T17:10:16Z</time><speed>0.000</speed><sat>13</sat></trkpt>
  <trkpt lat="26.41659167" lon="-80.17006333"><ele>8.029</ele><time>2026-07-24T17:10:17Z</time><speed>0.000</speed><sat>13</sat></trkpt>
  <trkpt lat="26.41659167" lon="-80.17006333"><ele>8.029</ele><time>2026-07-24T17:10:18Z</time><speed>0.000</speed><sat>13</sat></trkpt>
  <trkpt lat="26.41659167" lon="-80.17006333"><ele>8.029</ele><time>2026-07-24T17:10:19Z</time><speed>0.000</speed><sat>13</sat></trkpt>
  <trkpt lat="26.41659167" lon="-80.17006333"><ele>8.029</ele><time>2026-07-24T17:10:20Z</time><speed>0.000</speed><sat>13</sat></trkpt>
  <trkpt lat="26.41659167" lon="-80.17006333"><ele>8.029</ele><time>2026-07-24T17:10:21Z</time><speed>0.000</speed><sat>13</sat></trkpt>
  <trkpt lat="26.41659167" lon="-80.17006333"><ele>8.029</ele><time>2026-07-24T17:10:22Z</time><speed>0.000</speed><sat>13</sat></trkpt>
  <trkpt lat="26.41659167" lon="-80.17006333"><ele>8.029</ele><time>2026-07-24T17:10:23Z</time><speed>0.000</speed><sat>13</sat></trkpt>
  <trkpt lat="26.41659167" lon="-80.17006333"><ele>8.029</ele><time>2026-07-24T17:10:24Z</time><speed>0.000</speed><sat>13</sat></trkpt>
  <trkpt lat="26.41659167" lon="-80.17006333"><ele>8.029</ele><time>2026-07-24T17:10:25Z</time><speed>0.000</speed><sat>13</sat></trkpt>
  <trkpt lat="26.41659167" lon="-80.17006333"><ele>8.029</ele><time>2026-07-24T17:10:26Z</time><speed>0.000</speed><sat>13</sat></trkpt>
  <trkpt lat="26.41659167" lon="-80.17006333"><ele>8.029</ele><time>2026-07-24T17:10:27Z</time><speed>0.000</speed><sat>13</sat></trkpt>
  <trkpt lat="26.41659167" lon="-80.17006333"><ele>8.029</ele><time>2026-07-24T17:10:28Z</time><speed>0.000</speed><sat>13</sat></trkpt>
  <trkpt lat="26.41659167" lon="-80.17006333"><ele>8.029</ele><time>2026-07-24T17:10:29Z</time><speed>0.000</speed><sat>13</sat></trkpt>
  <trkpt lat="26.41659167" lon="-80.17006333"><ele>8.029</ele><time>2026-07-24T17:10:30Z</time><speed>0.000</speed><sat>13</sat></trkpt>
  <trkpt lat="26.41659167" lon="-80.17006333"><ele>8.029</ele><time>2026-07-24T17:10:31Z</time><speed>0.000</speed><sat>13</sat></trkpt>
  <trkpt lat="26.41659167" lon="-80.17006333"><ele>8.029</ele><time>2026-07-24T17:10:32Z</time><speed>0.000</speed><sat>13</sat></trkpt>
  <trkpt lat="26.41659167" lon="-80.17006333"><ele>8.029</ele><time>2026-07-24T17:10:33Z</time><speed>0.000</speed><sat>13</sat></trkpt>
  <trkpt lat="26.41659167" lon="-80.17006333"><ele>8.029</ele><time>2026-07-24T17:10:34Z</time><speed>0.000</speed><sat>13</sat></trkpt>
  <trkpt lat="26.41659167" lon="-80.17006333"><ele>8.029</ele><time>2026-07-24T17:10:35Z</time><speed>0.000</speed><sat>13</sat></trkpt>
  <trkpt lat="26.41659167" lon="-80.17006333"><ele>8.029</ele><time>2026-07-24T17:10:36Z</time><speed>0.000</speed><sat>13</sat></trkpt>
  <trkpt lat="26.41659167" lon="-80.17006333"><ele>8.029</ele><time>2026-07-24T17:10:37Z</time><speed>0.000</speed><sat>13</sat></trkpt>
  <trkpt lat="26.41659167" lon="-80.17006333"><ele>8.029</ele><time>2026-07-24T17:10:38Z</time><speed>0.000</speed><sat>13</sat></trkpt>
  <trkpt lat="26.41659167" lon="-80.17006333"><ele>8.029</ele><time>2026-07-24T17:10:39Z</time><speed>0.000</speed><sat>13</sat></trkpt>
  <trkpt lat="26.41659167" lon="-80.17006333"><ele>8.029</ele><time>2026-07-24T17:10:40Z</time><speed>0.000</speed><sat>13</sat></trkpt>
  <trkpt lat="26.41659167" lon="-80.17006333"><ele>8.029</ele><time>2026-07-24T17:10:41Z</time><speed>0.000</speed><sat>13</sat></trkpt>
  <trkpt lat="26.41659167" lon="-80.17006333"><ele>8.029</ele><time>2026-07-24T17:10:42Z</time><speed>0.000</speed><sat>13</sat></trkpt>
  <trkpt lat="26.41659167" lon="-80.17006333"><ele>8.029</ele><time>2026-07-24T17:10:43Z</time><speed>0.000</speed><sat>13</sat></trkpt>
  <trkpt lat="26.41659167" lon="-80.17006333"><ele>8.029</ele><time>2026-07-24T17:10:44Z</time><speed>0.000</speed><sat>13</sat></trkpt>
  <trkpt lat="26.41659167" lon="-80.17006333"><ele>8.029</ele><time>2026-07-24T17:10:45Z</time><speed>0.000</speed><sat>13</sat></trkpt>
  <trkpt lat="26.41659167" lon="-80.17006333"><ele>8.029</ele><time>2026-07-24T17:10:46Z</time><speed>0.000</speed><sat>13</sat></trkpt>
  <trkpt lat="26.41659167" lon="-80.17006333"><ele>8.029</ele><time>2026-07-24T17:10:47Z</time><speed>0.000</speed><sat>13</sat></trkpt>
  <trkpt lat="26.41659167" lon="-80.17006333"><ele>8.029</ele><time>2026-07-24T17:10:48Z</time><speed>0.000</speed><sat>13</sat></trkpt>
  <trkpt lat="26.41659167" lon="-80.17006333"><ele>8.029</ele><time>2026-07-24T17:10:49Z</time><speed>0.000</speed><sat>13</sat></trkpt>
  <trkpt lat="26.41659167" lon="-80.17006333"><ele>8.029</ele><time>2026-07-24T17:10:50Z</time><speed>0.000</speed><sat>13</sat></trkpt>
  <trkpt lat="26.41659167" lon="-80.17006333"><ele>8.029</ele><time>2026-07-24T17:10:51Z</time><speed>0.000</speed><sat>13</sat></trkpt>
  <trkpt lat="26.41659167" lon="-80.17006333"><ele>8.029</ele><time>2026-07-24T17:10:52Z</time><speed>0.000</speed><sat>13</sat></trkpt>
  <trkpt lat="26.41659167" lon="-80.17006333"><ele>8.029</ele><time>2026-07-24T17:10:53Z</time><speed>0.000</speed><sat>13</sat></trkpt>
  <trkpt lat="26.41659167" lon="-80.17006333"><ele>8.029</ele><time>2026-07-24T17:10:54Z</time><speed>0.000</speed><sat>13</sat></trkpt>
  <trkpt lat="26.41659167" lon="-80.17006333"><ele>8.029</ele><time>2026-07-24T17:10:55Z</time><speed>0.000</speed><sat>13</sat></trkpt>
  <trkpt lat="26.41659167" lon="-80.17006333"><ele>8.029</ele><time>2026-07-24T17:10:56Z</time><speed>0.000</speed><sat>13</sat></trkpt>
  <trkpt lat="26.41659167" lon="-80.17006333"><ele>8.029</ele><time>2026-07-24T17:10:57Z</time><speed>0.000</speed><sat>13</sat></trkpt>
  <trkpt lat="26.41659167" lon="-80.17006333"><ele>8.029</ele><time>2026-07-24T17:10:58Z</time><speed>0.000</speed><sat>13</sat></trkpt>
  <trkpt lat="26.41659167" lon="-80.17006333"><ele>8.029</ele><time>2026-07-24T17:10:59Z</time><speed>0.000</speed><sat>13</sat></trkpt>
  <trkpt lat="26.41659167" lon="-80.17006333"><ele>8.029</ele><time>2026-07-24T17:11:00Z</time><speed>0.000</speed><sat>13</sat></trkpt>
  <trkpt lat="26.41659167" lon="-80.17006333"><ele>8.029</ele><time>2026-07-24T17:11:01Z</time><speed>0.000</speed><sat>13</sat></trkpt>
  <trkpt lat="26.41659167" lon="-80.17006333"><ele>8.029</ele><time>2026-07-24T17:11:02Z</time><speed>0.000</speed><sat>13</sat></trkpt>
  <trkpt lat="26.41659167" lon="-80.17006333"><ele>8.029</ele><time>2026-07-24T17:11:03Z</time><speed>0.000</speed><sat>13</sat></trkpt>
  <trkpt lat="26.41659167" lon="-80.17006333"><ele>8.029</ele><time>2026-07-24T17:11:04Z</time><speed>0.000</speed><sat>13</sat></trkpt>
  <trkpt lat="26.41659167" lon="-80.17006333"><ele>8.029</ele><time>2026-07-24T17:11:05Z</time><speed>0.000</speed><sat>13</sat></trkpt>
  <trkpt lat="26.41659167" lon="-80.17006333"><ele>8.029</ele><time>2026-07-24T17:11:06Z</time><speed>0.000</speed><sat>13</sat></trkpt>
  <trkpt lat="26.41659167" lon="-80.17006333"><ele>8.029</ele><time>2026-07-24T17:11:07Z</time><speed>0.000</speed><sat>13</sat></trkpt>
  <trkpt lat="26.41659167" lon="-80.17006333"><ele>8.029</ele><time>2026-07-24T17:11:08Z</time><speed>0.000</speed><sat>13</sat></trkpt>
  <trkpt lat="26.41659167" lon="-80.17006333"><ele>8.029</ele><time>2026-07-24T17:11:09Z</time><speed>0.000</speed><sat>13</sat></trkpt>
  <trkpt lat="26.41659167" lon="-80.17006333"><ele>8.029</ele><time>2026-07-24T17:11:10Z</time><speed>0.000</speed><sat>13</sat></trkpt>
  <trkpt lat="26.41659167" lon="-80.17006333"><ele>8.029</ele><time>2026-07-24T17:11:11Z</time><speed>0.000</speed><sat>13</sat></trkpt>
  <trkpt lat="26.41659167" lon="-80.17006333"><ele>8.029</ele><time>2026-07-24T17:11:12Z</time><speed>0.000</speed><sat>13</sat></trkpt>
  <trkpt lat="26.41659167" lon="-80.17006333"><ele>8.029</ele><time>2026-07-24T17:11:13Z</time><speed>0.000</speed><sat>13</sat></trkpt>
  <trkpt lat="26.41659167" lon="-80.17006333"><ele>8.029</ele><time>2026-07-24T17:11:14Z</time><speed>0.000</speed><sat>13</sat></trkpt>
  <trkpt lat="26.41659167" lon="-80.17006333"><ele>8.029</ele><time>2026-07-24T17:11:15Z</time><speed>0.000</speed><sat>13</sat></trkpt>
  <trkpt lat="26.41659167" lon="-80.17006333"><ele>8.029</ele><time>2026-07-24T17:11:16Z</time><speed>0.000</speed><sat>13</sat></trkpt>
  <trkpt lat="26.41659167" lon="-80.17006333"><ele>8.029</ele><time>2026-07-24T17:11:17Z</time><speed>0.000</speed><sat>13</sat></trkpt>
  <trkpt lat="26.41659167" lon="-80.17006333"><ele>8.029</ele><time>2026-07-24T17:11:18Z</time><speed>0.000</speed><sat>13</sat></trkpt>
  <trkpt lat="26.41659167" lon="-80.17006333"><ele>8.029</ele><time>2026-07-24T17:11:19Z</time><speed>0.000</speed><sat>12</sat></trkpt>
  <trkpt lat="26.41659167" lon="-80.17006333"><ele>8.029</ele><time>2026-07-24T17:11:20Z</time><speed>0.000</speed><sat>13</sat></trkpt>
  <trkpt lat="26.41659167" lon="-80.17006333"><ele>8.029</ele><time>2026-07-24T17:11:21Z</time><speed>0.000</speed><sat>13</sat></trkpt>
  <trkpt lat="26.41659167" lon="-80.17006333"><ele>8.029</ele><time>2026-07-24T17:11:22Z</time><speed>0.000</speed><sat>13</sat></trkpt>
  <trkpt lat="26.41659167" lon="-80.17006333"><ele>8.029</ele><time>2026-07-24T17:11:23Z</time><speed>0.000</speed><sat>13</sat></trkpt>
  <trkpt lat="26.41659167" lon="-80.17006333"><ele>8.029</ele><time>2026-07-24T17:11:24Z</time><speed>0.000</speed><sat>13</sat></trkpt>
  <trkpt lat="26.41659167" lon="-80.17006333"><ele>8.029</ele><time>2026-07-24T17:11:25Z</time><speed>0.000</speed><sat>12</sat></trkpt>
  <trkpt lat="26.41659167" lon="-80.17006333"><ele>8.029</ele><time>2026-07-24T17:11:26Z</time><speed>0.000</speed><sat>13</sat></trkpt>
  <trkpt lat="26.41659167" lon="-80.17006333"><ele>8.029</ele><time>2026-07-24T17:11:27Z</time><speed>0.000</speed><sat>13</sat></trkpt>
  <trkpt lat="26.41659167" lon="-80.17006333"><ele>8.029</ele><time>2026-07-24T17:11:28Z</time><speed>0.000</speed><sat>13</sat></trkpt>
  <trkpt lat="26.41659167" lon="-80.17006333"><ele>8.029</ele><time>2026-07-24T17:11:29Z</time><speed>0.000</speed><sat>13</sat></trkpt>
  <trkpt lat="26.41659167" lon="-80.17006333"><ele>8.029</ele><time>2026-07-24T17:11:30Z</time><speed>0.000</speed><sat>13</sat></trkpt>
  <trkpt lat="26.41659167" lon="-80.17006333"><ele>8.029</ele><time>2026-07-24T17:11:31Z</time><speed>0.000</speed><sat>13</sat></trkpt>
  <trkpt lat="26.41659167" lon="-80.17006333"><ele>8.029</ele><time>2026-07-24T17:11:32Z</time><speed>0.000</speed><sat>13</sat></trkpt>
  <trkpt lat="26.41659167" lon="-80.17006333"><ele>8.029</ele><time>2026-07-24T17:11:33Z</time><speed>0.000</speed><sat>13</sat></trkpt>
  <trkpt lat="26.41659167" lon="-80.17006333"><ele>8.029</ele><time>2026-07-24T17:11:34Z</time><speed>0.000</speed><sat>13</sat></trkpt>
  <trkpt lat="26.41659167" lon="-80.17006333"><ele>8.029</ele><time>2026-07-24T17:11:35Z</time><speed>0.000</speed><sat>13</sat></trkpt>
  <trkpt lat="26.41659167" lon="-80.17006333"><ele>8.029</ele><time>2026-07-24T17:11:36Z</time><speed>0.000</speed><sat>13</sat></trkpt>
  <trkpt lat="26.41659167" lon="-80.17006333"><ele>8.029</ele><time>2026-07-24T17:11:37Z</time><speed>0.000</speed><sat>12</sat></trkpt>
  <trkpt lat="26.41659167" lon="-80.17006333"><ele>8.029</ele><time>2026-07-24T17:11:38Z</time><speed>0.000</speed><sat>13</sat></trkpt>
  <trkpt lat="26.41659167" lon="-80.17006333"><ele>8.029</ele><time>2026-07-24T17:11:39Z</time><speed>0.000</speed><sat>13</sat></trkpt>
  <trkpt lat="26.41659167" lon="-80.17006333"><ele>8.029</ele><time>2026-07-24T17:11:40Z</time><speed>0.000</speed><sat>12</sat></trkpt>
  <trkpt lat="26.41659167" lon="-80.17006333"><ele>8.029</ele><time>2026-07-24T17:11:41Z</time><speed>0.000</speed><sat>13</sat></trkpt>
  <trkpt lat="26.41659167" lon="-80.17006333"><ele>8.029</ele><time>2026-07-24T17:11:42Z</time><speed>0.000</speed><sat>13</sat></trkpt>
  <trkpt lat="26.41659167" lon="-80.17006333"><ele>8.029</ele><time>2026-07-24T17:11:43Z</time><speed>0.000</speed><sat>13</sat></trkpt>
  <trkpt lat="26.41659167" lon="-80.17006333"><ele>8.029</ele><time>2026-07-24T17:11:44Z</time><speed>0.000</speed><sat>13</sat></trkpt>
  <trkpt lat="26.41659167" lon="-80.17006333"><ele>8.029</ele><time>2026-07-24T17:11:45Z</time><speed>0.000</speed><sat>12</sat></trkpt>
  <trkpt lat="26.41659167" lon="-80.17006333"><ele>8.029</ele><time>2026-07-24T17:11:46Z</time><speed>0.000</speed><sat>13</sat></trkpt>
  <trkpt lat="26.41660000" lon="-80.17007000"><ele>6.929</ele><time>2026-07-24T17:11:47Z</time><speed>0.269</speed><sat>13</sat></trkpt>
  <trkpt lat="26.41660333" lon="-80.17006833"><ele>7.329</ele><time>2026-07-24T17:11:48Z</time><speed>0.306</speed><sat>13</sat></trkpt>
  <trkpt lat="26.41660500" lon="-80.17006833"><ele>7.529</ele><time>2026-07-24T17:11:49Z</time><speed>0.000</speed><sat>13</sat></trkpt>
  <trkpt lat="26.41660833" lon="-80.17006667"><ele>7.629</ele><time>2026-07-24T17:11:50Z</time><speed>0.000</speed><sat>13</sat></trkpt>
  <trkpt lat="26.41660833" lon="-80.17006667"><ele>7.129</ele><time>2026-07-24T17:11:51Z</time><speed>0.000</speed><sat>13</sat></trkpt>
  <trkpt lat="26.41660833" lon="-80.17006667"><ele>7.129</ele><time>2026-07-24T17:11:52Z</time><speed>0.000</speed><sat>13</sat></trkpt>
  <trkpt lat="26.41660833" lon="-80.17006667"><ele>7.129</ele><time>2026-07-24T17:11:53Z</time><speed>0.000</speed><sat>13</sat></trkpt>
  <trkpt lat="26.41660833" lon="-80.17006667"><ele>7.129</ele><time>2026-07-24T17:11:54Z</time><speed>0.000</speed><sat>13</sat></trkpt>
  <trkpt lat="26.41660833" lon="-80.17006667"><ele>7.129</ele><time>2026-07-24T17:11:55Z</time><speed>0.000</speed><sat>13</sat></trkpt>
  <trkpt lat="26.41660833" lon="-80.17006667"><ele>7.129</ele><time>2026-07-24T17:11:56Z</time><speed>0.000</speed><sat>13</sat></trkpt>
  <trkpt lat="26.41660833" lon="-80.17006667"><ele>7.129</ele><time>2026-07-24T17:11:57Z</time><speed>0.000</speed><sat>13</sat></trkpt>
  <trkpt lat="26.41660833" lon="-80.17006667"><ele>7.129</ele><time>2026-07-24T17:11:58Z</time><speed>0.000</speed><sat>13</sat></trkpt>
  <trkpt lat="26.41660833" lon="-80.17006667"><ele>7.129</ele><time>2026-07-24T17:11:59Z</time><speed>0.000</speed><sat>13</sat></trkpt>
  <trkpt lat="26.41659500" lon="-80.17006833"><ele>6.329</ele><time>2026-07-24T17:12:00Z</time><speed>0.237</speed><sat>13</sat></trkpt>
  <trkpt lat="26.41660167" lon="-80.17006500"><ele>6.329</ele><time>2026-07-24T17:12:01Z</time><speed>0.261</speed><sat>14</sat></trkpt>
  <trkpt lat="26.41660167" lon="-80.17006167"><ele>6.329</ele><time>2026-07-24T17:12:02Z</time><speed>0.000</speed><sat>14</sat></trkpt>
  <trkpt lat="26.41660833" lon="-80.17005667"><ele>5.829</ele><time>2026-07-24T17:12:03Z</time><speed>0.000</speed><sat>14</sat></trkpt>
  <trkpt lat="26.41661333" lon="-80.17004833"><ele>5.529</ele><time>2026-07-24T17:12:04Z</time><speed>0.456</speed><sat>14</sat></trkpt>
  <trkpt lat="26.41661667" lon="-80.17003500"><ele>5.429</ele><time>2026-07-24T17:12:05Z</time><speed>0.581</speed><sat>14</sat></trkpt>
  <trkpt lat="26.41661667" lon="-80.17001833"><ele>5.029</ele><time>2026-07-24T17:12:06Z</time><speed>0.737</speed><sat>14</sat></trkpt>
  <trkpt lat="26.41661000" lon="-80.17000500"><ele>4.730</ele><time>2026-07-24T17:12:07Z</time><speed>0.891</speed><sat>14</sat></trkpt>
  <trkpt lat="26.41659833" lon="-80.16999167"><ele>4.730</ele><time>2026-07-24T17:12:08Z</time><speed>1.053</speed><sat>14</sat></trkpt>
  <trkpt lat="26.41657833" lon="-80.16997833"><ele>4.730</ele><time>2026-07-24T17:12:09Z</time><speed>1.174</speed><sat>14</sat></trkpt>
  <trkpt lat="26.41656167" lon="-80.16997000"><ele>4.730</ele><time>2026-07-24T17:12:10Z</time><speed>1.319</speed><sat>14</sat></trkpt>
  <trkpt lat="26.41654333" lon="-80.16996333"><ele>4.730</ele><time>2026-07-24T17:12:11Z</time><speed>1.487</speed><sat>14</sat></trkpt>
  <trkpt lat="26.41652333" lon="-80.16996167"><ele>4.430</ele><time>2026-07-24T17:12:12Z</time><speed>1.703</speed><sat>14</sat></trkpt>
  <trkpt lat="26.41650333" lon="-80.16996167"><ele>4.430</ele><time>2026-07-24T17:12:13Z</time><speed>1.851</speed><sat>14</sat></trkpt>
  <trkpt lat="26.41648667" lon="-80.16996667"><ele>4.530</ele><time>2026-07-24T17:12:14Z</time><speed>1.937</speed><sat>14</sat></trkpt>
  <trkpt lat="26.41647500" lon="-80.16999000"><ele>4.230</ele><time>2026-07-24T17:12:15Z</time><speed>1.983</speed><sat>14</sat></trkpt>
  <trkpt lat="26.41646500" lon="-80.17000833"><ele>4.429</ele><time>2026-07-24T17:12:16Z</time><speed>1.996</speed><sat>14</sat></trkpt>
  <trkpt lat="26.41646500" lon="-80.17002667"><ele>4.529</ele><time>2026-07-24T17:12:17Z</time><speed>2.041</speed><sat>14</sat></trkpt>
  <trkpt lat="26.41646667" lon="-80.17004500"><ele>4.729</ele><time>2026-07-24T17:12:18Z</time><speed>2.042</speed><sat>14</sat></trkpt>
  <trkpt lat="26.41646833" lon="-80.17006167"><ele>4.429</ele><time>2026-07-24T17:12:19Z</time><speed>2.012</speed><sat>14</sat></trkpt>
  <trkpt lat="26.41647333" lon="-80.17007833"><ele>4.229</ele><time>2026-07-24T17:12:20Z</time><speed>1.982</speed><sat>14</sat></trkpt>
  <trkpt lat="26.41647167" lon="-80.17010000"><ele>4.029</ele><time>2026-07-24T17:12:21Z</time><speed>1.989</speed><sat>14</sat></trkpt>
  <trkpt lat="26.41646167" lon="-80.17012333"><ele>4.329</ele><time>2026-07-24T17:12:22Z</time><speed>1.968</speed><sat>14</sat></trkpt>
  <trkpt lat="26.41644833" lon="-80.17013833"><ele>4.429</ele><time>2026-07-24T17:12:23Z</time><speed>1.929</speed><sat>14</sat></trkpt>
  <trkpt lat="26.41643333" lon="-80.17014333"><ele>4.229</ele><time>2026-07-24T17:12:24Z</time><speed>1.900</speed><sat>14</sat></trkpt>
  <trkpt lat="26.41641500" lon="-80.17014167"><ele>3.529</ele><time>2026-07-24T17:12:25Z</time><speed>1.910</speed><sat>14</sat></trkpt>
  <trkpt lat="26.41639500" lon="-80.17013333"><ele>3.229</ele><time>2026-07-24T17:12:26Z</time><speed>1.944</speed><sat>14</sat></trkpt>
  <trkpt lat="26.41637333" lon="-80.17012833"><ele>3.429</ele><time>2026-07-24T17:12:27Z</time><speed>1.961</speed><sat>14</sat></trkpt>
  <trkpt lat="26.41635333" lon="-80.17012167"><ele>3.129</ele><time>2026-07-24T17:12:28Z</time><speed>2.003</speed><sat>14</sat></trkpt>
  <trkpt lat="26.41633333" lon="-80.17011333"><ele>3.329</ele><time>2026-07-24T17:12:29Z</time><speed>2.058</speed><sat>14</sat></trkpt>
  <trkpt lat="26.41631667" lon="-80.17009833"><ele>3.629</ele><time>2026-07-24T17:12:30Z</time><speed>2.108</speed><sat>14</sat></trkpt>
  <trkpt lat="26.41630500" lon="-80.17008833"><ele>4.429</ele><time>2026-07-24T17:12:31Z</time><speed>2.042</speed><sat>14</sat></trkpt>
  <trkpt lat="26.41629333" lon="-80.17007667"><ele>4.929</ele><time>2026-07-24T17:12:32Z</time><speed>2.042</speed><sat>13</sat></trkpt>
  <trkpt lat="26.41627500" lon="-80.17005833"><ele>5.329</ele><time>2026-07-24T17:12:33Z</time><speed>2.109</speed><sat>13</sat></trkpt>
  <trkpt lat="26.41626000" lon="-80.17003833"><ele>5.629</ele><time>2026-07-24T17:12:34Z</time><speed>2.179</speed><sat>12</sat></trkpt>
  <trkpt lat="26.41625000" lon="-80.17001000"><ele>6.429</ele><time>2026-07-24T17:12:35Z</time><speed>2.294</speed><sat>12</sat></trkpt>
  <trkpt lat="26.41625167" lon="-80.16998000"><ele>7.729</ele><time>2026-07-24T17:12:36Z</time><speed>2.394</speed><sat>13</sat></trkpt>
  <trkpt lat="26.41625667" lon="-80.16995167"><ele>8.130</ele><time>2026-07-24T17:12:37Z</time><speed>2.448</speed><sat>13</sat></trkpt>
  <trkpt lat="26.41626000" lon="-80.16992500"><ele>8.030</ele><time>2026-07-24T17:12:38Z</time><speed>2.498</speed><sat>13</sat></trkpt>
  <trkpt lat="26.41626167" lon="-80.16990000"><ele>7.630</ele><time>2026-07-24T17:12:39Z</time><speed>2.562</speed><sat>13</sat></trkpt>
  <trkpt lat="26.41626667" lon="-80.16986667"><ele>7.230</ele><time>2026-07-24T17:12:40Z</time><speed>2.615</speed><sat>13</sat></trkpt>
  <trkpt lat="26.41627667" lon="-80.16983500"><ele>6.530</ele><time>2026-07-24T17:12:41Z</time><speed>2.747</speed><sat>13</sat></trkpt>
  <trkpt lat="26.41628833" lon="-80.16980667"><ele>6.130</ele><time>2026-07-24T17:12:42Z</time><speed>2.824</speed><sat>13</sat></trkpt>
  <trkpt lat="26.41629833" lon="-80.16978000"><ele>5.830</ele><time>2026-07-24T17:12:43Z</time><speed>2.851</speed><sat>13</sat></trkpt>
  <trkpt lat="26.41630333" lon="-80.16975500"><ele>5.730</ele><time>2026-07-24T17:12:44Z</time><speed>2.849</speed><sat>13</sat></trkpt>
  <trkpt lat="26.41631167" lon="-80.16973333"><ele>5.230</ele><time>2026-07-24T17:12:45Z</time><speed>2.736</speed><sat>13</sat></trkpt>
  <trkpt lat="26.41631667" lon="-80.16971667"><ele>6.031</ele><time>2026-07-24T17:12:46Z</time><speed>2.620</speed><sat>13</sat></trkpt>
  <trkpt lat="26.41632000" lon="-80.16970833"><ele>6.331</ele><time>2026-07-24T17:12:47Z</time><speed>2.499</speed><sat>13</sat></trkpt>
  <trkpt lat="26.41632167" lon="-80.16969667"><ele>7.031</ele><time>2026-07-24T17:12:48Z</time><speed>2.363</speed><sat>13</sat></trkpt>
  <trkpt lat="26.41632500" lon="-80.16968667"><ele>7.431</ele><time>2026-07-24T17:12:49Z</time><speed>2.218</speed><sat>13</sat></trkpt>
  <trkpt lat="26.41632500" lon="-80.16967333"><ele>7.631</ele><time>2026-07-24T17:12:50Z</time><speed>2.055</speed><sat>13</sat></trkpt>
  <trkpt lat="26.41632500" lon="-80.16966000"><ele>8.131</ele><time>2026-07-24T17:12:51Z</time><speed>1.884</speed><sat>13</sat></trkpt>
  <trkpt lat="26.41632333" lon="-80.16964667"><ele>8.331</ele><time>2026-07-24T17:12:52Z</time><speed>1.694</speed><sat>13</sat></trkpt>
  <trkpt lat="26.41632500" lon="-80.16963667"><ele>8.231</ele><time>2026-07-24T17:12:53Z</time><speed>1.536</speed><sat>13</sat></trkpt>
  <trkpt lat="26.41632500" lon="-80.16962333"><ele>8.231</ele><time>2026-07-24T17:12:54Z</time><speed>1.423</speed><sat>13</sat></trkpt>
  <trkpt lat="26.41632167" lon="-80.16961167"><ele>8.031</ele><time>2026-07-24T17:12:55Z</time><speed>1.348</speed><sat>13</sat></trkpt>
  <trkpt lat="26.41631833" lon="-80.16959667"><ele>7.731</ele><time>2026-07-24T17:12:56Z</time><speed>1.291</speed><sat>13</sat></trkpt>
  <trkpt lat="26.41631667" lon="-80.16958167"><ele>7.531</ele><time>2026-07-24T17:12:57Z</time><speed>1.269</speed><sat>13</sat></trkpt>
  <trkpt lat="26.41631500" lon="-80.16957000"><ele>7.631</ele><time>2026-07-24T17:12:58Z</time><speed>1.268</speed><sat>13</sat></trkpt>
  <trkpt lat="26.41631500" lon="-80.16955667"><ele>7.731</ele><time>2026-07-24T17:12:59Z</time><speed>1.268</speed><sat>13</sat></trkpt>
  <trkpt lat="26.41631667" lon="-80.16954333"><ele>7.631</ele><time>2026-07-24T17:13:00Z</time><speed>1.285</speed><sat>13</sat></trkpt>
  <trkpt lat="26.41631833" lon="-80.16952833"><ele>7.431</ele><time>2026-07-24T17:13:01Z</time><speed>1.324</speed><sat>13</sat></trkpt>
  <trkpt lat="26.41632167" lon="-80.16951500"><ele>7.531</ele><time>2026-07-24T17:13:02Z</time><speed>1.368</speed><sat>13</sat></trkpt>
  <trkpt lat="26.41632333" lon="-80.16950000"><ele>7.431</ele><time>2026-07-24T17:13:03Z</time><speed>1.406</speed><sat>13</sat></trkpt>
  <trkpt lat="26.41632667" lon="-80.16948667"><ele>7.532</ele><time>2026-07-24T17:13:04Z</time><speed>1.432</speed><sat>13</sat></trkpt>
  <trkpt lat="26.41633167" lon="-80.16947167"><ele>7.532</ele><time>2026-07-24T17:13:05Z</time><speed>1.454</speed><sat>13</sat></trkpt>
  <trkpt lat="26.41633500" lon="-80.16945833"><ele>7.432</ele><time>2026-07-24T17:13:06Z</time><speed>1.457</speed><sat>13</sat></trkpt>
  <trkpt lat="26.41633667" lon="-80.16944833"><ele>7.132</ele><time>2026-07-24T17:13:07Z</time><speed>1.457</speed><sat>13</sat></trkpt>
  <trkpt lat="26.41633500" lon="-80.16943500"><ele>6.832</ele><time>2026-07-24T17:13:08Z</time><speed>1.467</speed><sat>13</sat></trkpt>
  <trkpt lat="26.41633167" lon="-80.16942000"><ele>6.732</ele><time>2026-07-24T17:13:09Z</time><speed>1.475</speed><sat>13</sat></trkpt>
  <trkpt lat="26.41632500" lon="-80.16940500"><ele>6.632</ele><time>2026-07-24T17:13:10Z</time><speed>1.480</speed><sat>13</sat></trkpt>
  <trkpt lat="26.41631833" lon="-80.16939000"><ele>6.532</ele><time>2026-07-24T17:13:11Z</time><speed>1.458</speed><sat>13</sat></trkpt>
  <trkpt lat="26.41631333" lon="-80.16937667"><ele>6.632</ele><time>2026-07-24T17:13:12Z</time><speed>1.449</speed><sat>13</sat></trkpt>
  <trkpt lat="26.41631000" lon="-80.16936333"><ele>6.432</ele><time>2026-07-24T17:13:13Z</time><speed>1.425</speed><sat>13</sat></trkpt>
  <trkpt lat="26.41630667" lon="-80.16935000"><ele>6.332</ele><time>2026-07-24T17:13:14Z</time><speed>1.411</speed><sat>13</sat></trkpt>
  <trkpt lat="26.41630167" lon="-80.16933667"><ele>6.232</ele><time>2026-07-24T17:13:15Z</time><speed>1.416</speed><sat>13</sat></trkpt>
  <trkpt lat="26.41629833" lon="-80.16932333"><ele>6.432</ele><time>2026-07-24T17:13:16Z</time><speed>1.413</speed><sat>13</sat></trkpt>
  <trkpt lat="26.41629667" lon="-80.16931333"><ele>7.232</ele><time>2026-07-24T17:13:17Z</time><speed>1.414</speed><sat>13</sat></trkpt>
  <trkpt lat="26.41629833" lon="-80.16930000"><ele>7.532</ele><time>2026-07-24T17:13:18Z</time><speed>1.403</speed><sat>13</sat></trkpt>
  <trkpt lat="26.41629667" lon="-80.16928333"><ele>7.632</ele><time>2026-07-24T17:13:19Z</time><speed>1.397</speed><sat>13</sat></trkpt>
  <trkpt lat="26.41629667" lon="-80.16926833"><ele>7.932</ele><time>2026-07-24T17:13:20Z</time><speed>1.400</speed><sat>13</sat></trkpt>
  <trkpt lat="26.41629667" lon="-80.16924833"><ele>7.932</ele><time>2026-07-24T17:13:21Z</time><speed>1.401</speed><sat>13</sat></trkpt>
  <trkpt lat="26.41629333" lon="-80.16923667"><ele>8.433</ele><time>2026-07-24T17:13:22Z</time><speed>1.392</speed><sat>13</sat></trkpt>
  <trkpt lat="26.41629000" lon="-80.16922167"><ele>8.833</ele><time>2026-07-24T17:13:23Z</time><speed>1.397</speed><sat>13</sat></trkpt>
  <trkpt lat="26.41629000" lon="-80.16920667"><ele>9.533</ele><time>2026-07-24T17:13:24Z</time><speed>1.409</speed><sat>13</sat></trkpt>
  <trkpt lat="26.41628667" lon="-80.16919333"><ele>10.033</ele><time>2026-07-24T17:13:25Z</time><speed>1.398</speed><sat>13</sat></trkpt>
  <trkpt lat="26.41628333" lon="-80.16918000"><ele>10.233</ele><time>2026-07-24T17:13:26Z</time><speed>1.414</speed><sat>13</sat></trkpt>
  <trkpt lat="26.41628333" lon="-80.16916167"><ele>10.733</ele><time>2026-07-24T17:13:27Z</time><speed>1.436</speed><sat>13</sat></trkpt>
  <trkpt lat="26.41628167" lon="-80.16914667"><ele>10.933</ele><time>2026-07-24T17:13:28Z</time><speed>1.459</speed><sat>13</sat></trkpt>
  <trkpt lat="26.41628000" lon="-80.16913167"><ele>10.833</ele><time>2026-07-24T17:13:29Z</time><speed>1.457</speed><sat>13</sat></trkpt>
  <trkpt lat="26.41627833" lon="-80.16911667"><ele>10.833</ele><time>2026-07-24T17:13:30Z</time><speed>1.448</speed><sat>13</sat></trkpt>
  <trkpt lat="26.41627500" lon="-80.16910000"><ele>10.733</ele><time>2026-07-24T17:13:31Z</time><speed>1.485</speed><sat>13</sat></trkpt>
  <trkpt lat="26.41627333" lon="-80.16908500"><ele>10.933</ele><time>2026-07-24T17:13:32Z</time><speed>1.496</speed><sat>13</sat></trkpt>
  <trkpt lat="26.41627167" lon="-80.16907167"><ele>11.333</ele><time>2026-07-24T17:13:33Z</time><speed>1.489</speed><sat>13</sat></trkpt>
  <trkpt lat="26.41626667" lon="-80.16906000"><ele>11.633</ele><time>2026-07-24T17:13:34Z</time><speed>1.473</speed><sat>13</sat></trkpt>
  <trkpt lat="26.41626333" lon="-80.16904500"><ele>11.733</ele><time>2026-07-24T17:13:35Z</time><speed>1.482</speed><sat>13</sat></trkpt>
  <trkpt lat="26.41626333" lon="-80.16903000"><ele>11.433</ele><time>2026-07-24T17:13:36Z</time><speed>1.466</speed><sat>13</sat></trkpt>
  <trkpt lat="26.41626167" lon="-80.16902000"><ele>11.133</ele><time>2026-07-24T17:13:37Z</time><speed>1.467</speed><sat>13</sat></trkpt>
  <trkpt lat="26.41625833" lon="-80.16900500"><ele>10.733</ele><time>2026-07-24T17:13:38Z</time><speed>1.462</speed><sat>13</sat></trkpt>
  <trkpt lat="26.41625833" lon="-80.16899000"><ele>10.634</ele><time>2026-07-24T17:13:39Z</time><speed>1.450</speed><sat>13</sat></trkpt>
  <trkpt lat="26.41625833" lon="-80.16897500"><ele>10.334</ele><time>2026-07-24T17:13:40Z</time><speed>1.465</speed><sat>13</sat></trkpt>
  <trkpt lat="26.41626000" lon="-80.16895500"><ele>10.334</ele><time>2026-07-24T17:13:41Z</time><speed>1.439</speed><sat>13</sat></trkpt>
  <trkpt lat="26.41626167" lon="-80.16893333"><ele>10.434</ele><time>2026-07-24T17:13:42Z</time><speed>1.447</speed><sat>13</sat></trkpt>
  <trkpt lat="26.41626333" lon="-80.16891167"><ele>10.134</ele><time>2026-07-24T17:13:43Z</time><speed>1.466</speed><sat>13</sat></trkpt>
  <trkpt lat="26.41627000" lon="-80.16889333"><ele>9.734</ele><time>2026-07-24T17:13:44Z</time><speed>1.474</speed><sat>13</sat></trkpt>
  <trkpt lat="26.41627000" lon="-80.16887833"><ele>9.234</ele><time>2026-07-24T17:13:45Z</time><speed>1.479</speed><sat>13</sat></trkpt>
  <trkpt lat="26.41627167" lon="-80.16886333"><ele>8.934</ele><time>2026-07-24T17:13:46Z</time><speed>1.497</speed><sat>13</sat></trkpt>
  <trkpt lat="26.41627333" lon="-80.16884667"><ele>9.034</ele><time>2026-07-24T17:13:47Z</time><speed>1.504</speed><sat>13</sat></trkpt>
  <trkpt lat="26.41627500" lon="-80.16883333"><ele>9.034</ele><time>2026-07-24T17:13:48Z</time><speed>1.519</speed><sat>13</sat></trkpt>
  <trkpt lat="26.41627500" lon="-80.16881833"><ele>8.934</ele><time>2026-07-24T17:13:49Z</time><speed>1.568</speed><sat>13</sat></trkpt>
  <trkpt lat="26.41627333" lon="-80.16880000"><ele>8.334</ele><time>2026-07-24T17:13:50Z</time><speed>1.578</speed><sat>13</sat></trkpt>
  <trkpt lat="26.41626667" lon="-80.16878333"><ele>7.934</ele><time>2026-07-24T17:13:51Z</time><speed>1.582</speed><sat>13</sat></trkpt>
  <trkpt lat="26.41626500" lon="-80.16877000"><ele>7.634</ele><time>2026-07-24T17:13:52Z</time><speed>1.564</speed><sat>13</sat></trkpt>
  <trkpt lat="26.41626167" lon="-80.16875833"><ele>7.134</ele><time>2026-07-24T17:13:53Z</time><speed>1.532</speed><sat>13</sat></trkpt>
  <trkpt lat="26.41625833" lon="-80.16874500"><ele>7.135</ele><time>2026-07-24T17:13:54Z</time><speed>1.511</speed><sat>13</sat></trkpt>
  <trkpt lat="26.41625667" lon="-80.16873167"><ele>7.335</ele><time>2026-07-24T17:13:55Z</time><speed>1.494</speed><sat>13</sat></trkpt>
  <trkpt lat="26.41625167" lon="-80.16872167"><ele>7.635</ele><time>2026-07-24T17:13:56Z</time><speed>1.466</speed><sat>13</sat></trkpt>
  <trkpt lat="26.41624500" lon="-80.16871167"><ele>7.835</ele><time>2026-07-24T17:13:57Z</time><speed>1.444</speed><sat>13</sat></trkpt>
  <trkpt lat="26.41624000" lon="-80.16870167"><ele>8.335</ele><time>2026-07-24T17:13:58Z</time><speed>1.419</speed><sat>13</sat></trkpt>
  <trkpt lat="26.41623333" lon="-80.16869000"><ele>8.335</ele><time>2026-07-24T17:13:59Z</time><speed>1.394</speed><sat>13</sat></trkpt>
  <trkpt lat="26.41623000" lon="-80.16867833"><ele>8.435</ele><time>2026-07-24T17:14:00Z</time><speed>1.358</speed><sat>13</sat></trkpt>
  <trkpt lat="26.41622833" lon="-80.16866833"><ele>8.535</ele><time>2026-07-24T17:14:01Z</time><speed>1.314</speed><sat>13</sat></trkpt>
  <trkpt lat="26.41622500" lon="-80.16865833"><ele>8.335</ele><time>2026-07-24T17:14:02Z</time><speed>1.297</speed><sat>13</sat></trkpt>
  <trkpt lat="26.41622333" lon="-80.16864833"><ele>8.335</ele><time>2026-07-24T17:14:03Z</time><speed>1.290</speed><sat>13</sat></trkpt>
  <trkpt lat="26.41622500" lon="-80.16863833"><ele>8.135</ele><time>2026-07-24T17:14:04Z</time><speed>1.280</speed><sat>13</sat></trkpt>
  <trkpt lat="26.41622667" lon="-80.16862667"><ele>8.135</ele><time>2026-07-24T17:14:05Z</time><speed>1.259</speed><sat>13</sat></trkpt>
  <trkpt lat="26.41622667" lon="-80.16861500"><ele>7.935</ele><time>2026-07-24T17:14:06Z</time><speed>1.247</speed><sat>13</sat></trkpt>
  <trkpt lat="26.41622500" lon="-80.16860333"><ele>7.935</ele><time>2026-07-24T17:14:07Z</time><speed>1.216</speed><sat>13</sat></trkpt>
  <trkpt lat="26.41622500" lon="-80.16859167"><ele>7.535</ele><time>2026-07-24T17:14:08Z</time><speed>1.186</speed><sat>13</sat></trkpt>
  <trkpt lat="26.41622833" lon="-80.16857833"><ele>7.635</ele><time>2026-07-24T17:14:09Z</time><speed>1.139</speed><sat>13</sat></trkpt>
  <trkpt lat="26.41622833" lon="-80.16856833"><ele>7.635</ele><time>2026-07-24T17:14:10Z</time><speed>1.099</speed><sat>13</sat></trkpt>
  <trkpt lat="26.41623167" lon="-80.16856000"><ele>7.735</ele><time>2026-07-24T17:14:11Z</time><speed>1.042</speed><sat>13</sat></trkpt>
  <trkpt lat="26.41623500" lon="-80.16855500"><ele>7.835</ele><time>2026-07-24T17:14:12Z</time><speed>0.966</speed><sat>13</sat></trkpt>
  <trkpt lat="26.41623500" lon="-80.16855000"><ele>7.735</ele><time>2026-07-24T17:14:13Z</time><speed>0.873</speed><sat>13</sat></trkpt>
  <trkpt lat="26.41623667" lon="-80.16855000"><ele>7.835</ele><time>2026-07-24T17:14:14Z</time><speed>0.768</speed><sat>13</sat></trkpt>
  <trkpt lat="26.41623667" lon="-80.16855167"><ele>7.935</ele><time>2026-07-24T17:14:15Z</time><speed>0.654</speed><sat>13</sat></trkpt>
  <trkpt lat="26.41623667" lon="-80.16855333"><ele>8.035</ele><time>2026-07-24T17:14:16Z</time><speed>0.539</speed><sat>13</sat></trkpt>
  <trkpt lat="26.41623667" lon="-80.16855500"><ele>8.135</ele><time>2026-07-24T17:14:17Z</time><speed>0.440</speed><sat>13</sat></trkpt>
  <trkpt lat="26.41623667" lon="-80.16855667"><ele>8.135</ele><time>2026-07-24T17:14:18Z</time><speed>0.000</speed><sat>13</sat></trkpt>
  <trkpt lat="26.41623667" lon="-80.16855833"><ele>8.335</ele><time>2026-07-24T17:14:19Z</time><speed>0.000</speed><sat>13</sat></trkpt>
  <trkpt lat="26.41623500" lon="-80.16856000"><ele>8.535</ele><time>2026-07-24T17:14:20Z</time><speed>0.000</speed><sat>13</sat></trkpt>
  <trkpt lat="26.41623500" lon="-80.16856000"><ele>8.535</ele><time>2026-07-24T17:14:21Z</time><speed>0.000</speed><sat>13</sat></trkpt>
  <trkpt lat="26.41623500" lon="-80.16856000"><ele>8.535</ele><time>2026-07-24T17:14:22Z</time><speed>0.000</speed><sat>13</sat></trkpt>
  <trkpt lat="26.41623500" lon="-80.16856000"><ele>8.535</ele><time>2026-07-24T17:14:23Z</time><speed>0.000</speed><sat>13</sat></trkpt>
  <trkpt lat="26.41623500" lon="-80.16856000"><ele>8.535</ele><time>2026-07-24T17:14:24Z</time><speed>0.000</speed><sat>13</sat></trkpt>
  <trkpt lat="26.41623500" lon="-80.16856000"><ele>8.535</ele><time>2026-07-24T17:14:25Z</time><speed>0.000</speed><sat>13</sat></trkpt>
  <trkpt lat="26.41623500" lon="-80.16856000"><ele>8.535</ele><time>2026-07-24T17:14:26Z</time><speed>0.000</speed><sat>13</sat></trkpt>
  <trkpt lat="26.41623500" lon="-80.16856000"><ele>8.535</ele><time>2026-07-24T17:14:27Z</time><speed>0.000</speed><sat>13</sat></trkpt>
  <trkpt lat="26.41623500" lon="-80.16856000"><ele>8.535</ele><time>2026-07-24T17:14:28Z</time><speed>0.000</speed><sat>13</sat></trkpt>
  <trkpt lat="26.41623500" lon="-80.16856000"><ele>8.535</ele><time>2026-07-24T17:14:29Z</time><speed>0.000</speed><sat>13</sat></trkpt>
  <trkpt lat="26.41623500" lon="-80.16856000"><ele>8.535</ele><time>2026-07-24T17:14:30Z</time><speed>0.000</speed><sat>13</sat></trkpt>
  <trkpt lat="26.41623500" lon="-80.16856000"><ele>8.535</ele><time>2026-07-24T17:14:31Z</time><speed>0.000</speed><sat>13</sat></trkpt>
  <trkpt lat="26.41623500" lon="-80.16856000"><ele>8.535</ele><time>2026-07-24T17:14:32Z</time><speed>0.000</speed><sat>13</sat></trkpt>
  <trkpt lat="26.41623500" lon="-80.16856000"><ele>8.535</ele><time>2026-07-24T17:14:33Z</time><speed>0.000</speed><sat>13</sat></trkpt>
  <trkpt lat="26.41623500" lon="-80.16856000"><ele>8.535</ele><time>2026-07-24T17:14:34Z</time><speed>0.000</speed><sat>13</sat></trkpt>
  <trkpt lat="26.41623500" lon="-80.16856000"><ele>8.535</ele><time>2026-07-24T17:14:35Z</time><speed>0.000</speed><sat>13</sat></trkpt>
  <trkpt lat="26.41623500" lon="-80.16856000"><ele>8.535</ele><time>2026-07-24T17:14:36Z</time><speed>0.000</speed><sat>13</sat></trkpt>
  <trkpt lat="26.41623500" lon="-80.16856000"><ele>8.535</ele><time>2026-07-24T17:14:37Z</time><speed>0.000</speed><sat>13</sat></trkpt>
  <trkpt lat="26.41623500" lon="-80.16856000"><ele>8.535</ele><time>2026-07-24T17:14:38Z</time><speed>0.000</speed><sat>12</sat></trkpt>
  <trkpt lat="26.41623500" lon="-80.16856000"><ele>8.535</ele><time>2026-07-24T17:14:39Z</time><speed>0.000</speed><sat>12</sat></trkpt>
  <trkpt lat="26.41623500" lon="-80.16856000"><ele>8.535</ele><time>2026-07-24T17:14:40Z</time><speed>0.000</speed><sat>12</sat></trkpt>
  <trkpt lat="26.41623500" lon="-80.16856000"><ele>8.535</ele><time>2026-07-24T17:14:41Z</time><speed>0.000</speed><sat>12</sat></trkpt>
  <trkpt lat="26.41623500" lon="-80.16856000"><ele>8.535</ele><time>2026-07-24T17:14:42Z</time><speed>0.000</speed><sat>12</sat></trkpt>
  <trkpt lat="26.41623500" lon="-80.16856000"><ele>8.535</ele><time>2026-07-24T17:14:43Z</time><speed>0.000</speed><sat>13</sat></trkpt>
  <trkpt lat="26.41623500" lon="-80.16856000"><ele>8.535</ele><time>2026-07-24T17:14:44Z</time><speed>0.000</speed><sat>13</sat></trkpt>
  <trkpt lat="26.41623500" lon="-80.16856000"><ele>8.535</ele><time>2026-07-24T17:14:45Z</time><speed>0.000</speed><sat>13</sat></trkpt>
  <trkpt lat="26.41623500" lon="-80.16856000"><ele>8.535</ele><time>2026-07-24T17:14:46Z</time><speed>0.000</speed><sat>13</sat></trkpt>
  <trkpt lat="26.41623500" lon="-80.16856000"><ele>8.535</ele><time>2026-07-24T17:14:47Z</time><speed>0.000</speed><sat>13</sat></trkpt>
  <trkpt lat="26.41623500" lon="-80.16856000"><ele>8.535</ele><time>2026-07-24T17:14:48Z</time><speed>0.000</speed><sat>13</sat></trkpt>
  <trkpt lat="26.41623500" lon="-80.16856000"><ele>8.535</ele><time>2026-07-24T17:14:49Z</time><speed>0.000</speed><sat>13</sat></trkpt>
  <trkpt lat="26.41623500" lon="-80.16856000"><ele>8.535</ele><time>2026-07-24T17:14:50Z</time><speed>0.000</speed><sat>13</sat></trkpt>
  <trkpt lat="26.41624167" lon="-80.16851333"><ele>9.335</ele><time>2026-07-24T17:14:51Z</time><speed>0.252</speed><sat>13</sat></trkpt>
  <trkpt lat="26.41624000" lon="-80.16849833"><ele>9.236</ele><time>2026-07-24T17:14:52Z</time><speed>0.383</speed><sat>13</sat></trkpt>
  <trkpt lat="26.41623833" lon="-80.16848333"><ele>9.036</ele><time>2026-07-24T17:14:53Z</time><speed>0.515</speed><sat>13</sat></trkpt>
  <trkpt lat="26.41624000" lon="-80.16847000"><ele>9.136</ele><time>2026-07-24T17:14:54Z</time><speed>0.654</speed><sat>13</sat></trkpt>
  <trkpt lat="26.41624167" lon="-80.16845667"><ele>9.136</ele><time>2026-07-24T17:14:55Z</time><speed>0.803</speed><sat>13</sat></trkpt>
  <trkpt lat="26.41624500" lon="-80.16844667"><ele>9.336</ele><time>2026-07-24T17:14:56Z</time><speed>0.938</speed><sat>13</sat></trkpt>
  <trkpt lat="26.41625000" lon="-80.16843500"><ele>9.536</ele><time>2026-07-24T17:14:57Z</time><speed>1.073</speed><sat>13</sat></trkpt>
  <trkpt lat="26.41625333" lon="-80.16842333"><ele>9.836</ele><time>2026-07-24T17:14:58Z</time><speed>1.230</speed><sat>13</sat></trkpt>
  <trkpt lat="26.41625500" lon="-80.16840667"><ele>9.836</ele><time>2026-07-24T17:14:59Z</time><speed>1.377</speed><sat>13</sat></trkpt>
  <trkpt lat="26.41625500" lon="-80.16839667"><ele>9.936</ele><time>2026-07-24T17:15:00Z</time><speed>1.414</speed><sat>13</sat></trkpt>
  <trkpt lat="26.41625667" lon="-80.16838667"><ele>10.136</ele><time>2026-07-24T17:15:01Z</time><speed>1.444</speed><sat>13</sat></trkpt>
  <trkpt lat="26.41625667" lon="-80.16837000"><ele>10.436</ele><time>2026-07-24T17:15:02Z</time><speed>1.459</speed><sat>13</sat></trkpt>
  <trkpt lat="26.41626000" lon="-80.16835333"><ele>10.636</ele><time>2026-07-24T17:15:03Z</time><speed>1.485</speed><sat>13</sat></trkpt>
  <trkpt lat="26.41626167" lon="-80.16833667"><ele>10.636</ele><time>2026-07-24T17:15:04Z</time><speed>1.486</speed><sat>13</sat></trkpt>
  <trkpt lat="26.41626000" lon="-80.16831833"><ele>10.636</ele><time>2026-07-24T17:15:05Z</time><speed>1.489</speed><sat>13</sat></trkpt>
  <trkpt lat="26.41625833" lon="-80.16830000"><ele>10.336</ele><time>2026-07-24T17:15:06Z</time><speed>1.526</speed><sat>13</sat></trkpt>
  <trkpt lat="26.41625500" lon="-80.16828167"><ele>9.936</ele><time>2026-07-24T17:15:07Z</time><speed>1.559</speed><sat>13</sat></trkpt>
  <trkpt lat="26.41625333" lon="-80.16826333"><ele>9.337</ele><time>2026-07-24T17:15:08Z</time><speed>1.586</speed><sat>13</sat></trkpt>
  <trkpt lat="26.41625500" lon="-80.16824500"><ele>8.837</ele><time>2026-07-24T17:15:09Z</time><speed>1.603</speed><sat>13</sat></trkpt>
  <trkpt lat="26.41625667" lon="-80.16822667"><ele>8.337</ele><time>2026-07-24T17:15:10Z</time><speed>1.681</speed><sat>13</sat></trkpt>
  <trkpt lat="26.41626167" lon="-80.16820333"><ele>7.737</ele><time>2026-07-24T17:15:11Z</time><speed>1.750</speed><sat>13</sat></trkpt>
  <trkpt lat="26.41626833" lon="-80.16818000"><ele>7.037</ele><time>2026-07-24T17:15:12Z</time><speed>1.821</speed><sat>13</sat></trkpt>
  <trkpt lat="26.41627500" lon="-80.16815833"><ele>6.837</ele><time>2026-07-24T17:15:13Z</time><speed>1.890</speed><sat>13</sat></trkpt>
  <trkpt lat="26.41628167" lon="-80.16813667"><ele>6.637</ele><time>2026-07-24T17:15:14Z</time><speed>1.976</speed><sat>13</sat></trkpt>
  <trkpt lat="26.41629000" lon="-80.16811833"><ele>6.537</ele><time>2026-07-24T17:15:15Z</time><speed>2.030</speed><sat>13</sat></trkpt>
  <trkpt lat="26.41630000" lon="-80.16810000"><ele>6.637</ele><time>2026-07-24T17:15:16Z</time><speed>2.082</speed><sat>13</sat></trkpt>
  <trkpt lat="26.41631333" lon="-80.16807667"><ele>7.337</ele><time>2026-07-24T17:15:17Z</time><speed>2.137</speed><sat>13</sat></trkpt>
  <trkpt lat="26.41632500" lon="-80.16805667"><ele>7.437</ele><time>2026-07-24T17:15:18Z</time><speed>2.184</speed><sat>13</sat></trkpt>
  <trkpt lat="26.41633667" lon="-80.16803500"><ele>7.538</ele><time>2026-07-24T17:15:19Z</time><speed>2.267</speed><sat>13</sat></trkpt>
  <trkpt lat="26.41635000" lon="-80.16801333"><ele>7.938</ele><time>2026-07-24T17:15:20Z</time><speed>2.298</speed><sat>13</sat></trkpt>
  <trkpt lat="26.41636167" lon="-80.16799333"><ele>7.938</ele><time>2026-07-24T17:15:21Z</time><speed>2.308</speed><sat>13</sat></trkpt>
  <trkpt lat="26.41637667" lon="-80.16797333"><ele>8.038</ele><time>2026-07-24T17:15:22Z</time><speed>2.338</speed><sat>13</sat></trkpt>
  <trkpt lat="26.41638667" lon="-80.16795667"><ele>7.938</ele><time>2026-07-24T17:15:23Z</time><speed>2.357</speed><sat>13</sat></trkpt>
  <trkpt lat="26.41640000" lon="-80.16793833"><ele>7.938</ele><time>2026-07-24T17:15:24Z</time><speed>2.382</speed><sat>13</sat></trkpt>
  <trkpt lat="26.41641167" lon="-80.16791500"><ele>7.838</ele><time>2026-07-24T17:15:25Z</time><speed>2.446</speed><sat>13</sat></trkpt>
  <trkpt lat="26.41642167" lon="-80.16789000"><ele>7.438</ele><time>2026-07-24T17:15:26Z</time><speed>2.515</speed><sat>13</sat></trkpt>
  <trkpt lat="26.41643833" lon="-80.16786167"><ele>6.738</ele><time>2026-07-24T17:15:27Z</time><speed>2.600</speed><sat>13</sat></trkpt>
  <trkpt lat="26.41645167" lon="-80.16783500"><ele>5.938</ele><time>2026-07-24T17:15:28Z</time><speed>2.706</speed><sat>13</sat></trkpt>
  <trkpt lat="26.41646667" lon="-80.16780500"><ele>5.439</ele><time>2026-07-24T17:15:29Z</time><speed>2.796</speed><sat>13</sat></trkpt>
  <trkpt lat="26.41648500" lon="-80.16777667"><ele>5.139</ele><time>2026-07-24T17:15:30Z</time><speed>2.890</speed><sat>13</sat></trkpt>
  <trkpt lat="26.41650333" lon="-80.16775000"><ele>5.139</ele><time>2026-07-24T17:15:31Z</time><speed>2.959</speed><sat>13</sat></trkpt>
  <trkpt lat="26.41652000" lon="-80.16772833"><ele>4.939</ele><time>2026-07-24T17:15:32Z</time><speed>2.980</speed><sat>13</sat></trkpt>
  <trkpt lat="26.41653667" lon="-80.16771000"><ele>4.839</ele><time>2026-07-24T17:15:33Z</time><speed>2.984</speed><sat>13</sat></trkpt>
  <trkpt lat="26.41654500" lon="-80.16769500"><ele>4.439</ele><time>2026-07-24T17:15:34Z</time><speed>2.968</speed><sat>13</sat></trkpt>
  <trkpt lat="26.41655833" lon="-80.16768167"><ele>4.239</ele><time>2026-07-24T17:15:35Z</time><speed>2.944</speed><sat>13</sat></trkpt>
  <trkpt lat="26.41657833" lon="-80.16766000"><ele>4.639</ele><time>2026-07-24T17:15:36Z</time><speed>2.908</speed><sat>13</sat></trkpt>
  <trkpt lat="26.41659500" lon="-80.16764333"><ele>4.739</ele><time>2026-07-24T17:15:37Z</time><speed>2.811</speed><sat>13</sat></trkpt>
  <trkpt lat="26.41661000" lon="-80.16762333"><ele>4.939</ele><time>2026-07-24T17:15:38Z</time><speed>2.705</speed><sat>14</sat></trkpt>
  <trkpt lat="26.41662333" lon="-80.16760500"><ele>6.139</ele><time>2026-07-24T17:15:39Z</time><speed>2.595</speed><sat>14</sat></trkpt>
  <trkpt lat="26.41662833" lon="-80.16758500"><ele>6.740</ele><time>2026-07-24T17:15:40Z</time><speed>2.470</speed><sat>14</sat></trkpt>
  <trkpt lat="26.41663000" lon="-80.16756167"><ele>7.240</ele><time>2026-07-24T17:15:41Z</time><speed>2.386</speed><sat>14</sat></trkpt>
  <trkpt lat="26.41662333" lon="-80.16754333"><ele>7.540</ele><time>2026-07-24T17:15:42Z</time><speed>2.347</speed><sat>14</sat></trkpt>
  <trkpt lat="26.41661167" lon="-80.16752667"><ele>7.440</ele><time>2026-07-24T17:15:43Z</time><speed>2.327</speed><sat>13</sat></trkpt>
  <trkpt lat="26.41659500" lon="-80.16751333"><ele>7.440</ele><time>2026-07-24T17:15:44Z</time><speed>2.337</speed><sat>14</sat></trkpt>
  <trkpt lat="26.41657833" lon="-80.16750000"><ele>7.340</ele><time>2026-07-24T17:15:45Z</time><speed>2.340</speed><sat>14</sat></trkpt>
  <trkpt lat="26.41656167" lon="-80.16749167"><ele>7.440</ele><time>2026-07-24T17:15:46Z</time><speed>2.306</speed><sat>14</sat></trkpt>
  <trkpt lat="26.41654333" lon="-80.16748000"><ele>7.540</ele><time>2026-07-24T17:15:47Z</time><speed>2.346</speed><sat>14</sat></trkpt>
  <trkpt lat="26.41652333" lon="-80.16746833"><ele>7.540</ele><time>2026-07-24T17:15:48Z</time><speed>2.380</speed><sat>14</sat></trkpt>
  <trkpt lat="26.41650000" lon="-80.16745000"><ele>7.540</ele><time>2026-07-24T17:15:49Z</time><speed>2.417</speed><sat>14</sat></trkpt>
  <trkpt lat="26.41647667" lon="-80.16743667"><ele>7.540</ele><time>2026-07-24T17:15:50Z</time><speed>2.505</speed><sat>14</sat></trkpt>
  <trkpt lat="26.41645000" lon="-80.16742500"><ele>7.940</ele><time>2026-07-24T17:15:51Z</time><speed>2.592</speed><sat>13</sat></trkpt>
  <trkpt lat="26.41642333" lon="-80.16741000"><ele>7.940</ele><time>2026-07-24T17:15:52Z</time><speed>2.690</speed><sat>14</sat></trkpt>
  <trkpt lat="26.41639833" lon="-80.16739333"><ele>7.940</ele><time>2026-07-24T17:15:53Z</time><speed>2.757</speed><sat>13</sat></trkpt>
  <trkpt lat="26.41637500" lon="-80.16738000"><ele>8.040</ele><time>2026-07-24T17:15:54Z</time><speed>2.811</speed><sat>14</sat></trkpt>
  <trkpt lat="26.41634833" lon="-80.16737000"><ele>8.140</ele><time>2026-07-24T17:15:55Z</time><speed>2.831</speed><sat>14</sat></trkpt>
  <trkpt lat="26.41632833" lon="-80.16735833"><ele>8.240</ele><time>2026-07-24T17:15:56Z</time><speed>2.846</speed><sat>14</sat></trkpt>
  <trkpt lat="26.41631333" lon="-80.16734333"><ele>8.440</ele><time>2026-07-24T17:15:57Z</time><speed>2.834</speed><sat>14</sat></trkpt>
  <trkpt lat="26.41629667" lon="-80.16733167"><ele>8.640</ele><time>2026-07-24T17:15:58Z</time><speed>2.784</speed><sat>14</sat></trkpt>
  <trkpt lat="26.41627667" lon="-80.16731833"><ele>8.640</ele><time>2026-07-24T17:15:59Z</time><speed>2.727</speed><sat>13</sat></trkpt>
  <trkpt lat="26.41625833" lon="-80.16730000"><ele>8.340</ele><time>2026-07-24T17:16:00Z</time><speed>2.648</speed><sat>14</sat></trkpt>
  <trkpt lat="26.41624167" lon="-80.16728833"><ele>9.341</ele><time>2026-07-24T17:16:01Z</time><speed>2.548</speed><sat>14</sat></trkpt>
  <trkpt lat="26.41622667" lon="-80.16728667"><ele>10.241</ele><time>2026-07-24T17:16:02Z</time><speed>2.399</speed><sat>14</sat></trkpt>
  <trkpt lat="26.41621333" lon="-80.16728667"><ele>11.141</ele><time>2026-07-24T17:16:03Z</time><speed>2.245</speed><sat>14</sat></trkpt>
  <trkpt lat="26.41619667" lon="-80.16729000"><ele>11.541</ele><time>2026-07-24T17:16:04Z</time><speed>2.166</speed><sat>14</sat></trkpt>
  <trkpt lat="26.41618000" lon="-80.16730500"><ele>11.740</ele><time>2026-07-24T17:16:05Z</time><speed>2.143</speed><sat>14</sat></trkpt>
  <trkpt lat="26.41616500" lon="-80.16732667"><ele>11.640</ele><time>2026-07-24T17:16:06Z</time><speed>2.143</speed><sat>14</sat></trkpt>
  <trkpt lat="26.41615167" lon="-80.16734667"><ele>11.540</ele><time>2026-07-24T17:16:07Z</time><speed>2.193</speed><sat>14</sat></trkpt>
  <trkpt lat="26.41613500" lon="-80.16737167"><ele>11.340</ele><time>2026-07-24T17:16:08Z</time><speed>2.271</speed><sat>14</sat></trkpt>
  <trkpt lat="26.41612000" lon="-80.16739833"><ele>11.340</ele><time>2026-07-24T17:16:09Z</time><speed>2.378</speed><sat>14</sat></trkpt>
  <trkpt lat="26.41610333" lon="-80.16743000"><ele>10.840</ele><time>2026-07-24T17:16:10Z</time><speed>2.482</speed><sat>14</sat></trkpt>
  <trkpt lat="26.41608667" lon="-80.16745833"><ele>10.740</ele><time>2026-07-24T17:16:11Z</time><speed>2.605</speed><sat>14</sat></trkpt>
  <trkpt lat="26.41607000" lon="-80.16748833"><ele>10.440</ele><time>2026-07-24T17:16:12Z</time><speed>2.766</speed><sat>14</sat></trkpt>
  <trkpt lat="26.41605167" lon="-80.16751500"><ele>10.139</ele><time>2026-07-24T17:16:13Z</time><speed>2.945</speed><sat>14</sat></trkpt>
  <trkpt lat="26.41603667" lon="-80.16753833"><ele>9.739</ele><time>2026-07-24T17:16:14Z</time><speed>3.017</speed><sat>14</sat></trkpt>
  <trkpt lat="26.41602000" lon="-80.16756167"><ele>9.739</ele><time>2026-07-24T17:16:15Z</time><speed>3.083</speed><sat>14</sat></trkpt>
  <trkpt lat="26.41600333" lon="-80.16758500"><ele>10.039</ele><time>2026-07-24T17:16:16Z</time><speed>3.150</speed><sat>14</sat></trkpt>
  <trkpt lat="26.41598833" lon="-80.16760667"><ele>9.739</ele><time>2026-07-24T17:16:17Z</time><speed>3.176</speed><sat>14</sat></trkpt>
  <trkpt lat="26.41597167" lon="-80.16763000"><ele>9.439</ele><time>2026-07-24T17:16:18Z</time><speed>3.189</speed><sat>14</sat></trkpt>
  <trkpt lat="26.41595167" lon="-80.16765667"><ele>9.439</ele><time>2026-07-24T17:16:19Z</time><speed>3.201</speed><sat>14</sat></trkpt>
  <trkpt lat="26.41593500" lon="-80.16767833"><ele>8.939</ele><time>2026-07-24T17:16:20Z</time><speed>3.173</speed><sat>14</sat></trkpt>
  <trkpt lat="26.41592167" lon="-80.16770167"><ele>7.839</ele><time>2026-07-24T17:16:21Z</time><speed>3.163</speed><sat>14</sat></trkpt>
  <trkpt lat="26.41590500" lon="-80.16772500"><ele>7.639</ele><time>2026-07-24T17:16:22Z</time><speed>3.130</speed><sat>14</sat></trkpt>
  <trkpt lat="26.41588500" lon="-80.16775000"><ele>7.838</ele><time>2026-07-24T17:16:23Z</time><speed>3.134</speed><sat>14</sat></trkpt>
  <trkpt lat="26.41586833" lon="-80.16777667"><ele>7.838</ele><time>2026-07-24T17:16:24Z</time><speed>3.159</speed><sat>14</sat></trkpt>
  <trkpt lat="26.41585167" lon="-80.16780167"><ele>7.738</ele><time>2026-07-24T17:16:25Z</time><speed>3.169</speed><sat>14</sat></trkpt>
  <trkpt lat="26.41583500" lon="-80.16782667"><ele>7.738</ele><time>2026-07-24T17:16:26Z</time><speed>3.173</speed><sat>14</sat></trkpt>
  <trkpt lat="26.41581833" lon="-80.16785333"><ele>7.338</ele><time>2026-07-24T17:16:27Z</time><speed>3.169</speed><sat>14</sat></trkpt>
  <trkpt lat="26.41580333" lon="-80.16788167"><ele>7.038</ele><time>2026-07-24T17:16:28Z</time><speed>3.176</speed><sat>14</sat></trkpt>
  <trkpt lat="26.41578833" lon="-80.16791000"><ele>6.938</ele><time>2026-07-24T17:16:29Z</time><speed>3.158</speed><sat>14</sat></trkpt>
  <trkpt lat="26.41577333" lon="-80.16793833"><ele>7.638</ele><time>2026-07-24T17:16:30Z</time><speed>3.197</speed><sat>14</sat></trkpt>
  <trkpt lat="26.41576000" lon="-80.16796667"><ele>8.137</ele><time>2026-07-24T17:16:31Z</time><speed>3.202</speed><sat>14</sat></trkpt>
  <trkpt lat="26.41574500" lon="-80.16799500"><ele>8.837</ele><time>2026-07-24T17:16:32Z</time><speed>3.208</speed><sat>14</sat></trkpt>
  <trkpt lat="26.41573000" lon="-80.16801667"><ele>8.937</ele><time>2026-07-24T17:16:33Z</time><speed>3.128</speed><sat>14</sat></trkpt>
  <trkpt lat="26.41571667" lon="-80.16803833"><ele>9.137</ele><time>2026-07-24T17:16:34Z</time><speed>3.072</speed><sat>14</sat></trkpt>
  <trkpt lat="26.41570333" lon="-80.16806333"><ele>8.937</ele><time>2026-07-24T17:16:35Z</time><speed>3.088</speed><sat>14</sat></trkpt>
  <trkpt lat="26.41568333" lon="-80.16809500"><ele>8.837</ele><time>2026-07-24T17:16:36Z</time><speed>3.173</speed><sat>14</sat></trkpt>
  <trkpt lat="26.41566333" lon="-80.16813333"><ele>8.537</ele><time>2026-07-24T17:16:37Z</time><speed>3.329</speed><sat>14</sat></trkpt>
  <trkpt lat="26.41564167" lon="-80.16817333"><ele>8.337</ele><time>2026-07-24T17:16:38Z</time><speed>3.503</speed><sat>14</sat></trkpt>
  <trkpt lat="26.41561333" lon="-80.16822000"><ele>8.136</ele><time>2026-07-24T17:16:39Z</time><speed>3.706</speed><sat>14</sat></trkpt>
  <trkpt lat="26.41558333" lon="-80.16826500"><ele>8.136</ele><time>2026-07-24T17:16:40Z</time><speed>3.866</speed><sat>14</sat></trkpt>
  <trkpt lat="26.41555500" lon="-80.16830667"><ele>7.936</ele><time>2026-07-24T17:16:41Z</time><speed>4.030</speed><sat>14</sat></trkpt>
  <trkpt lat="26.41553000" lon="-80.16834833"><ele>7.936</ele><time>2026-07-24T17:16:42Z</time><speed>4.186</speed><sat>14</sat></trkpt>
  <trkpt lat="26.41550833" lon="-80.16838667"><ele>7.836</ele><time>2026-07-24T17:16:43Z</time><speed>4.369</speed><sat>14</sat></trkpt>
  <trkpt lat="26.41549000" lon="-80.16841833"><ele>7.435</ele><time>2026-07-24T17:16:44Z</time><speed>4.392</speed><sat>14</sat></trkpt>
  <trkpt lat="26.41548000" lon="-80.16843500"><ele>6.935</ele><time>2026-07-24T17:16:45Z</time><speed>4.227</speed><sat>14</sat></trkpt>
  <trkpt lat="26.41547833" lon="-80.16844000"><ele>6.235</ele><time>2026-07-24T17:16:46Z</time><speed>0.000</speed><sat>14</sat></trkpt>
  <trkpt lat="26.41547833" lon="-80.16844167"><ele>5.935</ele><time>2026-07-24T17:16:47Z</time><speed>0.000</speed><sat>14</sat></trkpt>
  <trkpt lat="26.41547667" lon="-80.16844167"><ele>5.835</ele><time>2026-07-24T17:16:48Z</time><speed>0.000</speed><sat>14</sat></trkpt>
  <trkpt lat="26.41547667" lon="-80.16844167"><ele>5.835</ele><time>2026-07-24T17:16:49Z</time><speed>0.000</speed><sat>14</sat></trkpt>
  <trkpt lat="26.41547667" lon="-80.16844167"><ele>5.835</ele><time>2026-07-24T17:16:50Z</time><speed>0.000</speed><sat>14</sat></trkpt>
  <trkpt lat="26.41547667" lon="-80.16844167"><ele>5.835</ele><time>2026-07-24T17:16:51Z</time><speed>0.000</speed><sat>13</sat></trkpt>
  <trkpt lat="26.41547667" lon="-80.16844167"><ele>5.835</ele><time>2026-07-24T17:16:52Z</time><speed>0.000</speed><sat>14</sat></trkpt>
  <trkpt lat="26.41546000" lon="-80.16845833"><ele>6.835</ele><time>2026-07-24T17:16:53Z</time><speed>2.269</speed><sat>14</sat></trkpt>
  <trkpt lat="26.41544500" lon="-80.16848167"><ele>7.335</ele><time>2026-07-24T17:16:54Z</time><speed>3.015</speed><sat>14</sat></trkpt>
  <trkpt lat="26.41543000" lon="-80.16850500"><ele>7.435</ele><time>2026-07-24T17:16:55Z</time><speed>2.835</speed><sat>14</sat></trkpt>
  <trkpt lat="26.41541500" lon="-80.16852667"><ele>7.235</ele><time>2026-07-24T17:16:56Z</time><speed>1.154</speed><sat>14</sat></trkpt>
  <trkpt lat="26.41540333" lon="-80.16854667"><ele>6.535</ele><time>2026-07-24T17:16:57Z</time><speed>1.425</speed><sat>14</sat></trkpt>
  <trkpt lat="26.41539000" lon="-80.16857167"><ele>6.735</ele><time>2026-07-24T17:16:58Z</time><speed>1.644</speed><sat>14</sat></trkpt>
  <trkpt lat="26.41538500" lon="-80.16858833"><ele>6.635</ele><time>2026-07-24T17:16:59Z</time><speed>1.805</speed><sat>14</sat></trkpt>
  <trkpt lat="26.41537833" lon="-80.16860333"><ele>6.935</ele><time>2026-07-24T17:17:00Z</time><speed>1.947</speed><sat>14</sat></trkpt>
  <trkpt lat="26.41537500" lon="-80.16861500"><ele>7.135</ele><time>2026-07-24T17:17:01Z</time><speed>2.099</speed><sat>14</sat></trkpt>
  <trkpt lat="26.41537000" lon="-80.16862000"><ele>7.135</ele><time>2026-07-24T17:17:02Z</time><speed>2.144</speed><sat>14</sat></trkpt>
  <trkpt lat="26.41536667" lon="-80.16862167"><ele>7.135</ele><time>2026-07-24T17:17:03Z</time><speed>1.932</speed><sat>14</sat></trkpt>
  <trkpt lat="26.41536833" lon="-80.16862000"><ele>7.535</ele><time>2026-07-24T17:17:04Z</time><speed>1.640</speed><sat>14</sat></trkpt>
  <trkpt lat="26.41536667" lon="-80.16862167"><ele>7.735</ele><time>2026-07-24T17:17:05Z</time><speed>1.369</speed><sat>14</sat></trkpt>
  <trkpt lat="26.41536833" lon="-80.16862500"><ele>8.035</ele><time>2026-07-24T17:17:06Z</time><speed>1.112</speed><sat>14</sat></trkpt>
  <trkpt lat="26.41536667" lon="-80.16862833"><ele>8.335</ele><time>2026-07-24T17:17:07Z</time><speed>0.839</speed><sat>14</sat></trkpt>
  <trkpt lat="26.41536667" lon="-80.16863000"><ele>8.535</ele><time>2026-07-24T17:17:08Z</time><speed>0.619</speed><sat>14</sat></trkpt>
  <trkpt lat="26.41536667" lon="-80.16863167"><ele>8.635</ele><time>2026-07-24T17:17:09Z</time><speed>0.459</speed><sat>14</sat></trkpt>
  <trkpt lat="26.41536500" lon="-80.16863333"><ele>8.735</ele><time>2026-07-24T17:17:10Z</time><speed>0.000</speed><sat>14</sat></trkpt>
  <trkpt lat="26.41536333" lon="-80.16863333"><ele>8.734</ele><time>2026-07-24T17:17:11Z</time><speed>0.000</speed><sat>14</sat></trkpt>
  <trkpt lat="26.41536333" lon="-80.16863000"><ele>8.935</ele><time>2026-07-24T17:17:12Z</time><speed>0.000</speed><sat>14</sat></trkpt>
  <trkpt lat="26.41536333" lon="-80.16863000"><ele>8.935</ele><time>2026-07-24T17:17:13Z</time><speed>0.000</speed><sat>14</sat></trkpt>
  <trkpt lat="26.41536333" lon="-80.16863000"><ele>8.935</ele><time>2026-07-24T17:17:14Z</time><speed>0.000</speed><sat>14</sat></trkpt>
  <trkpt lat="26.41536333" lon="-80.16863000"><ele>8.935</ele><time>2026-07-24T17:17:15Z</time><speed>0.000</speed><sat>14</sat></trkpt>
  <trkpt lat="26.41536333" lon="-80.16863000"><ele>8.935</ele><time>2026-07-24T17:17:16Z</time><speed>0.000</speed><sat>14</sat></trkpt>
  <trkpt lat="26.41536333" lon="-80.16863000"><ele>8.935</ele><time>2026-07-24T17:17:17Z</time><speed>0.000</speed><sat>14</sat></trkpt>
  <trkpt lat="26.41536333" lon="-80.16863000"><ele>8.935</ele><time>2026-07-24T17:17:18Z</time><speed>0.000</speed><sat>14</sat></trkpt>
  <trkpt lat="26.41536333" lon="-80.16863000"><ele>8.935</ele><time>2026-07-24T17:17:19Z</time><speed>0.000</speed><sat>14</sat></trkpt>
  <trkpt lat="26.41536333" lon="-80.16863000"><ele>8.935</ele><time>2026-07-24T17:17:20Z</time><speed>0.000</speed><sat>14</sat></trkpt>
  <trkpt lat="26.41536333" lon="-80.16863000"><ele>8.935</ele><time>2026-07-24T17:17:21Z</time><speed>0.000</speed><sat>14</sat></trkpt>
  <trkpt lat="26.41536333" lon="-80.16863000"><ele>8.935</ele><time>2026-07-24T17:17:22Z</time><speed>0.000</speed><sat>14</sat></trkpt>
  <trkpt lat="26.41536333" lon="-80.16863000"><ele>8.935</ele><time>2026-07-24T17:17:23Z</time><speed>0.000</speed><sat>14</sat></trkpt>
  <trkpt lat="26.41536333" lon="-80.16863000"><ele>8.935</ele><time>2026-07-24T17:17:24Z</time><speed>0.000</speed><sat>14</sat></trkpt>
  <trkpt lat="26.41534833" lon="-80.16863500"><ele>12.134</ele><time>2026-07-24T17:17:25Z</time><speed>0.366</speed><sat>14</sat></trkpt>
  <trkpt lat="26.41534667" lon="-80.16863667"><ele>12.034</ele><time>2026-07-24T17:17:26Z</time><speed>0.406</speed><sat>14</sat></trkpt>
  <trkpt lat="26.41535000" lon="-80.16863500"><ele>12.134</ele><time>2026-07-24T17:17:27Z</time><speed>0.412</speed><sat>14</sat></trkpt>
  <trkpt lat="26.41535167" lon="-80.16863333"><ele>11.734</ele><time>2026-07-24T17:17:28Z</time><speed>0.411</speed><sat>14</sat></trkpt>
  <trkpt lat="26.41535500" lon="-80.16863167"><ele>11.335</ele><time>2026-07-24T17:17:29Z</time><speed>0.408</speed><sat>13</sat></trkpt>
  <trkpt lat="26.41535667" lon="-80.16863167"><ele>11.035</ele><time>2026-07-24T17:17:30Z</time><speed>0.000</speed><sat>14</sat></trkpt>
  <trkpt lat="26.41535500" lon="-80.16863167"><ele>10.735</ele><time>2026-07-24T17:17:31Z</time><speed>0.000</speed><sat>14</sat></trkpt>
  <trkpt lat="26.41535500" lon="-80.16863167"><ele>10.535</ele><time>2026-07-24T17:17:32Z</time><speed>0.000</speed><sat>14</sat></trkpt>
  <trkpt lat="26.41535500" lon="-80.16863167"><ele>10.535</ele><time>2026-07-24T17:17:33Z</time><speed>0.000</speed><sat>14</sat></trkpt>
  <trkpt lat="26.41535500" lon="-80.16863167"><ele>10.535</ele><time>2026-07-24T17:17:34Z</time><speed>0.000</speed><sat>14</sat></trkpt>
  <trkpt lat="26.41535500" lon="-80.16863167"><ele>10.535</ele><time>2026-07-24T17:17:35Z</time><speed>0.000</speed><sat>14</sat></trkpt>
  <trkpt lat="26.41535500" lon="-80.16863167"><ele>10.535</ele><time>2026-07-24T17:17:36Z</time><speed>0.000</speed><sat>14</sat></trkpt>
  <trkpt lat="26.41535500" lon="-80.16863167"><ele>10.535</ele><time>2026-07-24T17:17:37Z</time><speed>0.000</speed><sat>14</sat></trkpt>
  <trkpt lat="26.41533333" lon="-80.16866167"><ele>11.234</ele><time>2026-07-24T17:17:38Z</time><speed>0.480</speed><sat>14</sat></trkpt>
  <trkpt lat="26.41532500" lon="-80.16869500"><ele>10.734</ele><time>2026-07-24T17:17:39Z</time><speed>0.754</speed><sat>14</sat></trkpt>
  <trkpt lat="26.41531000" lon="-80.16871500"><ele>10.634</ele><time>2026-07-24T17:17:40Z</time><speed>1.086</speed><sat>14</sat></trkpt>
  <trkpt lat="26.41529167" lon="-80.16874333"><ele>10.334</ele><time>2026-07-24T17:17:41Z</time><speed>1.430</speed><sat>14</sat></trkpt>
  <trkpt lat="26.41527333" lon="-80.16877500"><ele>10.034</ele><time>2026-07-24T17:17:42Z</time><speed>1.785</speed><sat>14</sat></trkpt>
  <trkpt lat="26.41525667" lon="-80.16880333"><ele>9.834</ele><time>2026-07-24T17:17:43Z</time><speed>2.137</speed><sat>14</sat></trkpt>
  <trkpt lat="26.41523667" lon="-80.16883167"><ele>9.834</ele><time>2026-07-24T17:17:44Z</time><speed>2.496</speed><sat>14</sat></trkpt>
  <trkpt lat="26.41521833" lon="-80.16886167"><ele>9.633</ele><time>2026-07-24T17:17:45Z</time><speed>2.867</speed><sat>14</sat></trkpt>
  <trkpt lat="26.41520000" lon="-80.16889167"><ele>9.333</ele><time>2026-07-24T17:17:46Z</time><speed>3.214</speed><sat>14</sat></trkpt>
  <trkpt lat="26.41518000" lon="-80.16892000"><ele>8.833</ele><time>2026-07-24T17:17:47Z</time><speed>3.476</speed><sat>14</sat></trkpt>
  <trkpt lat="26.41515833" lon="-80.16895333"><ele>8.433</ele><time>2026-07-24T17:17:48Z</time><speed>3.629</speed><sat>14</sat></trkpt>
  <trkpt lat="26.41514167" lon="-80.16898333"><ele>8.233</ele><time>2026-07-24T17:17:49Z</time><speed>3.716</speed><sat>14</sat></trkpt>
  <trkpt lat="26.41512333" lon="-80.16901333"><ele>8.133</ele><time>2026-07-24T17:17:50Z</time><speed>3.729</speed><sat>14</sat></trkpt>
  <trkpt lat="26.41510500" lon="-80.16904000"><ele>7.933</ele><time>2026-07-24T17:17:51Z</time><speed>3.713</speed><sat>14</sat></trkpt>
  <trkpt lat="26.41508833" lon="-80.16906667"><ele>7.733</ele><time>2026-07-24T17:17:52Z</time><speed>3.674</speed><sat>14</sat></trkpt>
  <trkpt lat="26.41507000" lon="-80.16909333"><ele>7.832</ele><time>2026-07-24T17:17:53Z</time><speed>3.628</speed><sat>14</sat></trkpt>
  <trkpt lat="26.41505333" lon="-80.16912000"><ele>7.832</ele><time>2026-07-24T17:17:54Z</time><speed>3.589</speed><sat>14</sat></trkpt>
  <trkpt lat="26.41503667" lon="-80.16914333"><ele>7.832</ele><time>2026-07-24T17:17:55Z</time><speed>3.508</speed><sat>14</sat></trkpt>
  <trkpt lat="26.41502333" lon="-80.16916500"><ele>7.932</ele><time>2026-07-24T17:17:56Z</time><speed>3.395</speed><sat>14</sat></trkpt>
  <trkpt lat="26.41501333" lon="-80.16918333"><ele>7.632</ele><time>2026-07-24T17:17:57Z</time><speed>3.239</speed><sat>14</sat></trkpt>
  <trkpt lat="26.41501167" lon="-80.16920500"><ele>7.432</ele><time>2026-07-24T17:17:58Z</time><speed>3.033</speed><sat>14</sat></trkpt>
  <trkpt lat="26.41501500" lon="-80.16922000"><ele>6.732</ele><time>2026-07-24T17:17:59Z</time><speed>2.778</speed><sat>14</sat></trkpt>
  <trkpt lat="26.41502500" lon="-80.16923000"><ele>6.732</ele><time>2026-07-24T17:18:00Z</time><speed>2.538</speed><sat>14</sat></trkpt>
  <trkpt lat="26.41504000" lon="-80.16924833"><ele>6.332</ele><time>2026-07-24T17:18:01Z</time><speed>2.437</speed><sat>14</sat></trkpt>
  <trkpt lat="26.41505667" lon="-80.16927333"><ele>5.832</ele><time>2026-07-24T17:18:02Z</time><speed>2.385</speed><sat>14</sat></trkpt>
  <trkpt lat="26.41507500" lon="-80.16930000"><ele>5.532</ele><time>2026-07-24T17:18:03Z</time><speed>2.389</speed><sat>14</sat></trkpt>
  <trkpt lat="26.41509667" lon="-80.16933167"><ele>5.931</ele><time>2026-07-24T17:18:04Z</time><speed>2.426</speed><sat>14</sat></trkpt>
  <trkpt lat="26.41512000" lon="-80.16935667"><ele>6.331</ele><time>2026-07-24T17:18:05Z</time><speed>2.473</speed><sat>14</sat></trkpt>
  <trkpt lat="26.41514500" lon="-80.16938000"><ele>6.431</ele><time>2026-07-24T17:18:06Z</time><speed>2.595</speed><sat>14</sat></trkpt>
  <trkpt lat="26.41517333" lon="-80.16940667"><ele>6.731</ele><time>2026-07-24T17:18:07Z</time><speed>2.759</speed><sat>14</sat></trkpt>
  <trkpt lat="26.41520167" lon="-80.16943500"><ele>6.931</ele><time>2026-07-24T17:18:08Z</time><speed>2.995</speed><sat>14</sat></trkpt>
  <trkpt lat="26.41522833" lon="-80.16946667"><ele>6.631</ele><time>2026-07-24T17:18:09Z</time><speed>3.313</speed><sat>14</sat></trkpt>
  <trkpt lat="26.41525333" lon="-80.16950333"><ele>6.931</ele><time>2026-07-24T17:18:10Z</time><speed>3.640</speed><sat>13</sat></trkpt>
  <trkpt lat="26.41527333" lon="-80.16954167"><ele>6.431</ele><time>2026-07-24T17:18:11Z</time><speed>3.864</speed><sat>14</sat></trkpt>
  <trkpt lat="26.41528833" lon="-80.16958500"><ele>6.631</ele><time>2026-07-24T17:18:12Z</time><speed>4.032</speed><sat>14</sat></trkpt>
  <trkpt lat="26.41530167" lon="-80.16962667"><ele>6.130</ele><time>2026-07-24T17:18:13Z</time><speed>4.117</speed><sat>14</sat></trkpt>
  <trkpt lat="26.41531167" lon="-80.16966333"><ele>6.230</ele><time>2026-07-24T17:18:14Z</time><speed>4.153</speed><sat>14</sat></trkpt>
  <trkpt lat="26.41531667" lon="-80.16970000"><ele>6.430</ele><time>2026-07-24T17:18:15Z</time><speed>4.138</speed><sat>14</sat></trkpt>
  <trkpt lat="26.41532167" lon="-80.16973167"><ele>6.330</ele><time>2026-07-24T17:18:16Z</time><speed>4.063</speed><sat>14</sat></trkpt>
  <trkpt lat="26.41532000" lon="-80.16976833"><ele>5.530</ele><time>2026-07-24T17:18:17Z</time><speed>4.064</speed><sat>14</sat></trkpt>
  <trkpt lat="26.41531000" lon="-80.16981000"><ele>4.930</ele><time>2026-07-24T17:18:18Z</time><speed>4.084</speed><sat>14</sat></trkpt>
  <trkpt lat="26.41530000" lon="-80.16985000"><ele>4.429</ele><time>2026-07-24T17:18:19Z</time><speed>4.055</speed><sat>14</sat></trkpt>
  <trkpt lat="26.41529000" lon="-80.16988500"><ele>4.629</ele><time>2026-07-24T17:18:20Z</time><speed>3.966</speed><sat>14</sat></trkpt>
  <trkpt lat="26.41527833" lon="-80.16991833"><ele>4.529</ele><time>2026-07-24T17:18:21Z</time><speed>3.832</speed><sat>14</sat></trkpt>
  <trkpt lat="26.41527000" lon="-80.16995833"><ele>4.429</ele><time>2026-07-24T17:18:22Z</time><speed>3.729</speed><sat>14</sat></trkpt>
  <trkpt lat="26.41525833" lon="-80.17000167"><ele>4.229</ele><time>2026-07-24T17:18:23Z</time><speed>3.736</speed><sat>14</sat></trkpt>
  <trkpt lat="26.41525000" lon="-80.17003667"><ele>3.729</ele><time>2026-07-24T17:18:24Z</time><speed>3.772</speed><sat>14</sat></trkpt>
  <trkpt lat="26.41523833" lon="-80.17007667"><ele>3.928</ele><time>2026-07-24T17:18:25Z</time><speed>3.848</speed><sat>14</sat></trkpt>
  <trkpt lat="26.41522833" lon="-80.17011667"><ele>3.928</ele><time>2026-07-24T17:18:26Z</time><speed>3.955</speed><sat>14</sat></trkpt>
  <trkpt lat="26.41522000" lon="-80.17016167"><ele>4.028</ele><time>2026-07-24T17:18:27Z</time><speed>4.015</speed><sat>14</sat></trkpt>
  <trkpt lat="26.41521167" lon="-80.17020667"><ele>3.928</ele><time>2026-07-24T17:18:28Z</time><speed>4.010</speed><sat>14</sat></trkpt>
  <trkpt lat="26.41520333" lon="-80.17025167"><ele>3.628</ele><time>2026-07-24T17:18:29Z</time><speed>4.026</speed><sat>14</sat></trkpt>
  <trkpt lat="26.41519500" lon="-80.17029333"><ele>3.428</ele><time>2026-07-24T17:18:30Z</time><speed>4.063</speed><sat>14</sat></trkpt>
  <trkpt lat="26.41519000" lon="-80.17033500"><ele>2.927</ele><time>2026-07-24T17:18:31Z</time><speed>4.098</speed><sat>14</sat></trkpt>
  <trkpt lat="26.41518167" lon="-80.17037167"><ele>2.827</ele><time>2026-07-24T17:18:32Z</time><speed>4.117</speed><sat>14</sat></trkpt>
  <trkpt lat="26.41517333" lon="-80.17041333"><ele>2.727</ele><time>2026-07-24T17:18:33Z</time><speed>4.100</speed><sat>14</sat></trkpt>
  <trkpt lat="26.41516500" lon="-80.17045500"><ele>2.527</ele><time>2026-07-24T17:18:34Z</time><speed>4.074</speed><sat>14</sat></trkpt>
  <trkpt lat="26.41516000" lon="-80.17049500"><ele>1.727</ele><time>2026-07-24T17:18:35Z</time><speed>4.070</speed><sat>14</sat></trkpt>
  <trkpt lat="26.41516000" lon="-80.17053333"><ele>1.127</ele><time>2026-07-24T17:18:36Z</time><speed>3.975</speed><sat>14</sat></trkpt>
  <trkpt lat="26.41516167" lon="-80.17056667"><ele>1.426</ele><time>2026-07-24T17:18:37Z</time><speed>3.820</speed><sat>14</sat></trkpt>
  <trkpt lat="26.41515833" lon="-80.17059833"><ele>1.326</ele><time>2026-07-24T17:18:38Z</time><speed>3.707</speed><sat>14</sat></trkpt>
  <trkpt lat="26.41515333" lon="-80.17062333"><ele>1.226</ele><time>2026-07-24T17:18:39Z</time><speed>3.511</speed><sat>14</sat></trkpt>
  <trkpt lat="26.41514667" lon="-80.17063833"><ele>0.826</ele><time>2026-07-24T17:18:40Z</time><speed>3.274</speed><sat>14</sat></trkpt>
  <trkpt lat="26.41514500" lon="-80.17065333"><ele>1.526</ele><time>2026-07-24T17:18:41Z</time><speed>2.987</speed><sat>14</sat></trkpt>
  <trkpt lat="26.41513833" lon="-80.17066667"><ele>2.226</ele><time>2026-07-24T17:18:42Z</time><speed>2.740</speed><sat>14</sat></trkpt>
  <trkpt lat="26.41512833" lon="-80.17068167"><ele>2.526</ele><time>2026-07-24T17:18:43Z</time><speed>2.485</speed><sat>14</sat></trkpt>
  <trkpt lat="26.41511167" lon="-80.17069667"><ele>3.026</ele><time>2026-07-24T17:18:44Z</time><speed>2.277</speed><sat>14</sat></trkpt>
  <trkpt lat="26.41508667" lon="-80.17071167"><ele>3.626</ele><time>2026-07-24T17:18:45Z</time><speed>2.135</speed><sat>14</sat></trkpt>
  <trkpt lat="26.41506000" lon="-80.17072167"><ele>3.726</ele><time>2026-07-24T17:18:46Z</time><speed>2.073</speed><sat>14</sat></trkpt>
  <trkpt lat="26.41503833" lon="-80.17073000"><ele>4.226</ele><time>2026-07-24T17:18:47Z</time><speed>2.028</speed><sat>14</sat></trkpt>
  <trkpt lat="26.41501167" lon="-80.17074000"><ele>4.326</ele><time>2026-07-24T17:18:48Z</time><speed>2.003</speed><sat>14</sat></trkpt>
  <trkpt lat="26.41498167" lon="-80.17074167"><ele>4.826</ele><time>2026-07-24T17:18:49Z</time><speed>2.070</speed><sat>14</sat></trkpt>
  <trkpt lat="26.41495000" lon="-80.17074333"><ele>4.926</ele><time>2026-07-24T17:18:50Z</time><speed>2.247</speed><sat>14</sat></trkpt>
  <trkpt lat="26.41491500" lon="-80.17075333"><ele>4.826</ele><time>2026-07-24T17:18:51Z</time><speed>2.499</speed><sat>14</sat></trkpt>
  <trkpt lat="26.41488167" lon="-80.17076167"><ele>4.725</ele><time>2026-07-24T17:18:52Z</time><speed>2.737</speed><sat>14</sat></trkpt>
  <trkpt lat="26.41484833" lon="-80.17076833"><ele>4.725</ele><time>2026-07-24T17:18:53Z</time><speed>2.971</speed><sat>14</sat></trkpt>
  <trkpt lat="26.41481500" lon="-80.17077000"><ele>4.825</ele><time>2026-07-24T17:18:54Z</time><speed>3.136</speed><sat>14</sat></trkpt>
  <trkpt lat="26.41478167" lon="-80.17077500"><ele>4.825</ele><time>2026-07-24T17:18:55Z</time><speed>3.182</speed><sat>14</sat></trkpt>
  <trkpt lat="26.41475000" lon="-80.17077167"><ele>5.125</ele><time>2026-07-24T17:18:56Z</time><speed>3.225</speed><sat>14</sat></trkpt>
  <trkpt lat="26.41471167" lon="-80.17077167"><ele>5.025</ele><time>2026-07-24T17:18:57Z</time><speed>3.337</speed><sat>14</sat></trkpt>
  <trkpt lat="26.41467333" lon="-80.17077167"><ele>5.225</ele><time>2026-07-24T17:18:58Z</time><speed>3.442</speed><sat>14</sat></trkpt>
  <trkpt lat="26.41463500" lon="-80.17077500"><ele>5.225</ele><time>2026-07-24T17:18:59Z</time><speed>3.554</speed><sat>14</sat></trkpt>
  <trkpt lat="26.41459667" lon="-80.17077667"><ele>5.025</ele><time>2026-07-24T17:19:00Z</time><speed>3.630</speed><sat>14</sat></trkpt>
  <trkpt lat="26.41456167" lon="-80.17077667"><ele>5.025</ele><time>2026-07-24T17:19:01Z</time><speed>3.707</speed><sat>14</sat></trkpt>
  <trkpt lat="26.41452333" lon="-80.17078000"><ele>5.225</ele><time>2026-07-24T17:19:02Z</time><speed>3.780</speed><sat>14</sat></trkpt>
  <trkpt lat="26.41448667" lon="-80.17078167"><ele>5.225</ele><time>2026-07-24T17:19:03Z</time><speed>3.789</speed><sat>14</sat></trkpt>
  <trkpt lat="26.41445000" lon="-80.17078167"><ele>5.425</ele><time>2026-07-24T17:19:04Z</time><speed>3.809</speed><sat>14</sat></trkpt>
  <trkpt lat="26.41441833" lon="-80.17078167"><ele>5.525</ele><time>2026-07-24T17:19:05Z</time><speed>3.850</speed><sat>14</sat></trkpt>
  <trkpt lat="26.41438833" lon="-80.17078000"><ele>5.725</ele><time>2026-07-24T17:19:06Z</time><speed>3.877</speed><sat>14</sat></trkpt>
  <trkpt lat="26.41435833" lon="-80.17077833"><ele>5.825</ele><time>2026-07-24T17:19:07Z</time><speed>3.846</speed><sat>14</sat></trkpt>
  <trkpt lat="26.41432667" lon="-80.17077167"><ele>6.125</ele><time>2026-07-24T17:19:08Z</time><speed>3.794</speed><sat>14</sat></trkpt>
  <trkpt lat="26.41429500" lon="-80.17076500"><ele>6.425</ele><time>2026-07-24T17:19:09Z</time><speed>3.741</speed><sat>14</sat></trkpt>
  <trkpt lat="26.41426167" lon="-80.17076167"><ele>6.725</ele><time>2026-07-24T17:19:10Z</time><speed>3.700</speed><sat>14</sat></trkpt>
  <trkpt lat="26.41422500" lon="-80.17076000"><ele>6.825</ele><time>2026-07-24T17:19:11Z</time><speed>3.677</speed><sat>14</sat></trkpt>
  <trkpt lat="26.41418833" lon="-80.17075833"><ele>6.925</ele><time>2026-07-24T17:19:12Z</time><speed>3.641</speed><sat>14</sat></trkpt>
  <trkpt lat="26.41415167" lon="-80.17075833"><ele>7.225</ele><time>2026-07-24T17:19:13Z</time><speed>3.651</speed><sat>14</sat></trkpt>
  <trkpt lat="26.41412000" lon="-80.17076000"><ele>6.625</ele><time>2026-07-24T17:19:14Z</time><speed>3.637</speed><sat>14</sat></trkpt>
  <trkpt lat="26.41408667" lon="-80.17075500"><ele>7.325</ele><time>2026-07-24T17:19:15Z</time><speed>3.671</speed><sat>14</sat></trkpt>
  <trkpt lat="26.41405667" lon="-80.17075667"><ele>7.125</ele><time>2026-07-24T17:19:16Z</time><speed>3.690</speed><sat>14</sat></trkpt>
  <trkpt lat="26.41403000" lon="-80.17075167"><ele>8.325</ele><time>2026-07-24T17:19:17Z</time><speed>3.664</speed><sat>14</sat></trkpt>
  <trkpt lat="26.41400500" lon="-80.17075000"><ele>9.125</ele><time>2026-07-24T17:19:18Z</time><speed>3.590</speed><sat>14</sat></trkpt>
  <trkpt lat="26.41398333" lon="-80.17075667"><ele>9.625</ele><time>2026-07-24T17:19:19Z</time><speed>3.492</speed><sat>14</sat></trkpt>
  <trkpt lat="26.41395667" lon="-80.17075333"><ele>10.625</ele><time>2026-07-24T17:19:20Z</time><speed>3.400</speed><sat>14</sat></trkpt>
  <trkpt lat="26.41392167" lon="-80.17075667"><ele>10.725</ele><time>2026-07-24T17:19:21Z</time><speed>3.300</speed><sat>14</sat></trkpt>
  <trkpt lat="26.41388500" lon="-80.17075833"><ele>10.525</ele><time>2026-07-24T17:19:22Z</time><speed>3.229</speed><sat>14</sat></trkpt>
  <trkpt lat="26.41384667" lon="-80.17076333"><ele>9.825</ele><time>2026-07-24T17:19:23Z</time><speed>3.198</speed><sat>14</sat></trkpt>
  <trkpt lat="26.41381167" lon="-80.17076333"><ele>9.925</ele><time>2026-07-24T17:19:24Z</time><speed>3.209</speed><sat>14</sat></trkpt>
  <trkpt lat="26.41377667" lon="-80.17076333"><ele>8.925</ele><time>2026-07-24T17:19:25Z</time><speed>3.180</speed><sat>14</sat></trkpt>
  <trkpt lat="26.41374167" lon="-80.17076167"><ele>8.225</ele><time>2026-07-24T17:19:26Z</time><speed>3.174</speed><sat>14</sat></trkpt>
  <trkpt lat="26.41370667" lon="-80.17075167"><ele>8.325</ele><time>2026-07-24T17:19:27Z</time><speed>3.232</speed><sat>14</sat></trkpt>
  <trkpt lat="26.41367167" lon="-80.17075167"><ele>8.225</ele><time>2026-07-24T17:19:28Z</time><speed>3.332</speed><sat>14</sat></trkpt>
  <trkpt lat="26.41363667" lon="-80.17074500"><ele>8.425</ele><time>2026-07-24T17:19:29Z</time><speed>3.451</speed><sat>14</sat></trkpt>
  <trkpt lat="26.41360167" lon="-80.17073833"><ele>8.525</ele><time>2026-07-24T17:19:30Z</time><speed>3.532</speed><sat>14</sat></trkpt>
  <trkpt lat="26.41356833" lon="-80.17073333"><ele>8.525</ele><time>2026-07-24T17:19:31Z</time><speed>3.610</speed><sat>14</sat></trkpt>
  <trkpt lat="26.41353500" lon="-80.17074000"><ele>7.625</ele><time>2026-07-24T17:19:32Z</time><speed>3.680</speed><sat>14</sat></trkpt>
  <trkpt lat="26.41350000" lon="-80.17073000"><ele>7.525</ele><time>2026-07-24T17:19:33Z</time><speed>3.690</speed><sat>14</sat></trkpt>
  <trkpt lat="26.41346333" lon="-80.17073500"><ele>6.725</ele><time>2026-07-24T17:19:34Z</time><speed>3.701</speed><sat>14</sat></trkpt>
  <trkpt lat="26.41342500" lon="-80.17073333"><ele>5.825</ele><time>2026-07-24T17:19:35Z</time><speed>3.709</speed><sat>14</sat></trkpt>
  <trkpt lat="26.41338000" lon="-80.17073500"><ele>4.425</ele><time>2026-07-24T17:19:36Z</time><speed>3.740</speed><sat>14</sat></trkpt>
  <trkpt lat="26.41334000" lon="-80.17074333"><ele>3.325</ele><time>2026-07-24T17:19:37Z</time><speed>3.736</speed><sat>14</sat></trkpt>
  <trkpt lat="26.41330333" lon="-80.17075167"><ele>2.725</ele><time>2026-07-24T17:19:38Z</time><speed>3.697</speed><sat>14</sat></trkpt>
  <trkpt lat="26.41327167" lon="-80.17075833"><ele>1.825</ele><time>2026-07-24T17:19:39Z</time><speed>3.640</speed><sat>14</sat></trkpt>
  <trkpt lat="26.41324000" lon="-80.17076833"><ele>0.925</ele><time>2026-07-24T17:19:40Z</time><speed>3.621</speed><sat>14</sat></trkpt>
  <trkpt lat="26.41320667" lon="-80.17077333"><ele>0.024</ele><time>2026-07-24T17:19:41Z</time><speed>3.604</speed><sat>14</sat></trkpt>
  <trkpt lat="26.41317167" lon="-80.17077833"><ele>-0.776</ele><time>2026-07-24T17:19:42Z</time><speed>3.576</speed><sat>14</sat></trkpt>
  <trkpt lat="26.41313833" lon="-80.17078333"><ele>-1.176</ele><time>2026-07-24T17:19:43Z</time><speed>3.568</speed><sat>14</sat></trkpt>
  <trkpt lat="26.41310500" lon="-80.17078500"><ele>-1.476</ele><time>2026-07-24T17:19:44Z</time><speed>3.525</speed><sat>14</sat></trkpt>
  <trkpt lat="26.41307167" lon="-80.17078667"><ele>-1.676</ele><time>2026-07-24T17:19:45Z</time><speed>3.540</speed><sat>14</sat></trkpt>
  <trkpt lat="26.41303833" lon="-80.17078667"><ele>-1.576</ele><time>2026-07-24T17:19:46Z</time><speed>3.523</speed><sat>14</sat></trkpt>
  <trkpt lat="26.41300667" lon="-80.17078500"><ele>-1.476</ele><time>2026-07-24T17:19:47Z</time><speed>3.533</speed><sat>13</sat></trkpt>
  <trkpt lat="26.41297167" lon="-80.17078000"><ele>-1.476</ele><time>2026-07-24T17:19:48Z</time><speed>3.582</speed><sat>13</sat></trkpt>
  <trkpt lat="26.41293833" lon="-80.17077333"><ele>-1.676</ele><time>2026-07-24T17:19:49Z</time><speed>3.623</speed><sat>13</sat></trkpt>
  <trkpt lat="26.41290667" lon="-80.17076333"><ele>-1.376</ele><time>2026-07-24T17:19:50Z</time><speed>3.648</speed><sat>14</sat></trkpt>
  <trkpt lat="26.41287500" lon="-80.17075833"><ele>-1.176</ele><time>2026-07-24T17:19:51Z</time><speed>3.648</speed><sat>14</sat></trkpt>
  <trkpt lat="26.41284333" lon="-80.17075667"><ele>-0.976</ele><time>2026-07-24T17:19:52Z</time><speed>3.628</speed><sat>14</sat></trkpt>
  <trkpt lat="26.41281167" lon="-80.17076167"><ele>-0.676</ele><time>2026-07-24T17:19:53Z</time><speed>3.647</speed><sat>14</sat></trkpt>
  <trkpt lat="26.41277667" lon="-80.17077000"><ele>-1.076</ele><time>2026-07-24T17:19:54Z</time><speed>3.687</speed><sat>14</sat></trkpt>
  <trkpt lat="26.41274500" lon="-80.17076667"><ele>-0.576</ele><time>2026-07-24T17:19:55Z</time><speed>3.705</speed><sat>14</sat></trkpt>
  <trkpt lat="26.41270667" lon="-80.17076667"><ele>-0.276</ele><time>2026-07-24T17:19:56Z</time><speed>3.735</speed><sat>14</sat></trkpt>
  <trkpt lat="26.41267167" lon="-80.17076500"><ele>0.124</ele><time>2026-07-24T17:19:57Z</time><speed>3.758</speed><sat>14</sat></trkpt>
  <trkpt lat="26.41263833" lon="-80.17076000"><ele>0.524</ele><time>2026-07-24T17:19:58Z</time><speed>3.736</speed><sat>14</sat></trkpt>
  <trkpt lat="26.41260667" lon="-80.17075833"><ele>1.224</ele><time>2026-07-24T17:19:59Z</time><speed>3.747</speed><sat>14</sat></trkpt>
  <trkpt lat="26.41257667" lon="-80.17075667"><ele>2.024</ele><time>2026-07-24T17:20:00Z</time><speed>3.731</speed><sat>14</sat></trkpt>
  <trkpt lat="26.41255167" lon="-80.17075667"><ele>2.824</ele><time>2026-07-24T17:20:01Z</time><speed>3.710</speed><sat>14</sat></trkpt>
  <trkpt lat="26.41252167" lon="-80.17075167"><ele>3.624</ele><time>2026-07-24T17:20:02Z</time><speed>3.722</speed><sat>14</sat></trkpt>
  <trkpt lat="26.41249000" lon="-80.17075000"><ele>3.524</ele><time>2026-07-24T17:20:03Z</time><speed>3.702</speed><sat>14</sat></trkpt>
  <trkpt lat="26.41245500" lon="-80.17075333"><ele>2.724</ele><time>2026-07-24T17:20:04Z</time><speed>3.673</speed><sat>14</sat></trkpt>
  <trkpt lat="26.41242000" lon="-80.17074833"><ele>3.024</ele><time>2026-07-24T17:20:05Z</time><speed>3.638</speed><sat>14</sat></trkpt>
  <trkpt lat="26.41239000" lon="-80.17074000"><ele>3.324</ele><time>2026-07-24T17:20:06Z</time><speed>3.585</speed><sat>14</sat></trkpt>
  <trkpt lat="26.41235833" lon="-80.17073500"><ele>2.924</ele><time>2026-07-24T17:20:07Z</time><speed>3.559</speed><sat>14</sat></trkpt>
  <trkpt lat="26.41232500" lon="-80.17073333"><ele>2.624</ele><time>2026-07-24T17:20:08Z</time><speed>3.605</speed><sat>14</sat></trkpt>
  <trkpt lat="26.41228833" lon="-80.17073000"><ele>2.124</ele><time>2026-07-24T17:20:09Z</time><speed>3.575</speed><sat>14</sat></trkpt>
  <trkpt lat="26.41225833" lon="-80.17073000"><ele>1.724</ele><time>2026-07-24T17:20:10Z</time><speed>3.570</speed><sat>13</sat></trkpt>
  <trkpt lat="26.41222833" lon="-80.17072667"><ele>1.624</ele><time>2026-07-24T17:20:11Z</time><speed>3.551</speed><sat>13</sat></trkpt>
  <trkpt lat="26.41220167" lon="-80.17072000"><ele>1.624</ele><time>2026-07-24T17:20:12Z</time><speed>3.506</speed><sat>14</sat></trkpt>
  <trkpt lat="26.41217333" lon="-80.17071833"><ele>1.624</ele><time>2026-07-24T17:20:13Z</time><speed>3.517</speed><sat>14</sat></trkpt>
  <trkpt lat="26.41214167" lon="-80.17071833"><ele>1.424</ele><time>2026-07-24T17:20:14Z</time><speed>3.519</speed><sat>14</sat></trkpt>
  <trkpt lat="26.41210500" lon="-80.17072000"><ele>1.424</ele><time>2026-07-24T17:20:15Z</time><speed>3.517</speed><sat>14</sat></trkpt>
  <trkpt lat="26.41207667" lon="-80.17072000"><ele>1.124</ele><time>2026-07-24T17:20:16Z</time><speed>3.480</speed><sat>14</sat></trkpt>
  <trkpt lat="26.41205000" lon="-80.17071833"><ele>0.924</ele><time>2026-07-24T17:20:17Z</time><speed>3.446</speed><sat>13</sat></trkpt>
  <trkpt lat="26.41202167" lon="-80.17071833"><ele>1.224</ele><time>2026-07-24T17:20:18Z</time><speed>3.337</speed><sat>14</sat></trkpt>
  <trkpt lat="26.41198667" lon="-80.17072667"><ele>1.724</ele><time>2026-07-24T17:20:19Z</time><speed>3.245</speed><sat>14</sat></trkpt>
  <trkpt lat="26.41196000" lon="-80.17073000"><ele>1.724</ele><time>2026-07-24T17:20:20Z</time><speed>3.197</speed><sat>14</sat></trkpt>
  <trkpt lat="26.41193000" lon="-80.17073333"><ele>1.524</ele><time>2026-07-24T17:20:21Z</time><speed>3.164</speed><sat>14</sat></trkpt>
  <trkpt lat="26.41190333" lon="-80.17073500"><ele>1.524</ele><time>2026-07-24T17:20:22Z</time><speed>3.153</speed><sat>14</sat></trkpt>
  <trkpt lat="26.41187500" lon="-80.17073333"><ele>1.624</ele><time>2026-07-24T17:20:23Z</time><speed>3.102</speed><sat>13</sat></trkpt>
  <trkpt lat="26.41184000" lon="-80.17073333"><ele>2.024</ele><time>2026-07-24T17:20:24Z</time><speed>3.070</speed><sat>14</sat></trkpt>
  <trkpt lat="26.41180500" lon="-80.17073000"><ele>3.224</ele><time>2026-07-24T17:20:25Z</time><speed>3.076</speed><sat>14</sat></trkpt>
  <trkpt lat="26.41177333" lon="-80.17073333"><ele>3.224</ele><time>2026-07-24T17:20:26Z</time><speed>3.086</speed><sat>14</sat></trkpt>
  <trkpt lat="26.41174333" lon="-80.17073167"><ele>3.424</ele><time>2026-07-24T17:20:27Z</time><speed>3.097</speed><sat>14</sat></trkpt>
  <trkpt lat="26.41171333" lon="-80.17072500"><ele>3.424</ele><time>2026-07-24T17:20:28Z</time><speed>3.134</speed><sat>13</sat></trkpt>
  <trkpt lat="26.41168000" lon="-80.17072000"><ele>3.524</ele><time>2026-07-24T17:20:29Z</time><speed>3.275</speed><sat>14</sat></trkpt>
  <trkpt lat="26.41164667" lon="-80.17071833"><ele>3.224</ele><time>2026-07-24T17:20:30Z</time><speed>3.342</speed><sat>14</sat></trkpt>
  <trkpt lat="26.41161500" lon="-80.17071000"><ele>3.024</ele><time>2026-07-24T17:20:31Z</time><speed>3.325</speed><sat>14</sat></trkpt>
  <trkpt lat="26.41159500" lon="-80.17070000"><ele>3.624</ele><time>2026-07-24T17:20:32Z</time><speed>3.280</speed><sat>14</sat></trkpt>
  <trkpt lat="26.41156167" lon="-80.17068000"><ele>5.824</ele><time>2026-07-24T17:20:33Z</time><speed>3.292</speed><sat>14</sat></trkpt>
  <trkpt lat="26.41153000" lon="-80.17067667"><ele>6.524</ele><time>2026-07-24T17:20:34Z</time><speed>3.308</speed><sat>14</sat></trkpt>
  <trkpt lat="26.41150000" lon="-80.17068000"><ele>6.224</ele><time>2026-07-24T17:20:35Z</time><speed>3.310</speed><sat>14</sat></trkpt>
  <trkpt lat="26.41146500" lon="-80.17068000"><ele>6.124</ele><time>2026-07-24T17:20:36Z</time><speed>3.425</speed><sat>14</sat></trkpt>
  <trkpt lat="26.41143000" lon="-80.17068500"><ele>6.024</ele><time>2026-07-24T17:20:37Z</time><speed>3.485</speed><sat>14</sat></trkpt>
  <trkpt lat="26.41139500" lon="-80.17069500"><ele>5.524</ele><time>2026-07-24T17:20:38Z</time><speed>3.558</speed><sat>14</sat></trkpt>
  <trkpt lat="26.41135667" lon="-80.17070500"><ele>5.124</ele><time>2026-07-24T17:20:39Z</time><speed>3.542</speed><sat>14</sat></trkpt>
  <trkpt lat="26.41132333" lon="-80.17071833"><ele>4.724</ele><time>2026-07-24T17:20:40Z</time><speed>3.563</speed><sat>14</sat></trkpt>
  <trkpt lat="26.41128833" lon="-80.17073000"><ele>4.024</ele><time>2026-07-24T17:20:41Z</time><speed>3.699</speed><sat>14</sat></trkpt>
  <trkpt lat="26.41124833" lon="-80.17073167"><ele>2.924</ele><time>2026-07-24T17:20:42Z</time><speed>3.834</speed><sat>14</sat></trkpt>
  <trkpt lat="26.41120500" lon="-80.17073167"><ele>1.924</ele><time>2026-07-24T17:20:43Z</time><speed>3.895</speed><sat>14</sat></trkpt>
  <trkpt lat="26.41117167" lon="-80.17073500"><ele>1.323</ele><time>2026-07-24T17:20:44Z</time><speed>3.954</speed><sat>13</sat></trkpt>
  <trkpt lat="26.41113833" lon="-80.17073500"><ele>0.723</ele><time>2026-07-24T17:20:45Z</time><speed>4.004</speed><sat>14</sat></trkpt>
  <trkpt lat="26.41110167" lon="-80.17072333"><ele>0.523</ele><time>2026-07-24T17:20:46Z</time><speed>3.949</speed><sat>14</sat></trkpt>
  <trkpt lat="26.41107000" lon="-80.17071333"><ele>0.424</ele><time>2026-07-24T17:20:47Z</time><speed>3.875</speed><sat>13</sat></trkpt>
  <trkpt lat="26.41104000" lon="-80.17069833"><ele>0.324</ele><time>2026-07-24T17:20:48Z</time><speed>3.858</speed><sat>13</sat></trkpt>
  <trkpt lat="26.41100167" lon="-80.17069167"><ele>0.624</ele><time>2026-07-24T17:20:49Z</time><speed>3.874</speed><sat>13</sat></trkpt>
  <trkpt lat="26.41096000" lon="-80.17069167"><ele>0.724</ele><time>2026-07-24T17:20:50Z</time><speed>3.876</speed><sat>13</sat></trkpt>
  <trkpt lat="26.41092500" lon="-80.17070333"><ele>0.423</ele><time>2026-07-24T17:20:51Z</time><speed>3.862</speed><sat>14</sat></trkpt>
  <trkpt lat="26.41089167" lon="-80.17071667"><ele>0.023</ele><time>2026-07-24T17:20:52Z</time><speed>3.854</speed><sat>14</sat></trkpt>
  <trkpt lat="26.41085833" lon="-80.17071500"><ele>-0.177</ele><time>2026-07-24T17:20:53Z</time><speed>3.841</speed><sat>14</sat></trkpt>
  <trkpt lat="26.41082333" lon="-80.17071833"><ele>-0.377</ele><time>2026-07-24T17:20:54Z</time><speed>3.818</speed><sat>14</sat></trkpt>
  <trkpt lat="26.41078833" lon="-80.17071333"><ele>-0.477</ele><time>2026-07-24T17:20:55Z</time><speed>3.791</speed><sat>14</sat></trkpt>
  <trkpt lat="26.41075667" lon="-80.17070167"><ele>0.423</ele><time>2026-07-24T17:20:56Z</time><speed>3.800</speed><sat>14</sat></trkpt>
  <trkpt lat="26.41072167" lon="-80.17069167"><ele>0.123</ele><time>2026-07-24T17:20:57Z</time><speed>3.855</speed><sat>14</sat></trkpt>
  <trkpt lat="26.41068833" lon="-80.17068333"><ele>0.023</ele><time>2026-07-24T17:20:58Z</time><speed>3.880</speed><sat>14</sat></trkpt>
  <trkpt lat="26.41065167" lon="-80.17067833"><ele>0.023</ele><time>2026-07-24T17:20:59Z</time><speed>3.903</speed><sat>14</sat></trkpt>
  <trkpt lat="26.41061333" lon="-80.17066833"><ele>1.623</ele><time>2026-07-24T17:21:00Z</time><speed>3.929</speed><sat>14</sat></trkpt>
  <trkpt lat="26.41057667" lon="-80.17066500"><ele>3.023</ele><time>2026-07-24T17:21:01Z</time><speed>3.879</speed><sat>14</sat></trkpt>
  <trkpt lat="26.41053500" lon="-80.17066500"><ele>4.023</ele><time>2026-07-24T17:21:02Z</time><speed>3.935</speed><sat>14</sat></trkpt>
  <trkpt lat="26.41049333" lon="-80.17066667"><ele>4.123</ele><time>2026-07-24T17:21:03Z</time><speed>3.962</speed><sat>14</sat></trkpt>
  <trkpt lat="26.41045333" lon="-80.17066833"><ele>4.423</ele><time>2026-07-24T17:21:04Z</time><speed>4.004</speed><sat>14</sat></trkpt>
  <trkpt lat="26.41041333" lon="-80.17066500"><ele>4.423</ele><time>2026-07-24T17:21:05Z</time><speed>4.045</speed><sat>14</sat></trkpt>
  <trkpt lat="26.41037333" lon="-80.17066000"><ele>4.823</ele><time>2026-07-24T17:21:06Z</time><speed>4.090</speed><sat>14</sat></trkpt>
  <trkpt lat="26.41033333" lon="-80.17065833"><ele>4.923</ele><time>2026-07-24T17:21:07Z</time><speed>4.134</speed><sat>14</sat></trkpt>
  <trkpt lat="26.41029333" lon="-80.17065667"><ele>4.923</ele><time>2026-07-24T17:21:08Z</time><speed>4.156</speed><sat>14</sat></trkpt>
  <trkpt lat="26.41025333" lon="-80.17065667"><ele>4.823</ele><time>2026-07-24T17:21:09Z</time><speed>4.185</speed><sat>14</sat></trkpt>
  <trkpt lat="26.41021333" lon="-80.17066000"><ele>4.823</ele><time>2026-07-24T17:21:10Z</time><speed>4.221</speed><sat>14</sat></trkpt>
  <trkpt lat="26.41017500" lon="-80.17066667"><ele>4.523</ele><time>2026-07-24T17:21:11Z</time><speed>4.310</speed><sat>14</sat></trkpt>
  <trkpt lat="26.41013667" lon="-80.17067500"><ele>4.623</ele><time>2026-07-24T17:21:12Z</time><speed>4.303</speed><sat>14</sat></trkpt>
  <trkpt lat="26.41010000" lon="-80.17068500"><ele>4.223</ele><time>2026-07-24T17:21:13Z</time><speed>4.327</speed><sat>14</sat></trkpt>
  <trkpt lat="26.41006167" lon="-80.17068833"><ele>4.423</ele><time>2026-07-24T17:21:14Z</time><speed>4.341</speed><sat>14</sat></trkpt>
  <trkpt lat="26.41002333" lon="-80.17069500"><ele>3.823</ele><time>2026-07-24T17:21:15Z</time><speed>4.355</speed><sat>14</sat></trkpt>
  <trkpt lat="26.40998333" lon="-80.17070000"><ele>3.123</ele><time>2026-07-24T17:21:16Z</time><speed>4.375</speed><sat>14</sat></trkpt>
  <trkpt lat="26.40994333" lon="-80.17070500"><ele>2.523</ele><time>2026-07-24T17:21:17Z</time><speed>4.368</speed><sat>14</sat></trkpt>
  <trkpt lat="26.40990667" lon="-80.17070667"><ele>1.723</ele><time>2026-07-24T17:21:18Z</time><speed>4.344</speed><sat>14</sat></trkpt>
  <trkpt lat="26.40986833" lon="-80.17070667"><ele>0.923</ele><time>2026-07-24T17:21:19Z</time><speed>4.314</speed><sat>14</sat></trkpt>
  <trkpt lat="26.40983333" lon="-80.17070500"><ele>0.223</ele><time>2026-07-24T17:21:20Z</time><speed>4.275</speed><sat>14</sat></trkpt>
  <trkpt lat="26.40979833" lon="-80.17070333"><ele>-0.377</ele><time>2026-07-24T17:21:21Z</time><speed>4.247</speed><sat>14</sat></trkpt>
  <trkpt lat="26.40976333" lon="-80.17070333"><ele>-0.877</ele><time>2026-07-24T17:21:22Z</time><speed>4.201</speed><sat>14</sat></trkpt>
  <trkpt lat="26.40972833" lon="-80.17070500"><ele>-1.677</ele><time>2026-07-24T17:21:23Z</time><speed>4.151</speed><sat>14</sat></trkpt>
  <trkpt lat="26.40969500" lon="-80.17070333"><ele>-2.777</ele><time>2026-07-24T17:21:24Z</time><speed>4.102</speed><sat>13</sat></trkpt>
  <trkpt lat="26.40966167" lon="-80.17069167"><ele>-3.077</ele><time>2026-07-24T17:21:25Z</time><speed>4.061</speed><sat>14</sat></trkpt>
  <trkpt lat="26.40962333" lon="-80.17068667"><ele>-3.777</ele><time>2026-07-24T17:21:26Z</time><speed>3.956</speed><sat>13</sat></trkpt>
  <trkpt lat="26.40960500" lon="-80.17066333"><ele>-4.177</ele><time>2026-07-24T17:21:27Z</time><speed>3.900</speed><sat>13</sat></trkpt>
  <trkpt lat="26.40959667" lon="-80.17063000"><ele>-4.577</ele><time>2026-07-24T17:21:28Z</time><speed>3.887</speed><sat>13</sat></trkpt>
  <trkpt lat="26.40959333" lon="-80.17058833"><ele>-4.677</ele><time>2026-07-24T17:21:29Z</time><speed>3.870</speed><sat>13</sat></trkpt>
  <trkpt lat="26.40959500" lon="-80.17055000"><ele>-5.077</ele><time>2026-07-24T17:21:30Z</time><speed>3.892</speed><sat>13</sat></trkpt>
  <trkpt lat="26.40959500" lon="-80.17050167"><ele>-5.276</ele><time>2026-07-24T17:21:31Z</time><speed>3.972</speed><sat>13</sat></trkpt>
  <trkpt lat="26.40960167" lon="-80.17045500"><ele>-6.176</ele><time>2026-07-24T17:21:32Z</time><speed>4.076</speed><sat>13</sat></trkpt>
  <trkpt lat="26.40960667" lon="-80.17041167"><ele>-7.076</ele><time>2026-07-24T17:21:33Z</time><speed>4.110</speed><sat>13</sat></trkpt>
  <trkpt lat="26.40961333" lon="-80.17036333"><ele>-6.476</ele><time>2026-07-24T17:21:34Z</time><speed>4.088</speed><sat>12</sat></trkpt>
  <trkpt lat="26.40961667" lon="-80.17031667"><ele>-5.976</ele><time>2026-07-24T17:21:35Z</time><speed>4.084</speed><sat>13</sat></trkpt>
  <trkpt lat="26.40961000" lon="-80.17027333"><ele>-5.475</ele><time>2026-07-24T17:21:36Z</time><speed>4.140</speed><sat>13</sat></trkpt>
  <trkpt lat="26.40960500" lon="-80.17023167"><ele>-4.975</ele><time>2026-07-24T17:21:37Z</time><speed>4.182</speed><sat>13</sat></trkpt>
  <trkpt lat="26.40960167" lon="-80.17019167"><ele>-5.075</ele><time>2026-07-24T17:21:38Z</time><speed>4.145</speed><sat>13</sat></trkpt>
  <trkpt lat="26.40959833" lon="-80.17014667"><ele>-4.475</ele><time>2026-07-24T17:21:39Z</time><speed>4.183</speed><sat>13</sat></trkpt>
  <trkpt lat="26.40959667" lon="-80.17009667"><ele>-4.075</ele><time>2026-07-24T17:21:40Z</time><speed>4.202</speed><sat>13</sat></trkpt>
  <trkpt lat="26.40960167" lon="-80.17005167"><ele>-4.075</ele><time>2026-07-24T17:21:41Z</time><speed>4.173</speed><sat>13</sat></trkpt>
  <trkpt lat="26.40960167" lon="-80.17000667"><ele>-4.274</ele><time>2026-07-24T17:21:42Z</time><speed>4.138</speed><sat>13</sat></trkpt>
  <trkpt lat="26.40960333" lon="-80.16995833"><ele>-3.974</ele><time>2026-07-24T17:21:43Z</time><speed>4.169</speed><sat>13</sat></trkpt>
  <trkpt lat="26.40960500" lon="-80.16990833"><ele>-3.674</ele><time>2026-07-24T17:21:44Z</time><speed>4.264</speed><sat>13</sat></trkpt>
  <trkpt lat="26.40960833" lon="-80.16986333"><ele>-3.474</ele><time>2026-07-24T17:21:45Z</time><speed>4.371</speed><sat>13</sat></trkpt>
  <trkpt lat="26.40961000" lon="-80.16981333"><ele>-2.774</ele><time>2026-07-24T17:21:46Z</time><speed>4.455</speed><sat>13</sat></trkpt>
  <trkpt lat="26.40960333" lon="-80.16976500"><ele>-1.573</ele><time>2026-07-24T17:21:47Z</time><speed>4.482</speed><sat>13</sat></trkpt>
  <trkpt lat="26.40959500" lon="-80.16971833"><ele>-0.473</ele><time>2026-07-24T17:21:48Z</time><speed>4.540</speed><sat>13</sat></trkpt>
  <trkpt lat="26.40959333" lon="-80.16967167"><ele>0.527</ele><time>2026-07-24T17:21:49Z</time><speed>4.537</speed><sat>13</sat></trkpt>
  <trkpt lat="26.40959333" lon="-80.16962833"><ele>0.827</ele><time>2026-07-24T17:21:50Z</time><speed>4.511</speed><sat>12</sat></trkpt>
  <trkpt lat="26.40959833" lon="-80.16958167"><ele>1.627</ele><time>2026-07-24T17:21:51Z</time><speed>4.467</speed><sat>13</sat></trkpt>
  <trkpt lat="26.40960333" lon="-80.16954000"><ele>2.228</ele><time>2026-07-24T17:21:52Z</time><speed>4.428</speed><sat>12</sat></trkpt>
  <trkpt lat="26.40961167" lon="-80.16949500"><ele>2.828</ele><time>2026-07-24T17:21:53Z</time><speed>4.367</speed><sat>13</sat></trkpt>
  <trkpt lat="26.40962000" lon="-80.16945667"><ele>3.828</ele><time>2026-07-24T17:21:54Z</time><speed>4.276</speed><sat>13</sat></trkpt>
  <trkpt lat="26.40963333" lon="-80.16942000"><ele>4.528</ele><time>2026-07-24T17:21:55Z</time><speed>4.126</speed><sat>13</sat></trkpt>
  <trkpt lat="26.40963667" lon="-80.16938667"><ele>5.028</ele><time>2026-07-24T17:21:56Z</time><speed>3.964</speed><sat>13</sat></trkpt>
  <trkpt lat="26.40963833" lon="-80.16935667"><ele>5.028</ele><time>2026-07-24T17:21:57Z</time><speed>3.829</speed><sat>13</sat></trkpt>
  <trkpt lat="26.40963667" lon="-80.16932833"><ele>5.128</ele><time>2026-07-24T17:21:58Z</time><speed>3.679</speed><sat>13</sat></trkpt>
  <trkpt lat="26.40963833" lon="-80.16930000"><ele>5.429</ele><time>2026-07-24T17:21:59Z</time><speed>3.539</speed><sat>13</sat></trkpt>
  <trkpt lat="26.40963667" lon="-80.16926833"><ele>6.429</ele><time>2026-07-24T17:22:00Z</time><speed>3.483</speed><sat>13</sat></trkpt>
  <trkpt lat="26.40963167" lon="-80.16923000"><ele>6.929</ele><time>2026-07-24T17:22:01Z</time><speed>3.460</speed><sat>13</sat></trkpt>
  <trkpt lat="26.40963667" lon="-80.16918833"><ele>7.029</ele><time>2026-07-24T17:22:02Z</time><speed>3.470</speed><sat>14</sat></trkpt>
  <trkpt lat="26.40963500" lon="-80.16914667"><ele>7.129</ele><time>2026-07-24T17:22:03Z</time><speed>3.509</speed><sat>14</sat></trkpt>
  <trkpt lat="26.40963500" lon="-80.16910500"><ele>6.929</ele><time>2026-07-24T17:22:04Z</time><speed>3.564</speed><sat>13</sat></trkpt>
  <trkpt lat="26.40964000" lon="-80.16906500"><ele>6.930</ele><time>2026-07-24T17:22:05Z</time><speed>3.643</speed><sat>13</sat></trkpt>
  <trkpt lat="26.40965000" lon="-80.16902500"><ele>6.930</ele><time>2026-07-24T17:22:06Z</time><speed>3.730</speed><sat>13</sat></trkpt>
  <trkpt lat="26.40965500" lon="-80.16898833"><ele>6.830</ele><time>2026-07-24T17:22:07Z</time><speed>3.818</speed><sat>13</sat></trkpt>
  <trkpt lat="26.40966000" lon="-80.16895000"><ele>7.230</ele><time>2026-07-24T17:22:08Z</time><speed>3.919</speed><sat>14</sat></trkpt>
  <trkpt lat="26.40966333" lon="-80.16891167"><ele>7.030</ele><time>2026-07-24T17:22:09Z</time><speed>4.026</speed><sat>14</sat></trkpt>
  <trkpt lat="26.40967333" lon="-80.16886500"><ele>6.930</ele><time>2026-07-24T17:22:10Z</time><speed>4.100</speed><sat>13</sat></trkpt>
  <trkpt lat="26.40967833" lon="-80.16882167"><ele>6.931</ele><time>2026-07-24T17:22:11Z</time><speed>4.153</speed><sat>13</sat></trkpt>
  <trkpt lat="26.40968167" lon="-80.16877833"><ele>6.231</ele><time>2026-07-24T17:22:12Z</time><speed>4.168</speed><sat>13</sat></trkpt>
  <trkpt lat="26.40968000" lon="-80.16873500"><ele>5.631</ele><time>2026-07-24T17:22:13Z</time><speed>4.193</speed><sat>12</sat></trkpt>
  <trkpt lat="26.40967667" lon="-80.16869000"><ele>5.231</ele><time>2026-07-24T17:22:14Z</time><speed>4.199</speed><sat>13</sat></trkpt>
  <trkpt lat="26.40967000" lon="-80.16864833"><ele>4.431</ele><time>2026-07-24T17:22:15Z</time><speed>4.188</speed><sat>13</sat></trkpt>
  <trkpt lat="26.40966833" lon="-80.16860667"><ele>3.931</ele><time>2026-07-24T17:22:16Z</time><speed>4.200</speed><sat>13</sat></trkpt>
  <trkpt lat="26.40966500" lon="-80.16856667"><ele>3.832</ele><time>2026-07-24T17:22:17Z</time><speed>4.229</speed><sat>13</sat></trkpt>
  <trkpt lat="26.40966000" lon="-80.16852833"><ele>3.432</ele><time>2026-07-24T17:22:18Z</time><speed>4.284</speed><sat>13</sat></trkpt>
  <trkpt lat="26.40965167" lon="-80.16848833"><ele>2.932</ele><time>2026-07-24T17:22:19Z</time><speed>4.321</speed><sat>13</sat></trkpt>
  <trkpt lat="26.40964333" lon="-80.16844667"><ele>3.132</ele><time>2026-07-24T17:22:20Z</time><speed>4.314</speed><sat>14</sat></trkpt>
  <trkpt lat="26.40963667" lon="-80.16841000"><ele>3.232</ele><time>2026-07-24T17:22:21Z</time><speed>4.290</speed><sat>14</sat></trkpt>
  <trkpt lat="26.40963167" lon="-80.16837500"><ele>3.232</ele><time>2026-07-24T17:22:22Z</time><speed>4.261</speed><sat>13</sat></trkpt>
  <trkpt lat="26.40962167" lon="-80.16834000"><ele>3.232</ele><time>2026-07-24T17:22:23Z</time><speed>4.197</speed><sat>14</sat></trkpt>
  <trkpt lat="26.40961500" lon="-80.16830333"><ele>3.533</ele><time>2026-07-24T17:22:24Z</time><speed>4.157</speed><sat>13</sat></trkpt>
  <trkpt lat="26.40960833" lon="-80.16826333"><ele>4.033</ele><time>2026-07-24T17:22:25Z</time><speed>4.127</speed><sat>13</sat></trkpt>
  <trkpt lat="26.40960000" lon="-80.16822167"><ele>4.533</ele><time>2026-07-24T17:22:26Z</time><speed>4.134</speed><sat>13</sat></trkpt>
  <trkpt lat="26.40959500" lon="-80.16818000"><ele>4.533</ele><time>2026-07-24T17:22:27Z</time><speed>4.157</speed><sat>13</sat></trkpt>
  <trkpt lat="26.40958667" lon="-80.16813500"><ele>4.933</ele><time>2026-07-24T17:22:28Z</time><speed>4.142</speed><sat>14</sat></trkpt>
  <trkpt lat="26.40958000" lon="-80.16808333"><ele>5.134</ele><time>2026-07-24T17:22:29Z</time><speed>4.153</speed><sat>14</sat></trkpt>
  <trkpt lat="26.40958667" lon="-80.16803500"><ele>4.634</ele><time>2026-07-24T17:22:30Z</time><speed>4.137</speed><sat>15</sat></trkpt>
  <trkpt lat="26.40959000" lon="-80.16799167"><ele>5.434</ele><time>2026-07-24T17:22:31Z</time><speed>4.133</speed><sat>15</sat></trkpt>
  <trkpt lat="26.40959500" lon="-80.16794333"><ele>5.534</ele><time>2026-07-24T17:22:32Z</time><speed>4.124</speed><sat>14</sat></trkpt>
  <trkpt lat="26.40960333" lon="-80.16790500"><ele>5.634</ele><time>2026-07-24T17:22:33Z</time><speed>4.094</speed><sat>15</sat></trkpt>
  <trkpt lat="26.40962167" lon="-80.16787333"><ele>5.734</ele><time>2026-07-24T17:22:34Z</time><speed>4.060</speed><sat>15</sat></trkpt>
  <trkpt lat="26.40964000" lon="-80.16784500"><ele>6.435</ele><time>2026-07-24T17:22:35Z</time><speed>3.997</speed><sat>15</sat></trkpt>
  <trkpt lat="26.40965667" lon="-80.16782167"><ele>6.835</ele><time>2026-07-24T17:22:36Z</time><speed>3.873</speed><sat>15</sat></trkpt>
  <trkpt lat="26.40966833" lon="-80.16779333"><ele>7.135</ele><time>2026-07-24T17:22:37Z</time><speed>3.807</speed><sat>15</sat></trkpt>
  <trkpt lat="26.40968833" lon="-80.16776500"><ele>7.135</ele><time>2026-07-24T17:22:38Z</time><speed>3.746</speed><sat>15</sat></trkpt>
  <trkpt lat="26.40970833" lon="-80.16773333"><ele>6.835</ele><time>2026-07-24T17:22:39Z</time><speed>3.674</speed><sat>15</sat></trkpt>
  <trkpt lat="26.40971167" lon="-80.16769667"><ele>6.735</ele><time>2026-07-24T17:22:40Z</time><speed>3.638</speed><sat>14</sat></trkpt>
  <trkpt lat="26.40971667" lon="-80.16765667"><ele>6.635</ele><time>2026-07-24T17:22:41Z</time><speed>3.632</speed><sat>14</sat></trkpt>
  <trkpt lat="26.40972000" lon="-80.16761667"><ele>6.536</ele><time>2026-07-24T17:22:42Z</time><speed>3.623</speed><sat>15</sat></trkpt>
  <trkpt lat="26.40971500" lon="-80.16757833"><ele>5.936</ele><time>2026-07-24T17:22:43Z</time><speed>3.661</speed><sat>15</sat></trkpt>
  <trkpt lat="26.40972167" lon="-80.16753500"><ele>5.736</ele><time>2026-07-24T17:22:44Z</time><speed>3.682</speed><sat>15</sat></trkpt>
  <trkpt lat="26.40972333" lon="-80.16750000"><ele>5.236</ele><time>2026-07-24T17:22:45Z</time><speed>3.720</speed><sat>15</sat></trkpt>
  <trkpt lat="26.40972167" lon="-80.16746667"><ele>5.236</ele><time>2026-07-24T17:22:46Z</time><speed>3.756</speed><sat>13</sat></trkpt>
  <trkpt lat="26.40971333" lon="-80.16742833"><ele>5.136</ele><time>2026-07-24T17:22:47Z</time><speed>3.770</speed><sat>14</sat></trkpt>
  <trkpt lat="26.40970500" lon="-80.16739333"><ele>5.236</ele><time>2026-07-24T17:22:48Z</time><speed>3.763</speed><sat>13</sat></trkpt>
  <trkpt lat="26.40969000" lon="-80.16736167"><ele>5.137</ele><time>2026-07-24T17:22:49Z</time><speed>3.712</speed><sat>15</sat></trkpt>
  <trkpt lat="26.40967500" lon="-80.16733000"><ele>5.137</ele><time>2026-07-24T17:22:50Z</time><speed>3.691</speed><sat>14</sat></trkpt>
  <trkpt lat="26.40966000" lon="-80.16729833"><ele>5.037</ele><time>2026-07-24T17:22:51Z</time><speed>3.645</speed><sat>15</sat></trkpt>
  <trkpt lat="26.40964833" lon="-80.16727167"><ele>4.637</ele><time>2026-07-24T17:22:52Z</time><speed>3.611</speed><sat>15</sat></trkpt>
  <trkpt lat="26.40964000" lon="-80.16725000"><ele>4.437</ele><time>2026-07-24T17:22:53Z</time><speed>3.555</speed><sat>15</sat></trkpt>
  <trkpt lat="26.40962667" lon="-80.16721667"><ele>4.337</ele><time>2026-07-24T17:22:54Z</time><speed>3.576</speed><sat>15</sat></trkpt>
  <trkpt lat="26.40961833" lon="-80.16717667"><ele>3.637</ele><time>2026-07-24T17:22:55Z</time><speed>3.567</speed><sat>14</sat></trkpt>
  <trkpt lat="26.40962167" lon="-80.16713833"><ele>4.137</ele><time>2026-07-24T17:22:56Z</time><speed>3.595</speed><sat>15</sat></trkpt>
  <trkpt lat="26.40962333" lon="-80.16709167"><ele>5.338</ele><time>2026-07-24T17:22:57Z</time><speed>3.576</speed><sat>15</sat></trkpt>
  <trkpt lat="26.40962667" lon="-80.16705167"><ele>6.238</ele><time>2026-07-24T17:22:58Z</time><speed>3.640</speed><sat>15</sat></trkpt>
  <trkpt lat="26.40963167" lon="-80.16701167"><ele>6.838</ele><time>2026-07-24T17:22:59Z</time><speed>3.735</speed><sat>15</sat></trkpt>
  <trkpt lat="26.40963167" lon="-80.16698333"><ele>7.138</ele><time>2026-07-24T17:23:00Z</time><speed>3.653</speed><sat>15</sat></trkpt>
  <trkpt lat="26.40963500" lon="-80.16695167"><ele>7.038</ele><time>2026-07-24T17:23:01Z</time><speed>3.559</speed><sat>15</sat></trkpt>
  <trkpt lat="26.40964167" lon="-80.16692000"><ele>6.838</ele><time>2026-07-24T17:23:02Z</time><speed>3.498</speed><sat>15</sat></trkpt>
  <trkpt lat="26.40964833" lon="-80.16689167"><ele>7.238</ele><time>2026-07-24T17:23:03Z</time><speed>3.437</speed><sat>15</sat></trkpt>
  <trkpt lat="26.40966833" lon="-80.16686000"><ele>8.239</ele><time>2026-07-24T17:23:04Z</time><speed>3.337</speed><sat>15</sat></trkpt>
  <trkpt lat="26.40969167" lon="-80.16683833"><ele>8.839</ele><time>2026-07-24T17:23:05Z</time><speed>3.285</speed><sat>15</sat></trkpt>
  <trkpt lat="26.40971500" lon="-80.16681333"><ele>9.339</ele><time>2026-07-24T17:23:06Z</time><speed>3.247</speed><sat>15</sat></trkpt>
  <trkpt lat="26.40973667" lon="-80.16679333"><ele>9.239</ele><time>2026-07-24T17:23:07Z</time><speed>3.173</speed><sat>15</sat></trkpt>
  <trkpt lat="26.40975833" lon="-80.16677500"><ele>9.639</ele><time>2026-07-24T17:23:08Z</time><speed>3.043</speed><sat>15</sat></trkpt>
  <trkpt lat="26.40978000" lon="-80.16676000"><ele>9.939</ele><time>2026-07-24T17:23:09Z</time><speed>2.878</speed><sat>15</sat></trkpt>
  <trkpt lat="26.40979333" lon="-80.16674333"><ele>10.039</ele><time>2026-07-24T17:23:10Z</time><speed>2.848</speed><sat>15</sat></trkpt>
  <trkpt lat="26.40981333" lon="-80.16672500"><ele>9.839</ele><time>2026-07-24T17:23:11Z</time><speed>2.854</speed><sat>15</sat></trkpt>
  <trkpt lat="26.40983000" lon="-80.16670500"><ele>9.639</ele><time>2026-07-24T17:23:12Z</time><speed>2.840</speed><sat>15</sat></trkpt>
  <trkpt lat="26.40985000" lon="-80.16670167"><ele>8.839</ele><time>2026-07-24T17:23:13Z</time><speed>2.759</speed><sat>15</sat></trkpt>
  <trkpt lat="26.40985833" lon="-80.16670167"><ele>8.239</ele><time>2026-07-24T17:23:14Z</time><speed>2.629</speed><sat>15</sat></trkpt>
  <trkpt lat="26.40987167" lon="-80.16669833"><ele>8.139</ele><time>2026-07-24T17:23:15Z</time><speed>2.473</speed><sat>15</sat></trkpt>
  <trkpt lat="26.40988167" lon="-80.16669833"><ele>7.639</ele><time>2026-07-24T17:23:16Z</time><speed>2.217</speed><sat>15</sat></trkpt>
  <trkpt lat="26.40988500" lon="-80.16669500"><ele>7.939</ele><time>2026-07-24T17:23:17Z</time><speed>1.970</speed><sat>15</sat></trkpt>
  <trkpt lat="26.40989333" lon="-80.16668833"><ele>8.439</ele><time>2026-07-24T17:23:18Z</time><speed>1.769</speed><sat>15</sat></trkpt>
  <trkpt lat="26.40988667" lon="-80.16668167"><ele>8.739</ele><time>2026-07-24T17:23:19Z</time><speed>1.524</speed><sat>15</sat></trkpt>
  <trkpt lat="26.40989000" lon="-80.16668167"><ele>9.139</ele><time>2026-07-24T17:23:20Z</time><speed>1.301</speed><sat>15</sat></trkpt>
  <trkpt lat="26.40989000" lon="-80.16668000"><ele>9.439</ele><time>2026-07-24T17:23:21Z</time><speed>1.066</speed><sat>15</sat></trkpt>
  <trkpt lat="26.40988833" lon="-80.16668000"><ele>9.639</ele><time>2026-07-24T17:23:22Z</time><speed>0.814</speed><sat>15</sat></trkpt>
  <trkpt lat="26.40989000" lon="-80.16668000"><ele>10.039</ele><time>2026-07-24T17:23:23Z</time><speed>0.633</speed><sat>15</sat></trkpt>
  <trkpt lat="26.40989333" lon="-80.16668167"><ele>10.639</ele><time>2026-07-24T17:23:24Z</time><speed>0.466</speed><sat>15</sat></trkpt>
  <trkpt lat="26.40989500" lon="-80.16668000"><ele>11.039</ele><time>2026-07-24T17:23:25Z</time><speed>0.000</speed><sat>15</sat></trkpt>
  <trkpt lat="26.40989833" lon="-80.16668000"><ele>11.539</ele><time>2026-07-24T17:23:26Z</time><speed>0.000</speed><sat>15</sat></trkpt>
  <trkpt lat="26.40990167" lon="-80.16668167"><ele>12.039</ele><time>2026-07-24T17:23:27Z</time><speed>0.000</speed><sat>15</sat></trkpt>
  <trkpt lat="26.40990167" lon="-80.16668167"><ele>12.039</ele><time>2026-07-24T17:23:28Z</time><speed>0.000</speed><sat>15</sat></trkpt>
  <trkpt lat="26.40990167" lon="-80.16668167"><ele>12.039</ele><time>2026-07-24T17:23:29Z</time><speed>0.000</speed><sat>15</sat></trkpt>
  <trkpt lat="26.40990167" lon="-80.16668167"><ele>12.039</ele><time>2026-07-24T17:23:30Z</time><speed>0.000</speed><sat>15</sat></trkpt>
  <trkpt lat="26.40990167" lon="-80.16668167"><ele>12.039</ele><time>2026-07-24T17:23:31Z</time><speed>0.000</speed><sat>15</sat></trkpt>
  <trkpt lat="26.40990167" lon="-80.16668167"><ele>12.039</ele><time>2026-07-24T17:23:32Z</time><speed>0.000</speed><sat>15</sat></trkpt>
  <trkpt lat="26.40990167" lon="-80.16668167"><ele>12.039</ele><time>2026-07-24T17:23:33Z</time><speed>0.000</speed><sat>15</sat></trkpt>
  <trkpt lat="26.40990167" lon="-80.16668167"><ele>12.039</ele><time>2026-07-24T17:23:34Z</time><speed>0.000</speed><sat>15</sat></trkpt>
 </trkseg>
</trk>

</gpx>
 