type,date time,latitude,longitude,accuracy(m),altitude(m),geoid_height(m),speed(m/s),bearing(deg),sat_used,sat_inview,name,desc
W,2026-07-18 14:19:30.000,26.40988833,-80.16669667,1.60,7.239,-27.739,0.179,231,16,19,,Station2
W,2026-07-18 15:42:49.000,26.41605667,-80.16460000,1.00,16.152,-27.752,0.000,,15,19,,Garbage
T,2026-07-18 14:19:27.000,26.40989000,-80.16670000,1.90,7.339,-27.739,0.101,343,14,19,20260718-101927,GPS Logger: 20260718-101927 - ST-2-Garbage
T,2026-07-18 14:19:28.000,26.40988833,-80.16670167,1.70,7.239,-27.739,0.067,291,16,19,,
T,2026-07-18 14:19:29.000,26.40988833,-80.16670000,1.60,7.239,-27.739,0.109,79,16,19,,
T,2026-07-18 14:19:30.000,26.40988833,-80.16669667,1.60,7.239,-27.739,0.179,231,16,19,,
T,2026-07-18 14:19:31.000,26.40988833,-80.16669667,1.60,7.139,-27.739,0.006,236,16,19,,
T,2026-07-18 14:19:32.000,26.40988500,-80.16669333,1.50,7.039,-27.739,0.100,64,16,19,,
T,2026-07-18 14:19:33.000,26.40988333,-80.16669167,1.50,7.039,-27.739,0.126,24,16,19,,
T,2026-07-18 14:19:34.000,26.40988167,-80.16669167,1.50,7.139,-27.739,0.027,67,16,19,,
T,2026-07-18 14:19:35.000,26.40988000,-80.16669167,1.50,7.239,-27.739,0.069,90,16,19,,
T,2026-07-18 14:19:36.000,26.40987833,-80.16668833,1.40,7.239,-27.739,0.123,105,16,19,,
T,2026-07-18 14:19:37.000,26.40987667,-80.16668833,1.40,7.239,-27.739,0.135,328,16,19,,
T,2026-07-18 14:19:38.000,26.40987500,-80.16668833,1.40,7.139,-27.739,0.099,313,16,19,,
T,2026-07-18 14:19:39.000,26.40987333,-80.16668667,1.40,7.139,-27.739,0.182,273,16,19,,
T,2026-07-18 14:19:40.000,26.40987333,-80.16668667,1.40,7.139,-27.739,0.078,262,16,19,,
T,2026-07-18 14:19:41.000,26.40987167,-80.16668667,1.40,7.039,-27.739,0.084,235,16,19,,
T,2026-07-18 14:19:42.000,26.40987000,-80.16668833,1.40,7.039,-27.739,0.082,237,16,19,,
T,2026-07-18 14:19:43.000,26.40987000,-80.16669000,1.40,7.039,-27.739,0.073,225,16,19,,
T,2026-07-18 14:19:44.000,26.40987000,-80.16669000,1.40,7.039,-27.739,0.078,95,16,19,,
T,2026-07-18 14:19:45.000,26.40987000,-80.16669000,1.40,7.039,-27.739,0.074,56,16,19,,
T,2026-07-18 14:19:46.000,26.40987167,-80.16669000,1.40,7.039,-27.739,0.070,45,16,19,,
T,2026-07-18 14:19:47.000,26.40987333,-80.16668833,1.40,7.039,-27.739,0.065,327,15,19,,
T,2026-07-18 14:19:48.000,26.40987500,-80.16669000,1.40,7.139,-27.739,0.057,284,15,19,,
T,2026-07-18 14:19:49.000,26.40987667,-80.16669000,1.40,7.239,-27.739,0.056,332,15,19,,
T,2026-07-18 14:19:50.000,26.40987833,-80.16669000,1.40,7.239,-27.739,0.053,303,15,19,,
T,2026-07-18 14:19:51.000,26.40988000,-80.16669000,1.40,7.239,-27.739,0.000,,15,19,,
T,2026-07-18 14:19:52.000,26.40988000,-80.16669000,1.40,7.239,-27.739,0.000,,15,19,,
T,2026-07-18 14:19:53.000,26.40988000,-80.16669000,1.40,7.439,-27.739,0.000,,15,19,,
T,2026-07-18 14:19:54.000,26.40988000,-80.16669000,1.40,7.439,-27.739,0.000,,15,19,,
T,2026-07-18 14:19:55.000,26.40988000,-80.16669000,1.40,7.439,-27.739,0.000,,15,19,,
T,2026-07-18 14:19:56.000,26.40988000,-80.16669000,1.40,7.439,-27.739,0.000,,16,19,,
T,2026-07-18 14:19:57.000,26.40988000,-80.16669000,1.40,7.439,-27.739,0.000,,16,19,,
T,2026-07-18 14:19:58.000,26.40988000,-80.16669000,1.50,7.439,-27.739,0.000,,16,19,,
T,2026-07-18 14:19:59.000,26.40988000,-80.16669000,1.50,7.439,-27.739,0.000,,16,19,,
T,2026-07-18 14:20:00.000,26.40988000,-80.16669000,1.50,7.439,-27.739,0.000,,16,19,,
T,2026-07-18 14:20:01.000,26.40988000,-80.16669000,1.50,7.439,-27.739,0.000,,16,19,,
T,2026-07-18 14:20:02.000,26.40988000,-80.16669000,1.50,7.439,-27.739,0.000,,16,19,,
T,2026-07-18 14:20:03.000,26.40988000,-80.16669000,1.50,7.439,-27.739,0.000,,16,19,,
T,2026-07-18 14:20:04.000,26.40988000,-80.16669000,1.50,7.439,-27.739,0.000,,16,19,,
T,2026-07-18 14:20:05.000,26.40988000,-80.16669000,1.50,7.439,-27.739,0.000,,16,19,,
T,2026-07-18 14:20:06.000,26.40988000,-80.16669000,1.50,7.439,-27.739,0.000,,16,19,,
T,2026-07-18 14:20:07.000,26.40988000,-80.16669000,1.50,7.439,-27.739,0.000,,16,19,,
T,2026-07-18 14:20:08.000,26.40988000,-80.16669000,1.50,7.439,-27.739,0.000,,16,19,,
T,2026-07-18 14:20:09.000,26.40988000,-80.16669000,1.50,7.439,-27.739,0.000,,16,19,,
T,2026-07-18 14:20:10.000,26.40988000,-80.16669000,1.50,7.439,-27.739,0.000,,16,19,,
T,2026-07-18 14:20:11.000,26.40988000,-80.16669000,1.50,7.439,-27.739,0.000,,16,19,,
T,2026-07-18 14:20:12.000,26.40988000,-80.16669000,1.50,7.439,-27.739,0.000,,16,19,,
T,2026-07-18 14:20:13.000,26.40988000,-80.16669000,1.50,7.439,-27.739,0.000,,16,19,,
T,2026-07-18 14:20:14.000,26.40988000,-80.16669000,1.50,7.439,-27.739,0.000,,16,19,,
T,2026-07-18 14:20:15.000,26.40988000,-80.16669000,1.50,7.439,-27.739,0.000,,16,19,,
T,2026-07-18 14:20:16.000,26.40988000,-80.16669000,1.50,7.439,-27.739,0.000,,16,19,,
T,2026-07-18 14:20:17.000,26.40988000,-80.16669000,1.50,7.439,-27.739,0.000,,16,19,,
T,2026-07-18 14:20:18.000,26.40988000,-80.16669000,1.50,7.439,-27.739,0.000,,16,19,,
T,2026-07-18 14:20:19.000,26.40988000,-80.16669000,1.50,7.439,-27.739,0.000,,16,19,,
T,2026-07-18 14:20:20.000,26.40988000,-80.16669000,1.60,7.439,-27.739,0.000,,16,19,,
T,2026-07-18 14:20:21.000,26.40988000,-80.16669000,1.60,7.439,-27.739,0.000,,16,19,,
T,2026-07-18 14:20:22.000,26.40988000,-80.16669000,1.60,7.439,-27.739,0.000,,16,19,,
T,2026-07-18 14:20:23.000,26.40988000,-80.16669000,1.60,7.439,-27.739,0.000,,16,19,,
T,2026-07-18 14:20:24.000,26.40988000,-80.16669000,1.50,7.439,-27.739,0.000,,16,19,,
T,2026-07-18 14:20:25.000,26.40988000,-80.16669000,1.50,7.439,-27.739,0.000,,16,19,,
T,2026-07-18 14:20:26.000,26.40986667,-80.16670167,1.60,9.439,-27.739,0.244,199,15,19,,
T,2026-07-18 14:20:27.000,26.40986000,-80.16670000,1.70,9.539,-27.739,0.000,,15,19,,
T,2026-07-18 14:20:28.000,26.40985833,-80.16669667,1.70,9.739,-27.739,0.000,,15,19,,
T,2026-07-18 14:20:29.000,26.40985833,-80.16669833,1.60,10.039,-27.739,0.000,,15,19,,
T,2026-07-18 14:20:30.000,26.40985833,-80.16669833,1.60,10.039,-27.739,0.000,,16,19,,
T,2026-07-18 14:20:31.000,26.40985833,-80.16669833,1.60,10.039,-27.739,0.000,,16,19,,
T,2026-07-18 14:20:32.000,26.40985833,-80.16669833,1.60,10.039,-27.739,0.000,,16,19,,
T,2026-07-18 14:20:33.000,26.40985833,-80.16669833,1.60,10.039,-27.739,0.000,,16,19,,
T,2026-07-18 14:20:34.000,26.40985833,-80.16669833,1.60,10.039,-27.739,0.000,,16,19,,
T,2026-07-18 14:20:35.000,26.40985833,-80.16669833,1.60,10.039,-27.739,0.000,,16,19,,
T,2026-07-18 14:20:36.000,26.40985833,-80.16669833,1.60,10.039,-27.739,0.000,,16,19,,
T,2026-07-18 14:20:37.000,26.40985833,-80.16669833,1.60,10.039,-27.739,0.000,,16,19,,
T,2026-07-18 14:20:38.000,26.40985833,-80.16669833,1.60,10.039,-27.739,0.000,,16,19,,
T,2026-07-18 14:20:39.000,26.40985833,-80.16669833,1.60,10.039,-27.739,0.000,,16,19,,
T,2026-07-18 14:20:40.000,26.40985833,-80.16669833,1.50,10.039,-27.739,0.000,,16,19,,
T,2026-07-18 14:20:41.000,26.40985833,-80.16669833,1.60,10.039,-27.739,0.000,,16,19,,
T,2026-07-18 14:20:42.000,26.40985833,-80.16669833,1.60,10.039,-27.739,0.000,,16,19,,
T,2026-07-18 14:20:43.000,26.40985833,-80.16669833,1.60,10.039,-27.739,0.000,,16,19,,
T,2026-07-18 14:20:44.000,26.40985833,-80.16669833,1.70,10.039,-27.739,0.000,,16,19,,
T,2026-07-18 14:20:45.000,26.40985833,-80.16669833,1.70,10.039,-27.739,0.000,,16,19,,
T,2026-07-18 14:20:46.000,26.40985833,-80.16669833,1.70,10.039,-27.739,0.000,,16,19,,
T,2026-07-18 14:20:47.000,26.40985833,-80.16669833,1.70,10.039,-27.739,0.000,,16,19,,
T,2026-07-18 14:20:48.000,26.40985833,-80.16669833,1.80,10.039,-27.739,0.000,,16,19,,
T,2026-07-18 14:20:49.000,26.40985833,-80.16669833,1.80,10.039,-27.739,0.000,,16,19,,
T,2026-07-18 14:20:50.000,26.40985833,-80.16669833,1.80,10.039,-27.739,0.000,,16,19,,
T,2026-07-18 14:20:51.000,26.40984333,-80.16669667,1.80,13.039,-27.739,0.446,196,16,19,,
T,2026-07-18 14:20:52.000,26.40982667,-80.16668167,1.80,12.139,-27.739,0.601,180,16,19,,
T,2026-07-18 14:20:53.000,26.40980833,-80.16668500,1.80,11.739,-27.739,0.770,187,16,19,,
T,2026-07-18 14:20:54.000,26.40979167,-80.16668833,1.90,11.539,-27.739,0.955,203,16,19,,
T,2026-07-18 14:20:55.000,26.40977667,-80.16669833,1.90,11.339,-27.739,1.124,224,16,19,,
T,2026-07-18 14:20:56.000,26.40976667,-80.16671333,1.90,11.139,-27.739,1.246,232,16,19,,
T,2026-07-18 14:20:57.000,26.40975500,-80.16673167,1.80,11.139,-27.739,1.441,222,16,19,,
T,2026-07-18 14:20:58.000,26.40973667,-80.16675000,1.80,11.639,-27.739,1.642,213,16,19,,
T,2026-07-18 14:20:59.000,26.40971500,-80.16676667,1.80,11.839,-27.739,1.846,214,16,19,,
T,2026-07-18 14:21:00.000,26.40969833,-80.16678000,1.90,12.439,-27.739,1.977,212,16,19,,
T,2026-07-18 14:21:01.000,26.40968000,-80.16679833,1.90,12.939,-27.739,2.057,221,16,19,,
T,2026-07-18 14:21:02.000,26.40966000,-80.16681833,1.80,12.939,-27.739,2.131,218,16,19,,
T,2026-07-18 14:21:03.000,26.40964167,-80.16683833,1.70,12.839,-27.739,2.153,228,16,19,,
T,2026-07-18 14:21:04.000,26.40963333,-80.16685333,1.60,12.739,-27.739,2.112,240,16,19,,
T,2026-07-18 14:21:05.000,26.40962833,-80.16686833,1.60,12.939,-27.739,2.039,248,16,19,,
T,2026-07-18 14:21:06.000,26.40962667,-80.16686667,1.70,13.339,-27.739,1.924,156,16,19,,
T,2026-07-18 14:21:07.000,26.40963000,-80.16686167,1.60,13.239,-27.739,1.744,70,16,19,,
T,2026-07-18 14:21:08.000,26.40963000,-80.16685000,1.60,13.339,-27.739,1.589,76,16,19,,
T,2026-07-18 14:21:09.000,26.40963167,-80.16683833,1.70,13.239,-27.739,1.478,111,16,19,,
T,2026-07-18 14:21:10.000,26.40963167,-80.16681167,1.80,13.139,-27.739,1.513,87,16,19,,
T,2026-07-18 14:21:11.000,26.40963500,-80.16677667,2.00,13.039,-27.739,1.631,87,16,19,,
T,2026-07-18 14:21:12.000,26.40963833,-80.16673500,2.00,12.939,-27.739,1.724,80,16,19,,
T,2026-07-18 14:21:13.000,26.40964667,-80.16670000,1.90,12.739,-27.739,1.848,77,16,19,,
T,2026-07-18 14:21:14.000,26.40965167,-80.16666667,2.00,12.639,-27.739,2.024,83,16,19,,
T,2026-07-18 14:21:15.000,26.40965333,-80.16663667,2.00,12.540,-27.740,2.240,85,16,19,,
T,2026-07-18 14:21:16.000,26.40965500,-80.16660500,2.00,12.240,-27.740,2.518,91,16,19,,
T,2026-07-18 14:21:17.000,26.40965667,-80.16658000,2.00,11.340,-27.740,2.716,93,16,19,,
T,2026-07-18 14:21:18.000,26.40965667,-80.16655667,2.00,10.840,-27.740,2.864,89,16,19,,
T,2026-07-18 14:21:19.000,26.40966000,-80.16653333,2.00,10.540,-27.740,3.011,89,16,19,,
T,2026-07-18 14:21:20.000,26.40965833,-80.16650333,2.00,10.240,-27.740,3.021,106,16,19,,
T,2026-07-18 14:21:21.000,26.40965500,-80.16647333,2.00,9.640,-27.740,2.938,109,16,19,,
T,2026-07-18 14:21:22.000,26.40964833,-80.16644333,1.90,9.040,-27.740,2.883,104,16,19,,
T,2026-07-18 14:21:23.000,26.40964000,-80.16641500,1.80,8.140,-27.740,2.830,108,16,19,,
T,2026-07-18 14:21:24.000,26.40963333,-80.16638500,1.80,7.641,-27.741,2.814,95,16,19,,
T,2026-07-18 14:21:25.000,26.40963000,-80.16635000,1.90,7.041,-27.741,2.842,93,16,19,,
T,2026-07-18 14:21:26.000,26.40962667,-80.16631667,1.90,6.241,-27.741,2.873,98,16,19,,
T,2026-07-18 14:21:27.000,26.40962500,-80.16628333,1.80,5.141,-27.741,2.970,96,16,19,,
T,2026-07-18 14:21:28.000,26.40962500,-80.16624833,1.80,4.641,-27.741,3.096,89,16,19,,
T,2026-07-18 14:21:29.000,26.40962500,-80.16621000,1.90,4.341,-27.741,3.189,89,16,19,,
T,2026-07-18 14:21:30.000,26.40962167,-80.16617000,1.80,4.341,-27.741,3.314,92,16,19,,
T,2026-07-18 14:21:31.000,26.40961833,-80.16612833,1.80,4.242,-27.742,3.446,90,16,19,,
T,2026-07-18 14:21:32.000,26.40962000,-80.16609333,1.80,4.142,-27.742,3.481,83,16,19,,
T,2026-07-18 14:21:33.000,26.40961833,-80.16606167,1.80,4.142,-27.742,3.539,92,16,19,,
T,2026-07-18 14:21:34.000,26.40961833,-80.16602833,1.90,4.042,-27.742,3.590,84,15,19,,
T,2026-07-18 14:21:35.000,26.40962000,-80.16599333,2.00,4.242,-27.742,3.623,90,15,19,,
T,2026-07-18 14:21:36.000,26.40962000,-80.16595500,2.10,4.042,-27.742,3.626,87,15,19,,
T,2026-07-18 14:21:37.000,26.40962667,-80.16592167,2.10,4.042,-27.742,3.605,88,15,19,,
T,2026-07-18 14:21:38.000,26.40962667,-80.16589000,2.10,4.343,-27.743,3.569,91,15,19,,
T,2026-07-18 14:21:39.000,26.40962667,-80.16585667,2.10,4.543,-27.743,3.542,90,15,19,,
T,2026-07-18 14:21:40.000,26.40962833,-80.16582000,2.10,4.543,-27.743,3.484,83,15,19,,
T,2026-07-18 14:21:41.000,26.40963333,-80.16578000,2.10,4.943,-27.743,3.474,74,15,19,,
T,2026-07-18 14:21:42.000,26.40964333,-80.16574333,2.00,4.943,-27.743,3.526,73,15,19,,
T,2026-07-18 14:21:43.000,26.40964833,-80.16571000,2.20,4.843,-27.743,3.522,84,15,19,,
T,2026-07-18 14:21:44.000,26.40965000,-80.16567500,2.30,4.943,-27.743,3.471,90,15,19,,
T,2026-07-18 14:21:45.000,26.40965500,-80.16563833,2.40,4.844,-27.744,3.403,91,15,19,,
T,2026-07-18 14:21:46.000,26.40965333,-80.16560500,2.50,4.644,-27.744,3.373,104,15,19,,
T,2026-07-18 14:21:47.000,26.40965000,-80.16557167,2.50,4.644,-27.744,3.355,104,15,19,,
T,2026-07-18 14:21:48.000,26.40964500,-80.16554167,2.50,4.744,-27.744,3.325,106,15,19,,
T,2026-07-18 14:21:49.000,26.40964000,-80.16551167,2.50,4.944,-27.744,3.278,100,16,19,,
T,2026-07-18 14:21:50.000,26.40964500,-80.16548333,2.10,4.944,-27.744,3.212,94,16,19,,
T,2026-07-18 14:21:51.000,26.40964333,-80.16545333,2.00,6.244,-27.744,3.124,84,16,19,,
T,2026-07-18 14:21:52.000,26.40964333,-80.16542667,2.10,6.445,-27.745,3.034,89,16,19,,
T,2026-07-18 14:21:53.000,26.40964333,-80.16539500,2.10,6.645,-27.745,3.012,87,16,19,,
T,2026-07-18 14:21:54.000,26.40964000,-80.16535833,2.00,7.045,-27.745,3.018,98,16,19,,
T,2026-07-18 14:21:55.000,26.40963500,-80.16532500,2.20,7.045,-27.745,3.034,101,16,19,,
T,2026-07-18 14:21:56.000,26.40963000,-80.16529167,2.30,7.045,-27.745,3.058,97,16,19,,
T,2026-07-18 14:21:57.000,26.40962500,-80.16525667,2.40,6.945,-27.745,3.124,97,15,19,,
T,2026-07-18 14:21:58.000,26.40962167,-80.16522167,2.40,6.745,-27.745,3.172,97,16,19,,
T,2026-07-18 14:21:59.000,26.40961833,-80.16518833,2.40,6.845,-27.745,3.231,99,16,19,,
T,2026-07-18 14:22:00.000,26.40961833,-80.16515333,2.40,6.646,-27.746,3.309,78,16,20,,
T,2026-07-18 14:22:01.000,26.40962500,-80.16511833,2.50,6.746,-27.746,3.338,86,17,20,,
T,2026-07-18 14:22:02.000,26.40962500,-80.16508167,2.50,6.546,-27.746,3.417,93,17,20,,
T,2026-07-18 14:22:03.000,26.40962333,-80.16504333,2.60,6.446,-27.746,3.465,93,17,20,,
T,2026-07-18 14:22:04.000,26.40962167,-80.16500500,2.60,6.346,-27.746,3.515,91,17,20,,
T,2026-07-18 14:22:05.000,26.40962333,-80.16496500,2.60,6.146,-27.746,3.546,87,17,20,,
T,2026-07-18 14:22:06.000,26.40962667,-80.16492667,2.60,6.047,-27.747,3.563,80,17,20,,
T,2026-07-18 14:22:07.000,26.40963167,-80.16488833,2.60,5.747,-27.747,3.560,81,17,20,,
T,2026-07-18 14:22:08.000,26.40963667,-80.16484667,2.50,5.547,-27.747,3.613,77,17,20,,
T,2026-07-18 14:22:09.000,26.40964000,-80.16480833,2.50,5.147,-27.747,3.641,82,17,20,,
T,2026-07-18 14:22:10.000,26.40964000,-80.16476667,2.50,5.047,-27.747,3.674,81,17,20,,
T,2026-07-18 14:22:11.000,26.40964000,-80.16472833,2.40,5.347,-27.747,3.727,92,17,20,,
T,2026-07-18 14:22:12.000,26.40964000,-80.16469000,2.30,5.348,-27.748,3.738,95,17,20,,
T,2026-07-18 14:22:13.000,26.40963667,-80.16465333,2.30,5.648,-27.748,3.745,93,17,20,,
T,2026-07-18 14:22:14.000,26.40963333,-80.16461667,2.30,5.848,-27.748,3.725,95,17,20,,
T,2026-07-18 14:22:15.000,26.40963000,-80.16458000,2.30,6.148,-27.748,3.709,91,17,20,,
T,2026-07-18 14:22:16.000,26.40962500,-80.16454333,2.30,6.548,-27.748,3.712,92,17,20,,
T,2026-07-18 14:22:17.000,26.40962333,-80.16450833,2.30,7.148,-27.748,3.697,90,17,20,,
T,2026-07-18 14:22:18.000,26.40962167,-80.16447167,2.30,7.248,-27.748,3.683,87,17,20,,
T,2026-07-18 14:22:19.000,26.40962167,-80.16443000,2.30,7.349,-27.749,3.690,87,17,20,,
T,2026-07-18 14:22:20.000,26.40962000,-80.16439000,2.30,7.349,-27.749,3.682,89,17,20,,
T,2026-07-18 14:22:21.000,26.40961667,-80.16435333,2.30,7.249,-27.749,3.689,87,17,20,,
T,2026-07-18 14:22:22.000,26.40961667,-80.16431333,2.40,6.949,-27.749,3.686,90,17,20,,
T,2026-07-18 14:22:23.000,26.40961500,-80.16427167,2.00,7.049,-27.749,3.688,88,17,20,,
T,2026-07-18 14:22:24.000,26.40961833,-80.16423500,1.90,7.049,-27.749,3.703,90,17,20,,
T,2026-07-18 14:22:25.000,26.40962500,-80.16420000,1.80,7.050,-27.750,3.752,93,17,20,,
T,2026-07-18 14:22:26.000,26.40962500,-80.16416667,1.80,6.650,-27.750,3.789,89,17,20,,
T,2026-07-18 14:22:27.000,26.40962333,-80.16413167,1.80,7.050,-27.750,3.818,96,17,20,,
T,2026-07-18 14:22:28.000,26.40962167,-80.16409167,1.80,7.750,-27.750,3.817,98,17,20,,
T,2026-07-18 14:22:29.000,26.40961500,-80.16405333,1.80,7.750,-27.750,3.795,101,17,20,,
T,2026-07-18 14:22:30.000,26.40961000,-80.16401833,1.80,7.550,-27.750,3.754,105,17,20,,
T,2026-07-18 14:22:31.000,26.40960000,-80.16398833,1.80,7.150,-27.750,3.697,107,17,21,,
T,2026-07-18 14:22:32.000,26.40958833,-80.16395500,1.80,7.151,-27.751,3.645,104,17,21,,
T,2026-07-18 14:22:33.000,26.40957833,-80.16392333,1.80,6.451,-27.751,3.620,98,17,21,,
T,2026-07-18 14:22:34.000,26.40957333,-80.16388500,1.80,6.551,-27.751,3.593,96,17,21,,
T,2026-07-18 14:22:35.000,26.40956833,-80.16384833,1.80,6.451,-27.751,3.527,93,17,21,,
T,2026-07-18 14:22:36.000,26.40956833,-80.16381000,1.60,7.151,-27.751,3.491,94,17,21,,
T,2026-07-18 14:22:37.000,26.40956167,-80.16377667,1.70,7.051,-27.751,3.460,97,17,21,,
T,2026-07-18 14:22:38.000,26.40955667,-80.16374500,1.80,7.051,-27.751,3.414,98,17,21,,
T,2026-07-18 14:22:39.000,26.40955500,-80.16371333,1.70,6.952,-27.752,3.364,84,17,21,,
T,2026-07-18 14:22:40.000,26.40955667,-80.16367833,1.70,7.052,-27.752,3.342,87,17,21,,
T,2026-07-18 14:22:41.000,26.40955500,-80.16364500,1.60,7.352,-27.752,3.324,97,17,21,,
T,2026-07-18 14:22:42.000,26.40955000,-80.16361333,1.60,7.452,-27.752,3.339,104,17,21,,
T,2026-07-18 14:22:43.000,26.40954000,-80.16358167,1.60,7.352,-27.752,3.335,109,17,21,,
T,2026-07-18 14:22:44.000,26.40953000,-80.16356000,1.60,6.652,-27.752,3.201,126,17,21,,
T,2026-07-18 14:22:45.000,26.40952500,-80.16354333,1.60,6.552,-27.752,3.033,119,17,21,,
T,2026-07-18 14:22:46.000,26.40952167,-80.16352667,1.70,7.452,-27.752,2.840,109,17,21,,
T,2026-07-18 14:22:47.000,26.40951500,-80.16351000,1.80,7.752,-27.752,2.694,116,17,21,,
T,2026-07-18 14:22:48.000,26.40951000,-80.16349333,1.80,8.352,-27.752,2.601,120,17,21,,
T,2026-07-18 14:22:49.000,26.40950167,-80.16347167,1.80,8.352,-27.752,2.550,113,17,21,,
T,2026-07-18 14:22:50.000,26.40949167,-80.16344667,1.90,8.353,-27.753,2.505,110,17,21,,
T,2026-07-18 14:22:51.000,26.40948500,-80.16341667,1.90,8.153,-27.753,2.474,101,17,21,,
T,2026-07-18 14:22:52.000,26.40948000,-80.16338000,1.90,8.153,-27.753,2.428,89,17,21,,
T,2026-07-18 14:22:53.000,26.40947500,-80.16334667,2.00,8.253,-27.753,2.348,82,17,21,,
T,2026-07-18 14:22:54.000,26.40947333,-80.16331167,1.90,9.053,-27.753,2.452,89,17,21,,
T,2026-07-18 14:22:55.000,26.40947500,-80.16328000,1.90,9.753,-27.753,2.606,90,17,21,,
T,2026-07-18 14:22:56.000,26.40947333,-80.16324833,2.10,9.853,-27.753,2.770,96,17,21,,
T,2026-07-18 14:22:57.000,26.40947000,-80.16321833,2.20,9.454,-27.754,2.889,95,17,21,,
T,2026-07-18 14:22:58.000,26.40946000,-80.16319167,2.30,9.354,-27.754,2.990,93,17,21,,
T,2026-07-18 14:22:59.000,26.40945667,-80.16316000,2.30,8.754,-27.754,3.063,98,17,21,,
T,2026-07-18 14:23:00.000,26.40945833,-80.16312667,2.40,8.654,-27.754,3.131,98,17,21,,
T,2026-07-18 14:23:01.000,26.40946000,-80.16309333,2.40,8.154,-27.754,3.203,92,17,21,,
T,2026-07-18 14:23:02.000,26.40946000,-80.16306000,2.40,7.654,-27.754,3.265,83,16,21,,
T,2026-07-18 14:23:03.000,26.40946167,-80.16302667,2.40,7.354,-27.754,3.352,88,16,20,,
T,2026-07-18 14:23:04.000,26.40946667,-80.16299500,2.40,6.854,-27.754,3.374,94,16,20,,
T,2026-07-18 14:23:05.000,26.40946833,-80.16296167,2.30,6.455,-27.755,3.389,96,16,20,,
T,2026-07-18 14:23:06.000,26.40946333,-80.16293167,2.20,6.055,-27.755,3.407,98,16,20,,
T,2026-07-18 14:23:07.000,26.40946167,-80.16289667,2.00,5.855,-27.755,3.421,90,15,20,,
T,2026-07-18 14:23:08.000,26.40946500,-80.16286167,1.80,5.655,-27.755,3.423,90,15,20,,
T,2026-07-18 14:23:09.000,26.40946333,-80.16282667,1.80,5.655,-27.755,3.421,90,16,20,,
T,2026-07-18 14:23:10.000,26.40946167,-80.16279000,1.70,5.655,-27.755,3.414,96,16,20,,
T,2026-07-18 14:23:11.000,26.40946000,-80.16275500,1.70,5.455,-27.755,3.415,91,16,20,,
T,2026-07-18 14:23:12.000,26.40946000,-80.16272167,1.70,5.256,-27.756,3.422,87,16,20,,
T,2026-07-18 14:23:13.000,26.40945667,-80.16269000,1.70,4.956,-27.756,3.415,92,16,20,,
T,2026-07-18 14:23:14.000,26.40945667,-80.16265500,1.60,4.756,-27.756,3.428,94,16,20,,
T,2026-07-18 14:23:15.000,26.40946000,-80.16261667,1.60,5.056,-27.756,3.442,88,16,20,,
T,2026-07-18 14:23:16.000,26.40946167,-80.16257833,1.60,5.256,-27.756,3.462,90,16,20,,
T,2026-07-18 14:23:17.000,26.40946167,-80.16254167,1.70,5.356,-27.756,3.476,85,16,20,,
T,2026-07-18 14:23:18.000,26.40946333,-80.16250500,1.70,5.356,-27.756,3.515,92,16,20,,
T,2026-07-18 14:23:19.000,26.40946333,-80.16246667,1.60,5.557,-27.757,3.548,90,16,20,,
T,2026-07-18 14:23:20.000,26.40946333,-80.16243333,1.60,6.057,-27.757,3.497,91,16,20,,
T,2026-07-18 14:23:21.000,26.40946167,-80.16240333,1.70,6.557,-27.757,3.431,102,16,20,,
T,2026-07-18 14:23:22.000,26.40945833,-80.16237167,1.90,6.857,-27.757,3.380,94,15,20,,
T,2026-07-18 14:23:23.000,26.40946000,-80.16233333,1.90,7.257,-27.757,3.395,90,15,20,,
T,2026-07-18 14:23:24.000,26.40946833,-80.16229333,1.80,7.557,-27.757,3.387,76,16,20,,
T,2026-07-18 14:23:25.000,26.40947667,-80.16226333,1.80,7.657,-27.757,3.345,59,16,20,,
T,2026-07-18 14:23:26.000,26.40949833,-80.16223833,1.80,7.858,-27.758,3.297,41,16,20,,
T,2026-07-18 14:23:27.000,26.40952333,-80.16221833,1.90,7.858,-27.758,3.298,37,16,20,,
T,2026-07-18 14:23:28.000,26.40954167,-80.16219333,2.10,8.158,-27.758,3.256,48,16,20,,
T,2026-07-18 14:23:29.000,26.40955667,-80.16216667,2.20,8.558,-27.758,3.213,59,16,20,,
T,2026-07-18 14:23:30.000,26.40956833,-80.16214333,2.40,8.958,-27.758,3.181,63,16,20,,
T,2026-07-18 14:23:31.000,26.40957833,-80.16212167,2.40,9.458,-27.758,3.143,66,15,20,,
T,2026-07-18 14:23:32.000,26.40957833,-80.16209333,2.10,8.858,-27.758,3.122,96,15,19,,
T,2026-07-18 14:23:33.000,26.40957667,-80.16204500,1.90,7.358,-27.758,3.081,95,15,19,,
T,2026-07-18 14:23:34.000,26.40957667,-80.16201167,1.80,7.759,-27.759,3.055,86,15,19,,
T,2026-07-18 14:23:35.000,26.40957667,-80.16198000,2.00,7.959,-27.759,3.056,94,16,19,,
T,2026-07-18 14:23:36.000,26.40957500,-80.16195000,2.20,8.159,-27.759,3.037,103,16,19,,
T,2026-07-18 14:23:37.000,26.40957500,-80.16191667,2.20,8.659,-27.759,3.020,100,16,19,,
T,2026-07-18 14:23:38.000,26.40958167,-80.16188000,2.00,8.459,-27.759,3.035,88,16,19,,
T,2026-07-18 14:23:39.000,26.40959000,-80.16184333,2.10,8.759,-27.759,3.074,75,16,19,,
T,2026-07-18 14:23:40.000,26.40960167,-80.16180667,2.20,8.759,-27.759,3.215,60,16,20,,
T,2026-07-18 14:23:41.000,26.40962333,-80.16177333,2.30,8.760,-27.760,3.399,53,16,20,,
T,2026-07-18 14:23:42.000,26.40964500,-80.16174167,2.40,8.560,-27.760,3.533,48,16,20,,
T,2026-07-18 14:23:43.000,26.40966667,-80.16171333,2.40,8.560,-27.760,3.524,53,16,20,,
T,2026-07-18 14:23:44.000,26.40968500,-80.16169333,2.40,7.760,-27.760,3.464,36,16,20,,
T,2026-07-18 14:23:45.000,26.40970500,-80.16167833,2.40,7.460,-27.760,3.371,38,16,20,,
T,2026-07-18 14:23:46.000,26.40972500,-80.16166167,2.00,7.260,-27.760,3.308,35,16,20,,
T,2026-07-18 14:23:47.000,26.40975667,-80.16164833,1.70,7.560,-27.760,3.243,19,16,20,,
T,2026-07-18 14:23:48.000,26.40978667,-80.16164167,1.80,7.460,-27.760,3.153,10,16,20,,
T,2026-07-18 14:23:49.000,26.40982167,-80.16164000,1.80,7.460,-27.760,3.141,1,16,20,,
T,2026-07-18 14:23:50.000,26.40985667,-80.16164000,1.80,7.760,-27.760,3.090,358,16,20,,
T,2026-07-18 14:23:51.000,26.40988833,-80.16164333,2.00,8.160,-27.760,3.014,357,16,20,,
T,2026-07-18 14:23:52.000,26.40992167,-80.16164667,2.00,7.860,-27.760,2.979,0,16,20,,
T,2026-07-18 14:23:53.000,26.40995500,-80.16164500,2.20,7.060,-27.760,3.036,1,16,20,,
T,2026-07-18 14:23:54.000,26.40999000,-80.16164333,2.20,6.560,-27.760,3.183,4,16,20,,
T,2026-07-18 14:23:55.000,26.41003333,-80.16163667,1.90,6.260,-27.760,3.364,358,16,20,,
T,2026-07-18 14:23:56.000,26.41006333,-80.16163500,2.10,5.460,-27.760,3.526,360,16,20,,
T,2026-07-18 14:23:57.000,26.41010000,-80.16163333,2.10,4.860,-27.760,3.620,0,16,20,,
T,2026-07-18 14:23:58.000,26.41013167,-80.16163333,2.20,5.060,-27.760,3.672,1,16,20,,
T,2026-07-18 14:23:59.000,26.41016167,-80.16163333,2.30,5.160,-27.760,3.674,1,16,20,,
T,2026-07-18 14:24:00.000,26.41019500,-80.16163333,2.30,4.960,-27.760,3.697,360,16,20,,
T,2026-07-18 14:24:01.000,26.41022667,-80.16163167,2.40,5.260,-27.760,3.707,4,16,20,,
T,2026-07-18 14:24:02.000,26.41026000,-80.16163000,2.40,5.161,-27.761,3.705,0,16,20,,
T,2026-07-18 14:24:03.000,26.41029667,-80.16163000,2.40,5.161,-27.761,3.750,358,16,20,,
T,2026-07-18 14:24:04.000,26.41033500,-80.16163333,2.40,4.961,-27.761,3.755,354,16,20,,
T,2026-07-18 14:24:05.000,26.41036833,-80.16163667,2.40,4.861,-27.761,3.676,359,16,20,,
T,2026-07-18 14:24:06.000,26.41039333,-80.16164000,2.40,4.861,-27.761,3.547,359,16,20,,
T,2026-07-18 14:24:07.000,26.41042000,-80.16164167,2.40,4.561,-27.761,3.467,0,16,20,,
T,2026-07-18 14:24:08.000,26.41045000,-80.16164500,1.90,3.961,-27.761,3.450,0,16,20,,
T,2026-07-18 14:24:09.000,26.41048167,-80.16164333,1.80,4.061,-27.761,3.424,0,16,20,,
T,2026-07-18 14:24:10.000,26.41051333,-80.16164667,1.80,3.761,-27.761,3.359,1,16,20,,
T,2026-07-18 14:24:11.000,26.41053667,-80.16164667,2.00,3.561,-27.761,3.268,357,16,20,,
T,2026-07-18 14:24:12.000,26.41056167,-80.16164667,2.10,3.561,-27.761,3.142,0,16,20,,
T,2026-07-18 14:24:13.000,26.41058833,-80.16164167,1.80,2.961,-27.761,2.976,355,16,20,,
T,2026-07-18 14:24:14.000,26.41061667,-80.16163667,1.70,2.361,-27.761,2.789,358,16,20,,
T,2026-07-18 14:24:15.000,26.41063500,-80.16163500,1.70,3.061,-27.761,2.708,358,16,20,,
T,2026-07-18 14:24:16.000,26.41065500,-80.16163833,1.70,4.061,-27.761,2.711,354,16,20,,
T,2026-07-18 14:24:17.000,26.41067500,-80.16164500,1.70,4.461,-27.761,2.699,351,16,20,,
T,2026-07-18 14:24:18.000,26.41069500,-80.16165333,1.60,5.261,-27.761,2.684,348,16,20,,
T,2026-07-18 14:24:19.000,26.41072167,-80.16166500,1.70,5.461,-27.761,2.635,348,16,20,,
T,2026-07-18 14:24:20.000,26.41074667,-80.16167333,1.70,5.561,-27.761,2.610,343,16,20,,
T,2026-07-18 14:24:21.000,26.41076833,-80.16168333,1.70,6.261,-27.761,2.588,348,16,20,,
T,2026-07-18 14:24:22.000,26.41078833,-80.16169000,1.70,7.161,-27.761,2.590,353,16,20,,
T,2026-07-18 14:24:23.000,26.41081500,-80.16169500,1.70,7.561,-27.761,2.520,353,16,20,,
T,2026-07-18 14:24:24.000,26.41082833,-80.16169333,1.60,8.061,-27.761,2.426,354,16,20,,
T,2026-07-18 14:24:25.000,26.41083667,-80.16169667,1.60,8.161,-27.761,2.284,354,16,20,,
T,2026-07-18 14:24:26.000,26.41084500,-80.16169667,1.60,8.061,-27.761,2.098,356,16,20,,
T,2026-07-18 14:24:27.000,26.41085333,-80.16169833,1.60,7.961,-27.761,1.877,357,16,20,,
T,2026-07-18 14:24:28.000,26.41086000,-80.16169833,1.50,7.861,-27.761,1.636,359,16,20,,
T,2026-07-18 14:24:29.000,26.41086500,-80.16169833,1.50,7.661,-27.761,1.401,343,16,20,,
T,2026-07-18 14:24:30.000,26.41087167,-80.16169833,1.50,7.561,-27.761,1.175,349,16,20,,
T,2026-07-18 14:24:31.000,26.41087833,-80.16169833,1.50,7.361,-27.761,0.973,357,16,20,,
T,2026-07-18 14:24:32.000,26.41088500,-80.16169833,1.50,7.261,-27.761,0.776,355,16,20,,
T,2026-07-18 14:24:33.000,26.41089000,-80.16169833,1.50,7.061,-27.761,0.676,359,16,20,,
T,2026-07-18 14:24:34.000,26.41089667,-80.16170000,1.50,6.761,-27.761,0.625,353,16,20,,
T,2026-07-18 14:24:35.000,26.41090500,-80.16170000,1.50,6.361,-27.761,0.611,356,16,20,,
T,2026-07-18 14:24:36.000,26.41091333,-80.16170000,1.50,5.861,-27.761,0.605,351,16,20,,
T,2026-07-18 14:24:37.000,26.41092000,-80.16170333,1.50,5.561,-27.761,0.637,355,16,20,,
T,2026-07-18 14:24:38.000,26.41093000,-80.16170333,1.50,5.361,-27.761,0.690,355,16,20,,
T,2026-07-18 14:24:39.000,26.41094000,-80.16170500,1.50,5.261,-27.761,0.743,355,16,20,,
T,2026-07-18 14:24:40.000,26.41094833,-80.16170500,1.50,5.161,-27.761,0.779,355,16,20,,
T,2026-07-18 14:24:41.000,26.41095833,-80.16170500,1.50,5.161,-27.761,0.807,357,16,20,,
T,2026-07-18 14:24:42.000,26.41096667,-80.16170500,1.50,5.461,-27.761,0.830,0,16,20,,
T,2026-07-18 14:24:43.000,26.41097667,-80.16170500,1.50,5.961,-27.761,0.843,359,16,20,,
T,2026-07-18 14:24:44.000,26.41098333,-80.16170500,1.50,6.361,-27.761,0.841,355,16,20,,
T,2026-07-18 14:24:45.000,26.41099000,-80.16170333,1.50,6.561,-27.761,0.842,0,16,20,,
T,2026-07-18 14:24:46.000,26.41099667,-80.16170167,1.50,6.161,-27.761,0.849,357,16,20,,
T,2026-07-18 14:24:47.000,26.41100167,-80.16170000,1.50,6.061,-27.761,0.844,359,16,20,,
T,2026-07-18 14:24:48.000,26.41100667,-80.16170000,1.40,5.961,-27.761,0.831,358,16,20,,
T,2026-07-18 14:24:49.000,26.41101333,-80.16170000,1.50,5.661,-27.761,0.811,358,16,20,,
T,2026-07-18 14:24:50.000,26.41101833,-80.16170000,1.50,5.561,-27.761,0.805,1,16,20,,
T,2026-07-18 14:24:51.000,26.41102500,-80.16170000,1.50,5.361,-27.761,0.798,2,16,20,,
T,2026-07-18 14:24:52.000,26.41103167,-80.16169833,1.50,5.261,-27.761,0.793,3,16,20,,
T,2026-07-18 14:24:53.000,26.41104000,-80.16170000,1.50,4.961,-27.761,0.794,7,16,20,,
T,2026-07-18 14:24:54.000,26.41104833,-80.16170000,1.50,4.661,-27.761,0.808,5,16,20,,
T,2026-07-18 14:24:55.000,26.41105833,-80.16169833,1.50,4.461,-27.761,0.819,7,16,20,,
T,2026-07-18 14:24:56.000,26.41106833,-80.16169667,1.50,4.561,-27.761,0.850,6,16,20,,
T,2026-07-18 14:24:57.000,26.41108000,-80.16169500,1.60,4.761,-27.761,0.883,1,16,20,,
T,2026-07-18 14:24:58.000,26.41109167,-80.16169500,1.60,5.161,-27.761,0.918,6,16,20,,
T,2026-07-18 14:24:59.000,26.41110167,-80.16169500,1.60,5.461,-27.761,0.949,7,16,20,,
T,2026-07-18 14:25:00.000,26.41111500,-80.16169667,1.60,5.761,-27.761,0.990,0,16,20,,
T,2026-07-18 14:25:01.000,26.41112500,-80.16169667,1.50,5.961,-27.761,1.028,355,16,20,,
T,2026-07-18 14:25:02.000,26.41113167,-80.16169833,1.50,6.161,-27.761,1.069,348,16,20,,
T,2026-07-18 14:25:03.000,26.41114333,-80.16169833,1.50,6.161,-27.761,1.138,348,16,20,,
T,2026-07-18 14:25:04.000,26.41115667,-80.16169833,1.60,5.961,-27.761,1.208,343,16,20,,
T,2026-07-18 14:25:05.000,26.41116833,-80.16170500,1.60,6.061,-27.761,1.252,346,16,20,,
T,2026-07-18 14:25:06.000,26.41117833,-80.16170833,1.60,6.061,-27.761,1.274,342,16,20,,
T,2026-07-18 14:25:07.000,26.41118667,-80.16171333,1.60,5.961,-27.761,1.284,345,16,20,,
T,2026-07-18 14:25:08.000,26.41119833,-80.16171667,1.50,5.961,-27.761,1.303,342,16,20,,
T,2026-07-18 14:25:09.000,26.41121000,-80.16172167,1.50,5.761,-27.761,1.327,339,16,20,,
T,2026-07-18 14:25:10.000,26.41122000,-80.16172667,1.50,5.761,-27.761,1.318,332,16,20,,
T,2026-07-18 14:25:11.000,26.41123167,-80.16173167,1.50,5.461,-27.761,1.334,325,16,20,,
T,2026-07-18 14:25:12.000,26.41124000,-80.16174000,1.50,5.061,-27.761,1.333,335,16,20,,
T,2026-07-18 14:25:13.000,26.41124833,-80.16174333,1.60,5.261,-27.761,1.281,334,16,20,,
T,2026-07-18 14:25:14.000,26.41125500,-80.16174500,1.60,5.461,-27.761,1.191,1,16,20,,
T,2026-07-18 14:25:15.000,26.41126167,-80.16174500,1.50,5.561,-27.761,1.149,350,16,20,,
T,2026-07-18 14:25:16.000,26.41127000,-80.16175000,1.60,5.661,-27.761,1.109,341,16,20,,
T,2026-07-18 14:25:17.000,26.41127500,-80.16175500,1.60,6.161,-27.761,1.059,336,16,20,,
T,2026-07-18 14:25:18.000,26.41128167,-80.16175833,1.60,6.461,-27.761,1.009,329,16,20,,
T,2026-07-18 14:25:19.000,26.41128667,-80.16176000,1.60,6.661,-27.761,0.956,323,16,20,,
T,2026-07-18 14:25:20.000,26.41129667,-80.16176333,1.60,6.761,-27.761,0.938,347,16,20,,
T,2026-07-18 14:25:21.000,26.41131000,-80.16176833,1.60,6.661,-27.761,0.928,342,16,20,,
T,2026-07-18 14:25:22.000,26.41132333,-80.16177333,1.60,6.461,-27.761,0.939,338,16,20,,
T,2026-07-18 14:25:23.000,26.41133500,-80.16178000,1.60,6.060,-27.760,0.948,345,16,20,,
T,2026-07-18 14:25:24.000,26.41135000,-80.16178667,1.50,6.060,-27.760,1.015,342,16,20,,
T,2026-07-18 14:25:25.000,26.41136167,-80.16179333,1.60,5.760,-27.760,1.038,340,16,20,,
T,2026-07-18 14:25:26.000,26.41137500,-80.16179833,1.50,5.860,-27.760,1.071,348,16,20,,
T,2026-07-18 14:25:27.000,26.41138667,-80.16180167,1.50,5.960,-27.760,1.129,342,16,20,,
T,2026-07-18 14:25:28.000,26.41139667,-80.16180500,1.50,5.860,-27.760,1.191,348,16,20,,
T,2026-07-18 14:25:29.000,26.41140667,-80.16180833,1.60,5.760,-27.760,1.260,342,16,20,,
T,2026-07-18 14:25:30.000,26.41141667,-80.16181000,1.60,5.860,-27.760,1.285,347,16,20,,
T,2026-07-18 14:25:31.000,26.41142833,-80.16180833,1.50,5.860,-27.760,1.302,342,16,20,,
T,2026-07-18 14:25:32.000,26.41144167,-80.16181167,1.60,6.060,-27.760,1.315,347,16,20,,
T,2026-07-18 14:25:33.000,26.41145500,-80.16181500,1.60,5.960,-27.760,1.342,351,16,20,,
T,2026-07-18 14:25:34.000,26.41146833,-80.16182000,1.60,6.160,-27.760,1.354,342,16,20,,
T,2026-07-18 14:25:35.000,26.41148167,-80.16182833,1.60,6.460,-27.760,1.389,344,16,20,,
T,2026-07-18 14:25:36.000,26.41149500,-80.16183333,1.60,6.660,-27.760,1.405,349,16,20,,
T,2026-07-18 14:25:37.000,26.41150833,-80.16183500,1.60,6.960,-27.760,1.388,10,16,20,,
T,2026-07-18 14:25:38.000,26.41151833,-80.16184000,1.50,7.360,-27.760,1.366,353,15,20,,
T,2026-07-18 14:25:39.000,26.41152833,-80.16184333,1.50,7.360,-27.760,1.359,340,15,20,,
T,2026-07-18 14:25:40.000,26.41153833,-80.16184500,1.50,7.460,-27.760,1.393,349,15,20,,
T,2026-07-18 14:25:41.000,26.41155167,-80.16184833,1.60,7.160,-27.760,1.403,342,15,20,,
T,2026-07-18 14:25:42.000,26.41156333,-80.16185333,1.60,6.860,-27.760,1.403,343,15,20,,
T,2026-07-18 14:25:43.000,26.41157667,-80.16185500,1.60,6.960,-27.760,1.405,336,15,20,,
T,2026-07-18 14:25:44.000,26.41159000,-80.16186000,1.60,6.860,-27.760,1.415,342,15,20,,
T,2026-07-18 14:25:45.000,26.41160167,-80.16186333,1.60,6.960,-27.760,1.407,341,15,20,,
T,2026-07-18 14:25:46.000,26.41161167,-80.16186667,1.60,6.960,-27.760,1.407,344,15,20,,
T,2026-07-18 14:25:47.000,26.41162667,-80.16187167,1.60,6.760,-27.760,1.448,340,15,20,,
T,2026-07-18 14:25:48.000,26.41163833,-80.16187500,1.60,6.660,-27.760,1.488,345,15,20,,
T,2026-07-18 14:25:49.000,26.41165333,-80.16188000,1.70,6.560,-27.760,1.485,344,15,20,,
T,2026-07-18 14:25:50.000,26.41166333,-80.16188167,1.60,6.160,-27.760,1.469,351,16,20,,
T,2026-07-18 14:25:51.000,26.41167333,-80.16188500,1.60,5.760,-27.760,1.465,346,16,20,,
T,2026-07-18 14:25:52.000,26.41168500,-80.16188667,1.60,5.460,-27.760,1.470,350,16,20,,
T,2026-07-18 14:25:53.000,26.41170000,-80.16188833,1.60,5.160,-27.760,1.475,353,16,20,,
T,2026-07-18 14:25:54.000,26.41171333,-80.16189167,1.60,5.260,-27.760,1.462,345,16,20,,
T,2026-07-18 14:25:55.000,26.41173000,-80.16189167,1.60,4.860,-27.760,1.467,355,16,20,,
T,2026-07-18 14:25:56.000,26.41174667,-80.16189167,1.60,4.660,-27.760,1.494,354,16,20,,
T,2026-07-18 14:25:57.000,26.41176333,-80.16189167,1.60,4.660,-27.760,1.482,357,16,20,,
T,2026-07-18 14:25:58.000,26.41177833,-80.16189333,1.60,4.460,-27.760,1.468,353,16,20,,
T,2026-07-18 14:25:59.000,26.41179167,-80.16189667,1.60,4.360,-27.760,1.493,356,16,20,,
T,2026-07-18 14:26:00.000,26.41180500,-80.16189833,1.60,4.460,-27.760,1.510,346,16,20,,
T,2026-07-18 14:26:01.000,26.41181833,-80.16190333,1.60,4.560,-27.760,1.529,342,16,20,,
T,2026-07-18 14:26:02.000,26.41183167,-80.16191167,1.60,5.360,-27.760,1.518,342,16,20,,
T,2026-07-18 14:26:03.000,26.41184667,-80.16191833,1.60,6.060,-27.760,1.533,336,16,20,,
T,2026-07-18 14:26:04.000,26.41185833,-80.16192833,1.60,6.760,-27.760,1.533,327,16,20,,
T,2026-07-18 14:26:05.000,26.41186667,-80.16193833,1.60,7.160,-27.760,1.488,331,16,20,,
T,2026-07-18 14:26:06.000,26.41187500,-80.16194500,1.60,7.460,-27.760,1.433,332,17,20,,
T,2026-07-18 14:26:07.000,26.41188167,-80.16195667,1.70,7.460,-27.760,1.437,315,17,20,,
T,2026-07-18 14:26:08.000,26.41188500,-80.16196833,1.70,7.360,-27.760,1.421,285,17,20,,
T,2026-07-18 14:26:09.000,26.41188833,-80.16198167,1.70,7.360,-27.760,1.396,277,17,20,,
T,2026-07-18 14:26:10.000,26.41188500,-80.16199833,1.70,7.660,-27.760,1.397,265,17,20,,
T,2026-07-18 14:26:11.000,26.41188000,-80.16201333,1.70,7.760,-27.760,1.391,266,17,20,,
T,2026-07-18 14:26:12.000,26.41187500,-80.16203000,1.70,7.660,-27.760,1.411,269,17,20,,
T,2026-07-18 14:26:13.000,26.41187333,-80.16204833,1.70,7.960,-27.760,1.408,274,17,20,,
T,2026-07-18 14:26:14.000,26.41187167,-80.16206333,1.70,8.160,-27.760,1.391,275,17,20,,
T,2026-07-18 14:26:15.000,26.41187167,-80.16207667,1.70,8.260,-27.760,1.437,280,17,20,,
T,2026-07-18 14:26:16.000,26.41187167,-80.16209000,1.70,8.260,-27.760,1.488,258,17,20,,
T,2026-07-18 14:26:17.000,26.41186500,-80.16210167,1.70,8.159,-27.759,1.501,265,17,20,,
T,2026-07-18 14:26:18.000,26.41186167,-80.16211500,1.70,7.959,-27.759,1.531,262,17,20,,
T,2026-07-18 14:26:19.000,26.41185667,-80.16212500,1.70,7.859,-27.759,1.553,264,17,20,,
T,2026-07-18 14:26:20.000,26.41185000,-80.16213833,1.70,7.759,-27.759,1.540,257,17,20,,
T,2026-07-18 14:26:21.000,26.41184667,-80.16215333,1.70,7.959,-27.759,1.525,259,17,20,,
T,2026-07-18 14:26:22.000,26.41184667,-80.16216500,1.70,7.659,-27.759,1.499,263,17,20,,
T,2026-07-18 14:26:23.000,26.41184333,-80.16218000,1.70,7.459,-27.759,1.477,265,17,20,,
T,2026-07-18 14:26:24.000,26.41184333,-80.16219333,1.70,7.159,-27.759,1.478,264,17,20,,
T,2026-07-18 14:26:25.000,26.41184333,-80.16220833,1.70,7.159,-27.759,1.450,269,17,20,,
T,2026-07-18 14:26:26.000,26.41184167,-80.16222000,1.70,7.159,-27.759,1.407,269,17,20,,
T,2026-07-18 14:26:27.000,26.41183667,-80.16223167,1.70,7.059,-27.759,1.365,259,17,20,,
T,2026-07-18 14:26:28.000,26.41183500,-80.16224500,1.70,6.959,-27.759,1.324,265,17,20,,
T,2026-07-18 14:26:29.000,26.41183333,-80.16225667,1.60,6.759,-27.759,1.289,273,17,20,,
T,2026-07-18 14:26:30.000,26.41183500,-80.16227000,1.60,6.459,-27.759,1.279,262,17,20,,
T,2026-07-18 14:26:31.000,26.41183500,-80.16228333,1.60,6.359,-27.759,1.265,266,17,20,,
T,2026-07-18 14:26:32.000,26.41183500,-80.16229333,1.60,6.059,-27.759,1.239,267,17,20,,
T,2026-07-18 14:26:33.000,26.41183667,-80.16230500,1.60,6.459,-27.759,1.195,273,17,20,,
T,2026-07-18 14:26:34.000,26.41184167,-80.16231500,1.60,6.859,-27.759,1.138,285,17,20,,
T,2026-07-18 14:26:35.000,26.41184500,-80.16232000,1.60,6.859,-27.759,1.064,278,17,20,,
T,2026-07-18 14:26:36.000,26.41184500,-80.16232333,1.50,6.759,-27.759,0.978,272,17,20,,
T,2026-07-18 14:26:37.000,26.41184333,-80.16232500,1.50,6.459,-27.759,0.873,252,17,20,,
T,2026-07-18 14:26:38.000,26.41184167,-80.16232500,1.50,6.159,-27.759,0.766,229,16,20,,
T,2026-07-18 14:26:39.000,26.41184000,-80.16232500,1.50,5.959,-27.759,0.658,222,16,20,,
T,2026-07-18 14:26:40.000,26.41184000,-80.16232667,1.40,5.759,-27.759,0.546,260,16,20,,
T,2026-07-18 14:26:41.000,26.41184000,-80.16232833,1.40,5.659,-27.759,0.440,272,17,20,,
T,2026-07-18 14:26:42.000,26.41184000,-80.16233167,1.40,5.459,-27.759,0.000,,17,20,,
T,2026-07-18 14:26:43.000,26.41184000,-80.16233333,1.50,5.258,-27.758,0.000,,17,20,,
T,2026-07-18 14:26:44.000,26.41184167,-80.16233833,1.50,5.458,-27.758,0.000,,17,20,,
T,2026-07-18 14:26:45.000,26.41184167,-80.16233833,1.50,5.458,-27.758,0.000,,17,20,,
T,2026-07-18 14:26:46.000,26.41184167,-80.16233833,1.40,5.458,-27.758,0.000,,17,20,,
T,2026-07-18 14:26:47.000,26.41184167,-80.16233833,1.40,5.458,-27.758,0.000,,17,20,,
T,2026-07-18 14:26:48.000,26.41184167,-80.16233833,1.40,5.458,-27.758,0.000,,17,20,,
T,2026-07-18 14:26:49.000,26.41184167,-80.16233833,1.40,5.458,-27.758,0.000,,17,20,,
T,2026-07-18 14:26:50.000,26.41184167,-80.16233833,1.40,5.458,-27.758,0.000,,17,20,,
T,2026-07-18 14:26:51.000,26.41184167,-80.16233833,1.40,5.458,-27.758,0.000,,17,20,,
T,2026-07-18 14:26:52.000,26.41184167,-80.16233833,1.50,5.458,-27.758,0.000,,17,20,,
T,2026-07-18 14:26:53.000,26.41184167,-80.16233833,1.50,5.458,-27.758,0.000,,16,20,,
T,2026-07-18 14:26:54.000,26.41184167,-80.16233833,1.50,5.458,-27.758,0.000,,17,20,,
T,2026-07-18 14:26:55.000,26.41184167,-80.16233833,1.50,5.458,-27.758,0.000,,17,20,,
T,2026-07-18 14:26:56.000,26.41184167,-80.16233833,1.50,5.458,-27.758,0.000,,17,20,,
T,2026-07-18 14:26:57.000,26.41184167,-80.16233833,1.50,5.458,-27.758,0.000,,17,20,,
T,2026-07-18 14:26:58.000,26.41184167,-80.16233833,1.50,5.458,-27.758,0.000,,17,20,,
T,2026-07-18 14:26:59.000,26.41184500,-80.16237667,1.50,4.658,-27.758,0.279,244,17,20,,
T,2026-07-18 14:27:00.000,26.41184500,-80.16239000,1.60,4.558,-27.758,0.422,263,17,20,,
T,2026-07-18 14:27:01.000,26.41184833,-80.16241167,1.70,4.558,-27.758,0.597,270,17,20,,
T,2026-07-18 14:27:02.000,26.41185833,-80.16243833,1.70,4.758,-27.758,0.829,258,17,20,,
T,2026-07-18 14:27:03.000,26.41185500,-80.16246333,1.70,5.158,-27.758,1.051,268,17,20,,
T,2026-07-18 14:27:04.000,26.41185500,-80.16249000,1.80,5.558,-27.758,1.330,275,17,20,,
T,2026-07-18 14:27:05.000,26.41185667,-80.16251667,1.80,5.558,-27.758,1.579,285,17,20,,
T,2026-07-18 14:27:06.000,26.41185500,-80.16255000,1.80,5.958,-27.758,1.835,281,17,20,,
T,2026-07-18 14:27:07.000,26.41185667,-80.16259000,1.70,6.357,-27.757,2.137,279,17,20,,
T,2026-07-18 14:27:08.000,26.41185667,-80.16263000,1.80,6.857,-27.757,2.464,267,17,20,,
T,2026-07-18 14:27:09.000,26.41185500,-80.16267167,2.00,6.657,-27.757,2.800,268,17,20,,
T,2026-07-18 14:27:10.000,26.41185333,-80.16271500,2.20,6.057,-27.757,3.073,272,17,20,,
T,2026-07-18 14:27:11.000,26.41185667,-80.16275833,2.30,5.957,-27.757,3.343,270,17,20,,
T,2026-07-18 14:27:12.000,26.41185833,-80.16280333,2.30,5.657,-27.757,3.548,276,17,20,,
T,2026-07-18 14:27:13.000,26.41186333,-80.16285000,2.30,5.556,-27.756,3.731,276,17,20,,
T,2026-07-18 14:27:14.000,26.41186500,-80.16289333,2.30,5.956,-27.756,3.836,272,17,20,,
T,2026-07-18 14:27:15.000,26.41186833,-80.16292833,2.40,5.956,-27.756,3.967,275,17,20,,
T,2026-07-18 14:27:16.000,26.41187167,-80.16297167,2.30,5.756,-27.756,4.073,279,17,20,,
T,2026-07-18 14:27:17.000,26.41187667,-80.16301333,2.40,5.456,-27.756,4.136,272,17,20,,
T,2026-07-18 14:27:18.000,26.41188000,-80.16305500,2.30,4.456,-27.756,4.155,272,17,20,,
T,2026-07-18 14:27:19.000,26.41187833,-80.16309667,2.30,4.355,-27.755,4.136,265,17,20,,
T,2026-07-18 14:27:20.000,26.41187333,-80.16313833,2.30,3.755,-27.755,4.109,258,17,20,,
T,2026-07-18 14:27:21.000,26.41186167,-80.16318000,2.30,3.655,-27.755,4.059,250,17,20,,
T,2026-07-18 14:27:22.000,26.41184500,-80.16321500,2.30,4.355,-27.755,4.066,239,17,20,,
T,2026-07-18 14:27:23.000,26.41182333,-80.16325500,2.30,4.955,-27.755,4.064,237,17,20,,
T,2026-07-18 14:27:24.000,26.41180000,-80.16329000,2.30,5.155,-27.755,4.094,234,17,20,,
T,2026-07-18 14:27:25.000,26.41177500,-80.16332333,2.30,5.254,-27.754,4.130,233,17,20,,
T,2026-07-18 14:27:26.000,26.41175000,-80.16335833,2.30,5.554,-27.754,4.181,235,17,20,,
T,2026-07-18 14:27:27.000,26.41172667,-80.16339333,2.30,5.654,-27.754,4.190,238,17,20,,
T,2026-07-18 14:27:28.000,26.41171167,-80.16343000,2.30,5.654,-27.754,4.227,249,17,20,,
T,2026-07-18 14:27:29.000,26.41169833,-80.16347000,2.30,5.454,-27.754,4.255,252,17,20,,
T,2026-07-18 14:27:30.000,26.41169000,-80.16351333,2.30,5.354,-27.754,4.314,250,17,20,,
T,2026-07-18 14:27:31.000,26.41167833,-80.16355667,2.30,5.253,-27.753,4.351,253,17,20,,
T,2026-07-18 14:27:32.000,26.41166667,-80.16360000,2.30,5.253,-27.753,4.362,248,17,20,,
T,2026-07-18 14:27:33.000,26.41165000,-80.16364167,2.30,5.453,-27.753,4.395,245,17,20,,
T,2026-07-18 14:27:34.000,26.41163333,-80.16368167,2.30,5.553,-27.753,4.416,239,17,20,,
T,2026-07-18 14:27:35.000,26.41161167,-80.16371833,2.30,5.553,-27.753,4.427,230,16,20,,
T,2026-07-18 14:27:36.000,26.41158333,-80.16375167,2.30,5.553,-27.753,4.420,224,17,20,,
T,2026-07-18 14:27:37.000,26.41155500,-80.16378333,2.30,6.052,-27.752,4.461,219,17,20,,
T,2026-07-18 14:27:38.000,26.41152000,-80.16381000,2.40,6.052,-27.752,4.495,218,17,20,,
T,2026-07-18 14:27:39.000,26.41148500,-80.16383500,2.40,5.952,-27.752,4.569,212,17,20,,
T,2026-07-18 14:27:40.000,26.41145333,-80.16386667,2.30,6.952,-27.752,4.590,221,17,20,,
T,2026-07-18 14:27:41.000,26.41143000,-80.16390000,2.40,6.852,-27.752,4.591,231,17,20,,
T,2026-07-18 14:27:42.000,26.41140667,-80.16393333,2.40,6.352,-27.752,4.559,237,17,20,,
T,2026-07-18 14:27:43.000,26.41139333,-80.16397333,2.40,6.351,-27.751,4.569,249,17,20,,
T,2026-07-18 14:27:44.000,26.41138333,-80.16401167,2.30,6.151,-27.751,4.444,257,17,20,,
T,2026-07-18 14:27:45.000,26.41137333,-80.16404667,2.30,6.051,-27.751,4.364,258,17,20,,
T,2026-07-18 14:27:46.000,26.41136667,-80.16409167,2.30,5.751,-27.751,4.328,258,17,20,,
T,2026-07-18 14:27:47.000,26.41136000,-80.16414000,2.30,5.451,-27.751,4.376,257,17,20,,
T,2026-07-18 14:27:48.000,26.41134833,-80.16419167,2.30,5.451,-27.751,4.440,256,17,20,,
T,2026-07-18 14:27:49.000,26.41133667,-80.16424500,2.40,5.150,-27.750,4.504,254,16,20,,
T,2026-07-18 14:27:50.000,26.41132333,-80.16430167,2.40,4.650,-27.750,4.627,254,16,20,,
T,2026-07-18 14:27:51.000,26.41131000,-80.16436000,2.40,4.050,-27.750,4.782,255,16,20,,
T,2026-07-18 14:27:52.000,26.41129667,-80.16441833,2.40,3.550,-27.750,4.950,254,15,20,,
T,2026-07-18 14:27:53.000,26.41128000,-80.16447833,2.40,3.549,-27.749,5.092,253,16,20,,
T,2026-07-18 14:27:54.000,26.41126667,-80.16453500,2.40,3.349,-27.749,5.362,251,16,20,,
T,2026-07-18 14:27:55.000,26.41125000,-80.16459000,2.40,3.549,-27.749,5.565,251,15,20,,
T,2026-07-18 14:27:56.000,26.41123833,-80.16464333,2.40,3.249,-27.749,5.723,253,16,20,,
T,2026-07-18 14:27:57.000,26.41122500,-80.16469667,2.40,3.448,-27.748,5.776,253,15,20,,
T,2026-07-18 14:27:58.000,26.41121167,-80.16474833,2.40,3.548,-27.748,5.763,254,15,20,,
T,2026-07-18 14:27:59.000,26.41119833,-80.16479667,2.40,3.148,-27.748,5.723,255,16,20,,
T,2026-07-18 14:28:00.000,26.41118333,-80.16484333,2.40,2.348,-27.748,5.659,254,16,20,,
T,2026-07-18 14:28:01.000,26.41116833,-80.16489333,2.40,1.748,-27.748,5.609,253,16,20,,
T,2026-07-18 14:28:02.000,26.41115333,-80.16494500,2.40,1.747,-27.747,5.537,251,16,20,,
T,2026-07-18 14:28:03.000,26.41113833,-80.16499500,2.40,1.347,-27.747,5.464,253,16,20,,
T,2026-07-18 14:28:04.000,26.41112500,-80.16504167,2.40,0.947,-27.747,5.381,249,16,20,,
T,2026-07-18 14:28:05.000,26.41110667,-80.16507833,2.50,0.047,-27.747,5.292,253,16,20,,
T,2026-07-18 14:28:06.000,26.41109000,-80.16511333,2.50,-0.953,-27.747,5.213,251,16,20,,
T,2026-07-18 14:28:07.000,26.41107500,-80.16516333,2.40,-0.654,-27.746,5.117,249,16,20,,
T,2026-07-18 14:28:08.000,26.41106167,-80.16520833,2.50,-0.654,-27.746,5.036,255,16,20,,
T,2026-07-18 14:28:09.000,26.41104000,-80.16523500,2.50,-1.654,-27.746,4.873,246,16,20,,
T,2026-07-18 14:28:10.000,26.41102667,-80.16527167,2.60,-1.854,-27.746,4.725,245,16,20,,
T,2026-07-18 14:28:11.000,26.41100833,-80.16531667,2.50,-1.754,-27.746,4.587,236,16,20,,
T,2026-07-18 14:28:12.000,26.41099000,-80.16536333,2.50,-2.954,-27.746,4.530,243,16,20,,
T,2026-07-18 14:28:13.000,26.41097333,-80.16541000,2.60,-3.255,-27.745,4.501,245,16,20,,
T,2026-07-18 14:28:14.000,26.41096333,-80.16546500,2.50,-2.655,-27.745,4.484,249,15,20,,
T,2026-07-18 14:28:15.000,26.41095333,-80.16552167,2.50,-2.455,-27.745,4.478,256,15,20,,
T,2026-07-18 14:28:16.000,26.41094333,-80.16557500,2.40,-2.055,-27.745,4.463,255,15,20,,
T,2026-07-18 14:28:17.000,26.41093333,-80.16561833,2.40,-2.656,-27.744,4.473,259,16,20,,
T,2026-07-18 14:28:18.000,26.41092333,-80.16565833,2.50,-2.856,-27.744,4.440,260,16,20,,
T,2026-07-18 14:28:19.000,26.41091833,-80.16570167,2.50,-1.256,-27.744,4.403,261,16,20,,
T,2026-07-18 14:28:20.000,26.41091333,-80.16573667,2.40,-0.056,-27.744,4.256,266,16,20,,
T,2026-07-18 14:28:21.000,26.41091500,-80.16576500,2.00,2.144,-27.744,4.041,261,16,20,,
T,2026-07-18 14:28:22.000,26.41090833,-80.16578333,1.80,4.244,-27.744,3.697,257,16,20,,
T,2026-07-18 14:28:23.000,26.41090667,-80.16579333,1.70,4.544,-27.744,3.310,260,17,20,,
T,2026-07-18 14:28:24.000,26.41090833,-80.16579833,1.70,4.444,-27.744,2.897,261,16,20,,
T,2026-07-18 14:28:25.000,26.41091000,-80.16581333,1.60,4.244,-27.744,2.648,263,16,20,,
T,2026-07-18 14:28:26.000,26.41090500,-80.16583833,1.70,3.844,-27.744,2.498,262,16,20,,
T,2026-07-18 14:28:27.000,26.41090000,-80.16586667,1.80,3.543,-27.743,2.326,252,16,20,,
T,2026-07-18 14:28:28.000,26.41089333,-80.16589833,1.90,4.143,-27.743,2.218,258,17,20,,
T,2026-07-18 14:28:29.000,26.41089500,-80.16593667,1.90,3.643,-27.743,2.233,270,16,20,,
T,2026-07-18 14:28:30.000,26.41089833,-80.16597667,2.00,3.443,-27.743,2.365,271,16,20,,
T,2026-07-18 14:28:31.000,26.41090000,-80.16601500,2.30,3.443,-27.743,2.537,272,16,20,,
T,2026-07-18 14:28:32.000,26.41090667,-80.16605833,2.40,3.243,-27.743,2.843,278,16,20,,
T,2026-07-18 14:28:33.000,26.41091333,-80.16610333,2.60,3.442,-27.742,3.158,277,15,20,,
T,2026-07-18 14:28:34.000,26.41091833,-80.16614167,2.50,3.442,-27.742,3.445,276,16,20,,
T,2026-07-18 14:28:35.000,26.41092333,-80.16618833,2.40,4.142,-27.742,3.566,276,17,20,,
T,2026-07-18 14:28:36.000,26.41092667,-80.16623000,2.40,4.642,-27.742,3.623,278,17,20,,
T,2026-07-18 14:28:37.000,26.41092833,-80.16626667,2.30,4.742,-27.742,3.707,279,17,20,,
T,2026-07-18 14:28:38.000,26.41093000,-80.16630667,2.30,5.242,-27.742,3.768,281,17,20,,
T,2026-07-18 14:28:39.000,26.41093333,-80.16634667,2.30,5.941,-27.741,3.759,286,16,20,,
T,2026-07-18 14:28:40.000,26.41094333,-80.16638000,2.30,5.941,-27.741,3.672,293,17,20,,
T,2026-07-18 14:28:41.000,26.41095167,-80.16640667,2.30,6.041,-27.741,3.525,284,16,20,,
T,2026-07-18 14:28:42.000,26.41096000,-80.16643667,1.90,5.841,-27.741,3.317,280,16,20,,
T,2026-07-18 14:28:43.000,26.41096500,-80.16646000,1.80,6.041,-27.741,3.084,285,16,20,,
T,2026-07-18 14:28:44.000,26.41096833,-80.16648500,1.60,6.541,-27.741,2.909,285,17,20,,
T,2026-07-18 14:28:45.000,26.41097000,-80.16651167,1.60,6.841,-27.741,2.786,279,17,20,,
T,2026-07-18 14:28:46.000,26.41097333,-80.16654000,1.60,7.241,-27.741,2.660,282,17,20,,
T,2026-07-18 14:28:47.000,26.41097333,-80.16657000,1.60,7.741,-27.741,2.537,277,17,20,,
T,2026-07-18 14:28:48.000,26.41097667,-80.16659500,1.60,8.040,-27.740,2.447,279,17,20,,
T,2026-07-18 14:28:49.000,26.41098167,-80.16662167,1.60,8.140,-27.740,2.361,277,17,20,,
T,2026-07-18 14:28:50.000,26.41098500,-80.16664667,1.70,8.240,-27.740,2.347,279,16,20,,
T,2026-07-18 14:28:51.000,26.41098667,-80.16667167,1.70,8.440,-27.740,2.389,280,16,20,,
T,2026-07-18 14:28:52.000,26.41099167,-80.16670333,1.70,8.440,-27.740,2.481,285,16,20,,
T,2026-07-18 14:28:53.000,26.41100333,-80.16673833,1.80,8.640,-27.740,2.668,283,16,20,,
T,2026-07-18 14:28:54.000,26.41101333,-80.16677833,2.00,8.440,-27.740,2.916,286,15,20,,
T,2026-07-18 14:28:55.000,26.41102500,-80.16681500,2.20,7.940,-27.740,3.092,287,15,20,,
T,2026-07-18 14:28:56.000,26.41103333,-80.16685167,2.20,7.539,-27.739,3.213,284,15,20,,
T,2026-07-18 14:28:57.000,26.41104167,-80.16689167,2.20,7.239,-27.739,3.397,282,15,20,,
T,2026-07-18 14:28:58.000,26.41104667,-80.16693500,2.30,7.039,-27.739,3.547,278,15,20,,
T,2026-07-18 14:28:59.000,26.41105167,-80.16697000,2.20,6.439,-27.739,3.676,277,16,20,,
T,2026-07-18 14:29:00.000,26.41105333,-80.16700500,2.30,5.839,-27.739,3.765,276,15,20,,
T,2026-07-18 14:29:01.000,26.41105833,-80.16703833,2.40,4.939,-27.739,3.863,280,15,20,,
T,2026-07-18 14:29:02.000,26.41106500,-80.16707833,2.40,4.338,-27.738,3.919,280,15,20,,
T,2026-07-18 14:29:03.000,26.41107167,-80.16711667,2.40,3.938,-27.738,3.910,279,15,20,,
T,2026-07-18 14:29:04.000,26.41108000,-80.16715667,2.40,3.338,-27.738,3.854,278,15,20,,
T,2026-07-18 14:29:05.000,26.41108167,-80.16719833,2.40,4.138,-27.738,3.849,280,15,20,,
T,2026-07-18 14:29:06.000,26.41108667,-80.16723833,2.40,3.738,-27.738,3.867,280,15,20,,
T,2026-07-18 14:29:07.000,26.41109333,-80.16727833,2.40,3.838,-27.738,3.826,285,15,20,,
T,2026-07-18 14:29:08.000,26.41110000,-80.16731667,2.40,4.238,-27.738,3.792,275,15,20,,
T,2026-07-18 14:29:09.000,26.41110167,-80.16735500,2.40,4.737,-27.737,3.809,268,15,20,,
T,2026-07-18 14:29:10.000,26.41110333,-80.16739500,2.40,4.537,-27.737,3.832,274,15,20,,
T,2026-07-18 14:29:11.000,26.41110833,-80.16743333,2.40,5.237,-27.737,3.852,282,15,20,,
T,2026-07-18 14:29:12.000,26.41111667,-80.16746833,2.40,4.837,-27.737,3.850,289,15,20,,
T,2026-07-18 14:29:13.000,26.41112833,-80.16749500,2.40,3.937,-27.737,3.844,292,15,20,,
T,2026-07-18 14:29:14.000,26.41114167,-80.16752167,2.40,3.137,-27.737,3.820,300,15,20,,
T,2026-07-18 14:29:15.000,26.41116000,-80.16754833,2.40,2.237,-27.737,3.825,299,15,20,,
T,2026-07-18 14:29:16.000,26.41117833,-80.16758500,2.40,1.836,-27.736,3.882,292,14,20,,
T,2026-07-18 14:29:17.000,26.41119167,-80.16762167,2.40,0.836,-27.736,3.849,286,15,20,,
T,2026-07-18 14:29:18.000,26.41120000,-80.16766000,2.30,0.236,-27.736,3.797,280,15,20,,
T,2026-07-18 14:29:19.000,26.41120333,-80.16769667,2.30,0.536,-27.736,3.716,278,15,20,,
T,2026-07-18 14:29:20.000,26.41120500,-80.16772833,2.20,1.036,-27.736,3.620,274,16,20,,
T,2026-07-18 14:29:21.000,26.41120500,-80.16775000,2.00,1.936,-27.736,3.506,275,15,20,,
T,2026-07-18 14:29:22.000,26.41120500,-80.16777667,1.90,1.936,-27.736,3.406,276,14,20,,
T,2026-07-18 14:29:23.000,26.41120500,-80.16780667,1.80,2.036,-27.736,3.329,274,14,20,,
T,2026-07-18 14:29:24.000,26.41120167,-80.16783167,1.90,2.135,-27.735,3.274,273,14,20,,
T,2026-07-18 14:29:25.000,26.41120000,-80.16786167,1.90,3.135,-27.735,3.128,273,17,20,,
T,2026-07-18 14:29:26.000,26.41120167,-80.16788333,1.90,2.835,-27.735,2.953,275,17,20,,
T,2026-07-18 14:29:27.000,26.41120000,-80.16791000,1.80,2.535,-27.735,2.865,275,17,20,,
T,2026-07-18 14:29:28.000,26.41120000,-80.16793500,1.70,2.335,-27.735,2.811,276,17,20,,
T,2026-07-18 14:29:29.000,26.41120667,-80.16796500,1.70,2.335,-27.735,2.755,279,17,20,,
T,2026-07-18 14:29:30.000,26.41121333,-80.16799333,1.60,1.935,-27.735,2.757,279,17,20,,
T,2026-07-18 14:29:31.000,26.41121667,-80.16802500,1.80,1.235,-27.735,2.770,273,16,20,,
T,2026-07-18 14:29:32.000,26.41122000,-80.16805667,1.90,0.435,-27.735,2.755,262,16,20,,
T,2026-07-18 14:29:33.000,26.41121833,-80.16808500,2.00,0.134,-27.734,2.729,262,16,20,,
T,2026-07-18 14:29:34.000,26.41121833,-80.16811333,2.00,-0.066,-27.734,2.696,269,15,20,,
T,2026-07-18 14:29:35.000,26.41122167,-80.16813667,2.10,-0.066,-27.734,2.705,274,15,20,,
T,2026-07-18 14:29:36.000,26.41122667,-80.16815833,2.10,-0.466,-27.734,2.711,290,15,20,,
T,2026-07-18 14:29:37.000,26.41123667,-80.16818000,2.10,-0.766,-27.734,2.713,288,16,20,,
T,2026-07-18 14:29:38.000,26.41124167,-80.16820833,2.10,-0.766,-27.734,2.704,288,16,20,,
T,2026-07-18 14:29:39.000,26.41125167,-80.16823500,2.10,-0.566,-27.734,2.733,290,15,20,,
T,2026-07-18 14:29:40.000,26.41126167,-80.16826333,2.10,-0.466,-27.734,2.713,297,15,20,,
T,2026-07-18 14:29:41.000,26.41127500,-80.16828500,2.10,-0.666,-27.734,2.723,299,15,20,,
T,2026-07-18 14:29:42.000,26.41128667,-80.16830500,2.10,-1.166,-27.734,2.638,306,15,20,,
T,2026-07-18 14:29:43.000,26.41130167,-80.16832667,2.10,-1.567,-27.733,2.591,317,15,20,,
T,2026-07-18 14:29:44.000,26.41131333,-80.16836167,2.10,-1.167,-27.733,2.555,315,15,20,,
T,2026-07-18 14:29:45.000,26.41132667,-80.16839167,2.00,-2.367,-27.733,2.541,317,15,20,,
T,2026-07-18 14:29:46.000,26.41134333,-80.16842000,2.00,-3.667,-27.733,2.533,309,15,20,,
T,2026-07-18 14:29:47.000,26.41134833,-80.16844833,1.90,-4.567,-27.733,2.464,297,15,20,,
T,2026-07-18 14:29:48.000,26.41135333,-80.16848167,1.90,-5.167,-27.733,2.423,293,15,20,,
T,2026-07-18 14:29:49.000,26.41135333,-80.16851667,1.90,-4.967,-27.733,2.379,281,15,20,,
T,2026-07-18 14:29:50.000,26.41135500,-80.16855000,1.80,-5.167,-27.733,2.335,288,15,20,,
T,2026-07-18 14:29:51.000,26.41135667,-80.16858167,1.80,-4.968,-27.732,2.249,292,15,20,,
T,2026-07-18 14:29:52.000,26.41136167,-80.16860667,1.80,-4.368,-27.732,2.289,294,15,20,,
T,2026-07-18 14:29:53.000,26.41137000,-80.16863333,1.90,-3.868,-27.732,2.318,291,16,20,,
T,2026-07-18 14:29:54.000,26.41137500,-80.16866167,1.90,-2.468,-27.732,2.333,296,16,20,,
T,2026-07-18 14:29:55.000,26.41138667,-80.16868500,1.90,-1.668,-27.732,2.372,308,16,20,,
T,2026-07-18 14:29:56.000,26.41140667,-80.16871333,2.00,-1.368,-27.732,2.432,318,16,20,,
T,2026-07-18 14:29:57.000,26.41143500,-80.16873333,1.90,-0.668,-27.732,2.571,327,16,20,,
T,2026-07-18 14:29:58.000,26.41146167,-80.16874333,1.90,0.532,-27.732,2.678,348,16,20,,
T,2026-07-18 14:29:59.000,26.41148667,-80.16874833,1.90,1.632,-27.732,2.693,5,15,20,,
T,2026-07-18 14:30:00.000,26.41150833,-80.16875000,2.00,2.632,-27.732,2.683,7,16,20,,
T,2026-07-18 14:30:01.000,26.41152833,-80.16875833,1.90,4.232,-27.732,2.650,1,16,20,,
T,2026-07-18 14:30:02.000,26.41154667,-80.16876333,1.90,4.632,-27.732,2.572,9,16,20,,
T,2026-07-18 14:30:03.000,26.41156000,-80.16876667,1.70,4.932,-27.732,2.449,2,16,20,,
T,2026-07-18 14:30:04.000,26.41157333,-80.16876833,1.60,5.632,-27.732,2.301,355,16,20,,
T,2026-07-18 14:30:05.000,26.41158333,-80.16877333,1.60,5.932,-27.732,2.126,353,16,20,,
T,2026-07-18 14:30:06.000,26.41159833,-80.16878000,1.60,6.032,-27.732,1.954,358,16,20,,
T,2026-07-18 14:30:07.000,26.41161333,-80.16878500,1.60,6.332,-27.732,1.733,354,16,20,,
T,2026-07-18 14:30:08.000,26.41162333,-80.16878833,1.60,6.232,-27.732,1.519,352,16,20,,
T,2026-07-18 14:30:09.000,26.41163333,-80.16878833,1.60,6.332,-27.732,1.400,2,16,20,,
T,2026-07-18 14:30:10.000,26.41164500,-80.16878833,1.60,6.332,-27.732,1.342,356,16,20,,
T,2026-07-18 14:30:11.000,26.41165667,-80.16879000,1.60,6.732,-27.732,1.286,350,16,20,,
T,2026-07-18 14:30:12.000,26.41166667,-80.16879333,1.60,6.932,-27.732,1.278,349,16,20,,
T,2026-07-18 14:30:13.000,26.41167500,-80.16879500,1.60,7.132,-27.732,1.283,357,16,20,,
T,2026-07-18 14:30:14.000,26.41168500,-80.16879667,1.60,7.232,-27.732,1.289,355,16,20,,
T,2026-07-18 14:30:15.000,26.41169667,-80.16879667,1.60,7.232,-27.732,1.296,352,16,20,,
T,2026-07-18 14:30:16.000,26.41170667,-80.16879333,1.60,6.932,-27.732,1.254,347,16,20,,
T,2026-07-18 14:30:17.000,26.41171833,-80.16879500,1.60,6.932,-27.732,1.263,351,16,20,,
T,2026-07-18 14:30:18.000,26.41173167,-80.16879833,1.60,6.932,-27.732,1.277,359,16,20,,
T,2026-07-18 14:30:19.000,26.41174667,-80.16879500,1.60,6.932,-27.732,1.304,2,16,20,,
T,2026-07-18 14:30:20.000,26.41176000,-80.16879667,1.70,6.932,-27.732,1.254,4,16,20,,
T,2026-07-18 14:30:21.000,26.41177333,-80.16880000,1.70,7.032,-27.732,1.280,2,16,20,,
T,2026-07-18 14:30:22.000,26.41178667,-80.16880333,1.70,7.232,-27.732,1.285,3,16,20,,
T,2026-07-18 14:30:23.000,26.41179833,-80.16880333,1.70,7.632,-27.732,1.281,7,16,20,,
T,2026-07-18 14:30:24.000,26.41181000,-80.16880500,1.80,7.932,-27.732,1.332,1,16,20,,
T,2026-07-18 14:30:25.000,26.41182500,-80.16880833,1.70,8.232,-27.732,1.351,4,16,20,,
T,2026-07-18 14:30:26.000,26.41184000,-80.16881000,1.70,8.432,-27.732,1.389,0,16,20,,
T,2026-07-18 14:30:27.000,26.41185500,-80.16881167,1.70,8.232,-27.732,1.412,5,16,20,,
T,2026-07-18 14:30:28.000,26.41187000,-80.16881167,1.60,8.232,-27.732,1.440,2,16,20,,
T,2026-07-18 14:30:29.000,26.41188167,-80.16881167,1.70,8.132,-27.732,1.413,350,16,20,,
T,2026-07-18 14:30:30.000,26.41189000,-80.16881000,1.70,8.232,-27.732,1.385,358,16,20,,
T,2026-07-18 14:30:31.000,26.41189667,-80.16880333,1.70,8.032,-27.732,1.336,11,16,20,,
T,2026-07-18 14:30:32.000,26.41190500,-80.16879833,1.70,7.732,-27.732,1.242,15,16,20,,
T,2026-07-18 14:30:33.000,26.41191000,-80.16879500,1.60,7.732,-27.732,1.191,358,16,20,,
T,2026-07-18 14:30:34.000,26.41191833,-80.16879167,1.60,7.632,-27.732,1.132,351,16,20,,
T,2026-07-18 14:30:35.000,26.41192833,-80.16879500,1.60,7.432,-27.732,1.083,355,16,20,,
T,2026-07-18 14:30:36.000,26.41193833,-80.16879500,1.60,7.232,-27.732,1.020,347,16,20,,
T,2026-07-18 14:30:37.000,26.41194333,-80.16879667,1.60,6.932,-27.732,0.912,335,16,20,,
T,2026-07-18 14:30:38.000,26.41195167,-80.16879667,1.60,6.432,-27.732,0.823,323,16,20,,
T,2026-07-18 14:30:39.000,26.41196167,-80.16880000,1.60,6.232,-27.732,0.797,349,16,20,,
T,2026-07-18 14:30:40.000,26.41197667,-80.16880167,1.70,6.132,-27.732,0.837,354,16,20,,
T,2026-07-18 14:30:41.000,26.41199000,-80.16880167,1.70,6.532,-27.732,0.838,349,16,20,,
T,2026-07-18 14:30:42.000,26.41200333,-80.16880667,1.60,6.732,-27.732,0.901,345,16,20,,
T,2026-07-18 14:30:43.000,26.41201333,-80.16880833,1.60,6.932,-27.732,0.961,348,16,20,,
T,2026-07-18 14:30:44.000,26.41202667,-80.16881167,1.60,7.032,-27.732,0.981,349,16,20,,
T,2026-07-18 14:30:45.000,26.41204167,-80.16881667,1.60,7.432,-27.732,0.997,346,16,20,,
T,2026-07-18 14:30:46.000,26.41205167,-80.16882000,1.60,7.832,-27.732,1.023,350,16,20,,
T,2026-07-18 14:30:47.000,26.41206167,-80.16882333,1.60,8.432,-27.732,1.068,353,16,20,,
T,2026-07-18 14:30:48.000,26.41207000,-80.16882667,1.60,8.732,-27.732,1.115,349,16,20,,
T,2026-07-18 14:30:49.000,26.41208167,-80.16882667,1.60,9.132,-27.732,1.135,354,16,20,,
T,2026-07-18 14:30:50.000,26.41209333,-80.16882667,1.70,9.332,-27.732,1.115,353,16,20,,
T,2026-07-18 14:30:51.000,26.41210500,-80.16882833,1.60,9.532,-27.732,1.132,352,16,20,,
T,2026-07-18 14:30:52.000,26.41211167,-80.16883167,1.60,9.732,-27.732,1.143,348,16,20,,
T,2026-07-18 14:30:53.000,26.41212000,-80.16883167,1.60,9.532,-27.732,1.114,348,16,20,,
T,2026-07-18 14:30:54.000,26.41212667,-80.16883167,1.60,9.532,-27.732,1.081,342,16,20,,
T,2026-07-18 14:30:55.000,26.41213000,-80.16883333,1.70,9.532,-27.732,1.047,352,16,20,,
T,2026-07-18 14:30:56.000,26.41213167,-80.16883333,1.60,9.532,-27.732,0.995,349,16,20,,
T,2026-07-18 14:30:57.000,26.41213667,-80.16883500,1.60,9.632,-27.732,0.952,349,16,20,,
T,2026-07-18 14:30:58.000,26.41213667,-80.16883333,1.60,9.832,-27.732,0.866,358,16,20,,
T,2026-07-18 14:30:59.000,26.41213333,-80.16883000,1.50,10.032,-27.732,0.754,4,16,20,,
T,2026-07-18 14:31:00.000,26.41213000,-80.16883000,1.50,10.232,-27.732,0.651,342,16,20,,
T,2026-07-18 14:31:01.000,26.41213000,-80.16882833,1.40,10.132,-27.732,0.536,8,16,20,,
T,2026-07-18 14:31:02.000,26.41213000,-80.16882333,1.40,9.432,-27.732,0.426,360,16,20,,
T,2026-07-18 14:31:03.000,26.41213167,-80.16882333,1.40,9.232,-27.732,0.000,,16,20,,
T,2026-07-18 14:31:04.000,26.41213667,-80.16882333,1.50,8.832,-27.732,0.334,337,16,20,,
T,2026-07-18 14:31:05.000,26.41214000,-80.16882333,1.50,8.232,-27.732,0.324,341,16,20,,
T,2026-07-18 14:31:06.000,26.41214833,-80.16882667,1.50,7.932,-27.732,0.343,344,16,20,,
T,2026-07-18 14:31:07.000,26.41215333,-80.16882333,1.50,7.932,-27.732,0.370,353,16,20,,
T,2026-07-18 14:31:08.000,26.41215833,-80.16882333,1.50,7.932,-27.732,0.410,7,16,20,,
T,2026-07-18 14:31:09.000,26.41216667,-80.16882167,1.50,8.132,-27.732,0.481,18,16,20,,
T,2026-07-18 14:31:10.000,26.41217667,-80.16882167,1.60,7.932,-27.732,0.560,21,16,20,,
T,2026-07-18 14:31:11.000,26.41219000,-80.16882000,1.60,7.832,-27.732,0.671,22,16,20,,
T,2026-07-18 14:31:12.000,26.41220500,-80.16882000,1.60,7.732,-27.732,0.792,8,16,20,,
T,2026-07-18 14:31:13.000,26.41221667,-80.16881833,1.60,8.032,-27.732,0.848,12,16,20,,
T,2026-07-18 14:31:14.000,26.41223167,-80.16881500,1.60,7.932,-27.732,0.898,359,16,20,,
T,2026-07-18 14:31:15.000,26.41224333,-80.16882000,1.60,7.932,-27.732,0.948,351,16,20,,
T,2026-07-18 14:31:16.000,26.41225000,-80.16882500,1.60,7.932,-27.732,1.007,344,16,20,,
T,2026-07-18 14:31:17.000,26.41225833,-80.16883000,1.60,7.832,-27.732,1.048,341,16,20,,
T,2026-07-18 14:31:18.000,26.41226833,-80.16883333,1.60,7.632,-27.732,1.090,341,16,20,,
T,2026-07-18 14:31:19.000,26.41228000,-80.16883667,1.70,7.432,-27.732,1.140,335,16,20,,
T,2026-07-18 14:31:20.000,26.41228833,-80.16884333,1.80,7.132,-27.732,1.189,343,16,20,,
T,2026-07-18 14:31:21.000,26.41229667,-80.16884833,1.80,6.932,-27.732,1.190,343,16,20,,
T,2026-07-18 14:31:22.000,26.41230833,-80.16884833,1.70,7.032,-27.732,1.196,344,16,20,,
T,2026-07-18 14:31:23.000,26.41232000,-80.16884667,1.70,7.332,-27.732,1.204,3,16,20,,
T,2026-07-18 14:31:24.000,26.41233333,-80.16884667,1.80,7.432,-27.732,1.249,4,16,20,,
T,2026-07-18 14:31:25.000,26.41234833,-80.16884167,1.80,7.632,-27.732,1.270,20,16,20,,
T,2026-07-18 14:31:26.000,26.41236167,-80.16883500,1.80,7.832,-27.732,1.272,6,16,20,,
T,2026-07-18 14:31:27.000,26.41237500,-80.16883167,1.70,7.832,-27.732,1.273,11,16,20,,
T,2026-07-18 14:31:28.000,26.41238667,-80.16883000,1.70,7.832,-27.732,1.281,16,16,20,,
T,2026-07-18 14:31:29.000,26.41239833,-80.16882333,1.60,7.732,-27.732,1.213,23,16,20,,
T,2026-07-18 14:31:30.000,26.41240333,-80.16882167,1.60,7.732,-27.732,1.124,355,16,20,,
T,2026-07-18 14:31:31.000,26.41240333,-80.16882167,1.50,7.432,-27.732,1.026,288,16,20,,
T,2026-07-18 14:31:32.000,26.41240500,-80.16882167,1.50,7.232,-27.732,0.901,58,16,20,,
T,2026-07-18 14:31:33.000,26.41240500,-80.16882333,1.50,7.132,-27.732,0.805,43,16,20,,
T,2026-07-18 14:31:34.000,26.41240667,-80.16882333,1.50,7.132,-27.732,0.679,52,16,20,,
T,2026-07-18 14:31:35.000,26.41240833,-80.16882500,1.50,7.032,-27.732,0.568,7,16,20,,
T,2026-07-18 14:31:36.000,26.41241000,-80.16882667,1.50,7.032,-27.732,0.441,53,16,20,,
T,2026-07-18 14:31:37.000,26.41241000,-80.16882667,1.50,7.132,-27.732,0.000,,16,20,,
T,2026-07-18 14:31:38.000,26.41241000,-80.16882500,1.60,7.032,-27.732,0.000,,16,20,,
T,2026-07-18 14:31:39.000,26.41240667,-80.16882500,1.50,6.932,-27.732,0.000,,16,20,,
T,2026-07-18 14:31:40.000,26.41240667,-80.16882500,1.50,6.932,-27.732,0.000,,16,20,,
T,2026-07-18 14:31:41.000,26.41240667,-80.16882500,1.50,6.932,-27.732,0.000,,16,20,,
T,2026-07-18 14:31:42.000,26.41240667,-80.16882500,1.40,6.932,-27.732,0.000,,16,20,,
T,2026-07-18 14:31:43.000,26.41240667,-80.16882500,1.40,6.932,-27.732,0.000,,16,20,,
T,2026-07-18 14:31:44.000,26.41240667,-80.16882500,1.40,6.932,-27.732,0.000,,16,20,,
T,2026-07-18 14:31:45.000,26.41240667,-80.16882500,1.40,6.932,-27.732,0.000,,16,20,,
T,2026-07-18 14:31:46.000,26.41240667,-80.16882500,1.40,6.932,-27.732,0.000,,16,20,,
T,2026-07-18 14:31:47.000,26.41240667,-80.16882500,1.40,6.932,-27.732,0.000,,16,20,,
T,2026-07-18 14:31:48.000,26.41240667,-80.16882500,1.40,6.932,-27.732,0.000,,16,20,,
T,2026-07-18 14:31:49.000,26.41240667,-80.16882500,1.40,6.932,-27.732,0.000,,16,20,,
T,2026-07-18 14:31:50.000,26.41240667,-80.16882500,1.40,6.932,-27.732,0.000,,16,20,,
T,2026-07-18 14:31:51.000,26.41240667,-80.16882500,1.30,6.932,-27.732,0.000,,16,20,,
T,2026-07-18 14:31:52.000,26.41240667,-80.16882500,1.30,6.932,-27.732,0.000,,16,20,,
T,2026-07-18 14:31:53.000,26.41240667,-80.16882500,1.30,6.932,-27.732,0.000,,16,20,,
T,2026-07-18 14:31:54.000,26.41240667,-80.16882500,1.30,6.932,-27.732,0.000,,16,20,,
T,2026-07-18 14:31:55.000,26.41240667,-80.16882500,1.30,6.932,-27.732,0.000,,16,20,,
T,2026-07-18 14:31:56.000,26.41240667,-80.16882500,1.40,6.932,-27.732,0.000,,16,20,,
T,2026-07-18 14:31:57.000,26.41240667,-80.16882500,1.40,6.932,-27.732,0.000,,16,20,,
T,2026-07-18 14:31:58.000,26.41240667,-80.16882500,1.40,6.932,-27.732,0.000,,16,20,,
T,2026-07-18 14:31:59.000,26.41240667,-80.16882500,1.40,6.932,-27.732,0.000,,16,20,,
T,2026-07-18 14:32:00.000,26.41240667,-80.16882500,1.40,6.932,-27.732,0.000,,16,20,,
T,2026-07-18 14:32:01.000,26.41240667,-80.16882500,1.40,6.932,-27.732,0.000,,16,20,,
T,2026-07-18 14:32:02.000,26.41240667,-80.16882500,1.40,6.932,-27.732,0.000,,15,20,,
T,2026-07-18 14:32:03.000,26.41240667,-80.16882500,1.40,6.932,-27.732,0.000,,15,20,,
T,2026-07-18 14:32:04.000,26.41240667,-80.16882500,1.40,6.932,-27.732,0.000,,15,20,,
T,2026-07-18 14:32:05.000,26.41240667,-80.16882500,1.40,6.932,-27.732,0.000,,16,20,,
T,2026-07-18 14:32:06.000,26.41240667,-80.16882500,1.40,6.932,-27.732,0.000,,16,20,,
T,2026-07-18 14:32:07.000,26.41240667,-80.16882500,1.40,6.932,-27.732,0.000,,16,20,,
T,2026-07-18 14:32:08.000,26.41240667,-80.16882500,1.40,6.932,-27.732,0.000,,16,20,,
T,2026-07-18 14:32:09.000,26.41240667,-80.16882500,1.40,6.932,-27.732,0.000,,16,20,,
T,2026-07-18 14:32:10.000,26.41240667,-80.16882500,1.40,6.932,-27.732,0.000,,16,20,,
T,2026-07-18 14:32:11.000,26.41240667,-80.16882500,1.30,6.932,-27.732,0.000,,16,20,,
T,2026-07-18 14:32:12.000,26.41240667,-80.16882500,1.40,6.932,-27.732,0.000,,16,20,,
T,2026-07-18 14:32:13.000,26.41240667,-80.16882500,1.30,6.932,-27.732,0.000,,16,20,,
T,2026-07-18 14:32:14.000,26.41240667,-80.16882500,1.30,6.932,-27.732,0.000,,16,20,,
T,2026-07-18 14:32:15.000,26.41240667,-80.16882500,1.30,6.932,-27.732,0.000,,16,20,,
T,2026-07-18 14:32:16.000,26.41240667,-80.16882500,1.40,6.932,-27.732,0.000,,16,20,,
T,2026-07-18 14:32:17.000,26.41240667,-80.16882500,1.30,6.932,-27.732,0.000,,16,20,,
T,2026-07-18 14:32:18.000,26.41240667,-80.16882500,1.40,6.932,-27.732,0.000,,14,20,,
T,2026-07-18 14:32:19.000,26.41240667,-80.16882500,1.40,6.932,-27.732,0.000,,14,20,,
T,2026-07-18 14:32:20.000,26.41240667,-80.16882500,1.40,6.932,-27.732,0.000,,14,20,,
T,2026-07-18 14:32:21.000,26.41240667,-80.16882500,1.40,6.932,-27.732,0.000,,15,20,,
T,2026-07-18 14:32:22.000,26.41240667,-80.16882500,1.40,6.932,-27.732,0.000,,15,20,,
T,2026-07-18 14:32:23.000,26.41240667,-80.16882500,1.40,6.932,-27.732,0.000,,15,20,,
T,2026-07-18 14:32:24.000,26.41240667,-80.16882500,1.40,6.932,-27.732,0.000,,15,20,,
T,2026-07-18 14:32:25.000,26.41240667,-80.16882500,1.40,6.932,-27.732,0.000,,15,20,,
T,2026-07-18 14:32:26.000,26.41240667,-80.16882500,1.40,6.932,-27.732,0.000,,15,20,,
T,2026-07-18 14:32:27.000,26.41240667,-80.16882500,1.40,6.932,-27.732,0.000,,15,20,,
T,2026-07-18 14:32:28.000,26.41240667,-80.16882500,1.40,6.932,-27.732,0.000,,15,20,,
T,2026-07-18 14:32:29.000,26.41240667,-80.16882500,1.40,6.932,-27.732,0.000,,15,20,,
T,2026-07-18 14:32:30.000,26.41240667,-80.16882500,1.40,6.932,-27.732,0.000,,15,20,,
T,2026-07-18 14:32:31.000,26.41240667,-80.16882500,1.40,6.932,-27.732,0.000,,15,20,,
T,2026-07-18 14:32:32.000,26.41240667,-80.16882500,1.40,6.932,-27.732,0.000,,15,20,,
T,2026-07-18 14:32:33.000,26.41240667,-80.16882500,1.40,6.932,-27.732,0.000,,15,20,,
T,2026-07-18 14:32:34.000,26.41240667,-80.16882500,1.40,6.932,-27.732,0.000,,15,20,,
T,2026-07-18 14:32:35.000,26.41240667,-80.16882500,1.40,6.932,-27.732,0.000,,15,20,,
T,2026-07-18 14:32:36.000,26.41240667,-80.16882500,1.40,6.932,-27.732,0.000,,15,20,,
T,2026-07-18 14:32:37.000,26.41240667,-80.16882500,1.50,6.932,-27.732,0.000,,15,20,,
T,2026-07-18 14:32:38.000,26.41240667,-80.16882500,1.50,6.932,-27.732,0.000,,15,20,,
T,2026-07-18 14:32:39.000,26.41240667,-80.16882500,1.50,6.932,-27.732,0.000,,15,20,,
T,2026-07-18 14:32:40.000,26.41240667,-80.16882500,1.50,6.932,-27.732,0.000,,15,20,,
T,2026-07-18 14:32:41.000,26.41240667,-80.16882500,1.50,6.932,-27.732,0.000,,15,20,,
T,2026-07-18 14:32:42.000,26.41240667,-80.16882500,1.50,6.932,-27.732,0.000,,16,20,,
T,2026-07-18 14:32:43.000,26.41240667,-80.16882500,1.50,6.932,-27.732,0.000,,16,20,,
T,2026-07-18 14:32:44.000,26.41240667,-80.16882500,1.50,6.932,-27.732,0.000,,16,20,,
T,2026-07-18 14:32:45.000,26.41240667,-80.16882500,1.50,6.932,-27.732,0.000,,16,20,,
T,2026-07-18 14:32:46.000,26.41240667,-80.16882500,1.50,6.932,-27.732,0.000,,16,20,,
T,2026-07-18 14:32:47.000,26.41240667,-80.16882500,1.50,6.932,-27.732,0.000,,16,20,,
T,2026-07-18 14:32:48.000,26.41240667,-80.16882500,1.50,6.932,-27.732,0.000,,16,20,,
T,2026-07-18 14:32:49.000,26.41240667,-80.16882500,1.50,6.932,-27.732,0.000,,16,20,,
T,2026-07-18 14:32:50.000,26.41240667,-80.16882500,1.50,6.932,-27.732,0.000,,16,20,,
T,2026-07-18 14:32:51.000,26.41240667,-80.16882500,1.40,6.932,-27.732,0.000,,16,20,,
T,2026-07-18 14:32:52.000,26.41240667,-80.16882500,1.40,6.932,-27.732,0.000,,16,20,,
T,2026-07-18 14:32:53.000,26.41240667,-80.16882500,1.30,6.932,-27.732,0.000,,16,20,,
T,2026-07-18 14:32:54.000,26.41240667,-80.16882500,1.30,6.932,-27.732,0.000,,16,20,,
T,2026-07-18 14:32:55.000,26.41240667,-80.16882500,1.30,6.932,-27.732,0.000,,16,20,,
T,2026-07-18 14:32:56.000,26.41240667,-80.16882500,1.30,6.932,-27.732,0.000,,16,20,,
T,2026-07-18 14:32:57.000,26.41240667,-80.16882500,1.30,6.932,-27.732,0.000,,16,20,,
T,2026-07-18 14:32:58.000,26.41240667,-80.16882500,1.20,6.932,-27.732,0.000,,16,20,,
T,2026-07-18 14:32:59.000,26.41240667,-80.16882500,1.30,6.932,-27.732,0.000,,16,20,,
T,2026-07-18 14:33:00.000,26.41240667,-80.16882500,1.30,6.932,-27.732,0.000,,16,20,,
T,2026-07-18 14:33:01.000,26.41240667,-80.16882500,1.30,6.932,-27.732,0.000,,16,20,,
T,2026-07-18 14:33:02.000,26.41240667,-80.16882500,1.20,6.932,-27.732,0.000,,16,20,,
T,2026-07-18 14:33:03.000,26.41240667,-80.16882500,1.30,6.932,-27.732,0.000,,16,20,,
T,2026-07-18 14:33:04.000,26.41240667,-80.16882500,1.30,6.932,-27.732,0.000,,16,20,,
T,2026-07-18 14:33:05.000,26.41240667,-80.16882500,1.30,6.932,-27.732,0.000,,16,20,,
T,2026-07-18 14:33:06.000,26.41240667,-80.16882500,1.30,6.932,-27.732,0.000,,16,20,,
T,2026-07-18 14:33:07.000,26.41240667,-80.16882500,1.30,6.932,-27.732,0.000,,16,20,,
T,2026-07-18 14:33:08.000,26.41240667,-80.16882500,1.30,6.932,-27.732,0.000,,16,20,,
T,2026-07-18 14:33:09.000,26.41240667,-80.16882500,1.30,6.932,-27.732,0.000,,16,20,,
T,2026-07-18 14:33:10.000,26.41240667,-80.16882500,1.20,6.932,-27.732,0.000,,16,20,,
T,2026-07-18 14:33:11.000,26.41240667,-80.16882500,1.30,6.932,-27.732,0.000,,16,20,,
T,2026-07-18 14:33:12.000,26.41240667,-80.16882500,1.30,6.932,-27.732,0.000,,16,20,,
T,2026-07-18 14:33:13.000,26.41240667,-80.16882500,1.30,6.932,-27.732,0.000,,16,20,,
T,2026-07-18 14:33:14.000,26.41240667,-80.16882500,1.30,6.932,-27.732,0.000,,16,20,,
T,2026-07-18 14:33:15.000,26.41240667,-80.16882500,1.30,6.932,-27.732,0.000,,16,20,,
T,2026-07-18 14:33:16.000,26.41240667,-80.16882500,1.30,6.932,-27.732,0.000,,16,20,,
T,2026-07-18 14:33:17.000,26.41240667,-80.16882500,1.30,6.932,-27.732,0.000,,16,20,,
T,2026-07-18 14:33:18.000,26.41240667,-80.16882500,1.30,6.932,-27.732,0.000,,16,20,,
T,2026-07-18 14:33:19.000,26.41240667,-80.16882500,1.30,6.932,-27.732,0.000,,16,20,,
T,2026-07-18 14:33:20.000,26.41240667,-80.16882500,1.30,6.932,-27.732,0.000,,16,20,,
T,2026-07-18 14:33:21.000,26.41240667,-80.16882500,1.30,6.932,-27.732,0.000,,16,20,,
T,2026-07-18 14:33:22.000,26.41240667,-80.16882500,1.30,6.932,-27.732,0.000,,16,20,,
T,2026-07-18 14:33:23.000,26.41240667,-80.16882500,1.30,6.932,-27.732,0.000,,16,20,,
T,2026-07-18 14:33:24.000,26.41240667,-80.16882500,1.30,6.932,-27.732,0.000,,16,20,,
T,2026-07-18 14:33:25.000,26.41240667,-80.16882500,1.30,6.932,-27.732,0.000,,16,20,,
T,2026-07-18 14:33:26.000,26.41240667,-80.16882500,1.30,6.932,-27.732,0.000,,16,20,,
T,2026-07-18 14:33:27.000,26.41240667,-80.16882500,1.30,6.932,-27.732,0.000,,16,20,,
T,2026-07-18 14:33:28.000,26.41240667,-80.16882500,1.30,6.932,-27.732,0.000,,16,20,,
T,2026-07-18 14:33:29.000,26.41240667,-80.16882500,1.30,6.932,-27.732,0.000,,16,20,,
T,2026-07-18 14:33:30.000,26.41240667,-80.16882500,1.30,6.932,-27.732,0.000,,16,20,,
T,2026-07-18 14:33:31.000,26.41240667,-80.16882500,1.30,6.932,-27.732,0.000,,16,20,,
T,2026-07-18 14:33:32.000,26.41240667,-80.16882500,1.30,6.932,-27.732,0.000,,16,20,,
T,2026-07-18 14:33:33.000,26.41240667,-80.16882500,1.30,6.932,-27.732,0.000,,16,20,,
T,2026-07-18 14:33:34.000,26.41240667,-80.16882500,1.30,6.932,-27.732,0.000,,16,20,,
T,2026-07-18 14:33:35.000,26.41240667,-80.16882500,1.30,6.932,-27.732,0.000,,16,20,,
T,2026-07-18 14:33:36.000,26.41240667,-80.16882500,1.30,6.932,-27.732,0.000,,16,20,,
T,2026-07-18 14:33:37.000,26.41240667,-80.16882500,1.30,6.932,-27.732,0.000,,16,20,,
T,2026-07-18 14:33:38.000,26.41240667,-80.16882500,1.30,6.932,-27.732,0.000,,16,20,,
T,2026-07-18 14:33:39.000,26.41240667,-80.16882500,1.30,6.932,-27.732,0.000,,16,20,,
T,2026-07-18 14:33:40.000,26.41240667,-80.16882500,1.30,6.932,-27.732,0.000,,16,20,,
T,2026-07-18 14:33:41.000,26.41240667,-80.16882500,1.30,6.932,-27.732,0.000,,16,20,,
T,2026-07-18 14:33:42.000,26.41240667,-80.16882500,1.30,6.932,-27.732,0.000,,16,20,,
T,2026-07-18 14:33:43.000,26.41240667,-80.16882500,1.30,6.932,-27.732,0.000,,16,20,,
T,2026-07-18 14:33:44.000,26.41240667,-80.16882500,1.30,6.932,-27.732,0.000,,16,20,,
T,2026-07-18 14:33:45.000,26.41240667,-80.16882500,1.30,6.932,-27.732,0.000,,16,20,,
T,2026-07-18 14:33:46.000,26.41240667,-80.16882500,1.30,6.932,-27.732,0.000,,16,20,,
T,2026-07-18 14:33:47.000,26.41240667,-80.16882500,1.30,6.932,-27.732,0.000,,16,20,,
T,2026-07-18 14:33:48.000,26.41240667,-80.16882500,1.30,6.932,-27.732,0.000,,16,20,,
T,2026-07-18 14:33:49.000,26.41240667,-80.16882500,1.30,6.932,-27.732,0.000,,16,20,,
T,2026-07-18 14:33:50.000,26.41240667,-80.16882500,1.30,6.932,-27.732,0.000,,16,20,,
T,2026-07-18 14:33:51.000,26.41240667,-80.16882500,1.30,6.932,-27.732,0.000,,16,20,,
T,2026-07-18 14:33:52.000,26.41240667,-80.16882500,1.30,6.932,-27.732,0.000,,16,20,,
T,2026-07-18 14:33:53.000,26.41240667,-80.16882500,1.30,6.932,-27.732,0.000,,16,20,,
T,2026-07-18 14:33:54.000,26.41240667,-80.16882500,1.30,6.932,-27.732,0.000,,16,20,,
T,2026-07-18 14:33:55.000,26.41240667,-80.16882500,1.30,6.932,-27.732,0.000,,16,20,,
T,2026-07-18 14:33:56.000,26.41240667,-80.16882500,1.30,6.932,-27.732,0.000,,16,20,,
T,2026-07-18 14:33:57.000,26.41240667,-80.16882500,1.30,6.932,-27.732,0.000,,16,20,,
T,2026-07-18 14:33:58.000,26.41240667,-80.16882500,1.30,6.932,-27.732,0.000,,16,20,,
T,2026-07-18 14:33:59.000,26.41240667,-80.16882500,1.30,6.932,-27.732,0.000,,16,20,,
T,2026-07-18 14:34:00.000,26.41240667,-80.16882500,1.30,6.932,-27.732,0.000,,16,20,,
T,2026-07-18 14:34:01.000,26.41240667,-80.16882500,1.30,6.932,-27.732,0.000,,16,20,,
T,2026-07-18 14:34:02.000,26.41240667,-80.16882500,1.30,6.932,-27.732,0.000,,16,20,,
T,2026-07-18 14:34:03.000,26.41240667,-80.16882500,1.30,6.932,-27.732,0.000,,16,20,,
T,2026-07-18 14:34:04.000,26.41240667,-80.16882500,1.30,6.932,-27.732,0.000,,16,20,,
T,2026-07-18 14:34:05.000,26.41240667,-80.16882500,1.30,6.932,-27.732,0.000,,16,20,,
T,2026-07-18 14:34:06.000,26.41240667,-80.16882500,1.30,6.932,-27.732,0.000,,16,20,,
T,2026-07-18 14:34:07.000,26.41240667,-80.16882500,1.30,6.932,-27.732,0.000,,16,20,,
T,2026-07-18 14:34:08.000,26.41240667,-80.16882500,1.30,6.932,-27.732,0.000,,16,20,,
T,2026-07-18 14:34:09.000,26.41240667,-80.16882500,1.30,6.932,-27.732,0.000,,16,20,,
T,2026-07-18 14:34:10.000,26.41240667,-80.16882500,1.30,6.932,-27.732,0.000,,16,20,,
T,2026-07-18 14:34:11.000,26.41240667,-80.16882500,1.30,6.932,-27.732,0.000,,16,20,,
T,2026-07-18 14:34:12.000,26.41240667,-80.16882500,1.30,6.932,-27.732,0.000,,16,20,,
T,2026-07-18 14:34:13.000,26.41240667,-80.16882500,1.30,6.932,-27.732,0.000,,16,20,,
T,2026-07-18 14:34:14.000,26.41240667,-80.16882500,1.30,6.932,-27.732,0.000,,16,20,,
T,2026-07-18 14:34:15.000,26.41240667,-80.16882500,1.30,6.932,-27.732,0.000,,16,20,,
T,2026-07-18 14:34:16.000,26.41240667,-80.16882500,1.30,6.932,-27.732,0.000,,16,20,,
T,2026-07-18 14:34:17.000,26.41240667,-80.16882500,1.30,6.932,-27.732,0.000,,15,20,,
T,2026-07-18 14:34:18.000,26.41240667,-80.16882500,1.30,6.932,-27.732,0.000,,15,20,,
T,2026-07-18 14:34:19.000,26.41240667,-80.16882500,1.30,6.932,-27.732,0.000,,15,20,,
T,2026-07-18 14:34:20.000,26.41240667,-80.16882500,1.40,6.932,-27.732,0.000,,15,20,,
T,2026-07-18 14:34:21.000,26.41240667,-80.16882500,1.40,6.932,-27.732,0.000,,15,20,,
T,2026-07-18 14:34:22.000,26.41240667,-80.16882500,1.40,6.932,-27.732,0.000,,15,20,,
T,2026-07-18 14:34:23.000,26.41240667,-80.16882500,1.40,6.932,-27.732,0.000,,15,20,,
T,2026-07-18 14:34:24.000,26.41240667,-80.16882500,1.40,6.932,-27.732,0.000,,15,20,,
T,2026-07-18 14:34:25.000,26.41240667,-80.16882500,1.40,6.932,-27.732,0.000,,15,20,,
T,2026-07-18 14:34:26.000,26.41240667,-80.16882500,1.40,6.932,-27.732,0.000,,15,20,,
T,2026-07-18 14:34:27.000,26.41240667,-80.16882500,1.40,6.932,-27.732,0.000,,15,20,,
T,2026-07-18 14:34:28.000,26.41240667,-80.16882500,1.40,6.932,-27.732,0.000,,15,20,,
T,2026-07-18 14:34:29.000,26.41240667,-80.16882500,1.40,6.932,-27.732,0.000,,15,20,,
T,2026-07-18 14:34:30.000,26.41240667,-80.16882500,1.40,6.932,-27.732,0.000,,15,20,,
T,2026-07-18 14:34:31.000,26.41240667,-80.16882500,1.40,6.932,-27.732,0.000,,15,20,,
T,2026-07-18 14:34:32.000,26.41240667,-80.16882500,1.40,6.932,-27.732,0.000,,15,20,,
T,2026-07-18 14:34:33.000,26.41240667,-80.16882500,1.40,6.932,-27.732,0.000,,15,20,,
T,2026-07-18 14:34:34.000,26.41240667,-80.16882500,1.40,6.932,-27.732,0.000,,15,20,,
T,2026-07-18 14:34:35.000,26.41240667,-80.16882500,1.30,6.932,-27.732,0.000,,15,20,,
T,2026-07-18 14:34:36.000,26.41240667,-80.16882500,1.30,6.932,-27.732,0.000,,15,20,,
T,2026-07-18 14:34:37.000,26.41240667,-80.16882500,1.30,6.932,-27.732,0.000,,15,20,,
T,2026-07-18 14:34:38.000,26.41240667,-80.16882500,1.30,6.932,-27.732,0.000,,15,20,,
T,2026-07-18 14:34:39.000,26.41240667,-80.16882500,1.30,6.932,-27.732,0.000,,15,20,,
T,2026-07-18 14:34:40.000,26.41240667,-80.16882500,1.30,6.932,-27.732,0.000,,15,20,,
T,2026-07-18 14:34:41.000,26.41242333,-80.16888333,1.50,15.532,-27.732,0.289,12,15,20,,
T,2026-07-18 14:34:42.000,26.41243500,-80.16887833,1.60,15.032,-27.732,0.448,349,15,20,,
T,2026-07-18 14:34:43.000,26.41245167,-80.16887500,1.60,13.832,-27.732,0.591,355,15,20,,
T,2026-07-18 14:34:44.000,26.41247000,-80.16886833,1.70,13.032,-27.732,0.744,352,15,20,,
T,2026-07-18 14:34:45.000,26.41248833,-80.16886333,1.70,12.232,-27.732,0.929,353,15,20,,
T,2026-07-18 14:34:46.000,26.41250667,-80.16885667,1.70,11.932,-27.732,1.096,357,15,20,,
T,2026-07-18 14:34:47.000,26.41252167,-80.16885000,1.80,11.332,-27.732,1.250,356,15,20,,
T,2026-07-18 14:34:48.000,26.41253667,-80.16884167,1.80,11.132,-27.732,1.354,3,15,20,,
T,2026-07-18 14:34:49.000,26.41254500,-80.16883833,1.70,10.732,-27.732,1.450,344,15,20,,
T,2026-07-18 14:34:50.000,26.41254667,-80.16883167,1.70,10.332,-27.732,1.376,77,15,20,,
T,2026-07-18 14:34:51.000,26.41254667,-80.16883167,1.60,10.032,-27.732,1.248,20,15,20,,
T,2026-07-18 14:34:52.000,26.41255000,-80.16883333,1.50,9.632,-27.732,1.114,358,15,20,,
T,2026-07-18 14:34:53.000,26.41255167,-80.16883333,1.50,9.232,-27.732,0.995,2,15,20,,
T,2026-07-18 14:34:54.000,26.41255500,-80.16883500,1.50,8.932,-27.732,0.876,358,15,20,,
T,2026-07-18 14:34:55.000,26.41255833,-80.16883833,1.50,8.632,-27.732,0.702,338,15,20,,
T,2026-07-18 14:34:56.000,26.41256167,-80.16884167,1.50,8.632,-27.732,0.562,329,15,20,,
T,2026-07-18 14:34:57.000,26.41256500,-80.16884500,1.50,8.832,-27.732,0.410,330,15,20,,
T,2026-07-18 14:34:58.000,26.41256500,-80.16884833,1.50,9.132,-27.732,0.000,,15,20,,
T,2026-07-18 14:34:59.000,26.41256667,-80.16885167,1.40,9.432,-27.732,0.000,,15,20,,
T,2026-07-18 14:35:00.000,26.41256667,-80.16885333,1.40,9.632,-27.732,0.000,,15,20,,
T,2026-07-18 14:35:01.000,26.41256667,-80.16885333,1.40,9.632,-27.732,0.000,,15,20,,
T,2026-07-18 14:35:02.000,26.41256667,-80.16885333,1.40,9.632,-27.732,0.000,,15,20,,
T,2026-07-18 14:35:03.000,26.41256667,-80.16885333,1.30,9.632,-27.732,0.000,,15,20,,
T,2026-07-18 14:35:04.000,26.41256667,-80.16885333,1.30,9.632,-27.732,0.000,,15,20,,
T,2026-07-18 14:35:05.000,26.41256667,-80.16885333,1.30,9.632,-27.732,0.000,,15,20,,
T,2026-07-18 14:35:06.000,26.41256667,-80.16885333,1.30,9.632,-27.732,0.000,,15,20,,
T,2026-07-18 14:35:07.000,26.41256667,-80.16885333,1.30,9.632,-27.732,0.000,,15,20,,
T,2026-07-18 14:35:08.000,26.41256667,-80.16885333,1.30,9.632,-27.732,0.000,,15,20,,
T,2026-07-18 14:35:09.000,26.41256667,-80.16885333,1.30,9.632,-27.732,0.000,,15,20,,
T,2026-07-18 14:35:10.000,26.41256667,-80.16885333,1.30,9.632,-27.732,0.000,,15,20,,
T,2026-07-18 14:35:11.000,26.41256667,-80.16885333,1.30,9.632,-27.732,0.000,,15,20,,
T,2026-07-18 14:35:12.000,26.41256667,-80.16885333,1.30,9.632,-27.732,0.000,,15,20,,
T,2026-07-18 14:35:13.000,26.41256667,-80.16885333,1.30,9.632,-27.732,0.000,,15,20,,
T,2026-07-18 14:35:14.000,26.41256667,-80.16885333,1.30,9.632,-27.732,0.000,,15,20,,
T,2026-07-18 14:35:15.000,26.41256667,-80.16885333,1.30,9.632,-27.732,0.000,,15,20,,
T,2026-07-18 14:35:16.000,26.41256667,-80.16885333,1.30,9.632,-27.732,0.000,,15,20,,
T,2026-07-18 14:35:17.000,26.41256667,-80.16885333,1.30,9.632,-27.732,0.000,,15,20,,
T,2026-07-18 14:35:18.000,26.41256667,-80.16885333,1.30,9.632,-27.732,0.000,,15,20,,
T,2026-07-18 14:35:19.000,26.41256667,-80.16885333,1.30,9.632,-27.732,0.000,,15,20,,
T,2026-07-18 14:35:20.000,26.41256667,-80.16885333,1.30,9.632,-27.732,0.000,,15,20,,
T,2026-07-18 14:35:21.000,26.41256667,-80.16885333,1.30,9.632,-27.732,0.000,,15,20,,
T,2026-07-18 14:35:22.000,26.41256667,-80.16885333,1.30,9.632,-27.732,0.000,,15,20,,
T,2026-07-18 14:35:23.000,26.41256667,-80.16885333,1.30,9.632,-27.732,0.000,,15,20,,
T,2026-07-18 14:35:24.000,26.41256667,-80.16885333,1.30,9.632,-27.732,0.000,,15,20,,
T,2026-07-18 14:35:25.000,26.41256667,-80.16885333,1.30,9.632,-27.732,0.000,,14,20,,
T,2026-07-18 14:35:26.000,26.41256667,-80.16885333,1.30,9.632,-27.732,0.000,,14,20,,
T,2026-07-18 14:35:27.000,26.41256667,-80.16885333,1.30,9.632,-27.732,0.000,,14,20,,
T,2026-07-18 14:35:28.000,26.41256667,-80.16885333,1.30,9.632,-27.732,0.000,,14,20,,
T,2026-07-18 14:35:29.000,26.41256667,-80.16885333,1.30,9.632,-27.732,0.000,,14,20,,
T,2026-07-18 14:35:30.000,26.41256667,-80.16885333,1.30,9.632,-27.732,0.000,,14,20,,
T,2026-07-18 14:35:31.000,26.41256667,-80.16885333,1.30,9.632,-27.732,0.000,,14,20,,
T,2026-07-18 14:35:32.000,26.41256667,-80.16885333,1.40,9.632,-27.732,0.000,,14,20,,
T,2026-07-18 14:35:33.000,26.41256667,-80.16885333,1.40,9.632,-27.732,0.000,,15,20,,
T,2026-07-18 14:35:34.000,26.41256667,-80.16885333,1.40,9.632,-27.732,0.000,,15,20,,
T,2026-07-18 14:35:35.000,26.41256667,-80.16885333,1.40,9.632,-27.732,0.000,,15,20,,
T,2026-07-18 14:35:36.000,26.41256667,-80.16885333,1.40,9.632,-27.732,0.000,,15,20,,
T,2026-07-18 14:35:37.000,26.41256667,-80.16885333,1.40,9.632,-27.732,0.000,,15,20,,
T,2026-07-18 14:35:38.000,26.41256667,-80.16885333,1.40,9.632,-27.732,0.000,,15,20,,
T,2026-07-18 14:35:39.000,26.41256667,-80.16885333,1.40,9.632,-27.732,0.000,,14,20,,
T,2026-07-18 14:35:40.000,26.41256667,-80.16885333,1.40,9.632,-27.732,0.000,,15,20,,
T,2026-07-18 14:35:41.000,26.41256667,-80.16885333,1.40,9.632,-27.732,0.000,,15,20,,
T,2026-07-18 14:35:42.000,26.41256667,-80.16885333,1.40,9.632,-27.732,0.000,,15,20,,
T,2026-07-18 14:35:43.000,26.41256667,-80.16885333,1.40,9.632,-27.732,0.000,,15,20,,
T,2026-07-18 14:35:44.000,26.41256667,-80.16885333,1.50,9.632,-27.732,0.000,,15,20,,
T,2026-07-18 14:35:45.000,26.41256667,-80.16885333,1.50,9.632,-27.732,0.000,,15,20,,
T,2026-07-18 14:35:46.000,26.41256667,-80.16885333,1.50,9.632,-27.732,0.000,,15,20,,
T,2026-07-18 14:35:47.000,26.41256667,-80.16885333,1.50,9.632,-27.732,0.000,,15,20,,
T,2026-07-18 14:35:48.000,26.41256667,-80.16885333,1.50,9.632,-27.732,0.000,,15,20,,
T,2026-07-18 14:35:49.000,26.41256667,-80.16885333,1.50,9.632,-27.732,0.000,,15,20,,
T,2026-07-18 14:35:50.000,26.41256667,-80.16885333,1.50,9.632,-27.732,0.000,,15,20,,
T,2026-07-18 14:35:51.000,26.41256667,-80.16885333,1.50,9.632,-27.732,0.000,,15,20,,
T,2026-07-18 14:35:52.000,26.41256667,-80.16885333,1.50,9.632,-27.732,0.000,,15,20,,
T,2026-07-18 14:35:53.000,26.41256667,-80.16885333,1.50,9.632,-27.732,0.000,,15,20,,
T,2026-07-18 14:35:54.000,26.41256667,-80.16885333,1.40,9.632,-27.732,0.000,,14,20,,
T,2026-07-18 14:35:55.000,26.41256667,-80.16885333,1.40,9.632,-27.732,0.000,,14,20,,
T,2026-07-18 14:35:56.000,26.41256667,-80.16885333,1.40,9.632,-27.732,0.000,,15,20,,
T,2026-07-18 14:35:57.000,26.41256667,-80.16885333,1.40,9.632,-27.732,0.000,,15,20,,
T,2026-07-18 14:35:58.000,26.41256667,-80.16885333,1.40,9.632,-27.732,0.000,,15,20,,
T,2026-07-18 14:35:59.000,26.41256667,-80.16885333,1.40,9.632,-27.732,0.000,,15,20,,
T,2026-07-18 14:36:00.000,26.41256667,-80.16885333,1.40,9.632,-27.732,0.000,,15,20,,
T,2026-07-18 14:36:01.000,26.41256667,-80.16885333,1.40,9.632,-27.732,0.000,,15,20,,
T,2026-07-18 14:36:02.000,26.41256667,-80.16885333,1.40,9.632,-27.732,0.000,,15,20,,
T,2026-07-18 14:36:03.000,26.41256667,-80.16885333,1.40,9.632,-27.732,0.000,,15,20,,
T,2026-07-18 14:36:04.000,26.41256667,-80.16885333,1.40,9.632,-27.732,0.000,,15,20,,
T,2026-07-18 14:36:05.000,26.41256667,-80.16885333,1.40,9.632,-27.732,0.000,,15,20,,
T,2026-07-18 14:36:06.000,26.41256667,-80.16885333,1.40,9.632,-27.732,0.000,,15,20,,
T,2026-07-18 14:36:07.000,26.41256667,-80.16885333,1.40,9.632,-27.732,0.000,,15,20,,
T,2026-07-18 14:36:08.000,26.41256667,-80.16885333,1.40,9.632,-27.732,0.000,,15,20,,
T,2026-07-18 14:36:09.000,26.41256667,-80.16885333,1.30,9.632,-27.732,0.000,,15,20,,
T,2026-07-18 14:36:10.000,26.41256667,-80.16885333,1.30,9.632,-27.732,0.000,,15,20,,
T,2026-07-18 14:36:11.000,26.41256667,-80.16885333,1.30,9.632,-27.732,0.000,,15,20,,
T,2026-07-18 14:36:12.000,26.41256667,-80.16885333,1.30,9.632,-27.732,0.000,,15,20,,
T,2026-07-18 14:36:13.000,26.41256667,-80.16885333,1.30,9.632,-27.732,0.000,,15,20,,
T,2026-07-18 14:36:14.000,26.41256667,-80.16885333,1.30,9.632,-27.732,0.000,,15,20,,
T,2026-07-18 14:36:15.000,26.41256667,-80.16885333,1.30,9.632,-27.732,0.000,,15,20,,
T,2026-07-18 14:36:16.000,26.41256667,-80.16885333,1.30,9.632,-27.732,0.000,,15,20,,
T,2026-07-18 14:36:17.000,26.41256667,-80.16885333,1.30,9.632,-27.732,0.000,,15,20,,
T,2026-07-18 14:36:18.000,26.41256667,-80.16885333,1.30,9.632,-27.732,0.000,,15,20,,
T,2026-07-18 14:36:19.000,26.41256667,-80.16885333,1.30,9.632,-27.732,0.000,,15,20,,
T,2026-07-18 14:36:20.000,26.41256667,-80.16885333,1.30,9.632,-27.732,0.000,,15,20,,
T,2026-07-18 14:36:21.000,26.41256667,-80.16885333,1.30,9.632,-27.732,0.000,,15,20,,
T,2026-07-18 14:36:22.000,26.41256667,-80.16885333,1.30,9.632,-27.732,0.000,,15,20,,
T,2026-07-18 14:36:23.000,26.41256667,-80.16885333,1.30,9.632,-27.732,0.000,,15,20,,
T,2026-07-18 14:36:24.000,26.41256667,-80.16885333,1.30,9.632,-27.732,0.000,,15,20,,
T,2026-07-18 14:36:25.000,26.41256667,-80.16885333,1.30,9.632,-27.732,0.000,,15,20,,
T,2026-07-18 14:36:26.000,26.41256667,-80.16885333,1.30,9.632,-27.732,0.000,,15,20,,
T,2026-07-18 14:36:27.000,26.41256667,-80.16885333,1.30,9.632,-27.732,0.000,,15,20,,
T,2026-07-18 14:36:28.000,26.41256667,-80.16885333,1.40,9.632,-27.732,0.000,,15,20,,
T,2026-07-18 14:36:29.000,26.41256667,-80.16885333,1.30,9.632,-27.732,0.000,,15,20,,
T,2026-07-18 14:36:30.000,26.41256667,-80.16885333,1.30,9.632,-27.732,0.000,,15,20,,
T,2026-07-18 14:36:31.000,26.41256667,-80.16885333,1.30,9.632,-27.732,0.000,,15,20,,
T,2026-07-18 14:36:32.000,26.41256667,-80.16885333,1.30,9.632,-27.732,0.000,,15,20,,
T,2026-07-18 14:36:33.000,26.41256667,-80.16885333,1.40,9.632,-27.732,0.000,,15,20,,
T,2026-07-18 14:36:34.000,26.41256667,-80.16885333,1.30,9.632,-27.732,0.000,,15,20,,
T,2026-07-18 14:36:35.000,26.41256667,-80.16885333,1.30,9.632,-27.732,0.000,,15,20,,
T,2026-07-18 14:36:36.000,26.41256667,-80.16885333,1.40,9.632,-27.732,0.000,,15,20,,
T,2026-07-18 14:36:37.000,26.41256667,-80.16885333,1.40,9.632,-27.732,0.000,,15,20,,
T,2026-07-18 14:36:38.000,26.41256667,-80.16885333,1.40,9.632,-27.732,0.000,,15,20,,
T,2026-07-18 14:36:39.000,26.41256667,-80.16885333,1.40,9.632,-27.732,0.000,,14,20,,
T,2026-07-18 14:36:40.000,26.41256667,-80.16885333,1.40,9.632,-27.732,0.000,,14,20,,
T,2026-07-18 14:36:41.000,26.41256667,-80.16885333,1.40,9.632,-27.732,0.000,,15,20,,
T,2026-07-18 14:36:42.000,26.41256667,-80.16885333,1.40,9.632,-27.732,0.000,,15,20,,
T,2026-07-18 14:36:43.000,26.41256667,-80.16885333,1.40,9.632,-27.732,0.000,,15,20,,
T,2026-07-18 14:36:44.000,26.41256667,-80.16885333,1.40,9.632,-27.732,0.000,,15,20,,
T,2026-07-18 14:36:45.000,26.41256667,-80.16885333,1.40,9.632,-27.732,0.000,,15,20,,
T,2026-07-18 14:36:46.000,26.41256667,-80.16885333,1.40,9.632,-27.732,0.000,,15,20,,
T,2026-07-18 14:36:47.000,26.41256667,-80.16885333,1.40,9.632,-27.732,0.000,,15,20,,
T,2026-07-18 14:36:48.000,26.41256667,-80.16885333,1.40,9.632,-27.732,0.000,,15,20,,
T,2026-07-18 14:36:49.000,26.41256667,-80.16885333,1.50,9.632,-27.732,0.000,,15,20,,
T,2026-07-18 14:36:50.000,26.41256667,-80.16885333,1.50,9.632,-27.732,0.000,,15,20,,
T,2026-07-18 14:36:51.000,26.41256667,-80.16885333,1.60,9.632,-27.732,0.000,,15,20,,
T,2026-07-18 14:36:52.000,26.41256667,-80.16885333,1.60,9.632,-27.732,0.000,,15,20,,
T,2026-07-18 14:36:53.000,26.41256667,-80.16885333,1.60,9.632,-27.732,0.000,,15,20,,
T,2026-07-18 14:36:54.000,26.41256667,-80.16885333,1.60,9.632,-27.732,0.000,,15,20,,
T,2026-07-18 14:36:55.000,26.41256667,-80.16885333,1.60,9.632,-27.732,0.000,,14,20,,
T,2026-07-18 14:36:56.000,26.41256667,-80.16885333,1.60,9.632,-27.732,0.000,,14,20,,
T,2026-07-18 14:36:57.000,26.41256667,-80.16885333,1.60,9.632,-27.732,0.000,,14,20,,
T,2026-07-18 14:36:58.000,26.41256667,-80.16885333,1.60,9.632,-27.732,0.000,,14,20,,
T,2026-07-18 14:36:59.000,26.41256667,-80.16885333,1.50,9.632,-27.732,0.000,,14,20,,
T,2026-07-18 14:37:00.000,26.41256667,-80.16885333,1.50,9.632,-27.732,0.000,,14,20,,
T,2026-07-18 14:37:01.000,26.41256667,-80.16885333,1.50,9.632,-27.732,0.000,,14,20,,
T,2026-07-18 14:37:02.000,26.41256667,-80.16885333,1.40,9.632,-27.732,0.000,,14,20,,
T,2026-07-18 14:37:03.000,26.41256667,-80.16885333,1.40,9.632,-27.732,0.000,,14,20,,
T,2026-07-18 14:37:04.000,26.41256667,-80.16885333,1.40,9.632,-27.732,0.000,,15,20,,
T,2026-07-18 14:37:05.000,26.41256667,-80.16885333,1.40,9.632,-27.732,0.000,,15,20,,
T,2026-07-18 14:37:06.000,26.41256667,-80.16885333,1.40,9.632,-27.732,0.000,,15,20,,
T,2026-07-18 14:37:07.000,26.41256667,-80.16885333,1.40,9.632,-27.732,0.000,,15,20,,
T,2026-07-18 14:37:08.000,26.41256667,-80.16885333,1.40,9.632,-27.732,0.000,,15,20,,
T,2026-07-18 14:37:09.000,26.41256667,-80.16885333,1.40,9.632,-27.732,0.000,,15,20,,
T,2026-07-18 14:37:10.000,26.41256667,-80.16885333,1.40,9.632,-27.732,0.000,,15,20,,
T,2026-07-18 14:37:11.000,26.41256667,-80.16885333,1.40,9.632,-27.732,0.000,,15,20,,
T,2026-07-18 14:37:12.000,26.41256667,-80.16885333,1.40,9.632,-27.732,0.000,,15,20,,
T,2026-07-18 14:37:13.000,26.41256667,-80.16885333,1.40,9.632,-27.732,0.000,,15,20,,
T,2026-07-18 14:37:14.000,26.41256667,-80.16885333,1.40,9.632,-27.732,0.000,,15,20,,
T,2026-07-18 14:37:15.000,26.41256667,-80.16885333,1.40,9.632,-27.732,0.000,,15,20,,
T,2026-07-18 14:37:16.000,26.41256667,-80.16885333,1.40,9.632,-27.732,0.000,,15,20,,
T,2026-07-18 14:37:17.000,26.41256667,-80.16885333,1.40,9.632,-27.732,0.000,,15,20,,
T,2026-07-18 14:37:18.000,26.41256667,-80.16885333,1.40,9.632,-27.732,0.000,,15,20,,
T,2026-07-18 14:37:19.000,26.41256667,-80.16885333,1.40,9.632,-27.732,0.000,,15,20,,
T,2026-07-18 14:37:20.000,26.41256667,-80.16885333,1.40,9.632,-27.732,0.000,,15,20,,
T,2026-07-18 14:37:21.000,26.41256667,-80.16885333,1.40,9.632,-27.732,0.000,,15,20,,
T,2026-07-18 14:37:22.000,26.41256667,-80.16885333,1.40,9.632,-27.732,0.000,,15,20,,
T,2026-07-18 14:37:23.000,26.41256667,-80.16885333,1.40,9.632,-27.732,0.000,,15,20,,
T,2026-07-18 14:37:24.000,26.41256667,-80.16885333,1.40,9.632,-27.732,0.000,,15,20,,
T,2026-07-18 14:37:25.000,26.41256667,-80.16885333,1.40,9.632,-27.732,0.000,,15,20,,
T,2026-07-18 14:37:26.000,26.41256667,-80.16885333,1.40,9.632,-27.732,0.000,,15,20,,
T,2026-07-18 14:37:27.000,26.41256667,-80.16885333,1.40,9.632,-27.732,0.000,,15,20,,
T,2026-07-18 14:37:28.000,26.41256667,-80.16885333,1.40,9.632,-27.732,0.000,,15,20,,
T,2026-07-18 14:37:29.000,26.41256667,-80.16885333,1.40,9.632,-27.732,0.000,,15,20,,
T,2026-07-18 14:37:30.000,26.41256667,-80.16885333,1.40,9.632,-27.732,0.000,,15,20,,
T,2026-07-18 14:37:31.000,26.41256667,-80.16885333,1.40,9.632,-27.732,0.000,,14,20,,
T,2026-07-18 14:37:32.000,26.41256667,-80.16885333,1.40,9.632,-27.732,0.000,,14,20,,
T,2026-07-18 14:37:33.000,26.41256667,-80.16885333,1.40,9.632,-27.732,0.000,,14,20,,
T,2026-07-18 14:37:34.000,26.41256667,-80.16885333,1.40,9.632,-27.732,0.000,,14,20,,
T,2026-07-18 14:37:35.000,26.41256667,-80.16885333,1.40,9.632,-27.732,0.000,,14,20,,
T,2026-07-18 14:37:36.000,26.41256667,-80.16885333,1.40,9.632,-27.732,0.000,,14,20,,
T,2026-07-18 14:37:37.000,26.41256667,-80.16885333,1.40,9.632,-27.732,0.000,,14,20,,
T,2026-07-18 14:37:38.000,26.41256667,-80.16885333,1.40,9.632,-27.732,0.000,,14,20,,
T,2026-07-18 14:37:39.000,26.41256667,-80.16885333,1.40,9.632,-27.732,0.000,,14,20,,
T,2026-07-18 14:37:40.000,26.41256667,-80.16885333,1.50,9.632,-27.732,0.000,,14,20,,
T,2026-07-18 14:37:41.000,26.41256667,-80.16885333,1.40,9.632,-27.732,0.000,,14,20,,
T,2026-07-18 14:37:42.000,26.41256667,-80.16885333,1.40,9.632,-27.732,0.000,,14,20,,
T,2026-07-18 14:37:43.000,26.41256667,-80.16885333,1.40,9.632,-27.732,0.000,,14,20,,
T,2026-07-18 14:37:44.000,26.41256667,-80.16885333,1.50,9.632,-27.732,0.000,,14,20,,
T,2026-07-18 14:37:45.000,26.41256667,-80.16885333,1.50,9.632,-27.732,0.000,,14,20,,
T,2026-07-18 14:37:46.000,26.41256667,-80.16885333,1.50,9.632,-27.732,0.000,,14,20,,
T,2026-07-18 14:37:47.000,26.41256667,-80.16885333,1.50,9.632,-27.732,0.000,,14,20,,
T,2026-07-18 14:37:48.000,26.41256667,-80.16885333,1.50,9.632,-27.732,0.000,,14,20,,
T,2026-07-18 14:37:49.000,26.41256667,-80.16885333,1.40,9.632,-27.732,0.000,,14,20,,
T,2026-07-18 14:37:50.000,26.41256667,-80.16885333,1.40,9.632,-27.732,0.000,,15,20,,
T,2026-07-18 14:37:51.000,26.41256667,-80.16885333,1.40,9.632,-27.732,0.000,,15,20,,
T,2026-07-18 14:37:52.000,26.41256667,-80.16885333,1.40,9.632,-27.732,0.000,,15,20,,
T,2026-07-18 14:37:53.000,26.41256667,-80.16885333,1.40,9.632,-27.732,0.000,,15,20,,
T,2026-07-18 14:37:54.000,26.41256667,-80.16885333,1.40,9.632,-27.732,0.000,,15,20,,
T,2026-07-18 14:37:55.000,26.41256667,-80.16885333,1.30,9.632,-27.732,0.000,,15,20,,
T,2026-07-18 14:37:56.000,26.41256667,-80.16885333,1.40,9.632,-27.732,0.000,,14,20,,
T,2026-07-18 14:37:57.000,26.41256667,-80.16885333,1.40,9.632,-27.732,0.000,,14,20,,
T,2026-07-18 14:37:58.000,26.41256667,-80.16885333,1.40,9.632,-27.732,0.000,,14,20,,
T,2026-07-18 14:37:59.000,26.41256667,-80.16885333,1.30,9.632,-27.732,0.000,,14,20,,
T,2026-07-18 14:38:00.000,26.41256667,-80.16885333,1.30,9.632,-27.732,0.000,,14,20,,
T,2026-07-18 14:38:01.000,26.41256667,-80.16885333,1.30,9.632,-27.732,0.000,,14,20,,
T,2026-07-18 14:38:02.000,26.41256667,-80.16885333,1.30,9.632,-27.732,0.000,,14,20,,
T,2026-07-18 14:38:03.000,26.41256667,-80.16885333,1.30,9.632,-27.732,0.000,,14,20,,
T,2026-07-18 14:38:04.000,26.41256667,-80.16885333,1.30,9.632,-27.732,0.000,,14,20,,
T,2026-07-18 14:38:05.000,26.41256667,-80.16885333,1.30,9.632,-27.732,0.000,,14,20,,
T,2026-07-18 14:38:06.000,26.41256667,-80.16885333,1.30,9.632,-27.732,0.000,,14,20,,
T,2026-07-18 14:38:07.000,26.41256667,-80.16885333,1.30,9.632,-27.732,0.000,,14,20,,
T,2026-07-18 14:38:08.000,26.41256667,-80.16885333,1.30,9.632,-27.732,0.000,,14,20,,
T,2026-07-18 14:38:09.000,26.41256667,-80.16885333,1.30,9.632,-27.732,0.000,,14,20,,
T,2026-07-18 14:38:10.000,26.41256667,-80.16885333,1.30,9.632,-27.732,0.000,,14,20,,
T,2026-07-18 14:38:11.000,26.41256667,-80.16885333,1.30,9.632,-27.732,0.000,,14,20,,
T,2026-07-18 14:38:12.000,26.41256667,-80.16885333,1.30,9.632,-27.732,0.000,,14,20,,
T,2026-07-18 14:38:13.000,26.41256667,-80.16885333,1.30,9.632,-27.732,0.000,,14,20,,
T,2026-07-18 14:38:14.000,26.41256667,-80.16885333,1.30,9.632,-27.732,0.000,,14,20,,
T,2026-07-18 14:38:15.000,26.41256667,-80.16885333,1.30,9.632,-27.732,0.000,,14,20,,
T,2026-07-18 14:38:16.000,26.41256667,-80.16885333,1.30,9.632,-27.732,0.000,,14,20,,
T,2026-07-18 14:38:17.000,26.41256667,-80.16885333,1.30,9.632,-27.732,0.000,,14,20,,
T,2026-07-18 14:38:18.000,26.41256667,-80.16885333,1.30,9.632,-27.732,0.000,,15,20,,
T,2026-07-18 14:38:19.000,26.41256667,-80.16885333,1.30,9.632,-27.732,0.000,,15,20,,
T,2026-07-18 14:38:20.000,26.41256667,-80.16885333,1.30,9.632,-27.732,0.000,,15,20,,
T,2026-07-18 14:38:21.000,26.41256667,-80.16885333,1.30,9.632,-27.732,0.000,,15,20,,
T,2026-07-18 14:38:22.000,26.41256667,-80.16885333,1.30,9.632,-27.732,0.000,,15,20,,
T,2026-07-18 14:38:23.000,26.41256667,-80.16885333,1.30,9.632,-27.732,0.000,,15,20,,
T,2026-07-18 14:38:24.000,26.41256667,-80.16885333,1.20,9.632,-27.732,0.000,,15,20,,
T,2026-07-18 14:38:25.000,26.41256667,-80.16885333,1.20,9.632,-27.732,0.000,,15,20,,
T,2026-07-18 14:38:26.000,26.41256667,-80.16885333,1.30,9.632,-27.732,0.000,,15,20,,
T,2026-07-18 14:38:27.000,26.41256667,-80.16885333,1.30,9.632,-27.732,0.000,,15,20,,
T,2026-07-18 14:38:28.000,26.41256667,-80.16885333,1.30,9.632,-27.732,0.000,,15,20,,
T,2026-07-18 14:38:29.000,26.41256667,-80.16885333,1.30,9.632,-27.732,0.000,,15,20,,
T,2026-07-18 14:38:30.000,26.41256667,-80.16885333,1.30,9.632,-27.732,0.000,,15,20,,
T,2026-07-18 14:38:31.000,26.41256667,-80.16885333,1.30,9.632,-27.732,0.000,,15,20,,
T,2026-07-18 14:38:32.000,26.41256667,-80.16885333,1.30,9.632,-27.732,0.000,,15,20,,
T,2026-07-18 14:38:33.000,26.41256667,-80.16885333,1.30,9.632,-27.732,0.000,,15,20,,
T,2026-07-18 14:38:34.000,26.41256667,-80.16885333,1.30,9.632,-27.732,0.000,,15,20,,
T,2026-07-18 14:38:35.000,26.41256667,-80.16885333,1.30,9.632,-27.732,0.000,,15,20,,
T,2026-07-18 14:38:36.000,26.41256667,-80.16885333,1.30,9.632,-27.732,0.000,,15,20,,
T,2026-07-18 14:38:37.000,26.41256667,-80.16885333,1.30,9.632,-27.732,0.000,,15,20,,
T,2026-07-18 14:38:38.000,26.41256667,-80.16885333,1.30,9.632,-27.732,0.000,,15,20,,
T,2026-07-18 14:38:39.000,26.41256667,-80.16885333,1.30,9.632,-27.732,0.000,,15,20,,
T,2026-07-18 14:38:40.000,26.41256667,-80.16885333,1.30,9.632,-27.732,0.000,,15,20,,
T,2026-07-18 14:38:41.000,26.41256667,-80.16885333,1.30,9.632,-27.732,0.000,,15,20,,
T,2026-07-18 14:38:42.000,26.41256667,-80.16885333,1.30,9.632,-27.732,0.000,,15,20,,
T,2026-07-18 14:38:43.000,26.41256667,-80.16885333,1.30,9.632,-27.732,0.000,,15,20,,
T,2026-07-18 14:38:44.000,26.41256667,-80.16885333,1.30,9.632,-27.732,0.000,,15,20,,
T,2026-07-18 14:38:45.000,26.41256667,-80.16885333,1.30,9.632,-27.732,0.000,,15,20,,
T,2026-07-18 14:38:46.000,26.41256667,-80.16885333,1.30,9.632,-27.732,0.000,,14,20,,
T,2026-07-18 14:38:47.000,26.41256667,-80.16885333,1.30,9.632,-27.732,0.000,,15,20,,
T,2026-07-18 14:38:48.000,26.41256667,-80.16885333,1.30,9.632,-27.732,0.000,,14,20,,
T,2026-07-18 14:38:49.000,26.41256667,-80.16885333,1.50,9.632,-27.732,0.000,,14,20,,
T,2026-07-18 14:38:50.000,26.41256667,-80.16885333,1.40,9.632,-27.732,0.000,,14,20,,
T,2026-07-18 14:38:51.000,26.41256667,-80.16885333,1.40,9.632,-27.732,0.000,,14,20,,
T,2026-07-18 14:38:52.000,26.41256667,-80.16885333,1.40,9.632,-27.732,0.000,,14,20,,
T,2026-07-18 14:38:53.000,26.41256667,-80.16885333,1.30,9.632,-27.732,0.000,,14,20,,
T,2026-07-18 14:38:54.000,26.41256667,-80.16885333,1.30,9.632,-27.732,0.000,,14,20,,
T,2026-07-18 14:38:55.000,26.41256667,-80.16885333,1.30,9.632,-27.732,0.000,,14,20,,
T,2026-07-18 14:38:56.000,26.41256667,-80.16885333,1.30,9.632,-27.732,0.000,,15,20,,
T,2026-07-18 14:38:57.000,26.41256667,-80.16885333,1.30,9.632,-27.732,0.000,,15,20,,
T,2026-07-18 14:38:58.000,26.41256667,-80.16885333,1.30,9.632,-27.732,0.000,,15,20,,
T,2026-07-18 14:38:59.000,26.41256667,-80.16885333,1.30,9.632,-27.732,0.000,,15,20,,
T,2026-07-18 14:39:00.000,26.41256667,-80.16885333,1.30,9.632,-27.732,0.000,,15,20,,
T,2026-07-18 14:39:01.000,26.41256667,-80.16885333,1.30,9.632,-27.732,0.000,,15,20,,
T,2026-07-18 14:39:02.000,26.41256667,-80.16885333,1.30,9.632,-27.732,0.000,,15,20,,
T,2026-07-18 14:39:03.000,26.41256667,-80.16885333,1.30,9.632,-27.732,0.000,,14,20,,
T,2026-07-18 14:39:04.000,26.41256667,-80.16885333,1.30,9.632,-27.732,0.000,,14,20,,
T,2026-07-18 14:39:05.000,26.41256667,-80.16885333,1.30,9.632,-27.732,0.000,,14,20,,
T,2026-07-18 14:39:06.000,26.41256667,-80.16885333,1.30,9.632,-27.732,0.000,,15,20,,
T,2026-07-18 14:39:07.000,26.41256667,-80.16885333,1.30,9.632,-27.732,0.000,,14,20,,
T,2026-07-18 14:39:08.000,26.41256667,-80.16885333,1.30,9.632,-27.732,0.000,,14,20,,
T,2026-07-18 14:39:09.000,26.41256667,-80.16885333,1.30,9.632,-27.732,0.000,,14,20,,
T,2026-07-18 14:39:10.000,26.41256667,-80.16885333,1.30,9.632,-27.732,0.000,,14,20,,
T,2026-07-18 14:39:11.000,26.41256667,-80.16885333,1.30,9.632,-27.732,0.000,,14,20,,
T,2026-07-18 14:39:12.000,26.41256667,-80.16885333,1.30,9.632,-27.732,0.000,,14,20,,
T,2026-07-18 14:39:13.000,26.41256667,-80.16885333,1.30,9.632,-27.732,0.000,,14,20,,
T,2026-07-18 14:39:14.000,26.41256667,-80.16885333,1.30,9.632,-27.732,0.000,,14,20,,
T,2026-07-18 14:39:15.000,26.41256667,-80.16885333,1.30,9.632,-27.732,0.000,,14,20,,
T,2026-07-18 14:39:16.000,26.41256667,-80.16885333,1.30,9.632,-27.732,0.000,,14,20,,
T,2026-07-18 14:39:17.000,26.41256667,-80.16885333,1.30,9.632,-27.732,0.000,,14,20,,
T,2026-07-18 14:39:18.000,26.41256667,-80.16885333,1.30,9.632,-27.732,0.000,,14,20,,
T,2026-07-18 14:39:19.000,26.41256667,-80.16885333,1.30,9.632,-27.732,0.000,,14,20,,
T,2026-07-18 14:39:20.000,26.41256667,-80.16885333,1.30,9.632,-27.732,0.000,,14,20,,
T,2026-07-18 14:39:21.000,26.41256667,-80.16885333,1.30,9.632,-27.732,0.000,,14,20,,
T,2026-07-18 14:39:22.000,26.41256667,-80.16885333,1.30,9.632,-27.732,0.000,,14,20,,
T,2026-07-18 14:39:23.000,26.41256667,-80.16885333,1.30,9.632,-27.732,0.000,,14,20,,
T,2026-07-18 14:39:24.000,26.41256667,-80.16885333,1.30,9.632,-27.732,0.000,,14,20,,
T,2026-07-18 14:39:25.000,26.41256667,-80.16885333,1.30,9.632,-27.732,0.000,,14,20,,
T,2026-07-18 14:39:26.000,26.41256667,-80.16885333,1.30,9.632,-27.732,0.000,,14,20,,
T,2026-07-18 14:39:27.000,26.41256667,-80.16885333,1.30,9.632,-27.732,0.000,,14,20,,
T,2026-07-18 14:39:28.000,26.41256667,-80.16885333,1.30,9.632,-27.732,0.000,,14,20,,
T,2026-07-18 14:39:29.000,26.41256667,-80.16885333,1.30,9.632,-27.732,0.000,,14,20,,
T,2026-07-18 14:39:30.000,26.41256667,-80.16885333,1.40,9.632,-27.732,0.000,,15,20,,
T,2026-07-18 14:39:31.000,26.41256667,-80.16885333,1.40,9.632,-27.732,0.000,,15,20,,
T,2026-07-18 14:39:32.000,26.41256667,-80.16885333,1.30,9.632,-27.732,0.000,,15,20,,
T,2026-07-18 14:39:33.000,26.41256667,-80.16885333,1.30,9.632,-27.732,0.000,,15,20,,
T,2026-07-18 14:39:34.000,26.41256667,-80.16885333,1.30,9.632,-27.732,0.000,,15,20,,
T,2026-07-18 14:39:35.000,26.41256667,-80.16885333,1.30,9.632,-27.732,0.000,,14,20,,
T,2026-07-18 14:39:36.000,26.41256667,-80.16885333,1.40,9.632,-27.732,0.000,,14,20,,
T,2026-07-18 14:39:37.000,26.41256667,-80.16885333,1.40,9.632,-27.732,0.000,,15,20,,
T,2026-07-18 14:39:38.000,26.41256667,-80.16885333,1.40,9.632,-27.732,0.000,,15,20,,
T,2026-07-18 14:39:39.000,26.41256667,-80.16885333,1.40,9.632,-27.732,0.000,,15,20,,
T,2026-07-18 14:39:40.000,26.41256667,-80.16885333,1.40,9.632,-27.732,0.000,,15,20,,
T,2026-07-18 14:39:41.000,26.41256667,-80.16885333,1.40,9.632,-27.732,0.000,,15,20,,
T,2026-07-18 14:39:42.000,26.41256667,-80.16885333,1.40,9.632,-27.732,0.000,,15,20,,
T,2026-07-18 14:39:43.000,26.41256667,-80.16885333,1.40,9.632,-27.732,0.000,,15,20,,
T,2026-07-18 14:39:44.000,26.41256667,-80.16885333,1.40,9.632,-27.732,0.000,,15,20,,
T,2026-07-18 14:39:45.000,26.41256667,-80.16885333,1.30,9.632,-27.732,0.000,,15,20,,
T,2026-07-18 14:39:46.000,26.41256667,-80.16885333,1.30,9.632,-27.732,0.000,,15,20,,
T,2026-07-18 14:39:47.000,26.41256667,-80.16885333,1.30,9.632,-27.732,0.000,,15,20,,
T,2026-07-18 14:39:48.000,26.41256667,-80.16885333,1.30,9.632,-27.732,0.000,,15,20,,
T,2026-07-18 14:39:49.000,26.41256667,-80.16885333,1.30,9.632,-27.732,0.000,,15,20,,
T,2026-07-18 14:39:50.000,26.41256667,-80.16885333,1.30,9.632,-27.732,0.000,,15,20,,
T,2026-07-18 14:39:51.000,26.41256667,-80.16885333,1.30,9.632,-27.732,0.000,,15,20,,
T,2026-07-18 14:39:52.000,26.41256667,-80.16885333,1.30,9.632,-27.732,0.000,,15,20,,
T,2026-07-18 14:39:53.000,26.41256667,-80.16885333,1.30,9.632,-27.732,0.000,,15,20,,
T,2026-07-18 14:39:54.000,26.41256667,-80.16885333,1.30,9.632,-27.732,0.000,,15,20,,
T,2026-07-18 14:39:55.000,26.41256667,-80.16885333,1.30,9.632,-27.732,0.000,,15,20,,
T,2026-07-18 14:39:56.000,26.41256667,-80.16885333,1.30,9.632,-27.732,0.000,,15,20,,
T,2026-07-18 14:39:57.000,26.41256667,-80.16885333,1.30,9.632,-27.732,0.000,,15,20,,
T,2026-07-18 14:39:58.000,26.41256667,-80.16885333,1.30,9.632,-27.732,0.000,,15,20,,
T,2026-07-18 14:39:59.000,26.41256667,-80.16885333,1.30,9.632,-27.732,0.000,,15,20,,
T,2026-07-18 14:40:00.000,26.41256667,-80.16885333,1.30,9.632,-27.732,0.000,,15,20,,
T,2026-07-18 14:40:01.000,26.41256667,-80.16885333,1.30,9.632,-27.732,0.000,,15,20,,
T,2026-07-18 14:40:02.000,26.41256667,-80.16885333,1.30,9.632,-27.732,0.000,,15,20,,
T,2026-07-18 14:40:03.000,26.41256667,-80.16885333,1.30,9.632,-27.732,0.000,,15,20,,
T,2026-07-18 14:40:04.000,26.41256667,-80.16885333,1.30,9.632,-27.732,0.000,,15,20,,
T,2026-07-18 14:40:05.000,26.41256667,-80.16885333,1.30,9.632,-27.732,0.000,,15,20,,
T,2026-07-18 14:40:06.000,26.41256667,-80.16885333,1.30,9.632,-27.732,0.000,,15,20,,
T,2026-07-18 14:40:07.000,26.41256667,-80.16885333,1.30,9.632,-27.732,0.000,,15,20,,
T,2026-07-18 14:40:08.000,26.41256667,-80.16885333,1.30,9.632,-27.732,0.000,,15,20,,
T,2026-07-18 14:40:09.000,26.41256667,-80.16885333,1.30,9.632,-27.732,0.000,,15,20,,
T,2026-07-18 14:40:10.000,26.41256667,-80.16885333,1.30,9.632,-27.732,0.000,,15,20,,
T,2026-07-18 14:40:11.000,26.41256667,-80.16885333,1.30,9.632,-27.732,0.000,,15,20,,
T,2026-07-18 14:40:12.000,26.41256667,-80.16885333,1.30,9.632,-27.732,0.000,,15,20,,
T,2026-07-18 14:40:13.000,26.41256667,-80.16885333,1.30,9.632,-27.732,0.000,,15,20,,
T,2026-07-18 14:40:14.000,26.41256667,-80.16885333,1.30,9.632,-27.732,0.000,,15,20,,
T,2026-07-18 14:40:15.000,26.41256667,-80.16885333,1.30,9.632,-27.732,0.000,,15,20,,
T,2026-07-18 14:40:16.000,26.41256667,-80.16885333,1.30,9.632,-27.732,0.000,,15,20,,
T,2026-07-18 14:40:17.000,26.41256667,-80.16885333,1.30,9.632,-27.732,0.000,,15,20,,
T,2026-07-18 14:40:18.000,26.41256667,-80.16885333,1.30,9.632,-27.732,0.000,,15,20,,
T,2026-07-18 14:40:19.000,26.41256667,-80.16885333,1.30,9.632,-27.732,0.000,,14,21,,
T,2026-07-18 14:40:20.000,26.41256667,-80.16885333,1.30,9.632,-27.732,0.000,,16,21,,
T,2026-07-18 14:40:21.000,26.41256667,-80.16885333,1.30,9.632,-27.732,0.000,,16,21,,
T,2026-07-18 14:40:22.000,26.41256667,-80.16885333,1.30,9.632,-27.732,0.000,,16,21,,
T,2026-07-18 14:40:23.000,26.41256667,-80.16885333,1.30,9.632,-27.732,0.000,,16,21,,
T,2026-07-18 14:40:24.000,26.41256667,-80.16885333,1.30,9.632,-27.732,0.000,,16,21,,
T,2026-07-18 14:40:25.000,26.41256667,-80.16885333,1.30,9.632,-27.732,0.000,,16,21,,
T,2026-07-18 14:40:26.000,26.41256667,-80.16885333,1.30,9.632,-27.732,0.000,,16,21,,
T,2026-07-18 14:40:27.000,26.41256667,-80.16885333,1.30,9.632,-27.732,0.000,,15,21,,
T,2026-07-18 14:40:28.000,26.41256667,-80.16885333,1.30,9.632,-27.732,0.000,,15,21,,
T,2026-07-18 14:40:29.000,26.41256667,-80.16885333,1.30,9.632,-27.732,0.000,,15,21,,
T,2026-07-18 14:40:30.000,26.41256667,-80.16885333,1.30,9.632,-27.732,0.000,,15,21,,
T,2026-07-18 14:40:31.000,26.41256667,-80.16885333,1.30,9.632,-27.732,0.000,,15,21,,
T,2026-07-18 14:40:32.000,26.41256667,-80.16885333,1.30,9.632,-27.732,0.000,,15,21,,
T,2026-07-18 14:40:33.000,26.41256667,-80.16885333,1.30,9.632,-27.732,0.000,,15,21,,
T,2026-07-18 14:40:34.000,26.41256667,-80.16885333,1.30,9.632,-27.732,0.000,,15,21,,
T,2026-07-18 14:40:35.000,26.41256667,-80.16885333,1.30,9.632,-27.732,0.000,,15,21,,
T,2026-07-18 14:40:36.000,26.41256667,-80.16885333,1.30,9.632,-27.732,0.000,,15,21,,
T,2026-07-18 14:40:37.000,26.41256667,-80.16885333,1.30,9.632,-27.732,0.000,,15,21,,
T,2026-07-18 14:40:38.000,26.41256667,-80.16885333,1.30,9.632,-27.732,0.000,,15,21,,
T,2026-07-18 14:40:39.000,26.41256667,-80.16885333,1.30,9.632,-27.732,0.000,,15,21,,
T,2026-07-18 14:40:40.000,26.41256667,-80.16885333,1.30,9.632,-27.732,0.000,,16,21,,
T,2026-07-18 14:40:41.000,26.41256667,-80.16885333,1.30,9.632,-27.732,0.000,,16,21,,
T,2026-07-18 14:40:42.000,26.41256667,-80.16885333,1.30,9.632,-27.732,0.000,,16,21,,
T,2026-07-18 14:40:43.000,26.41256667,-80.16885333,1.30,9.632,-27.732,0.000,,16,21,,
T,2026-07-18 14:40:44.000,26.41256667,-80.16885333,1.30,9.632,-27.732,0.000,,16,21,,
T,2026-07-18 14:40:45.000,26.41256667,-80.16885333,1.30,9.632,-27.732,0.000,,16,21,,
T,2026-07-18 14:40:46.000,26.41256667,-80.16885333,1.30,9.632,-27.732,0.000,,16,21,,
T,2026-07-18 14:40:47.000,26.41256667,-80.16885333,1.30,9.632,-27.732,0.000,,16,21,,
T,2026-07-18 14:40:48.000,26.41256667,-80.16885333,1.30,9.632,-27.732,0.000,,15,21,,
T,2026-07-18 14:40:49.000,26.41256667,-80.16885333,1.30,9.632,-27.732,0.000,,16,21,,
T,2026-07-18 14:40:50.000,26.41256667,-80.16885333,1.30,9.632,-27.732,0.000,,16,21,,
T,2026-07-18 14:40:51.000,26.41256667,-80.16885333,1.40,9.632,-27.732,0.000,,16,21,,
T,2026-07-18 14:40:52.000,26.41256667,-80.16885333,1.40,9.632,-27.732,0.000,,16,21,,
T,2026-07-18 14:40:53.000,26.41256667,-80.16885333,1.40,9.632,-27.732,0.000,,15,21,,
T,2026-07-18 14:40:54.000,26.41256667,-80.16885333,1.40,9.632,-27.732,0.000,,15,21,,
T,2026-07-18 14:40:55.000,26.41256667,-80.16885333,1.40,9.632,-27.732,0.000,,15,21,,
T,2026-07-18 14:40:56.000,26.41256667,-80.16885333,1.40,9.632,-27.732,0.000,,15,21,,
T,2026-07-18 14:40:57.000,26.41256667,-80.16885333,1.40,9.632,-27.732,0.000,,15,21,,
T,2026-07-18 14:40:58.000,26.41256667,-80.16885333,1.40,9.632,-27.732,0.000,,15,21,,
T,2026-07-18 14:40:59.000,26.41256667,-80.16885333,1.40,9.632,-27.732,0.000,,15,21,,
T,2026-07-18 14:41:00.000,26.41256667,-80.16885333,1.40,9.632,-27.732,0.000,,16,21,,
T,2026-07-18 14:41:01.000,26.41256667,-80.16885333,1.40,9.632,-27.732,0.000,,16,21,,
T,2026-07-18 14:41:02.000,26.41256667,-80.16885333,1.40,9.632,-27.732,0.000,,16,21,,
T,2026-07-18 14:41:03.000,26.41256667,-80.16885333,1.40,9.632,-27.732,0.000,,16,21,,
T,2026-07-18 14:41:04.000,26.41256667,-80.16885333,1.40,9.632,-27.732,0.000,,15,21,,
T,2026-07-18 14:41:05.000,26.41256667,-80.16885333,1.40,9.632,-27.732,0.000,,16,21,,
T,2026-07-18 14:41:06.000,26.41256667,-80.16885333,1.40,9.632,-27.732,0.000,,16,21,,
T,2026-07-18 14:41:07.000,26.41256667,-80.16885333,1.40,9.632,-27.732,0.000,,16,21,,
T,2026-07-18 14:41:08.000,26.41256667,-80.16885333,1.40,9.632,-27.732,0.000,,16,21,,
T,2026-07-18 14:41:09.000,26.41256667,-80.16885333,1.30,9.632,-27.732,0.000,,16,21,,
T,2026-07-18 14:41:10.000,26.41256667,-80.16885333,1.30,9.632,-27.732,0.000,,16,21,,
T,2026-07-18 14:41:11.000,26.41256667,-80.16885333,1.30,9.632,-27.732,0.000,,16,21,,
T,2026-07-18 14:41:12.000,26.41256667,-80.16885333,1.30,9.632,-27.732,0.000,,15,21,,
T,2026-07-18 14:41:13.000,26.41256667,-80.16885333,1.30,9.632,-27.732,0.000,,16,21,,
T,2026-07-18 14:41:14.000,26.41256667,-80.16885333,1.30,9.632,-27.732,0.000,,15,21,,
T,2026-07-18 14:41:15.000,26.41256667,-80.16885333,1.30,9.632,-27.732,0.000,,15,21,,
T,2026-07-18 14:41:16.000,26.41256667,-80.16885333,1.30,9.632,-27.732,0.000,,14,21,,
T,2026-07-18 14:41:17.000,26.41256667,-80.16885333,1.30,9.632,-27.732,0.000,,14,21,,
T,2026-07-18 14:41:18.000,26.41256667,-80.16885333,1.30,9.632,-27.732,0.000,,14,21,,
T,2026-07-18 14:41:19.000,26.41256667,-80.16885333,1.30,9.632,-27.732,0.000,,14,21,,
T,2026-07-18 14:41:20.000,26.41256667,-80.16885333,1.30,9.632,-27.732,0.000,,14,21,,
T,2026-07-18 14:41:21.000,26.41256667,-80.16885333,1.30,9.632,-27.732,0.000,,14,21,,
T,2026-07-18 14:41:22.000,26.41256667,-80.16885333,1.30,9.632,-27.732,0.000,,14,21,,
T,2026-07-18 14:41:23.000,26.41256667,-80.16885333,1.30,9.632,-27.732,0.000,,14,21,,
T,2026-07-18 14:41:24.000,26.41256667,-80.16885333,1.30,9.632,-27.732,0.000,,14,21,,
T,2026-07-18 14:41:25.000,26.41256667,-80.16885333,1.30,9.632,-27.732,0.000,,15,21,,
T,2026-07-18 14:41:26.000,26.41256667,-80.16885333,1.30,9.632,-27.732,0.000,,15,21,,
T,2026-07-18 14:41:27.000,26.41256667,-80.16885333,1.30,9.632,-27.732,0.000,,15,21,,
T,2026-07-18 14:41:28.000,26.41256667,-80.16885333,1.30,9.632,-27.732,0.000,,15,21,,
T,2026-07-18 14:41:29.000,26.41256667,-80.16885333,1.30,9.632,-27.732,0.000,,15,21,,
T,2026-07-18 14:41:30.000,26.41256667,-80.16885333,1.30,9.632,-27.732,0.000,,15,21,,
T,2026-07-18 14:41:31.000,26.41256667,-80.16885333,1.30,9.632,-27.732,0.000,,15,21,,
T,2026-07-18 14:41:32.000,26.41256667,-80.16885333,1.30,9.632,-27.732,0.000,,15,21,,
T,2026-07-18 14:41:33.000,26.41256667,-80.16885333,1.30,9.632,-27.732,0.000,,15,21,,
T,2026-07-18 14:41:34.000,26.41256667,-80.16885333,1.30,9.632,-27.732,0.000,,16,21,,
T,2026-07-18 14:41:35.000,26.41256667,-80.16885333,1.30,9.632,-27.732,0.000,,15,21,,
T,2026-07-18 14:41:36.000,26.41256667,-80.16885333,1.30,9.632,-27.732,0.000,,15,21,,
T,2026-07-18 14:41:37.000,26.41256667,-80.16885333,1.30,9.632,-27.732,0.000,,15,21,,
T,2026-07-18 14:41:38.000,26.41256667,-80.16885333,1.30,9.632,-27.732,0.000,,16,21,,
T,2026-07-18 14:41:39.000,26.41256667,-80.16885333,1.30,9.632,-27.732,0.000,,16,21,,
T,2026-07-18 14:41:40.000,26.41256667,-80.16885333,1.30,9.632,-27.732,0.000,,15,21,,
T,2026-07-18 14:41:41.000,26.41256667,-80.16885333,1.40,9.632,-27.732,0.000,,16,21,,
T,2026-07-18 14:41:42.000,26.41256667,-80.16885333,1.40,9.632,-27.732,0.000,,15,21,,
T,2026-07-18 14:41:43.000,26.41256667,-80.16885333,1.40,9.632,-27.732,0.000,,15,21,,
T,2026-07-18 14:41:44.000,26.41256667,-80.16885333,1.40,9.632,-27.732,0.000,,15,21,,
T,2026-07-18 14:41:45.000,26.41256667,-80.16885333,1.40,9.632,-27.732,0.000,,15,21,,
T,2026-07-18 14:41:46.000,26.41256667,-80.16885333,1.40,9.632,-27.732,0.000,,15,21,,
T,2026-07-18 14:41:47.000,26.41256667,-80.16885333,1.40,9.632,-27.732,0.000,,15,21,,
T,2026-07-18 14:41:48.000,26.41256667,-80.16885333,1.40,9.632,-27.732,0.000,,14,21,,
T,2026-07-18 14:41:49.000,26.41256667,-80.16885333,1.40,9.632,-27.732,0.000,,15,21,,
T,2026-07-18 14:41:50.000,26.41256667,-80.16885333,1.30,9.632,-27.732,0.000,,15,21,,
T,2026-07-18 14:41:51.000,26.41256667,-80.16885333,1.30,9.632,-27.732,0.000,,15,21,,
T,2026-07-18 14:41:52.000,26.41256667,-80.16885333,1.30,9.632,-27.732,0.000,,15,21,,
T,2026-07-18 14:41:53.000,26.41256667,-80.16885333,1.40,9.632,-27.732,0.000,,15,21,,
T,2026-07-18 14:41:54.000,26.41256667,-80.16885333,1.40,9.632,-27.732,0.000,,15,21,,
T,2026-07-18 14:41:55.000,26.41256667,-80.16885333,1.40,9.632,-27.732,0.000,,15,21,,
T,2026-07-18 14:41:56.000,26.41256667,-80.16885333,1.40,9.632,-27.732,0.000,,15,21,,
T,2026-07-18 14:41:57.000,26.41256667,-80.16885333,1.40,9.632,-27.732,0.000,,15,21,,
T,2026-07-18 14:41:58.000,26.41256667,-80.16885333,1.40,9.632,-27.732,0.000,,15,21,,
T,2026-07-18 14:41:59.000,26.41256667,-80.16885333,1.40,9.632,-27.732,0.000,,15,21,,
T,2026-07-18 14:42:00.000,26.41256667,-80.16885333,1.40,9.632,-27.732,0.000,,16,21,,
T,2026-07-18 14:42:01.000,26.41256667,-80.16885333,1.40,9.632,-27.732,0.000,,16,21,,
T,2026-07-18 14:42:02.000,26.41256667,-80.16885333,1.40,9.632,-27.732,0.000,,16,21,,
T,2026-07-18 14:42:03.000,26.41256667,-80.16885333,1.40,9.632,-27.732,0.000,,16,21,,
T,2026-07-18 14:42:04.000,26.41256667,-80.16885333,1.40,9.632,-27.732,0.000,,16,21,,
T,2026-07-18 14:42:05.000,26.41256667,-80.16885333,1.40,9.632,-27.732,0.000,,16,21,,
T,2026-07-18 14:42:06.000,26.41256667,-80.16885333,1.40,9.632,-27.732,0.000,,16,21,,
T,2026-07-18 14:42:07.000,26.41256667,-80.16885333,1.40,9.632,-27.732,0.000,,16,21,,
T,2026-07-18 14:42:08.000,26.41256667,-80.16885333,1.40,9.632,-27.732,0.000,,16,21,,
T,2026-07-18 14:42:09.000,26.41256667,-80.16885333,1.40,9.632,-27.732,0.000,,16,21,,
T,2026-07-18 14:42:10.000,26.41256667,-80.16885333,1.40,9.632,-27.732,0.000,,16,21,,
T,2026-07-18 14:42:11.000,26.41256667,-80.16885333,1.40,9.632,-27.732,0.000,,16,21,,
T,2026-07-18 14:42:12.000,26.41256667,-80.16885333,1.40,9.632,-27.732,0.000,,16,21,,
T,2026-07-18 14:42:13.000,26.41256667,-80.16885333,1.40,9.632,-27.732,0.000,,16,21,,
T,2026-07-18 14:42:14.000,26.41256667,-80.16885333,1.40,9.632,-27.732,0.000,,16,21,,
T,2026-07-18 14:42:15.000,26.41256667,-80.16885333,1.40,9.632,-27.732,0.000,,16,21,,
T,2026-07-18 14:42:16.000,26.41256667,-80.16885333,1.40,9.632,-27.732,0.000,,16,21,,
T,2026-07-18 14:42:17.000,26.41256667,-80.16885333,1.50,9.632,-27.732,0.000,,15,21,,
T,2026-07-18 14:42:18.000,26.41256667,-80.16885333,1.40,9.632,-27.732,0.000,,15,21,,
T,2026-07-18 14:42:19.000,26.41256667,-80.16885333,1.40,9.632,-27.732,0.000,,16,21,,
T,2026-07-18 14:42:20.000,26.41256667,-80.16885333,1.50,9.632,-27.732,0.000,,15,21,,
T,2026-07-18 14:42:21.000,26.41256667,-80.16885333,1.50,9.632,-27.732,0.000,,15,21,,
T,2026-07-18 14:42:22.000,26.41256667,-80.16885333,1.50,9.632,-27.732,0.000,,15,21,,
T,2026-07-18 14:42:23.000,26.41256667,-80.16885333,1.50,9.632,-27.732,0.000,,15,21,,
T,2026-07-18 14:42:24.000,26.41256667,-80.16885333,1.50,9.632,-27.732,0.000,,14,21,,
T,2026-07-18 14:42:25.000,26.41256667,-80.16885333,1.50,9.632,-27.732,0.000,,15,21,,
T,2026-07-18 14:42:26.000,26.41256667,-80.16885333,1.50,9.632,-27.732,0.000,,15,21,,
T,2026-07-18 14:42:27.000,26.41256667,-80.16885333,1.50,9.632,-27.732,0.000,,15,21,,
T,2026-07-18 14:42:28.000,26.41256667,-80.16885333,1.50,9.632,-27.732,0.000,,13,21,,
T,2026-07-18 14:42:29.000,26.41256667,-80.16885333,1.50,9.632,-27.732,0.000,,14,21,,
T,2026-07-18 14:42:30.000,26.41256667,-80.16885333,1.60,9.632,-27.732,0.000,,14,21,,
T,2026-07-18 14:42:31.000,26.41256667,-80.16885333,1.60,9.632,-27.732,0.000,,14,21,,
T,2026-07-18 14:42:32.000,26.41256667,-80.16885333,1.60,9.632,-27.732,0.000,,15,21,,
T,2026-07-18 14:42:33.000,26.41256667,-80.16885333,1.60,9.632,-27.732,0.000,,15,21,,
T,2026-07-18 14:42:34.000,26.41256667,-80.16885333,1.60,9.632,-27.732,0.000,,15,21,,
T,2026-07-18 14:42:35.000,26.41256667,-80.16885333,1.50,9.632,-27.732,0.000,,15,21,,
T,2026-07-18 14:42:36.000,26.41256667,-80.16885333,1.60,9.632,-27.732,0.000,,15,21,,
T,2026-07-18 14:42:37.000,26.41256667,-80.16885333,1.50,9.632,-27.732,0.000,,15,21,,
T,2026-07-18 14:42:38.000,26.41256667,-80.16885333,1.50,9.632,-27.732,0.000,,15,21,,
T,2026-07-18 14:42:39.000,26.41256667,-80.16885333,1.50,9.632,-27.732,0.000,,14,21,,
T,2026-07-18 14:42:40.000,26.41256667,-80.16885333,1.50,9.632,-27.732,0.000,,14,21,,
T,2026-07-18 14:42:41.000,26.41256667,-80.16885333,1.40,9.632,-27.732,0.000,,13,21,,
T,2026-07-18 14:42:42.000,26.41256667,-80.16885333,1.40,9.632,-27.732,0.000,,14,21,,
T,2026-07-18 14:42:43.000,26.41256667,-80.16885333,1.40,9.632,-27.732,0.000,,15,21,,
T,2026-07-18 14:42:44.000,26.41256667,-80.16885333,1.40,9.632,-27.732,0.000,,14,21,,
T,2026-07-18 14:42:45.000,26.41256667,-80.16885333,1.40,9.632,-27.732,0.000,,14,21,,
T,2026-07-18 14:42:46.000,26.41256667,-80.16885333,1.40,9.632,-27.732,0.000,,16,21,,
T,2026-07-18 14:42:47.000,26.41256667,-80.16885333,1.40,9.632,-27.732,0.000,,16,21,,
T,2026-07-18 14:42:48.000,26.41256667,-80.16885333,1.40,9.632,-27.732,0.000,,16,21,,
T,2026-07-18 14:42:49.000,26.41256667,-80.16885333,1.40,9.632,-27.732,0.000,,16,21,,
T,2026-07-18 14:42:50.000,26.41256667,-80.16885333,1.40,9.632,-27.732,0.000,,16,21,,
T,2026-07-18 14:42:51.000,26.41256667,-80.16885333,1.40,9.632,-27.732,0.000,,16,21,,
T,2026-07-18 14:42:52.000,26.41256667,-80.16885333,1.40,9.632,-27.732,0.000,,16,21,,
T,2026-07-18 14:42:53.000,26.41256667,-80.16885333,1.40,9.632,-27.732,0.000,,16,21,,
T,2026-07-18 14:42:54.000,26.41256667,-80.16885333,1.40,9.632,-27.732,0.000,,16,21,,
T,2026-07-18 14:42:55.000,26.41256667,-80.16885333,1.30,9.632,-27.732,0.000,,16,21,,
T,2026-07-18 14:42:56.000,26.41256667,-80.16885333,1.30,9.632,-27.732,0.000,,16,21,,
T,2026-07-18 14:42:57.000,26.41256667,-80.16885333,1.30,9.632,-27.732,0.000,,16,21,,
T,2026-07-18 14:42:58.000,26.41256667,-80.16885333,1.30,9.632,-27.732,0.000,,16,21,,
T,2026-07-18 14:42:59.000,26.41256667,-80.16885333,1.30,9.632,-27.732,0.000,,16,21,,
T,2026-07-18 14:43:00.000,26.41256667,-80.16885333,1.30,9.632,-27.732,0.000,,16,21,,
T,2026-07-18 14:43:01.000,26.41256667,-80.16885333,1.30,9.632,-27.732,0.000,,16,21,,
T,2026-07-18 14:43:02.000,26.41256667,-80.16885333,1.30,9.632,-27.732,0.000,,16,21,,
T,2026-07-18 14:43:03.000,26.41256667,-80.16885333,1.30,9.632,-27.732,0.000,,16,21,,
T,2026-07-18 14:43:04.000,26.41256667,-80.16885333,1.30,9.632,-27.732,0.000,,16,21,,
T,2026-07-18 14:43:05.000,26.41256667,-80.16885333,1.40,9.632,-27.732,0.000,,16,21,,
T,2026-07-18 14:43:06.000,26.41256667,-80.16885333,1.30,9.632,-27.732,0.000,,16,21,,
T,2026-07-18 14:43:07.000,26.41256667,-80.16885333,1.30,9.632,-27.732,0.000,,16,21,,
T,2026-07-18 14:43:08.000,26.41256667,-80.16885333,1.30,9.632,-27.732,0.000,,16,21,,
T,2026-07-18 14:43:09.000,26.41256667,-80.16885333,1.40,9.632,-27.732,0.000,,15,21,,
T,2026-07-18 14:43:10.000,26.41256667,-80.16885333,1.40,9.632,-27.732,0.000,,15,21,,
T,2026-07-18 14:43:11.000,26.41256667,-80.16885333,1.40,9.632,-27.732,0.000,,15,21,,
T,2026-07-18 14:43:12.000,26.41256667,-80.16885333,1.40,9.632,-27.732,0.000,,15,21,,
T,2026-07-18 14:43:13.000,26.41256667,-80.16885333,1.40,9.632,-27.732,0.000,,15,21,,
T,2026-07-18 14:43:14.000,26.41256667,-80.16885333,1.40,9.632,-27.732,0.000,,15,21,,
T,2026-07-18 14:43:15.000,26.41256667,-80.16885333,1.40,9.632,-27.732,0.000,,15,21,,
T,2026-07-18 14:43:16.000,26.41256667,-80.16885333,1.40,9.632,-27.732,0.000,,16,21,,
T,2026-07-18 14:43:17.000,26.41256667,-80.16885333,1.50,9.632,-27.732,0.000,,15,21,,
T,2026-07-18 14:43:18.000,26.41256667,-80.16885333,1.50,9.632,-27.732,0.000,,15,21,,
T,2026-07-18 14:43:19.000,26.41256667,-80.16885333,1.50,9.632,-27.732,0.000,,15,21,,
T,2026-07-18 14:43:20.000,26.41256667,-80.16885333,1.50,9.632,-27.732,0.000,,15,21,,
T,2026-07-18 14:43:21.000,26.41256667,-80.16885333,1.50,9.632,-27.732,0.000,,15,21,,
T,2026-07-18 14:43:22.000,26.41256667,-80.16885333,1.60,9.632,-27.732,0.000,,15,21,,
T,2026-07-18 14:43:23.000,26.41256667,-80.16885333,1.60,9.632,-27.732,0.000,,16,21,,
T,2026-07-18 14:43:24.000,26.41256667,-80.16885333,1.60,9.632,-27.732,0.000,,16,21,,
T,2026-07-18 14:43:25.000,26.41256667,-80.16885333,1.60,9.632,-27.732,0.000,,16,21,,
T,2026-07-18 14:43:26.000,26.41256667,-80.16885333,1.60,9.632,-27.732,0.000,,16,21,,
T,2026-07-18 14:43:27.000,26.41256667,-80.16885333,1.60,9.632,-27.732,0.000,,16,21,,
T,2026-07-18 14:43:28.000,26.41256667,-80.16885333,1.60,9.632,-27.732,0.000,,16,21,,
T,2026-07-18 14:43:29.000,26.41256667,-80.16885333,1.60,9.632,-27.732,0.000,,15,21,,
T,2026-07-18 14:43:30.000,26.41256667,-80.16885333,1.60,9.632,-27.732,0.000,,14,21,,
T,2026-07-18 14:43:31.000,26.41256667,-80.16885333,1.60,9.632,-27.732,0.000,,15,21,,
T,2026-07-18 14:43:32.000,26.41256667,-80.16885333,1.60,9.632,-27.732,0.000,,14,21,,
T,2026-07-18 14:43:33.000,26.41256667,-80.16885333,1.50,9.632,-27.732,0.000,,14,21,,
T,2026-07-18 14:43:34.000,26.41256667,-80.16885333,1.50,9.632,-27.732,0.000,,14,21,,
T,2026-07-18 14:43:35.000,26.41256667,-80.16885333,1.50,9.632,-27.732,0.000,,15,21,,
T,2026-07-18 14:43:36.000,26.41256667,-80.16885333,1.50,9.632,-27.732,0.000,,14,21,,
T,2026-07-18 14:43:37.000,26.41256667,-80.16885333,1.50,9.632,-27.732,0.000,,15,21,,
T,2026-07-18 14:43:38.000,26.41256667,-80.16885333,1.50,9.632,-27.732,0.000,,15,21,,
T,2026-07-18 14:43:39.000,26.41256667,-80.16885333,1.50,9.632,-27.732,0.000,,15,21,,
T,2026-07-18 14:43:40.000,26.41256667,-80.16885333,1.50,9.632,-27.732,0.000,,15,21,,
T,2026-07-18 14:43:41.000,26.41256667,-80.16885333,1.50,9.632,-27.732,0.000,,15,21,,
T,2026-07-18 14:43:42.000,26.41256667,-80.16885333,1.50,9.632,-27.732,0.000,,15,21,,
T,2026-07-18 14:43:43.000,26.41256667,-80.16885333,1.50,9.632,-27.732,0.000,,16,21,,
T,2026-07-18 14:43:44.000,26.41256667,-80.16885333,1.50,9.632,-27.732,0.000,,16,21,,
T,2026-07-18 14:43:45.000,26.41256667,-80.16885333,1.50,9.632,-27.732,0.000,,15,21,,
T,2026-07-18 14:43:46.000,26.41256667,-80.16885333,1.40,9.632,-27.732,0.000,,15,21,,
T,2026-07-18 14:43:47.000,26.41256667,-80.16885333,1.40,9.632,-27.732,0.000,,15,21,,
T,2026-07-18 14:43:48.000,26.41256667,-80.16885333,1.40,9.632,-27.732,0.000,,15,21,,
T,2026-07-18 14:43:49.000,26.41256667,-80.16885333,1.50,9.632,-27.732,0.000,,14,21,,
T,2026-07-18 14:43:50.000,26.41256667,-80.16885333,1.50,9.632,-27.732,0.000,,14,21,,
T,2026-07-18 14:43:51.000,26.41256667,-80.16885333,1.50,9.632,-27.732,0.000,,15,21,,
T,2026-07-18 14:43:52.000,26.41256667,-80.16885333,1.40,9.632,-27.732,0.000,,15,21,,
T,2026-07-18 14:43:53.000,26.41256667,-80.16885333,1.50,9.632,-27.732,0.000,,15,21,,
T,2026-07-18 14:43:54.000,26.41256667,-80.16885333,1.50,9.632,-27.732,0.000,,15,21,,
T,2026-07-18 14:43:55.000,26.41256667,-80.16885333,1.50,9.632,-27.732,0.000,,15,21,,
T,2026-07-18 14:43:56.000,26.41256667,-80.16885333,1.60,9.632,-27.732,0.000,,15,21,,
T,2026-07-18 14:43:57.000,26.41256667,-80.16885333,1.60,9.632,-27.732,0.000,,15,21,,
T,2026-07-18 14:43:58.000,26.41256667,-80.16885333,1.60,9.632,-27.732,0.000,,15,21,,
T,2026-07-18 14:43:59.000,26.41256667,-80.16885333,1.60,9.632,-27.732,0.000,,15,21,,
T,2026-07-18 14:44:00.000,26.41256667,-80.16885333,1.50,9.632,-27.732,0.000,,15,21,,
T,2026-07-18 14:44:01.000,26.41256667,-80.16885333,1.50,9.632,-27.732,0.000,,14,21,,
T,2026-07-18 14:44:02.000,26.41256667,-80.16885333,1.50,9.632,-27.732,0.000,,15,21,,
T,2026-07-18 14:44:03.000,26.41256667,-80.16885333,1.50,9.632,-27.732,0.000,,15,21,,
T,2026-07-18 14:44:04.000,26.41256667,-80.16885333,1.40,9.632,-27.732,0.000,,15,21,,
T,2026-07-18 14:44:05.000,26.41256667,-80.16885333,1.50,9.632,-27.732,0.000,,14,21,,
T,2026-07-18 14:44:06.000,26.41256667,-80.16885333,1.40,9.632,-27.732,0.000,,14,21,,
T,2026-07-18 14:44:07.000,26.41256667,-80.16885333,1.40,9.632,-27.732,0.000,,14,21,,
T,2026-07-18 14:44:08.000,26.41256667,-80.16885333,1.40,9.632,-27.732,0.000,,15,21,,
T,2026-07-18 14:44:09.000,26.41256667,-80.16885333,1.40,9.632,-27.732,0.000,,14,21,,
T,2026-07-18 14:44:10.000,26.41256667,-80.16885333,1.40,9.632,-27.732,0.000,,15,20,,
T,2026-07-18 14:44:11.000,26.41256667,-80.16885333,1.40,9.632,-27.732,0.000,,15,20,,
T,2026-07-18 14:44:12.000,26.41256667,-80.16885333,1.40,9.632,-27.732,0.000,,15,20,,
T,2026-07-18 14:44:13.000,26.41256667,-80.16885333,1.40,9.632,-27.732,0.000,,15,20,,
T,2026-07-18 14:44:14.000,26.41256667,-80.16885333,1.40,9.632,-27.732,0.000,,15,20,,
T,2026-07-18 14:44:15.000,26.41256667,-80.16885333,1.40,9.632,-27.732,0.000,,15,20,,
T,2026-07-18 14:44:16.000,26.41256667,-80.16885333,1.40,9.632,-27.732,0.000,,15,20,,
T,2026-07-18 14:44:17.000,26.41256667,-80.16885333,1.40,9.632,-27.732,0.000,,15,20,,
T,2026-07-18 14:44:18.000,26.41256667,-80.16885333,1.40,9.632,-27.732,0.000,,15,20,,
T,2026-07-18 14:44:19.000,26.41256667,-80.16885333,1.40,9.632,-27.732,0.000,,16,20,,
T,2026-07-18 14:44:20.000,26.41256667,-80.16885333,1.40,9.632,-27.732,0.000,,16,20,,
T,2026-07-18 14:44:21.000,26.41256667,-80.16885333,1.50,9.632,-27.732,0.000,,15,20,,
T,2026-07-18 14:44:22.000,26.41256667,-80.16885333,1.40,9.632,-27.732,0.000,,15,20,,
T,2026-07-18 14:44:23.000,26.41256667,-80.16885333,1.50,9.632,-27.732,0.000,,15,20,,
T,2026-07-18 14:44:24.000,26.41256667,-80.16885333,1.50,9.632,-27.732,0.000,,15,20,,
T,2026-07-18 14:44:25.000,26.41256667,-80.16885333,1.50,9.632,-27.732,0.000,,15,20,,
T,2026-07-18 14:44:26.000,26.41256667,-80.16885333,1.50,9.632,-27.732,0.000,,15,20,,
T,2026-07-18 14:44:27.000,26.41256667,-80.16885333,1.50,9.632,-27.732,0.000,,15,20,,
T,2026-07-18 14:44:28.000,26.41256667,-80.16885333,1.50,9.632,-27.732,0.000,,15,20,,
T,2026-07-18 14:44:29.000,26.41256667,-80.16885333,1.50,9.632,-27.732,0.000,,15,20,,
T,2026-07-18 14:44:30.000,26.41256667,-80.16885333,1.50,9.632,-27.732,0.000,,15,20,,
T,2026-07-18 14:44:31.000,26.41256667,-80.16885333,1.50,9.632,-27.732,0.000,,15,20,,
T,2026-07-18 14:44:32.000,26.41256667,-80.16885333,1.50,9.632,-27.732,0.000,,15,20,,
T,2026-07-18 14:44:33.000,26.41256667,-80.16885333,1.50,9.632,-27.732,0.000,,15,20,,
T,2026-07-18 14:44:34.000,26.41256667,-80.16885333,1.50,9.632,-27.732,0.000,,15,20,,
T,2026-07-18 14:44:35.000,26.41256667,-80.16885333,1.50,9.632,-27.732,0.000,,15,20,,
T,2026-07-18 14:44:36.000,26.41256667,-80.16885333,1.40,9.632,-27.732,0.000,,14,20,,
T,2026-07-18 14:44:37.000,26.41256667,-80.16885333,1.50,9.632,-27.732,0.000,,15,20,,
T,2026-07-18 14:44:38.000,26.41256667,-80.16885333,1.50,9.632,-27.732,0.000,,14,20,,
T,2026-07-18 14:44:39.000,26.41256667,-80.16885333,1.50,9.632,-27.732,0.000,,15,20,,
T,2026-07-18 14:44:40.000,26.41256667,-80.16885333,1.40,9.632,-27.732,0.000,,14,20,,
T,2026-07-18 14:44:41.000,26.41256667,-80.16885333,1.50,9.632,-27.732,0.000,,14,20,,
T,2026-07-18 14:44:42.000,26.41256667,-80.16885333,1.40,9.632,-27.732,0.000,,14,20,,
T,2026-07-18 14:44:43.000,26.41256667,-80.16885333,1.40,9.632,-27.732,0.000,,14,20,,
T,2026-07-18 14:44:44.000,26.41256667,-80.16885333,1.40,9.632,-27.732,0.000,,14,20,,
T,2026-07-18 14:44:45.000,26.41256667,-80.16885333,1.50,9.632,-27.732,0.000,,15,20,,
T,2026-07-18 14:44:46.000,26.41256667,-80.16885333,1.40,9.632,-27.732,0.000,,15,20,,
T,2026-07-18 14:44:47.000,26.41256667,-80.16885333,1.40,9.632,-27.732,0.000,,15,20,,
T,2026-07-18 14:44:48.000,26.41256667,-80.16885333,1.40,9.632,-27.732,0.000,,15,20,,
T,2026-07-18 14:44:49.000,26.41256667,-80.16885333,1.50,9.632,-27.732,0.000,,15,20,,
T,2026-07-18 14:44:50.000,26.41256667,-80.16885333,1.50,9.632,-27.732,0.000,,15,20,,
T,2026-07-18 14:44:51.000,26.41256667,-80.16885333,1.50,9.632,-27.732,0.000,,15,20,,
T,2026-07-18 14:44:52.000,26.41256667,-80.16885333,1.40,9.632,-27.732,0.000,,15,20,,
T,2026-07-18 14:44:53.000,26.41256667,-80.16885333,1.50,9.632,-27.732,0.000,,15,20,,
T,2026-07-18 14:44:54.000,26.41256667,-80.16885333,1.50,9.632,-27.732,0.000,,15,20,,
T,2026-07-18 14:44:55.000,26.41256667,-80.16885333,1.50,9.632,-27.732,0.000,,15,20,,
T,2026-07-18 14:44:56.000,26.41256667,-80.16885333,1.50,9.632,-27.732,0.000,,15,20,,
T,2026-07-18 14:44:57.000,26.41256667,-80.16885333,1.50,9.632,-27.732,0.000,,14,20,,
T,2026-07-18 14:44:58.000,26.41256667,-80.16885333,1.50,9.632,-27.732,0.000,,14,20,,
T,2026-07-18 14:44:59.000,26.41256667,-80.16885333,1.50,9.632,-27.732,0.000,,14,20,,
T,2026-07-18 14:45:00.000,26.41256667,-80.16885333,1.50,9.632,-27.732,0.000,,14,20,,
T,2026-07-18 14:45:01.000,26.41256667,-80.16885333,1.50,9.632,-27.732,0.000,,14,20,,
T,2026-07-18 14:45:02.000,26.41256667,-80.16885333,1.50,9.632,-27.732,0.000,,14,20,,
T,2026-07-18 14:45:03.000,26.41256667,-80.16885333,1.50,9.632,-27.732,0.000,,15,20,,
T,2026-07-18 14:45:04.000,26.41256667,-80.16885333,1.50,9.632,-27.732,0.000,,15,20,,
T,2026-07-18 14:45:05.000,26.41256667,-80.16885333,1.50,9.632,-27.732,0.000,,15,20,,
T,2026-07-18 14:45:06.000,26.41256667,-80.16885333,1.50,9.632,-27.732,0.000,,15,20,,
T,2026-07-18 14:45:07.000,26.41256667,-80.16885333,1.50,9.632,-27.732,0.000,,15,20,,
T,2026-07-18 14:45:08.000,26.41256667,-80.16885333,1.50,9.632,-27.732,0.000,,15,20,,
T,2026-07-18 14:45:09.000,26.41256667,-80.16885333,1.50,9.632,-27.732,0.000,,15,20,,
T,2026-07-18 14:45:10.000,26.41256667,-80.16885333,1.50,9.632,-27.732,0.000,,15,20,,
T,2026-07-18 14:45:11.000,26.41256667,-80.16885333,1.50,9.632,-27.732,0.000,,14,20,,
T,2026-07-18 14:45:12.000,26.41256667,-80.16885333,1.50,9.632,-27.732,0.000,,14,20,,
T,2026-07-18 14:45:13.000,26.41256667,-80.16885333,1.50,9.632,-27.732,0.000,,14,20,,
T,2026-07-18 14:45:14.000,26.41256667,-80.16885333,1.50,9.632,-27.732,0.000,,14,20,,
T,2026-07-18 14:45:15.000,26.41256667,-80.16885333,1.50,9.632,-27.732,0.000,,14,20,,
T,2026-07-18 14:45:16.000,26.41256667,-80.16885333,1.50,9.632,-27.732,0.000,,14,20,,
T,2026-07-18 14:45:17.000,26.41256667,-80.16885333,1.50,9.632,-27.732,0.000,,14,20,,
T,2026-07-18 14:45:18.000,26.41256667,-80.16885333,1.50,9.632,-27.732,0.000,,14,20,,
T,2026-07-18 14:45:19.000,26.41256667,-80.16885333,1.50,9.632,-27.732,0.000,,15,20,,
T,2026-07-18 14:45:20.000,26.41256667,-80.16885333,1.50,9.632,-27.732,0.000,,15,20,,
T,2026-07-18 14:45:21.000,26.41256667,-80.16885333,1.50,9.632,-27.732,0.000,,15,20,,
T,2026-07-18 14:45:22.000,26.41256667,-80.16885333,1.50,9.632,-27.732,0.000,,15,20,,
T,2026-07-18 14:45:23.000,26.41256667,-80.16885333,1.50,9.632,-27.732,0.000,,15,20,,
T,2026-07-18 14:45:24.000,26.41256667,-80.16885333,1.50,9.632,-27.732,0.000,,15,20,,
T,2026-07-18 14:45:25.000,26.41256667,-80.16885333,1.50,9.632,-27.732,0.000,,15,20,,
T,2026-07-18 14:45:26.000,26.41256667,-80.16885333,1.50,9.632,-27.732,0.000,,15,20,,
T,2026-07-18 14:45:27.000,26.41256667,-80.16885333,1.50,9.632,-27.732,0.000,,15,20,,
T,2026-07-18 14:45:28.000,26.41256667,-80.16885333,1.50,9.632,-27.732,0.000,,15,20,,
T,2026-07-18 14:45:29.000,26.41256667,-80.16885333,1.50,9.632,-27.732,0.000,,15,20,,
T,2026-07-18 14:45:30.000,26.41256667,-80.16885333,1.50,9.632,-27.732,0.000,,15,20,,
T,2026-07-18 14:45:31.000,26.41256667,-80.16885333,1.50,9.632,-27.732,0.000,,15,20,,
T,2026-07-18 14:45:32.000,26.41256667,-80.16885333,1.50,9.632,-27.732,0.000,,15,20,,
T,2026-07-18 14:45:33.000,26.41256667,-80.16885333,1.50,9.632,-27.732,0.000,,15,20,,
T,2026-07-18 14:45:34.000,26.41256667,-80.16885333,1.50,9.632,-27.732,0.000,,15,20,,
T,2026-07-18 14:45:35.000,26.41256667,-80.16885333,1.50,9.632,-27.732,0.000,,15,20,,
T,2026-07-18 14:45:36.000,26.41256667,-80.16885333,1.50,9.632,-27.732,0.000,,15,20,,
T,2026-07-18 14:45:37.000,26.41256667,-80.16885333,1.50,9.632,-27.732,0.000,,15,20,,
T,2026-07-18 14:45:38.000,26.41256667,-80.16885333,1.50,9.632,-27.732,0.000,,15,20,,
T,2026-07-18 14:45:39.000,26.41256667,-80.16885333,1.50,9.632,-27.732,0.000,,15,20,,
T,2026-07-18 14:45:40.000,26.41256667,-80.16885333,1.50,9.632,-27.732,0.000,,15,20,,
T,2026-07-18 14:45:41.000,26.41256667,-80.16885333,1.60,9.632,-27.732,0.000,,15,20,,
T,2026-07-18 14:45:42.000,26.41256667,-80.16885333,1.60,9.632,-27.732,0.000,,15,20,,
T,2026-07-18 14:45:43.000,26.41256667,-80.16885333,1.50,9.632,-27.732,0.000,,15,20,,
T,2026-07-18 14:45:44.000,26.41256667,-80.16885333,1.60,9.632,-27.732,0.000,,15,20,,
T,2026-07-18 14:45:45.000,26.41256667,-80.16885333,1.60,9.632,-27.732,0.000,,15,20,,
T,2026-07-18 14:45:46.000,26.41256667,-80.16885333,1.60,9.632,-27.732,0.000,,15,20,,
T,2026-07-18 14:45:47.000,26.41256667,-80.16885333,1.60,9.632,-27.732,0.000,,15,20,,
T,2026-07-18 14:45:48.000,26.41256667,-80.16885333,1.60,9.632,-27.732,0.000,,15,20,,
T,2026-07-18 14:45:49.000,26.41256667,-80.16885333,1.60,9.632,-27.732,0.000,,15,20,,
T,2026-07-18 14:45:50.000,26.41256667,-80.16885333,1.60,9.632,-27.732,0.000,,15,20,,
T,2026-07-18 14:45:51.000,26.41256667,-80.16885333,1.50,9.632,-27.732,0.000,,15,20,,
T,2026-07-18 14:45:52.000,26.41256667,-80.16885333,1.50,9.632,-27.732,0.000,,15,20,,
T,2026-07-18 14:45:53.000,26.41256667,-80.16885333,1.50,9.632,-27.732,0.000,,15,20,,
T,2026-07-18 14:45:54.000,26.41256667,-80.16885333,1.50,9.632,-27.732,0.000,,15,20,,
T,2026-07-18 14:45:55.000,26.41256667,-80.16885333,1.50,9.632,-27.732,0.000,,15,20,,
T,2026-07-18 14:45:56.000,26.41256667,-80.16885333,1.50,9.632,-27.732,0.000,,15,20,,
T,2026-07-18 14:45:57.000,26.41256667,-80.16885333,1.50,9.632,-27.732,0.000,,15,20,,
T,2026-07-18 14:45:58.000,26.41256667,-80.16885333,1.50,9.632,-27.732,0.000,,15,20,,
T,2026-07-18 14:45:59.000,26.41256667,-80.16885333,1.50,9.632,-27.732,0.000,,15,20,,
T,2026-07-18 14:46:00.000,26.41256667,-80.16885333,1.50,9.632,-27.732,0.000,,15,19,,
T,2026-07-18 14:46:01.000,26.41256667,-80.16885333,1.50,9.632,-27.732,0.000,,15,19,,
T,2026-07-18 14:46:02.000,26.41256667,-80.16885333,1.50,9.632,-27.732,0.000,,15,19,,
T,2026-07-18 14:46:03.000,26.41256667,-80.16885333,1.50,9.632,-27.732,0.000,,15,19,,
T,2026-07-18 14:46:04.000,26.41256667,-80.16885333,1.50,9.632,-27.732,0.000,,15,20,,
T,2026-07-18 14:46:05.000,26.41256667,-80.16885333,1.50,9.632,-27.732,0.000,,15,20,,
T,2026-07-18 14:46:06.000,26.41256667,-80.16885333,1.50,9.632,-27.732,0.000,,15,20,,
T,2026-07-18 14:46:07.000,26.41256667,-80.16885333,1.50,9.632,-27.732,0.000,,15,20,,
T,2026-07-18 14:46:08.000,26.41256667,-80.16885333,1.50,9.632,-27.732,0.000,,15,20,,
T,2026-07-18 14:46:09.000,26.41256667,-80.16885333,1.50,9.632,-27.732,0.000,,15,20,,
T,2026-07-18 14:46:10.000,26.41256667,-80.16885333,1.50,9.632,-27.732,0.000,,14,20,,
T,2026-07-18 14:46:11.000,26.41256667,-80.16885333,1.50,9.632,-27.732,0.000,,14,20,,
T,2026-07-18 14:46:12.000,26.41256667,-80.16885333,1.50,9.632,-27.732,0.000,,14,20,,
T,2026-07-18 14:46:13.000,26.41256667,-80.16885333,1.50,9.632,-27.732,0.000,,14,20,,
T,2026-07-18 14:46:14.000,26.41256667,-80.16885333,1.50,9.632,-27.732,0.000,,14,20,,
T,2026-07-18 14:46:15.000,26.41256667,-80.16885333,1.50,9.632,-27.732,0.000,,14,20,,
T,2026-07-18 14:46:16.000,26.41256667,-80.16885333,1.50,9.632,-27.732,0.000,,14,20,,
T,2026-07-18 14:46:17.000,26.41256667,-80.16885333,1.50,9.632,-27.732,0.000,,14,20,,
T,2026-07-18 14:46:18.000,26.41256667,-80.16885333,1.50,9.632,-27.732,0.000,,14,20,,
T,2026-07-18 14:46:19.000,26.41256667,-80.16885333,1.50,9.632,-27.732,0.000,,14,20,,
T,2026-07-18 14:46:20.000,26.41256667,-80.16885333,1.50,9.632,-27.732,0.000,,14,20,,
T,2026-07-18 14:46:21.000,26.41256667,-80.16885333,1.50,9.632,-27.732,0.000,,14,20,,
T,2026-07-18 14:46:22.000,26.41256667,-80.16885333,1.50,9.632,-27.732,0.000,,14,20,,
T,2026-07-18 14:46:23.000,26.41256667,-80.16885333,1.50,9.632,-27.732,0.000,,14,20,,
T,2026-07-18 14:46:24.000,26.41256667,-80.16885333,1.50,9.632,-27.732,0.000,,14,20,,
T,2026-07-18 14:46:25.000,26.41256667,-80.16885333,1.50,9.632,-27.732,0.000,,14,20,,
T,2026-07-18 14:46:26.000,26.41256667,-80.16885333,1.50,9.632,-27.732,0.000,,14,20,,
T,2026-07-18 14:46:27.000,26.41256667,-80.16885333,1.50,9.632,-27.732,0.000,,14,20,,
T,2026-07-18 14:46:28.000,26.41256667,-80.16885333,1.50,9.632,-27.732,0.000,,14,20,,
T,2026-07-18 14:46:29.000,26.41256667,-80.16885333,1.50,9.632,-27.732,0.000,,14,20,,
T,2026-07-18 14:46:30.000,26.41256667,-80.16885333,1.50,9.632,-27.732,0.000,,14,20,,
T,2026-07-18 14:46:31.000,26.41256667,-80.16885333,1.50,9.632,-27.732,0.000,,14,20,,
T,2026-07-18 14:46:32.000,26.41256667,-80.16885333,1.50,9.632,-27.732,0.000,,14,20,,
T,2026-07-18 14:46:33.000,26.41256667,-80.16885333,1.50,9.632,-27.732,0.000,,14,20,,
T,2026-07-18 14:46:34.000,26.41256667,-80.16885333,1.50,9.632,-27.732,0.000,,14,20,,
T,2026-07-18 14:46:35.000,26.41256667,-80.16885333,1.50,9.632,-27.732,0.000,,15,20,,
T,2026-07-18 14:46:36.000,26.41256667,-80.16885333,1.50,9.632,-27.732,0.000,,15,20,,
T,2026-07-18 14:46:37.000,26.41256667,-80.16885333,1.50,9.632,-27.732,0.000,,15,20,,
T,2026-07-18 14:46:38.000,26.41256667,-80.16885333,1.50,9.632,-27.732,0.000,,15,20,,
T,2026-07-18 14:46:39.000,26.41256667,-80.16885333,1.50,9.632,-27.732,0.000,,15,20,,
T,2026-07-18 14:46:40.000,26.41256667,-80.16885333,1.50,9.632,-27.732,0.000,,15,20,,
T,2026-07-18 14:46:41.000,26.41256667,-80.16885333,1.50,9.632,-27.732,0.000,,15,20,,
T,2026-07-18 14:46:42.000,26.41256667,-80.16885333,1.50,9.632,-27.732,0.000,,15,20,,
T,2026-07-18 14:46:43.000,26.41256667,-80.16885333,1.50,9.632,-27.732,0.000,,15,20,,
T,2026-07-18 14:46:44.000,26.41256667,-80.16885333,1.50,9.632,-27.732,0.000,,15,20,,
T,2026-07-18 14:46:45.000,26.41256667,-80.16885333,1.50,9.632,-27.732,0.000,,14,20,,
T,2026-07-18 14:46:46.000,26.41256667,-80.16885333,1.50,9.632,-27.732,0.000,,14,20,,
T,2026-07-18 14:46:47.000,26.41256667,-80.16885333,1.50,9.632,-27.732,0.000,,14,20,,
T,2026-07-18 14:46:48.000,26.41256667,-80.16885333,1.50,9.632,-27.732,0.000,,15,20,,
T,2026-07-18 14:46:49.000,26.41256667,-80.16885333,1.50,9.632,-27.732,0.000,,15,20,,
T,2026-07-18 14:46:50.000,26.41256667,-80.16885333,1.50,9.632,-27.732,0.000,,15,20,,
T,2026-07-18 14:46:51.000,26.41256667,-80.16885333,1.50,9.632,-27.732,0.000,,15,20,,
T,2026-07-18 14:46:52.000,26.41256667,-80.16885333,1.50,9.632,-27.732,0.000,,15,20,,
T,2026-07-18 14:46:53.000,26.41256667,-80.16885333,1.50,9.632,-27.732,0.000,,15,20,,
T,2026-07-18 14:46:54.000,26.41256667,-80.16885333,1.50,9.632,-27.732,0.000,,15,20,,
T,2026-07-18 14:46:55.000,26.41256667,-80.16885333,1.50,9.632,-27.732,0.000,,15,20,,
T,2026-07-18 14:46:56.000,26.41256667,-80.16885333,1.60,9.632,-27.732,0.000,,14,20,,
T,2026-07-18 14:46:57.000,26.41256667,-80.16885333,1.60,9.632,-27.732,0.000,,14,20,,
T,2026-07-18 14:46:58.000,26.41256667,-80.16885333,1.70,9.632,-27.732,0.000,,14,20,,
T,2026-07-18 14:46:59.000,26.41256667,-80.16885333,1.70,9.632,-27.732,0.000,,14,20,,
T,2026-07-18 14:47:00.000,26.41256667,-80.16885333,1.80,9.632,-27.732,0.000,,14,20,,
T,2026-07-18 14:47:01.000,26.41256667,-80.16885333,1.80,9.632,-27.732,0.000,,14,20,,
T,2026-07-18 14:47:02.000,26.41256667,-80.16885333,1.70,9.632,-27.732,0.000,,14,20,,
T,2026-07-18 14:47:03.000,26.41256667,-80.16885333,1.70,9.632,-27.732,0.000,,14,20,,
T,2026-07-18 14:47:04.000,26.41256667,-80.16885333,1.70,9.632,-27.732,0.000,,14,20,,
T,2026-07-18 14:47:05.000,26.41256667,-80.16885333,1.70,9.632,-27.732,0.000,,14,20,,
T,2026-07-18 14:47:06.000,26.41256667,-80.16885333,1.60,9.632,-27.732,0.000,,14,20,,
T,2026-07-18 14:47:07.000,26.41256667,-80.16885333,1.60,9.632,-27.732,0.000,,14,20,,
T,2026-07-18 14:47:08.000,26.41256667,-80.16885333,1.60,9.632,-27.732,0.000,,14,20,,
T,2026-07-18 14:47:09.000,26.41256667,-80.16885333,1.60,9.632,-27.732,0.000,,14,20,,
T,2026-07-18 14:47:10.000,26.41256667,-80.16885333,1.60,9.632,-27.732,0.000,,13,20,,
T,2026-07-18 14:47:11.000,26.41256667,-80.16885333,1.60,9.632,-27.732,0.000,,13,20,,
T,2026-07-18 14:47:12.000,26.41256667,-80.16885333,1.70,9.632,-27.732,0.000,,13,20,,
T,2026-07-18 14:47:13.000,26.41256667,-80.16885333,1.60,9.632,-27.732,0.000,,13,20,,
T,2026-07-18 14:47:14.000,26.41256667,-80.16885333,1.60,9.632,-27.732,0.000,,13,20,,
T,2026-07-18 14:47:15.000,26.41256667,-80.16885333,1.60,9.632,-27.732,0.000,,13,20,,
T,2026-07-18 14:47:16.000,26.41256667,-80.16885333,1.60,9.632,-27.732,0.000,,13,20,,
T,2026-07-18 14:47:17.000,26.41256667,-80.16885333,1.60,9.632,-27.732,0.000,,13,20,,
T,2026-07-18 14:47:18.000,26.41256667,-80.16885333,1.60,9.632,-27.732,0.000,,13,20,,
T,2026-07-18 14:47:19.000,26.41256667,-80.16885333,1.60,9.632,-27.732,0.000,,13,20,,
T,2026-07-18 14:47:20.000,26.41256667,-80.16885333,1.60,9.632,-27.732,0.000,,13,20,,
T,2026-07-18 14:47:21.000,26.41256667,-80.16885333,1.60,9.632,-27.732,0.000,,13,20,,
T,2026-07-18 14:47:22.000,26.41256667,-80.16885333,1.60,9.632,-27.732,0.000,,13,20,,
T,2026-07-18 14:47:23.000,26.41256667,-80.16885333,1.60,9.632,-27.732,0.000,,14,20,,
T,2026-07-18 14:47:24.000,26.41256667,-80.16885333,1.60,9.632,-27.732,0.000,,14,20,,
T,2026-07-18 14:47:25.000,26.41256667,-80.16885333,1.60,9.632,-27.732,0.000,,14,20,,
T,2026-07-18 14:47:26.000,26.41256667,-80.16885333,1.60,9.632,-27.732,0.000,,14,20,,
T,2026-07-18 14:47:27.000,26.41256667,-80.16885333,1.50,9.632,-27.732,0.000,,14,20,,
T,2026-07-18 14:47:28.000,26.41256667,-80.16885333,1.50,9.632,-27.732,0.000,,14,20,,
T,2026-07-18 14:47:29.000,26.41256667,-80.16885333,1.50,9.632,-27.732,0.000,,14,20,,
T,2026-07-18 14:47:30.000,26.41256667,-80.16885333,1.60,9.632,-27.732,0.000,,14,20,,
T,2026-07-18 14:47:31.000,26.41256667,-80.16885333,1.60,9.632,-27.732,0.000,,14,20,,
T,2026-07-18 14:47:32.000,26.41256667,-80.16885333,1.60,9.632,-27.732,0.000,,14,20,,
T,2026-07-18 14:47:33.000,26.41256667,-80.16885333,1.60,9.632,-27.732,0.000,,14,20,,
T,2026-07-18 14:47:34.000,26.41256667,-80.16885333,1.60,9.632,-27.732,0.000,,14,20,,
T,2026-07-18 14:47:35.000,26.41256667,-80.16885333,1.60,9.632,-27.732,0.000,,14,20,,
T,2026-07-18 14:47:36.000,26.41256667,-80.16885333,1.60,9.632,-27.732,0.000,,14,20,,
T,2026-07-18 14:47:37.000,26.41256667,-80.16885333,1.60,9.632,-27.732,0.000,,14,20,,
T,2026-07-18 14:47:38.000,26.41256667,-80.16885333,1.60,9.632,-27.732,0.000,,14,20,,
T,2026-07-18 14:47:39.000,26.41250500,-80.16877667,1.60,6.132,-27.732,0.055,93,14,20,,
T,2026-07-18 14:47:40.000,26.41250000,-80.16878000,1.60,6.432,-27.732,0.000,,14,20,,
T,2026-07-18 14:47:41.000,26.41249833,-80.16878500,1.60,6.632,-27.732,0.000,,14,20,,
T,2026-07-18 14:47:42.000,26.41249833,-80.16879167,1.70,6.932,-27.732,0.000,,14,20,,
T,2026-07-18 14:47:43.000,26.41249833,-80.16879167,1.70,6.932,-27.732,0.000,,15,20,,
T,2026-07-18 14:47:44.000,26.41249833,-80.16879167,1.60,6.932,-27.732,0.000,,15,20,,
T,2026-07-18 14:47:45.000,26.41249833,-80.16879167,1.60,6.932,-27.732,0.000,,15,20,,
T,2026-07-18 14:47:46.000,26.41249833,-80.16879167,1.60,6.932,-27.732,0.000,,15,20,,
T,2026-07-18 14:47:47.000,26.41249833,-80.16879167,1.60,6.932,-27.732,0.000,,15,20,,
T,2026-07-18 14:47:48.000,26.41249833,-80.16879167,1.70,6.932,-27.732,0.000,,15,20,,
T,2026-07-18 14:47:49.000,26.41249833,-80.16879167,1.70,6.932,-27.732,0.000,,15,20,,
T,2026-07-18 14:47:50.000,26.41249833,-80.16879167,1.70,6.932,-27.732,0.000,,15,20,,
T,2026-07-18 14:47:51.000,26.41249833,-80.16879167,1.70,6.932,-27.732,0.000,,15,20,,
T,2026-07-18 14:47:52.000,26.41249833,-80.16879167,1.70,6.932,-27.732,0.000,,15,20,,
T,2026-07-18 14:47:53.000,26.41249833,-80.16879167,1.70,6.932,-27.732,0.000,,15,20,,
T,2026-07-18 14:47:54.000,26.41249833,-80.16879167,1.70,6.932,-27.732,0.000,,14,20,,
T,2026-07-18 14:47:55.000,26.41249833,-80.16879167,1.80,6.932,-27.732,0.000,,15,20,,
T,2026-07-18 14:47:56.000,26.41249833,-80.16879167,1.70,6.932,-27.732,0.000,,15,20,,
T,2026-07-18 14:47:57.000,26.41249833,-80.16879167,1.70,6.932,-27.732,0.000,,15,20,,
T,2026-07-18 14:47:58.000,26.41249833,-80.16879167,1.70,6.932,-27.732,0.000,,15,20,,
T,2026-07-18 14:47:59.000,26.41249833,-80.16879167,1.70,6.932,-27.732,0.000,,15,20,,
T,2026-07-18 14:48:00.000,26.41249833,-80.16879167,1.70,6.932,-27.732,0.000,,15,20,,
T,2026-07-18 14:48:01.000,26.41249833,-80.16879167,1.60,6.932,-27.732,0.000,,15,20,,
T,2026-07-18 14:48:02.000,26.41249833,-80.16879167,1.60,6.932,-27.732,0.000,,14,20,,
T,2026-07-18 14:48:03.000,26.41249833,-80.16879167,1.60,6.932,-27.732,0.000,,14,20,,
T,2026-07-18 14:48:04.000,26.41249833,-80.16879167,1.60,6.932,-27.732,0.000,,14,20,,
T,2026-07-18 14:48:05.000,26.41249833,-80.16879167,1.60,6.932,-27.732,0.000,,14,20,,
T,2026-07-18 14:48:06.000,26.41249833,-80.16879167,1.60,6.932,-27.732,0.000,,13,20,,
T,2026-07-18 14:48:07.000,26.41249833,-80.16879167,1.60,6.932,-27.732,0.000,,13,20,,
T,2026-07-18 14:48:08.000,26.41249833,-80.16879167,1.60,6.932,-27.732,0.000,,14,20,,
T,2026-07-18 14:48:09.000,26.41249833,-80.16879167,1.60,6.932,-27.732,0.000,,14,20,,
T,2026-07-18 14:48:10.000,26.41249833,-80.16879167,1.60,6.932,-27.732,0.000,,14,20,,
T,2026-07-18 14:48:11.000,26.41249833,-80.16879167,1.60,6.932,-27.732,0.000,,12,20,,
T,2026-07-18 14:48:12.000,26.41249833,-80.16879167,1.60,6.932,-27.732,0.000,,12,20,,
T,2026-07-18 14:48:13.000,26.41249833,-80.16879167,1.60,6.932,-27.732,0.000,,13,20,,
T,2026-07-18 14:48:14.000,26.41249833,-80.16879167,1.60,6.932,-27.732,0.000,,13,20,,
T,2026-07-18 14:48:15.000,26.41249833,-80.16879167,1.60,6.932,-27.732,0.000,,13,20,,
T,2026-07-18 14:48:16.000,26.41249833,-80.16879167,1.60,6.932,-27.732,0.000,,13,20,,
T,2026-07-18 14:48:17.000,26.41249833,-80.16879167,1.60,6.932,-27.732,0.000,,13,20,,
T,2026-07-18 14:48:18.000,26.41249833,-80.16879167,1.60,6.932,-27.732,0.000,,13,20,,
T,2026-07-18 14:48:19.000,26.41249833,-80.16879167,1.60,6.932,-27.732,0.000,,13,20,,
T,2026-07-18 14:48:20.000,26.41249833,-80.16879167,1.70,6.932,-27.732,0.000,,13,20,,
T,2026-07-18 14:48:21.000,26.41249833,-80.16879167,1.70,6.932,-27.732,0.000,,14,20,,
T,2026-07-18 14:48:22.000,26.41249833,-80.16879167,1.70,6.932,-27.732,0.000,,14,20,,
T,2026-07-18 14:48:23.000,26.41249833,-80.16879167,1.70,6.932,-27.732,0.000,,14,20,,
T,2026-07-18 14:48:24.000,26.41249833,-80.16879167,1.60,6.932,-27.732,0.000,,14,20,,
T,2026-07-18 14:48:25.000,26.41249833,-80.16879167,1.60,6.932,-27.732,0.000,,14,20,,
T,2026-07-18 14:48:26.000,26.41249833,-80.16879167,1.60,6.932,-27.732,0.000,,14,20,,
T,2026-07-18 14:48:27.000,26.41249833,-80.16879167,1.60,6.932,-27.732,0.000,,14,20,,
T,2026-07-18 14:48:28.000,26.41249833,-80.16879167,1.60,6.932,-27.732,0.000,,14,20,,
T,2026-07-18 14:48:29.000,26.41249833,-80.16879167,1.60,6.932,-27.732,0.000,,15,20,,
T,2026-07-18 14:48:30.000,26.41249833,-80.16879167,1.60,6.932,-27.732,0.000,,15,20,,
T,2026-07-18 14:48:31.000,26.41249833,-80.16879167,1.60,6.932,-27.732,0.000,,14,20,,
T,2026-07-18 14:48:32.000,26.41249833,-80.16879167,1.60,6.932,-27.732,0.000,,14,20,,
T,2026-07-18 14:48:33.000,26.41249833,-80.16879167,1.60,6.932,-27.732,0.000,,15,20,,
T,2026-07-18 14:48:34.000,26.41249833,-80.16879167,1.70,6.932,-27.732,0.000,,15,20,,
T,2026-07-18 14:48:35.000,26.41258667,-80.16881667,1.70,7.332,-27.732,0.251,352,15,20,,
T,2026-07-18 14:48:36.000,26.41261000,-80.16882500,1.80,6.932,-27.732,0.506,348,15,20,,
T,2026-07-18 14:48:37.000,26.41264000,-80.16883000,1.90,6.232,-27.732,0.811,353,15,20,,
T,2026-07-18 14:48:38.000,26.41267167,-80.16884000,1.90,5.732,-27.732,1.160,352,15,20,,
T,2026-07-18 14:48:39.000,26.41270667,-80.16884667,2.00,5.632,-27.732,1.508,348,15,20,,
T,2026-07-18 14:48:40.000,26.41274000,-80.16885000,2.00,5.032,-27.732,1.859,350,15,20,,
T,2026-07-18 14:48:41.000,26.41277333,-80.16885167,2.00,5.232,-27.732,2.194,358,15,20,,
T,2026-07-18 14:48:42.000,26.41280667,-80.16884833,2.00,5.432,-27.732,2.542,358,15,20,,
T,2026-07-18 14:48:43.000,26.41284000,-80.16885000,2.00,6.032,-27.732,2.906,357,15,20,,
T,2026-07-18 14:48:44.000,26.41287667,-80.16885500,2.00,6.632,-27.732,3.223,353,15,20,,
T,2026-07-18 14:48:45.000,26.41291167,-80.16886333,2.10,6.532,-27.732,3.460,348,15,20,,
T,2026-07-18 14:48:46.000,26.41294333,-80.16887333,2.10,6.432,-27.732,3.589,352,15,20,,
T,2026-07-18 14:48:47.000,26.41298000,-80.16887833,2.10,6.732,-27.732,3.669,354,15,20,,
T,2026-07-18 14:48:48.000,26.41301500,-80.16888833,2.00,7.032,-27.732,3.712,344,15,20,,
T,2026-07-18 14:48:49.000,26.41305167,-80.16890333,2.00,7.332,-27.732,3.752,341,15,20,,
T,2026-07-18 14:48:50.000,26.41308667,-80.16891833,1.90,7.132,-27.732,3.780,340,15,20,,
T,2026-07-18 14:48:51.000,26.41311833,-80.16893167,1.90,7.432,-27.732,3.821,339,15,20,,
T,2026-07-18 14:48:52.000,26.41314833,-80.16894500,1.90,7.032,-27.732,3.857,344,15,20,,
T,2026-07-18 14:48:53.000,26.41318167,-80.16895833,1.90,7.032,-27.732,3.900,346,15,20,,
T,2026-07-18 14:48:54.000,26.41321667,-80.16896833,1.90,7.532,-27.732,3.949,350,15,20,,
T,2026-07-18 14:48:55.000,26.41325167,-80.16897833,1.90,7.932,-27.732,3.978,346,15,20,,
T,2026-07-18 14:48:56.000,26.41328833,-80.16899167,1.90,7.732,-27.732,3.993,344,15,20,,
T,2026-07-18 14:48:57.000,26.41332167,-80.16900833,1.90,8.232,-27.732,3.990,347,15,20,,
T,2026-07-18 14:48:58.000,26.41335667,-80.16901833,1.90,9.032,-27.732,3.961,345,15,20,,
T,2026-07-18 14:48:59.000,26.41339167,-80.16903000,1.90,9.632,-27.732,3.999,346,15,20,,
T,2026-07-18 14:49:00.000,26.41342833,-80.16904333,1.90,9.832,-27.732,4.098,342,15,20,,
T,2026-07-18 14:49:01.000,26.41346167,-80.16904833,2.00,10.032,-27.732,4.103,340,15,20,,
T,2026-07-18 14:49:02.000,26.41349000,-80.16906167,1.90,10.132,-27.732,4.084,340,15,20,,
T,2026-07-18 14:49:03.000,26.41352167,-80.16907500,2.00,10.332,-27.732,4.049,341,15,20,,
T,2026-07-18 14:49:04.000,26.41355167,-80.16908667,2.00,10.832,-27.732,4.040,336,15,20,,
T,2026-07-18 14:49:05.000,26.41358167,-80.16909667,2.00,10.932,-27.732,3.981,331,15,20,,
T,2026-07-18 14:49:06.000,26.41361667,-80.16910667,2.00,10.832,-27.732,4.012,339,14,20,,
T,2026-07-18 14:49:07.000,26.41365333,-80.16912000,2.00,10.532,-27.732,4.059,340,15,20,,
T,2026-07-18 14:49:08.000,26.41368833,-80.16913167,2.00,9.632,-27.732,4.132,346,15,20,,
T,2026-07-18 14:49:09.000,26.41373000,-80.16914000,2.00,8.531,-27.731,4.132,349,15,20,,
T,2026-07-18 14:49:10.000,26.41377333,-80.16914833,2.00,8.031,-27.731,4.084,350,15,20,,
T,2026-07-18 14:49:11.000,26.41381667,-80.16915500,2.10,6.831,-27.731,4.125,352,15,20,,
T,2026-07-18 14:49:12.000,26.41385833,-80.16915833,2.10,6.731,-27.731,4.193,352,15,20,,
T,2026-07-18 14:49:13.000,26.41389167,-80.16916000,2.00,7.032,-27.732,4.235,358,15,20,,
T,2026-07-18 14:49:14.000,26.41393000,-80.16915833,2.00,6.532,-27.732,4.257,359,15,20,,
T,2026-07-18 14:49:15.000,26.41396833,-80.16916000,2.00,6.332,-27.732,4.343,3,15,20,,
T,2026-07-18 14:49:16.000,26.41400667,-80.16915333,2.00,6.032,-27.732,4.351,8,15,20,,
T,2026-07-18 14:49:17.000,26.41404167,-80.16914500,2.00,5.532,-27.732,4.324,16,15,20,,
T,2026-07-18 14:49:18.000,26.41407667,-80.16913667,2.10,5.132,-27.732,4.271,16,15,20,,
T,2026-07-18 14:49:19.000,26.41411000,-80.16912500,2.10,5.032,-27.732,4.224,15,15,20,,
T,2026-07-18 14:49:20.000,26.41414167,-80.16911667,2.00,4.732,-27.732,4.159,13,15,20,,
T,2026-07-18 14:49:21.000,26.41417167,-80.16911000,2.00,4.432,-27.732,4.068,3,15,20,,
T,2026-07-18 14:49:22.000,26.41419833,-80.16911500,2.00,3.932,-27.732,3.945,348,15,20,,
T,2026-07-18 14:49:23.000,26.41422333,-80.16912167,1.90,3.932,-27.732,3.865,346,15,20,,
T,2026-07-18 14:49:24.000,26.41425333,-80.16913167,1.90,4.532,-27.732,3.774,339,15,20,,
T,2026-07-18 14:49:25.000,26.41428333,-80.16914333,1.90,4.332,-27.732,3.653,343,15,20,,
T,2026-07-18 14:49:26.000,26.41431333,-80.16916167,2.00,4.532,-27.732,3.565,329,15,20,,
T,2026-07-18 14:49:27.000,26.41434500,-80.16918000,2.00,4.532,-27.732,3.526,323,14,20,,
T,2026-07-18 14:49:28.000,26.41437500,-80.16920000,2.00,4.632,-27.732,3.490,327,14,20,,
T,2026-07-18 14:49:29.000,26.41440667,-80.16922167,2.00,5.132,-27.732,3.478,327,14,20,,
T,2026-07-18 14:49:30.000,26.41443333,-80.16924167,2.10,5.331,-27.731,3.474,325,14,20,,
T,2026-07-18 14:49:31.000,26.41446000,-80.16926167,2.20,5.331,-27.731,3.486,328,14,20,,
T,2026-07-18 14:49:32.000,26.41448833,-80.16927500,2.30,6.331,-27.731,3.491,332,14,20,,
T,2026-07-18 14:49:33.000,26.41451667,-80.16928500,2.30,7.431,-27.731,3.454,338,14,20,,
T,2026-07-18 14:49:34.000,26.41454500,-80.16929333,2.30,7.431,-27.731,3.433,349,14,20,,
T,2026-07-18 14:49:35.000,26.41457167,-80.16929667,2.40,7.731,-27.731,3.431,355,14,20,,
T,2026-07-18 14:49:36.000,26.41459833,-80.16929667,2.40,8.331,-27.731,3.412,6,14,20,,
T,2026-07-18 14:49:37.000,26.41463167,-80.16929500,2.50,8.431,-27.731,3.443,3,14,20,,
T,2026-07-18 14:49:38.000,26.41466333,-80.16928833,2.60,8.831,-27.731,3.444,9,15,20,,
T,2026-07-18 14:49:39.000,26.41468333,-80.16928167,2.10,9.031,-27.731,3.390,25,15,20,,
T,2026-07-18 14:49:40.000,26.41471000,-80.16926833,2.20,9.232,-27.732,3.343,17,15,20,,
T,2026-07-18 14:49:41.000,26.41473667,-80.16925667,2.30,9.132,-27.732,3.327,17,15,20,,
T,2026-07-18 14:49:42.000,26.41475833,-80.16924333,2.40,9.232,-27.732,3.281,22,15,20,,
T,2026-07-18 14:49:43.000,26.41477333,-80.16922667,2.50,9.332,-27.732,3.201,28,15,20,,
T,2026-07-18 14:49:44.000,26.41477333,-80.16920333,2.10,9.232,-27.732,3.108,33,15,20,,
T,2026-07-18 14:49:45.000,26.41478500,-80.16919000,2.00,9.132,-27.732,3.056,27,15,20,,
T,2026-07-18 14:49:46.000,26.41480667,-80.16918000,2.00,8.932,-27.732,2.956,28,15,20,,
T,2026-07-18 14:49:47.000,26.41482333,-80.16917000,2.00,9.232,-27.732,2.795,27,15,20,,
T,2026-07-18 14:49:48.000,26.41483667,-80.16916667,2.10,9.432,-27.732,2.694,16,15,20,,
T,2026-07-18 14:49:49.000,26.41485333,-80.16916667,2.00,9.632,-27.732,2.613,2,15,20,,
T,2026-07-18 14:49:50.000,26.41487000,-80.16916500,1.90,9.332,-27.732,2.480,358,15,20,,
T,2026-07-18 14:49:51.000,26.41488000,-80.16917333,1.90,9.132,-27.732,2.316,334,15,20,,
T,2026-07-18 14:49:52.000,26.41489500,-80.16917667,2.00,9.232,-27.732,2.166,320,15,20,,
T,2026-07-18 14:49:53.000,26.41490167,-80.16918000,1.90,9.032,-27.732,2.018,326,15,20,,
T,2026-07-18 14:49:54.000,26.41491333,-80.16918000,1.80,9.132,-27.732,1.883,330,15,20,,
T,2026-07-18 14:49:55.000,26.41492333,-80.16918333,1.80,9.132,-27.732,1.722,332,15,20,,
T,2026-07-18 14:49:56.000,26.41493167,-80.16919333,1.80,9.132,-27.732,1.611,280,15,20,,
T,2026-07-18 14:49:57.000,26.41494167,-80.16920167,1.80,8.932,-27.732,1.514,349,15,20,,
T,2026-07-18 14:49:58.000,26.41495667,-80.16919667,1.70,8.532,-27.732,1.410,16,15,20,,
T,2026-07-18 14:49:59.000,26.41497667,-80.16918833,1.80,8.232,-27.732,1.330,28,15,20,,
T,2026-07-18 14:50:00.000,26.41499167,-80.16917667,1.80,8.232,-27.732,1.296,43,15,20,,
T,2026-07-18 14:50:01.000,26.41500333,-80.16916167,1.80,7.632,-27.732,1.298,53,15,20,,
T,2026-07-18 14:50:02.000,26.41501000,-80.16914667,1.80,7.532,-27.732,1.343,66,15,20,,
T,2026-07-18 14:50:03.000,26.41502167,-80.16912833,1.80,7.232,-27.732,1.444,60,15,20,,
T,2026-07-18 14:50:04.000,26.41503500,-80.16910833,1.80,7.432,-27.732,1.577,53,15,20,,
T,2026-07-18 14:50:05.000,26.41505000,-80.16908667,1.80,7.332,-27.732,1.688,43,15,20,,
T,2026-07-18 14:50:06.000,26.41506333,-80.16906333,1.90,7.033,-27.733,1.776,46,15,20,,
T,2026-07-18 14:50:07.000,26.41507333,-80.16904167,1.90,6.633,-27.733,1.847,53,15,20,,
T,2026-07-18 14:50:08.000,26.41508500,-80.16902333,1.80,6.033,-27.733,1.928,56,15,20,,
T,2026-07-18 14:50:09.000,26.41509500,-80.16900667,1.90,5.733,-27.733,2.007,59,15,20,,
T,2026-07-18 14:50:10.000,26.41510500,-80.16898500,1.90,5.133,-27.733,2.090,57,15,20,,
T,2026-07-18 14:50:11.000,26.41512000,-80.16896500,1.90,4.633,-27.733,2.150,50,15,20,,
T,2026-07-18 14:50:12.000,26.41512833,-80.16894333,1.90,4.133,-27.733,2.171,55,15,20,,
T,2026-07-18 14:50:13.000,26.41514000,-80.16892500,1.90,3.533,-27.733,2.231,55,15,20,,
T,2026-07-18 14:50:14.000,26.41515667,-80.16890833,1.90,2.933,-27.733,2.258,52,15,20,,
T,2026-07-18 14:50:15.000,26.41517000,-80.16889000,1.90,2.833,-27.733,2.267,57,15,20,,
T,2026-07-18 14:50:16.000,26.41518167,-80.16887500,1.90,2.633,-27.733,2.279,58,15,20,,
T,2026-07-18 14:50:17.000,26.41519500,-80.16886000,1.90,2.133,-27.733,2.286,55,15,20,,
T,2026-07-18 14:50:18.000,26.41520667,-80.16884000,1.80,1.434,-27.734,2.294,57,15,20,,
T,2026-07-18 14:50:19.000,26.41522000,-80.16882167,1.70,0.934,-27.734,2.287,61,15,20,,
T,2026-07-18 14:50:20.000,26.41523167,-80.16880167,1.70,0.734,-27.734,2.270,60,15,20,,
T,2026-07-18 14:50:21.000,26.41524333,-80.16878167,1.70,0.234,-27.734,2.261,58,15,20,,
T,2026-07-18 14:50:22.000,26.41525333,-80.16876333,1.70,0.334,-27.734,2.281,55,15,20,,
T,2026-07-18 14:50:23.000,26.41526500,-80.16874667,1.80,1.334,-27.734,2.285,48,15,20,,
T,2026-07-18 14:50:24.000,26.41527333,-80.16872833,1.80,1.034,-27.734,2.261,56,15,20,,
T,2026-07-18 14:50:25.000,26.41528000,-80.16871000,1.90,1.434,-27.734,2.252,58,15,20,,
T,2026-07-18 14:50:26.000,26.41529000,-80.16869000,1.80,1.434,-27.734,2.247,56,15,20,,
T,2026-07-18 14:50:27.000,26.41529667,-80.16866833,1.80,2.534,-27.734,2.204,64,15,20,,
T,2026-07-18 14:50:28.000,26.41530333,-80.16864833,1.80,3.234,-27.734,2.190,61,15,20,,
T,2026-07-18 14:50:29.000,26.41531000,-80.16862667,1.80,4.134,-27.734,2.175,57,15,20,,
T,2026-07-18 14:50:30.000,26.41532167,-80.16860333,1.80,4.335,-27.735,2.181,61,15,20,,
T,2026-07-18 14:50:31.000,26.41533333,-80.16858333,1.70,5.235,-27.735,2.192,54,15,20,,
T,2026-07-18 14:50:32.000,26.41534667,-80.16856833,1.80,5.835,-27.735,2.223,55,15,20,,
T,2026-07-18 14:50:33.000,26.41536000,-80.16855500,1.80,6.935,-27.735,2.220,58,15,20,,
T,2026-07-18 14:50:34.000,26.41536833,-80.16853167,1.70,7.435,-27.735,2.235,59,15,20,,
T,2026-07-18 14:50:35.000,26.41538167,-80.16851667,1.80,8.535,-27.735,2.268,57,15,20,,
T,2026-07-18 14:50:36.000,26.41539500,-80.16850000,1.80,9.335,-27.735,2.291,58,15,20,,
T,2026-07-18 14:50:37.000,26.41541167,-80.16848000,1.90,9.135,-27.735,2.344,59,15,20,,
T,2026-07-18 14:50:38.000,26.41542500,-80.16845833,1.80,8.635,-27.735,2.372,55,15,20,,
T,2026-07-18 14:50:39.000,26.41543833,-80.16843500,1.80,8.635,-27.735,2.411,57,15,20,,
T,2026-07-18 14:50:40.000,26.41545167,-80.16841000,1.70,8.535,-27.735,2.451,59,15,20,,
T,2026-07-18 14:50:41.000,26.41546833,-80.16838667,1.70,8.436,-27.736,2.487,50,15,20,,
T,2026-07-18 14:50:42.000,26.41548333,-80.16836500,1.70,8.636,-27.736,2.540,49,15,20,,
T,2026-07-18 14:50:43.000,26.41550000,-80.16834167,1.70,8.936,-27.736,2.606,50,15,20,,
T,2026-07-18 14:50:44.000,26.41551500,-80.16831500,1.80,9.236,-27.736,2.662,55,15,20,,
T,2026-07-18 14:50:45.000,26.41553000,-80.16829167,1.80,9.436,-27.736,2.682,54,15,20,,
T,2026-07-18 14:50:46.000,26.41554333,-80.16826500,1.80,9.636,-27.736,2.721,57,15,20,,
T,2026-07-18 14:50:47.000,26.41555667,-80.16824000,1.70,9.236,-27.736,2.775,56,15,20,,
T,2026-07-18 14:50:48.000,26.41557333,-80.16821500,1.70,8.936,-27.736,2.818,54,15,20,,
T,2026-07-18 14:50:49.000,26.41559000,-80.16819167,1.70,8.536,-27.736,2.869,55,15,20,,
T,2026-07-18 14:50:50.000,26.41560833,-80.16817167,1.70,8.237,-27.737,2.892,49,15,20,,
T,2026-07-18 14:50:51.000,26.41562333,-80.16815000,1.70,8.237,-27.737,2.893,56,15,20,,
T,2026-07-18 14:50:52.000,26.41563500,-80.16812500,1.70,7.937,-27.737,2.854,58,15,20,,
T,2026-07-18 14:50:53.000,26.41564833,-80.16810333,1.60,7.637,-27.737,2.853,54,15,20,,
T,2026-07-18 14:50:54.000,26.41566500,-80.16807833,1.70,6.937,-27.737,2.862,52,15,20,,
T,2026-07-18 14:50:55.000,26.41568167,-80.16805333,1.70,6.537,-27.737,2.842,52,15,20,,
T,2026-07-18 14:50:56.000,26.41569167,-80.16803167,1.70,6.137,-27.737,2.819,54,15,20,,
T,2026-07-18 14:50:57.000,26.41570333,-80.16800833,1.70,5.937,-27.737,2.863,55,15,20,,
T,2026-07-18 14:50:58.000,26.41571667,-80.16798500,1.70,5.737,-27.737,2.809,58,15,20,,
T,2026-07-18 14:50:59.000,26.41573000,-80.16796167,1.70,5.737,-27.737,2.786,57,15,20,,
T,2026-07-18 14:51:00.000,26.41574333,-80.16794000,1.70,5.738,-27.738,2.775,54,15,20,,
T,2026-07-18 14:51:01.000,26.41575833,-80.16791833,1.70,5.638,-27.738,2.743,55,15,20,,
T,2026-07-18 14:51:02.000,26.41577333,-80.16789667,1.70,5.738,-27.738,2.703,59,15,20,,
T,2026-07-18 14:51:03.000,26.41578333,-80.16787167,1.70,5.838,-27.738,2.605,63,15,20,,
T,2026-07-18 14:51:04.000,26.41579833,-80.16784667,1.70,5.838,-27.738,2.560,56,15,20,,
T,2026-07-18 14:51:05.000,26.41581333,-80.16782167,1.60,5.938,-27.738,2.619,59,15,20,,
T,2026-07-18 14:51:06.000,26.41583000,-80.16779333,1.60,5.738,-27.738,2.675,55,15,20,,
T,2026-07-18 14:51:07.000,26.41584667,-80.16776833,1.60,5.338,-27.738,2.654,54,15,20,,
T,2026-07-18 14:51:08.000,26.41586333,-80.16774333,1.60,5.138,-27.738,2.704,51,15,20,,
T,2026-07-18 14:51:09.000,26.41588000,-80.16772167,1.70,4.739,-27.739,2.673,47,15,20,,
T,2026-07-18 14:51:10.000,26.41589833,-80.16770167,1.60,4.039,-27.739,2.689,52,15,20,,
T,2026-07-18 14:51:11.000,26.41591500,-80.16768000,1.60,3.639,-27.739,2.771,47,15,20,,
T,2026-07-18 14:51:12.000,26.41593333,-80.16765667,1.60,2.739,-27.739,2.822,58,15,20,,
T,2026-07-18 14:51:13.000,26.41594667,-80.16763333,1.60,1.439,-27.739,2.896,54,15,20,,
T,2026-07-18 14:51:14.000,26.41596000,-80.16760833,1.60,0.539,-27.739,2.952,55,15,20,,
T,2026-07-18 14:51:15.000,26.41597500,-80.16758667,1.60,0.139,-27.739,2.946,58,15,20,,
T,2026-07-18 14:51:16.000,26.41598833,-80.16756667,1.60,-0.161,-27.739,2.876,56,15,20,,
T,2026-07-18 14:51:17.000,26.41600167,-80.16754833,1.60,-0.161,-27.739,2.803,53,15,20,,
T,2026-07-18 14:51:18.000,26.41601167,-80.16752500,1.60,-0.361,-27.739,2.765,59,15,20,,
T,2026-07-18 14:51:19.000,26.41602333,-80.16750167,1.60,-0.560,-27.740,2.777,55,15,20,,
T,2026-07-18 14:51:20.000,26.41603667,-80.16747500,1.70,-0.560,-27.740,2.816,58,15,20,,
T,2026-07-18 14:51:21.000,26.41604833,-80.16744500,1.80,-0.960,-27.740,2.803,62,15,20,,
T,2026-07-18 14:51:22.000,26.41605667,-80.16742167,1.90,-0.860,-27.740,2.728,58,15,20,,
T,2026-07-18 14:51:23.000,26.41606833,-80.16740167,1.90,-0.860,-27.740,2.590,63,15,20,,
T,2026-07-18 14:51:24.000,26.41608000,-80.16737500,1.80,-0.960,-27.740,2.472,63,15,20,,
T,2026-07-18 14:51:25.000,26.41609000,-80.16734833,1.70,-1.460,-27.740,2.416,58,15,20,,
T,2026-07-18 14:51:26.000,26.41610667,-80.16732833,1.80,-0.360,-27.740,2.408,56,15,20,,
T,2026-07-18 14:51:27.000,26.41611833,-80.16730500,1.70,0.240,-27.740,2.381,64,15,20,,
T,2026-07-18 14:51:28.000,26.41612833,-80.16728333,1.80,1.040,-27.740,2.319,57,15,20,,
T,2026-07-18 14:51:29.000,26.41614000,-80.16727167,1.90,2.041,-27.741,2.229,64,15,20,,
T,2026-07-18 14:51:30.000,26.41614500,-80.16726167,2.00,2.141,-27.741,2.075,74,15,20,,
T,2026-07-18 14:51:31.000,26.41614833,-80.16724833,2.00,1.541,-27.741,1.938,76,15,20,,
T,2026-07-18 14:51:32.000,26.41614667,-80.16722500,2.00,1.841,-27.741,1.929,91,15,20,,
T,2026-07-18 14:51:33.000,26.41614167,-80.16720000,2.00,1.941,-27.741,1.982,101,15,20,,
T,2026-07-18 14:51:34.000,26.41613667,-80.16718333,1.80,2.241,-27.741,1.979,110,15,20,,
T,2026-07-18 14:51:35.000,26.41612667,-80.16716667,1.80,3.341,-27.741,1.896,118,15,20,,
T,2026-07-18 14:51:36.000,26.41612000,-80.16715833,1.90,3.941,-27.741,1.774,130,15,20,,
T,2026-07-18 14:51:37.000,26.41611167,-80.16715333,1.80,4.641,-27.741,1.604,144,15,20,,
T,2026-07-18 14:51:38.000,26.41610667,-80.16715833,1.70,5.041,-27.741,1.440,177,15,20,,
T,2026-07-18 14:51:39.000,26.41609833,-80.16715500,1.60,5.641,-27.741,1.309,152,15,20,,
T,2026-07-18 14:51:40.000,26.41609500,-80.16715333,1.70,5.941,-27.741,1.174,166,15,20,,
T,2026-07-18 14:51:41.000,26.41610167,-80.16716167,1.70,6.141,-27.741,1.047,297,15,20,,
T,2026-07-18 14:51:42.000,26.41610667,-80.16716333,1.70,6.541,-27.741,0.955,274,15,20,,
T,2026-07-18 14:51:43.000,26.41611833,-80.16718000,1.70,6.441,-27.741,0.980,296,15,20,,
T,2026-07-18 14:51:44.000,26.41612833,-80.16720000,1.80,7.041,-27.741,1.029,294,15,20,,
T,2026-07-18 14:51:45.000,26.41613500,-80.16721667,1.80,7.341,-27.741,1.062,288,15,20,,
T,2026-07-18 14:51:46.000,26.41613833,-80.16722500,1.80,8.041,-27.741,1.076,294,15,20,,
T,2026-07-18 14:51:47.000,26.41613833,-80.16722833,1.70,8.641,-27.741,1.109,265,15,20,,
T,2026-07-18 14:51:48.000,26.41613833,-80.16722833,1.70,8.741,-27.741,1.114,260,15,20,,
T,2026-07-18 14:51:49.000,26.41613833,-80.16722000,1.70,8.541,-27.741,1.086,75,15,20,,
T,2026-07-18 14:51:50.000,26.41614833,-80.16720667,1.70,8.541,-27.741,1.151,43,15,20,,
T,2026-07-18 14:51:51.000,26.41616667,-80.16718667,1.70,8.241,-27.741,1.382,43,15,20,,
T,2026-07-18 14:51:52.000,26.41618833,-80.16717000,1.70,8.241,-27.741,1.585,29,15,20,,
T,2026-07-18 14:51:53.000,26.41621833,-80.16715500,1.80,8.041,-27.741,1.649,16,15,20,,
T,2026-07-18 14:51:54.000,26.41624667,-80.16714833,1.80,7.541,-27.741,1.685,10,15,20,,
T,2026-07-18 14:51:55.000,26.41627167,-80.16715000,1.80,7.241,-27.741,1.774,3,15,20,,
T,2026-07-18 14:51:56.000,26.41630000,-80.16716000,1.80,6.941,-27.741,1.955,351,15,20,,
T,2026-07-18 14:51:57.000,26.41632667,-80.16717167,1.90,6.941,-27.741,2.187,348,15,20,,
T,2026-07-18 14:51:58.000,26.41635333,-80.16718167,2.20,6.741,-27.741,2.457,341,15,20,,
T,2026-07-18 14:51:59.000,26.41638000,-80.16719500,2.30,6.541,-27.741,2.754,341,15,20,,
T,2026-07-18 14:52:00.000,26.41640833,-80.16721167,2.40,5.941,-27.741,2.974,342,15,20,,
T,2026-07-18 14:52:01.000,26.41643500,-80.16722833,2.40,5.441,-27.741,3.023,337,15,20,,
T,2026-07-18 14:52:02.000,26.41646000,-80.16724500,2.50,5.141,-27.741,3.055,335,14,20,,
T,2026-07-18 14:52:03.000,26.41648667,-80.16726000,2.50,5.241,-27.741,3.098,332,14,20,,
T,2026-07-18 14:52:04.000,26.41651333,-80.16727833,2.50,4.941,-27.741,3.164,333,14,20,,
T,2026-07-18 14:52:05.000,26.41653833,-80.16729500,2.60,4.641,-27.741,3.198,337,14,20,,
T,2026-07-18 14:52:06.000,26.41655833,-80.16731167,2.60,5.041,-27.741,3.181,340,14,20,,
T,2026-07-18 14:52:07.000,26.41658500,-80.16732333,2.60,5.341,-27.741,3.190,344,14,20,,
T,2026-07-18 14:52:08.000,26.41661167,-80.16733333,2.30,5.241,-27.741,3.202,341,15,20,,
T,2026-07-18 14:52:09.000,26.41663667,-80.16734833,2.20,6.541,-27.741,3.232,340,14,20,,
T,2026-07-18 14:52:10.000,26.41666500,-80.16736500,2.40,6.740,-27.740,3.261,334,14,20,,
T,2026-07-18 14:52:11.000,26.41669167,-80.16738000,2.50,6.740,-27.740,3.287,336,14,20,,
T,2026-07-18 14:52:12.000,26.41672167,-80.16739500,2.50,7.040,-27.740,3.305,338,14,20,,
T,2026-07-18 14:52:13.000,26.41675167,-80.16740167,2.50,6.940,-27.740,3.294,346,15,20,,
T,2026-07-18 14:52:14.000,26.41678667,-80.16741333,2.20,6.640,-27.740,3.278,352,15,20,,
T,2026-07-18 14:52:15.000,26.41681667,-80.16742500,2.30,7.140,-27.740,3.320,347,14,20,,
T,2026-07-18 14:52:16.000,26.41684667,-80.16743500,2.40,7.440,-27.740,3.390,344,14,20,,
T,2026-07-18 14:52:17.000,26.41687333,-80.16744000,2.50,6.740,-27.740,3.399,350,15,20,,
T,2026-07-18 14:52:18.000,26.41689667,-80.16744833,2.50,6.940,-27.740,3.379,350,15,20,,
T,2026-07-18 14:52:19.000,26.41692500,-80.16745667,2.50,6.940,-27.740,3.359,350,14,20,,
T,2026-07-18 14:52:20.000,26.41695000,-80.16746000,2.20,7.040,-27.740,3.311,347,14,20,,
T,2026-07-18 14:52:21.000,26.41697833,-80.16746167,2.30,6.640,-27.740,3.307,351,15,20,,
T,2026-07-18 14:52:22.000,26.41700667,-80.16745833,2.40,6.140,-27.740,3.281,354,15,20,,
T,2026-07-18 14:52:23.000,26.41703500,-80.16746833,2.40,6.440,-27.740,3.296,348,15,20,,
T,2026-07-18 14:52:24.000,26.41706167,-80.16746833,2.40,6.040,-27.740,3.289,360,15,20,,
T,2026-07-18 14:52:25.000,26.41708833,-80.16746333,2.30,5.540,-27.740,3.262,7,15,20,,
T,2026-07-18 14:52:26.000,26.41711667,-80.16746500,2.30,5.340,-27.740,3.202,350,15,20,,
T,2026-07-18 14:52:27.000,26.41714500,-80.16746500,2.40,5.440,-27.740,3.185,351,15,20,,
T,2026-07-18 14:52:28.000,26.41717000,-80.16747000,2.50,5.440,-27.740,3.174,355,15,20,,
T,2026-07-18 14:52:29.000,26.41719667,-80.16747167,2.50,6.240,-27.740,3.155,6,14,20,,
T,2026-07-18 14:52:30.000,26.41722500,-80.16747833,2.20,7.240,-27.740,3.145,16,15,20,,
T,2026-07-18 14:52:31.000,26.41725333,-80.16747667,2.30,7.740,-27.740,3.119,8,15,20,,
T,2026-07-18 14:52:32.000,26.41728500,-80.16748000,2.40,8.340,-27.740,3.121,4,15,20,,
T,2026-07-18 14:52:33.000,26.41731333,-80.16748833,2.50,8.640,-27.740,3.067,358,15,20,,
T,2026-07-18 14:52:34.000,26.41733833,-80.16750333,2.50,9.040,-27.740,3.008,345,15,20,,
T,2026-07-18 14:52:35.000,26.41736500,-80.16753333,2.10,9.540,-27.740,2.938,334,15,20,,
T,2026-07-18 14:52:36.000,26.41739000,-80.16755833,1.90,9.640,-27.740,2.918,322,15,20,,
T,2026-07-18 14:52:37.000,26.41740833,-80.16758667,1.90,9.940,-27.740,2.903,314,14,20,,
T,2026-07-18 14:52:38.000,26.41742833,-80.16760833,1.80,9.140,-27.740,2.872,305,15,20,,
T,2026-07-18 14:52:39.000,26.41743833,-80.16763000,1.80,8.840,-27.740,2.825,295,15,20,,
T,2026-07-18 14:52:40.000,26.41744500,-80.16765167,1.80,9.040,-27.740,2.821,284,14,20,,
T,2026-07-18 14:52:41.000,26.41744667,-80.16767500,1.80,8.940,-27.740,2.806,277,15,20,,
T,2026-07-18 14:52:42.000,26.41744500,-80.16770333,1.80,8.839,-27.739,2.795,265,15,20,,
T,2026-07-18 14:52:43.000,26.41744500,-80.16773333,1.90,8.939,-27.739,2.844,267,15,20,,
T,2026-07-18 14:52:44.000,26.41744500,-80.16776333,2.00,8.539,-27.739,2.886,270,14,20,,
T,2026-07-18 14:52:45.000,26.41744333,-80.16779500,2.20,8.439,-27.739,2.932,270,14,20,,
T,2026-07-18 14:52:46.000,26.41744500,-80.16782667,2.30,8.239,-27.739,2.963,272,14,20,,
T,2026-07-18 14:52:47.000,26.41744333,-80.16785667,2.30,8.039,-27.739,2.983,269,14,20,,
T,2026-07-18 14:52:48.000,26.41744167,-80.16788833,2.30,7.639,-27.739,3.044,268,14,20,,
T,2026-07-18 14:52:49.000,26.41744000,-80.16791833,2.30,7.439,-27.739,3.102,272,14,20,,
T,2026-07-18 14:52:50.000,26.41744000,-80.16795167,2.40,7.238,-27.738,3.127,268,15,20,,
T,2026-07-18 14:52:51.000,26.41743000,-80.16799333,2.10,8.238,-27.738,3.139,269,14,20,,
T,2026-07-18 14:52:52.000,26.41743000,-80.16802333,2.10,8.238,-27.738,3.134,272,15,20,,
T,2026-07-18 14:52:53.000,26.41743167,-80.16805667,2.00,8.138,-27.738,3.132,271,15,20,,
T,2026-07-18 14:52:54.000,26.41743333,-80.16808667,1.80,8.238,-27.738,3.151,272,15,20,,
T,2026-07-18 14:52:55.000,26.41743667,-80.16812000,1.70,8.038,-27.738,3.172,275,15,20,,
T,2026-07-18 14:52:56.000,26.41744000,-80.16814667,1.70,7.638,-27.738,3.174,275,15,20,,
T,2026-07-18 14:52:57.000,26.41744167,-80.16817667,1.60,7.238,-27.738,3.173,269,15,20,,
T,2026-07-18 14:52:58.000,26.41744333,-80.16821000,1.60,6.837,-27.737,3.179,277,15,20,,
T,2026-07-18 14:52:59.000,26.41744667,-80.16823833,1.60,6.037,-27.737,3.181,276,15,20,,
T,2026-07-18 14:53:00.000,26.41744667,-80.16827000,1.60,5.737,-27.737,3.170,279,15,20,,
T,2026-07-18 14:53:01.000,26.41744667,-80.16830167,1.60,5.637,-27.737,3.170,271,15,20,,
T,2026-07-18 14:53:02.000,26.41744667,-80.16833667,1.50,5.737,-27.737,3.190,272,15,20,,
T,2026-07-18 14:53:03.000,26.41744667,-80.16837167,1.70,6.537,-27.737,3.192,272,14,20,,
T,2026-07-18 14:53:04.000,26.41744667,-80.16840500,2.00,6.337,-27.737,3.184,272,14,20,,
T,2026-07-18 14:53:05.000,26.41744833,-80.16843667,2.10,5.936,-27.736,3.180,272,14,20,,
T,2026-07-18 14:53:06.000,26.41745167,-80.16846833,2.20,5.636,-27.736,3.184,276,15,20,,
T,2026-07-18 14:53:07.000,26.41745500,-80.16849500,2.00,5.436,-27.736,3.195,276,14,20,,
T,2026-07-18 14:53:08.000,26.41746167,-80.16852500,2.10,5.136,-27.736,3.201,278,14,20,,
T,2026-07-18 14:53:09.000,26.41746833,-80.16855667,2.20,4.936,-27.736,3.195,279,14,20,,
T,2026-07-18 14:53:10.000,26.41747333,-80.16858667,2.20,4.436,-27.736,3.200,282,14,21,,
T,2026-07-18 14:53:11.000,26.41748167,-80.16861833,2.30,4.036,-27.736,3.217,287,14,21,,
T,2026-07-18 14:53:12.000,26.41749000,-80.16864833,2.30,4.236,-27.736,3.206,283,14,21,,
T,2026-07-18 14:53:13.000,26.41749500,-80.16868000,2.30,4.236,-27.736,3.177,282,14,21,,
T,2026-07-18 14:53:14.000,26.41749833,-80.16871333,2.30,4.735,-27.735,3.159,287,14,21,,
T,2026-07-18 14:53:15.000,26.41750500,-80.16874500,2.30,5.935,-27.735,3.126,287,14,21,,
T,2026-07-18 14:53:16.000,26.41751167,-80.16878333,2.00,6.835,-27.735,3.117,288,15,21,,
T,2026-07-18 14:53:17.000,26.41751833,-80.16881833,1.90,8.135,-27.735,3.123,290,15,21,,
T,2026-07-18 14:53:18.000,26.41752833,-80.16885000,2.00,8.335,-27.735,3.127,291,15,21,,
T,2026-07-18 14:53:19.000,26.41754000,-80.16887833,2.10,8.435,-27.735,3.122,291,15,21,,
T,2026-07-18 14:53:20.000,26.41755000,-80.16890833,2.20,8.935,-27.735,3.112,290,15,21,,
T,2026-07-18 14:53:21.000,26.41756167,-80.16893500,2.30,9.034,-27.734,3.085,296,15,21,,
T,2026-07-18 14:53:22.000,26.41757500,-80.16896167,2.30,9.134,-27.734,3.073,298,15,21,,
T,2026-07-18 14:53:23.000,26.41759000,-80.16898667,2.40,8.934,-27.734,3.086,296,15,21,,
T,2026-07-18 14:53:24.000,26.41760500,-80.16901667,2.30,9.134,-27.734,3.107,296,15,21,,
T,2026-07-18 14:53:25.000,26.41762000,-80.16904333,2.30,9.134,-27.734,3.151,295,15,21,,
T,2026-07-18 14:53:26.000,26.41763500,-80.16907333,2.30,8.934,-27.734,3.166,294,15,21,,
T,2026-07-18 14:53:27.000,26.41764667,-80.16910500,2.40,8.734,-27.734,3.170,292,15,21,,
T,2026-07-18 14:53:28.000,26.41766000,-80.16913500,2.40,8.734,-27.734,3.170,295,15,21,,
T,2026-07-18 14:53:29.000,26.41767000,-80.16915833,2.40,9.034,-27.734,3.143,302,15,21,,
T,2026-07-18 14:53:30.000,26.41768333,-80.16917333,2.40,8.434,-27.734,3.111,307,15,21,,
T,2026-07-18 14:53:31.000,26.41770167,-80.16919833,1.90,8.033,-27.733,3.092,304,15,21,,
T,2026-07-18 14:53:32.000,26.41771833,-80.16922333,1.80,7.233,-27.733,3.106,307,15,21,,
T,2026-07-18 14:53:33.000,26.41773667,-80.16924667,1.80,6.733,-27.733,3.097,318,15,21,,
T,2026-07-18 14:53:34.000,26.41775833,-80.16926833,2.00,6.333,-27.733,3.110,321,15,21,,
T,2026-07-18 14:53:35.000,26.41778167,-80.16929000,2.20,6.233,-27.733,3.112,321,15,21,,
T,2026-07-18 14:53:36.000,26.41780500,-80.16931000,2.30,6.133,-27.733,3.122,323,15,21,,
T,2026-07-18 14:53:37.000,26.41783000,-80.16933000,2.30,6.233,-27.733,3.151,326,15,21,,
T,2026-07-18 14:53:38.000,26.41785667,-80.16934833,2.40,6.233,-27.733,3.158,329,14,21,,
T,2026-07-18 14:53:39.000,26.41788333,-80.16936667,2.40,6.133,-27.733,3.232,329,14,21,,
T,2026-07-18 14:53:40.000,26.41791000,-80.16938000,2.40,6.033,-27.733,3.279,338,15,21,,
T,2026-07-18 14:53:41.000,26.41793833,-80.16939000,2.40,6.033,-27.733,3.336,340,15,21,,
T,2026-07-18 14:53:42.000,26.41796833,-80.16940000,2.30,6.133,-27.733,3.359,343,15,21,,
T,2026-07-18 14:53:43.000,26.41799667,-80.16940833,2.40,6.033,-27.733,3.364,347,14,21,,
T,2026-07-18 14:53:44.000,26.41802667,-80.16941667,2.30,5.733,-27.733,3.347,350,14,21,,
T,2026-07-18 14:53:45.000,26.41805667,-80.16942167,2.40,5.433,-27.733,3.353,349,15,21,,
T,2026-07-18 14:53:46.000,26.41808833,-80.16942833,2.30,5.433,-27.733,3.377,347,14,21,,
T,2026-07-18 14:53:47.000,26.41812167,-80.16943833,2.30,5.833,-27.733,3.359,349,14,21,,
T,2026-07-18 14:53:48.000,26.41815167,-80.16944500,2.40,6.433,-27.733,3.366,352,15,21,,
T,2026-07-18 14:53:49.000,26.41818500,-80.16944833,2.30,6.633,-27.733,3.365,352,15,21,,
T,2026-07-18 14:53:50.000,26.41821167,-80.16945333,2.20,7.033,-27.733,3.385,348,15,21,,
T,2026-07-18 14:53:51.000,26.41823667,-80.16946667,1.90,7.733,-27.733,3.373,348,15,21,,
T,2026-07-18 14:53:52.000,26.41826500,-80.16947500,1.80,7.733,-27.733,3.369,342,15,21,,
T,2026-07-18 14:53:53.000,26.41829167,-80.16948167,1.90,7.233,-27.733,3.362,346,14,21,,
T,2026-07-18 14:53:54.000,26.41831833,-80.16949000,1.90,7.233,-27.733,3.363,344,14,21,,
T,2026-07-18 14:53:55.000,26.41834500,-80.16949667,1.90,6.833,-27.733,3.372,339,14,21,,
T,2026-07-18 14:53:56.000,26.41837333,-80.16950333,1.90,6.533,-27.733,3.341,345,14,21,,
T,2026-07-18 14:53:57.000,26.41840167,-80.16951167,1.90,6.833,-27.733,3.316,346,15,21,,
T,2026-07-18 14:53:58.000,26.41843000,-80.16952167,1.80,7.433,-27.733,3.274,351,14,21,,
T,2026-07-18 14:53:59.000,26.41845833,-80.16952500,1.80,7.133,-27.733,3.222,352,14,21,,
T,2026-07-18 14:54:00.000,26.41848833,-80.16953000,2.00,6.833,-27.733,3.211,351,14,21,,
T,2026-07-18 14:54:01.000,26.41851833,-80.16953167,2.10,6.333,-27.733,3.181,360,14,21,,
T,2026-07-18 14:54:02.000,26.41854333,-80.16952667,2.20,5.833,-27.733,3.122,358,14,21,,
T,2026-07-18 14:54:03.000,26.41857000,-80.16953333,2.00,5.233,-27.733,3.087,358,15,21,,
T,2026-07-18 14:54:04.000,26.41859333,-80.16953500,1.90,4.533,-27.733,3.012,354,15,21,,
T,2026-07-18 14:54:05.000,26.41861500,-80.16954000,1.90,4.033,-27.733,2.880,353,14,21,,
T,2026-07-18 14:54:06.000,26.41863667,-80.16954833,1.80,4.633,-27.733,2.745,3,14,21,,
T,2026-07-18 14:54:07.000,26.41865333,-80.16954500,1.80,4.433,-27.733,2.591,356,15,21,,
T,2026-07-18 14:54:08.000,26.41866500,-80.16955167,1.80,4.533,-27.733,2.453,335,14,21,,
T,2026-07-18 14:54:09.000,26.41867667,-80.16955833,1.80,5.433,-27.733,2.262,333,14,21,,
T,2026-07-18 14:54:10.000,26.41868500,-80.16957167,1.80,5.832,-27.732,2.045,304,14,21,,
T,2026-07-18 14:54:11.000,26.41868833,-80.16958667,1.80,6.232,-27.732,1.860,293,14,21,,
T,2026-07-18 14:54:12.000,26.41868333,-80.16960833,1.80,6.832,-27.732,1.725,258,15,21,,
T,2026-07-18 14:54:13.000,26.41866667,-80.16962167,1.80,7.532,-27.732,1.627,209,15,21,,
T,2026-07-18 14:54:14.000,26.41864667,-80.16962333,1.80,8.232,-27.732,1.550,187,15,21,,
T,2026-07-18 14:54:15.000,26.41862500,-80.16961833,1.80,8.232,-27.732,1.560,173,15,21,,
T,2026-07-18 14:54:16.000,26.41859500,-80.16960500,1.70,8.532,-27.732,1.700,165,15,21,,
T,2026-07-18 14:54:17.000,26.41856167,-80.16959500,1.70,8.732,-27.732,1.892,169,15,21,,
T,2026-07-18 14:54:18.000,26.41851167,-80.16958500,1.80,9.132,-27.732,2.242,168,14,21,,
T,2026-07-18 14:54:19.000,26.41846333,-80.16957000,1.90,8.832,-27.732,2.631,166,14,21,,
T,2026-07-18 14:54:20.000,26.41841333,-80.16955167,1.80,8.132,-27.732,3.092,166,14,21,,
T,2026-07-18 14:54:21.000,26.41836167,-80.16953833,1.70,7.532,-27.732,3.567,169,15,21,,
T,2026-07-18 14:54:22.000,26.41831167,-80.16952667,1.60,6.932,-27.732,4.014,172,15,21,,
T,2026-07-18 14:54:23.000,26.41825500,-80.16951500,1.60,6.732,-27.732,4.448,170,15,21,,
T,2026-07-18 14:54:24.000,26.41819833,-80.16950333,1.80,6.233,-27.733,4.894,170,14,21,,
T,2026-07-18 14:54:25.000,26.41814333,-80.16949167,2.00,6.133,-27.733,5.278,170,10,21,,
T,2026-07-18 14:54:26.000,26.41809167,-80.16947333,2.30,5.933,-27.733,5.549,168,12,21,,
T,2026-07-18 14:54:27.000,26.41804000,-80.16945833,2.50,5.733,-27.733,5.781,169,14,21,,
T,2026-07-18 14:54:28.000,26.41798833,-80.16944000,2.50,5.933,-27.733,5.858,166,14,21,,
T,2026-07-18 14:54:29.000,26.41794167,-80.16942000,2.60,6.033,-27.733,5.939,160,15,21,,
T,2026-07-18 14:54:30.000,26.41789333,-80.16940167,2.60,6.033,-27.733,5.920,166,15,21,,
T,2026-07-18 14:54:31.000,26.41784333,-80.16937333,2.60,6.133,-27.733,5.899,155,15,21,,
T,2026-07-18 14:54:32.000,26.41780000,-80.16934000,2.60,6.533,-27.733,5.835,148,15,21,,
T,2026-07-18 14:54:33.000,26.41776000,-80.16929833,2.50,7.933,-27.733,5.794,140,15,21,,
T,2026-07-18 14:54:34.000,26.41772333,-80.16925500,2.50,8.233,-27.733,5.757,134,15,21,,
T,2026-07-18 14:54:35.000,26.41769167,-80.16920667,2.50,8.333,-27.733,5.678,127,15,21,,
T,2026-07-18 14:54:36.000,26.41766500,-80.16915500,2.50,8.434,-27.734,5.632,120,15,21,,
T,2026-07-18 14:54:37.000,26.41763833,-80.16910500,2.50,8.734,-27.734,5.600,119,15,21,,
T,2026-07-18 14:54:38.000,26.41761167,-80.16905333,2.50,8.534,-27.734,5.596,120,15,21,,
T,2026-07-18 14:54:39.000,26.41758833,-80.16900167,2.50,8.134,-27.734,5.601,119,15,21,,
T,2026-07-18 14:54:40.000,26.41756333,-80.16894833,2.40,7.534,-27.734,5.663,116,15,21,,
T,2026-07-18 14:54:41.000,26.41753833,-80.16889333,2.40,6.835,-27.735,5.720,114,15,21,,
T,2026-07-18 14:54:42.000,26.41751500,-80.16884000,2.50,6.935,-27.735,5.783,110,14,21,,
T,2026-07-18 14:54:43.000,26.41750000,-80.16878333,2.40,7.535,-27.735,5.810,105,14,21,,
T,2026-07-18 14:54:44.000,26.41749000,-80.16872667,2.50,8.035,-27.735,5.795,103,15,21,,
T,2026-07-18 14:54:45.000,26.41748000,-80.16867167,2.60,8.236,-27.736,5.809,103,15,21,,
T,2026-07-18 14:54:46.000,26.41747500,-80.16861833,2.50,8.736,-27.736,5.796,101,15,21,,
T,2026-07-18 14:54:47.000,26.41746667,-80.16856500,2.60,9.036,-27.736,5.790,103,14,21,,
T,2026-07-18 14:54:48.000,26.41745333,-80.16851000,2.40,8.536,-27.736,5.762,104,15,21,,
T,2026-07-18 14:54:49.000,26.41744333,-80.16846333,2.00,7.436,-27.736,5.702,97,15,21,,
T,2026-07-18 14:54:50.000,26.41743833,-80.16841333,1.80,7.337,-27.737,5.596,96,15,21,,
T,2026-07-18 14:54:51.000,26.41743833,-80.16836833,1.70,7.237,-27.737,5.487,93,14,21,,
T,2026-07-18 14:54:52.000,26.41743833,-80.16831833,1.70,7.837,-27.737,5.439,89,13,21,,
T,2026-07-18 14:54:53.000,26.41743833,-80.16826833,1.60,7.437,-27.737,5.366,92,14,21,,
T,2026-07-18 14:54:54.000,26.41743833,-80.16821833,1.60,7.137,-27.737,5.308,92,14,21,,
T,2026-07-18 14:54:55.000,26.41743500,-80.16816500,1.70,6.638,-27.738,5.310,98,15,21,,
T,2026-07-18 14:54:56.000,26.41743333,-80.16811000,1.70,6.738,-27.738,5.308,91,15,21,,
T,2026-07-18 14:54:57.000,26.41743500,-80.16805167,1.60,7.138,-27.738,5.281,90,15,21,,
T,2026-07-18 14:54:58.000,26.41743500,-80.16800000,1.60,7.638,-27.738,5.217,88,15,21,,
T,2026-07-18 14:54:59.000,26.41743667,-80.16795000,1.60,7.538,-27.738,5.151,92,15,21,,
T,2026-07-18 14:55:00.000,26.41743667,-80.16790667,1.60,7.839,-27.739,5.063,91,14,21,,
T,2026-07-18 14:55:01.000,26.41743500,-80.16786667,1.60,7.939,-27.739,4.949,88,15,21,,
T,2026-07-18 14:55:02.000,26.41743333,-80.16782833,1.60,8.139,-27.739,4.736,95,15,21,,
T,2026-07-18 14:55:03.000,26.41743167,-80.16779000,1.60,8.439,-27.739,4.540,96,15,21,,
T,2026-07-18 14:55:04.000,26.41742833,-80.16776000,1.60,8.639,-27.739,4.304,98,15,21,,
T,2026-07-18 14:55:05.000,26.41742833,-80.16773500,1.60,8.439,-27.739,4.019,88,14,21,,
T,2026-07-18 14:55:06.000,26.41743167,-80.16770667,1.60,8.839,-27.739,3.688,88,15,21,,
T,2026-07-18 14:55:07.000,26.41743167,-80.16769167,1.60,8.340,-27.740,3.293,91,15,21,,
T,2026-07-18 14:55:08.000,26.41743500,-80.16768167,1.50,8.340,-27.740,2.851,66,15,21,,
T,2026-07-18 14:55:09.000,26.41744000,-80.16767500,1.50,8.540,-27.740,2.438,71,15,21,,
T,2026-07-18 14:55:10.000,26.41743833,-80.16767667,1.50,7.740,-27.740,2.057,79,15,21,,
T,2026-07-18 14:55:11.000,26.41744167,-80.16766667,1.50,7.540,-27.740,1.768,68,15,21,,
T,2026-07-18 14:55:12.000,26.41744667,-80.16765833,1.60,6.440,-27.740,1.645,42,15,21,,
T,2026-07-18 14:55:13.000,26.41747000,-80.16765000,1.60,6.140,-27.740,1.543,6,15,21,,
T,2026-07-18 14:55:14.000,26.41749667,-80.16764833,1.60,6.640,-27.740,1.539,353,14,21,,
T,2026-07-18 14:55:15.000,26.41752667,-80.16766667,1.80,7.040,-27.740,1.595,325,15,21,,
T,2026-07-18 14:55:16.000,26.41755333,-80.16769500,1.80,6.040,-27.740,1.621,330,14,21,,
T,2026-07-18 14:55:17.000,26.41757000,-80.16771000,2.00,5.940,-27.740,1.714,320,15,21,,
T,2026-07-18 14:55:18.000,26.41758000,-80.16772833,1.90,5.739,-27.739,1.861,306,14,21,,
T,2026-07-18 14:55:19.000,26.41758500,-80.16774167,1.90,5.339,-27.739,2.036,294,15,21,,
T,2026-07-18 14:55:20.000,26.41758667,-80.16775500,1.90,5.239,-27.739,2.178,288,15,21,,
T,2026-07-18 14:55:21.000,26.41759667,-80.16777167,1.90,5.739,-27.739,2.290,291,15,21,,
T,2026-07-18 14:55:22.000,26.41760167,-80.16779667,1.90,6.339,-27.739,2.321,298,15,21,,
T,2026-07-18 14:55:23.000,26.41761000,-80.16782000,1.80,6.639,-27.739,2.332,309,14,21,,
T,2026-07-18 14:55:24.000,26.41762500,-80.16783833,1.80,6.839,-27.739,2.297,318,14,21,,
T,2026-07-18 14:55:25.000,26.41764167,-80.16784833,1.80,6.939,-27.739,2.192,338,14,21,,
T,2026-07-18 14:55:26.000,26.41766167,-80.16785833,1.80,7.439,-27.739,2.169,344,14,21,,
T,2026-07-18 14:55:27.000,26.41768000,-80.16786500,1.70,7.239,-27.739,2.162,352,14,21,,
T,2026-07-18 14:55:28.000,26.41770000,-80.16786667,1.80,7.239,-27.739,2.177,357,14,21,,
T,2026-07-18 14:55:29.000,26.41772167,-80.16786833,1.80,7.139,-27.739,2.211,1,14,21,,
T,2026-07-18 14:55:30.000,26.41774667,-80.16786833,1.80,6.939,-27.739,2.287,1,15,21,,
T,2026-07-18 14:55:31.000,26.41777500,-80.16786833,1.90,6.639,-27.739,2.358,0,15,21,,
T,2026-07-18 14:55:32.000,26.41780500,-80.16786833,1.90,6.739,-27.739,2.440,5,15,21,,
T,2026-07-18 14:55:33.000,26.41783333,-80.16786500,2.00,7.139,-27.739,2.557,14,15,21,,
T,2026-07-18 14:55:34.000,26.41786000,-80.16785167,2.00,7.339,-27.739,2.658,23,15,21,,
T,2026-07-18 14:55:35.000,26.41788667,-80.16783833,2.00,7.139,-27.739,2.741,26,15,21,,
T,2026-07-18 14:55:36.000,26.41791167,-80.16782167,2.20,7.339,-27.739,2.797,29,15,21,,
T,2026-07-18 14:55:37.000,26.41794500,-80.16779500,2.10,7.539,-27.739,2.913,28,15,21,,
T,2026-07-18 14:55:38.000,26.41797833,-80.16777500,2.00,8.140,-27.740,2.992,27,15,21,,
T,2026-07-18 14:55:39.000,26.41800000,-80.16775833,2.20,8.240,-27.740,3.015,36,15,21,,
T,2026-07-18 14:55:40.000,26.41801833,-80.16774000,2.00,9.040,-27.740,3.064,27,15,21,,
T,2026-07-18 14:55:41.000,26.41804500,-80.16772667,2.00,9.240,-27.740,3.111,24,15,21,,
T,2026-07-18 14:55:42.000,26.41807333,-80.16771333,2.20,9.340,-27.740,3.105,21,15,21,,
T,2026-07-18 14:55:43.000,26.41810000,-80.16770167,2.30,9.340,-27.740,3.070,20,15,21,,
T,2026-07-18 14:55:44.000,26.41812333,-80.16769000,2.40,9.240,-27.740,3.071,21,15,21,,
T,2026-07-18 14:55:45.000,26.41814667,-80.16767833,2.40,9.440,-27.740,3.091,21,15,21,,
T,2026-07-18 14:55:46.000,26.41817333,-80.16766833,2.50,9.540,-27.740,3.118,18,15,21,,
T,2026-07-18 14:55:47.000,26.41819833,-80.16765833,2.50,9.740,-27.740,3.067,19,15,21,,
T,2026-07-18 14:55:48.000,26.41822667,-80.16764833,2.20,9.140,-27.740,3.038,20,15,21,,
T,2026-07-18 14:55:49.000,26.41824833,-80.16764167,1.90,8.740,-27.740,3.035,11,16,21,,
T,2026-07-18 14:55:50.000,26.41828167,-80.16763333,1.80,8.040,-27.740,3.022,9,16,21,,
T,2026-07-18 14:55:51.000,26.41831500,-80.16763333,1.80,7.840,-27.740,3.019,360,16,21,,
T,2026-07-18 14:55:52.000,26.41835000,-80.16763667,1.80,7.740,-27.740,3.052,353,15,21,,
T,2026-07-18 14:55:53.000,26.41838000,-80.16764167,2.00,7.640,-27.740,3.090,349,15,21,,
T,2026-07-18 14:55:54.000,26.41841167,-80.16764667,2.10,7.540,-27.740,3.106,352,15,21,,
T,2026-07-18 14:55:55.000,26.41844167,-80.16765167,2.20,7.740,-27.740,3.110,350,15,21,,
T,2026-07-18 14:55:56.000,26.41847000,-80.16765833,2.30,8.040,-27.740,3.125,350,14,21,,
T,2026-07-18 14:55:57.000,26.41849833,-80.16766500,2.30,8.540,-27.740,3.157,347,14,21,,
T,2026-07-18 14:55:58.000,26.41852500,-80.16767167,2.30,8.840,-27.740,3.193,348,14,21,,
T,2026-07-18 14:55:59.000,26.41855333,-80.16768000,2.30,9.140,-27.740,3.236,342,14,21,,
T,2026-07-18 14:56:00.000,26.41858167,-80.16769000,2.30,9.240,-27.740,3.272,343,14,21,,
T,2026-07-18 14:56:01.000,26.41861167,-80.16769833,2.30,8.940,-27.740,3.312,344,14,21,,
T,2026-07-18 14:56:02.000,26.41864500,-80.16770667,2.40,8.640,-27.740,3.359,347,14,21,,
T,2026-07-18 14:56:03.000,26.41868000,-80.16771500,2.40,8.740,-27.740,3.410,351,15,21,,
T,2026-07-18 14:56:04.000,26.41871167,-80.16771833,2.40,8.240,-27.740,3.445,351,14,21,,
T,2026-07-18 14:56:05.000,26.41874500,-80.16772333,2.40,8.140,-27.740,3.502,353,15,21,,
T,2026-07-18 14:56:06.000,26.41877667,-80.16772833,2.40,7.940,-27.740,3.546,357,15,21,,
T,2026-07-18 14:56:07.000,26.41880833,-80.16773167,2.30,8.040,-27.740,3.586,358,14,21,,
T,2026-07-18 14:56:08.000,26.41884167,-80.16773667,2.30,8.740,-27.740,3.614,356,15,21,,
T,2026-07-18 14:56:09.000,26.41887167,-80.16774000,2.30,9.140,-27.740,3.605,359,15,21,,
T,2026-07-18 14:56:10.000,26.41890167,-80.16774167,2.30,9.140,-27.740,3.561,358,15,21,,
T,2026-07-18 14:56:11.000,26.41892500,-80.16774167,2.30,9.240,-27.740,3.451,3,15,21,,
T,2026-07-18 14:56:12.000,26.41895333,-80.16773667,2.00,10.040,-27.740,3.329,10,15,21,,
T,2026-07-18 14:56:13.000,26.41898000,-80.16773000,1.90,9.940,-27.740,3.165,8,15,21,,
T,2026-07-18 14:56:14.000,26.41900167,-80.16772333,1.80,9.640,-27.740,2.997,8,15,21,,
T,2026-07-18 14:56:15.000,26.41902000,-80.16772500,1.70,9.540,-27.740,2.843,10,15,21,,
T,2026-07-18 14:56:16.000,26.41903833,-80.16771833,1.70,9.440,-27.740,2.680,12,15,21,,
T,2026-07-18 14:56:17.000,26.41905667,-80.16771667,1.80,9.340,-27.740,2.515,12,15,21,,
T,2026-07-18 14:56:18.000,26.41907167,-80.16771167,1.80,9.440,-27.740,2.381,13,15,21,,
T,2026-07-18 14:56:19.000,26.41908500,-80.16770500,1.80,9.740,-27.740,2.248,18,15,21,,
T,2026-07-18 14:56:20.000,26.41910167,-80.16769667,1.70,9.840,-27.740,2.149,25,15,21,,
T,2026-07-18 14:56:21.000,26.41911500,-80.16769167,1.70,10.040,-27.740,2.069,30,15,21,,
T,2026-07-18 14:56:22.000,26.41912833,-80.16768333,1.80,10.241,-27.741,2.015,17,15,21,,
T,2026-07-18 14:56:23.000,26.41914333,-80.16766833,1.80,10.341,-27.741,1.992,38,15,21,,
T,2026-07-18 14:56:24.000,26.41916000,-80.16765333,1.70,10.141,-27.741,1.972,39,15,21,,
T,2026-07-18 14:56:25.000,26.41917167,-80.16764000,1.70,10.341,-27.741,1.945,42,15,21,,
T,2026-07-18 14:56:26.000,26.41918833,-80.16762500,1.60,10.041,-27.741,1.953,41,15,21,,
T,2026-07-18 14:56:27.000,26.41920333,-80.16761000,1.60,10.041,-27.741,1.984,37,15,21,,
T,2026-07-18 14:56:28.000,26.41921833,-80.16759500,1.70,10.041,-27.741,2.005,39,15,21,,
T,2026-07-18 14:56:29.000,26.41923500,-80.16758000,1.70,9.741,-27.741,2.047,38,15,21,,
T,2026-07-18 14:56:30.000,26.41925167,-80.16756667,1.70,9.641,-27.741,2.076,32,15,21,,
T,2026-07-18 14:56:31.000,26.41926667,-80.16755167,1.70,9.741,-27.741,2.106,30,15,21,,
T,2026-07-18 14:56:32.000,26.41928333,-80.16754333,1.70,9.441,-27.741,2.110,26,15,21,,
T,2026-07-18 14:56:33.000,26.41930000,-80.16753833,1.70,9.041,-27.741,2.106,18,15,21,,
T,2026-07-18 14:56:34.000,26.41931833,-80.16752833,1.70,9.041,-27.741,2.136,25,15,21,,
T,2026-07-18 14:56:35.000,26.41933667,-80.16752500,1.70,9.241,-27.741,2.144,10,15,21,,
T,2026-07-18 14:56:36.000,26.41935333,-80.16752500,1.80,9.441,-27.741,2.157,359,15,21,,
T,2026-07-18 14:56:37.000,26.41937333,-80.16752667,1.70,9.941,-27.741,2.156,348,15,21,,
T,2026-07-18 14:56:38.000,26.41939000,-80.16753500,1.70,10.241,-27.741,2.143,341,15,21,,
T,2026-07-18 14:56:39.000,26.41940500,-80.16754333,1.70,10.841,-27.741,2.131,332,15,21,,
T,2026-07-18 14:56:40.000,26.41941500,-80.16755833,1.70,11.041,-27.741,2.113,325,15,21,,
T,2026-07-18 14:56:41.000,26.41943167,-80.16757333,1.70,10.941,-27.741,2.095,322,15,21,,
T,2026-07-18 14:56:42.000,26.41944667,-80.16758667,1.70,10.641,-27.741,2.070,316,15,21,,
T,2026-07-18 14:56:43.000,26.41946000,-80.16760167,1.80,10.341,-27.741,2.060,324,15,21,,
T,2026-07-18 14:56:44.000,26.41947833,-80.16761167,1.80,9.741,-27.741,2.024,324,14,21,,
T,2026-07-18 14:56:45.000,26.41949500,-80.16762500,1.70,9.341,-27.741,2.001,333,14,21,,
T,2026-07-18 14:56:46.000,26.41951667,-80.16763500,1.70,8.741,-27.741,1.971,328,15,21,,
T,2026-07-18 14:56:47.000,26.41953000,-80.16764667,1.60,9.241,-27.741,1.974,331,14,21,,
T,2026-07-18 14:56:48.000,26.41954833,-80.16765500,1.70,9.341,-27.741,1.994,335,15,21,,
T,2026-07-18 14:56:49.000,26.41956833,-80.16766333,1.70,9.241,-27.741,2.000,342,15,21,,
T,2026-07-18 14:56:50.000,26.41958833,-80.16766833,1.70,8.641,-27.741,2.018,340,15,21,,
T,2026-07-18 14:56:51.000,26.41961167,-80.16767500,1.70,8.141,-27.741,2.058,344,15,21,,
T,2026-07-18 14:56:52.000,26.41963500,-80.16768167,1.70,8.141,-27.741,2.097,350,14,21,,
T,2026-07-18 14:56:53.000,26.41965833,-80.16768167,1.70,8.341,-27.741,2.131,354,14,21,,
T,2026-07-18 14:56:54.000,26.41968000,-80.16768500,1.70,8.741,-27.741,2.180,354,14,21,,
T,2026-07-18 14:56:55.000,26.41969833,-80.16768500,1.70,8.841,-27.741,2.240,354,14,21,,
T,2026-07-18 14:56:56.000,26.41971833,-80.16768667,1.70,8.941,-27.741,2.281,354,14,21,,
T,2026-07-18 14:56:57.000,26.41974000,-80.16769000,1.70,9.141,-27.741,2.286,350,13,21,,
T,2026-07-18 14:56:58.000,26.41976167,-80.16769333,1.70,8.841,-27.741,2.283,351,13,21,,
T,2026-07-18 14:56:59.000,26.41978000,-80.16769667,1.70,8.541,-27.741,2.288,351,15,21,,
T,2026-07-18 14:57:00.000,26.41979667,-80.16770167,1.70,8.641,-27.741,2.276,351,15,21,,
T,2026-07-18 14:57:01.000,26.41981667,-80.16770500,1.70,8.241,-27.741,2.247,342,15,21,,
T,2026-07-18 14:57:02.000,26.41983333,-80.16771333,1.60,8.241,-27.741,2.232,345,15,21,,
T,2026-07-18 14:57:03.000,26.41985333,-80.16772000,1.60,8.141,-27.741,2.230,341,15,21,,
T,2026-07-18 14:57:04.000,26.41987167,-80.16772667,1.70,8.241,-27.741,2.209,343,15,21,,
T,2026-07-18 14:57:05.000,26.41989000,-80.16773333,1.70,7.941,-27.741,2.198,337,14,21,,
T,2026-07-18 14:57:06.000,26.41990833,-80.16774333,1.70,8.341,-27.741,2.193,338,15,21,,
T,2026-07-18 14:57:07.000,26.41992167,-80.16775000,1.70,8.841,-27.741,2.192,336,15,21,,
T,2026-07-18 14:57:08.000,26.41993833,-80.16775667,1.70,9.241,-27.741,2.186,337,15,21,,
T,2026-07-18 14:57:09.000,26.41995833,-80.16776167,1.70,8.941,-27.741,2.177,340,15,21,,
T,2026-07-18 14:57:10.000,26.41997500,-80.16776833,1.70,8.541,-27.741,2.194,336,15,21,,
T,2026-07-18 14:57:11.000,26.41999000,-80.16777500,1.70,8.641,-27.741,2.208,335,15,21,,
T,2026-07-18 14:57:12.000,26.42000667,-80.16778500,1.80,8.741,-27.741,2.237,330,15,21,,
T,2026-07-18 14:57:13.000,26.42002333,-80.16779500,1.80,9.541,-27.741,2.260,333,15,21,,
T,2026-07-18 14:57:14.000,26.42004667,-80.16780500,1.80,9.941,-27.741,2.287,338,14,21,,
T,2026-07-18 14:57:15.000,26.42007333,-80.16781500,1.80,9.841,-27.741,2.282,342,14,21,,
T,2026-07-18 14:57:16.000,26.42009667,-80.16782333,1.70,9.740,-27.740,2.300,335,14,21,,
T,2026-07-18 14:57:17.000,26.42012000,-80.16783167,1.70,9.240,-27.740,2.315,335,14,21,,
T,2026-07-18 14:57:18.000,26.42013333,-80.16784000,1.70,8.940,-27.740,2.335,327,14,21,,
T,2026-07-18 14:57:19.000,26.42014667,-80.16784667,1.70,8.640,-27.740,2.345,325,14,21,,
T,2026-07-18 14:57:20.000,26.42015833,-80.16786167,1.70,8.040,-27.740,2.328,319,14,21,,
T,2026-07-18 14:57:21.000,26.42017000,-80.16787667,1.70,7.840,-27.740,2.355,300,14,21,,
T,2026-07-18 14:57:22.000,26.42017833,-80.16789667,1.70,8.240,-27.740,2.336,300,14,21,,
T,2026-07-18 14:57:23.000,26.42019000,-80.16791667,1.70,7.840,-27.740,2.344,299,14,21,,
T,2026-07-18 14:57:24.000,26.42019833,-80.16794167,1.70,7.740,-27.740,2.339,295,14,21,,
T,2026-07-18 14:57:25.000,26.42020500,-80.16796167,1.80,7.840,-27.740,2.334,284,14,21,,
T,2026-07-18 14:57:26.000,26.42020833,-80.16798667,1.70,7.640,-27.740,2.318,283,14,21,,
T,2026-07-18 14:57:27.000,26.42021167,-80.16801333,1.70,8.140,-27.740,2.298,278,15,21,,
T,2026-07-18 14:57:28.000,26.42021167,-80.16803833,1.70,8.740,-27.740,2.272,278,15,21,,
T,2026-07-18 14:57:29.000,26.42021167,-80.16806167,1.70,9.240,-27.740,2.266,279,15,21,,
T,2026-07-18 14:57:30.000,26.42021500,-80.16808667,1.70,9.639,-27.739,2.277,282,15,21,,
T,2026-07-18 14:57:31.000,26.42022000,-80.16810667,1.70,9.739,-27.739,2.250,283,15,21,,
T,2026-07-18 14:57:32.000,26.42022667,-80.16812667,1.70,9.939,-27.739,2.246,286,14,21,,
T,2026-07-18 14:57:33.000,26.42023500,-80.16814833,1.70,9.939,-27.739,2.224,290,14,21,,
T,2026-07-18 14:57:34.000,26.42024667,-80.16817000,1.70,9.739,-27.739,2.215,295,14,21,,
T,2026-07-18 14:57:35.000,26.42025167,-80.16819000,1.70,10.039,-27.739,2.231,298,14,21,,
T,2026-07-18 14:57:36.000,26.42026333,-80.16821167,1.70,9.939,-27.739,2.244,304,14,21,,
T,2026-07-18 14:57:37.000,26.42027667,-80.16823167,1.70,9.539,-27.739,2.259,305,14,21,,
T,2026-07-18 14:57:38.000,26.42029167,-80.16825167,1.70,9.639,-27.739,2.287,306,14,21,,
T,2026-07-18 14:57:39.000,26.42030500,-80.16827333,1.70,9.939,-27.739,2.308,307,14,21,,
T,2026-07-18 14:57:40.000,26.42031833,-80.16829167,1.70,10.639,-27.739,2.319,309,14,21,,
T,2026-07-18 14:57:41.000,26.42033167,-80.16830833,1.70,11.139,-27.739,2.330,308,14,21,,
T,2026-07-18 14:57:42.000,26.42034333,-80.16832667,1.70,11.739,-27.739,2.356,305,14,21,,
T,2026-07-18 14:57:43.000,26.42035667,-80.16834500,1.70,11.938,-27.738,2.350,309,14,21,,
T,2026-07-18 14:57:44.000,26.42036833,-80.16836000,1.70,11.938,-27.738,2.334,309,14,21,,
T,2026-07-18 14:57:45.000,26.42038000,-80.16837500,1.70,11.938,-27.738,2.310,302,14,21,,
T,2026-07-18 14:57:46.000,26.42039000,-80.16839500,1.70,11.538,-27.738,2.289,294,14,21,,
T,2026-07-18 14:57:47.000,26.42039667,-80.16841500,1.70,11.038,-27.738,2.275,289,14,21,,
T,2026-07-18 14:57:48.000,26.42040000,-80.16843500,1.70,9.938,-27.738,2.253,282,14,21,,
T,2026-07-18 14:57:49.000,26.42040000,-80.16845500,1.70,8.938,-27.738,2.240,277,14,21,,
T,2026-07-18 14:57:50.000,26.42039833,-80.16847667,1.70,8.438,-27.738,2.227,269,14,21,,
T,2026-07-18 14:57:51.000,26.42039833,-80.16849667,1.70,7.838,-27.738,2.213,265,14,21,,
T,2026-07-18 14:57:52.000,26.42039667,-80.16851833,1.80,7.338,-27.738,2.178,264,14,21,,
T,2026-07-18 14:57:53.000,26.42039667,-80.16854000,1.80,7.038,-27.738,2.172,269,14,21,,
T,2026-07-18 14:57:54.000,26.42040000,-80.16855833,1.80,7.338,-27.738,2.174,269,14,21,,
T,2026-07-18 14:57:55.000,26.42040333,-80.16857833,1.80,7.838,-27.738,2.173,269,14,21,,
T,2026-07-18 14:57:56.000,26.42040500,-80.16860167,1.70,8.437,-27.737,2.170,269,14,21,,
T,2026-07-18 14:57:57.000,26.42040667,-80.16862500,1.70,8.637,-27.737,2.172,272,14,21,,
T,2026-07-18 14:57:58.000,26.42040833,-80.16864500,1.70,8.837,-27.737,2.174,269,14,21,,
T,2026-07-18 14:57:59.000,26.42041000,-80.16866667,1.70,8.637,-27.737,2.151,273,14,21,,
T,2026-07-18 14:58:00.000,26.42041333,-80.16868667,1.80,8.737,-27.737,2.144,276,14,21,,
T,2026-07-18 14:58:01.000,26.42041667,-80.16870333,1.80,9.237,-27.737,2.141,281,14,21,,
T,2026-07-18 14:58:02.000,26.42042000,-80.16872333,1.80,9.337,-27.737,2.146,294,14,21,,
T,2026-07-18 14:58:03.000,26.42042833,-80.16874333,1.90,9.537,-27.737,2.114,299,14,21,,
T,2026-07-18 14:58:04.000,26.42044000,-80.16875667,1.90,9.537,-27.737,2.096,301,14,21,,
T,2026-07-18 14:58:05.000,26.42045167,-80.16877333,1.90,9.237,-27.737,2.051,310,14,21,,
T,2026-07-18 14:58:06.000,26.42046167,-80.16878833,1.80,9.137,-27.737,2.039,322,14,21,,
T,2026-07-18 14:58:07.000,26.42047667,-80.16880167,1.70,8.637,-27.737,2.024,324,14,21,,
T,2026-07-18 14:58:08.000,26.42049000,-80.16881500,1.70,8.737,-27.737,1.990,317,14,21,,
T,2026-07-18 14:58:09.000,26.42050333,-80.16883167,1.70,8.637,-27.737,1.997,316,14,21,,
T,2026-07-18 14:58:10.000,26.42051667,-80.16884667,1.70,8.337,-27.737,1.972,323,14,21,,
T,2026-07-18 14:58:11.000,26.42052833,-80.16886167,1.80,8.036,-27.736,1.970,319,14,21,,
T,2026-07-18 14:58:12.000,26.42054333,-80.16888000,1.80,8.136,-27.736,1.960,320,14,21,,
T,2026-07-18 14:58:13.000,26.42055833,-80.16889167,1.80,7.736,-27.736,1.976,322,14,21,,
T,2026-07-18 14:58:14.000,26.42057333,-80.16891000,1.90,7.236,-27.736,1.987,323,14,21,,
T,2026-07-18 14:58:15.000,26.42058833,-80.16892667,1.80,7.036,-27.736,2.035,317,14,21,,
T,2026-07-18 14:58:16.000,26.42060500,-80.16894000,1.80,6.736,-27.736,2.053,324,14,21,,
T,2026-07-18 14:58:17.000,26.42062333,-80.16895000,1.80,7.236,-27.736,2.069,326,14,21,,
T,2026-07-18 14:58:18.000,26.42064000,-80.16896333,1.80,8.136,-27.736,2.100,322,14,21,,
T,2026-07-18 14:58:19.000,26.42065667,-80.16897333,1.80,8.336,-27.736,2.092,318,14,21,,
T,2026-07-18 14:58:20.000,26.42067000,-80.16898333,1.80,8.336,-27.736,2.108,325,14,21,,
T,2026-07-18 14:58:21.000,26.42068333,-80.16899167,1.80,7.936,-27.736,2.121,328,14,21,,
T,2026-07-18 14:58:22.000,26.42070000,-80.16900167,1.90,7.736,-27.736,2.146,328,14,21,,
T,2026-07-18 14:58:23.000,26.42071500,-80.16901000,1.80,7.936,-27.736,2.139,326,14,21,,
T,2026-07-18 14:58:24.000,26.42073500,-80.16902000,1.80,8.236,-27.736,2.165,324,14,21,,
T,2026-07-18 14:58:25.000,26.42075167,-80.16903167,1.80,7.836,-27.736,2.181,327,14,21,,
T,2026-07-18 14:58:26.000,26.42076667,-80.16904333,1.80,8.136,-27.736,2.178,323,14,21,,
T,2026-07-18 14:58:27.000,26.42078333,-80.16905333,1.80,8.436,-27.736,2.188,327,14,21,,
T,2026-07-18 14:58:28.000,26.42080000,-80.16906500,1.80,8.436,-27.736,2.194,329,14,21,,
T,2026-07-18 14:58:29.000,26.42081833,-80.16907667,1.80,8.736,-27.736,2.194,332,14,21,,
T,2026-07-18 14:58:30.000,26.42083833,-80.16908500,1.80,8.636,-27.736,2.183,337,14,21,,
T,2026-07-18 14:58:31.000,26.42085833,-80.16908667,1.80,8.736,-27.736,2.147,342,14,21,,
T,2026-07-18 14:58:32.000,26.42087500,-80.16909000,1.80,8.236,-27.736,2.118,342,14,21,,
T,2026-07-18 14:58:33.000,26.42089333,-80.16909333,1.80,7.836,-27.736,2.120,349,14,21,,
T,2026-07-18 14:58:34.000,26.42091333,-80.16909333,1.80,8.136,-27.736,2.098,346,14,21,,
T,2026-07-18 14:58:35.000,26.42093000,-80.16909500,1.80,8.236,-27.736,2.059,344,14,21,,
T,2026-07-18 14:58:36.000,26.42094500,-80.16909667,1.70,8.636,-27.736,2.021,353,14,21,,
T,2026-07-18 14:58:37.000,26.42096000,-80.16910000,1.80,8.936,-27.736,1.961,353,14,21,,
T,2026-07-18 14:58:38.000,26.42097667,-80.16910667,1.80,9.336,-27.736,1.868,354,14,21,,
T,2026-07-18 14:58:39.000,26.42099000,-80.16911000,1.80,9.636,-27.736,1.852,353,14,21,,
T,2026-07-18 14:58:40.000,26.42100833,-80.16911833,1.80,9.836,-27.736,1.867,351,14,21,,
T,2026-07-18 14:58:41.000,26.42102667,-80.16911833,1.80,9.836,-27.736,1.856,0,14,21,,
T,2026-07-18 14:58:42.000,26.42104500,-80.16912000,1.80,10.036,-27.736,1.856,355,14,21,,
T,2026-07-18 14:58:43.000,26.42106167,-80.16912000,1.80,10.336,-27.736,1.830,1,14,21,,
T,2026-07-18 14:58:44.000,26.42108000,-80.16912000,1.70,10.536,-27.736,1.791,6,14,21,,
T,2026-07-18 14:58:45.000,26.42109667,-80.16912167,1.70,10.536,-27.736,1.789,5,14,21,,
T,2026-07-18 14:58:46.000,26.42111333,-80.16911833,1.70,10.436,-27.736,1.813,4,14,21,,
T,2026-07-18 14:58:47.000,26.42113167,-80.16911333,1.80,10.436,-27.736,1.842,4,14,21,,
T,2026-07-18 14:58:48.000,26.42114833,-80.16911000,1.80,10.536,-27.736,1.910,3,14,21,,
T,2026-07-18 14:58:49.000,26.42117000,-80.16910500,1.80,10.436,-27.736,1.916,9,14,21,,
T,2026-07-18 14:58:50.000,26.42118667,-80.16910000,1.80,10.936,-27.736,1.899,9,14,21,,
T,2026-07-18 14:58:51.000,26.42120167,-80.16909667,1.80,11.736,-27.736,1.913,10,14,21,,
T,2026-07-18 14:58:52.000,26.42122000,-80.16909167,1.80,11.936,-27.736,1.900,14,14,20,,
T,2026-07-18 14:58:53.000,26.42123833,-80.16908500,1.80,12.036,-27.736,1.901,7,14,20,,
T,2026-07-18 14:58:54.000,26.42125833,-80.16908667,1.80,12.136,-27.736,1.917,358,14,20,,
T,2026-07-18 14:58:55.000,26.42127333,-80.16908500,1.80,11.936,-27.736,1.916,19,14,20,,
T,2026-07-18 14:58:56.000,26.42129000,-80.16907667,1.80,11.636,-27.736,1.907,22,14,20,,
T,2026-07-18 14:58:57.000,26.42130833,-80.16906667,1.80,11.836,-27.736,1.941,28,14,20,,
T,2026-07-18 14:58:58.000,26.42132833,-80.16905500,1.70,12.036,-27.736,1.961,25,14,20,,
T,2026-07-18 14:58:59.000,26.42134667,-80.16904000,1.80,12.536,-27.736,2.009,30,14,20,,
T,2026-07-18 14:59:00.000,26.42136500,-80.16902500,1.80,13.036,-27.736,2.066,27,14,20,,
T,2026-07-18 14:59:01.000,26.42138500,-80.16901500,1.80,13.336,-27.736,2.111,26,14,20,,
T,2026-07-18 14:59:02.000,26.42140167,-80.16900000,1.80,13.636,-27.736,2.170,40,14,20,,
T,2026-07-18 14:59:03.000,26.42142000,-80.16898500,1.80,13.536,-27.736,2.247,31,14,20,,
T,2026-07-18 14:59:04.000,26.42144000,-80.16897000,1.80,13.737,-27.737,2.284,27,14,20,,
T,2026-07-18 14:59:05.000,26.42145667,-80.16896000,1.80,13.637,-27.737,2.331,31,14,20,,
T,2026-07-18 14:59:06.000,26.42147167,-80.16895167,1.80,13.137,-27.737,2.323,30,14,20,,
T,2026-07-18 14:59:07.000,26.42148500,-80.16894333,1.80,12.037,-27.737,2.312,28,14,20,,
T,2026-07-18 14:59:08.000,26.42150167,-80.16893667,1.80,11.237,-27.737,2.308,29,14,20,,
T,2026-07-18 14:59:09.000,26.42152167,-80.16893333,1.70,10.837,-27.737,2.266,29,14,20,,
T,2026-07-18 14:59:10.000,26.42153833,-80.16892833,1.70,10.537,-27.737,2.205,25,14,20,,
T,2026-07-18 14:59:11.000,26.42155333,-80.16892167,1.80,10.237,-27.737,2.152,25,14,20,,
T,2026-07-18 14:59:12.000,26.42157000,-80.16891833,1.70,9.737,-27.737,2.076,19,14,20,,
T,2026-07-18 14:59:13.000,26.42158500,-80.16891333,1.70,9.637,-27.737,2.003,21,14,20,,
T,2026-07-18 14:59:14.000,26.42159833,-80.16890333,1.70,9.837,-27.737,1.957,20,14,20,,
T,2026-07-18 14:59:15.000,26.42161000,-80.16889333,1.80,9.637,-27.737,1.867,16,14,20,,
T,2026-07-18 14:59:16.000,26.42162167,-80.16889000,1.70,9.737,-27.737,1.763,354,14,20,,
T,2026-07-18 14:59:17.000,26.42163167,-80.16889000,1.80,9.637,-27.737,1.645,347,14,20,,
T,2026-07-18 14:59:18.000,26.42163500,-80.16889000,1.80,10.037,-27.737,1.502,355,14,20,,
T,2026-07-18 14:59:19.000,26.42163500,-80.16889000,1.80,10.137,-27.737,1.321,339,14,20,,
T,2026-07-18 14:59:20.000,26.42163333,-80.16888833,1.80,10.237,-27.737,1.140,26,13,20,,
T,2026-07-18 14:59:21.000,26.42162667,-80.16889167,1.80,10.437,-27.737,0.988,197,14,20,,
T,2026-07-18 14:59:22.000,26.42162000,-80.16889000,1.70,10.637,-27.737,0.865,177,14,20,,
T,2026-07-18 14:59:23.000,26.42160667,-80.16889333,1.80,10.637,-27.737,0.851,199,14,20,,
T,2026-07-18 14:59:24.000,26.42158500,-80.16890167,1.80,10.437,-27.737,0.843,192,14,20,,
T,2026-07-18 14:59:25.000,26.42156500,-80.16891000,1.80,10.437,-27.737,0.859,201,14,20,,
T,2026-07-18 14:59:26.000,26.42155333,-80.16891667,1.80,10.537,-27.737,0.893,213,13,20,,
T,2026-07-18 14:59:27.000,26.42154667,-80.16892167,1.80,10.737,-27.737,0.843,206,14,20,,
T,2026-07-18 14:59:28.000,26.42154833,-80.16892833,1.80,10.737,-27.737,0.810,259,13,20,,
T,2026-07-18 14:59:29.000,26.42155000,-80.16893000,1.80,10.637,-27.737,0.806,245,14,20,,
T,2026-07-18 14:59:30.000,26.42155000,-80.16893000,1.80,10.337,-27.737,0.821,189,14,20,,
T,2026-07-18 14:59:31.000,26.42155000,-80.16893333,1.80,9.737,-27.737,0.812,203,14,20,,
T,2026-07-18 14:59:32.000,26.42154833,-80.16893833,1.70,9.337,-27.737,0.820,217,14,20,,
T,2026-07-18 14:59:33.000,26.42155000,-80.16894333,1.70,8.837,-27.737,0.697,237,14,20,,
T,2026-07-18 14:59:34.000,26.42154667,-80.16894667,1.80,8.737,-27.737,0.589,221,14,20,,
T,2026-07-18 14:59:35.000,26.42153833,-80.16894833,1.80,8.637,-27.737,0.542,201,14,20,,
T,2026-07-18 14:59:36.000,26.42153000,-80.16895000,1.80,8.537,-27.737,0.487,228,14,20,,
T,2026-07-18 14:59:37.000,26.42152500,-80.16895667,1.80,8.837,-27.737,0.541,217,14,20,,
T,2026-07-18 14:59:38.000,26.42152000,-80.16895833,1.80,8.837,-27.737,0.538,220,14,20,,
T,2026-07-18 14:59:39.000,26.42152000,-80.16895333,1.80,9.037,-27.737,0.542,65,14,20,,
T,2026-07-18 14:59:40.000,26.42152000,-80.16894333,1.70,9.037,-27.737,0.567,56,14,20,,
T,2026-07-18 14:59:41.000,26.42152500,-80.16893167,1.80,8.837,-27.737,0.646,58,14,20,,
T,2026-07-18 14:59:42.000,26.42153500,-80.16892000,1.80,8.637,-27.737,0.695,50,14,20,,
T,2026-07-18 14:59:43.000,26.42154500,-80.16890833,1.80,8.337,-27.737,0.798,39,14,20,,
T,2026-07-18 14:59:44.000,26.42154833,-80.16889667,1.90,8.537,-27.737,0.826,53,14,20,,
T,2026-07-18 14:59:45.000,26.42155167,-80.16888833,2.00,8.937,-27.737,0.797,68,14,20,,
T,2026-07-18 14:59:46.000,26.42154833,-80.16888333,2.00,9.137,-27.737,0.783,88,14,20,,
T,2026-07-18 14:59:47.000,26.42154500,-80.16888500,2.00,9.437,-27.737,0.691,214,14,20,,
T,2026-07-18 14:59:48.000,26.42154000,-80.16888000,2.00,9.837,-27.737,0.671,185,14,20,,
T,2026-07-18 14:59:49.000,26.42153333,-80.16887167,1.90,10.037,-27.737,0.697,122,14,20,,
T,2026-07-18 14:59:50.000,26.42153333,-80.16886500,1.90,10.137,-27.737,0.696,95,14,20,,
T,2026-07-18 14:59:51.000,26.42153167,-80.16886500,1.90,10.337,-27.737,0.605,105,14,20,,
T,2026-07-18 14:59:52.000,26.42153000,-80.16886500,1.80,10.537,-27.737,0.496,87,14,20,,
T,2026-07-18 14:59:53.000,26.42153167,-80.16887167,1.80,10.437,-27.737,0.000,,14,20,,
T,2026-07-18 14:59:54.000,26.42153000,-80.16887333,1.80,10.337,-27.737,0.000,,14,20,,
T,2026-07-18 14:59:55.000,26.42153167,-80.16887667,1.80,10.237,-27.737,0.000,,14,20,,
T,2026-07-18 14:59:56.000,26.42153167,-80.16887667,1.80,10.237,-27.737,0.000,,14,20,,
T,2026-07-18 14:59:57.000,26.42153833,-80.16887167,1.80,10.437,-27.737,0.269,43,14,20,,
T,2026-07-18 14:59:58.000,26.42153667,-80.16887333,1.80,10.737,-27.737,0.000,,14,20,,
T,2026-07-18 14:59:59.000,26.42153667,-80.16887333,1.80,10.837,-27.737,0.000,,14,20,,
T,2026-07-18 15:00:00.000,26.42153667,-80.16887333,1.80,10.637,-27.737,0.000,,14,20,,
T,2026-07-18 15:00:01.000,26.42153667,-80.16887333,1.80,10.637,-27.737,0.000,,14,20,,
T,2026-07-18 15:00:02.000,26.42153667,-80.16887333,1.80,10.637,-27.737,0.000,,14,20,,
T,2026-07-18 15:00:03.000,26.42153667,-80.16887333,1.80,10.637,-27.737,0.000,,14,20,,
T,2026-07-18 15:00:04.000,26.42153667,-80.16887333,1.80,10.637,-27.737,0.000,,14,20,,
T,2026-07-18 15:00:05.000,26.42153667,-80.16887333,1.70,10.637,-27.737,0.000,,14,20,,
T,2026-07-18 15:00:06.000,26.42153667,-80.16887333,1.70,10.637,-27.737,0.000,,14,20,,
T,2026-07-18 15:00:07.000,26.42153667,-80.16887333,1.70,10.637,-27.737,0.000,,14,20,,
T,2026-07-18 15:00:08.000,26.42153667,-80.16887333,1.70,10.637,-27.737,0.000,,14,20,,
T,2026-07-18 15:00:09.000,26.42153667,-80.16887333,1.70,10.637,-27.737,0.000,,14,20,,
T,2026-07-18 15:00:10.000,26.42153667,-80.16887333,1.70,10.637,-27.737,0.000,,14,20,,
T,2026-07-18 15:00:11.000,26.42153667,-80.16887333,1.70,10.637,-27.737,0.000,,14,20,,
T,2026-07-18 15:00:12.000,26.42153667,-80.16887333,1.80,10.637,-27.737,0.000,,14,20,,
T,2026-07-18 15:00:13.000,26.42153667,-80.16887333,1.70,10.637,-27.737,0.000,,14,20,,
T,2026-07-18 15:00:14.000,26.42153667,-80.16887333,1.70,10.637,-27.737,0.000,,14,20,,
T,2026-07-18 15:00:15.000,26.42153667,-80.16887333,1.70,10.637,-27.737,0.000,,13,20,,
T,2026-07-18 15:00:16.000,26.42153667,-80.16887333,1.80,10.637,-27.737,0.000,,13,20,,
T,2026-07-18 15:00:17.000,26.42153667,-80.16887333,1.80,10.637,-27.737,0.000,,13,20,,
T,2026-07-18 15:00:18.000,26.42153667,-80.16887333,1.80,10.637,-27.737,0.000,,13,20,,
T,2026-07-18 15:00:19.000,26.42153667,-80.16887333,1.80,10.637,-27.737,0.000,,13,20,,
T,2026-07-18 15:00:20.000,26.42153667,-80.16887333,1.80,10.637,-27.737,0.000,,13,20,,
T,2026-07-18 15:00:21.000,26.42153667,-80.16887333,1.80,10.637,-27.737,0.000,,13,20,,
T,2026-07-18 15:00:22.000,26.42153667,-80.16887333,1.80,10.637,-27.737,0.000,,13,20,,
T,2026-07-18 15:00:23.000,26.42153667,-80.16887333,1.80,10.637,-27.737,0.000,,13,20,,
T,2026-07-18 15:00:24.000,26.42153667,-80.16887333,1.80,10.637,-27.737,0.000,,14,20,,
T,2026-07-18 15:00:25.000,26.42153667,-80.16887333,1.80,10.637,-27.737,0.000,,14,20,,
T,2026-07-18 15:00:26.000,26.42153667,-80.16887333,1.80,10.637,-27.737,0.000,,14,20,,
T,2026-07-18 15:00:27.000,26.42153667,-80.16887333,1.70,10.637,-27.737,0.000,,12,20,,
T,2026-07-18 15:00:28.000,26.42153667,-80.16887333,1.70,10.637,-27.737,0.000,,12,20,,
T,2026-07-18 15:00:29.000,26.42153667,-80.16887333,1.70,10.637,-27.737,0.000,,13,20,,
T,2026-07-18 15:00:30.000,26.42153667,-80.16887333,1.70,10.637,-27.737,0.000,,13,20,,
T,2026-07-18 15:00:31.000,26.42153667,-80.16887333,1.70,10.637,-27.737,0.000,,13,20,,
T,2026-07-18 15:00:32.000,26.42153667,-80.16887333,1.70,10.637,-27.737,0.000,,14,20,,
T,2026-07-18 15:00:33.000,26.42153667,-80.16887333,1.70,10.637,-27.737,0.000,,14,20,,
T,2026-07-18 15:00:34.000,26.42153667,-80.16887333,1.70,10.637,-27.737,0.000,,14,20,,
T,2026-07-18 15:00:35.000,26.42153667,-80.16887333,1.70,10.637,-27.737,0.000,,14,20,,
T,2026-07-18 15:00:36.000,26.42153667,-80.16887333,1.70,10.637,-27.737,0.000,,14,20,,
T,2026-07-18 15:00:37.000,26.42153667,-80.16887333,1.70,10.637,-27.737,0.000,,13,20,,
T,2026-07-18 15:00:38.000,26.42153667,-80.16887333,1.70,10.637,-27.737,0.000,,13,20,,
T,2026-07-18 15:00:39.000,26.42153667,-80.16887333,1.70,10.637,-27.737,0.000,,13,20,,
T,2026-07-18 15:00:40.000,26.42153667,-80.16887333,1.70,10.637,-27.737,0.000,,14,20,,
T,2026-07-18 15:00:41.000,26.42153667,-80.16887333,1.70,10.637,-27.737,0.000,,14,20,,
T,2026-07-18 15:00:42.000,26.42153667,-80.16887333,1.70,10.637,-27.737,0.000,,14,20,,
T,2026-07-18 15:00:43.000,26.42153667,-80.16887333,1.70,10.637,-27.737,0.000,,14,20,,
T,2026-07-18 15:00:44.000,26.42153667,-80.16887333,1.70,10.637,-27.737,0.000,,13,20,,
T,2026-07-18 15:00:45.000,26.42153667,-80.16887333,1.70,10.637,-27.737,0.000,,12,20,,
T,2026-07-18 15:00:46.000,26.42153667,-80.16887333,1.70,10.637,-27.737,0.000,,13,20,,
T,2026-07-18 15:00:47.000,26.42153667,-80.16887333,1.70,10.637,-27.737,0.000,,14,20,,
T,2026-07-18 15:00:48.000,26.42153667,-80.16887333,1.70,10.637,-27.737,0.000,,14,20,,
T,2026-07-18 15:00:49.000,26.42153667,-80.16887333,1.70,10.637,-27.737,0.000,,14,20,,
T,2026-07-18 15:00:50.000,26.42153667,-80.16887333,1.70,10.637,-27.737,0.000,,14,20,,
T,2026-07-18 15:00:51.000,26.42153667,-80.16887333,1.70,10.637,-27.737,0.000,,14,20,,
T,2026-07-18 15:00:52.000,26.42153667,-80.16887333,1.70,10.637,-27.737,0.000,,13,20,,
T,2026-07-18 15:00:53.000,26.42153667,-80.16887333,1.70,10.637,-27.737,0.000,,14,20,,
T,2026-07-18 15:00:54.000,26.42153667,-80.16887333,1.70,10.637,-27.737,0.000,,14,20,,
T,2026-07-18 15:00:55.000,26.42153667,-80.16887333,1.70,10.637,-27.737,0.000,,14,20,,
T,2026-07-18 15:00:56.000,26.42153667,-80.16887333,1.70,10.637,-27.737,0.000,,14,20,,
T,2026-07-18 15:00:57.000,26.42153667,-80.16887333,1.70,10.637,-27.737,0.000,,14,20,,
T,2026-07-18 15:00:58.000,26.42153667,-80.16887333,1.70,10.637,-27.737,0.000,,14,20,,
T,2026-07-18 15:00:59.000,26.42153667,-80.16887333,1.70,10.637,-27.737,0.000,,14,20,,
T,2026-07-18 15:01:00.000,26.42153667,-80.16887333,1.70,10.637,-27.737,0.000,,15,20,,
T,2026-07-18 15:01:01.000,26.42153667,-80.16887333,1.70,10.637,-27.737,0.000,,15,20,,
T,2026-07-18 15:01:02.000,26.42153667,-80.16887333,1.70,10.637,-27.737,0.000,,15,20,,
T,2026-07-18 15:01:03.000,26.42153667,-80.16887333,1.70,10.637,-27.737,0.000,,15,20,,
T,2026-07-18 15:01:04.000,26.42153667,-80.16887333,1.70,10.637,-27.737,0.000,,15,20,,
T,2026-07-18 15:01:05.000,26.42153667,-80.16887333,1.70,10.637,-27.737,0.000,,15,20,,
T,2026-07-18 15:01:06.000,26.42153667,-80.16887333,1.70,10.637,-27.737,0.000,,15,20,,
T,2026-07-18 15:01:07.000,26.42153667,-80.16887333,1.70,10.637,-27.737,0.000,,14,20,,
T,2026-07-18 15:01:08.000,26.42153667,-80.16887333,1.70,10.637,-27.737,0.000,,14,20,,
T,2026-07-18 15:01:09.000,26.42153667,-80.16887333,1.70,10.637,-27.737,0.000,,14,20,,
T,2026-07-18 15:01:10.000,26.42153667,-80.16887333,1.70,10.637,-27.737,0.000,,14,20,,
T,2026-07-18 15:01:11.000,26.42153667,-80.16887333,1.70,10.637,-27.737,0.000,,14,20,,
T,2026-07-18 15:01:12.000,26.42153667,-80.16887333,1.70,10.637,-27.737,0.000,,14,20,,
T,2026-07-18 15:01:13.000,26.42153667,-80.16887333,1.70,10.637,-27.737,0.000,,14,20,,
T,2026-07-18 15:01:14.000,26.42153667,-80.16887333,1.70,10.637,-27.737,0.000,,15,20,,
T,2026-07-18 15:01:15.000,26.42153667,-80.16887333,1.70,10.637,-27.737,0.000,,15,20,,
T,2026-07-18 15:01:16.000,26.42153667,-80.16887333,1.70,10.637,-27.737,0.000,,15,20,,
T,2026-07-18 15:01:17.000,26.42153667,-80.16887333,1.70,10.637,-27.737,0.000,,15,20,,
T,2026-07-18 15:01:18.000,26.42153667,-80.16887333,1.70,10.637,-27.737,0.000,,15,20,,
T,2026-07-18 15:01:19.000,26.42153667,-80.16887333,1.70,10.637,-27.737,0.000,,15,20,,
T,2026-07-18 15:01:20.000,26.42153667,-80.16887333,1.70,10.637,-27.737,0.000,,15,20,,
T,2026-07-18 15:01:21.000,26.42153667,-80.16887333,1.70,10.637,-27.737,0.000,,15,20,,
T,2026-07-18 15:01:22.000,26.42153667,-80.16887333,1.60,10.637,-27.737,0.000,,15,20,,
T,2026-07-18 15:01:23.000,26.42153667,-80.16887333,1.60,10.637,-27.737,0.000,,15,20,,
T,2026-07-18 15:01:24.000,26.42153667,-80.16887333,1.50,10.637,-27.737,0.000,,15,20,,
T,2026-07-18 15:01:25.000,26.42153667,-80.16887333,1.50,10.637,-27.737,0.000,,15,20,,
T,2026-07-18 15:01:26.000,26.42153667,-80.16887333,1.50,10.637,-27.737,0.000,,15,20,,
T,2026-07-18 15:01:27.000,26.42153667,-80.16887333,1.60,10.637,-27.737,0.000,,15,20,,
T,2026-07-18 15:01:28.000,26.42153667,-80.16887333,1.60,10.637,-27.737,0.000,,15,20,,
T,2026-07-18 15:01:29.000,26.42153667,-80.16887333,1.60,10.637,-27.737,0.000,,15,20,,
T,2026-07-18 15:01:30.000,26.42153667,-80.16887333,1.60,10.637,-27.737,0.000,,15,20,,
T,2026-07-18 15:01:31.000,26.42153667,-80.16887333,1.50,10.637,-27.737,0.000,,14,20,,
T,2026-07-18 15:01:32.000,26.42153667,-80.16887333,1.50,10.637,-27.737,0.000,,14,20,,
T,2026-07-18 15:01:33.000,26.42153667,-80.16887333,1.50,10.637,-27.737,0.000,,14,20,,
T,2026-07-18 15:01:34.000,26.42153667,-80.16887333,1.50,10.637,-27.737,0.000,,15,20,,
T,2026-07-18 15:01:35.000,26.42153667,-80.16887333,1.50,10.637,-27.737,0.000,,15,20,,
T,2026-07-18 15:01:36.000,26.42153667,-80.16887333,1.50,10.637,-27.737,0.000,,15,20,,
T,2026-07-18 15:01:37.000,26.42153667,-80.16887333,1.50,10.637,-27.737,0.000,,15,20,,
T,2026-07-18 15:01:38.000,26.42153667,-80.16887333,1.50,10.637,-27.737,0.000,,15,20,,
T,2026-07-18 15:01:39.000,26.42153667,-80.16887333,1.50,10.637,-27.737,0.000,,15,20,,
T,2026-07-18 15:01:40.000,26.42153667,-80.16887333,1.50,10.637,-27.737,0.000,,15,20,,
T,2026-07-18 15:01:41.000,26.42153667,-80.16887333,1.50,10.637,-27.737,0.000,,15,20,,
T,2026-07-18 15:01:42.000,26.42153667,-80.16887333,1.50,10.637,-27.737,0.000,,15,20,,
T,2026-07-18 15:01:43.000,26.42153667,-80.16887333,1.50,10.637,-27.737,0.000,,15,20,,
T,2026-07-18 15:01:44.000,26.42153667,-80.16887333,1.50,10.637,-27.737,0.000,,15,20,,
T,2026-07-18 15:01:45.000,26.42153667,-80.16887333,1.50,10.637,-27.737,0.000,,15,20,,
T,2026-07-18 15:01:46.000,26.42153667,-80.16887333,1.50,10.637,-27.737,0.000,,15,20,,
T,2026-07-18 15:01:47.000,26.42153667,-80.16887333,1.50,10.637,-27.737,0.000,,15,20,,
T,2026-07-18 15:01:48.000,26.42153667,-80.16887333,1.40,10.637,-27.737,0.000,,15,20,,
T,2026-07-18 15:01:49.000,26.42153667,-80.16887333,1.40,10.637,-27.737,0.000,,15,20,,
T,2026-07-18 15:01:50.000,26.42153667,-80.16887333,1.40,10.637,-27.737,0.000,,15,20,,
T,2026-07-18 15:01:51.000,26.42153667,-80.16887333,1.40,10.637,-27.737,0.000,,15,20,,
T,2026-07-18 15:01:52.000,26.42153667,-80.16887333,1.40,10.637,-27.737,0.000,,15,20,,
T,2026-07-18 15:01:53.000,26.42153667,-80.16887333,1.40,10.637,-27.737,0.000,,15,20,,
T,2026-07-18 15:01:54.000,26.42153667,-80.16887333,1.40,10.637,-27.737,0.000,,15,20,,
T,2026-07-18 15:01:55.000,26.42153667,-80.16887333,1.40,10.637,-27.737,0.000,,15,20,,
T,2026-07-18 15:01:56.000,26.42153667,-80.16887333,1.40,10.637,-27.737,0.000,,14,20,,
T,2026-07-18 15:01:57.000,26.42153667,-80.16887333,1.40,10.637,-27.737,0.000,,14,20,,
T,2026-07-18 15:01:58.000,26.42153667,-80.16887333,1.40,10.637,-27.737,0.000,,14,20,,
T,2026-07-18 15:01:59.000,26.42153667,-80.16887333,1.40,10.637,-27.737,0.000,,14,20,,
T,2026-07-18 15:02:00.000,26.42153667,-80.16887333,1.50,10.637,-27.737,0.000,,14,20,,
T,2026-07-18 15:02:01.000,26.42153667,-80.16887333,1.50,10.637,-27.737,0.000,,14,20,,
T,2026-07-18 15:02:02.000,26.42153667,-80.16887333,1.60,10.637,-27.737,0.000,,14,20,,
T,2026-07-18 15:02:03.000,26.42153667,-80.16887333,1.70,10.637,-27.737,0.000,,14,20,,
T,2026-07-18 15:02:04.000,26.42153667,-80.16887333,1.80,10.637,-27.737,0.000,,14,20,,
T,2026-07-18 15:02:05.000,26.42153667,-80.16887333,1.90,10.637,-27.737,0.000,,14,20,,
T,2026-07-18 15:02:06.000,26.42153667,-80.16887333,1.90,10.637,-27.737,0.000,,14,20,,
T,2026-07-18 15:02:07.000,26.42153667,-80.16887333,1.90,10.637,-27.737,0.000,,14,20,,
T,2026-07-18 15:02:08.000,26.42153667,-80.16887333,1.90,10.637,-27.737,0.000,,14,20,,
T,2026-07-18 15:02:09.000,26.42153667,-80.16887333,1.90,10.637,-27.737,0.000,,14,20,,
T,2026-07-18 15:02:10.000,26.42153667,-80.16887333,1.90,10.637,-27.737,0.000,,14,20,,
T,2026-07-18 15:02:11.000,26.42153667,-80.16887333,1.90,10.637,-27.737,0.000,,14,20,,
T,2026-07-18 15:02:12.000,26.42153667,-80.16887333,1.90,10.637,-27.737,0.000,,14,20,,
T,2026-07-18 15:02:13.000,26.42153667,-80.16887333,1.90,10.637,-27.737,0.000,,14,20,,
T,2026-07-18 15:02:14.000,26.42153667,-80.16887333,1.80,10.637,-27.737,0.000,,14,20,,
T,2026-07-18 15:02:15.000,26.42153667,-80.16887333,1.80,10.637,-27.737,0.000,,14,20,,
T,2026-07-18 15:02:16.000,26.42153667,-80.16887333,1.80,10.637,-27.737,0.000,,14,20,,
T,2026-07-18 15:02:17.000,26.42153667,-80.16887333,1.90,10.637,-27.737,0.000,,14,20,,
T,2026-07-18 15:02:18.000,26.42153667,-80.16887333,1.90,10.637,-27.737,0.000,,14,20,,
T,2026-07-18 15:02:19.000,26.42153667,-80.16887333,1.90,10.637,-27.737,0.000,,14,20,,
T,2026-07-18 15:02:20.000,26.42153667,-80.16887333,1.90,10.637,-27.737,0.000,,14,20,,
T,2026-07-18 15:02:21.000,26.42153667,-80.16887333,1.90,10.637,-27.737,0.000,,14,20,,
T,2026-07-18 15:02:22.000,26.42153667,-80.16887333,1.90,10.637,-27.737,0.000,,14,20,,
T,2026-07-18 15:02:23.000,26.42153667,-80.16887333,1.90,10.637,-27.737,0.000,,14,20,,
T,2026-07-18 15:02:24.000,26.42153667,-80.16887333,1.90,10.637,-27.737,0.000,,14,20,,
T,2026-07-18 15:02:25.000,26.42153667,-80.16887333,1.90,10.637,-27.737,0.000,,14,20,,
T,2026-07-18 15:02:26.000,26.42153667,-80.16887333,1.90,10.637,-27.737,0.000,,14,20,,
T,2026-07-18 15:02:27.000,26.42153667,-80.16887333,1.90,10.637,-27.737,0.000,,14,20,,
T,2026-07-18 15:02:28.000,26.42153667,-80.16887333,1.90,10.637,-27.737,0.000,,14,20,,
T,2026-07-18 15:02:29.000,26.42153667,-80.16887333,1.90,10.637,-27.737,0.000,,14,20,,
T,2026-07-18 15:02:30.000,26.42153667,-80.16887333,1.90,10.637,-27.737,0.000,,14,20,,
T,2026-07-18 15:02:31.000,26.42153667,-80.16887333,1.90,10.637,-27.737,0.000,,14,20,,
T,2026-07-18 15:02:32.000,26.42153667,-80.16887333,1.90,10.637,-27.737,0.000,,14,20,,
T,2026-07-18 15:02:33.000,26.42153667,-80.16887333,1.90,10.637,-27.737,0.000,,14,20,,
T,2026-07-18 15:02:34.000,26.42153667,-80.16887333,1.90,10.637,-27.737,0.000,,14,20,,
T,2026-07-18 15:02:35.000,26.42153667,-80.16887333,1.90,10.637,-27.737,0.000,,14,20,,
T,2026-07-18 15:02:36.000,26.42153667,-80.16887333,1.90,10.637,-27.737,0.000,,14,20,,
T,2026-07-18 15:02:37.000,26.42153667,-80.16887333,1.90,10.637,-27.737,0.000,,14,20,,
T,2026-07-18 15:02:38.000,26.42153667,-80.16887333,1.90,10.637,-27.737,0.000,,14,20,,
T,2026-07-18 15:02:39.000,26.42153667,-80.16887333,1.90,10.637,-27.737,0.000,,14,20,,
T,2026-07-18 15:02:40.000,26.42153667,-80.16887333,1.90,10.637,-27.737,0.000,,14,20,,
T,2026-07-18 15:02:41.000,26.42153667,-80.16887333,1.90,10.637,-27.737,0.000,,14,20,,
T,2026-07-18 15:02:42.000,26.42153667,-80.16887333,1.90,10.637,-27.737,0.000,,14,20,,
T,2026-07-18 15:02:43.000,26.42153667,-80.16887333,1.90,10.637,-27.737,0.000,,14,20,,
T,2026-07-18 15:02:44.000,26.42153667,-80.16887333,1.90,10.637,-27.737,0.000,,14,20,,
T,2026-07-18 15:02:45.000,26.42153667,-80.16887333,1.80,10.637,-27.737,0.000,,14,20,,
T,2026-07-18 15:02:46.000,26.42153667,-80.16887333,1.80,10.637,-27.737,0.000,,13,20,,
T,2026-07-18 15:02:47.000,26.42153667,-80.16887333,1.80,10.637,-27.737,0.000,,13,20,,
T,2026-07-18 15:02:48.000,26.42153667,-80.16887333,1.80,10.637,-27.737,0.000,,14,20,,
T,2026-07-18 15:02:49.000,26.42153667,-80.16887333,1.80,10.637,-27.737,0.000,,14,20,,
T,2026-07-18 15:02:50.000,26.42153667,-80.16887333,1.90,10.637,-27.737,0.000,,14,20,,
T,2026-07-18 15:02:51.000,26.42153667,-80.16887333,1.90,10.637,-27.737,0.000,,14,20,,
T,2026-07-18 15:02:52.000,26.42153667,-80.16887333,1.90,10.637,-27.737,0.000,,14,20,,
T,2026-07-18 15:02:53.000,26.42153667,-80.16887333,2.00,10.637,-27.737,0.000,,14,20,,
T,2026-07-18 15:02:54.000,26.42153667,-80.16887333,2.00,10.637,-27.737,0.000,,14,20,,
T,2026-07-18 15:02:55.000,26.42153667,-80.16887333,1.90,10.637,-27.737,0.000,,14,20,,
T,2026-07-18 15:02:56.000,26.42153667,-80.16887333,1.90,10.637,-27.737,0.000,,14,20,,
T,2026-07-18 15:02:57.000,26.42153667,-80.16887333,1.90,10.637,-27.737,0.000,,14,20,,
T,2026-07-18 15:02:58.000,26.42153667,-80.16887333,1.90,10.637,-27.737,0.000,,14,20,,
T,2026-07-18 15:02:59.000,26.42153667,-80.16887333,1.90,10.637,-27.737,0.000,,14,20,,
T,2026-07-18 15:03:00.000,26.42153667,-80.16887333,1.90,10.637,-27.737,0.000,,14,20,,
T,2026-07-18 15:03:01.000,26.42153667,-80.16887333,1.90,10.637,-27.737,0.000,,14,20,,
T,2026-07-18 15:03:02.000,26.42153667,-80.16887333,1.90,10.637,-27.737,0.000,,14,20,,
T,2026-07-18 15:03:03.000,26.42153667,-80.16887333,1.90,10.637,-27.737,0.000,,14,20,,
T,2026-07-18 15:03:04.000,26.42153667,-80.16887333,2.00,10.637,-27.737,0.000,,14,20,,
T,2026-07-18 15:03:05.000,26.42153667,-80.16887333,2.00,10.637,-27.737,0.000,,14,20,,
T,2026-07-18 15:03:06.000,26.42153667,-80.16887333,2.00,10.637,-27.737,0.000,,14,20,,
T,2026-07-18 15:03:07.000,26.42153667,-80.16887333,2.00,10.637,-27.737,0.000,,14,20,,
T,2026-07-18 15:03:08.000,26.42153667,-80.16887333,2.00,10.637,-27.737,0.000,,14,20,,
T,2026-07-18 15:03:09.000,26.42153667,-80.16887333,1.90,10.637,-27.737,0.000,,14,20,,
T,2026-07-18 15:03:10.000,26.42153667,-80.16887333,1.90,10.637,-27.737,0.000,,14,20,,
T,2026-07-18 15:03:11.000,26.42153667,-80.16887333,1.90,10.637,-27.737,0.000,,14,20,,
T,2026-07-18 15:03:12.000,26.42153667,-80.16887333,1.90,10.637,-27.737,0.000,,14,20,,
T,2026-07-18 15:03:13.000,26.42153667,-80.16887333,1.90,10.637,-27.737,0.000,,14,20,,
T,2026-07-18 15:03:14.000,26.42153667,-80.16887333,1.80,10.637,-27.737,0.000,,14,20,,
T,2026-07-18 15:03:15.000,26.42153667,-80.16887333,1.80,10.637,-27.737,0.000,,14,20,,
T,2026-07-18 15:03:16.000,26.42153667,-80.16887333,1.80,10.637,-27.737,0.000,,14,20,,
T,2026-07-18 15:03:17.000,26.42153667,-80.16887333,1.80,10.637,-27.737,0.000,,14,20,,
T,2026-07-18 15:03:18.000,26.42153667,-80.16887333,1.90,10.637,-27.737,0.000,,14,20,,
T,2026-07-18 15:03:19.000,26.42153667,-80.16887333,1.80,10.637,-27.737,0.000,,14,20,,
T,2026-07-18 15:03:20.000,26.42157833,-80.16891167,1.90,12.337,-27.737,0.267,335,14,20,,
T,2026-07-18 15:03:21.000,26.42157833,-80.16891167,2.00,12.137,-27.737,0.000,,14,20,,
T,2026-07-18 15:03:22.000,26.42158000,-80.16891167,2.00,11.937,-27.737,0.000,,14,20,,
T,2026-07-18 15:03:23.000,26.42157833,-80.16891333,2.10,11.637,-27.737,0.000,,14,20,,
T,2026-07-18 15:03:24.000,26.42157833,-80.16891333,2.10,11.637,-27.737,0.000,,14,20,,
T,2026-07-18 15:03:25.000,26.42157833,-80.16891333,2.00,11.637,-27.737,0.000,,14,20,,
T,2026-07-18 15:03:26.000,26.42157833,-80.16891333,2.00,11.637,-27.737,0.000,,14,20,,
T,2026-07-18 15:03:27.000,26.42157833,-80.16891333,2.00,11.637,-27.737,0.000,,14,20,,
T,2026-07-18 15:03:28.000,26.42157833,-80.16891333,2.00,11.637,-27.737,0.000,,14,20,,
T,2026-07-18 15:03:29.000,26.42157833,-80.16891333,1.90,11.637,-27.737,0.000,,14,20,,
T,2026-07-18 15:03:30.000,26.42157833,-80.16891333,1.90,11.637,-27.737,0.000,,13,20,,
T,2026-07-18 15:03:31.000,26.42157833,-80.16891333,1.90,11.637,-27.737,0.000,,13,20,,
T,2026-07-18 15:03:32.000,26.42157833,-80.16891333,1.90,11.637,-27.737,0.000,,13,20,,
T,2026-07-18 15:03:33.000,26.42157833,-80.16891333,1.80,11.637,-27.737,0.000,,13,20,,
T,2026-07-18 15:03:34.000,26.42157833,-80.16891333,1.80,11.637,-27.737,0.000,,13,20,,
T,2026-07-18 15:03:35.000,26.42157833,-80.16891333,1.80,11.637,-27.737,0.000,,14,20,,
T,2026-07-18 15:03:36.000,26.42157833,-80.16891333,1.80,11.637,-27.737,0.000,,14,20,,
T,2026-07-18 15:03:37.000,26.42157833,-80.16891333,1.80,11.637,-27.737,0.000,,14,20,,
T,2026-07-18 15:03:38.000,26.42157833,-80.16891333,1.80,11.637,-27.737,0.000,,14,20,,
T,2026-07-18 15:03:39.000,26.42157833,-80.16891333,1.70,11.637,-27.737,0.000,,14,20,,
T,2026-07-18 15:03:40.000,26.42157833,-80.16891333,1.70,11.637,-27.737,0.000,,14,20,,
T,2026-07-18 15:03:41.000,26.42157833,-80.16891333,1.70,11.637,-27.737,0.000,,14,21,,
T,2026-07-18 15:03:42.000,26.42157833,-80.16891333,1.70,11.637,-27.737,0.000,,14,21,,
T,2026-07-18 15:03:43.000,26.42157833,-80.16891333,1.70,11.637,-27.737,0.000,,14,21,,
T,2026-07-18 15:03:44.000,26.42157833,-80.16891333,1.70,11.637,-27.737,0.000,,14,21,,
T,2026-07-18 15:03:45.000,26.42157833,-80.16891333,1.70,11.637,-27.737,0.000,,14,21,,
T,2026-07-18 15:03:46.000,26.42157833,-80.16891333,1.70,11.637,-27.737,0.000,,14,21,,
T,2026-07-18 15:03:47.000,26.42157833,-80.16891333,1.70,11.637,-27.737,0.000,,14,21,,
T,2026-07-18 15:03:48.000,26.42157833,-80.16891333,1.70,11.637,-27.737,0.000,,14,21,,
T,2026-07-18 15:03:49.000,26.42157833,-80.16891333,1.70,11.637,-27.737,0.000,,14,21,,
T,2026-07-18 15:03:50.000,26.42157833,-80.16891333,1.70,11.637,-27.737,0.000,,14,21,,
T,2026-07-18 15:03:51.000,26.42157833,-80.16891333,1.70,11.637,-27.737,0.000,,14,21,,
T,2026-07-18 15:03:52.000,26.42157833,-80.16891333,1.70,11.637,-27.737,0.000,,14,21,,
T,2026-07-18 15:03:53.000,26.42157833,-80.16891333,1.70,11.637,-27.737,0.000,,14,21,,
T,2026-07-18 15:03:54.000,26.42157833,-80.16891333,1.70,11.637,-27.737,0.000,,14,21,,
T,2026-07-18 15:03:55.000,26.42157833,-80.16891333,1.70,11.637,-27.737,0.000,,14,21,,
T,2026-07-18 15:03:56.000,26.42157833,-80.16891333,1.70,11.637,-27.737,0.000,,14,21,,
T,2026-07-18 15:03:57.000,26.42157833,-80.16891333,1.60,11.637,-27.737,0.000,,14,21,,
T,2026-07-18 15:03:58.000,26.42157833,-80.16891333,1.60,11.637,-27.737,0.000,,14,21,,
T,2026-07-18 15:03:59.000,26.42157833,-80.16891333,1.60,11.637,-27.737,0.000,,13,21,,
T,2026-07-18 15:04:00.000,26.42157833,-80.16891333,1.60,11.637,-27.737,0.000,,13,21,,
T,2026-07-18 15:04:01.000,26.42157833,-80.16891333,1.60,11.637,-27.737,0.000,,13,21,,
T,2026-07-18 15:04:02.000,26.42157833,-80.16891333,1.60,11.637,-27.737,0.000,,13,21,,
T,2026-07-18 15:04:03.000,26.42157833,-80.16891333,1.60,11.637,-27.737,0.000,,13,21,,
T,2026-07-18 15:04:04.000,26.42157833,-80.16891333,1.60,11.637,-27.737,0.000,,13,21,,
T,2026-07-18 15:04:05.000,26.42157833,-80.16891333,1.60,11.637,-27.737,0.000,,13,21,,
T,2026-07-18 15:04:06.000,26.42157833,-80.16891333,1.70,11.637,-27.737,0.000,,14,21,,
T,2026-07-18 15:04:07.000,26.42157833,-80.16891333,1.70,11.637,-27.737,0.000,,14,21,,
T,2026-07-18 15:04:08.000,26.42157833,-80.16891333,1.70,11.637,-27.737,0.000,,14,21,,
T,2026-07-18 15:04:09.000,26.42157333,-80.16889833,1.70,6.737,-27.737,0.266,322,14,21,,
T,2026-07-18 15:04:10.000,26.42157333,-80.16890333,1.70,6.437,-27.737,0.328,318,14,21,,
T,2026-07-18 15:04:11.000,26.42157500,-80.16890667,1.70,6.137,-27.737,0.366,311,14,21,,
T,2026-07-18 15:04:12.000,26.42157833,-80.16891167,1.70,5.737,-27.737,0.400,312,14,21,,
T,2026-07-18 15:04:13.000,26.42158167,-80.16891667,1.70,5.637,-27.737,0.449,321,14,21,,
T,2026-07-18 15:04:14.000,26.42158500,-80.16891333,1.80,5.437,-27.737,0.425,27,14,21,,
T,2026-07-18 15:04:15.000,26.42158500,-80.16890833,1.70,5.437,-27.737,0.439,128,14,21,,
T,2026-07-18 15:04:16.000,26.42158333,-80.16890167,1.70,5.537,-27.737,0.414,198,14,21,,
T,2026-07-18 15:04:17.000,26.42158333,-80.16890167,1.70,5.737,-27.737,0.000,,14,21,,
T,2026-07-18 15:04:18.000,26.42158000,-80.16890167,1.60,5.937,-27.737,0.000,,14,21,,
T,2026-07-18 15:04:19.000,26.42157667,-80.16890333,1.60,6.337,-27.737,0.000,,14,21,,
T,2026-07-18 15:04:20.000,26.42157667,-80.16890333,1.60,6.337,-27.737,0.000,,14,21,,
T,2026-07-18 15:04:21.000,26.42157667,-80.16890333,1.60,6.337,-27.737,0.000,,14,21,,
T,2026-07-18 15:04:22.000,26.42157667,-80.16890333,1.60,6.337,-27.737,0.000,,14,21,,
T,2026-07-18 15:04:23.000,26.42157667,-80.16890333,1.60,6.337,-27.737,0.000,,14,21,,
T,2026-07-18 15:04:24.000,26.42157667,-80.16890333,1.70,6.337,-27.737,0.000,,14,21,,
T,2026-07-18 15:04:25.000,26.42157667,-80.16890333,1.60,6.337,-27.737,0.000,,14,21,,
T,2026-07-18 15:04:26.000,26.42157667,-80.16890333,1.60,6.337,-27.737,0.000,,14,21,,
T,2026-07-18 15:04:27.000,26.42157667,-80.16890333,1.60,6.337,-27.737,0.000,,14,21,,
T,2026-07-18 15:04:28.000,26.42157667,-80.16890333,1.60,6.337,-27.737,0.000,,14,21,,
T,2026-07-18 15:04:29.000,26.42157667,-80.16890333,1.60,6.337,-27.737,0.000,,14,21,,
T,2026-07-18 15:04:30.000,26.42157667,-80.16890333,1.60,6.337,-27.737,0.000,,14,21,,
T,2026-07-18 15:04:31.000,26.42157667,-80.16890333,1.60,6.337,-27.737,0.000,,14,21,,
T,2026-07-18 15:04:32.000,26.42157667,-80.16890333,1.60,6.337,-27.737,0.000,,14,21,,
T,2026-07-18 15:04:33.000,26.42157667,-80.16890333,1.50,6.337,-27.737,0.000,,14,21,,
T,2026-07-18 15:04:34.000,26.42157667,-80.16890333,1.50,6.337,-27.737,0.000,,14,21,,
T,2026-07-18 15:04:35.000,26.42157667,-80.16890333,1.50,6.337,-27.737,0.000,,14,21,,
T,2026-07-18 15:04:36.000,26.42157667,-80.16890333,1.50,6.337,-27.737,0.000,,14,21,,
T,2026-07-18 15:04:37.000,26.42157667,-80.16890333,1.50,6.337,-27.737,0.000,,14,21,,
T,2026-07-18 15:04:38.000,26.42157667,-80.16890333,1.50,6.337,-27.737,0.000,,14,21,,
T,2026-07-18 15:04:39.000,26.42157667,-80.16890333,1.50,6.337,-27.737,0.000,,14,21,,
T,2026-07-18 15:04:40.000,26.42157667,-80.16890333,1.50,6.337,-27.737,0.000,,14,21,,
T,2026-07-18 15:04:41.000,26.42157667,-80.16890333,1.50,6.337,-27.737,0.000,,14,21,,
T,2026-07-18 15:04:42.000,26.42157667,-80.16890333,1.50,6.337,-27.737,0.000,,14,21,,
T,2026-07-18 15:04:43.000,26.42157667,-80.16890333,1.50,6.337,-27.737,0.000,,13,21,,
T,2026-07-18 15:04:44.000,26.42157667,-80.16890333,1.50,6.337,-27.737,0.000,,13,21,,
T,2026-07-18 15:04:45.000,26.42157667,-80.16890333,1.40,6.337,-27.737,0.000,,13,21,,
T,2026-07-18 15:04:46.000,26.42157667,-80.16890333,1.40,6.337,-27.737,0.000,,12,21,,
T,2026-07-18 15:04:47.000,26.42157667,-80.16890333,1.50,6.337,-27.737,0.000,,12,21,,
T,2026-07-18 15:04:48.000,26.42157667,-80.16890333,1.40,6.337,-27.737,0.000,,12,21,,
T,2026-07-18 15:04:49.000,26.42157667,-80.16890333,1.40,6.337,-27.737,0.000,,13,21,,
T,2026-07-18 15:04:50.000,26.42157667,-80.16890333,1.40,6.337,-27.737,0.000,,13,21,,
T,2026-07-18 15:04:51.000,26.42157667,-80.16890333,1.40,6.337,-27.737,0.000,,13,21,,
T,2026-07-18 15:04:52.000,26.42157667,-80.16890333,1.40,6.337,-27.737,0.000,,13,21,,
T,2026-07-18 15:04:53.000,26.42157667,-80.16890333,1.40,6.337,-27.737,0.000,,13,21,,
T,2026-07-18 15:04:54.000,26.42157667,-80.16890333,1.40,6.337,-27.737,0.000,,13,21,,
T,2026-07-18 15:04:55.000,26.42157667,-80.16890333,1.40,6.337,-27.737,0.000,,13,21,,
T,2026-07-18 15:04:56.000,26.42157667,-80.16890333,1.50,6.337,-27.737,0.000,,13,21,,
T,2026-07-18 15:04:57.000,26.42157667,-80.16890333,1.50,6.337,-27.737,0.000,,13,21,,
T,2026-07-18 15:04:58.000,26.42157667,-80.16890333,1.40,6.337,-27.737,0.000,,13,21,,
T,2026-07-18 15:04:59.000,26.42157667,-80.16890333,1.40,6.337,-27.737,0.000,,13,21,,
T,2026-07-18 15:05:00.000,26.42157667,-80.16890333,1.40,6.337,-27.737,0.000,,13,21,,
T,2026-07-18 15:05:01.000,26.42157667,-80.16890333,1.50,6.337,-27.737,0.000,,13,21,,
T,2026-07-18 15:05:02.000,26.42157667,-80.16890333,1.40,6.337,-27.737,0.000,,13,21,,
T,2026-07-18 15:05:03.000,26.42157667,-80.16890333,1.40,6.337,-27.737,0.000,,13,21,,
T,2026-07-18 15:05:04.000,26.42157667,-80.16890333,1.40,6.337,-27.737,0.000,,13,21,,
T,2026-07-18 15:05:05.000,26.42157667,-80.16890333,1.40,6.337,-27.737,0.000,,12,21,,
T,2026-07-18 15:05:06.000,26.42157667,-80.16890333,1.40,6.337,-27.737,0.000,,13,21,,
T,2026-07-18 15:05:07.000,26.42157667,-80.16890333,1.40,6.337,-27.737,0.000,,13,21,,
T,2026-07-18 15:05:08.000,26.42157667,-80.16890333,1.40,6.337,-27.737,0.000,,13,21,,
T,2026-07-18 15:05:09.000,26.42157667,-80.16890333,1.40,6.337,-27.737,0.000,,13,21,,
T,2026-07-18 15:05:10.000,26.42157667,-80.16890333,1.40,6.337,-27.737,0.000,,13,21,,
T,2026-07-18 15:05:11.000,26.42157667,-80.16890333,1.40,6.337,-27.737,0.000,,13,21,,
T,2026-07-18 15:05:12.000,26.42157667,-80.16890333,1.40,6.337,-27.737,0.000,,13,21,,
T,2026-07-18 15:05:13.000,26.42157667,-80.16890333,1.40,6.337,-27.737,0.000,,13,21,,
T,2026-07-18 15:05:14.000,26.42157667,-80.16890333,1.40,6.337,-27.737,0.000,,13,21,,
T,2026-07-18 15:05:15.000,26.42157667,-80.16890333,1.40,6.337,-27.737,0.000,,13,21,,
T,2026-07-18 15:05:16.000,26.42157667,-80.16890333,1.40,6.337,-27.737,0.000,,13,21,,
T,2026-07-18 15:05:17.000,26.42157667,-80.16890333,1.40,6.337,-27.737,0.000,,14,21,,
T,2026-07-18 15:05:18.000,26.42157667,-80.16890333,1.40,6.337,-27.737,0.000,,15,21,,
T,2026-07-18 15:05:19.000,26.42157667,-80.16890333,1.40,6.337,-27.737,0.000,,15,21,,
T,2026-07-18 15:05:20.000,26.42157667,-80.16890333,1.40,6.337,-27.737,0.000,,15,21,,
T,2026-07-18 15:05:21.000,26.42157667,-80.16890333,1.40,6.337,-27.737,0.000,,15,21,,
T,2026-07-18 15:05:22.000,26.42157667,-80.16890333,1.40,6.337,-27.737,0.000,,15,21,,
T,2026-07-18 15:05:23.000,26.42157667,-80.16890333,1.40,6.337,-27.737,0.000,,15,21,,
T,2026-07-18 15:05:24.000,26.42157667,-80.16890333,1.40,6.337,-27.737,0.000,,15,21,,
T,2026-07-18 15:05:25.000,26.42157667,-80.16890333,1.40,6.337,-27.737,0.000,,15,21,,
T,2026-07-18 15:05:26.000,26.42157667,-80.16890333,1.40,6.337,-27.737,0.000,,15,21,,
T,2026-07-18 15:05:27.000,26.42157667,-80.16890333,1.40,6.337,-27.737,0.000,,15,21,,
T,2026-07-18 15:05:28.000,26.42157667,-80.16890333,1.40,6.337,-27.737,0.000,,15,21,,
T,2026-07-18 15:05:29.000,26.42157667,-80.16890333,1.40,6.337,-27.737,0.000,,15,21,,
T,2026-07-18 15:05:30.000,26.42157667,-80.16890333,1.40,6.337,-27.737,0.000,,15,21,,
T,2026-07-18 15:05:31.000,26.42157667,-80.16890333,1.40,6.337,-27.737,0.000,,14,21,,
T,2026-07-18 15:05:32.000,26.42157667,-80.16890333,1.40,6.337,-27.737,0.000,,14,21,,
T,2026-07-18 15:05:33.000,26.42157667,-80.16890333,1.40,6.337,-27.737,0.000,,14,21,,
T,2026-07-18 15:05:34.000,26.42157667,-80.16890333,1.40,6.337,-27.737,0.000,,14,21,,
T,2026-07-18 15:05:35.000,26.42157667,-80.16890333,1.40,6.337,-27.737,0.000,,14,21,,
T,2026-07-18 15:05:36.000,26.42157667,-80.16890333,1.40,6.337,-27.737,0.000,,14,21,,
T,2026-07-18 15:05:37.000,26.42157667,-80.16890333,1.40,6.337,-27.737,0.000,,14,21,,
T,2026-07-18 15:05:38.000,26.42157667,-80.16890333,1.40,6.337,-27.737,0.000,,14,21,,
T,2026-07-18 15:05:39.000,26.42157667,-80.16890333,1.40,6.337,-27.737,0.000,,14,21,,
T,2026-07-18 15:05:40.000,26.42157667,-80.16890333,1.40,6.337,-27.737,0.000,,14,21,,
T,2026-07-18 15:05:41.000,26.42157667,-80.16890333,1.50,6.337,-27.737,0.000,,14,21,,
T,2026-07-18 15:05:42.000,26.42157667,-80.16890333,1.50,6.337,-27.737,0.000,,14,21,,
T,2026-07-18 15:05:43.000,26.42157667,-80.16890333,1.40,6.337,-27.737,0.000,,15,21,,
T,2026-07-18 15:05:44.000,26.42157667,-80.16890333,1.40,6.337,-27.737,0.000,,15,21,,
T,2026-07-18 15:05:45.000,26.42157667,-80.16890333,1.40,6.337,-27.737,0.000,,15,21,,
T,2026-07-18 15:05:46.000,26.42157667,-80.16890333,1.40,6.337,-27.737,0.000,,14,21,,
T,2026-07-18 15:05:47.000,26.42157667,-80.16890333,1.40,6.337,-27.737,0.000,,14,21,,
T,2026-07-18 15:05:48.000,26.42157667,-80.16890333,1.40,6.337,-27.737,0.000,,14,21,,
T,2026-07-18 15:05:49.000,26.42157667,-80.16890333,1.40,6.337,-27.737,0.000,,14,21,,
T,2026-07-18 15:05:50.000,26.42157667,-80.16890333,1.40,6.337,-27.737,0.000,,14,21,,
T,2026-07-18 15:05:51.000,26.42157667,-80.16890333,1.40,6.337,-27.737,0.000,,14,21,,
T,2026-07-18 15:05:52.000,26.42157667,-80.16890333,1.40,6.337,-27.737,0.000,,14,21,,
T,2026-07-18 15:05:53.000,26.42157667,-80.16890333,1.40,6.337,-27.737,0.000,,14,21,,
T,2026-07-18 15:05:54.000,26.42157667,-80.16890333,1.40,6.337,-27.737,0.000,,14,21,,
T,2026-07-18 15:05:55.000,26.42157667,-80.16890333,1.40,6.337,-27.737,0.000,,14,21,,
T,2026-07-18 15:05:56.000,26.42157667,-80.16890333,1.40,6.337,-27.737,0.000,,14,21,,
T,2026-07-18 15:05:57.000,26.42157667,-80.16890333,1.40,6.337,-27.737,0.000,,14,21,,
T,2026-07-18 15:05:58.000,26.42157667,-80.16890333,1.40,6.337,-27.737,0.000,,14,21,,
T,2026-07-18 15:05:59.000,26.42157667,-80.16890333,1.40,6.337,-27.737,0.000,,14,21,,
T,2026-07-18 15:06:00.000,26.42157667,-80.16890333,1.40,6.337,-27.737,0.000,,14,21,,
T,2026-07-18 15:06:01.000,26.42157667,-80.16890333,1.40,6.337,-27.737,0.000,,14,21,,
T,2026-07-18 15:06:02.000,26.42157667,-80.16890333,1.40,6.337,-27.737,0.000,,14,21,,
T,2026-07-18 15:06:03.000,26.42157667,-80.16890333,1.40,6.337,-27.737,0.000,,14,21,,
T,2026-07-18 15:06:04.000,26.42157667,-80.16890333,1.40,6.337,-27.737,0.000,,14,21,,
T,2026-07-18 15:06:05.000,26.42157667,-80.16890333,1.40,6.337,-27.737,0.000,,14,21,,
T,2026-07-18 15:06:06.000,26.42157667,-80.16890333,1.40,6.337,-27.737,0.000,,14,21,,
T,2026-07-18 15:06:07.000,26.42157667,-80.16890333,1.40,6.337,-27.737,0.000,,14,21,,
T,2026-07-18 15:06:08.000,26.42157667,-80.16890333,1.40,6.337,-27.737,0.000,,15,21,,
T,2026-07-18 15:06:09.000,26.42157667,-80.16890333,1.50,6.337,-27.737,0.000,,15,21,,
T,2026-07-18 15:06:10.000,26.42157667,-80.16890333,1.50,6.337,-27.737,0.000,,15,21,,
T,2026-07-18 15:06:11.000,26.42157667,-80.16890333,1.50,6.337,-27.737,0.000,,15,21,,
T,2026-07-18 15:06:12.000,26.42157667,-80.16890333,1.50,6.337,-27.737,0.000,,15,21,,
T,2026-07-18 15:06:13.000,26.42157667,-80.16890333,1.50,6.337,-27.737,0.000,,15,21,,
T,2026-07-18 15:06:14.000,26.42157667,-80.16890333,1.60,6.337,-27.737,0.000,,15,21,,
T,2026-07-18 15:06:15.000,26.42157667,-80.16890333,1.60,6.337,-27.737,0.000,,15,21,,
T,2026-07-18 15:06:16.000,26.42157667,-80.16890333,1.60,6.337,-27.737,0.000,,15,21,,
T,2026-07-18 15:06:17.000,26.42157667,-80.16890333,1.70,6.337,-27.737,0.000,,15,21,,
T,2026-07-18 15:06:18.000,26.42157667,-80.16890333,1.60,6.337,-27.737,0.000,,15,21,,
T,2026-07-18 15:06:19.000,26.42157667,-80.16890333,1.50,6.337,-27.737,0.000,,15,21,,
T,2026-07-18 15:06:20.000,26.42157667,-80.16890333,1.50,6.337,-27.737,0.000,,15,21,,
T,2026-07-18 15:06:21.000,26.42157667,-80.16890333,1.50,6.337,-27.737,0.000,,15,21,,
T,2026-07-18 15:06:22.000,26.42157667,-80.16890333,1.40,6.337,-27.737,0.000,,15,21,,
T,2026-07-18 15:06:23.000,26.42157667,-80.16890333,1.40,6.337,-27.737,0.000,,15,21,,
T,2026-07-18 15:06:24.000,26.42157667,-80.16890333,1.40,6.337,-27.737,0.000,,15,21,,
T,2026-07-18 15:06:25.000,26.42157667,-80.16890333,1.40,6.337,-27.737,0.000,,15,21,,
T,2026-07-18 15:06:26.000,26.42157667,-80.16890333,1.40,6.337,-27.737,0.000,,15,21,,
T,2026-07-18 15:06:27.000,26.42157667,-80.16890333,1.40,6.337,-27.737,0.000,,14,21,,
T,2026-07-18 15:06:28.000,26.42157667,-80.16890333,1.40,6.337,-27.737,0.000,,14,21,,
T,2026-07-18 15:06:29.000,26.42157667,-80.16890333,1.40,6.337,-27.737,0.000,,15,21,,
T,2026-07-18 15:06:30.000,26.42157667,-80.16890333,1.40,6.337,-27.737,0.000,,14,21,,
T,2026-07-18 15:06:31.000,26.42157667,-80.16890333,1.40,6.337,-27.737,0.000,,15,21,,
T,2026-07-18 15:06:32.000,26.42157667,-80.16890333,1.40,6.337,-27.737,0.000,,15,21,,
T,2026-07-18 15:06:33.000,26.42157667,-80.16890333,1.40,6.337,-27.737,0.000,,15,21,,
T,2026-07-18 15:06:34.000,26.42157667,-80.16890333,1.40,6.337,-27.737,0.000,,15,21,,
T,2026-07-18 15:06:35.000,26.42157667,-80.16890333,1.40,6.337,-27.737,0.000,,15,21,,
T,2026-07-18 15:06:36.000,26.42157667,-80.16890333,1.40,6.337,-27.737,0.000,,15,21,,
T,2026-07-18 15:06:37.000,26.42157667,-80.16890333,1.40,6.337,-27.737,0.000,,14,21,,
T,2026-07-18 15:06:38.000,26.42157667,-80.16890333,1.40,6.337,-27.737,0.000,,15,21,,
T,2026-07-18 15:06:39.000,26.42157667,-80.16890333,1.40,6.337,-27.737,0.000,,15,21,,
T,2026-07-18 15:06:40.000,26.42157667,-80.16890333,1.40,6.337,-27.737,0.000,,15,21,,
T,2026-07-18 15:06:41.000,26.42157667,-80.16890333,1.40,6.337,-27.737,0.000,,14,21,,
T,2026-07-18 15:06:42.000,26.42157667,-80.16890333,1.40,6.337,-27.737,0.000,,15,21,,
T,2026-07-18 15:06:43.000,26.42157667,-80.16890333,1.50,6.337,-27.737,0.000,,15,21,,
T,2026-07-18 15:06:44.000,26.42157667,-80.16890333,1.40,6.337,-27.737,0.000,,15,21,,
T,2026-07-18 15:06:45.000,26.42157667,-80.16890333,1.40,6.337,-27.737,0.000,,14,21,,
T,2026-07-18 15:06:46.000,26.42157667,-80.16890333,1.40,6.337,-27.737,0.000,,14,21,,
T,2026-07-18 15:06:47.000,26.42157667,-80.16890333,1.40,6.337,-27.737,0.000,,14,21,,
T,2026-07-18 15:06:48.000,26.42157667,-80.16890333,1.40,6.337,-27.737,0.000,,14,21,,
T,2026-07-18 15:06:49.000,26.42157667,-80.16890333,1.40,6.337,-27.737,0.000,,14,21,,
T,2026-07-18 15:06:50.000,26.42157667,-80.16890333,1.40,6.337,-27.737,0.000,,14,21,,
T,2026-07-18 15:06:51.000,26.42157667,-80.16890333,1.50,6.337,-27.737,0.000,,14,21,,
T,2026-07-18 15:06:52.000,26.42157667,-80.16890333,1.50,6.337,-27.737,0.000,,14,21,,
T,2026-07-18 15:06:53.000,26.42157667,-80.16890333,1.50,6.337,-27.737,0.000,,14,21,,
T,2026-07-18 15:06:54.000,26.42157667,-80.16890333,1.50,6.337,-27.737,0.000,,14,21,,
T,2026-07-18 15:06:55.000,26.42157667,-80.16890333,1.50,6.337,-27.737,0.000,,14,21,,
T,2026-07-18 15:06:56.000,26.42157667,-80.16890333,1.50,6.337,-27.737,0.000,,14,21,,
T,2026-07-18 15:06:57.000,26.42157667,-80.16890333,1.40,6.337,-27.737,0.000,,14,21,,
T,2026-07-18 15:06:58.000,26.42157667,-80.16890333,1.40,6.337,-27.737,0.000,,14,21,,
T,2026-07-18 15:06:59.000,26.42157667,-80.16890333,1.40,6.337,-27.737,0.000,,14,21,,
T,2026-07-18 15:07:00.000,26.42157667,-80.16890333,1.40,6.337,-27.737,0.000,,14,21,,
T,2026-07-18 15:07:01.000,26.42157667,-80.16890333,1.40,6.337,-27.737,0.000,,14,21,,
T,2026-07-18 15:07:02.000,26.42157667,-80.16890333,1.40,6.337,-27.737,0.000,,14,21,,
T,2026-07-18 15:07:03.000,26.42157667,-80.16890333,1.40,6.337,-27.737,0.000,,14,21,,
T,2026-07-18 15:07:04.000,26.42157667,-80.16890333,1.40,6.337,-27.737,0.000,,14,21,,
T,2026-07-18 15:07:05.000,26.42157667,-80.16890333,1.40,6.337,-27.737,0.000,,15,21,,
T,2026-07-18 15:07:06.000,26.42157667,-80.16890333,1.50,6.337,-27.737,0.000,,15,21,,
T,2026-07-18 15:07:07.000,26.42157667,-80.16890333,1.50,6.337,-27.737,0.000,,15,21,,
T,2026-07-18 15:07:08.000,26.42157667,-80.16890333,1.60,6.337,-27.737,0.000,,15,21,,
T,2026-07-18 15:07:09.000,26.42157667,-80.16890333,1.60,6.337,-27.737,0.000,,15,21,,
T,2026-07-18 15:07:10.000,26.42157667,-80.16890333,1.50,6.337,-27.737,0.000,,15,21,,
T,2026-07-18 15:07:11.000,26.42157667,-80.16890333,1.60,6.337,-27.737,0.000,,15,21,,
T,2026-07-18 15:07:12.000,26.42157667,-80.16890333,1.60,6.337,-27.737,0.000,,14,21,,
T,2026-07-18 15:07:13.000,26.42157667,-80.16890333,1.60,6.337,-27.737,0.000,,15,21,,
T,2026-07-18 15:07:14.000,26.42157667,-80.16890333,1.60,6.337,-27.737,0.000,,15,21,,
T,2026-07-18 15:07:15.000,26.42157667,-80.16890333,1.50,6.337,-27.737,0.000,,15,21,,
T,2026-07-18 15:07:16.000,26.42157667,-80.16890333,1.50,6.337,-27.737,0.000,,15,21,,
T,2026-07-18 15:07:17.000,26.42157667,-80.16890333,1.50,6.337,-27.737,0.000,,15,21,,
T,2026-07-18 15:07:18.000,26.42157667,-80.16890333,1.60,6.337,-27.737,0.000,,15,21,,
T,2026-07-18 15:07:19.000,26.42153500,-80.16888833,1.60,17.537,-27.737,0.322,294,15,21,,
T,2026-07-18 15:07:20.000,26.42152333,-80.16889167,1.70,18.837,-27.737,0.377,273,15,21,,
T,2026-07-18 15:07:21.000,26.42152500,-80.16890167,1.70,19.037,-27.737,0.444,279,15,21,,
T,2026-07-18 15:07:22.000,26.42151833,-80.16889667,1.70,19.137,-27.737,0.000,,15,21,,
T,2026-07-18 15:07:23.000,26.42151833,-80.16889833,1.60,19.037,-27.737,0.000,,15,21,,
T,2026-07-18 15:07:24.000,26.42152000,-80.16890000,1.60,19.337,-27.737,0.000,,15,21,,
T,2026-07-18 15:07:25.000,26.42152000,-80.16890000,1.60,19.337,-27.737,0.000,,15,21,,
T,2026-07-18 15:07:26.000,26.42152000,-80.16890000,1.50,19.337,-27.737,0.000,,15,21,,
T,2026-07-18 15:07:27.000,26.42152000,-80.16890000,1.50,19.337,-27.737,0.000,,15,21,,
T,2026-07-18 15:07:28.000,26.42152000,-80.16890000,1.50,19.337,-27.737,0.000,,15,21,,
T,2026-07-18 15:07:29.000,26.42152000,-80.16890000,1.50,19.337,-27.737,0.000,,15,21,,
T,2026-07-18 15:07:30.000,26.42152000,-80.16890000,1.50,19.337,-27.737,0.000,,15,21,,
T,2026-07-18 15:07:31.000,26.42152000,-80.16890000,1.50,19.337,-27.737,0.000,,15,21,,
T,2026-07-18 15:07:32.000,26.42152000,-80.16890000,1.50,19.337,-27.737,0.000,,15,21,,
T,2026-07-18 15:07:33.000,26.42152000,-80.16890000,1.40,19.337,-27.737,0.000,,15,21,,
T,2026-07-18 15:07:34.000,26.42152000,-80.16890000,1.40,19.337,-27.737,0.000,,14,21,,
T,2026-07-18 15:07:35.000,26.42152000,-80.16890000,1.40,19.337,-27.737,0.000,,14,21,,
T,2026-07-18 15:07:36.000,26.42152000,-80.16890000,1.40,19.337,-27.737,0.000,,14,21,,
T,2026-07-18 15:07:37.000,26.42152000,-80.16890000,1.60,19.337,-27.737,0.000,,14,21,,
T,2026-07-18 15:07:38.000,26.42152000,-80.16890000,1.50,19.337,-27.737,0.000,,14,21,,
T,2026-07-18 15:07:39.000,26.42152000,-80.16890000,1.50,19.337,-27.737,0.000,,14,21,,
T,2026-07-18 15:07:40.000,26.42152000,-80.16890000,1.50,19.337,-27.737,0.000,,14,21,,
T,2026-07-18 15:07:41.000,26.42152000,-80.16890000,1.50,19.337,-27.737,0.000,,15,21,,
T,2026-07-18 15:07:42.000,26.42152000,-80.16890000,1.50,19.337,-27.737,0.000,,14,21,,
T,2026-07-18 15:07:43.000,26.42152000,-80.16890000,1.50,19.337,-27.737,0.000,,14,21,,
T,2026-07-18 15:07:44.000,26.42152000,-80.16890000,1.50,19.337,-27.737,0.000,,14,21,,
T,2026-07-18 15:07:45.000,26.42152000,-80.16890000,1.50,19.337,-27.737,0.000,,14,21,,
T,2026-07-18 15:07:46.000,26.42152000,-80.16890000,1.50,19.337,-27.737,0.000,,14,21,,
T,2026-07-18 15:07:47.000,26.42152000,-80.16890000,1.50,19.337,-27.737,0.000,,14,21,,
T,2026-07-18 15:07:48.000,26.42152000,-80.16890000,1.50,19.337,-27.737,0.000,,14,21,,
T,2026-07-18 15:07:49.000,26.42152000,-80.16890000,1.50,19.337,-27.737,0.000,,14,21,,
T,2026-07-18 15:07:50.000,26.42152000,-80.16890000,1.50,19.337,-27.737,0.000,,14,21,,
T,2026-07-18 15:07:51.000,26.42152000,-80.16890000,1.50,19.337,-27.737,0.000,,14,21,,
T,2026-07-18 15:07:52.000,26.42152000,-80.16890000,1.50,19.337,-27.737,0.000,,14,21,,
T,2026-07-18 15:07:53.000,26.42152000,-80.16890000,1.60,19.337,-27.737,0.000,,14,21,,
T,2026-07-18 15:07:54.000,26.42152000,-80.16890000,1.70,19.337,-27.737,0.000,,15,21,,
T,2026-07-18 15:07:55.000,26.42152000,-80.16890000,1.70,19.337,-27.737,0.000,,15,21,,
T,2026-07-18 15:07:56.000,26.42152000,-80.16890000,1.70,19.337,-27.737,0.000,,15,21,,
T,2026-07-18 15:07:57.000,26.42152000,-80.16890000,1.70,19.337,-27.737,0.000,,14,21,,
T,2026-07-18 15:07:58.000,26.42152000,-80.16890000,1.80,19.337,-27.737,0.000,,14,21,,
T,2026-07-18 15:07:59.000,26.42152000,-80.16890000,1.70,19.337,-27.737,0.000,,14,21,,
T,2026-07-18 15:08:00.000,26.42152000,-80.16890000,1.70,19.337,-27.737,0.000,,14,21,,
T,2026-07-18 15:08:01.000,26.42152000,-80.16890000,1.70,19.337,-27.737,0.000,,14,21,,
T,2026-07-18 15:08:02.000,26.42152000,-80.16890000,1.70,19.337,-27.737,0.000,,14,21,,
T,2026-07-18 15:08:03.000,26.42152000,-80.16890000,1.70,19.337,-27.737,0.000,,14,21,,
T,2026-07-18 15:08:04.000,26.42152000,-80.16890000,1.70,19.337,-27.737,0.000,,14,21,,
T,2026-07-18 15:08:05.000,26.42152000,-80.16890000,1.70,19.337,-27.737,0.000,,14,21,,
T,2026-07-18 15:08:06.000,26.42152000,-80.16890000,1.70,19.337,-27.737,0.000,,14,21,,
T,2026-07-18 15:08:07.000,26.42152000,-80.16890000,1.70,19.337,-27.737,0.000,,14,21,,
T,2026-07-18 15:08:08.000,26.42152000,-80.16890000,1.70,19.337,-27.737,0.000,,14,21,,
T,2026-07-18 15:08:09.000,26.42152000,-80.16890000,1.70,19.337,-27.737,0.000,,14,21,,
T,2026-07-18 15:08:10.000,26.42152000,-80.16890000,1.60,19.337,-27.737,0.000,,14,21,,
T,2026-07-18 15:08:11.000,26.42152000,-80.16890000,1.60,19.337,-27.737,0.000,,14,21,,
T,2026-07-18 15:08:12.000,26.42152000,-80.16890000,1.60,19.337,-27.737,0.000,,15,21,,
T,2026-07-18 15:08:13.000,26.42152000,-80.16890000,1.60,19.337,-27.737,0.000,,15,21,,
T,2026-07-18 15:08:14.000,26.42152000,-80.16890000,1.60,19.337,-27.737,0.000,,15,21,,
T,2026-07-18 15:08:15.000,26.42152000,-80.16890000,1.60,19.337,-27.737,0.000,,15,21,,
T,2026-07-18 15:08:16.000,26.42152000,-80.16890000,1.60,19.337,-27.737,0.000,,15,21,,
T,2026-07-18 15:08:17.000,26.42152000,-80.16890000,1.60,19.337,-27.737,0.000,,14,21,,
T,2026-07-18 15:08:18.000,26.42152000,-80.16890000,1.60,19.337,-27.737,0.000,,15,21,,
T,2026-07-18 15:08:19.000,26.42152000,-80.16890000,1.60,19.337,-27.737,0.000,,15,21,,
T,2026-07-18 15:08:20.000,26.42152000,-80.16890000,1.60,19.337,-27.737,0.000,,15,21,,
T,2026-07-18 15:08:21.000,26.42152000,-80.16890000,1.60,19.337,-27.737,0.000,,15,21,,
T,2026-07-18 15:08:22.000,26.42152000,-80.16890000,1.60,19.337,-27.737,0.000,,15,21,,
T,2026-07-18 15:08:23.000,26.42152000,-80.16890000,1.60,19.337,-27.737,0.000,,15,21,,
T,2026-07-18 15:08:24.000,26.42152000,-80.16890000,1.60,19.337,-27.737,0.000,,15,21,,
T,2026-07-18 15:08:25.000,26.42152000,-80.16890000,1.60,19.337,-27.737,0.000,,15,21,,
T,2026-07-18 15:08:26.000,26.42152000,-80.16890000,1.60,19.337,-27.737,0.000,,15,21,,
T,2026-07-18 15:08:27.000,26.42152000,-80.16890000,1.60,19.337,-27.737,0.000,,15,21,,
T,2026-07-18 15:08:28.000,26.42152000,-80.16890000,1.60,19.337,-27.737,0.000,,15,21,,
T,2026-07-18 15:08:29.000,26.42152000,-80.16890000,1.60,19.337,-27.737,0.000,,15,21,,
T,2026-07-18 15:08:30.000,26.42152000,-80.16890000,1.60,19.337,-27.737,0.000,,15,21,,
T,2026-07-18 15:08:31.000,26.42152000,-80.16890000,1.60,19.337,-27.737,0.000,,15,21,,
T,2026-07-18 15:08:32.000,26.42152000,-80.16890000,1.60,19.337,-27.737,0.000,,15,21,,
T,2026-07-18 15:08:33.000,26.42152000,-80.16890000,1.60,19.337,-27.737,0.000,,15,21,,
T,2026-07-18 15:08:34.000,26.42152000,-80.16890000,1.60,19.337,-27.737,0.000,,15,21,,
T,2026-07-18 15:08:35.000,26.42152000,-80.16890000,1.60,19.337,-27.737,0.000,,15,21,,
T,2026-07-18 15:08:36.000,26.42152000,-80.16890000,1.60,19.337,-27.737,0.000,,15,21,,
T,2026-07-18 15:08:37.000,26.42152000,-80.16890000,1.60,19.337,-27.737,0.000,,15,21,,
T,2026-07-18 15:08:38.000,26.42152000,-80.16890000,1.60,19.337,-27.737,0.000,,13,21,,
T,2026-07-18 15:08:39.000,26.42152000,-80.16890000,1.60,19.337,-27.737,0.000,,13,21,,
T,2026-07-18 15:08:40.000,26.42152000,-80.16890000,1.60,19.337,-27.737,0.000,,15,21,,
T,2026-07-18 15:08:41.000,26.42152000,-80.16890000,1.60,19.337,-27.737,0.000,,15,21,,
T,2026-07-18 15:08:42.000,26.42152000,-80.16890000,1.60,19.337,-27.737,0.000,,15,21,,
T,2026-07-18 15:08:43.000,26.42152000,-80.16890000,1.50,19.337,-27.737,0.000,,14,21,,
T,2026-07-18 15:08:44.000,26.42152000,-80.16890000,1.50,19.337,-27.737,0.000,,14,21,,
T,2026-07-18 15:08:45.000,26.42152000,-80.16890000,1.50,19.337,-27.737,0.000,,14,21,,
T,2026-07-18 15:08:46.000,26.42152000,-80.16890000,1.50,19.337,-27.737,0.000,,14,21,,
T,2026-07-18 15:08:47.000,26.42152000,-80.16890000,1.50,19.337,-27.737,0.000,,14,21,,
T,2026-07-18 15:08:48.000,26.42152000,-80.16890000,1.50,19.337,-27.737,0.000,,14,21,,
T,2026-07-18 15:08:49.000,26.42152000,-80.16890000,1.50,19.337,-27.737,0.000,,14,21,,
T,2026-07-18 15:08:50.000,26.42152000,-80.16890000,1.50,19.337,-27.737,0.000,,14,21,,
T,2026-07-18 15:08:51.000,26.42152000,-80.16890000,1.50,19.337,-27.737,0.000,,12,21,,
T,2026-07-18 15:08:52.000,26.42152000,-80.16890000,1.50,19.337,-27.737,0.000,,12,21,,
T,2026-07-18 15:08:53.000,26.42152000,-80.16890000,1.60,19.337,-27.737,0.000,,13,21,,
T,2026-07-18 15:08:54.000,26.42152000,-80.16890000,1.50,19.337,-27.737,0.000,,13,21,,
T,2026-07-18 15:08:55.000,26.42152000,-80.16890000,1.50,19.337,-27.737,0.000,,13,21,,
T,2026-07-18 15:08:56.000,26.42152000,-80.16890000,1.50,19.337,-27.737,0.000,,13,21,,
T,2026-07-18 15:08:57.000,26.42152000,-80.16890000,1.50,19.337,-27.737,0.000,,13,21,,
T,2026-07-18 15:08:58.000,26.42152000,-80.16890000,1.60,19.337,-27.737,0.000,,13,21,,
T,2026-07-18 15:08:59.000,26.42152000,-80.16890000,1.60,19.337,-27.737,0.000,,13,21,,
T,2026-07-18 15:09:00.000,26.42152000,-80.16890000,1.60,19.337,-27.737,0.000,,13,21,,
T,2026-07-18 15:09:01.000,26.42152000,-80.16890000,1.60,19.337,-27.737,0.000,,13,21,,
T,2026-07-18 15:09:02.000,26.42152000,-80.16890000,1.60,19.337,-27.737,0.000,,13,21,,
T,2026-07-18 15:09:03.000,26.42152000,-80.16890000,1.60,19.337,-27.737,0.000,,13,21,,
T,2026-07-18 15:09:04.000,26.42152000,-80.16890000,1.60,19.337,-27.737,0.000,,13,21,,
T,2026-07-18 15:09:05.000,26.42152000,-80.16890000,1.60,19.337,-27.737,0.000,,13,21,,
T,2026-07-18 15:09:06.000,26.42152000,-80.16890000,1.60,19.337,-27.737,0.000,,13,21,,
T,2026-07-18 15:09:07.000,26.42152000,-80.16890000,1.60,19.337,-27.737,0.000,,13,21,,
T,2026-07-18 15:09:08.000,26.42152000,-80.16890000,1.60,19.337,-27.737,0.000,,13,21,,
T,2026-07-18 15:09:09.000,26.42152000,-80.16890000,1.50,19.337,-27.737,0.000,,13,21,,
T,2026-07-18 15:09:10.000,26.42152000,-80.16890000,1.50,19.337,-27.737,0.000,,13,21,,
T,2026-07-18 15:09:11.000,26.42152000,-80.16890000,1.50,19.337,-27.737,0.000,,13,21,,
T,2026-07-18 15:09:12.000,26.42152000,-80.16890000,1.50,19.337,-27.737,0.000,,13,21,,
T,2026-07-18 15:09:13.000,26.42152000,-80.16890000,1.50,19.337,-27.737,0.000,,13,21,,
T,2026-07-18 15:09:14.000,26.42152000,-80.16890000,1.50,19.337,-27.737,0.000,,13,21,,
T,2026-07-18 15:09:15.000,26.42152000,-80.16890000,1.50,19.337,-27.737,0.000,,13,21,,
T,2026-07-18 15:09:16.000,26.42152000,-80.16890000,1.50,19.337,-27.737,0.000,,13,21,,
T,2026-07-18 15:09:17.000,26.42152000,-80.16890000,1.50,19.337,-27.737,0.000,,13,21,,
T,2026-07-18 15:09:18.000,26.42152000,-80.16890000,1.50,19.337,-27.737,0.000,,13,21,,
T,2026-07-18 15:09:19.000,26.42152000,-80.16890000,1.50,19.337,-27.737,0.000,,13,21,,
T,2026-07-18 15:09:20.000,26.42152000,-80.16890000,1.50,19.337,-27.737,0.000,,14,21,,
T,2026-07-18 15:09:21.000,26.42152000,-80.16890000,1.50,19.337,-27.737,0.000,,14,21,,
T,2026-07-18 15:09:22.000,26.42152000,-80.16890000,1.50,19.337,-27.737,0.000,,14,21,,
T,2026-07-18 15:09:23.000,26.42152000,-80.16890000,1.50,19.337,-27.737,0.000,,14,21,,
T,2026-07-18 15:09:24.000,26.42152000,-80.16890000,1.50,19.337,-27.737,0.000,,13,21,,
T,2026-07-18 15:09:25.000,26.42152000,-80.16890000,1.50,19.337,-27.737,0.000,,13,21,,
T,2026-07-18 15:09:26.000,26.42152000,-80.16890000,1.50,19.337,-27.737,0.000,,13,21,,
T,2026-07-18 15:09:27.000,26.42152000,-80.16890000,1.50,19.337,-27.737,0.000,,13,21,,
T,2026-07-18 15:09:28.000,26.42152000,-80.16890000,1.50,19.337,-27.737,0.000,,13,21,,
T,2026-07-18 15:09:29.000,26.42152000,-80.16890000,1.50,19.337,-27.737,0.000,,13,21,,
T,2026-07-18 15:09:30.000,26.42152000,-80.16890000,1.60,19.337,-27.737,0.000,,13,21,,
T,2026-07-18 15:09:31.000,26.42152000,-80.16890000,1.60,19.337,-27.737,0.000,,13,21,,
T,2026-07-18 15:09:32.000,26.42152000,-80.16890000,1.60,19.337,-27.737,0.000,,13,21,,
T,2026-07-18 15:09:33.000,26.42152000,-80.16890000,1.60,19.337,-27.737,0.000,,13,21,,
T,2026-07-18 15:09:34.000,26.42152000,-80.16890000,1.60,19.337,-27.737,0.000,,13,21,,
T,2026-07-18 15:09:35.000,26.42152000,-80.16890000,1.60,19.337,-27.737,0.000,,13,21,,
T,2026-07-18 15:09:36.000,26.42152000,-80.16890000,1.50,19.337,-27.737,0.000,,13,21,,
T,2026-07-18 15:09:37.000,26.42152000,-80.16890000,1.50,19.337,-27.737,0.000,,13,21,,
T,2026-07-18 15:09:38.000,26.42152000,-80.16890000,1.60,19.337,-27.737,0.000,,13,21,,
T,2026-07-18 15:09:39.000,26.42152000,-80.16890000,1.50,19.337,-27.737,0.000,,13,21,,
T,2026-07-18 15:09:40.000,26.42152000,-80.16890000,1.60,19.337,-27.737,0.000,,13,21,,
T,2026-07-18 15:09:41.000,26.42152000,-80.16890000,1.60,19.337,-27.737,0.000,,14,21,,
T,2026-07-18 15:09:42.000,26.42152000,-80.16890000,1.70,19.337,-27.737,0.000,,15,21,,
T,2026-07-18 15:09:43.000,26.42152000,-80.16890000,1.70,19.337,-27.737,0.000,,15,21,,
T,2026-07-18 15:09:44.000,26.42152000,-80.16890000,1.70,19.337,-27.737,0.000,,14,21,,
T,2026-07-18 15:09:45.000,26.42152000,-80.16890000,1.70,19.337,-27.737,0.000,,14,21,,
T,2026-07-18 15:09:46.000,26.42152000,-80.16890000,1.70,19.337,-27.737,0.000,,14,21,,
T,2026-07-18 15:09:47.000,26.42152000,-80.16890000,1.70,19.337,-27.737,0.000,,14,21,,
T,2026-07-18 15:09:48.000,26.42152000,-80.16890000,1.70,19.337,-27.737,0.000,,15,21,,
T,2026-07-18 15:09:49.000,26.42152000,-80.16890000,1.70,19.337,-27.737,0.000,,15,21,,
T,2026-07-18 15:09:50.000,26.42152000,-80.16890000,1.80,19.337,-27.737,0.000,,15,21,,
T,2026-07-18 15:09:51.000,26.42152000,-80.16890000,1.80,19.337,-27.737,0.000,,15,21,,
T,2026-07-18 15:09:52.000,26.42152000,-80.16890000,1.70,19.337,-27.737,0.000,,15,21,,
T,2026-07-18 15:09:53.000,26.42152000,-80.16890000,1.70,19.337,-27.737,0.000,,15,21,,
T,2026-07-18 15:09:54.000,26.42152000,-80.16890000,1.70,19.337,-27.737,0.000,,14,21,,
T,2026-07-18 15:09:55.000,26.42152000,-80.16890000,1.70,19.337,-27.737,0.000,,14,21,,
T,2026-07-18 15:09:56.000,26.42152000,-80.16890000,1.70,19.337,-27.737,0.000,,14,21,,
T,2026-07-18 15:09:57.000,26.42152000,-80.16890000,1.70,19.337,-27.737,0.000,,14,21,,
T,2026-07-18 15:09:58.000,26.42152000,-80.16890000,1.60,19.337,-27.737,0.000,,14,21,,
T,2026-07-18 15:09:59.000,26.42152000,-80.16890000,1.60,19.337,-27.737,0.000,,14,21,,
T,2026-07-18 15:10:00.000,26.42152000,-80.16890000,1.60,19.337,-27.737,0.000,,14,21,,
T,2026-07-18 15:10:01.000,26.42152000,-80.16890000,1.60,19.337,-27.737,0.000,,14,21,,
T,2026-07-18 15:10:02.000,26.42152000,-80.16890000,1.70,19.337,-27.737,0.000,,14,21,,
T,2026-07-18 15:10:03.000,26.42152000,-80.16890000,1.70,19.337,-27.737,0.000,,14,21,,
T,2026-07-18 15:10:04.000,26.42152000,-80.16890000,1.70,19.337,-27.737,0.000,,14,21,,
T,2026-07-18 15:10:05.000,26.42152000,-80.16890000,1.60,19.337,-27.737,0.000,,14,21,,
T,2026-07-18 15:10:06.000,26.42152000,-80.16890000,1.70,19.337,-27.737,0.000,,13,21,,
T,2026-07-18 15:10:07.000,26.42152000,-80.16890000,1.60,19.337,-27.737,0.000,,13,21,,
T,2026-07-18 15:10:08.000,26.42152000,-80.16890000,1.60,19.337,-27.737,0.000,,13,21,,
T,2026-07-18 15:10:09.000,26.42152000,-80.16890000,1.60,19.337,-27.737,0.000,,13,21,,
T,2026-07-18 15:10:10.000,26.42152000,-80.16890000,1.60,19.337,-27.737,0.000,,14,21,,
T,2026-07-18 15:10:11.000,26.42152000,-80.16890000,1.60,19.337,-27.737,0.000,,14,21,,
T,2026-07-18 15:10:12.000,26.42152000,-80.16890000,1.70,19.337,-27.737,0.000,,13,21,,
T,2026-07-18 15:10:13.000,26.42152000,-80.16890000,1.70,19.337,-27.737,0.000,,14,21,,
T,2026-07-18 15:10:14.000,26.42152000,-80.16890000,1.70,19.337,-27.737,0.000,,13,21,,
T,2026-07-18 15:10:15.000,26.42152000,-80.16890000,1.70,19.337,-27.737,0.000,,14,21,,
T,2026-07-18 15:10:16.000,26.42152000,-80.16890000,1.70,19.337,-27.737,0.000,,14,21,,
T,2026-07-18 15:10:17.000,26.42152000,-80.16890000,1.70,19.337,-27.737,0.000,,14,21,,
T,2026-07-18 15:10:18.000,26.42152000,-80.16890000,1.70,19.337,-27.737,0.000,,14,21,,
T,2026-07-18 15:10:19.000,26.42152000,-80.16890000,1.70,19.337,-27.737,0.000,,14,21,,
T,2026-07-18 15:10:20.000,26.42152000,-80.16890000,1.70,19.337,-27.737,0.000,,14,21,,
T,2026-07-18 15:10:21.000,26.42152000,-80.16890000,1.70,19.337,-27.737,0.000,,13,21,,
T,2026-07-18 15:10:22.000,26.42152000,-80.16890000,1.70,19.337,-27.737,0.000,,13,21,,
T,2026-07-18 15:10:23.000,26.42152000,-80.16890000,1.70,19.337,-27.737,0.000,,13,21,,
T,2026-07-18 15:10:24.000,26.42152000,-80.16890000,1.70,19.337,-27.737,0.000,,14,21,,
T,2026-07-18 15:10:25.000,26.42152000,-80.16890000,1.70,19.337,-27.737,0.000,,14,21,,
T,2026-07-18 15:10:26.000,26.42152000,-80.16890000,1.70,19.337,-27.737,0.000,,13,21,,
T,2026-07-18 15:10:27.000,26.42152000,-80.16890000,1.70,19.337,-27.737,0.000,,13,21,,
T,2026-07-18 15:10:28.000,26.42152000,-80.16890000,1.70,19.337,-27.737,0.000,,13,21,,
T,2026-07-18 15:10:29.000,26.42152000,-80.16890000,1.70,19.337,-27.737,0.000,,13,21,,
T,2026-07-18 15:10:30.000,26.42152000,-80.16890000,1.70,19.337,-27.737,0.000,,14,21,,
T,2026-07-18 15:10:31.000,26.42152000,-80.16890000,1.70,19.337,-27.737,0.000,,14,21,,
T,2026-07-18 15:10:32.000,26.42152000,-80.16890000,1.70,19.337,-27.737,0.000,,14,21,,
T,2026-07-18 15:10:33.000,26.42152000,-80.16890000,1.60,19.337,-27.737,0.000,,14,21,,
T,2026-07-18 15:10:34.000,26.42152000,-80.16890000,1.60,19.337,-27.737,0.000,,15,21,,
T,2026-07-18 15:10:35.000,26.42152000,-80.16890000,1.60,19.337,-27.737,0.000,,15,21,,
T,2026-07-18 15:10:36.000,26.42152000,-80.16890000,1.60,19.337,-27.737,0.000,,15,21,,
T,2026-07-18 15:10:37.000,26.42152000,-80.16890000,1.60,19.337,-27.737,0.000,,14,21,,
T,2026-07-18 15:10:38.000,26.42152000,-80.16890000,1.70,19.337,-27.737,0.000,,15,21,,
T,2026-07-18 15:10:39.000,26.42152000,-80.16890000,1.60,19.337,-27.737,0.000,,15,21,,
T,2026-07-18 15:10:40.000,26.42152000,-80.16890000,1.60,19.337,-27.737,0.000,,14,21,,
T,2026-07-18 15:10:41.000,26.42152000,-80.16890000,1.60,19.337,-27.737,0.000,,14,21,,
T,2026-07-18 15:10:42.000,26.42152000,-80.16890000,1.60,19.337,-27.737,0.000,,13,21,,
T,2026-07-18 15:10:43.000,26.42152000,-80.16890000,1.60,19.337,-27.737,0.000,,13,21,,
T,2026-07-18 15:10:44.000,26.42152000,-80.16890000,1.60,19.337,-27.737,0.000,,14,21,,
T,2026-07-18 15:10:45.000,26.42152000,-80.16890000,1.60,19.337,-27.737,0.000,,13,21,,
T,2026-07-18 15:10:46.000,26.42152000,-80.16890000,1.50,19.337,-27.737,0.000,,13,21,,
T,2026-07-18 15:10:47.000,26.42152000,-80.16890000,1.60,19.337,-27.737,0.000,,13,21,,
T,2026-07-18 15:10:48.000,26.42152000,-80.16890000,1.60,19.337,-27.737,0.000,,14,21,,
T,2026-07-18 15:10:49.000,26.42152000,-80.16890000,1.60,19.337,-27.737,0.000,,14,21,,
T,2026-07-18 15:10:50.000,26.42152000,-80.16890000,1.50,19.337,-27.737,0.000,,14,21,,
T,2026-07-18 15:10:51.000,26.42152000,-80.16890000,1.50,19.337,-27.737,0.000,,14,21,,
T,2026-07-18 15:10:52.000,26.42152000,-80.16890000,1.50,19.337,-27.737,0.000,,14,21,,
T,2026-07-18 15:10:53.000,26.42152000,-80.16890000,1.50,19.337,-27.737,0.000,,14,21,,
T,2026-07-18 15:10:54.000,26.42152000,-80.16890000,1.50,19.337,-27.737,0.000,,14,21,,
T,2026-07-18 15:10:55.000,26.42152000,-80.16890000,1.50,19.337,-27.737,0.000,,13,21,,
T,2026-07-18 15:10:56.000,26.42152000,-80.16890000,1.50,19.337,-27.737,0.000,,13,21,,
T,2026-07-18 15:10:57.000,26.42152000,-80.16890000,1.50,19.337,-27.737,0.000,,14,21,,
T,2026-07-18 15:10:58.000,26.42152000,-80.16890000,1.50,19.337,-27.737,0.000,,14,21,,
T,2026-07-18 15:10:59.000,26.42152000,-80.16890000,1.60,19.337,-27.737,0.000,,14,21,,
T,2026-07-18 15:11:00.000,26.42152000,-80.16890000,1.70,19.337,-27.737,0.000,,14,21,,
T,2026-07-18 15:11:01.000,26.42152000,-80.16890000,1.70,19.337,-27.737,0.000,,15,21,,
T,2026-07-18 15:11:02.000,26.42152000,-80.16890000,1.70,19.337,-27.737,0.000,,15,21,,
T,2026-07-18 15:26:07.000,26.42154667,-80.16890000,1.50,10.637,-27.737,0.000,,16,18,,
T,2026-07-18 15:26:08.000,26.42154667,-80.16890000,1.60,10.637,-27.737,0.000,,16,18,,
T,2026-07-18 15:26:09.000,26.42154667,-80.16890000,1.60,10.637,-27.737,0.000,,16,18,,
T,2026-07-18 15:26:10.000,26.42154667,-80.16890000,1.60,10.637,-27.737,0.000,,16,18,,
T,2026-07-18 15:26:11.000,26.42154667,-80.16890000,1.50,10.637,-27.737,0.000,,16,18,,
T,2026-07-18 15:26:12.000,26.42154667,-80.16890000,1.50,10.637,-27.737,0.000,,16,18,,
T,2026-07-18 15:26:13.000,26.42154667,-80.16890000,1.50,10.637,-27.737,0.000,,16,18,,
T,2026-07-18 15:26:14.000,26.42154667,-80.16890000,1.50,10.637,-27.737,0.000,,16,18,,
T,2026-07-18 15:26:15.000,26.42154667,-80.16890000,1.50,10.637,-27.737,0.000,,16,18,,
T,2026-07-18 15:26:16.000,26.42154667,-80.16890000,1.50,10.637,-27.737,0.000,,16,18,,
T,2026-07-18 15:26:17.000,26.42154667,-80.16890000,1.50,10.637,-27.737,0.000,,16,18,,
T,2026-07-18 15:26:18.000,26.42154667,-80.16890000,1.50,10.637,-27.737,0.000,,16,18,,
T,2026-07-18 15:26:19.000,26.42154667,-80.16890000,1.50,10.637,-27.737,0.000,,16,18,,
T,2026-07-18 15:26:20.000,26.42154667,-80.16890000,1.60,10.637,-27.737,0.000,,16,18,,
T,2026-07-18 15:26:21.000,26.42154667,-80.16890000,1.60,10.637,-27.737,0.000,,16,18,,
T,2026-07-18 15:26:22.000,26.42154667,-80.16890000,1.50,10.637,-27.737,0.000,,16,18,,
T,2026-07-18 15:26:23.000,26.42154667,-80.16890000,1.50,10.637,-27.737,0.000,,16,18,,
T,2026-07-18 15:26:24.000,26.42154667,-80.16890000,1.40,10.637,-27.737,0.000,,16,18,,
T,2026-07-18 15:26:25.000,26.42154667,-80.16890000,1.40,10.637,-27.737,0.000,,16,18,,
T,2026-07-18 15:26:26.000,26.42154667,-80.16890000,1.40,10.637,-27.737,0.000,,16,18,,
T,2026-07-18 15:26:27.000,26.42154667,-80.16890000,1.40,10.637,-27.737,0.000,,16,18,,
T,2026-07-18 15:26:28.000,26.42154667,-80.16890000,1.40,10.637,-27.737,0.000,,16,18,,
T,2026-07-18 15:26:29.000,26.42154667,-80.16890000,1.50,10.637,-27.737,0.000,,16,18,,
T,2026-07-18 15:26:30.000,26.42154667,-80.16890000,1.50,10.637,-27.737,0.000,,16,18,,
T,2026-07-18 15:26:31.000,26.42154667,-80.16890000,1.50,10.637,-27.737,0.000,,16,18,,
T,2026-07-18 15:26:32.000,26.42154667,-80.16890000,1.50,10.637,-27.737,0.000,,16,18,,
T,2026-07-18 15:26:33.000,26.42154667,-80.16890000,1.50,10.637,-27.737,0.000,,16,18,,
T,2026-07-18 15:26:34.000,26.42154667,-80.16890000,1.50,10.637,-27.737,0.000,,16,18,,
T,2026-07-18 15:26:35.000,26.42154667,-80.16890000,1.40,10.637,-27.737,0.000,,16,18,,
T,2026-07-18 15:26:36.000,26.42154667,-80.16890000,1.40,10.637,-27.737,0.000,,16,18,,
T,2026-07-18 15:26:37.000,26.42154667,-80.16890000,1.40,10.637,-27.737,0.000,,16,18,,
T,2026-07-18 15:26:38.000,26.42154667,-80.16890000,1.40,10.637,-27.737,0.000,,16,18,,
T,2026-07-18 15:26:39.000,26.42154667,-80.16890000,1.40,10.637,-27.737,0.000,,16,18,,
T,2026-07-18 15:26:40.000,26.42154667,-80.16890000,1.40,10.637,-27.737,0.000,,16,18,,
T,2026-07-18 15:26:41.000,26.42154667,-80.16890000,1.40,10.637,-27.737,0.000,,16,18,,
T,2026-07-18 15:26:42.000,26.42154667,-80.16890000,1.40,10.637,-27.737,0.000,,16,18,,
T,2026-07-18 15:26:43.000,26.42154667,-80.16890000,1.50,10.637,-27.737,0.000,,16,18,,
T,2026-07-18 15:26:44.000,26.42154667,-80.16890000,1.50,10.637,-27.737,0.000,,16,18,,
T,2026-07-18 15:26:45.000,26.42154667,-80.16890000,1.60,10.637,-27.737,0.000,,16,18,,
T,2026-07-18 15:26:46.000,26.42154667,-80.16890000,1.60,10.637,-27.737,0.000,,16,18,,
T,2026-07-18 15:26:47.000,26.42154667,-80.16890000,1.60,10.637,-27.737,0.000,,16,18,,
T,2026-07-18 15:26:48.000,26.42154667,-80.16890000,1.50,10.637,-27.737,0.000,,16,18,,
T,2026-07-18 15:26:49.000,26.42154667,-80.16890000,1.50,10.637,-27.737,0.000,,16,18,,
T,2026-07-18 15:26:50.000,26.42156333,-80.16889500,1.60,13.737,-27.737,0.264,31,16,18,,
T,2026-07-18 15:26:51.000,26.42157333,-80.16889000,1.60,13.337,-27.737,0.357,28,16,18,,
T,2026-07-18 15:26:52.000,26.42158500,-80.16888833,1.70,12.837,-27.737,0.485,12,16,18,,
T,2026-07-18 15:26:53.000,26.42160000,-80.16889167,1.70,12.637,-27.737,0.649,6,16,18,,
T,2026-07-18 15:26:54.000,26.42161167,-80.16889167,1.70,12.637,-27.737,0.707,3,16,18,,
T,2026-07-18 15:26:55.000,26.42162167,-80.16889500,1.70,12.937,-27.737,0.800,354,16,18,,
T,2026-07-18 15:26:56.000,26.42162833,-80.16889000,1.70,12.937,-27.737,0.907,21,16,18,,
T,2026-07-18 15:26:57.000,26.42163833,-80.16888667,1.70,13.237,-27.737,0.988,31,16,18,,
T,2026-07-18 15:26:58.000,26.42164500,-80.16887833,1.70,13.137,-27.737,1.102,37,16,18,,
T,2026-07-18 15:26:59.000,26.42165500,-80.16887167,1.70,12.737,-27.737,1.176,23,16,18,,
T,2026-07-18 15:27:00.000,26.42166333,-80.16886167,1.80,12.437,-27.737,1.219,43,16,18,,
T,2026-07-18 15:27:01.000,26.42167500,-80.16884667,1.80,12.237,-27.737,1.251,41,16,18,,
T,2026-07-18 15:27:02.000,26.42168500,-80.16884000,1.80,12.237,-27.737,1.264,41,16,18,,
T,2026-07-18 15:27:03.000,26.42169167,-80.16882833,1.80,11.837,-27.737,1.246,43,16,18,,
T,2026-07-18 15:27:04.000,26.42170333,-80.16881833,1.80,11.637,-27.737,1.300,34,16,18,,
T,2026-07-18 15:27:05.000,26.42172000,-80.16881333,1.80,11.537,-27.737,1.359,24,16,18,,
T,2026-07-18 15:27:06.000,26.42173500,-80.16881000,1.80,11.537,-27.737,1.387,20,16,18,,
T,2026-07-18 15:27:07.000,26.42174833,-80.16880667,1.80,10.837,-27.737,1.454,30,16,18,,
T,2026-07-18 15:27:08.000,26.42176500,-80.16880000,1.70,10.537,-27.737,1.508,32,16,18,,
T,2026-07-18 15:27:09.000,26.42177667,-80.16878833,1.70,10.337,-27.737,1.550,32,16,18,,
T,2026-07-18 15:27:10.000,26.42178833,-80.16878000,1.70,10.337,-27.737,1.590,30,16,18,,
T,2026-07-18 15:27:11.000,26.42180167,-80.16877167,1.70,10.438,-27.738,1.636,31,16,18,,
T,2026-07-18 15:27:12.000,26.42181333,-80.16875833,1.70,10.638,-27.738,1.662,39,16,18,,
T,2026-07-18 15:27:13.000,26.42182500,-80.16874833,1.70,10.938,-27.738,1.687,36,16,18,,
T,2026-07-18 15:27:14.000,26.42183833,-80.16873833,1.70,10.938,-27.738,1.710,39,16,18,,
T,2026-07-18 15:27:15.000,26.42185333,-80.16872833,1.70,11.238,-27.738,1.735,36,16,18,,
T,2026-07-18 15:27:16.000,26.42186500,-80.16871500,1.70,11.238,-27.738,1.768,41,16,18,,
T,2026-07-18 15:27:17.000,26.42187667,-80.16870500,1.70,11.538,-27.738,1.778,44,16,18,,
T,2026-07-18 15:27:18.000,26.42189167,-80.16869333,1.80,11.838,-27.738,1.804,45,16,18,,
T,2026-07-18 15:27:19.000,26.42190333,-80.16868167,1.80,12.138,-27.738,1.854,44,16,18,,
T,2026-07-18 15:27:20.000,26.42191833,-80.16866000,1.80,12.338,-27.738,1.905,40,16,18,,
T,2026-07-18 15:27:21.000,26.42193500,-80.16864167,1.80,12.838,-27.738,1.979,38,16,18,,
T,2026-07-18 15:27:22.000,26.42195167,-80.16862833,1.80,12.838,-27.738,2.019,48,16,18,,
T,2026-07-18 15:27:23.000,26.42197167,-80.16861333,1.70,12.438,-27.738,2.086,39,16,18,,
T,2026-07-18 15:27:24.000,26.42199333,-80.16859333,1.70,11.838,-27.738,2.189,39,16,18,,
T,2026-07-18 15:27:25.000,26.42201000,-80.16857333,1.70,11.238,-27.738,2.291,47,16,18,,
T,2026-07-18 15:27:26.000,26.42203167,-80.16855000,1.70,10.739,-27.739,2.445,39,16,18,,
T,2026-07-18 15:27:27.000,26.42204500,-80.16852667,1.80,10.439,-27.739,2.529,55,16,18,,
T,2026-07-18 15:27:28.000,26.42205667,-80.16850500,1.90,10.239,-27.739,2.562,57,16,18,,
T,2026-07-18 15:27:29.000,26.42206833,-80.16849000,1.80,10.539,-27.739,2.580,64,16,18,,
T,2026-07-18 15:27:30.000,26.42207833,-80.16847000,1.70,10.539,-27.739,2.564,73,16,18,,
T,2026-07-18 15:27:31.000,26.42208000,-80.16845333,1.70,10.839,-27.739,2.508,80,16,18,,
T,2026-07-18 15:27:32.000,26.42208333,-80.16843500,1.70,11.139,-27.739,2.503,86,16,18,,
T,2026-07-18 15:27:33.000,26.42208667,-80.16841500,1.70,11.739,-27.739,2.439,92,16,18,,
T,2026-07-18 15:27:34.000,26.42208833,-80.16839500,1.70,12.039,-27.739,2.358,84,16,18,,
T,2026-07-18 15:27:35.000,26.42209167,-80.16837500,1.70,12.439,-27.739,2.292,80,16,18,,
T,2026-07-18 15:27:36.000,26.42210000,-80.16835333,1.70,12.739,-27.739,2.173,88,16,18,,
T,2026-07-18 15:27:37.000,26.42210500,-80.16833500,1.70,12.840,-27.740,2.074,74,16,18,,
T,2026-07-18 15:27:38.000,26.42210833,-80.16831667,1.70,12.640,-27.740,2.023,89,16,18,,
T,2026-07-18 15:27:39.000,26.42210667,-80.16829500,1.70,12.640,-27.740,2.002,86,16,18,,
T,2026-07-18 15:27:40.000,26.42210500,-80.16827167,1.70,12.440,-27.740,1.996,95,16,18,,
T,2026-07-18 15:27:41.000,26.42210000,-80.16825000,1.70,12.340,-27.740,1.992,97,16,18,,
T,2026-07-18 15:27:42.000,26.42209500,-80.16823333,1.70,12.140,-27.740,1.984,101,16,18,,
T,2026-07-18 15:27:43.000,26.42209167,-80.16821333,1.70,11.740,-27.740,2.020,92,16,18,,
T,2026-07-18 15:27:44.000,26.42208667,-80.16819500,1.70,11.940,-27.740,2.042,110,16,18,,
T,2026-07-18 15:27:45.000,26.42208667,-80.16817167,1.70,12.040,-27.740,2.042,100,16,18,,
T,2026-07-18 15:27:46.000,26.42208333,-80.16815000,1.70,12.240,-27.740,2.038,96,16,18,,
T,2026-07-18 15:27:47.000,26.42207833,-80.16812833,1.60,12.440,-27.740,2.088,97,16,18,,
T,2026-07-18 15:27:48.000,26.42207667,-80.16810333,1.60,12.340,-27.740,2.127,95,16,18,,
T,2026-07-18 15:27:49.000,26.42207667,-80.16808000,1.60,12.341,-27.741,2.132,94,16,18,,
T,2026-07-18 15:27:50.000,26.42207167,-80.16805500,1.60,12.641,-27.741,2.134,97,16,18,,
T,2026-07-18 15:27:51.000,26.42207000,-80.16803333,1.60,12.741,-27.741,2.154,93,16,18,,
T,2026-07-18 15:27:52.000,26.42206833,-80.16801333,1.60,12.841,-27.741,2.162,96,16,18,,
T,2026-07-18 15:27:53.000,26.42206667,-80.16799167,1.70,13.141,-27.741,2.161,97,16,18,,
T,2026-07-18 15:27:54.000,26.42206000,-80.16797000,1.70,13.441,-27.741,2.156,97,16,18,,
T,2026-07-18 15:27:55.000,26.42205833,-80.16795167,1.70,14.041,-27.741,2.164,97,16,18,,
T,2026-07-18 15:27:56.000,26.42206000,-80.16793333,1.70,14.241,-27.741,2.177,95,16,18,,
T,2026-07-18 15:27:57.000,26.42206167,-80.16791500,1.70,13.741,-27.741,2.190,95,16,18,,
T,2026-07-18 15:27:58.000,26.42206167,-80.16789333,1.60,13.341,-27.741,2.180,95,16,18,,
T,2026-07-18 15:27:59.000,26.42206333,-80.16787000,1.70,13.041,-27.741,2.188,94,16,18,,
T,2026-07-18 15:28:00.000,26.42206333,-80.16784667,1.70,13.041,-27.741,2.208,98,16,18,,
T,2026-07-18 15:28:01.000,26.42206167,-80.16782333,1.50,13.042,-27.742,2.231,95,16,18,,
T,2026-07-18 15:28:02.000,26.42206000,-80.16779667,1.60,13.042,-27.742,2.294,94,16,18,,
T,2026-07-18 15:28:03.000,26.42206000,-80.16776833,1.60,13.142,-27.742,2.373,95,16,18,,
T,2026-07-18 15:28:04.000,26.42205833,-80.16773500,1.60,13.442,-27.742,2.491,93,16,18,,
T,2026-07-18 15:28:05.000,26.42205833,-80.16770167,1.90,13.342,-27.742,2.614,92,16,18,,
T,2026-07-18 15:28:06.000,26.42205667,-80.16766667,2.10,13.042,-27.742,2.750,98,16,18,,
T,2026-07-18 15:28:07.000,26.42204667,-80.16763167,2.20,12.842,-27.742,2.870,107,16,18,,
T,2026-07-18 15:28:08.000,26.42203500,-80.16759833,2.20,12.843,-27.743,2.984,103,16,18,,
T,2026-07-18 15:28:09.000,26.42203167,-80.16756833,2.30,12.743,-27.743,3.076,102,16,18,,
T,2026-07-18 15:28:10.000,26.42202667,-80.16753833,2.30,13.143,-27.743,3.131,95,16,18,,
T,2026-07-18 15:28:11.000,26.42202500,-80.16750667,2.30,13.443,-27.743,3.202,93,16,18,,
T,2026-07-18 15:28:12.000,26.42202333,-80.16747500,1.90,14.043,-27.743,3.255,89,16,18,,
T,2026-07-18 15:28:13.000,26.42202667,-80.16744167,2.00,14.043,-27.743,3.291,85,16,18,,
T,2026-07-18 15:28:14.000,26.42203167,-80.16741000,2.20,14.043,-27.743,3.292,84,16,18,,
T,2026-07-18 15:28:15.000,26.42203500,-80.16737500,2.20,14.043,-27.743,3.277,84,16,18,,
T,2026-07-18 15:28:16.000,26.42204000,-80.16734000,2.30,13.644,-27.744,3.256,83,16,18,,
T,2026-07-18 15:28:17.000,26.42204333,-80.16730500,2.30,13.644,-27.744,3.257,82,16,18,,
T,2026-07-18 15:28:18.000,26.42204667,-80.16727000,2.30,13.444,-27.744,3.250,83,16,18,,
T,2026-07-18 15:28:19.000,26.42204833,-80.16723833,2.30,13.344,-27.744,3.237,88,16,18,,
T,2026-07-18 15:28:20.000,26.42204833,-80.16720833,2.30,13.144,-27.744,3.262,89,16,18,,
T,2026-07-18 15:28:21.000,26.42204833,-80.16717667,2.30,13.244,-27.744,3.274,90,16,18,,
T,2026-07-18 15:28:22.000,26.42204667,-80.16714500,2.30,13.444,-27.744,3.262,90,16,18,,
T,2026-07-18 15:28:23.000,26.42204333,-80.16711333,2.30,13.645,-27.745,3.242,91,16,18,,
T,2026-07-18 15:28:24.000,26.42203833,-80.16708167,2.30,14.045,-27.745,3.209,93,16,18,,
T,2026-07-18 15:28:25.000,26.42203500,-80.16705000,2.30,14.345,-27.745,3.201,96,16,18,,
T,2026-07-18 15:28:26.000,26.42202333,-80.16701333,1.90,14.945,-27.745,3.174,93,16,18,,
T,2026-07-18 15:28:27.000,26.42202333,-80.16698167,2.00,15.145,-27.745,3.149,91,16,18,,
T,2026-07-18 15:28:28.000,26.42202667,-80.16695167,2.10,14.745,-27.745,3.141,86,16,18,,
T,2026-07-18 15:28:29.000,26.42203333,-80.16692500,2.20,14.445,-27.745,3.187,85,16,18,,
T,2026-07-18 15:28:30.000,26.42203667,-80.16689000,2.20,14.745,-27.745,3.220,84,16,18,,
T,2026-07-18 15:28:31.000,26.42204333,-80.16686000,2.30,14.746,-27.746,3.171,93,16,18,,
T,2026-07-18 15:28:32.000,26.42204667,-80.16683500,2.30,14.446,-27.746,3.178,92,16,18,,
T,2026-07-18 15:28:33.000,26.42204833,-80.16681333,2.00,13.546,-27.746,3.180,96,16,18,,
T,2026-07-18 15:28:34.000,26.42204500,-80.16678167,2.10,13.546,-27.746,3.193,104,16,18,,
T,2026-07-18 15:28:35.000,26.42203833,-80.16675000,2.20,13.446,-27.746,3.131,107,16,18,,
T,2026-07-18 15:28:36.000,26.42203000,-80.16672667,2.30,13.346,-27.746,3.039,112,16,18,,
T,2026-07-18 15:28:37.000,26.42201333,-80.16670333,1.90,13.546,-27.746,2.937,120,16,18,,
T,2026-07-18 15:28:38.000,26.42200167,-80.16668333,1.70,14.046,-27.746,2.841,122,16,18,,
T,2026-07-18 15:28:39.000,26.42199333,-80.16666000,1.70,14.346,-27.746,2.706,123,16,18,,
T,2026-07-18 15:28:40.000,26.42198500,-80.16663833,1.60,14.546,-27.746,2.580,122,16,18,,
T,2026-07-18 15:28:41.000,26.42197667,-80.16661667,1.60,14.447,-27.747,2.537,125,16,18,,
T,2026-07-18 15:28:42.000,26.42196333,-80.16659667,1.60,14.447,-27.747,2.451,125,16,18,,
T,2026-07-18 15:28:43.000,26.42194833,-80.16657833,1.60,14.547,-27.747,2.372,128,16,18,,
T,2026-07-18 15:28:44.000,26.42193500,-80.16655833,1.60,14.547,-27.747,2.314,128,16,18,,
T,2026-07-18 15:28:45.000,26.42191833,-80.16654000,1.60,14.647,-27.747,2.329,132,16,18,,
T,2026-07-18 15:28:46.000,26.42189833,-80.16651833,1.70,14.747,-27.747,2.383,133,16,18,,
T,2026-07-18 15:28:47.000,26.42187833,-80.16649833,1.70,14.647,-27.747,2.429,134,16,18,,
T,2026-07-18 15:28:48.000,26.42185667,-80.16647500,1.70,14.447,-27.747,2.496,137,16,18,,
T,2026-07-18 15:28:49.000,26.42183167,-80.16645500,1.70,14.247,-27.747,2.542,140,16,18,,
T,2026-07-18 15:28:50.000,26.42181333,-80.16643667,1.70,14.047,-27.747,2.577,139,16,18,,
T,2026-07-18 15:28:51.000,26.42179500,-80.16642000,1.70,13.847,-27.747,2.607,138,16,18,,
T,2026-07-18 15:28:52.000,26.42178000,-80.16640500,1.70,14.047,-27.747,2.642,136,16,18,,
T,2026-07-18 15:28:53.000,26.42176333,-80.16638667,1.70,14.147,-27.747,2.685,134,16,18,,
T,2026-07-18 15:28:54.000,26.42174833,-80.16636500,1.70,14.247,-27.747,2.728,132,16,18,,
T,2026-07-18 15:28:55.000,26.42173167,-80.16634333,1.70,14.248,-27.748,2.728,132,16,18,,
T,2026-07-18 15:28:56.000,26.42171500,-80.16632000,1.70,13.748,-27.748,2.748,132,16,18,,
T,2026-07-18 15:28:57.000,26.42169667,-80.16629667,1.70,13.848,-27.748,2.792,136,16,18,,
T,2026-07-18 15:28:58.000,26.42167833,-80.16627333,1.70,13.748,-27.748,2.826,135,16,18,,
T,2026-07-18 15:28:59.000,26.42165667,-80.16625000,2.00,13.548,-27.748,2.859,135,16,18,,
T,2026-07-18 15:29:00.000,26.42163500,-80.16622833,2.10,13.648,-27.748,2.910,141,16,18,,
T,2026-07-18 15:29:01.000,26.42161000,-80.16621167,1.90,14.148,-27.748,2.952,140,16,18,,
T,2026-07-18 15:29:02.000,26.42158833,-80.16619167,2.10,14.248,-27.748,2.979,143,16,18,,
T,2026-07-18 15:29:03.000,26.42156667,-80.16617500,2.20,14.448,-27.748,2.985,145,16,18,,
T,2026-07-18 15:29:04.000,26.42155000,-80.16616333,2.00,14.848,-27.748,2.955,148,16,18,,
T,2026-07-18 15:29:05.000,26.42152833,-80.16614833,1.90,15.148,-27.748,3.014,140,16,18,,
T,2026-07-18 15:29:06.000,26.42150833,-80.16613667,1.90,14.948,-27.748,2.972,146,16,18,,
T,2026-07-18 15:29:07.000,26.42148833,-80.16612333,2.10,15.248,-27.748,2.928,153,16,18,,
T,2026-07-18 15:29:08.000,26.42146833,-80.16611167,2.00,15.348,-27.748,2.844,154,16,18,,
T,2026-07-18 15:29:09.000,26.42144667,-80.16610333,1.90,15.548,-27.748,2.775,157,16,18,,
T,2026-07-18 15:29:10.000,26.42143167,-80.16609333,1.70,15.748,-27.748,2.701,152,16,18,,
T,2026-07-18 15:29:11.000,26.42141000,-80.16608167,1.70,15.748,-27.748,2.625,153,16,18,,
T,2026-07-18 15:29:12.000,26.42139000,-80.16607000,1.70,15.548,-27.748,2.574,147,16,18,,
T,2026-07-18 15:29:13.000,26.42136833,-80.16606000,1.70,14.548,-27.748,2.515,150,16,18,,
T,2026-07-18 15:29:14.000,26.42135000,-80.16604167,1.70,14.449,-27.749,2.504,145,16,18,,
T,2026-07-18 15:29:15.000,26.42133000,-80.16602500,1.70,14.449,-27.749,2.441,150,16,18,,
T,2026-07-18 15:29:16.000,26.42130333,-80.16600667,1.60,14.749,-27.749,2.478,153,16,18,,
T,2026-07-18 15:29:17.000,26.42127667,-80.16599000,1.70,14.549,-27.749,2.492,151,16,18,,
T,2026-07-18 15:29:18.000,26.42125333,-80.16597833,1.70,14.249,-27.749,2.529,149,16,18,,
T,2026-07-18 15:29:19.000,26.42123167,-80.16596667,1.70,14.149,-27.749,2.569,151,16,18,,
T,2026-07-18 15:29:20.000,26.42121000,-80.16595333,1.60,14.149,-27.749,2.603,151,16,18,,
T,2026-07-18 15:29:21.000,26.42118667,-80.16594333,1.60,13.949,-27.749,2.614,151,16,18,,
T,2026-07-18 15:29:22.000,26.42117167,-80.16593167,1.70,13.949,-27.749,2.612,153,16,18,,
T,2026-07-18 15:29:23.000,26.42115167,-80.16592167,1.70,13.849,-27.749,2.617,157,16,18,,
T,2026-07-18 15:29:24.000,26.42113333,-80.16590833,1.70,13.849,-27.749,2.600,155,16,18,,
T,2026-07-18 15:29:25.000,26.42111833,-80.16589667,1.70,13.749,-27.749,2.560,164,16,18,,
T,2026-07-18 15:29:26.000,26.42110500,-80.16588833,1.70,14.049,-27.749,2.514,160,16,18,,
T,2026-07-18 15:29:27.000,26.42108500,-80.16588333,1.60,14.549,-27.749,2.495,164,16,18,,
T,2026-07-18 15:29:28.000,26.42106500,-80.16587833,1.60,14.349,-27.749,2.469,163,16,18,,
T,2026-07-18 15:29:29.000,26.42104667,-80.16587500,1.60,14.049,-27.749,2.439,163,16,18,,
T,2026-07-18 15:29:30.000,26.42102500,-80.16586667,1.60,13.849,-27.749,2.430,160,16,18,,
T,2026-07-18 15:29:31.000,26.42100500,-80.16586333,1.70,13.249,-27.749,2.454,162,16,18,,
T,2026-07-18 15:29:32.000,26.42098333,-80.16585833,1.60,13.049,-27.749,2.498,154,16,18,,
T,2026-07-18 15:29:33.000,26.42096000,-80.16585000,1.70,13.049,-27.749,2.509,157,16,18,,
T,2026-07-18 15:29:34.000,26.42093500,-80.16584500,1.70,13.349,-27.749,2.564,160,16,18,,
T,2026-07-18 15:29:35.000,26.42091000,-80.16583667,1.70,13.149,-27.749,2.653,158,16,18,,
T,2026-07-18 15:29:36.000,26.42088500,-80.16582500,1.80,12.749,-27.749,2.732,155,16,18,,
T,2026-07-18 15:29:37.000,26.42086167,-80.16581500,2.00,12.449,-27.749,2.765,158,16,18,,
T,2026-07-18 15:29:38.000,26.42083833,-80.16580167,2.20,12.349,-27.749,2.816,154,16,18,,
T,2026-07-18 15:29:39.000,26.42081333,-80.16578500,1.90,12.549,-27.749,2.863,147,16,18,,
T,2026-07-18 15:29:40.000,26.42079500,-80.16577167,1.70,13.349,-27.749,2.881,148,16,18,,
T,2026-07-18 15:29:41.000,26.42077667,-80.16576000,1.70,13.649,-27.749,2.868,152,16,18,,
T,2026-07-18 15:29:42.000,26.42075500,-80.16575167,1.60,13.149,-27.749,2.853,146,16,18,,
T,2026-07-18 15:29:43.000,26.42073167,-80.16574000,1.60,13.049,-27.749,2.840,156,16,18,,
T,2026-07-18 15:29:44.000,26.42071167,-80.16572833,1.60,13.049,-27.749,2.784,157,16,18,,
T,2026-07-18 15:29:45.000,26.42068833,-80.16571500,1.70,12.850,-27.750,2.736,153,16,18,,
T,2026-07-18 15:29:46.000,26.42066333,-80.16570333,1.70,12.550,-27.750,2.682,156,16,18,,
T,2026-07-18 15:29:47.000,26.42063667,-80.16569000,1.80,12.250,-27.750,2.660,158,16,18,,
T,2026-07-18 15:29:48.000,26.42061167,-80.16567833,1.80,11.750,-27.750,2.633,157,16,18,,
T,2026-07-18 15:29:49.000,26.42059167,-80.16566833,1.70,11.850,-27.750,2.594,163,16,18,,
T,2026-07-18 15:29:50.000,26.42057833,-80.16566000,1.80,11.950,-27.750,2.571,150,16,18,,
T,2026-07-18 15:29:51.000,26.42056167,-80.16565167,1.80,12.250,-27.750,2.527,158,16,18,,
T,2026-07-18 15:29:52.000,26.42054667,-80.16564667,1.70,12.850,-27.750,2.462,158,16,18,,
T,2026-07-18 15:29:53.000,26.42053000,-80.16563667,1.70,13.150,-27.750,2.443,155,16,18,,
T,2026-07-18 15:29:54.000,26.42051167,-80.16562500,1.70,13.250,-27.750,2.446,154,16,18,,
T,2026-07-18 15:29:55.000,26.42049167,-80.16561333,1.70,12.750,-27.750,2.451,146,15,18,,
T,2026-07-18 15:29:56.000,26.42047167,-80.16560167,1.80,12.350,-27.750,2.424,159,16,18,,
T,2026-07-18 15:29:57.000,26.42044833,-80.16559667,1.70,12.550,-27.750,2.362,173,16,18,,
T,2026-07-18 15:29:58.000,26.42042333,-80.16559333,1.70,12.750,-27.750,2.321,168,16,18,,
T,2026-07-18 15:29:59.000,26.42040500,-80.16559000,1.80,12.650,-27.750,2.232,164,16,18,,
T,2026-07-18 15:30:00.000,26.42039000,-80.16558500,1.70,12.550,-27.750,2.189,158,16,18,,
T,2026-07-18 15:30:01.000,26.42037167,-80.16558000,1.80,11.950,-27.750,2.239,160,16,18,,
T,2026-07-18 15:30:02.000,26.42035000,-80.16558333,1.80,12.050,-27.750,2.276,174,16,18,,
T,2026-07-18 15:30:03.000,26.42032833,-80.16558333,1.90,12.250,-27.750,2.313,182,16,18,,
T,2026-07-18 15:30:04.000,26.42030667,-80.16559000,1.80,11.850,-27.750,2.242,182,16,18,,
T,2026-07-18 15:30:05.000,26.42029000,-80.16559000,1.70,11.850,-27.750,2.151,183,16,18,,
T,2026-07-18 15:30:06.000,26.42027167,-80.16559333,1.70,12.550,-27.750,2.123,179,16,18,,
T,2026-07-18 15:30:07.000,26.42025000,-80.16560167,1.70,12.450,-27.750,2.193,189,16,18,,
T,2026-07-18 15:30:08.000,26.42023167,-80.16559167,1.80,11.750,-27.750,2.209,177,16,18,,
T,2026-07-18 15:30:09.000,26.42021000,-80.16558500,1.90,10.850,-27.750,2.251,164,16,18,,
T,2026-07-18 15:30:10.000,26.42020167,-80.16557000,1.80,10.450,-27.750,2.225,147,16,18,,
T,2026-07-18 15:30:11.000,26.42019333,-80.16555167,1.80,10.350,-27.750,2.151,134,16,18,,
T,2026-07-18 15:30:12.000,26.42017667,-80.16553167,1.80,9.950,-27.750,2.113,127,17,18,,
T,2026-07-18 15:30:13.000,26.42016167,-80.16551167,1.80,10.350,-27.750,2.088,116,17,18,,
T,2026-07-18 15:30:14.000,26.42015333,-80.16549333,1.70,10.250,-27.750,2.184,87,17,18,,
T,2026-07-18 15:30:15.000,26.42015667,-80.16546167,1.70,10.150,-27.750,2.287,76,17,18,,
T,2026-07-18 15:30:16.000,26.42016500,-80.16543500,1.80,9.850,-27.750,2.371,72,17,18,,
T,2026-07-18 15:30:17.000,26.42017833,-80.16540833,1.80,10.750,-27.750,2.379,74,17,18,,
T,2026-07-18 15:30:18.000,26.42019167,-80.16538000,1.90,10.851,-27.751,2.403,73,17,18,,
T,2026-07-18 15:30:19.000,26.42020833,-80.16535333,1.80,10.351,-27.751,2.512,67,17,18,,
T,2026-07-18 15:30:20.000,26.42022000,-80.16532167,1.80,9.651,-27.751,2.648,69,17,18,,
T,2026-07-18 15:30:21.000,26.42022833,-80.16529167,2.00,9.351,-27.751,2.788,69,17,18,,
T,2026-07-18 15:30:22.000,26.42024000,-80.16526333,2.10,9.051,-27.751,2.889,65,17,18,,
T,2026-07-18 15:30:23.000,26.42025000,-80.16523667,2.20,8.651,-27.751,2.967,66,17,18,,
T,2026-07-18 15:30:24.000,26.42026167,-80.16520667,2.30,8.551,-27.751,3.047,64,17,18,,
T,2026-07-18 15:30:25.000,26.42027333,-80.16517500,2.30,8.151,-27.751,3.101,66,16,18,,
T,2026-07-18 15:30:26.000,26.42028500,-80.16514167,2.30,7.552,-27.752,3.125,68,16,18,,
T,2026-07-18 15:30:27.000,26.42029667,-80.16511333,2.30,7.352,-27.752,3.165,68,17,18,,
T,2026-07-18 15:30:28.000,26.42030833,-80.16508833,2.30,7.452,-27.752,3.213,68,17,18,,
T,2026-07-18 15:30:29.000,26.42032167,-80.16506000,2.30,7.552,-27.752,3.204,67,17,18,,
T,2026-07-18 15:30:30.000,26.42033500,-80.16503167,2.30,7.952,-27.752,3.191,68,17,18,,
T,2026-07-18 15:30:31.000,26.42034167,-80.16500833,2.40,8.152,-27.752,3.127,72,17,18,,
T,2026-07-18 15:30:32.000,26.42034500,-80.16498500,2.30,8.252,-27.752,3.061,86,17,18,,
T,2026-07-18 15:30:33.000,26.42033833,-80.16496000,1.80,8.852,-27.752,3.014,79,17,18,,
T,2026-07-18 15:30:34.000,26.42033167,-80.16494500,1.80,9.752,-27.752,2.813,127,17,18,,
T,2026-07-18 15:30:35.000,26.42032000,-80.16493000,1.70,10.553,-27.753,2.669,128,17,18,,
T,2026-07-18 15:30:36.000,26.42030667,-80.16491167,1.70,11.253,-27.753,2.613,131,17,18,,
T,2026-07-18 15:30:37.000,26.42028667,-80.16489167,1.70,11.753,-27.753,2.563,145,17,18,,
T,2026-07-18 15:30:38.000,26.42027000,-80.16487167,1.70,12.153,-27.753,2.528,127,17,18,,
T,2026-07-18 15:30:39.000,26.42025500,-80.16484833,1.70,11.653,-27.753,2.501,125,17,18,,
T,2026-07-18 15:30:40.000,26.42024500,-80.16482167,1.80,11.453,-27.753,2.471,116,17,18,,
T,2026-07-18 15:30:41.000,26.42023667,-80.16479167,1.70,10.953,-27.753,2.464,98,17,18,,
T,2026-07-18 15:30:42.000,26.42023833,-80.16476500,1.70,10.953,-27.753,2.478,89,17,18,,
T,2026-07-18 15:30:43.000,26.42023833,-80.16474333,1.70,11.053,-27.753,2.442,81,17,18,,
T,2026-07-18 15:30:44.000,26.42023833,-80.16472000,1.70,11.053,-27.753,2.511,71,17,18,,
T,2026-07-18 15:30:45.000,26.42024333,-80.16470000,1.70,10.953,-27.753,2.525,75,17,18,,
T,2026-07-18 15:30:46.000,26.42024667,-80.16467667,1.70,10.954,-27.754,2.470,77,17,18,,
T,2026-07-18 15:30:47.000,26.42025500,-80.16465167,1.70,10.854,-27.754,2.421,71,16,18,,
T,2026-07-18 15:30:48.000,26.42026333,-80.16463000,1.70,10.454,-27.754,2.374,74,17,18,,
T,2026-07-18 15:30:49.000,26.42027167,-80.16460833,1.70,10.054,-27.754,2.312,69,17,18,,
T,2026-07-18 15:30:50.000,26.42028000,-80.16458833,1.70,9.954,-27.754,2.261,71,17,18,,
T,2026-07-18 15:30:51.000,26.42029000,-80.16457000,1.70,9.454,-27.754,2.236,69,17,18,,
T,2026-07-18 15:30:52.000,26.42030000,-80.16455000,1.70,9.054,-27.754,2.206,69,17,18,,
T,2026-07-18 15:30:53.000,26.42030833,-80.16453333,1.70,8.954,-27.754,2.205,67,17,18,,
T,2026-07-18 15:30:54.000,26.42031500,-80.16450833,1.70,9.054,-27.754,2.216,76,17,18,,
T,2026-07-18 15:30:55.000,26.42032167,-80.16448833,1.70,8.854,-27.754,2.230,79,17,18,,
T,2026-07-18 15:30:56.000,26.42033167,-80.16446167,1.70,8.954,-27.754,2.247,72,17,18,,
T,2026-07-18 15:30:57.000,26.42034167,-80.16443667,1.80,9.355,-27.755,2.278,70,17,18,,
T,2026-07-18 15:30:58.000,26.42035000,-80.16440833,1.80,9.855,-27.755,2.316,69,17,18,,
T,2026-07-18 15:30:59.000,26.42035833,-80.16438500,1.70,10.055,-27.755,2.340,65,17,18,,
T,2026-07-18 15:31:00.000,26.42036500,-80.16435333,1.70,9.555,-27.755,2.438,70,17,18,,
T,2026-07-18 15:31:01.000,26.42037500,-80.16432167,1.80,9.055,-27.755,2.511,68,17,18,,
T,2026-07-18 15:31:02.000,26.42038667,-80.16429500,2.00,8.555,-27.755,2.603,69,17,18,,
T,2026-07-18 15:31:03.000,26.42039667,-80.16426667,2.10,8.255,-27.755,2.704,61,17,18,,
T,2026-07-18 15:31:04.000,26.42040667,-80.16424167,2.20,8.155,-27.755,2.799,66,17,18,,
T,2026-07-18 15:31:05.000,26.42041000,-80.16421333,2.20,8.356,-27.756,2.879,68,17,18,,
T,2026-07-18 15:31:06.000,26.42041833,-80.16418833,2.20,8.556,-27.756,2.950,71,17,18,,
T,2026-07-18 15:31:07.000,26.42042833,-80.16416333,2.20,8.556,-27.756,2.994,78,17,18,,
T,2026-07-18 15:31:08.000,26.42043500,-80.16413500,2.30,8.556,-27.756,3.040,72,17,18,,
T,2026-07-18 15:31:09.000,26.42044333,-80.16410833,1.90,8.356,-27.756,3.104,79,17,18,,
T,2026-07-18 15:31:10.000,26.42045167,-80.16407833,2.10,8.356,-27.756,3.071,74,17,18,,
T,2026-07-18 15:31:11.000,26.42046000,-80.16404833,2.20,8.156,-27.756,3.081,69,17,18,,
T,2026-07-18 15:31:12.000,26.42047500,-80.16401167,1.90,7.856,-27.756,3.082,64,17,18,,
T,2026-07-18 15:31:13.000,26.42048667,-80.16398333,2.10,7.857,-27.757,3.075,67,17,18,,
T,2026-07-18 15:31:14.000,26.42049500,-80.16395333,2.20,7.857,-27.757,3.076,79,17,18,,
T,2026-07-18 15:31:15.000,26.42050167,-80.16392167,2.30,7.857,-27.757,3.102,73,17,18,,
T,2026-07-18 15:31:16.000,26.42050833,-80.16389000,2.40,8.257,-27.757,3.100,81,17,18,,
T,2026-07-18 15:31:17.000,26.42051500,-80.16386333,2.40,8.357,-27.757,3.092,72,17,18,,
T,2026-07-18 15:31:18.000,26.42053833,-80.16384333,2.00,9.557,-27.757,3.073,68,17,18,,
T,2026-07-18 15:31:19.000,26.42055000,-80.16380833,1.90,10.657,-27.757,3.103,73,17,18,,
T,2026-07-18 15:31:20.000,26.42056333,-80.16377333,1.90,10.957,-27.757,3.145,69,17,18,,
T,2026-07-18 15:31:21.000,26.42057000,-80.16374167,2.10,10.958,-27.758,3.175,76,17,18,,
T,2026-07-18 15:31:22.000,26.42057500,-80.16370833,2.20,10.758,-27.758,3.199,79,17,18,,
T,2026-07-18 15:31:23.000,26.42058333,-80.16367333,2.30,10.658,-27.758,3.204,81,17,18,,
T,2026-07-18 15:31:24.000,26.42058333,-80.16364000,2.30,10.258,-27.758,3.221,78,16,18,,
T,2026-07-18 15:31:25.000,26.42059000,-80.16360500,2.30,9.758,-27.758,3.230,77,17,18,,
T,2026-07-18 15:31:26.000,26.42059833,-80.16357167,2.40,9.758,-27.758,3.289,78,17,18,,
T,2026-07-18 15:31:27.000,26.42060500,-80.16353833,2.40,9.758,-27.758,3.344,75,17,18,,
T,2026-07-18 15:31:28.000,26.42061167,-80.16350500,2.40,9.859,-27.759,3.395,77,17,18,,
T,2026-07-18 15:31:29.000,26.42061833,-80.16347167,2.40,9.759,-27.759,3.401,76,17,18,,
T,2026-07-18 15:31:30.000,26.42062167,-80.16343833,2.40,9.659,-27.759,3.404,78,17,18,,
T,2026-07-18 15:31:31.000,26.42062833,-80.16340667,2.40,9.559,-27.759,3.414,79,17,18,,
T,2026-07-18 15:31:32.000,26.42063500,-80.16337000,2.30,9.459,-27.759,3.450,80,17,18,,
T,2026-07-18 15:31:33.000,26.42064000,-80.16333333,2.30,9.559,-27.759,3.482,79,17,18,,
T,2026-07-18 15:31:34.000,26.42064333,-80.16329667,2.30,9.659,-27.759,3.498,80,17,18,,
T,2026-07-18 15:31:35.000,26.42064667,-80.16326000,2.30,9.660,-27.760,3.507,78,17,18,,
T,2026-07-18 15:31:36.000,26.42065333,-80.16322500,2.30,9.760,-27.760,3.533,84,17,18,,
T,2026-07-18 15:31:37.000,26.42066500,-80.16319167,2.30,10.160,-27.760,3.532,80,17,18,,
T,2026-07-18 15:31:38.000,26.42066833,-80.16315833,2.40,10.460,-27.760,3.532,83,17,18,,
T,2026-07-18 15:31:39.000,26.42067833,-80.16312500,2.40,10.660,-27.760,3.543,81,17,18,,
T,2026-07-18 15:31:40.000,26.42068667,-80.16309333,2.50,10.560,-27.760,3.540,84,17,18,,
T,2026-07-18 15:31:41.000,26.42069167,-80.16306000,2.50,10.560,-27.760,3.530,83,17,18,,
T,2026-07-18 15:31:42.000,26.42069833,-80.16302500,2.50,10.361,-27.761,3.508,84,17,18,,
T,2026-07-18 15:31:43.000,26.42070000,-80.16299500,2.60,10.361,-27.761,3.483,86,16,18,,
T,2026-07-18 15:31:44.000,26.42070500,-80.16296500,2.50,10.461,-27.761,3.452,84,17,18,,
T,2026-07-18 15:31:45.000,26.42070833,-80.16293667,2.50,10.361,-27.761,3.459,86,16,18,,
T,2026-07-18 15:31:46.000,26.42071000,-80.16290333,2.50,10.461,-27.761,3.425,87,17,18,,
T,2026-07-18 15:31:47.000,26.42071000,-80.16287000,2.40,10.061,-27.761,3.431,92,17,18,,
T,2026-07-18 15:31:48.000,26.42071333,-80.16283833,2.40,9.861,-27.761,3.449,90,16,18,,
T,2026-07-18 15:31:49.000,26.42071167,-80.16280500,2.50,9.862,-27.762,3.437,90,17,18,,
T,2026-07-18 15:31:50.000,26.42071167,-80.16277500,2.50,9.862,-27.762,3.442,93,17,18,,
T,2026-07-18 15:31:51.000,26.42071167,-80.16274167,2.50,9.962,-27.762,3.433,89,17,18,,
T,2026-07-18 15:31:52.000,26.42071333,-80.16270833,2.50,10.162,-27.762,3.407,88,17,18,,
T,2026-07-18 15:31:53.000,26.42071667,-80.16267667,2.50,10.162,-27.762,3.401,90,17,18,,
T,2026-07-18 15:31:54.000,26.42071833,-80.16264167,2.50,9.962,-27.762,3.408,91,16,18,,
T,2026-07-18 15:31:55.000,26.42072000,-80.16260667,2.50,9.862,-27.762,3.382,89,17,18,,
T,2026-07-18 15:31:56.000,26.42072000,-80.16257000,2.50,9.462,-27.762,3.382,90,17,18,,
T,2026-07-18 15:31:57.000,26.42072167,-80.16253333,2.50,9.663,-27.763,3.377,90,17,18,,
T,2026-07-18 15:31:58.000,26.42072167,-80.16249833,2.50,9.663,-27.763,3.353,90,17,18,,
T,2026-07-18 15:31:59.000,26.42071833,-80.16246500,2.50,9.863,-27.763,3.364,93,16,18,,
T,2026-07-18 15:32:00.000,26.42071833,-80.16242833,2.50,10.263,-27.763,3.371,90,16,18,,
T,2026-07-18 15:32:01.000,26.42072000,-80.16239667,2.40,9.963,-27.763,3.337,89,17,18,,
T,2026-07-18 15:32:02.000,26.42072000,-80.16236500,2.40,9.863,-27.763,3.353,95,16,18,,
T,2026-07-18 15:32:03.000,26.42071333,-80.16233500,2.00,9.163,-27.763,3.351,97,16,18,,
T,2026-07-18 15:32:04.000,26.42071167,-80.16230333,2.10,9.064,-27.764,3.343,94,16,18,,
T,2026-07-18 15:32:05.000,26.42071000,-80.16227000,2.20,9.064,-27.764,3.325,97,17,18,,
T,2026-07-18 15:32:06.000,26.42070667,-80.16223333,2.20,9.064,-27.764,3.295,98,17,18,,
T,2026-07-18 15:32:07.000,26.42070667,-80.16219667,2.30,9.064,-27.764,3.273,98,17,18,,
T,2026-07-18 15:32:08.000,26.42070500,-80.16216000,2.20,9.164,-27.764,3.244,99,16,18,,
T,2026-07-18 15:32:09.000,26.42070167,-80.16212500,2.30,9.464,-27.764,3.245,96,17,18,,
T,2026-07-18 15:32:10.000,26.42070167,-80.16208833,2.30,9.564,-27.764,3.242,95,17,18,,
T,2026-07-18 15:32:11.000,26.42069833,-80.16205167,2.30,9.565,-27.765,3.283,97,17,18,,
T,2026-07-18 15:32:12.000,26.42069500,-80.16201500,2.30,9.365,-27.765,3.277,96,16,18,,
T,2026-07-18 15:32:13.000,26.42069333,-80.16197833,2.20,9.065,-27.765,3.285,100,16,18,,
T,2026-07-18 15:32:14.000,26.42069000,-80.16194667,2.30,8.965,-27.765,3.303,100,17,18,,
T,2026-07-18 15:32:15.000,26.42068500,-80.16191167,2.30,8.765,-27.765,3.325,101,17,18,,
T,2026-07-18 15:32:16.000,26.42068000,-80.16187667,2.30,8.765,-27.765,3.355,96,17,18,,
T,2026-07-18 15:32:17.000,26.42067667,-80.16184333,2.30,8.765,-27.765,3.364,99,17,18,,
T,2026-07-18 15:32:18.000,26.42067000,-80.16181000,2.30,8.466,-27.766,3.390,100,17,18,,
T,2026-07-18 15:32:19.000,26.42066500,-80.16177667,2.20,8.466,-27.766,3.388,97,17,18,,
T,2026-07-18 15:32:20.000,26.42066333,-80.16174167,2.20,8.166,-27.766,3.370,100,17,18,,
T,2026-07-18 15:32:21.000,26.42065833,-80.16170833,2.30,8.066,-27.766,3.367,100,17,18,,
T,2026-07-18 15:32:22.000,26.42065333,-80.16167500,2.20,8.066,-27.766,3.366,98,17,18,,
T,2026-07-18 15:32:23.000,26.42064833,-80.16164000,2.30,7.966,-27.766,3.354,103,17,18,,
T,2026-07-18 15:32:24.000,26.42064000,-80.16161000,2.30,7.966,-27.766,3.327,104,17,18,,
T,2026-07-18 15:32:25.000,26.42063333,-80.16157833,2.30,7.867,-27.767,3.305,100,17,18,,
T,2026-07-18 15:32:26.000,26.42062667,-80.16154500,2.30,7.567,-27.767,3.275,99,17,18,,
T,2026-07-18 15:32:27.000,26.42062167,-80.16151167,2.30,7.567,-27.767,3.267,104,17,18,,
T,2026-07-18 15:32:28.000,26.42061333,-80.16148000,2.30,7.067,-27.767,3.273,100,17,18,,
T,2026-07-18 15:32:29.000,26.42060500,-80.16144833,2.30,7.267,-27.767,3.253,101,17,18,,
T,2026-07-18 15:32:30.000,26.42059833,-80.16141667,2.30,7.567,-27.767,3.253,102,17,18,,
T,2026-07-18 15:32:31.000,26.42059167,-80.16138500,2.30,7.867,-27.767,3.232,105,17,18,,
T,2026-07-18 15:32:32.000,26.42058167,-80.16135333,2.20,8.267,-27.767,3.214,110,17,18,,
T,2026-07-18 15:32:33.000,26.42057333,-80.16132333,2.20,8.268,-27.768,3.181,118,17,18,,
T,2026-07-18 15:32:34.000,26.42056333,-80.16129000,2.20,8.168,-27.768,3.175,113,17,18,,
T,2026-07-18 15:32:35.000,26.42055167,-80.16126167,1.90,8.468,-27.768,3.189,104,17,18,,
T,2026-07-18 15:32:36.000,26.42054167,-80.16123000,2.00,8.568,-27.768,3.201,108,17,18,,
T,2026-07-18 15:32:37.000,26.42053333,-80.16120000,2.10,8.468,-27.768,3.199,107,17,18,,
T,2026-07-18 15:32:38.000,26.42052167,-80.16117000,2.20,8.568,-27.768,3.184,110,17,18,,
T,2026-07-18 15:32:39.000,26.42051167,-80.16114167,2.20,8.668,-27.768,3.176,107,17,18,,
T,2026-07-18 15:32:40.000,26.42050333,-80.16111333,2.30,8.768,-27.768,3.178,109,17,18,,
T,2026-07-18 15:32:41.000,26.42049500,-80.16108167,2.30,8.768,-27.768,3.188,108,17,18,,
T,2026-07-18 15:32:42.000,26.42048667,-80.16105000,2.30,8.869,-27.769,3.202,108,17,18,,
T,2026-07-18 15:32:43.000,26.42048000,-80.16101500,2.30,8.969,-27.769,3.233,107,17,18,,
T,2026-07-18 15:32:44.000,26.42047333,-80.16098333,2.30,9.069,-27.769,3.238,107,17,18,,
T,2026-07-18 15:32:45.000,26.42046667,-80.16095000,2.30,8.769,-27.769,3.233,110,17,18,,
T,2026-07-18 15:32:46.000,26.42046000,-80.16092000,2.30,8.569,-27.769,3.215,108,17,18,,
T,2026-07-18 15:32:47.000,26.42045167,-80.16089167,2.30,9.069,-27.769,3.201,111,17,18,,
T,2026-07-18 15:32:48.000,26.42044333,-80.16086500,2.30,9.469,-27.769,3.163,114,17,18,,
T,2026-07-18 15:32:49.000,26.42043167,-80.16083500,2.30,9.669,-27.769,3.158,116,17,18,,
T,2026-07-18 15:32:50.000,26.42041500,-80.16080000,1.90,9.970,-27.770,3.169,116,17,18,,
T,2026-07-18 15:32:51.000,26.42040500,-80.16077000,2.10,9.770,-27.770,3.156,114,17,18,,
T,2026-07-18 15:32:52.000,26.42039500,-80.16074000,2.20,10.170,-27.770,3.174,113,17,18,,
T,2026-07-18 15:32:53.000,26.42038500,-80.16070667,2.30,10.470,-27.770,3.208,113,17,18,,
T,2026-07-18 15:32:54.000,26.42037500,-80.16067833,2.30,10.470,-27.770,3.190,115,17,18,,
T,2026-07-18 15:32:55.000,26.42036500,-80.16065167,2.30,10.670,-27.770,3.155,116,17,18,,
T,2026-07-18 15:32:56.000,26.42035667,-80.16062333,2.00,11.170,-27.770,3.152,116,17,18,,
T,2026-07-18 15:32:57.000,26.42034333,-80.16059333,1.80,11.470,-27.770,3.160,116,17,18,,
T,2026-07-18 15:32:58.000,26.42033167,-80.16056500,2.00,11.771,-27.771,3.201,119,17,18,,
T,2026-07-18 15:32:59.000,26.42032000,-80.16053667,2.20,11.871,-27.771,3.191,115,17,18,,
T,2026-07-18 15:33:00.000,26.42030667,-80.16050833,2.20,12.171,-27.771,3.178,118,17,18,,
T,2026-07-18 15:33:01.000,26.42029333,-80.16048000,2.30,12.371,-27.771,3.186,118,17,18,,
T,2026-07-18 15:33:02.000,26.42028000,-80.16045000,2.30,12.271,-27.771,3.145,119,17,18,,
T,2026-07-18 15:33:03.000,26.42026667,-80.16042167,2.30,12.671,-27.771,3.089,119,17,18,,
T,2026-07-18 15:33:04.000,26.42025167,-80.16039167,2.30,12.671,-27.771,3.124,119,17,18,,
T,2026-07-18 15:33:05.000,26.42023833,-80.16036167,1.80,13.171,-27.771,3.156,121,17,18,,
T,2026-07-18 15:33:06.000,26.42022333,-80.16033333,2.00,13.071,-27.771,3.175,122,17,18,,
T,2026-07-18 15:33:07.000,26.42021000,-80.16030667,2.10,12.872,-27.772,3.174,119,17,18,,
T,2026-07-18 15:33:08.000,26.42019667,-80.16027833,2.20,12.772,-27.772,3.161,119,17,18,,
T,2026-07-18 15:33:09.000,26.42018333,-80.16025167,2.20,12.872,-27.772,3.169,120,17,18,,
T,2026-07-18 15:33:10.000,26.42017000,-80.16022500,2.20,12.672,-27.772,3.164,121,17,18,,
T,2026-07-18 15:33:11.000,26.42015333,-80.16019833,2.30,12.772,-27.772,3.165,122,17,18,,
T,2026-07-18 15:33:12.000,26.42013500,-80.16017167,2.30,12.772,-27.772,3.191,124,17,18,,
T,2026-07-18 15:33:13.000,26.42011667,-80.16014500,2.30,12.972,-27.772,3.205,123,17,18,,
T,2026-07-18 15:33:14.000,26.42010000,-80.16012000,2.30,13.172,-27.772,3.195,122,17,18,,
T,2026-07-18 15:33:15.000,26.42008167,-80.16009333,2.20,12.772,-27.772,3.191,122,17,18,,
T,2026-07-18 15:33:16.000,26.42006333,-80.16006833,2.20,12.972,-27.772,3.178,122,17,18,,
T,2026-07-18 15:33:17.000,26.42004667,-80.16004000,2.20,12.773,-27.773,3.181,124,17,18,,
T,2026-07-18 15:33:18.000,26.42002833,-80.16001333,2.20,12.373,-27.773,3.179,127,17,18,,
T,2026-07-18 15:33:19.000,26.42000833,-80.15999000,2.20,12.073,-27.773,3.186,129,17,18,,
T,2026-07-18 15:33:20.000,26.41999000,-80.15996667,2.20,11.873,-27.773,3.177,125,17,18,,
T,2026-07-18 15:33:21.000,26.41997167,-80.15994333,2.20,11.573,-27.773,3.161,127,17,18,,
T,2026-07-18 15:33:22.000,26.41995500,-80.15992000,2.20,10.973,-27.773,3.139,126,17,18,,
T,2026-07-18 15:33:23.000,26.41994000,-80.15989500,2.20,11.073,-27.773,3.139,125,17,18,,
T,2026-07-18 15:33:24.000,26.41992500,-80.15987000,2.20,10.873,-27.773,3.140,130,17,18,,
T,2026-07-18 15:33:25.000,26.41990833,-80.15984333,2.20,10.473,-27.773,3.149,126,17,18,,
T,2026-07-18 15:33:26.000,26.41989333,-80.15981667,2.20,10.273,-27.773,3.148,127,17,18,,
T,2026-07-18 15:33:27.000,26.41987833,-80.15979167,2.30,10.173,-27.773,3.134,128,17,18,,
T,2026-07-18 15:33:28.000,26.41986167,-80.15976667,2.30,10.074,-27.774,3.137,129,17,18,,
T,2026-07-18 15:33:29.000,26.41984833,-80.15974333,2.30,10.074,-27.774,3.120,127,17,18,,
T,2026-07-18 15:33:30.000,26.41983000,-80.15971833,2.30,9.974,-27.774,3.122,129,17,18,,
T,2026-07-18 15:33:31.000,26.41981333,-80.15969167,2.30,9.874,-27.774,3.131,130,17,18,,
T,2026-07-18 15:33:32.000,26.41979500,-80.15966667,2.30,9.374,-27.774,3.132,126,17,18,,
T,2026-07-18 15:33:33.000,26.41977833,-80.15964167,2.30,9.074,-27.774,3.134,131,17,18,,
T,2026-07-18 15:33:34.000,26.41976000,-80.15961833,2.30,9.374,-27.774,3.120,133,16,18,,
T,2026-07-18 15:33:35.000,26.41974000,-80.15960000,2.30,9.574,-27.774,3.071,145,17,18,,
T,2026-07-18 15:33:36.000,26.41972167,-80.15957667,2.30,9.074,-27.774,3.048,135,17,18,,
T,2026-07-18 15:33:37.000,26.41970333,-80.15954833,1.90,9.774,-27.774,3.065,132,17,18,,
T,2026-07-18 15:33:38.000,26.41968500,-80.15952333,1.80,10.374,-27.774,3.028,133,17,18,,
T,2026-07-18 15:33:39.000,26.41966833,-80.15950167,1.90,10.475,-27.775,3.005,135,17,18,,
T,2026-07-18 15:33:40.000,26.41965167,-80.15948500,1.80,10.375,-27.775,2.901,135,17,18,,
T,2026-07-18 15:33:41.000,26.41964333,-80.15947500,1.70,10.275,-27.775,2.713,140,17,18,,
T,2026-07-18 15:33:42.000,26.41963500,-80.15946500,1.70,10.875,-27.775,2.518,133,17,18,,
T,2026-07-18 15:33:43.000,26.41962833,-80.15945333,1.60,11.075,-27.775,2.331,133,17,18,,
T,2026-07-18 15:33:44.000,26.41962167,-80.15944333,1.60,11.375,-27.775,2.127,143,17,18,,
T,2026-07-18 15:33:45.000,26.41961333,-80.15943500,1.60,11.675,-27.775,1.974,128,17,18,,
T,2026-07-18 15:33:46.000,26.41960500,-80.15942667,1.60,11.475,-27.775,1.811,128,17,18,,
T,2026-07-18 15:33:47.000,26.41959667,-80.15941500,1.60,11.475,-27.775,1.648,126,17,18,,
T,2026-07-18 15:33:48.000,26.41959000,-80.15940333,1.60,11.375,-27.775,1.523,128,17,18,,
T,2026-07-18 15:33:49.000,26.41958333,-80.15939000,1.60,11.775,-27.775,1.409,123,17,18,,
T,2026-07-18 15:33:50.000,26.41957333,-80.15937833,1.60,12.175,-27.775,1.370,131,17,18,,
T,2026-07-18 15:33:51.000,26.41956333,-80.15936667,1.70,12.475,-27.775,1.419,141,17,18,,
T,2026-07-18 15:33:52.000,26.41955167,-80.15935333,1.70,12.975,-27.775,1.500,135,17,18,,
T,2026-07-18 15:33:53.000,26.41954000,-80.15934167,1.80,13.175,-27.775,1.580,144,17,18,,
T,2026-07-18 15:33:54.000,26.41952833,-80.15933000,1.80,13.075,-27.775,1.704,140,17,18,,
T,2026-07-18 15:33:55.000,26.41951667,-80.15931667,1.80,12.975,-27.775,1.808,142,17,18,,
T,2026-07-18 15:33:56.000,26.41950500,-80.15930167,1.70,12.875,-27.775,1.912,132,17,18,,
T,2026-07-18 15:33:57.000,26.41949000,-80.15928667,1.70,12.975,-27.775,1.985,137,17,18,,
T,2026-07-18 15:33:58.000,26.41947167,-80.15927000,1.70,12.975,-27.775,2.060,139,17,18,,
T,2026-07-18 15:33:59.000,26.41945667,-80.15925333,1.70,13.075,-27.775,2.135,137,17,18,,
T,2026-07-18 15:34:00.000,26.41943667,-80.15923833,1.80,13.275,-27.775,2.198,140,17,18,,
T,2026-07-18 15:34:01.000,26.41941667,-80.15922333,1.80,13.376,-27.776,2.274,140,17,18,,
T,2026-07-18 15:34:02.000,26.41939500,-80.15920667,1.80,13.176,-27.776,2.321,141,17,18,,
T,2026-07-18 15:34:03.000,26.41937500,-80.15919167,1.80,13.776,-27.776,2.398,138,17,18,,
T,2026-07-18 15:34:04.000,26.41935667,-80.15918000,1.80,14.076,-27.776,2.421,138,17,18,,
T,2026-07-18 15:34:05.000,26.41933833,-80.15916333,1.80,13.476,-27.776,2.421,131,17,18,,
T,2026-07-18 15:34:06.000,26.41932333,-80.15914667,1.80,13.576,-27.776,2.408,137,17,18,,
T,2026-07-18 15:34:07.000,26.41930333,-80.15913333,1.80,14.076,-27.776,2.480,143,17,18,,
T,2026-07-18 15:34:08.000,26.41928333,-80.15911333,1.80,14.176,-27.776,2.547,144,17,18,,
T,2026-07-18 15:34:09.000,26.41926000,-80.15909500,2.00,13.976,-27.776,2.621,143,17,18,,
T,2026-07-18 15:34:10.000,26.41924000,-80.15907500,1.80,14.076,-27.776,2.705,141,17,18,,
T,2026-07-18 15:34:11.000,26.41921667,-80.15905500,2.00,14.076,-27.776,2.773,142,17,18,,
T,2026-07-18 15:34:12.000,26.41919333,-80.15903500,2.20,13.976,-27.776,2.820,142,17,18,,
T,2026-07-18 15:34:13.000,26.41916833,-80.15901667,2.20,13.976,-27.776,2.773,138,17,18,,
T,2026-07-18 15:34:14.000,26.41914000,-80.15899500,1.90,13.676,-27.776,2.793,146,17,18,,
T,2026-07-18 15:34:15.000,26.41910833,-80.15897500,1.80,13.476,-27.776,2.844,141,17,18,,
T,2026-07-18 15:34:16.000,26.41908167,-80.15895333,1.80,13.176,-27.776,2.912,148,17,18,,
T,2026-07-18 15:34:17.000,26.41905500,-80.15893500,1.80,13.277,-27.777,2.933,149,17,18,,
T,2026-07-18 15:34:18.000,26.41903000,-80.15891667,1.80,13.477,-27.777,2.991,150,17,18,,
T,2026-07-18 15:34:19.000,26.41900333,-80.15889833,2.00,12.977,-27.777,2.997,147,17,18,,
T,2026-07-18 15:34:20.000,26.41898000,-80.15888167,2.20,13.277,-27.777,3.008,153,17,18,,
T,2026-07-18 15:34:21.000,26.41895667,-80.15885833,2.20,12.777,-27.777,3.027,146,17,18,,
T,2026-07-18 15:34:22.000,26.41893333,-80.15884000,2.30,12.777,-27.777,3.055,142,17,18,,
T,2026-07-18 15:34:23.000,26.41891167,-80.15881833,2.30,12.877,-27.777,3.152,143,17,18,,
T,2026-07-18 15:34:24.000,26.41888667,-80.15879833,2.30,12.777,-27.777,3.203,143,16,18,,
T,2026-07-18 15:34:25.000,26.41886500,-80.15877833,2.30,12.577,-27.777,3.184,137,16,18,,
T,2026-07-18 15:34:26.000,26.41884333,-80.15875833,2.30,12.377,-27.777,3.224,147,16,18,,
T,2026-07-18 15:34:27.000,26.41882000,-80.15873333,2.00,12.777,-27.777,3.276,150,16,18,,
T,2026-07-18 15:34:28.000,26.41879167,-80.15871667,2.20,12.677,-27.777,3.313,150,16,18,,
T,2026-07-18 15:34:29.000,26.41876500,-80.15869667,2.30,12.577,-27.777,3.386,152,16,18,,
T,2026-07-18 15:34:30.000,26.41874000,-80.15868000,2.30,12.177,-27.777,3.382,144,16,18,,
T,2026-07-18 15:34:31.000,26.41871333,-80.15866167,2.30,12.077,-27.777,3.366,142,16,18,,
T,2026-07-18 15:34:32.000,26.41869167,-80.15863833,2.30,11.878,-27.778,3.367,140,16,18,,
T,2026-07-18 15:34:33.000,26.41866667,-80.15862000,2.30,12.178,-27.778,3.352,145,16,18,,
T,2026-07-18 15:34:34.000,26.41864500,-80.15859833,2.30,12.278,-27.778,3.344,139,16,18,,
T,2026-07-18 15:34:35.000,26.41862167,-80.15858000,2.30,11.778,-27.778,3.359,142,16,18,,
T,2026-07-18 15:34:36.000,26.41859833,-80.15856333,2.30,11.778,-27.778,3.335,145,17,18,,
T,2026-07-18 15:34:37.000,26.41857667,-80.15855000,1.90,11.778,-27.778,3.289,149,17,18,,
T,2026-07-18 15:34:38.000,26.41855167,-80.15853500,2.10,11.578,-27.778,3.203,145,17,18,,
T,2026-07-18 15:34:39.000,26.41852833,-80.15851667,2.20,11.278,-27.778,3.105,140,17,18,,
T,2026-07-18 15:34:40.000,26.41850667,-80.15849667,2.20,11.378,-27.778,3.064,146,17,18,,
T,2026-07-18 15:34:41.000,26.41849333,-80.15848167,1.90,12.578,-27.778,3.016,143,17,18,,
T,2026-07-18 15:34:42.000,26.41847167,-80.15846333,1.80,12.878,-27.778,2.984,147,17,18,,
T,2026-07-18 15:34:43.000,26.41845000,-80.15844500,1.70,13.278,-27.778,2.959,141,17,18,,
T,2026-07-18 15:34:44.000,26.41842833,-80.15842500,1.70,13.878,-27.778,2.958,144,17,18,,
T,2026-07-18 15:34:45.000,26.41840167,-80.15840667,1.70,13.878,-27.778,3.021,147,17,18,,
T,2026-07-18 15:34:46.000,26.41837667,-80.15838833,2.00,13.478,-27.778,3.037,147,17,18,,
T,2026-07-18 15:34:47.000,26.41835333,-80.15837000,2.10,12.978,-27.778,2.998,143,17,18,,
T,2026-07-18 15:34:48.000,26.41833333,-80.15835333,2.20,12.979,-27.779,3.007,143,17,18,,
T,2026-07-18 15:34:49.000,26.41831333,-80.15834333,1.80,13.179,-27.779,3.003,146,17,18,,
T,2026-07-18 15:34:50.000,26.41829333,-80.15832667,2.00,13.179,-27.779,3.034,148,17,18,,
T,2026-07-18 15:34:51.000,26.41827500,-80.15830667,1.80,13.579,-27.779,3.102,149,16,18,,
T,2026-07-18 15:34:52.000,26.41825000,-80.15828833,2.00,13.279,-27.779,3.140,146,16,18,,
T,2026-07-18 15:34:53.000,26.41822500,-80.15826833,2.10,13.379,-27.779,3.169,147,16,18,,
T,2026-07-18 15:34:54.000,26.41820000,-80.15824833,2.20,12.979,-27.779,3.156,141,16,18,,
T,2026-07-18 15:34:55.000,26.41817833,-80.15823167,2.20,13.079,-27.779,3.162,148,16,18,,
T,2026-07-18 15:34:56.000,26.41815000,-80.15821667,1.90,12.779,-27.779,3.156,151,16,18,,
T,2026-07-18 15:34:57.000,26.41812500,-80.15819833,2.10,12.779,-27.779,3.195,148,17,18,,
T,2026-07-18 15:34:58.000,26.41810000,-80.15817833,2.20,12.379,-27.779,3.220,148,16,18,,
T,2026-07-18 15:34:59.000,26.41807333,-80.15815833,2.30,12.179,-27.779,3.260,139,17,18,,
T,2026-07-18 15:35:00.000,26.41805000,-80.15814000,2.30,12.079,-27.779,3.279,144,17,18,,
T,2026-07-18 15:35:01.000,26.41802333,-80.15812167,2.40,11.679,-27.779,3.295,149,17,18,,
T,2026-07-18 15:35:02.000,26.41799500,-80.15810333,2.40,11.079,-27.779,3.352,155,17,18,,
T,2026-07-18 15:35:03.000,26.41797167,-80.15808333,2.40,10.879,-27.779,3.372,147,17,18,,
T,2026-07-18 15:35:04.000,26.41794833,-80.15806500,2.40,10.879,-27.779,3.397,145,17,18,,
T,2026-07-18 15:35:05.000,26.41792667,-80.15804500,2.40,10.880,-27.780,3.368,149,17,18,,
T,2026-07-18 15:35:06.000,26.41790333,-80.15802833,2.40,10.980,-27.780,3.377,150,17,18,,
T,2026-07-18 15:35:07.000,26.41788000,-80.15801167,2.40,11.280,-27.780,3.354,150,17,18,,
T,2026-07-18 15:35:08.000,26.41785667,-80.15799833,2.40,11.180,-27.780,3.271,151,17,18,,
T,2026-07-18 15:35:09.000,26.41783333,-80.15798333,2.40,11.280,-27.780,3.241,149,17,18,,
T,2026-07-18 15:35:10.000,26.41780333,-80.15797000,2.00,11.480,-27.780,3.222,154,17,18,,
T,2026-07-18 15:35:11.000,26.41777667,-80.15795500,2.10,11.180,-27.780,3.196,157,16,18,,
T,2026-07-18 15:35:12.000,26.41775000,-80.15794167,2.10,11.080,-27.780,3.114,154,17,18,,
T,2026-07-18 15:35:13.000,26.41772500,-80.15792667,2.20,10.680,-27.780,3.066,153,16,18,,
T,2026-07-18 15:35:14.000,26.41770000,-80.15791167,2.20,10.280,-27.780,3.037,155,16,18,,
T,2026-07-18 15:35:15.000,26.41767667,-80.15789833,1.90,10.180,-27.780,2.957,142,16,18,,
T,2026-07-18 15:35:16.000,26.41765500,-80.15788500,1.80,10.680,-27.780,2.868,157,16,18,,
T,2026-07-18 15:35:17.000,26.41763667,-80.15787333,1.80,10.880,-27.780,2.801,160,17,18,,
T,2026-07-18 15:35:18.000,26.41761333,-80.15786500,1.70,10.580,-27.780,2.788,166,17,18,,
T,2026-07-18 15:35:19.000,26.41759500,-80.15785833,1.60,10.580,-27.780,2.718,153,17,18,,
T,2026-07-18 15:35:20.000,26.41757833,-80.15785167,1.70,10.880,-27.780,2.635,162,17,18,,
T,2026-07-18 15:35:21.000,26.41756000,-80.15784667,1.80,11.180,-27.780,2.544,162,17,18,,
T,2026-07-18 15:35:22.000,26.41753333,-80.15783667,1.80,11.480,-27.780,2.559,164,17,18,,
T,2026-07-18 15:35:23.000,26.41751000,-80.15782500,1.80,11.780,-27.780,2.599,162,17,18,,
T,2026-07-18 15:35:24.000,26.41748000,-80.15781667,1.80,11.180,-27.780,2.654,163,15,18,,
T,2026-07-18 15:35:25.000,26.41744833,-80.15780667,2.00,10.980,-27.780,2.778,165,16,18,,
T,2026-07-18 15:35:26.000,26.41741833,-80.15779667,2.00,10.680,-27.780,2.853,164,16,18,,
T,2026-07-18 15:35:27.000,26.41739167,-80.15779167,1.90,10.780,-27.780,2.906,170,16,18,,
T,2026-07-18 15:35:28.000,26.41736500,-80.15778833,1.80,10.180,-27.780,2.916,176,16,18,,
T,2026-07-18 15:35:29.000,26.41734167,-80.15778500,1.80,10.580,-27.780,2.961,174,16,18,,
T,2026-07-18 15:35:30.000,26.41732000,-80.15778000,1.90,10.980,-27.780,3.021,176,16,18,,
T,2026-07-18 15:35:31.000,26.41729333,-80.15777000,1.90,10.480,-27.780,3.083,170,16,18,,
T,2026-07-18 15:35:32.000,26.41726500,-80.15776333,1.90,10.280,-27.780,3.040,170,16,18,,
T,2026-07-18 15:35:33.000,26.41724000,-80.15775667,2.10,10.180,-27.780,2.939,169,17,18,,
T,2026-07-18 15:35:34.000,26.41721000,-80.15775167,1.90,10.380,-27.780,2.815,170,17,18,,
T,2026-07-18 15:35:35.000,26.41719000,-80.15775500,1.90,10.380,-27.780,2.661,175,16,18,,
T,2026-07-18 15:35:36.000,26.41718000,-80.15775333,1.90,10.880,-27.780,2.436,181,16,18,,
T,2026-07-18 15:35:37.000,26.41717333,-80.15775167,1.80,10.880,-27.780,2.176,166,16,18,,
T,2026-07-18 15:35:38.000,26.41716833,-80.15775000,1.70,11.280,-27.780,1.939,180,17,18,,
T,2026-07-18 15:35:39.000,26.41716500,-80.15774833,1.60,11.580,-27.780,1.675,136,17,18,,
T,2026-07-18 15:35:40.000,26.41716000,-80.15774667,1.60,11.980,-27.780,1.401,91,17,18,,
T,2026-07-18 15:35:41.000,26.41715667,-80.15774500,1.50,12.180,-27.780,1.126,64,17,18,,
T,2026-07-18 15:35:42.000,26.41715667,-80.15774000,1.50,12.480,-27.780,0.858,18,17,18,,
T,2026-07-18 15:35:43.000,26.41715667,-80.15773833,1.50,12.480,-27.780,0.625,20,17,18,,
T,2026-07-18 15:35:44.000,26.41715500,-80.15773667,1.40,12.580,-27.780,0.408,33,17,18,,
T,2026-07-18 15:35:45.000,26.41715500,-80.15773500,1.40,12.780,-27.780,0.000,,17,18,,
T,2026-07-18 15:35:46.000,26.41715333,-80.15773333,1.40,12.780,-27.780,0.000,,17,18,,
T,2026-07-18 15:35:47.000,26.41715167,-80.15773167,1.40,12.680,-27.780,0.000,,17,18,,
T,2026-07-18 15:35:48.000,26.41715167,-80.15773167,1.40,12.680,-27.780,0.000,,17,18,,
T,2026-07-18 15:35:49.000,26.41715167,-80.15773167,1.40,12.680,-27.780,0.000,,17,18,,
T,2026-07-18 15:35:50.000,26.41715167,-80.15773167,1.40,12.680,-27.780,0.000,,17,18,,
T,2026-07-18 15:35:51.000,26.41715167,-80.15773167,1.40,12.680,-27.780,0.000,,17,18,,
T,2026-07-18 15:35:52.000,26.41715167,-80.15773167,1.40,12.680,-27.780,0.000,,17,18,,
T,2026-07-18 15:35:53.000,26.41715167,-80.15773167,1.40,12.680,-27.780,0.000,,17,18,,
T,2026-07-18 15:35:54.000,26.41715167,-80.15773167,1.40,12.680,-27.780,0.000,,17,18,,
T,2026-07-18 15:35:55.000,26.41715167,-80.15773167,1.40,12.680,-27.780,0.000,,17,18,,
T,2026-07-18 15:35:56.000,26.41715167,-80.15773167,1.40,12.680,-27.780,0.000,,17,18,,
T,2026-07-18 15:35:57.000,26.41715167,-80.15773167,1.40,12.680,-27.780,0.000,,17,18,,
T,2026-07-18 15:35:58.000,26.41715167,-80.15773167,1.40,12.680,-27.780,0.000,,17,18,,
T,2026-07-18 15:35:59.000,26.41715167,-80.15773167,1.40,12.680,-27.780,0.000,,16,18,,
T,2026-07-18 15:36:00.000,26.41715167,-80.15773167,1.30,12.680,-27.780,0.000,,17,18,,
T,2026-07-18 15:36:01.000,26.41715167,-80.15773167,1.40,12.680,-27.780,0.000,,17,18,,
T,2026-07-18 15:36:02.000,26.41715167,-80.15773167,1.30,12.680,-27.780,0.000,,17,18,,
T,2026-07-18 15:36:03.000,26.41715167,-80.15773167,1.30,12.680,-27.780,0.000,,17,18,,
T,2026-07-18 15:36:04.000,26.41715167,-80.15773167,1.30,12.680,-27.780,0.000,,17,18,,
T,2026-07-18 15:36:05.000,26.41715167,-80.15773167,1.30,12.680,-27.780,0.000,,17,18,,
T,2026-07-18 15:36:06.000,26.41715167,-80.15773167,1.40,12.680,-27.780,0.000,,17,18,,
T,2026-07-18 15:36:07.000,26.41715167,-80.15773167,1.30,12.680,-27.780,0.000,,17,18,,
T,2026-07-18 15:36:08.000,26.41715167,-80.15773167,1.30,12.680,-27.780,0.000,,17,18,,
T,2026-07-18 15:36:09.000,26.41715167,-80.15773167,1.30,12.680,-27.780,0.000,,17,18,,
T,2026-07-18 15:36:10.000,26.41715167,-80.15773167,1.40,12.680,-27.780,0.000,,17,18,,
T,2026-07-18 15:36:11.000,26.41715167,-80.15773167,1.40,12.680,-27.780,0.000,,17,18,,
T,2026-07-18 15:36:12.000,26.41715167,-80.15773167,1.30,12.680,-27.780,0.000,,17,18,,
T,2026-07-18 15:36:13.000,26.41715167,-80.15773167,1.40,12.680,-27.780,0.000,,17,18,,
T,2026-07-18 15:36:14.000,26.41715167,-80.15773167,1.30,12.680,-27.780,0.000,,17,18,,
T,2026-07-18 15:36:15.000,26.41715167,-80.15773167,1.30,12.680,-27.780,0.000,,17,18,,
T,2026-07-18 15:36:16.000,26.41715167,-80.15773167,1.30,12.680,-27.780,0.000,,17,18,,
T,2026-07-18 15:36:17.000,26.41715167,-80.15773167,1.30,12.680,-27.780,0.000,,17,18,,
T,2026-07-18 15:36:18.000,26.41715167,-80.15773167,1.30,12.680,-27.780,0.000,,17,18,,
T,2026-07-18 15:36:19.000,26.41715167,-80.15773167,1.30,12.680,-27.780,0.000,,17,18,,
T,2026-07-18 15:36:20.000,26.41715167,-80.15773167,1.30,12.680,-27.780,0.000,,16,18,,
T,2026-07-18 15:36:21.000,26.41715167,-80.15773167,1.30,12.680,-27.780,0.000,,16,18,,
T,2026-07-18 15:36:22.000,26.41715167,-80.15773167,1.30,12.680,-27.780,0.000,,16,18,,
T,2026-07-18 15:36:23.000,26.41715167,-80.15773167,1.30,12.680,-27.780,0.000,,16,18,,
T,2026-07-18 15:36:24.000,26.41715167,-80.15773167,1.30,12.680,-27.780,0.000,,16,18,,
T,2026-07-18 15:36:25.000,26.41715167,-80.15773167,1.30,12.680,-27.780,0.000,,16,18,,
T,2026-07-18 15:36:26.000,26.41715167,-80.15773167,1.30,12.680,-27.780,0.000,,16,18,,
T,2026-07-18 15:36:27.000,26.41715167,-80.15773167,1.30,12.680,-27.780,0.000,,16,18,,
T,2026-07-18 15:36:28.000,26.41715167,-80.15773167,1.30,12.680,-27.780,0.000,,17,18,,
T,2026-07-18 15:36:29.000,26.41715167,-80.15773167,1.30,12.680,-27.780,0.000,,17,18,,
T,2026-07-18 15:36:30.000,26.41715167,-80.15773167,1.30,12.680,-27.780,0.000,,16,18,,
T,2026-07-18 15:36:31.000,26.41715167,-80.15773167,1.30,12.680,-27.780,0.000,,16,18,,
T,2026-07-18 15:36:32.000,26.41715167,-80.15773167,1.30,12.680,-27.780,0.000,,16,18,,
T,2026-07-18 15:36:33.000,26.41715167,-80.15773167,1.40,12.680,-27.780,0.000,,16,18,,
T,2026-07-18 15:36:34.000,26.41715167,-80.15773167,1.30,12.680,-27.780,0.000,,17,18,,
T,2026-07-18 15:36:35.000,26.41715167,-80.15773167,1.30,12.680,-27.780,0.000,,17,18,,
T,2026-07-18 15:36:36.000,26.41715167,-80.15773167,1.30,12.680,-27.780,0.000,,16,18,,
T,2026-07-18 15:36:37.000,26.41715167,-80.15773167,1.30,12.680,-27.780,0.000,,17,18,,
T,2026-07-18 15:36:38.000,26.41715167,-80.15773167,1.30,12.680,-27.780,0.000,,17,18,,
T,2026-07-18 15:36:39.000,26.41715167,-80.15773167,1.40,12.680,-27.780,0.000,,17,18,,
T,2026-07-18 15:36:40.000,26.41715167,-80.15773167,1.40,12.680,-27.780,0.000,,17,18,,
T,2026-07-18 15:36:41.000,26.41713833,-80.15774833,1.70,11.080,-27.780,0.419,180,17,18,,
T,2026-07-18 15:36:42.000,26.41712167,-80.15774667,1.70,12.080,-27.780,0.641,174,16,18,,
T,2026-07-18 15:36:43.000,26.41710000,-80.15774000,1.70,12.780,-27.780,0.873,176,17,18,,
T,2026-07-18 15:36:44.000,26.41707833,-80.15774167,1.70,13.080,-27.780,1.149,179,17,18,,
T,2026-07-18 15:36:45.000,26.41705000,-80.15773833,1.70,12.780,-27.780,1.461,177,17,18,,
T,2026-07-18 15:36:46.000,26.41702167,-80.15773500,1.80,12.180,-27.780,1.745,173,17,18,,
T,2026-07-18 15:36:47.000,26.41699500,-80.15773500,2.00,11.980,-27.780,2.032,176,17,18,,
T,2026-07-18 15:36:48.000,26.41696167,-80.15773333,2.10,11.980,-27.780,2.388,181,17,18,,
T,2026-07-18 15:36:49.000,26.41692167,-80.15773167,1.90,11.680,-27.780,2.753,178,17,18,,
T,2026-07-18 15:36:50.000,26.41688833,-80.15773167,2.10,11.880,-27.780,2.968,184,17,18,,
T,2026-07-18 15:36:51.000,26.41685667,-80.15773500,2.20,11.780,-27.780,3.155,183,17,18,,
T,2026-07-18 15:36:52.000,26.41682500,-80.15774000,2.20,11.780,-27.780,3.274,180,17,18,,
T,2026-07-18 15:36:53.000,26.41679333,-80.15774333,2.30,11.880,-27.780,3.378,189,17,18,,
T,2026-07-18 15:36:54.000,26.41676333,-80.15775000,2.40,11.880,-27.780,3.436,192,17,18,,
T,2026-07-18 15:36:55.000,26.41673333,-80.15776167,2.40,11.280,-27.780,3.478,194,17,18,,
T,2026-07-18 15:36:56.000,26.41670333,-80.15776500,2.40,11.180,-27.780,3.539,188,17,19,,
T,2026-07-18 15:36:57.000,26.41667333,-80.15777167,2.40,11.180,-27.780,3.592,189,17,19,,
T,2026-07-18 15:36:58.000,26.41664333,-80.15777667,2.50,11.180,-27.780,3.547,188,17,19,,
T,2026-07-18 15:36:59.000,26.41661000,-80.15778333,2.40,11.180,-27.780,3.486,188,17,19,,
T,2026-07-18 15:37:00.000,26.41658167,-80.15778667,2.40,11.480,-27.780,3.473,195,17,19,,
T,2026-07-18 15:37:01.000,26.41655167,-80.15779500,2.40,11.480,-27.780,3.453,198,17,19,,
T,2026-07-18 15:37:02.000,26.41652167,-80.15780833,2.40,11.580,-27.780,3.460,206,17,19,,
T,2026-07-18 15:37:03.000,26.41649500,-80.15781833,2.40,11.180,-27.780,3.442,200,17,19,,
T,2026-07-18 15:37:04.000,26.41646667,-80.15783167,2.40,11.280,-27.780,3.423,197,17,19,,
T,2026-07-18 15:37:05.000,26.41643833,-80.15784333,2.40,11.280,-27.780,3.386,198,17,19,,
T,2026-07-18 15:37:06.000,26.41641000,-80.15785500,2.40,11.079,-27.779,3.361,202,17,19,,
T,2026-07-18 15:37:07.000,26.41638167,-80.15786667,2.40,11.079,-27.779,3.352,202,17,19,,
T,2026-07-18 15:37:08.000,26.41635000,-80.15788000,2.40,11.079,-27.779,3.381,200,17,19,,
T,2026-07-18 15:37:09.000,26.41632000,-80.15789000,2.40,10.979,-27.779,3.416,208,17,19,,
T,2026-07-18 15:37:10.000,26.41628833,-80.15790167,2.40,10.479,-27.779,3.448,209,17,19,,
T,2026-07-18 15:37:11.000,26.41625833,-80.15791500,2.30,10.079,-27.779,3.477,209,17,19,,
T,2026-07-18 15:37:12.000,26.41622667,-80.15792833,2.30,10.079,-27.779,3.501,205,17,19,,
T,2026-07-18 15:37:13.000,26.41619167,-80.15794500,2.30,9.979,-27.779,3.567,205,17,19,,
T,2026-07-18 15:37:14.000,26.41616333,-80.15796500,2.30,9.379,-27.779,3.631,211,17,19,,
T,2026-07-18 15:37:15.000,26.41613333,-80.15798500,2.40,10.279,-27.779,3.677,211,17,19,,
T,2026-07-18 15:37:16.000,26.41610333,-80.15800667,2.40,10.479,-27.779,3.720,209,17,19,,
T,2026-07-18 15:37:17.000,26.41607167,-80.15802667,2.40,10.779,-27.779,3.748,209,16,19,,
T,2026-07-18 15:37:18.000,26.41604167,-80.15805000,2.30,10.678,-27.778,3.801,209,16,19,,
T,2026-07-18 15:37:19.000,26.41601000,-80.15807000,2.40,10.778,-27.778,3.846,208,16,19,,
T,2026-07-18 15:37:20.000,26.41597833,-80.15809167,2.40,10.678,-27.778,3.902,215,17,19,,
T,2026-07-18 15:37:21.000,26.41594333,-80.15811500,2.40,11.078,-27.778,3.969,212,16,19,,
T,2026-07-18 15:37:22.000,26.41590833,-80.15814000,2.40,10.778,-27.778,4.059,211,17,19,,
T,2026-07-18 15:37:23.000,26.41587500,-80.15816667,2.40,10.678,-27.778,4.072,215,17,19,,
T,2026-07-18 15:37:24.000,26.41584000,-80.15819667,2.40,10.678,-27.778,4.194,218,16,19,,
T,2026-07-18 15:37:25.000,26.41580000,-80.15823167,2.40,11.178,-27.778,4.347,216,17,19,,
T,2026-07-18 15:37:26.000,26.41575667,-80.15826667,2.50,11.177,-27.777,4.604,219,17,19,,
T,2026-07-18 15:37:27.000,26.41571500,-80.15830500,2.50,11.077,-27.777,4.879,221,17,19,,
T,2026-07-18 15:37:28.000,26.41567333,-80.15834167,2.50,10.177,-27.777,5.078,221,17,19,,
T,2026-07-18 15:37:29.000,26.41563500,-80.15837500,2.50,9.477,-27.777,5.268,219,17,19,,
T,2026-07-18 15:37:30.000,26.41559833,-80.15840500,2.50,8.477,-27.777,5.406,219,17,19,,
T,2026-07-18 15:37:31.000,26.41555833,-80.15843833,2.50,7.477,-27.777,5.547,217,17,19,,
T,2026-07-18 15:37:32.000,26.41551667,-80.15847000,2.50,6.876,-27.776,5.660,216,17,19,,
T,2026-07-18 15:37:33.000,26.41547500,-80.15850500,2.50,6.576,-27.776,5.831,217,17,19,,
T,2026-07-18 15:37:34.000,26.41543667,-80.15854333,2.50,5.976,-27.776,5.915,214,17,19,,
T,2026-07-18 15:37:35.000,26.41538667,-80.15857500,2.50,5.676,-27.776,5.982,214,16,19,,
T,2026-07-18 15:37:36.000,26.41533833,-80.15861000,2.50,5.476,-27.776,5.953,216,17,19,,
T,2026-07-18 15:37:37.000,26.41529167,-80.15864500,2.50,5.876,-27.776,5.921,215,16,19,,
T,2026-07-18 15:37:38.000,26.41524500,-80.15867833,2.50,5.775,-27.775,5.918,215,16,19,,
T,2026-07-18 15:37:39.000,26.41520500,-80.15871167,2.50,5.175,-27.775,5.950,214,17,19,,
T,2026-07-18 15:37:40.000,26.41516000,-80.15874333,2.50,5.175,-27.775,5.982,214,17,19,,
T,2026-07-18 15:37:41.000,26.41511500,-80.15877500,2.50,5.275,-27.775,6.007,216,17,19,,
T,2026-07-18 15:37:42.000,26.41506833,-80.15881000,2.50,5.275,-27.775,6.021,216,17,19,,
T,2026-07-18 15:37:43.000,26.41502500,-80.15884833,2.50,4.975,-27.775,6.035,215,17,19,,
T,2026-07-18 15:37:44.000,26.41497500,-80.15888833,2.50,5.474,-27.774,6.045,216,17,19,,
T,2026-07-18 15:37:45.000,26.41492667,-80.15892833,2.40,5.674,-27.774,6.060,217,17,19,,
T,2026-07-18 15:37:46.000,26.41488500,-80.15896333,2.40,4.774,-27.774,6.060,217,17,19,,
T,2026-07-18 15:37:47.000,26.41484333,-80.15899833,2.40,4.174,-27.774,6.041,217,17,19,,
T,2026-07-18 15:37:48.000,26.41479833,-80.15903333,2.40,3.974,-27.774,6.044,215,17,19,,
T,2026-07-18 15:37:49.000,26.41475167,-80.15906833,2.40,4.374,-27.774,6.030,216,17,19,,
T,2026-07-18 15:37:50.000,26.41470500,-80.15910167,2.40,4.473,-27.773,6.032,216,17,19,,
T,2026-07-18 15:37:51.000,26.41466000,-80.15913833,2.40,4.573,-27.773,6.050,216,17,19,,
T,2026-07-18 15:37:52.000,26.41461500,-80.15917333,2.50,4.673,-27.773,6.023,213,17,19,,
T,2026-07-18 15:37:53.000,26.41457333,-80.15921000,2.40,4.773,-27.773,6.011,217,17,19,,
T,2026-07-18 15:37:54.000,26.41453000,-80.15924333,2.40,5.173,-27.773,5.981,216,17,19,,
T,2026-07-18 15:37:55.000,26.41448833,-80.15928000,2.40,5.373,-27.773,5.931,217,17,19,,
T,2026-07-18 15:37:56.000,26.41444833,-80.15931333,2.40,5.672,-27.772,5.887,216,17,19,,
T,2026-07-18 15:37:57.000,26.41440500,-80.15934667,2.40,5.972,-27.772,5.887,214,16,19,,
T,2026-07-18 15:37:58.000,26.41436000,-80.15938000,2.50,6.172,-27.772,5.876,214,17,19,,
T,2026-07-18 15:37:59.000,26.41432167,-80.15941833,2.50,5.872,-27.772,5.852,216,17,19,,
T,2026-07-18 15:38:00.000,26.41428000,-80.15945500,2.50,5.772,-27.772,5.858,216,17,19,,
T,2026-07-18 15:38:01.000,26.41423500,-80.15949000,2.50,5.772,-27.772,5.830,215,17,19,,
T,2026-07-18 15:38:02.000,26.41419333,-80.15951667,2.50,5.371,-27.771,5.845,215,17,19,,
T,2026-07-18 15:38:03.000,26.41415167,-80.15954667,2.50,5.571,-27.771,5.836,216,17,19,,
T,2026-07-18 15:38:04.000,26.41410667,-80.15958167,2.50,5.671,-27.771,5.800,215,17,19,,
T,2026-07-18 15:38:05.000,26.41406167,-80.15961500,2.50,5.971,-27.771,5.806,214,17,19,,
T,2026-07-18 15:38:06.000,26.41401833,-80.15964833,2.50,6.271,-27.771,5.848,214,17,19,,
T,2026-07-18 15:38:07.000,26.41397000,-80.15968667,2.50,6.571,-27.771,5.905,215,17,19,,
T,2026-07-18 15:38:08.000,26.41392000,-80.15972500,2.50,6.670,-27.770,5.972,215,17,19,,
T,2026-07-18 15:38:09.000,26.41386833,-80.15976667,2.60,6.870,-27.770,6.104,214,17,19,,
T,2026-07-18 15:38:10.000,26.41381167,-80.15980833,2.10,8.270,-27.770,7.133,217,17,19,,
T,2026-07-18 15:38:11.000,26.41376167,-80.15985833,2.10,8.470,-27.770,7.314,217,17,19,,
T,2026-07-18 15:38:12.000,26.41371167,-80.15990167,2.10,9.070,-27.770,6.972,218,17,19,,
T,2026-07-18 15:38:13.000,26.41366167,-80.15994833,2.10,9.769,-27.769,7.323,222,17,19,,
T,2026-07-18 15:38:14.000,26.41362167,-80.15999667,2.10,10.369,-27.769,6.617,222,17,19,,
T,2026-07-18 15:38:15.000,26.41358333,-80.16003833,2.10,11.069,-27.769,6.167,224,17,19,,
T,2026-07-18 15:38:16.000,26.41354167,-80.16008167,2.10,11.369,-27.769,6.160,227,17,19,,
T,2026-07-18 15:38:17.000,26.41350667,-80.16011667,2.00,11.369,-27.769,5.457,234,17,19,,
T,2026-07-18 15:38:18.000,26.41348667,-80.16015000,1.90,11.068,-27.768,4.302,235,17,19,,
T,2026-07-18 15:38:19.000,26.41347167,-80.16018000,1.90,10.668,-27.768,3.123,234,17,19,,
T,2026-07-18 15:38:20.000,26.41346000,-80.16019833,1.90,10.168,-27.768,2.306,228,17,19,,
T,2026-07-18 15:38:21.000,26.41344833,-80.16021500,1.80,10.168,-27.768,2.114,234,17,19,,
T,2026-07-18 15:38:22.000,26.41343833,-80.16022500,1.80,10.268,-27.768,1.475,234,17,19,,
T,2026-07-18 15:38:23.000,26.41343000,-80.16023333,1.80,10.668,-27.768,1.494,237,17,19,,
T,2026-07-18 15:38:24.000,26.41341833,-80.16025167,1.70,10.968,-27.768,2.607,229,17,19,,
T,2026-07-18 15:38:25.000,26.41340333,-80.16027667,1.70,10.768,-27.768,3.517,232,17,19,,
T,2026-07-18 15:38:26.000,26.41338167,-80.16031000,1.70,10.368,-27.768,4.066,235,17,19,,
T,2026-07-18 15:38:27.000,26.41336167,-80.16034833,1.70,10.068,-27.768,4.523,240,16,19,,
T,2026-07-18 15:38:28.000,26.41334500,-80.16039333,1.80,9.967,-27.767,5.001,239,17,19,,
T,2026-07-18 15:38:29.000,26.41332833,-80.16043833,1.80,9.367,-27.767,5.363,241,17,19,,
T,2026-07-18 15:38:30.000,26.41331500,-80.16049167,1.90,9.167,-27.767,5.455,243,17,19,,
T,2026-07-18 15:38:31.000,26.41329667,-80.16053833,1.90,8.767,-27.767,5.549,240,17,19,,
T,2026-07-18 15:38:32.000,26.41326667,-80.16059000,1.90,8.566,-27.766,5.704,238,17,19,,
T,2026-07-18 15:38:33.000,26.41323500,-80.16064167,1.80,8.866,-27.766,6.033,238,17,19,,
T,2026-07-18 15:38:34.000,26.41320000,-80.16069333,1.80,9.166,-27.766,6.158,237,16,19,,
T,2026-07-18 15:38:35.000,26.41317167,-80.16074833,1.90,8.666,-27.766,6.457,238,16,19,,
T,2026-07-18 15:38:36.000,26.41314000,-80.16079833,1.90,8.266,-27.766,6.781,239,17,19,,
T,2026-07-18 15:38:37.000,26.41311167,-80.16085500,1.80,8.165,-27.765,6.808,239,17,19,,
T,2026-07-18 15:38:38.000,26.41308000,-80.16091667,1.80,8.365,-27.765,6.769,240,16,19,,
T,2026-07-18 15:38:39.000,26.41304667,-80.16097833,1.90,8.365,-27.765,6.432,238,16,19,,
T,2026-07-18 15:38:40.000,26.41301667,-80.16103333,1.90,8.865,-27.765,6.173,238,17,19,,
T,2026-07-18 15:38:41.000,26.41298667,-80.16108833,1.90,8.864,-27.764,5.905,239,17,19,,
T,2026-07-18 15:38:42.000,26.41296167,-80.16113833,1.90,9.064,-27.764,5.333,237,17,19,,
T,2026-07-18 15:38:43.000,26.41293667,-80.16118500,1.90,9.764,-27.764,4.778,240,16,19,,
T,2026-07-18 15:38:44.000,26.41291333,-80.16122667,1.90,10.164,-27.764,4.913,241,17,19,,
T,2026-07-18 15:38:45.000,26.41288833,-80.16125833,1.90,10.464,-27.764,4.337,243,17,19,,
T,2026-07-18 15:38:46.000,26.41287500,-80.16128500,1.90,10.963,-27.763,2.633,246,17,19,,
T,2026-07-18 15:38:47.000,26.41286500,-80.16129500,1.90,11.163,-27.763,1.940,240,17,19,,
T,2026-07-18 15:38:48.000,26.41285500,-80.16130500,1.70,11.463,-27.763,1.447,240,17,19,,
T,2026-07-18 15:38:49.000,26.41284833,-80.16131333,1.80,11.363,-27.763,0.462,240,16,19,,
T,2026-07-18 15:38:50.000,26.41284333,-80.16132500,2.00,11.363,-27.763,1.121,240,16,19,,
T,2026-07-18 15:38:51.000,26.41284500,-80.16133333,1.90,11.063,-27.763,0.000,,16,19,,
T,2026-07-18 15:38:52.000,26.41284333,-80.16133333,2.00,10.963,-27.763,0.000,,16,19,,
T,2026-07-18 15:38:53.000,26.41284167,-80.16133833,2.10,10.963,-27.763,0.000,,16,19,,
T,2026-07-18 15:38:54.000,26.41284167,-80.16133833,2.10,10.963,-27.763,0.000,,16,19,,
T,2026-07-18 15:38:55.000,26.41284167,-80.16133833,2.20,10.963,-27.763,0.000,,16,19,,
T,2026-07-18 15:38:56.000,26.41285000,-80.16140333,2.00,10.663,-27.763,2.977,283,17,19,,
T,2026-07-18 15:38:57.000,26.41286000,-80.16144167,1.90,10.663,-27.763,3.650,300,17,19,,
T,2026-07-18 15:38:58.000,26.41287667,-80.16147333,2.00,10.763,-27.763,3.309,296,17,19,,
T,2026-07-18 15:38:59.000,26.41289500,-80.16150333,2.00,10.863,-27.763,4.163,328,17,19,,
T,2026-07-18 15:39:00.000,26.41293500,-80.16153167,1.90,11.462,-27.762,4.653,324,17,19,,
T,2026-07-18 15:39:01.000,26.41297333,-80.16156000,1.90,11.762,-27.762,4.673,326,17,19,,
T,2026-07-18 15:39:02.000,26.41300167,-80.16158000,1.90,11.162,-27.762,3.800,329,17,19,,
T,2026-07-18 15:39:03.000,26.41303667,-80.16160500,2.00,10.662,-27.762,3.989,328,17,19,,
T,2026-07-18 15:39:04.000,26.41307333,-80.16164000,1.90,10.662,-27.762,5.233,321,17,19,,
T,2026-07-18 15:39:05.000,26.41311667,-80.16168167,2.00,11.162,-27.762,5.381,322,16,19,,
T,2026-07-18 15:39:06.000,26.41315833,-80.16172167,1.90,11.562,-27.762,5.586,318,17,19,,
T,2026-07-18 15:39:07.000,26.41320167,-80.16175333,1.90,11.862,-27.762,5.611,321,17,19,,
T,2026-07-18 15:39:08.000,26.41324500,-80.16178333,1.90,11.462,-27.762,5.340,321,16,19,,
T,2026-07-18 15:39:09.000,26.41328333,-80.16181500,1.90,11.661,-27.761,5.240,320,17,19,,
T,2026-07-18 15:39:10.000,26.41331833,-80.16184333,1.90,11.161,-27.761,5.245,319,17,19,,
T,2026-07-18 15:39:11.000,26.41335667,-80.16188000,1.90,11.361,-27.761,5.249,317,16,19,,
T,2026-07-18 15:39:12.000,26.41339167,-80.16191667,1.80,11.461,-27.761,5.097,317,17,19,,
T,2026-07-18 15:39:13.000,26.41342667,-80.16195000,1.80,11.361,-27.761,5.058,316,16,19,,
T,2026-07-18 15:39:14.000,26.41346000,-80.16198667,1.80,11.261,-27.761,4.957,318,16,19,,
T,2026-07-18 15:39:15.000,26.41349833,-80.16202167,1.80,11.361,-27.761,5.267,316,16,19,,
T,2026-07-18 15:39:16.000,26.41352833,-80.16206167,1.80,11.461,-27.761,4.807,314,17,19,,
T,2026-07-18 15:39:17.000,26.41355500,-80.16209833,1.80,11.560,-27.760,4.534,311,17,19,,
T,2026-07-18 15:39:18.000,26.41357833,-80.16213500,1.80,11.560,-27.760,4.310,314,17,19,,
T,2026-07-18 15:39:19.000,26.41359667,-80.16216667,1.90,11.260,-27.760,3.632,315,17,19,,
T,2026-07-18 15:39:20.000,26.41361833,-80.16219167,1.90,11.360,-27.760,3.435,312,17,19,,
T,2026-07-18 15:39:21.000,26.41363667,-80.16221500,1.90,11.760,-27.760,3.224,315,17,19,,
T,2026-07-18 15:39:22.000,26.41365667,-80.16223667,1.90,12.060,-27.760,3.515,316,17,19,,
T,2026-07-18 15:39:23.000,26.41368000,-80.16226500,1.90,11.960,-27.760,3.965,313,17,19,,
T,2026-07-18 15:39:24.000,26.41370833,-80.16229500,1.90,11.960,-27.760,4.403,310,17,19,,
T,2026-07-18 15:39:25.000,26.41373333,-80.16232833,1.90,11.760,-27.760,4.511,310,17,19,,
T,2026-07-18 15:39:26.000,26.41375333,-80.16235667,1.90,11.459,-27.759,4.245,308,17,19,,
T,2026-07-18 15:39:27.000,26.41377833,-80.16239667,1.90,11.159,-27.759,4.824,307,17,19,,
T,2026-07-18 15:39:28.000,26.41380167,-80.16243333,1.90,11.359,-27.759,4.597,307,17,19,,
T,2026-07-18 15:39:29.000,26.41383167,-80.16247333,1.90,12.059,-27.759,4.626,307,17,19,,
T,2026-07-18 15:39:30.000,26.41386000,-80.16251000,1.90,11.959,-27.759,4.490,307,17,19,,
T,2026-07-18 15:39:31.000,26.41388667,-80.16254500,2.00,11.459,-27.759,4.504,310,17,19,,
T,2026-07-18 15:39:32.000,26.41391333,-80.16258000,2.00,10.959,-27.759,4.224,308,17,19,,
T,2026-07-18 15:39:33.000,26.41394167,-80.16261167,2.00,10.359,-27.759,4.238,307,16,19,,
T,2026-07-18 15:39:34.000,26.41396667,-80.16264500,2.00,8.858,-27.758,4.656,305,16,19,,
T,2026-07-18 15:39:35.000,26.41398667,-80.16267500,1.90,7.758,-27.758,4.451,302,16,19,,
T,2026-07-18 15:39:36.000,26.41401000,-80.16270833,1.90,6.958,-27.758,4.578,305,16,19,,
T,2026-07-18 15:39:37.000,26.41402833,-80.16273833,2.00,6.458,-27.758,4.475,301,17,19,,
T,2026-07-18 15:39:38.000,26.41404833,-80.16277833,1.90,5.858,-27.758,4.976,301,16,19,,
T,2026-07-18 15:39:39.000,26.41407333,-80.16282500,1.80,6.058,-27.758,5.896,299,16,19,,
T,2026-07-18 15:39:40.000,26.41409833,-80.16287167,1.90,6.458,-27.758,4.884,301,16,19,,
T,2026-07-18 15:39:41.000,26.41412000,-80.16291167,1.90,7.057,-27.757,5.355,303,15,19,,
T,2026-07-18 15:39:42.000,26.41414333,-80.16295500,1.80,6.957,-27.757,4.566,300,17,19,,
T,2026-07-18 15:39:43.000,26.41416167,-80.16298833,1.80,7.457,-27.757,3.860,307,17,19,,
T,2026-07-18 15:39:44.000,26.41418167,-80.16302167,1.80,7.357,-27.757,3.778,305,17,19,,
T,2026-07-18 15:39:45.000,26.41419667,-80.16305333,1.80,6.657,-27.757,3.131,300,17,19,,
T,2026-07-18 15:39:46.000,26.41420667,-80.16307833,1.80,6.457,-27.757,2.091,304,16,19,,
T,2026-07-18 15:39:47.000,26.41421500,-80.16309833,1.80,6.857,-27.757,1.307,304,17,19,,
T,2026-07-18 15:39:48.000,26.41422000,-80.16311000,1.70,6.757,-27.757,1.051,304,17,19,,
T,2026-07-18 15:39:49.000,26.41423000,-80.16312500,1.70,6.857,-27.757,1.079,304,17,19,,
T,2026-07-18 15:39:50.000,26.41423833,-80.16313333,1.70,6.957,-27.757,1.260,304,17,19,,
T,2026-07-18 15:39:51.000,26.41424667,-80.16315500,1.60,7.356,-27.756,2.375,290,17,19,,
T,2026-07-18 15:39:52.000,26.41425333,-80.16318500,1.70,8.156,-27.756,2.604,292,17,19,,
T,2026-07-18 15:39:53.000,26.41426167,-80.16321833,1.80,8.356,-27.756,2.997,297,17,19,,
T,2026-07-18 15:39:54.000,26.41427500,-80.16324500,1.80,8.256,-27.756,2.963,302,17,19,,
T,2026-07-18 15:39:55.000,26.41428833,-80.16326667,1.80,7.856,-27.756,2.932,303,17,19,,
T,2026-07-18 15:39:56.000,26.41429667,-80.16329000,1.80,8.056,-27.756,2.512,300,17,19,,
T,2026-07-18 15:39:57.000,26.41430667,-80.16331333,1.80,7.956,-27.756,2.037,303,17,19,,
T,2026-07-18 15:39:58.000,26.41432000,-80.16333000,1.80,7.856,-27.756,1.717,302,17,19,,
T,2026-07-18 15:39:59.000,26.41432833,-80.16334667,1.60,7.556,-27.756,1.525,303,17,19,,
T,2026-07-18 15:40:00.000,26.41433833,-80.16335667,1.70,7.256,-27.756,1.070,303,17,19,,
T,2026-07-18 15:40:01.000,26.41434167,-80.16336500,1.60,6.956,-27.756,0.000,,17,19,,
T,2026-07-18 15:40:02.000,26.41434833,-80.16337833,1.70,6.956,-27.756,0.000,,17,19,,
T,2026-07-18 15:40:03.000,26.41435833,-80.16339667,1.70,6.856,-27.756,2.150,303,17,19,,
T,2026-07-18 15:40:04.000,26.41437000,-80.16341833,1.80,7.255,-27.755,2.591,295,17,19,,
T,2026-07-18 15:40:05.000,26.41438833,-80.16344667,1.80,8.155,-27.755,2.715,305,17,19,,
T,2026-07-18 15:40:06.000,26.41440167,-80.16347500,1.80,8.755,-27.755,2.899,286,17,19,,
T,2026-07-18 15:40:07.000,26.41441000,-80.16350333,1.80,9.555,-27.755,3.354,275,17,19,,
T,2026-07-18 15:40:08.000,26.41441167,-80.16353500,1.80,9.855,-27.755,3.246,268,17,19,,
T,2026-07-18 15:40:09.000,26.41441167,-80.16356667,1.80,9.855,-27.755,3.273,267,17,19,,
T,2026-07-18 15:40:10.000,26.41441000,-80.16359500,1.90,10.355,-27.755,3.092,271,17,19,,
T,2026-07-18 15:40:11.000,26.41440667,-80.16362333,1.90,11.155,-27.755,3.106,270,17,19,,
T,2026-07-18 15:40:12.000,26.41440500,-80.16365333,1.90,11.654,-27.754,3.071,269,17,19,,
T,2026-07-18 15:40:13.000,26.41440667,-80.16368667,1.80,11.754,-27.754,3.265,275,17,19,,
T,2026-07-18 15:40:14.000,26.41441333,-80.16371333,1.90,11.154,-27.754,2.446,293,17,19,,
T,2026-07-18 15:40:15.000,26.41441833,-80.16373833,1.90,10.454,-27.754,2.666,295,17,19,,
T,2026-07-18 15:40:16.000,26.41442667,-80.16376500,1.90,10.354,-27.754,2.339,292,17,19,,
T,2026-07-18 15:40:17.000,26.41443500,-80.16378333,1.80,10.354,-27.754,2.340,282,17,19,,
T,2026-07-18 15:40:18.000,26.41444167,-80.16380833,1.80,10.054,-27.754,2.533,288,17,19,,
T,2026-07-18 15:40:19.000,26.41444833,-80.16383333,1.90,9.854,-27.754,1.863,283,17,19,,
T,2026-07-18 15:40:20.000,26.41446333,-80.16386333,1.90,9.354,-27.754,2.563,295,17,19,,
T,2026-07-18 15:40:21.000,26.41448333,-80.16389667,1.90,9.554,-27.754,3.129,301,17,19,,
T,2026-07-18 15:40:22.000,26.41449667,-80.16392333,1.80,9.353,-27.753,2.971,300,17,19,,
T,2026-07-18 15:40:23.000,26.41451000,-80.16395333,1.80,8.953,-27.753,2.792,292,17,19,,
T,2026-07-18 15:40:24.000,26.41451833,-80.16397667,1.80,8.753,-27.753,2.372,274,17,19,,
T,2026-07-18 15:40:25.000,26.41452000,-80.16400333,1.70,8.853,-27.753,2.371,263,17,19,,
T,2026-07-18 15:40:26.000,26.41451667,-80.16402500,1.70,9.053,-27.753,1.723,247,17,19,,
T,2026-07-18 15:40:27.000,26.41451000,-80.16403667,1.80,9.453,-27.753,0.000,,17,19,,
T,2026-07-18 15:40:28.000,26.41450500,-80.16404667,1.90,9.453,-27.753,0.000,,17,19,,
T,2026-07-18 15:40:29.000,26.41449667,-80.16405833,1.80,9.853,-27.753,1.942,268,17,19,,
T,2026-07-18 15:40:30.000,26.41449000,-80.16408000,1.80,10.453,-27.753,1.546,270,17,19,,
T,2026-07-18 15:40:31.000,26.41449000,-80.16409500,1.70,11.453,-27.753,1.254,270,17,19,,
T,2026-07-18 15:40:32.000,26.41449333,-80.16411167,1.70,11.653,-27.753,1.497,270,17,19,,
T,2026-07-18 15:40:33.000,26.41450000,-80.16412667,1.70,11.653,-27.753,1.750,295,17,19,,
T,2026-07-18 15:40:34.000,26.41450833,-80.16414500,1.70,11.553,-27.753,1.983,299,17,19,,
T,2026-07-18 15:40:35.000,26.41451833,-80.16416000,1.70,11.752,-27.752,1.969,301,17,19,,
T,2026-07-18 15:40:36.000,26.41452667,-80.16417833,1.70,11.952,-27.752,1.968,304,17,19,,
T,2026-07-18 15:40:37.000,26.41453833,-80.16419667,1.70,11.952,-27.752,2.082,301,17,19,,
T,2026-07-18 15:40:38.000,26.41455000,-80.16421333,1.80,11.852,-27.752,2.114,301,17,19,,
T,2026-07-18 15:40:39.000,26.41456167,-80.16423500,1.70,11.652,-27.752,2.413,302,17,19,,
T,2026-07-18 15:40:40.000,26.41457500,-80.16426000,1.70,11.852,-27.752,2.384,298,17,19,,
T,2026-07-18 15:40:41.000,26.41458500,-80.16428333,1.70,12.352,-27.752,2.372,299,17,19,,
T,2026-07-18 15:40:42.000,26.41459333,-80.16430500,1.70,12.852,-27.752,2.350,297,17,19,,
T,2026-07-18 15:40:43.000,26.41460667,-80.16432500,1.70,12.652,-27.752,2.361,296,17,19,,
T,2026-07-18 15:40:44.000,26.41461500,-80.16434500,1.80,12.652,-27.752,2.344,296,17,19,,
T,2026-07-18 15:40:45.000,26.41462167,-80.16436333,1.80,12.852,-27.752,2.472,295,17,19,,
T,2026-07-18 15:40:46.000,26.41462833,-80.16438667,1.70,13.052,-27.752,2.714,297,17,19,,
T,2026-07-18 15:40:47.000,26.41463000,-80.16440667,1.80,13.552,-27.752,2.205,290,17,19,,
T,2026-07-18 15:40:48.000,26.41463500,-80.16443000,1.70,13.651,-27.751,2.645,286,16,19,,
T,2026-07-18 15:40:49.000,26.41463333,-80.16445333,1.70,13.751,-27.751,2.787,282,17,19,,
T,2026-07-18 15:40:50.000,26.41463667,-80.16447833,1.70,13.351,-27.751,2.800,286,17,19,,
T,2026-07-18 15:40:51.000,26.41464167,-80.16450167,1.80,12.951,-27.751,2.781,287,16,19,,
T,2026-07-18 15:40:52.000,26.41465000,-80.16452833,1.80,12.251,-27.751,3.219,287,17,19,,
T,2026-07-18 15:40:53.000,26.41465667,-80.16456333,1.80,11.551,-27.751,3.212,289,17,19,,
T,2026-07-18 15:40:54.000,26.41466667,-80.16459667,1.80,11.251,-27.751,2.998,288,17,19,,
T,2026-07-18 15:40:55.000,26.41467667,-80.16462833,1.70,11.251,-27.751,2.987,290,17,19,,
T,2026-07-18 15:40:56.000,26.41469000,-80.16465667,1.70,11.551,-27.751,3.113,293,17,19,,
T,2026-07-18 15:40:57.000,26.41470500,-80.16468500,1.70,11.750,-27.750,2.977,293,17,19,,
T,2026-07-18 15:40:58.000,26.41471833,-80.16471000,1.70,11.850,-27.750,3.070,291,17,19,,
T,2026-07-18 15:40:59.000,26.41472833,-80.16474000,1.70,11.650,-27.750,3.090,290,17,19,,
T,2026-07-18 15:41:00.000,26.41473500,-80.16476833,1.70,10.950,-27.750,3.078,287,17,19,,
T,2026-07-18 15:41:01.000,26.41474000,-80.16480167,1.80,10.850,-27.750,3.291,285,15,19,,
T,2026-07-18 15:41:02.000,26.41474333,-80.16483167,1.80,10.850,-27.750,3.154,279,15,19,,
T,2026-07-18 15:41:03.000,26.41474833,-80.16486000,1.80,10.450,-27.750,3.142,279,15,19,,
T,2026-07-18 15:41:04.000,26.41475333,-80.16488667,1.80,10.350,-27.750,2.995,277,16,19,,
T,2026-07-18 15:41:05.000,26.41475500,-80.16491500,1.80,9.949,-27.749,2.756,275,15,19,,
T,2026-07-18 15:41:06.000,26.41475833,-80.16494167,1.80,9.549,-27.749,2.717,284,15,19,,
T,2026-07-18 15:41:07.000,26.41476500,-80.16496667,1.90,9.249,-27.749,2.693,297,15,19,,
T,2026-07-18 15:41:08.000,26.41478167,-80.16499000,1.80,9.749,-27.749,2.381,325,15,19,,
T,2026-07-18 15:41:09.000,26.41480333,-80.16499833,1.80,9.949,-27.749,2.750,346,15,19,,
T,2026-07-18 15:41:10.000,26.41482833,-80.16500167,1.80,9.849,-27.749,2.537,1,16,19,,
T,2026-07-18 15:41:11.000,26.41484833,-80.16499000,1.80,10.249,-27.749,2.329,25,15,19,,
T,2026-07-18 15:41:12.000,26.41487167,-80.16497667,1.90,10.649,-27.749,3.138,27,13,19,,
T,2026-07-18 15:41:13.000,26.41489833,-80.16496333,2.20,10.949,-27.749,2.588,29,15,19,,
T,2026-07-18 15:41:14.000,26.41492333,-80.16495333,2.40,11.149,-27.749,2.503,24,16,19,,
T,2026-07-18 15:41:15.000,26.41494000,-80.16494333,2.50,10.949,-27.749,2.306,23,17,19,,
T,2026-07-18 15:41:16.000,26.41495833,-80.16493167,2.50,10.550,-27.750,2.177,24,17,19,,
T,2026-07-18 15:41:17.000,26.41496167,-80.16492167,2.50,9.850,-27.750,1.667,32,17,19,,
T,2026-07-18 15:41:18.000,26.41497833,-80.16491667,2.50,8.950,-27.750,1.652,30,17,19,,
T,2026-07-18 15:41:19.000,26.41500667,-80.16491333,2.40,6.150,-27.750,1.210,30,17,19,,
T,2026-07-18 15:41:20.000,26.41502667,-80.16491000,2.20,3.350,-27.750,1.649,24,15,19,,
T,2026-07-18 15:41:21.000,26.41505500,-80.16488167,2.00,2.650,-27.750,2.707,31,15,19,,
T,2026-07-18 15:41:22.000,26.41508667,-80.16485833,2.00,3.450,-27.750,2.936,35,15,19,,
T,2026-07-18 15:41:23.000,26.41511500,-80.16483833,1.90,4.250,-27.750,2.750,31,15,19,,
T,2026-07-18 15:41:24.000,26.41514167,-80.16482000,1.90,4.950,-27.750,2.161,31,17,19,,
T,2026-07-18 15:41:25.000,26.41515833,-80.16480500,1.80,5.150,-27.750,2.027,26,16,19,,
T,2026-07-18 15:41:26.000,26.41518000,-80.16479333,1.90,5.650,-27.750,1.351,26,16,19,,
T,2026-07-18 15:41:27.000,26.41519500,-80.16478833,1.80,6.750,-27.750,1.388,26,17,19,,
T,2026-07-18 15:41:28.000,26.41520833,-80.16478333,1.80,7.850,-27.750,1.387,26,16,19,,
T,2026-07-18 15:41:29.000,26.41522333,-80.16477667,1.90,8.650,-27.750,1.637,7,16,19,,
T,2026-07-18 15:41:30.000,26.41523667,-80.16477667,1.90,8.950,-27.750,1.965,358,17,19,,
T,2026-07-18 15:41:31.000,26.41526167,-80.16477667,1.90,9.350,-27.750,1.974,346,17,19,,
T,2026-07-18 15:41:32.000,26.41528667,-80.16477833,1.90,9.850,-27.750,1.987,342,17,19,,
T,2026-07-18 15:41:33.000,26.41530000,-80.16478667,1.90,9.650,-27.750,2.075,340,17,19,,
T,2026-07-18 15:41:34.000,26.41531500,-80.16479500,1.90,9.150,-27.750,2.050,332,17,19,,
T,2026-07-18 15:41:35.000,26.41533500,-80.16481167,2.00,8.550,-27.750,1.810,335,16,19,,
T,2026-07-18 15:41:36.000,26.41534833,-80.16482500,1.90,7.750,-27.750,2.035,336,16,19,,
T,2026-07-18 15:41:37.000,26.41536167,-80.16483500,1.90,7.050,-27.750,2.067,333,16,19,,
T,2026-07-18 15:41:38.000,26.41538333,-80.16484333,1.90,6.850,-27.750,2.077,340,16,19,,
T,2026-07-18 15:41:39.000,26.41539833,-80.16485500,1.80,7.050,-27.750,2.184,333,16,19,,
T,2026-07-18 15:41:40.000,26.41541500,-80.16486333,1.90,7.050,-27.750,2.183,338,16,19,,
T,2026-07-18 15:41:41.000,26.41543833,-80.16487333,1.90,7.650,-27.750,2.193,338,16,19,,
T,2026-07-18 15:41:42.000,26.41545833,-80.16488667,2.00,8.050,-27.750,2.187,341,16,19,,
T,2026-07-18 15:41:43.000,26.41548000,-80.16488667,2.00,8.050,-27.750,2.030,343,16,19,,
T,2026-07-18 15:41:44.000,26.41550000,-80.16489333,1.90,8.450,-27.750,2.331,346,16,19,,
T,2026-07-18 15:41:45.000,26.41552167,-80.16489833,1.90,8.550,-27.750,2.335,346,16,19,,
T,2026-07-18 15:41:46.000,26.41554333,-80.16490167,2.00,8.650,-27.750,2.194,345,16,19,,
T,2026-07-18 15:41:47.000,26.41556667,-80.16490667,1.90,8.750,-27.750,2.205,354,17,19,,
T,2026-07-18 15:41:48.000,26.41559000,-80.16490833,1.90,8.550,-27.750,2.219,344,17,19,,
T,2026-07-18 15:41:49.000,26.41560833,-80.16490667,1.90,8.650,-27.750,2.311,351,17,19,,
T,2026-07-18 15:41:50.000,26.41563833,-80.16491333,1.90,8.850,-27.750,2.205,351,17,19,,
T,2026-07-18 15:41:51.000,26.41566167,-80.16491167,1.80,8.750,-27.750,1.924,1,17,19,,
T,2026-07-18 15:41:52.000,26.41568667,-80.16491000,1.80,8.250,-27.750,2.483,358,17,19,,
T,2026-07-18 15:41:53.000,26.41571000,-80.16491000,1.80,8.550,-27.750,2.472,357,16,19,,
T,2026-07-18 15:41:54.000,26.41573667,-80.16490667,1.80,9.050,-27.750,2.581,4,16,19,,
T,2026-07-18 15:41:55.000,26.41576333,-80.16490333,1.80,9.950,-27.750,2.344,14,16,19,,
T,2026-07-18 15:41:56.000,26.41578833,-80.16490000,1.90,10.450,-27.750,2.606,14,16,19,,
T,2026-07-18 15:41:57.000,26.41581333,-80.16489333,1.90,11.550,-27.750,2.569,20,16,19,,
T,2026-07-18 15:41:58.000,26.41583667,-80.16488000,2.00,12.450,-27.750,2.111,26,16,19,,
T,2026-07-18 15:41:59.000,26.41585167,-80.16487500,1.90,12.850,-27.750,1.496,26,17,19,,
T,2026-07-18 15:42:00.000,26.41585667,-80.16487000,1.80,12.950,-27.750,0.000,,16,19,,
T,2026-07-18 15:42:01.000,26.41586000,-80.16486667,1.90,12.850,-27.750,0.000,,16,19,,
T,2026-07-18 15:42:02.000,26.41586000,-80.16486667,1.90,12.950,-27.750,0.000,,15,19,,
T,2026-07-18 15:42:03.000,26.41586000,-80.16486667,1.80,12.950,-27.750,0.000,,14,19,,
T,2026-07-18 15:42:04.000,26.41586000,-80.16486667,1.90,12.950,-27.750,0.000,,13,19,,
T,2026-07-18 15:42:05.000,26.41586000,-80.16486667,2.00,12.950,-27.750,0.000,,15,19,,
T,2026-07-18 15:42:06.000,26.41586000,-80.16486667,1.20,12.950,-27.750,0.000,,15,19,,
T,2026-07-18 15:42:07.000,26.41586000,-80.16486667,1.50,12.950,-27.750,0.000,,16,19,,
T,2026-07-18 15:42:08.000,26.41588333,-80.16482833,1.90,13.150,-27.750,0.123,26,16,19,,
T,2026-07-18 15:42:09.000,26.41589333,-80.16481833,2.00,13.251,-27.751,0.138,26,17,19,,
T,2026-07-18 15:42:10.000,26.41590000,-80.16480500,2.10,13.051,-27.751,0.133,26,17,19,,
T,2026-07-18 15:42:11.000,26.41590833,-80.16479000,2.00,13.251,-27.751,1.214,60,17,19,,
T,2026-07-18 15:42:12.000,26.41592000,-80.16477500,2.00,13.451,-27.751,1.367,51,17,19,,
T,2026-07-18 15:42:13.000,26.41593000,-80.16476167,1.80,14.151,-27.751,1.616,55,16,19,,
T,2026-07-18 15:42:14.000,26.41594167,-80.16475000,1.80,14.951,-27.751,1.718,48,15,19,,
T,2026-07-18 15:42:15.000,26.41595500,-80.16474000,1.80,15.451,-27.751,1.595,37,17,19,,
T,2026-07-18 15:42:16.000,26.41597000,-80.16472667,1.80,16.351,-27.751,1.592,44,15,19,,
T,2026-07-18 15:42:17.000,26.41598333,-80.16471333,1.90,17.051,-27.751,1.625,52,15,19,,
T,2026-07-18 15:42:18.000,26.41599500,-80.16470000,1.90,17.351,-27.751,2.122,62,14,19,,
T,2026-07-18 15:42:19.000,26.41600000,-80.16468333,1.90,17.051,-27.751,2.116,74,17,19,,
T,2026-07-18 15:42:20.000,26.41600667,-80.16467000,1.90,16.751,-27.751,1.618,61,17,19,,
T,2026-07-18 15:42:21.000,26.41601333,-80.16466000,1.90,16.451,-27.751,1.455,70,17,19,,
T,2026-07-18 15:42:22.000,26.41602000,-80.16464833,1.80,16.551,-27.751,1.437,60,17,19,,
T,2026-07-18 15:42:23.000,26.41603000,-80.16463833,1.80,16.551,-27.751,1.766,50,16,19,,
T,2026-07-18 15:42:24.000,26.41604333,-80.16462333,1.80,16.151,-27.751,1.350,37,16,19,,
T,2026-07-18 15:42:25.000,26.41604833,-80.16461500,1.80,16.051,-27.751,0.000,,16,19,,
T,2026-07-18 15:42:26.000,26.41605167,-80.16460833,2.00,15.951,-27.751,0.000,,16,19,,
T,2026-07-18 15:42:27.000,26.41605667,-80.16460000,2.00,16.152,-27.752,0.000,,16,19,,
T,2026-07-18 15:42:28.000,26.41605667,-80.16460000,2.00,16.152,-27.752,0.000,,16,19,,
T,2026-07-18 15:42:29.000,26.41605667,-80.16460000,2.00,16.152,-27.752,0.000,,15,19,,
T,2026-07-18 15:42:30.000,26.41605667,-80.16460000,2.00,16.152,-27.752,0.000,,17,19,,
T,2026-07-18 15:42:31.000,26.41605667,-80.16460000,2.10,16.152,-27.752,0.000,,17,19,,
T,2026-07-18 15:42:32.000,26.41605667,-80.16460000,2.10,16.152,-27.752,0.000,,15,19,,
T,2026-07-18 15:42:33.000,26.41605667,-80.16460000,2.10,16.152,-27.752,0.000,,17,19,,
T,2026-07-18 15:42:34.000,26.41605667,-80.16460000,2.10,16.152,-27.752,0.000,,16,19,,
T,2026-07-18 15:42:35.000,26.41605667,-80.16460000,2.10,16.152,-27.752,0.000,,15,19,,
T,2026-07-18 15:42:36.000,26.41605667,-80.16460000,2.10,16.152,-27.752,0.000,,16,19,,
T,2026-07-18 15:42:37.000,26.41605667,-80.16460000,1.20,16.152,-27.752,0.000,,17,19,,
T,2026-07-18 15:42:38.000,26.41605667,-80.16460000,1.40,16.152,-27.752,0.000,,17,19,,
T,2026-07-18 15:42:39.000,26.41605667,-80.16460000,1.60,16.152,-27.752,0.000,,17,19,,
T,2026-07-18 15:42:40.000,26.41605667,-80.16460000,1.70,16.152,-27.752,0.000,,17,19,,
T,2026-07-18 15:42:41.000,26.41605667,-80.16460000,1.80,16.152,-27.752,0.000,,17,19,,
T,2026-07-18 15:42:42.000,26.41605667,-80.16460000,1.20,16.152,-27.752,0.000,,16,19,,
T,2026-07-18 15:42:43.000,26.41605667,-80.16460000,1.10,16.152,-27.752,0.000,,16,19,,
T,2026-07-18 15:42:44.000,26.41605667,-80.16460000,1.40,16.152,-27.752,0.000,,16,19,,
T,2026-07-18 15:42:45.000,26.41605667,-80.16460000,1.60,16.152,-27.752,0.000,,15,19,,
T,2026-07-18 15:42:46.000,26.41605667,-80.16460000,1.70,16.152,-27.752,0.000,,15,19,,
T,2026-07-18 15:42:47.000,26.41605667,-80.16460000,1.80,16.152,-27.752,0.000,,15,19,,
T,2026-07-18 15:42:48.000,26.41605667,-80.16460000,1.10,16.152,-27.752,0.000,,15,19,,
T,2026-07-18 15:42:49.000,26.41605667,-80.16460000,1.00,16.152,-27.752,0.000,,15,19,,
T,2026-07-18 15:42:50.000,26.41605667,-80.16460000,1.00,16.152,-27.752,0.000,,15,19,,
T,2026-07-18 15:42:51.000,26.41605667,-80.16460000,1.00,16.152,-27.752,0.000,,15,19,,
T,2026-07-18 15:42:52.000,26.41605667,-80.16460000,1.00,16.152,-27.752,0.000,,15,19,,
T,2026-07-18 15:42:53.000,26.41605667,-80.16460000,1.00,16.152,-27.752,0.000,,15,19,,
T,2026-07-18 15:42:54.000,26.41605667,-80.16460000,1.00,16.152,-27.752,0.000,,16,19,,
T,2026-07-18 15:42:55.000,26.41605667,-80.16460000,1.00,16.152,-27.752,0.000,,16,19,,
T,2026-07-18 15:42:56.000,26.41605667,-80.16460000,1.00,16.152,-27.752,0.000,,16,19,,
T,2026-07-18 15:42:57.000,26.41605667,-80.16460000,1.00,16.152,-27.752,0.000,,16,19,,
T,2026-07-18 15:42:58.000,26.41605667,-80.16460000,1.00,16.152,-27.752,0.000,,15,19,,
T,2026-07-18 15:42:59.000,26.41605667,-80.16460000,1.00,16.152,-27.752,0.000,,15,19,,
T,2026-07-18 15:43:00.000,26.41605667,-80.16460000,1.00,16.152,-27.752,0.000,,15,19,,
