<?xml version="1.0" encoding="UTF-8"?>
<!-- Created with BasicAirData GPS Logger for Android - ver. 3.3.0 -->
<!-- Track 9 = 2767 TrackPoints + 5 Placemarks -->
<kml xmlns="http://www.opengis.net/kml/2.2">
 <Document>
  <name>GPS Logger 20260718-141642</name>
  <description><![CDATA[Global path
2767 Trackpoints + 5 Placemarks]]></description>
  <Style id="TrackStyle">
   <LineStyle>
    <color>ff0000ff</color>
    <width>3</width>
   </LineStyle>
   <PolyStyle>
    <color>7f0000ff</color>
   </PolyStyle>
   <BalloonStyle>
    <text><![CDATA[<p style="color:red;font-weight:bold">$[name]</p><p style="font-size:11px">$[description]</p><p style="font-size:7px">Track Stats based on: Total time | Time in Movement</p>]]></text>
   </BalloonStyle>
  </Style>
  <Style id="PlacemarkStyle">
   <IconStyle>
    <Icon><href>http://maps.google.com/mapfiles/kml/shapes/placemark_circle_highlight.png</href></Icon>
   </IconStyle>
  </Style>

  <Placemark id="1">
   <name>Gate</name>
   <styleUrl>#PlacemarkStyle</styleUrl>
   <Point>
    <altitudeMode>clampToGround</altitudeMode>
    <coordinates>-80.16101833,26.41063500,14.663</coordinates>
    <extrude>1</extrude>
   </Point>
  </Placemark>

  <Placemark id="2">
   <name>Site1</name>
   <styleUrl>#PlacemarkStyle</styleUrl>
   <Point>
    <altitudeMode>clampToGround</altitudeMode>
    <coordinates>-80.15281833,26.42368167,9.204</coordinates>
    <extrude>1</extrude>
   </Point>
  </Placemark>

  <Placemark id="3">
   <name>Site2</name>
   <styleUrl>#PlacemarkStyle</styleUrl>
   <Point>
    <altitudeMode>clampToGround</altitudeMode>
    <coordinates>-80.17008667,26.41649833,15.429</coordinates>
    <extrude>1</extrude>
   </Point>
  </Placemark>

  <Placemark id="4">
   <name>Site3</name>
   <styleUrl>#PlacemarkStyle</styleUrl>
   <Point>
    <altitudeMode>clampToGround</altitudeMode>
    <coordinates>-80.16668833,26.40989500,17.639</coordinates>
    <extrude>1</extrude>
   </Point>
  </Placemark>

  <Placemark id="5">
   <name>Receiving</name>
   <styleUrl>#PlacemarkStyle</styleUrl>
   <Point>
    <altitudeMode>clampToGround</altitudeMode>
    <coordinates>-80.16348333,26.41592333,21.956</coordinates>
    <extrude>1</extrude>
   </Point>
  </Placemark>

  <Placemark id="20260718-141642">
   <name>Track 20260718-141642</name>
   <description><![CDATA[<b>Global path</b><br><br>Distance = 7.14 km<br>Duration = 46:06 | 27:41<br>Altitude Gap = 22 m<br>Max Speed = 18 mph<br>Avg Speed = 5.8 | 9.6 mph<br>Direction = W <br><br><i>2767 Trackpoints</i>]]></description>
   <styleUrl>#TrackStyle</styleUrl>
   <LineString>
    <extrude>0</extrude>
    <tessellate>0</tessellate>
    <altitudeMode>clampToGround</altitudeMode>
    <coordinates>
     -80.16111167,26.41061500,3.563
     -80.16110333,26.41061333,4.863
     -80.16106167,26.41062667,9.963
     -80.16103000,26.41063333,13.463
     -80.16101833,26.41063500,14.663
     -80.16101167,26.41063833,15.563
     -80.16101167,26.41063833,15.663
     -80.16101167,26.41063333,15.863
     -80.16101167,26.41063167,15.663
     -80.16101000,26.41063000,15.663
     -80.16101000,26.41062500,15.663
     -80.16101333,26.41062000,15.363
     -80.16101500,26.41061667,15.163
     -80.16101667,26.41061167,15.263
     -80.16101833,26.41061000,15.263
     -80.16102000,26.41060667,15.163
     -80.16102167,26.41060333,15.063
     -80.16102333,26.41060333,15.063
     -80.16102333,26.41060333,15.263
     -80.16102333,26.41060500,15.263
     -80.16102333,26.41060500,15.163
     -80.16102167,26.41060667,15.363
     -80.16102167,26.41060833,15.463
     -80.16102000,26.41061000,15.463
     -80.16102000,26.41061000,15.463
     -80.16101833,26.41060833,15.563
     -80.16101833,26.41060667,15.563
     -80.16101667,26.41060500,15.563
     -80.16101667,26.41060333,15.563
     -80.16101667,26.41060333,15.663
     -80.16101667,26.41060333,15.663
     -80.16101667,26.41060333,15.663
     -80.16101667,26.41060333,15.663
     -80.16101667,26.41060333,15.663
     -80.16101667,26.41060333,15.663
     -80.16101667,26.41060333,15.663
     -80.16101667,26.41060333,15.663
     -80.16101667,26.41060333,15.663
     -80.16101667,26.41060333,15.663
     -80.16101667,26.41060333,15.663
     -80.16101667,26.41060333,15.663
     -80.16101667,26.41060333,15.663
     -80.16101667,26.41060333,15.663
     -80.16101667,26.41060333,15.663
     -80.16101667,26.41060333,15.663
     -80.16101667,26.41060333,15.663
     -80.16101667,26.41060333,15.663
     -80.16101667,26.41060333,15.663
     -80.16101667,26.41060333,15.663
     -80.16101667,26.41060333,15.663
     -80.16101667,26.41060333,15.663
     -80.16101667,26.41060333,15.663
     -80.16101667,26.41060333,15.663
     -80.16101667,26.41060333,15.663
     -80.16101667,26.41060333,15.663
     -80.16101667,26.41060333,15.663
     -80.16101667,26.41060333,15.663
     -80.16101667,26.41060333,15.663
     -80.16101833,26.41057167,16.063
     -80.16100833,26.41058167,15.963
     -80.16100333,26.41058167,15.763
     -80.16100167,26.41058333,15.663
     -80.16099333,26.41059500,15.163
     -80.16099333,26.41061500,14.763
     -80.16101167,26.41062333,14.463
     -80.16103500,26.41061000,13.963
     -80.16105833,26.41060167,13.663
     -80.16108000,26.41059667,13.463
     -80.16109833,26.41059167,13.263
     -80.16111167,26.41058500,13.163
     -80.16113000,26.41058000,12.963
     -80.16114167,26.41058167,12.463
     -80.16115167,26.41058167,12.363
     -80.16115667,26.41058167,12.163
     -80.16116167,26.41058333,11.863
     -80.16117167,26.41058667,11.263
     -80.16117833,26.41059333,10.763
     -80.16119333,26.41060500,10.363
     -80.16120500,26.41060500,9.862
     -80.16120333,26.41061833,9.562
     -80.16120167,26.41063333,8.762
     -80.16119833,26.41064833,7.763
     -80.16119333,26.41066667,7.063
     -80.16118833,26.41069167,7.563
     -80.16118333,26.41071167,7.263
     -80.16118333,26.41072500,7.163
     -80.16118833,26.41073667,7.463
     -80.16118667,26.41075333,8.363
     -80.16118333,26.41077333,9.063
     -80.16118000,26.41079667,9.563
     -80.16117500,26.41082000,9.463
     -80.16117000,26.41084833,9.163
     -80.16116667,26.41087000,8.763
     -80.16116500,26.41089500,8.563
     -80.16116500,26.41093333,8.763
     -80.16116500,26.41096667,9.163
     -80.16116500,26.41099500,9.163
     -80.16116833,26.41103333,9.163
     -80.16117000,26.41106000,9.263
     -80.16117000,26.41108833,9.263
     -80.16117167,26.41112167,8.963
     -80.16117500,26.41115000,8.263
     -80.16117500,26.41118167,7.963
     -80.16117000,26.41121000,7.963
     -80.16116833,26.41123667,7.863
     -80.16116833,26.41126667,7.963
     -80.16116667,26.41129167,7.963
     -80.16117333,26.41131833,8.063
     -80.16117333,26.41134500,8.063
     -80.16117500,26.41137333,8.163
     -80.16117667,26.41139833,8.463
     -80.16117667,26.41142500,8.863
     -80.16117667,26.41145167,8.663
     -80.16117833,26.41147667,8.263
     -80.16117833,26.41150167,8.163
     -80.16117833,26.41152833,7.563
     -80.16117833,26.41155333,7.263
     -80.16118000,26.41158000,6.863
     -80.16118000,26.41160667,6.663
     -80.16117667,26.41163333,6.163
     -80.16117500,26.41165500,5.863
     -80.16117500,26.41168167,5.863
     -80.16117833,26.41170833,5.763
     -80.16118333,26.41173333,5.663
     -80.16118833,26.41176167,5.663
     -80.16119667,26.41179167,5.863
     -80.16120167,26.41182333,5.863
     -80.16120833,26.41185333,5.963
     -80.16121500,26.41188333,6.163
     -80.16122167,26.41191500,6.663
     -80.16122833,26.41195333,7.563
     -80.16123500,26.41198333,7.863
     -80.16124167,26.41200833,8.263
     -80.16124833,26.41203500,8.763
     -80.16125500,26.41206000,9.163
     -80.16126167,26.41208167,9.663
     -80.16126833,26.41211333,10.263
     -80.16127500,26.41214000,10.763
     -80.16127667,26.41216333,11.063
     -80.16128667,26.41219167,11.263
     -80.16129333,26.41221833,11.363
     -80.16130500,26.41223833,11.563
     -80.16131833,26.41226000,11.963
     -80.16132833,26.41228333,12.263
     -80.16134000,26.41230667,12.263
     -80.16135000,26.41233333,12.163
     -80.16136000,26.41235500,11.863
     -80.16136500,26.41238333,11.863
     -80.16137833,26.41240667,11.863
     -80.16138333,26.41242833,11.963
     -80.16139667,26.41244833,12.163
     -80.16141000,26.41246833,12.263
     -80.16142167,26.41249000,12.363
     -80.16143167,26.41250833,12.263
     -80.16143667,26.41253000,12.963
     -80.16144833,26.41255000,12.463
     -80.16146000,26.41256667,12.562
     -80.16145833,26.41258333,12.663
     -80.16145500,26.41259667,13.163
     -80.16145167,26.41260500,13.163
     -80.16145000,26.41261333,13.363
     -80.16143833,26.41262833,13.963
     -80.16142333,26.41265167,14.863
     -80.16140500,26.41267167,15.763
     -80.16138833,26.41268833,16.063
     -80.16136833,26.41270167,15.763
     -80.16135000,26.41271833,15.163
     -80.16132833,26.41273333,14.463
     -80.16130167,26.41274833,14.263
     -80.16127500,26.41276000,14.063
     -80.16125000,26.41277667,14.063
     -80.16122667,26.41279333,14.164
     -80.16120167,26.41280667,13.964
     -80.16117667,26.41281500,12.364
     -80.16114833,26.41282833,11.664
     -80.16112000,26.41284333,11.064
     -80.16109167,26.41286000,10.464
     -80.16106333,26.41287500,10.464
     -80.16103667,26.41289167,10.464
     -80.16101000,26.41291000,10.365
     -80.16098500,26.41292500,10.165
     -80.16095667,26.41294167,10.065
     -80.16092833,26.41295667,9.865
     -80.16089833,26.41297167,9.765
     -80.16086833,26.41299000,9.765
     -80.16084000,26.41300500,9.865
     -80.16081000,26.41302167,9.865
     -80.16077833,26.41303833,9.766
     -80.16075000,26.41305500,9.566
     -80.16072167,26.41307000,9.466
     -80.16069500,26.41308667,9.266
     -80.16066667,26.41310167,9.166
     -80.16063833,26.41312000,9.366
     -80.16060833,26.41314000,9.566
     -80.16057833,26.41315833,9.866
     -80.16055000,26.41317833,10.267
     -80.16052167,26.41319500,10.467
     -80.16049500,26.41321000,10.767
     -80.16046500,26.41322333,10.667
     -80.16043500,26.41323833,10.467
     -80.16040333,26.41325667,10.567
     -80.16037333,26.41327500,10.767
     -80.16034167,26.41329000,10.768
     -80.16031000,26.41330333,10.768
     -80.16027667,26.41331833,10.468
     -80.16024667,26.41333667,10.268
     -80.16021333,26.41335333,9.868
     -80.16018333,26.41337167,9.768
     -80.16015500,26.41339167,9.368
     -80.16013000,26.41341500,9.468
     -80.16010333,26.41343333,9.469
     -80.16007333,26.41345167,9.269
     -80.16004167,26.41347000,9.169
     -80.16001167,26.41349167,8.969
     -80.15998333,26.41351333,8.669
     -80.15995667,26.41353500,8.469
     -80.15993167,26.41356000,8.469
     -80.15990667,26.41358500,8.769
     -80.15988333,26.41361167,8.670
     -80.15985833,26.41363833,8.370
     -80.15983167,26.41366667,8.770
     -80.15980667,26.41369500,8.970
     -80.15978500,26.41372500,8.870
     -80.15976333,26.41375500,8.870
     -80.15974333,26.41378333,9.470
     -80.15972167,26.41381000,9.670
     -80.15970000,26.41384000,9.970
     -80.15967667,26.41386833,10.171
     -80.15965333,26.41389667,10.271
     -80.15963000,26.41392167,10.271
     -80.15960833,26.41395000,10.271
     -80.15958500,26.41397833,10.271
     -80.15956167,26.41400333,10.071
     -80.15953667,26.41403000,9.871
     -80.15951500,26.41406000,9.871
     -80.15949333,26.41408667,9.971
     -80.15947167,26.41411333,10.072
     -80.15944833,26.41414333,9.872
     -80.15942833,26.41417167,9.972
     -80.15940500,26.41420333,10.172
     -80.15938167,26.41423167,10.272
     -80.15936167,26.41426167,10.372
     -80.15934000,26.41429167,10.372
     -80.15931667,26.41431167,9.872
     -80.15929167,26.41434667,9.872
     -80.15926667,26.41437667,9.773
     -80.15924167,26.41440667,9.673
     -80.15921667,26.41443500,9.573
     -80.15919333,26.41446333,9.673
     -80.15916833,26.41449333,9.773
     -80.15914333,26.41452167,9.973
     -80.15911833,26.41455167,10.173
     -80.15909333,26.41458500,10.173
     -80.15906833,26.41462000,10.273
     -80.15904333,26.41465167,10.374
     -80.15902000,26.41468000,10.174
     -80.15899500,26.41471333,9.974
     -80.15897167,26.41474333,9.774
     -80.15894667,26.41477333,9.774
     -80.15892167,26.41480167,9.774
     -80.15889833,26.41483000,9.774
     -80.15887500,26.41485833,9.574
     -80.15885167,26.41488667,9.475
     -80.15882833,26.41491500,9.675
     -80.15880667,26.41494000,9.775
     -80.15878333,26.41496667,9.675
     -80.15876167,26.41499167,9.475
     -80.15873667,26.41501833,9.275
     -80.15871500,26.41504500,9.475
     -80.15869167,26.41507167,9.475
     -80.15866833,26.41510167,9.475
     -80.15864500,26.41512333,9.276
     -80.15862000,26.41515333,9.276
     -80.15859667,26.41518000,9.276
     -80.15857333,26.41521000,9.176
     -80.15854833,26.41523833,9.076
     -80.15852667,26.41526667,8.976
     -80.15850167,26.41529833,8.976
     -80.15848000,26.41532833,8.976
     -80.15845833,26.41535833,8.876
     -80.15843667,26.41538500,8.777
     -80.15841500,26.41540333,8.277
     -80.15839000,26.41543500,8.877
     -80.15836500,26.41546833,9.677
     -80.15834167,26.41550167,9.777
     -80.15831833,26.41553500,9.877
     -80.15829333,26.41556500,9.477
     -80.15827000,26.41559667,9.477
     -80.15824667,26.41563000,9.577
     -80.15822333,26.41566000,9.578
     -80.15820167,26.41569000,9.678
     -80.15817833,26.41571833,9.978
     -80.15815500,26.41574333,10.678
     -80.15813000,26.41576500,10.778
     -80.15811000,26.41579667,11.378
     -80.15809333,26.41582667,12.478
     -80.15806833,26.41584500,12.378
     -80.15804833,26.41587000,12.878
     -80.15802333,26.41588667,12.979
     -80.15800333,26.41591833,13.579
     -80.15798167,26.41594500,13.479
     -80.15796167,26.41596500,13.379
     -80.15794000,26.41599500,13.379
     -80.15792000,26.41601833,13.079
     -80.15790000,26.41604333,12.879
     -80.15787833,26.41607000,11.479
     -80.15786167,26.41610333,11.679
     -80.15785000,26.41613333,11.779
     -80.15783833,26.41617000,12.179
     -80.15782167,26.41620000,11.780
     -80.15780500,26.41623167,11.680
     -80.15779167,26.41626667,11.080
     -80.15777667,26.41629500,10.780
     -80.15776000,26.41632333,10.180
     -80.15775000,26.41636167,10.680
     -80.15774500,26.41641333,11.980
     -80.15773500,26.41645833,12.680
     -80.15772333,26.41649000,12.380
     -80.15770833,26.41650667,11.180
     -80.15769833,26.41653500,10.480
     -80.15768667,26.41657167,9.680
     -80.15767833,26.41660000,9.080
     -80.15766667,26.41662333,8.680
     -80.15765833,26.41665333,8.280
     -80.15764667,26.41668500,8.281
     -80.15763833,26.41671667,7.681
     -80.15763667,26.41674000,7.281
     -80.15763500,26.41677833,7.281
     -80.15763500,26.41680500,6.881
     -80.15763167,26.41684000,6.581
     -80.15763167,26.41687500,6.281
     -80.15763167,26.41690833,5.881
     -80.15763167,26.41694500,5.881
     -80.15763000,26.41698000,5.681
     -80.15762667,26.41701833,5.581
     -80.15762167,26.41706000,5.681
     -80.15762333,26.41710167,6.081
     -80.15762667,26.41713333,5.781
     -80.15763167,26.41716333,5.581
     -80.15763333,26.41719667,5.581
     -80.15763833,26.41722833,5.981
     -80.15764833,26.41726500,7.381
     -80.15765333,26.41729500,7.481
     -80.15765667,26.41732667,7.381
     -80.15766333,26.41736167,7.481
     -80.15767333,26.41739333,7.581
     -80.15767833,26.41742333,7.781
     -80.15768500,26.41745833,7.681
     -80.15768833,26.41749167,7.581
     -80.15769167,26.41752167,7.281
     -80.15769667,26.41755833,6.981
     -80.15770167,26.41759000,6.381
     -80.15771333,26.41762667,6.181
     -80.15772833,26.41766000,6.481
     -80.15774667,26.41769333,7.081
     -80.15776333,26.41772500,7.381
     -80.15777833,26.41775667,7.481
     -80.15779667,26.41778833,7.581
     -80.15780833,26.41781500,7.480
     -80.15782833,26.41785000,6.980
     -80.15784500,26.41788333,6.480
     -80.15786000,26.41791333,6.180
     -80.15787167,26.41794000,5.880
     -80.15789167,26.41796833,5.880
     -80.15790667,26.41799833,5.680
     -80.15792500,26.41803000,5.680
     -80.15795167,26.41805833,6.480
     -80.15797500,26.41808333,6.780
     -80.15800000,26.41811000,6.980
     -80.15802167,26.41813833,7.280
     -80.15804500,26.41816833,7.680
     -80.15806833,26.41819667,7.580
     -80.15808833,26.41822333,7.680
     -80.15810833,26.41825000,7.579
     -80.15813000,26.41827833,7.879
     -80.15815167,26.41830500,7.979
     -80.15817167,26.41833167,8.079
     -80.15819167,26.41836000,7.979
     -80.15820833,26.41838667,7.679
     -80.15823167,26.41841333,7.679
     -80.15825333,26.41844000,7.379
     -80.15827667,26.41846667,7.879
     -80.15830000,26.41849333,7.679
     -80.15832000,26.41852000,7.579
     -80.15833500,26.41854667,7.279
     -80.15835667,26.41857333,7.179
     -80.15837833,26.41860000,7.479
     -80.15839833,26.41862667,7.678
     -80.15842167,26.41865167,7.778
     -80.15844167,26.41867833,7.778
     -80.15846000,26.41870333,8.278
     -80.15848333,26.41873167,8.778
     -80.15850167,26.41875667,8.778
     -80.15851667,26.41878000,8.678
     -80.15853833,26.41881000,8.578
     -80.15856000,26.41883833,8.478
     -80.15858167,26.41886667,8.578
     -80.15860333,26.41889333,8.378
     -80.15862500,26.41892000,8.478
     -80.15864667,26.41894667,8.478
     -80.15866833,26.41897167,8.378
     -80.15868833,26.41900000,8.778
     -80.15870833,26.41902667,8.977
     -80.15873000,26.41905333,8.877
     -80.15874833,26.41908000,8.977
     -80.15876667,26.41910500,9.177
     -80.15878667,26.41913000,9.277
     -80.15880500,26.41915667,9.477
     -80.15882500,26.41918500,9.577
     -80.15884833,26.41921167,9.677
     -80.15887333,26.41923833,9.877
     -80.15889667,26.41926333,9.977
     -80.15892167,26.41928833,9.977
     -80.15894667,26.41931333,10.177
     -80.15897167,26.41934000,10.277
     -80.15899667,26.41936667,10.476
     -80.15901833,26.41939000,10.676
     -80.15904167,26.41941500,10.776
     -80.15906500,26.41943667,11.176
     -80.15908833,26.41945667,11.876
     -80.15911333,26.41947167,13.076
     -80.15913000,26.41948333,13.576
     -80.15914167,26.41949333,13.676
     -80.15915167,26.41950667,13.676
     -80.15916000,26.41952167,13.476
     -80.15917333,26.41954667,12.976
     -80.15917500,26.41957000,12.476
     -80.15917167,26.41959500,12.276
     -80.15915833,26.41962500,12.476
     -80.15913833,26.41964833,12.476
     -80.15911333,26.41967000,12.576
     -80.15908667,26.41969167,12.576
     -80.15905667,26.41971667,12.576
     -80.15903167,26.41974000,12.576
     -80.15900333,26.41976333,12.377
     -80.15897833,26.41978667,12.077
     -80.15895500,26.41981000,11.777
     -80.15893000,26.41983000,11.577
     -80.15890167,26.41985000,10.677
     -80.15887333,26.41987000,9.877
     -80.15885000,26.41989000,9.577
     -80.15882500,26.41990833,9.577
     -80.15880167,26.41992667,9.678
     -80.15877667,26.41994833,9.678
     -80.15875167,26.41996833,9.578
     -80.15872667,26.41998833,9.478
     -80.15870500,26.42001333,9.678
     -80.15867833,26.42003500,9.778
     -80.15865500,26.42005500,9.778
     -80.15863000,26.42007833,10.178
     -80.15861167,26.42010000,10.578
     -80.15860500,26.42012667,10.978
     -80.15860333,26.42015500,11.178
     -80.15861000,26.42018333,11.478
     -80.15862167,26.42020500,11.478
     -80.15863667,26.42022833,11.678
     -80.15865167,26.42025000,11.378
     -80.15866333,26.42026833,11.078
     -80.15867667,26.42029500,10.178
     -80.15869500,26.42032167,9.678
     -80.15871500,26.42034833,9.178
     -80.15873500,26.42037500,8.778
     -80.15875833,26.42040333,8.578
     -80.15877833,26.42043167,8.278
     -80.15880000,26.42046500,8.278
     -80.15882167,26.42049667,8.578
     -80.15884333,26.42052833,8.778
     -80.15886667,26.42055500,9.178
     -80.15888667,26.42058333,9.378
     -80.15890667,26.42061167,9.677
     -80.15892167,26.42063833,9.177
     -80.15894167,26.42066500,8.877
     -80.15895500,26.42068667,8.377
     -80.15896833,26.42070333,8.077
     -80.15898833,26.42072833,7.977
     -80.15901333,26.42075000,7.977
     -80.15903667,26.42077667,7.777
     -80.15907000,26.42080000,8.977
     -80.15909167,26.42082167,8.577
     -80.15911833,26.42084500,8.477
     -80.15914000,26.42086167,7.777
     -80.15916167,26.42088500,7.477
     -80.15918167,26.42090000,6.977
     -80.15920000,26.42092167,6.376
     -80.15922333,26.42095167,5.876
     -80.15924833,26.42097333,5.376
     -80.15927333,26.42100000,5.176
     -80.15929833,26.42102667,4.976
     -80.15932667,26.42105500,4.876
     -80.15935667,26.42108333,5.176
     -80.15937833,26.42110667,4.776
     -80.15940500,26.42113500,4.476
     -80.15943167,26.42116500,4.276
     -80.15945500,26.42119667,4.076
     -80.15948167,26.42122500,4.275
     -80.15950667,26.42125333,4.575
     -80.15952833,26.42128500,4.675
     -80.15955167,26.42131333,4.975
     -80.15957667,26.42134000,5.275
     -80.15960000,26.42136667,5.775
     -80.15962167,26.42139333,6.375
     -80.15965333,26.42142333,7.375
     -80.15967833,26.42145167,8.175
     -80.15970000,26.42148333,9.175
     -80.15972333,26.42152000,10.375
     -80.15974500,26.42155333,10.875
     -80.15976000,26.42158500,11.575
     -80.15977833,26.42161833,11.674
     -80.15979167,26.42165000,11.774
     -80.15980667,26.42168333,11.774
     -80.15982000,26.42171833,12.274
     -80.15983500,26.42175000,12.674
     -80.15985167,26.42178000,13.774
     -80.15987000,26.42181167,14.274
     -80.15988167,26.42183667,14.174
     -80.15989000,26.42186500,14.574
     -80.15990500,26.42189333,15.574
     -80.15991667,26.42192667,16.174
     -80.15991833,26.42195833,15.974
     -80.15992333,26.42199500,16.174
     -80.15992500,26.42202833,16.674
     -80.15992333,26.42206000,16.674
     -80.15991833,26.42209000,16.874
     -80.15991167,26.42212000,16.774
     -80.15991000,26.42214167,16.574
     -80.15989667,26.42217500,16.274
     -80.15987667,26.42221500,15.274
     -80.15985833,26.42224000,14.674
     -80.15983833,26.42226833,14.275
     -80.15981667,26.42229667,13.575
     -80.15979500,26.42232667,13.175
     -80.15977333,26.42235667,12.875
     -80.15974667,26.42238167,12.275
     -80.15972333,26.42241167,12.175
     -80.15970000,26.42243833,12.175
     -80.15967500,26.42246667,12.275
     -80.15964667,26.42248833,11.975
     -80.15961833,26.42252000,12.176
     -80.15959000,26.42254167,12.276
     -80.15956500,26.42256833,12.876
     -80.15953667,26.42259167,13.076
     -80.15951000,26.42261167,13.276
     -80.15947833,26.42262833,13.476
     -80.15944500,26.42264500,13.476
     -80.15941167,26.42266000,13.377
     -80.15938000,26.42267167,13.477
     -80.15934833,26.42268333,13.877
     -80.15931333,26.42269000,13.977
     -80.15927833,26.42269667,14.077
     -80.15924500,26.42270500,13.977
     -80.15920833,26.42271333,14.177
     -80.15916333,26.42271667,14.078
     -80.15912667,26.42272167,14.578
     -80.15908833,26.42272167,14.878
     -80.15905167,26.42271667,13.978
     -80.15901500,26.42271500,13.778
     -80.15897667,26.42271500,13.678
     -80.15894333,26.42271167,13.379
     -80.15891000,26.42270833,13.079
     -80.15888167,26.42271000,12.479
     -80.15884833,26.42270833,12.179
     -80.15881333,26.42271000,11.779
     -80.15877667,26.42271000,11.579
     -80.15874167,26.42271167,11.479
     -80.15870333,26.42271500,11.780
     -80.15866667,26.42272167,12.080
     -80.15863000,26.42272333,12.080
     -80.15860000,26.42272333,11.680
     -80.15855000,26.42273333,12.080
     -80.15851667,26.42273167,12.780
     -80.15848500,26.42273333,13.280
     -80.15845333,26.42273667,13.281
     -80.15842167,26.42274167,13.281
     -80.15838833,26.42274500,13.281
     -80.15835500,26.42274500,13.081
     -80.15832000,26.42274167,12.681
     -80.15828167,26.42274000,12.181
     -80.15824667,26.42274167,11.681
     -80.15821333,26.42274667,11.482
     -80.15817500,26.42275500,11.582
     -80.15813833,26.42276000,11.182
     -80.15809833,26.42276500,11.282
     -80.15806167,26.42276667,10.882
     -80.15803167,26.42276500,10.182
     -80.15799333,26.42276500,10.282
     -80.15795833,26.42275833,10.383
     -80.15791833,26.42275667,11.483
     -80.15788167,26.42276000,11.483
     -80.15784333,26.42276333,12.083
     -80.15780667,26.42276333,11.683
     -80.15776667,26.42276667,11.583
     -80.15773000,26.42276833,10.884
     -80.15769500,26.42277167,10.184
     -80.15765833,26.42277667,9.784
     -80.15762167,26.42278167,9.384
     -80.15758667,26.42278833,9.484
     -80.15754833,26.42279500,9.384
     -80.15750833,26.42280500,9.484
     -80.15746833,26.42281500,9.885
     -80.15743167,26.42282333,9.985
     -80.15740000,26.42283000,9.785
     -80.15736167,26.42283500,9.985
     -80.15732667,26.42283833,10.185
     -80.15729000,26.42284667,10.285
     -80.15725167,26.42285333,10.386
     -80.15721167,26.42285667,10.886
     -80.15717667,26.42286333,10.786
     -80.15714167,26.42286667,10.886
     -80.15710500,26.42287500,10.786
     -80.15707333,26.42287833,10.486
     -80.15703500,26.42288500,11.086
     -80.15700167,26.42289000,10.887
     -80.15696833,26.42289167,10.787
     -80.15693500,26.42289500,10.187
     -80.15690000,26.42290000,10.087
     -80.15686667,26.42290333,9.987
     -80.15683167,26.42291167,10.787
     -80.15679500,26.42291833,11.187
     -80.15676000,26.42292333,11.288
     -80.15672333,26.42293167,11.888
     -80.15668667,26.42293500,12.088
     -80.15665167,26.42294000,12.488
     -80.15661833,26.42294667,13.188
     -80.15658667,26.42295333,13.788
     -80.15656500,26.42295000,13.688
     -80.15652833,26.42295667,14.089
     -80.15649333,26.42295833,14.189
     -80.15646167,26.42295667,14.189
     -80.15642333,26.42295333,13.589
     -80.15638000,26.42295667,13.589
     -80.15634000,26.42295667,13.589
     -80.15630167,26.42295833,13.490
     -80.15626167,26.42295833,13.390
     -80.15622667,26.42295833,13.390
     -80.15619167,26.42295667,13.190
     -80.15615333,26.42295333,12.990
     -80.15612167,26.42295000,13.090
     -80.15609000,26.42294500,13.790
     -80.15605333,26.42295000,13.991
     -80.15600333,26.42295167,13.191
     -80.15596667,26.42295333,13.291
     -80.15592833,26.42295167,13.291
     -80.15588833,26.42294500,13.191
     -80.15585167,26.42294333,13.191
     -80.15581667,26.42294167,13.292
     -80.15578333,26.42293833,13.492
     -80.15574833,26.42293833,13.892
     -80.15571167,26.42293333,13.792
     -80.15567333,26.42292500,13.092
     -80.15564000,26.42291833,12.592
     -80.15560333,26.42290833,12.092
     -80.15556500,26.42290000,11.993
     -80.15552833,26.42289500,11.593
     -80.15549000,26.42289000,11.593
     -80.15545333,26.42288333,11.493
     -80.15541667,26.42287333,11.193
     -80.15538167,26.42286667,11.093
     -80.15534667,26.42285833,10.893
     -80.15530833,26.42285167,11.194
     -80.15527000,26.42284500,11.294
     -80.15523167,26.42283833,11.294
     -80.15519500,26.42283333,11.594
     -80.15515500,26.42283167,12.294
     -80.15511833,26.42282833,12.794
     -80.15508000,26.42282333,13.294
     -80.15504500,26.42281667,13.395
     -80.15501167,26.42281167,12.795
     -80.15497667,26.42280833,13.095
     -80.15494000,26.42280167,13.095
     -80.15490500,26.42279833,13.395
     -80.15487167,26.42279333,13.195
     -80.15483667,26.42278667,13.295
     -80.15480167,26.42278333,13.696
     -80.15476833,26.42277667,13.996
     -80.15473167,26.42277167,14.196
     -80.15469833,26.42276333,14.196
     -80.15466167,26.42275833,14.196
     -80.15462500,26.42275167,14.196
     -80.15459167,26.42274500,14.196
     -80.15455833,26.42274167,13.897
     -80.15452167,26.42273833,13.597
     -80.15448667,26.42273833,13.297
     -80.15444833,26.42273833,13.297
     -80.15441167,26.42273667,13.497
     -80.15437833,26.42273500,13.297
     -80.15434500,26.42273167,12.897
     -80.15431000,26.42272833,12.498
     -80.15427833,26.42272333,11.698
     -80.15424667,26.42272167,11.498
     -80.15420833,26.42272333,11.498
     -80.15417000,26.42272333,11.298
     -80.15413333,26.42272333,10.798
     -80.15409167,26.42272000,10.898
     -80.15404667,26.42271833,11.199
     -80.15400500,26.42271667,11.199
     -80.15396833,26.42271667,11.199
     -80.15393000,26.42271667,11.099
     -80.15389333,26.42271500,10.699
     -80.15386000,26.42271500,10.099
     -80.15382500,26.42271667,9.800
     -80.15378833,26.42271667,9.700
     -80.15375333,26.42271667,9.500
     -80.15371333,26.42272000,9.600
     -80.15367667,26.42272000,10.100
     -80.15364167,26.42272167,9.900
     -80.15361000,26.42272333,9.600
     -80.15357167,26.42273000,9.401
     -80.15354333,26.42273667,9.201
     -80.15351333,26.42273833,9.201
     -80.15349000,26.42274000,9.001
     -80.15346833,26.42273500,8.901
     -80.15345167,26.42273167,8.801
     -80.15343667,26.42273333,8.801
     -80.15341667,26.42273000,8.701
     -80.15339833,26.42272833,8.501
     -80.15338167,26.42272667,8.401
     -80.15336333,26.42272667,8.701
     -80.15334000,26.42272167,8.802
     -80.15332167,26.42271833,9.202
     -80.15330167,26.42271333,9.802
     -80.15328167,26.42271500,9.902
     -80.15326333,26.42272167,10.702
     -80.15324833,26.42272833,10.802
     -80.15323500,26.42273667,11.002
     -80.15323000,26.42275000,10.602
     -80.15322333,26.42276667,10.402
     -80.15322333,26.42278500,10.102
     -80.15322500,26.42279667,10.002
     -80.15322333,26.42280500,10.402
     -80.15322500,26.42281667,10.702
     -80.15322833,26.42283667,11.202
     -80.15323333,26.42285333,11.402
     -80.15323333,26.42286833,11.302
     -80.15323167,26.42288833,11.602
     -80.15322833,26.42290667,11.802
     -80.15322167,26.42292500,12.002
     -80.15321833,26.42294333,11.902
     -80.15322000,26.42296333,11.602
     -80.15322167,26.42298333,11.702
     -80.15322333,26.42300667,11.402
     -80.15322333,26.42302833,11.102
     -80.15321667,26.42304833,10.902
     -80.15321000,26.42306500,10.702
     -80.15320500,26.42308167,10.402
     -80.15320333,26.42309833,10.202
     -80.15319667,26.42311000,10.102
     -80.15319667,26.42312333,10.002
     -80.15321000,26.42314500,10.002
     -80.15320667,26.42316167,10.902
     -80.15320833,26.42318667,11.402
     -80.15320000,26.42320667,11.302
     -80.15318667,26.42322667,11.503
     -80.15317833,26.42325000,11.903
     -80.15316833,26.42326000,11.903
     -80.15315333,26.42326833,12.103
     -80.15313500,26.42327333,12.003
     -80.15311667,26.42328000,12.003
     -80.15309833,26.42328833,12.703
     -80.15307833,26.42329333,12.703
     -80.15306000,26.42330333,12.903
     -80.15304000,26.42331667,13.203
     -80.15302000,26.42333333,13.703
     -80.15300333,26.42334500,13.603
     -80.15298833,26.42335833,13.503
     -80.15297500,26.42336833,13.603
     -80.15296333,26.42338000,13.604
     -80.15295000,26.42339333,13.304
     -80.15293667,26.42340000,12.704
     -80.15292167,26.42341000,12.804
     -80.15290500,26.42341833,12.504
     -80.15289167,26.42343167,12.904
     -80.15287500,26.42344500,13.304
     -80.15285667,26.42345667,13.504
     -80.15283667,26.42347000,14.104
     -80.15282333,26.42347667,13.504
     -80.15281000,26.42348500,12.904
     -80.15280167,26.42349500,12.904
     -80.15279833,26.42351000,12.904
     -80.15280167,26.42352500,12.704
     -80.15280000,26.42353667,11.704
     -80.15280167,26.42354333,11.304
     -80.15280000,26.42355500,10.904
     -80.15280000,26.42356833,10.504
     -80.15280167,26.42358167,10.004
     -80.15280333,26.42359167,9.804
     -80.15280167,26.42360000,9.604
     -80.15280000,26.42361167,9.204
     -80.15279833,26.42362333,9.004
     -80.15279667,26.42363167,8.904
     -80.15279667,26.42363833,8.304
     -80.15279667,26.42364667,7.904
     -80.15279667,26.42365333,7.504
     -80.15279500,26.42366000,7.104
     -80.15279333,26.42366667,6.804
     -80.15279333,26.42367333,6.704
     -80.15279833,26.42367500,7.204
     -80.15280000,26.42367500,7.604
     -80.15280000,26.42367500,7.904
     -80.15280333,26.42367667,8.104
     -80.15280667,26.42367833,8.504
     -80.15281000,26.42368000,8.604
     -80.15281500,26.42368000,9.004
     -80.15281833,26.42368167,9.204
     -80.15281833,26.42368167,9.204
     -80.15281833,26.42368167,9.204
     -80.15281833,26.42368167,9.204
     -80.15281833,26.42368167,9.204
     -80.15283333,26.42369333,10.104
     -80.15283833,26.42369500,10.304
     -80.15283833,26.42369833,10.404
     -80.15283667,26.42370000,10.104
     -80.15283500,26.42370333,10.004
     -80.15283500,26.42370333,10.004
     -80.15283500,26.42370333,10.004
     -80.15283500,26.42370333,10.004
     -80.15283500,26.42370333,10.004
     -80.15283500,26.42370333,10.004
     -80.15283500,26.42370333,10.004
     -80.15283500,26.42370333,10.004
     -80.15283500,26.42370333,10.004
     -80.15283500,26.42370333,10.004
     -80.15283500,26.42370333,10.004
     -80.15283500,26.42370333,10.004
     -80.15283500,26.42370333,10.004
     -80.15283500,26.42370333,10.004
     -80.15283500,26.42370333,10.004
     -80.15283500,26.42370333,10.004
     -80.15283500,26.42370333,10.004
     -80.15283500,26.42370333,10.004
     -80.15283500,26.42370333,10.004
     -80.15283500,26.42370333,10.004
     -80.15283500,26.42370333,10.004
     -80.15283500,26.42370333,10.004
     -80.15283500,26.42370333,10.004
     -80.15283500,26.42370333,10.004
     -80.15283500,26.42370333,10.004
     -80.15283500,26.42370333,10.004
     -80.15283500,26.42370333,10.004
     -80.15283500,26.42370333,10.004
     -80.15283500,26.42370333,10.004
     -80.15283500,26.42370333,10.004
     -80.15283500,26.42370333,10.004
     -80.15283500,26.42370333,10.004
     -80.15283500,26.42370333,10.004
     -80.15283500,26.42370333,10.004
     -80.15283500,26.42370333,10.004
     -80.15283500,26.42370333,10.004
     -80.15283500,26.42370333,10.004
     -80.15283500,26.42370333,10.004
     -80.15283500,26.42370333,10.004
     -80.15283500,26.42370333,10.004
     -80.15283500,26.42370333,10.004
     -80.15283500,26.42370333,10.004
     -80.15283500,26.42370333,10.004
     -80.15283500,26.42370333,10.004
     -80.15283500,26.42370333,10.004
     -80.15283500,26.42370333,10.004
     -80.15283500,26.42370333,10.004
     -80.15283500,26.42370333,10.004
     -80.15283500,26.42370333,10.004
     -80.15283500,26.42370333,10.004
     -80.15283500,26.42370333,10.004
     -80.15283500,26.42370333,10.004
     -80.15283500,26.42370333,10.004
     -80.15283500,26.42370333,10.004
     -80.15283500,26.42370333,10.004
     -80.15283500,26.42370333,10.004
     -80.15283500,26.42370333,10.004
     -80.15283500,26.42370333,10.004
     -80.15283500,26.42370333,10.004
     -80.15283500,26.42370333,10.004
     -80.15283500,26.42370333,10.004
     -80.15283500,26.42370333,10.004
     -80.15283500,26.42370333,10.004
     -80.15283500,26.42370333,10.004
     -80.15283500,26.42370333,10.004
     -80.15283500,26.42370333,10.004
     -80.15283500,26.42370333,10.004
     -80.15283500,26.42370333,10.004
     -80.15283500,26.42370333,10.004
     -80.15283500,26.42370333,10.004
     -80.15283500,26.42370333,10.004
     -80.15283500,26.42370333,10.004
     -80.15283500,26.42370333,10.004
     -80.15283500,26.42370333,10.004
     -80.15283500,26.42370333,10.004
     -80.15283500,26.42370333,10.004
     -80.15283500,26.42370333,10.004
     -80.15283500,26.42370333,10.004
     -80.15283500,26.42370333,10.004
     -80.15283500,26.42370333,10.004
     -80.15283500,26.42370333,10.004
     -80.15283500,26.42370333,10.004
     -80.15283500,26.42370333,10.004
     -80.15283500,26.42370333,10.004
     -80.15283500,26.42370333,10.004
     -80.15283500,26.42370333,10.004
     -80.15283500,26.42370333,10.004
     -80.15283500,26.42370333,10.004
     -80.15283500,26.42370333,10.004
     -80.15283500,26.42370333,10.004
     -80.15283500,26.42370333,10.004
     -80.15283500,26.42370333,10.004
     -80.15283500,26.42370333,10.004
     -80.15283500,26.42370333,10.004
     -80.15283500,26.42370333,10.004
     -80.15283500,26.42370333,10.004
     -80.15283500,26.42370333,10.004
     -80.15283500,26.42370333,10.004
     -80.15283500,26.42370333,10.004
     -80.15283500,26.42370333,10.004
     -80.15283500,26.42370333,10.004
     -80.15283500,26.42370333,10.004
     -80.15283500,26.42370333,10.004
     -80.15283500,26.42370333,10.004
     -80.15283500,26.42370333,10.004
     -80.15283500,26.42370333,10.004
     -80.15283500,26.42370333,10.004
     -80.15283500,26.42370333,10.004
     -80.15283500,26.42370333,10.004
     -80.15283500,26.42370333,10.004
     -80.15283500,26.42370333,10.004
     -80.15282833,26.42370333,14.104
     -80.15283667,26.42370000,14.004
     -80.15283500,26.42369333,14.104
     -80.15282833,26.42369500,14.104
     -80.15281333,26.42369500,14.104
     -80.15280833,26.42369167,14.604
     -80.15280500,26.42369500,14.704
     -80.15280000,26.42369667,14.604
     -80.15279500,26.42369833,14.604
     -80.15280167,26.42370667,14.404
     -80.15280500,26.42371333,14.404
     -80.15280333,26.42372167,14.304
     -80.15280167,26.42372000,14.004
     -80.15280333,26.42372333,14.004
     -80.15280167,26.42372500,14.004
     -80.15280000,26.42372500,14.104
     -80.15279833,26.42372000,14.304
     -80.15279833,26.42372000,14.304
     -80.15278500,26.42371333,14.304
     -80.15277500,26.42371333,14.204
     -80.15276333,26.42370833,14.005
     -80.15275333,26.42370833,13.705
     -80.15274833,26.42370167,13.005
     -80.15274667,26.42369500,13.105
     -80.15274500,26.42369500,13.205
     -80.15274333,26.42369333,13.305
     -80.15275000,26.42369667,13.005
     -80.15275667,26.42369667,13.005
     -80.15276333,26.42369500,12.905
     -80.15276667,26.42369167,12.904
     -80.15276667,26.42369667,12.904
     -80.15276833,26.42369000,12.704
     -80.15276500,26.42368667,13.004
     -80.15276667,26.42368167,13.104
     -80.15276667,26.42368167,13.104
     -80.15276667,26.42368167,13.104
     -80.15276667,26.42368167,13.104
     -80.15276667,26.42368167,13.104
     -80.15276667,26.42368167,13.104
     -80.15276667,26.42368167,13.104
     -80.15276333,26.42366333,12.204
     -80.15275833,26.42366167,12.105
     -80.15276000,26.42366167,11.904
     -80.15276333,26.42365667,12.204
     -80.15276667,26.42365333,12.304
     -80.15277000,26.42365000,12.404
     -80.15277500,26.42365167,12.204
     -80.15278500,26.42365500,11.904
     -80.15279333,26.42365333,11.404
     -80.15280333,26.42365667,11.504
     -80.15280667,26.42365667,11.304
     -80.15281167,26.42365833,11.004
     -80.15281333,26.42366167,10.804
     -80.15281333,26.42366667,10.804
     -80.15281500,26.42367000,10.904
     -80.15281667,26.42367333,10.904
     -80.15281667,26.42367333,10.904
     -80.15281667,26.42367333,10.904
     -80.15281667,26.42367333,10.904
     -80.15281667,26.42367333,10.904
     -80.15281667,26.42367333,10.904
     -80.15281667,26.42367333,10.904
     -80.15281667,26.42367333,10.904
     -80.15281667,26.42367333,10.904
     -80.15281667,26.42367333,10.904
     -80.15281667,26.42367333,10.904
     -80.15281667,26.42367333,10.904
     -80.15281667,26.42367333,10.904
     -80.15281667,26.42367333,10.904
     -80.15281667,26.42367333,10.904
     -80.15281667,26.42367333,10.904
     -80.15281667,26.42367333,10.904
     -80.15281667,26.42367333,10.904
     -80.15281667,26.42367333,10.904
     -80.15281667,26.42367333,10.904
     -80.15281667,26.42367333,10.904
     -80.15281667,26.42367333,10.904
     -80.15281667,26.42367333,10.904
     -80.15281667,26.42367333,10.904
     -80.15281667,26.42367333,10.904
     -80.15281667,26.42367333,10.904
     -80.15281667,26.42367333,10.904
     -80.15281667,26.42367333,10.904
     -80.15281667,26.42367333,10.904
     -80.15283167,26.42369500,13.304
     -80.15283500,26.42369667,13.604
     -80.15284000,26.42369667,13.704
     -80.15284000,26.42369833,13.804
     -80.15284000,26.42369833,13.804
     -80.15284000,26.42369833,13.804
     -80.15284000,26.42369833,13.804
     -80.15284000,26.42369833,13.804
     -80.15284000,26.42369833,13.804
     -80.15284000,26.42369833,13.804
     -80.15284000,26.42369833,13.804
     -80.15284000,26.42369833,13.804
     -80.15284000,26.42369833,13.804
     -80.15284000,26.42369833,13.804
     -80.15284000,26.42369833,13.804
     -80.15284000,26.42369833,13.804
     -80.15284000,26.42369833,13.804
     -80.15284000,26.42369833,13.804
     -80.15284000,26.42369833,13.804
     -80.15284000,26.42369833,13.804
     -80.15284000,26.42369833,13.804
     -80.15284000,26.42369833,13.804
     -80.15284000,26.42369833,13.804
     -80.15284000,26.42369833,13.804
     -80.15284000,26.42369833,13.804
     -80.15284000,26.42369833,13.804
     -80.15284000,26.42369833,13.804
     -80.15284000,26.42369833,13.804
     -80.15284000,26.42369833,13.804
     -80.15284000,26.42369833,13.804
     -80.15284000,26.42369833,13.804
     -80.15284000,26.42369833,13.804
     -80.15284000,26.42369833,13.804
     -80.15284000,26.42369833,13.804
     -80.15284000,26.42369833,13.804
     -80.15284000,26.42369833,13.804
     -80.15284000,26.42369833,13.804
     -80.15284000,26.42369833,13.804
     -80.15284000,26.42369833,13.804
     -80.15284000,26.42369833,13.804
     -80.15284000,26.42369833,13.804
     -80.15284000,26.42369833,13.804
     -80.15284000,26.42369833,13.804
     -80.15284000,26.42369833,13.804
     -80.15284000,26.42369833,13.804
     -80.15284000,26.42369833,13.804
     -80.15284000,26.42369833,13.804
     -80.15284000,26.42369833,13.804
     -80.15284000,26.42369833,13.804
     -80.15284000,26.42369833,13.804
     -80.15284000,26.42369833,13.804
     -80.15284000,26.42369833,13.804
     -80.15284000,26.42369833,13.804
     -80.15284000,26.42369833,13.804
     -80.15284000,26.42369833,13.804
     -80.15284000,26.42369833,13.804
     -80.15284000,26.42369833,13.804
     -80.15284000,26.42369833,13.804
     -80.15284000,26.42369833,13.804
     -80.15284000,26.42369833,13.804
     -80.15284000,26.42369833,13.804
     -80.15284000,26.42369833,13.804
     -80.15284000,26.42369833,13.804
     -80.15284000,26.42369833,13.804
     -80.15284000,26.42369833,13.804
     -80.15284000,26.42369833,13.804
     -80.15284000,26.42369833,13.804
     -80.15284000,26.42369833,13.804
     -80.15284000,26.42369833,13.804
     -80.15284000,26.42369833,13.804
     -80.15284000,26.42369833,13.804
     -80.15284000,26.42369833,13.804
     -80.15284000,26.42369833,13.804
     -80.15284000,26.42369833,13.804
     -80.15284000,26.42369833,13.804
     -80.15284000,26.42369833,13.804
     -80.15284000,26.42369833,13.804
     -80.15284000,26.42369833,13.804
     -80.15284000,26.42369833,13.804
     -80.15284000,26.42369833,13.804
     -80.15284000,26.42369833,13.804
     -80.15284000,26.42369833,13.804
     -80.15284000,26.42369833,13.804
     -80.15284000,26.42369833,13.804
     -80.15284000,26.42369833,13.804
     -80.15284000,26.42369833,13.804
     -80.15284000,26.42369833,13.804
     -80.15284000,26.42369833,13.804
     -80.15284000,26.42369833,13.804
     -80.15284000,26.42369833,13.804
     -80.15284000,26.42369833,13.804
     -80.15284000,26.42369833,13.804
     -80.15284000,26.42369833,13.804
     -80.15284000,26.42369833,13.804
     -80.15284000,26.42369833,13.804
     -80.15284000,26.42369833,13.804
     -80.15284000,26.42369833,13.804
     -80.15284000,26.42369833,13.804
     -80.15284000,26.42369833,13.804
     -80.15284000,26.42369833,13.804
     -80.15284000,26.42369833,13.804
     -80.15284000,26.42369833,13.804
     -80.15284000,26.42369833,13.804
     -80.15284000,26.42369833,13.804
     -80.15284000,26.42369833,13.804
     -80.15284000,26.42369833,13.804
     -80.15284000,26.42369833,13.804
     -80.15284000,26.42369833,13.804
     -80.15284000,26.42369833,13.804
     -80.15282333,26.42369000,16.404
     -80.15282500,26.42369167,16.704
     -80.15282500,26.42369500,16.804
     -80.15282500,26.42369833,16.704
     -80.15282500,26.42369833,16.704
     -80.15282500,26.42369833,16.704
     -80.15282500,26.42369833,16.704
     -80.15282500,26.42369833,16.704
     -80.15282500,26.42369833,16.704
     -80.15282500,26.42369833,16.704
     -80.15282500,26.42369833,16.704
     -80.15282500,26.42369833,16.704
     -80.15282500,26.42369833,16.704
     -80.15282500,26.42369833,16.704
     -80.15282500,26.42369833,16.704
     -80.15282500,26.42369833,16.704
     -80.15282500,26.42369833,16.704
     -80.15282500,26.42369833,16.704
     -80.15282500,26.42369833,16.704
     -80.15282500,26.42369833,16.704
     -80.15282500,26.42369833,16.704
     -80.15282500,26.42369833,16.704
     -80.15282500,26.42369833,16.704
     -80.15282500,26.42369833,16.704
     -80.15282500,26.42369833,16.704
     -80.15282500,26.42369833,16.704
     -80.15282500,26.42369833,16.704
     -80.15282500,26.42369833,16.704
     -80.15282500,26.42369833,16.704
     -80.15282500,26.42369833,16.704
     -80.15282500,26.42369833,16.704
     -80.15282500,26.42369833,16.704
     -80.15282500,26.42369833,16.704
     -80.15282500,26.42369833,16.704
     -80.15282500,26.42369833,16.704
     -80.15282500,26.42369833,16.704
     -80.15282500,26.42369833,16.704
     -80.15282500,26.42369833,16.704
     -80.15282500,26.42369833,16.704
     -80.15282500,26.42369833,16.704
     -80.15282500,26.42369833,16.704
     -80.15282500,26.42369833,16.704
     -80.15282500,26.42369833,16.704
     -80.15282500,26.42369833,16.704
     -80.15282500,26.42369833,16.704
     -80.15282500,26.42369833,16.704
     -80.15282500,26.42369833,16.704
     -80.15282500,26.42369833,16.704
     -80.15282500,26.42369833,16.704
     -80.15282500,26.42369833,16.704
     -80.15282500,26.42369833,16.704
     -80.15282500,26.42369833,16.704
     -80.15282500,26.42369833,16.704
     -80.15282500,26.42369833,16.704
     -80.15282500,26.42369833,16.704
     -80.15282500,26.42369833,16.704
     -80.15282500,26.42369833,16.704
     -80.15282500,26.42369833,16.704
     -80.15282500,26.42369833,16.704
     -80.15282500,26.42369833,16.704
     -80.15282500,26.42369833,16.704
     -80.15282500,26.42369833,16.704
     -80.15282500,26.42369833,16.704
     -80.15282500,26.42369833,16.704
     -80.15282500,26.42369833,16.704
     -80.15282500,26.42369833,16.704
     -80.15282500,26.42369833,16.704
     -80.15282500,26.42369833,16.704
     -80.15282500,26.42369833,16.704
     -80.15282500,26.42369833,16.704
     -80.15282500,26.42369833,16.704
     -80.15282500,26.42369833,16.704
     -80.15282500,26.42369833,16.704
     -80.15282500,26.42369833,16.704
     -80.15282500,26.42369833,16.704
     -80.15283167,26.42370000,20.504
     -80.15282833,26.42370167,20.204
     -80.15282833,26.42370833,19.904
     -80.15282833,26.42371167,19.604
     -80.15283000,26.42371167,19.304
     -80.15283000,26.42371167,19.304
     -80.15283000,26.42371167,19.304
     -80.15283000,26.42371167,19.304
     -80.15283000,26.42371167,19.304
     -80.15283000,26.42371167,19.304
     -80.15283000,26.42371167,19.304
     -80.15283000,26.42371167,19.304
     -80.15283000,26.42371167,19.304
     -80.15283000,26.42371167,19.304
     -80.15283000,26.42371167,19.304
     -80.15283000,26.42371167,19.304
     -80.15283000,26.42371167,19.304
     -80.15283000,26.42371167,19.304
     -80.15284333,26.42370500,18.404
     -80.15284500,26.42370333,18.404
     -80.15284833,26.42370333,18.604
     -80.15284833,26.42370167,18.704
     -80.15284833,26.42370167,18.704
     -80.15284833,26.42370167,18.704
     -80.15284833,26.42370167,18.704
     -80.15284833,26.42370167,18.704
     -80.15284833,26.42370167,18.704
     -80.15284833,26.42370167,18.704
     -80.15284833,26.42370167,18.704
     -80.15284833,26.42370167,18.704
     -80.15284833,26.42370167,18.704
     -80.15284833,26.42370167,18.704
     -80.15284833,26.42370167,18.704
     -80.15284833,26.42370167,18.704
     -80.15284833,26.42370167,18.704
     -80.15284833,26.42370167,18.704
     -80.15284833,26.42370167,18.704
     -80.15284833,26.42370167,18.704
     -80.15284833,26.42370167,18.704
     -80.15284833,26.42370167,18.704
     -80.15284833,26.42370167,18.704
     -80.15284833,26.42370167,18.704
     -80.15284500,26.42368833,18.704
     -80.15284333,26.42368167,18.804
     -80.15284333,26.42367333,18.904
     -80.15283833,26.42366167,18.804
     -80.15283333,26.42365000,18.504
     -80.15282667,26.42364000,18.304
     -80.15282167,26.42362667,17.904
     -80.15282000,26.42361667,18.004
     -80.15281500,26.42361000,18.004
     -80.15281000,26.42360167,18.304
     -80.15280833,26.42358333,18.104
     -80.15280667,26.42357167,18.304
     -80.15280167,26.42356167,18.204
     -80.15279667,26.42354833,18.404
     -80.15279000,26.42354167,18.704
     -80.15278167,26.42353333,18.704
     -80.15277333,26.42353000,18.704
     -80.15277333,26.42353000,18.904
     -80.15277500,26.42353167,18.704
     -80.15277667,26.42353167,18.804
     -80.15277500,26.42353000,18.804
     -80.15277333,26.42353000,18.904
     -80.15277667,26.42353000,19.004
     -80.15278500,26.42353000,19.204
     -80.15279167,26.42352000,19.104
     -80.15280667,26.42350333,19.104
     -80.15281500,26.42348833,18.904
     -80.15282500,26.42347500,18.604
     -80.15283333,26.42346333,18.204
     -80.15284167,26.42345500,18.104
     -80.15284833,26.42344833,18.204
     -80.15285833,26.42344167,18.004
     -80.15287167,26.42343167,18.304
     -80.15289000,26.42342167,18.404
     -80.15290667,26.42340667,18.404
     -80.15292167,26.42339833,18.404
     -80.15293333,26.42338667,18.304
     -80.15293833,26.42337500,17.904
     -80.15294667,26.42336833,17.804
     -80.15295667,26.42336167,18.004
     -80.15296500,26.42335500,17.603
     -80.15298667,26.42334500,17.003
     -80.15300500,26.42333000,16.203
     -80.15303000,26.42332167,15.503
     -80.15305833,26.42331000,15.203
     -80.15308333,26.42329500,14.803
     -80.15311167,26.42327333,14.303
     -80.15313833,26.42325167,13.503
     -80.15316333,26.42323667,13.303
     -80.15319333,26.42322667,13.602
     -80.15321500,26.42321500,13.602
     -80.15322833,26.42319500,13.702
     -80.15323667,26.42317833,14.502
     -80.15323500,26.42315333,14.502
     -80.15323333,26.42312167,14.302
     -80.15323333,26.42308833,14.902
     -80.15323167,26.42306000,15.602
     -80.15323167,26.42302500,15.402
     -80.15323333,26.42298333,15.102
     -80.15322833,26.42293667,14.702
     -80.15322000,26.42289833,14.802
     -80.15321667,26.42287167,14.602
     -80.15321000,26.42284333,14.302
     -80.15321167,26.42281500,14.202
     -80.15321667,26.42278167,14.502
     -80.15322167,26.42275500,14.402
     -80.15323000,26.42273667,14.602
     -80.15323667,26.42271500,15.202
     -80.15325500,26.42269500,15.602
     -80.15326500,26.42267000,16.402
     -80.15327500,26.42263833,17.002
     -80.15328333,26.42260833,16.902
     -80.15329333,26.42257167,16.702
     -80.15330333,26.42253667,16.802
     -80.15331167,26.42249833,16.902
     -80.15331833,26.42245833,16.602
     -80.15332667,26.42242500,16.701
     -80.15333500,26.42239000,16.901
     -80.15334167,26.42235167,17.301
     -80.15334500,26.42231500,17.401
     -80.15334833,26.42228333,17.501
     -80.15334167,26.42225500,17.801
     -80.15332833,26.42224333,18.201
     -80.15333000,26.42222833,18.401
     -80.15333333,26.42221333,18.401
     -80.15333833,26.42220167,18.701
     -80.15334167,26.42219667,18.601
     -80.15334667,26.42219333,18.701
     -80.15334667,26.42219333,18.901
     -80.15335167,26.42219500,19.001
     -80.15335167,26.42219333,18.901
     -80.15335333,26.42218833,18.701
     -80.15335833,26.42218667,18.501
     -80.15336000,26.42218333,18.501
     -80.15336333,26.42217833,18.201
     -80.15336667,26.42216833,18.201
     -80.15337333,26.42216000,18.201
     -80.15337833,26.42214833,18.201
     -80.15338667,26.42213500,18.501
     -80.15339667,26.42213000,18.901
     -80.15340667,26.42212500,19.401
     -80.15341333,26.42212667,19.601
     -80.15341667,26.42212833,19.701
     -80.15342000,26.42212667,19.801
     -80.15342167,26.42212833,19.801
     -80.15342167,26.42212833,19.901
     -80.15342333,26.42213000,19.901
     -80.15342333,26.42213000,19.801
     -80.15342333,26.42213167,19.701
     -80.15342167,26.42213167,19.701
     -80.15342000,26.42213333,19.701
     -80.15342000,26.42213333,19.701
     -80.15342000,26.42213333,19.701
     -80.15340833,26.42213500,19.301
     -80.15340000,26.42213667,19.101
     -80.15339167,26.42213667,18.901
     -80.15338333,26.42213833,18.901
     -80.15337667,26.42214167,19.101
     -80.15336833,26.42214833,19.501
     -80.15336500,26.42215167,19.801
     -80.15336000,26.42215833,20.201
     -80.15335667,26.42217167,20.501
     -80.15335667,26.42218333,20.601
     -80.15335833,26.42219667,20.701
     -80.15335833,26.42220333,20.901
     -80.15335667,26.42221000,21.401
     -80.15336000,26.42221667,21.701
     -80.15335833,26.42221833,21.701
     -80.15336000,26.42223167,22.001
     -80.15336667,26.42224500,22.501
     -80.15337500,26.42226500,23.001
     -80.15337667,26.42228833,23.501
     -80.15338000,26.42231167,23.801
     -80.15337667,26.42232833,24.301
     -80.15337500,26.42235167,24.801
     -80.15337000,26.42237500,25.001
     -80.15336000,26.42240000,25.401
     -80.15334667,26.42242833,25.401
     -80.15333500,26.42245500,25.701
     -80.15332667,26.42247667,25.902
     -80.15331833,26.42250333,26.002
     -80.15331167,26.42252667,26.102
     -80.15330833,26.42254833,26.302
     -80.15330500,26.42257000,26.402
     -80.15330167,26.42259500,26.402
     -80.15329500,26.42261833,26.302
     -80.15329000,26.42263333,26.002
     -80.15328000,26.42265500,25.502
     -80.15327167,26.42266333,25.002
     -80.15326833,26.42267333,24.902
     -80.15326333,26.42268667,24.402
     -80.15325833,26.42269667,23.902
     -80.15325500,26.42270667,23.202
     -80.15325167,26.42271333,22.802
     -80.15325000,26.42271833,22.702
     -80.15325000,26.42272333,22.602
     -80.15325167,26.42272167,22.502
     -80.15325500,26.42271667,22.402
     -80.15325833,26.42271667,22.002
     -80.15325667,26.42271500,21.702
     -80.15325833,26.42271500,21.402
     -80.15325833,26.42271333,21.402
     -80.15325667,26.42271000,21.302
     -80.15325667,26.42270833,21.402
     -80.15325833,26.42270833,21.402
     -80.15325833,26.42270833,21.402
     -80.15325833,26.42270833,21.402
     -80.15325833,26.42270833,21.402
     -80.15325833,26.42270833,21.402
     -80.15325833,26.42270833,21.402
     -80.15325833,26.42270833,21.402
     -80.15325833,26.42270833,21.402
     -80.15325833,26.42270833,21.402
     -80.15325833,26.42270833,21.402
     -80.15325833,26.42270833,21.402
     -80.15325833,26.42270833,21.402
     -80.15325833,26.42270833,21.402
     -80.15325833,26.42270833,21.402
     -80.15325833,26.42270833,21.402
     -80.15325833,26.42270833,21.402
     -80.15325833,26.42270833,21.402
     -80.15325833,26.42270833,21.402
     -80.15325833,26.42270833,21.402
     -80.15325833,26.42270833,21.402
     -80.15325833,26.42270833,21.402
     -80.15325833,26.42270833,21.402
     -80.15325833,26.42270833,21.402
     -80.15325833,26.42270833,21.402
     -80.15325833,26.42270833,21.402
     -80.15325833,26.42270833,21.402
     -80.15325833,26.42270833,21.402
     -80.15325500,26.42268500,20.302
     -80.15326167,26.42267833,20.102
     -80.15327333,26.42267500,19.602
     -80.15329333,26.42267833,18.902
     -80.15331333,26.42268500,18.502
     -80.15334167,26.42269333,18.302
     -80.15336833,26.42270000,18.101
     -80.15339167,26.42270500,17.501
     -80.15341667,26.42271333,17.401
     -80.15344333,26.42272333,17.701
     -80.15347167,26.42272833,18.001
     -80.15349667,26.42273667,17.901
     -80.15351667,26.42273833,18.201
     -80.15353667,26.42273833,18.401
     -80.15356000,26.42274000,18.901
     -80.15358500,26.42273500,18.801
     -80.15361167,26.42273167,18.300
     -80.15364167,26.42272833,17.900
     -80.15367667,26.42272333,17.600
     -80.15370833,26.42271667,17.100
     -80.15374333,26.42271333,16.700
     -80.15378000,26.42271167,15.900
     -80.15382500,26.42271167,15.600
     -80.15387333,26.42271000,14.999
     -80.15392167,26.42271167,14.599
     -80.15397333,26.42271500,14.599
     -80.15402333,26.42271167,14.499
     -80.15407667,26.42271167,14.299
     -80.15413000,26.42271500,14.298
     -80.15417667,26.42271500,13.398
     -80.15423333,26.42272333,13.098
     -80.15428000,26.42272833,12.298
     -80.15433667,26.42273167,12.197
     -80.15439167,26.42273833,11.997
     -80.15444333,26.42274167,11.397
     -80.15450167,26.42275167,11.397
     -80.15456667,26.42276333,12.297
     -80.15462833,26.42277167,12.596
     -80.15469333,26.42278000,12.796
     -80.15476167,26.42279000,12.996
     -80.15483500,26.42280167,13.395
     -80.15492333,26.42281333,14.995
     -80.15499500,26.42282333,14.995
     -80.15507000,26.42283000,15.695
     -80.15514333,26.42284000,16.394
     -80.15521667,26.42285000,16.994
     -80.15529167,26.42285667,16.394
     -80.15536833,26.42286667,16.493
     -80.15544333,26.42288167,16.493
     -80.15552167,26.42289500,16.493
     -80.15560000,26.42290667,16.392
     -80.15567833,26.42292167,17.092
     -80.15575667,26.42293667,17.292
     -80.15583167,26.42294333,17.591
     -80.15590833,26.42295333,17.891
     -80.15599000,26.42295500,18.591
     -80.15606833,26.42295667,18.890
     -80.15614500,26.42295167,19.190
     -80.15621833,26.42295333,19.690
     -80.15630000,26.42295500,19.890
     -80.15637667,26.42296333,20.089
     -80.15645500,26.42296000,19.689
     -80.15653500,26.42296000,20.389
     -80.15660833,26.42295667,20.488
     -80.15668333,26.42295167,20.188
     -80.15676000,26.42294500,20.388
     -80.15683333,26.42293667,20.087
     -80.15690167,26.42292500,19.187
     -80.15698333,26.42291667,19.287
     -80.15705667,26.42290500,19.586
     -80.15713667,26.42289333,19.686
     -80.15721167,26.42287667,19.386
     -80.15728667,26.42286000,19.285
     -80.15736333,26.42284500,19.085
     -80.15744000,26.42283000,19.285
     -80.15751500,26.42281833,19.384
     -80.15758667,26.42280000,19.384
     -80.15766667,26.42278667,20.384
     -80.15774500,26.42277500,21.183
     -80.15782167,26.42276333,20.883
     -80.15789333,26.42275333,20.783
     -80.15796667,26.42274500,20.983
     -80.15804167,26.42273833,20.782
     -80.15811667,26.42272833,19.782
     -80.15819333,26.42273000,19.482
     -80.15827333,26.42273167,19.281
     -80.15835000,26.42273167,18.881
     -80.15842667,26.42272833,17.981
     -80.15849667,26.42273000,17.880
     -80.15857500,26.42273167,18.280
     -80.15865500,26.42273000,18.680
     -80.15873167,26.42272833,19.179
     -80.15880833,26.42273000,18.979
     -80.15888333,26.42273333,18.679
     -80.15895333,26.42273833,18.378
     -80.15903000,26.42274167,18.678
     -80.15910833,26.42274167,18.978
     -80.15917833,26.42273333,18.778
     -80.15925000,26.42271667,19.177
     -80.15932500,26.42269833,19.877
     -80.15939667,26.42267833,19.377
     -80.15946333,26.42264333,19.576
     -80.15953167,26.42260833,19.776
     -80.15959000,26.42256333,20.076
     -80.15965167,26.42251500,19.275
     -80.15970333,26.42246833,19.375
     -80.15975500,26.42242333,19.875
     -80.15979667,26.42237333,20.275
     -80.15983167,26.42231500,19.975
     -80.15986167,26.42225333,19.374
     -80.15988833,26.42218667,19.574
     -80.15990167,26.42212167,19.474
     -80.15990667,26.42204833,19.174
     -80.15990333,26.42197667,18.774
     -80.15989333,26.42190500,19.074
     -80.15986833,26.42183333,19.274
     -80.15984500,26.42176667,19.174
     -80.15982167,26.42170000,19.374
     -80.15979500,26.42164000,18.874
     -80.15976333,26.42158000,18.675
     -80.15973333,26.42152000,17.875
     -80.15968833,26.42145833,17.275
     -80.15965000,26.42139500,16.875
     -80.15960667,26.42133833,17.175
     -80.15956500,26.42129167,17.575
     -80.15952333,26.42123833,17.475
     -80.15947333,26.42118667,17.275
     -80.15943000,26.42113500,17.376
     -80.15938000,26.42108333,17.676
     -80.15932333,26.42103500,18.676
     -80.15926833,26.42098333,19.076
     -80.15921333,26.42092667,19.076
     -80.15916333,26.42087667,18.777
     -80.15911000,26.42082500,19.077
     -80.15906333,26.42077000,19.277
     -80.15901500,26.42071500,19.477
     -80.15896667,26.42066500,19.877
     -80.15891500,26.42060833,20.177
     -80.15887667,26.42055667,20.778
     -80.15883833,26.42051000,21.078
     -80.15880167,26.42046667,21.578
     -80.15877667,26.42042167,21.278
     -80.15875000,26.42037833,21.178
     -80.15872667,26.42033667,20.278
     -80.15869500,26.42029000,19.978
     -80.15867000,26.42025667,19.078
     -80.15866167,26.42023667,19.178
     -80.15865500,26.42022500,18.878
     -80.15864500,26.42021500,18.278
     -80.15864500,26.42021167,17.978
     -80.15864333,26.42021000,17.778
     -80.15864333,26.42021000,17.778
     -80.15864333,26.42021000,17.778
     -80.15864333,26.42021000,17.778
     -80.15864333,26.42021000,17.778
     -80.15864333,26.42021000,17.778
     -80.15864333,26.42021000,17.778
     -80.15864333,26.42021000,17.778
     -80.15864333,26.42021000,17.778
     -80.15864333,26.42021000,17.778
     -80.15864333,26.42021000,17.778
     -80.15864333,26.42021000,17.778
     -80.15864333,26.42021000,17.778
     -80.15864333,26.42021000,17.778
     -80.15864333,26.42021000,17.778
     -80.15864333,26.42021000,17.778
     -80.15864333,26.42021000,17.778
     -80.15864333,26.42021000,17.778
     -80.15864333,26.42021000,17.778
     -80.15864333,26.42021000,17.778
     -80.15864333,26.42021000,17.778
     -80.15864333,26.42021000,17.778
     -80.15864333,26.42021000,17.778
     -80.15864333,26.42021000,17.778
     -80.15864333,26.42021000,17.778
     -80.15864333,26.42021000,17.778
     -80.15864333,26.42021000,17.778
     -80.15861500,26.42018667,19.078
     -80.15861833,26.42015833,18.778
     -80.15863167,26.42012500,18.678
     -80.15865333,26.42008833,18.478
     -80.15867833,26.42005333,18.578
     -80.15871833,26.42002500,17.978
     -80.15876833,26.41998667,17.678
     -80.15881500,26.41994500,17.278
     -80.15885500,26.41990500,17.377
     -80.15889167,26.41986333,17.777
     -80.15893000,26.41982000,18.377
     -80.15896833,26.41978833,19.477
     -80.15901000,26.41975500,19.777
     -80.15905333,26.41973167,19.476
     -80.15909000,26.41970167,18.676
     -80.15912167,26.41968167,17.776
     -80.15914500,26.41965667,16.776
     -80.15916333,26.41963833,15.976
     -80.15918167,26.41962667,16.276
     -80.15919167,26.41963167,17.276
     -80.15919667,26.41963333,17.476
     -80.15919667,26.41963333,17.476
     -80.15919667,26.41963333,17.476
     -80.15919667,26.41963333,17.476
     -80.15919667,26.41963333,17.476
     -80.15919667,26.41963333,17.476
     -80.15919667,26.41963333,17.476
     -80.15919667,26.41963333,17.476
     -80.15919667,26.41963333,17.476
     -80.15919667,26.41963333,17.476
     -80.15919667,26.41963333,17.476
     -80.15919667,26.41963333,17.476
     -80.15919667,26.41963333,17.476
     -80.15919667,26.41963333,17.476
     -80.15919667,26.41963333,17.476
     -80.15919667,26.41963333,17.476
     -80.15919667,26.41963333,17.476
     -80.15919667,26.41963333,17.476
     -80.15919667,26.41963333,17.476
     -80.15919667,26.41963333,17.476
     -80.15920167,26.41963000,17.176
     -80.15923167,26.41963167,16.776
     -80.15926667,26.41964000,16.375
     -80.15930167,26.41966000,15.875
     -80.15933500,26.41968667,15.475
     -80.15937833,26.41972667,15.575
     -80.15942000,26.41975833,15.275
     -80.15946667,26.41979167,15.175
     -80.15951000,26.41982500,14.875
     -80.15955500,26.41985667,14.874
     -80.15960333,26.41988833,14.474
     -80.15965167,26.41993000,14.574
     -80.15970167,26.41996333,14.374
     -80.15975167,26.42000500,14.274
     -80.15980333,26.42004667,14.673
     -80.15985167,26.42008000,13.973
     -80.15989833,26.42011167,13.573
     -80.15995667,26.42014500,12.873
     -80.16001500,26.42018000,12.873
     -80.16007667,26.42022000,13.372
     -80.16013833,26.42025667,13.372
     -80.16019833,26.42028833,12.872
     -80.16026333,26.42031667,12.772
     -80.16033333,26.42034667,12.971
     -80.16040333,26.42037667,13.571
     -80.16047167,26.42041167,13.671
     -80.16054167,26.42044167,13.571
     -80.16060833,26.42047500,13.870
     -80.16068500,26.42050333,14.170
     -80.16076000,26.42053167,13.770
     -80.16082500,26.42055333,13.470
     -80.16089167,26.42057500,12.869
     -80.16095833,26.42059667,12.469
     -80.16103000,26.42061667,12.569
     -80.16109500,26.42063667,12.069
     -80.16115333,26.42065667,11.468
     -80.16122167,26.42067833,11.368
     -80.16129500,26.42070000,12.068
     -80.16136000,26.42071667,12.367
     -80.16143000,26.42073333,12.367
     -80.16149667,26.42074500,12.367
     -80.16156500,26.42076000,12.667
     -80.16163500,26.42077167,12.766
     -80.16170333,26.42077833,12.466
     -80.16177333,26.42079333,11.766
     -80.16184333,26.42080833,11.766
     -80.16191333,26.42081833,11.265
     -80.16199667,26.42082000,11.565
     -80.16207667,26.42082833,12.365
     -80.16215500,26.42083000,12.864
     -80.16223667,26.42083833,13.664
     -80.16231500,26.42084167,13.964
     -80.16239000,26.42084333,14.063
     -80.16246167,26.42085167,14.563
     -80.16253500,26.42085500,15.363
     -80.16261167,26.42085667,16.062
     -80.16268333,26.42085500,16.562
     -80.16276000,26.42084500,16.162
     -80.16283333,26.42084000,15.861
     -80.16291167,26.42083500,16.161
     -80.16298500,26.42082000,15.861
     -80.16305500,26.42080500,16.261
     -80.16313000,26.42079667,17.160
     -80.16320667,26.42078667,17.960
     -80.16328333,26.42077833,18.160
     -80.16335333,26.42076833,17.559
     -80.16343333,26.42075833,17.259
     -80.16350833,26.42074000,16.959
     -80.16358167,26.42072167,16.658
     -80.16365000,26.42070333,16.558
     -80.16371833,26.42069000,16.358
     -80.16378667,26.42066500,15.657
     -80.16386000,26.42065000,15.557
     -80.16393833,26.42062833,15.457
     -80.16401333,26.42060333,14.656
     -80.16408500,26.42057333,13.756
     -80.16415333,26.42054333,13.456
     -80.16422833,26.42052000,13.456
     -80.16430000,26.42049500,12.955
     -80.16437000,26.42047333,12.955
     -80.16444000,26.42045167,12.655
     -80.16451500,26.42043000,12.054
     -80.16458500,26.42040667,11.754
     -80.16464667,26.42039333,11.954
     -80.16470500,26.42038500,12.153
     -80.16473000,26.42037833,12.753
     -80.16473833,26.42037333,12.853
     -80.16474500,26.42037333,12.953
     -80.16475333,26.42036833,12.953
     -80.16476167,26.42036000,13.053
     -80.16477333,26.42035333,13.553
     -80.16478667,26.42035333,13.853
     -80.16480167,26.42034833,14.153
     -80.16482833,26.42034167,14.453
     -80.16486667,26.42033500,15.353
     -80.16490833,26.42032333,16.053
     -80.16494833,26.42030500,16.152
     -80.16499500,26.42028500,15.952
     -80.16504333,26.42027167,15.552
     -80.16509167,26.42025833,14.652
     -80.16513667,26.42023833,14.552
     -80.16519167,26.42022333,14.551
     -80.16524833,26.42019667,14.951
     -80.16530000,26.42017667,14.651
     -80.16535000,26.42015167,15.051
     -80.16540500,26.42013000,14.450
     -80.16546000,26.42010667,14.650
     -80.16551667,26.42007667,14.750
     -80.16557333,26.42005333,15.150
     -80.16562833,26.42002667,15.549
     -80.16567833,26.42000500,15.449
     -80.16572500,26.41997833,14.949
     -80.16577167,26.41995667,15.149
     -80.16582667,26.41993000,15.349
     -80.16588667,26.41990500,16.048
     -80.16594333,26.41988000,16.448
     -80.16600000,26.41985000,16.848
     -80.16604667,26.41981833,16.848
     -80.16610333,26.41977833,15.747
     -80.16615833,26.41975333,15.047
     -80.16620667,26.41971667,14.547
     -80.16625167,26.41968167,14.347
     -80.16630167,26.41964667,13.847
     -80.16634000,26.41960667,13.746
     -80.16637833,26.41956833,13.946
     -80.16642667,26.41953833,14.246
     -80.16647667,26.41950333,14.546
     -80.16652000,26.41948000,14.046
     -80.16657500,26.41944167,15.145
     -80.16662667,26.41940500,16.045
     -80.16667333,26.41936000,16.545
     -80.16672333,26.41932000,17.245
     -80.16676500,26.41927000,18.444
     -80.16681333,26.41922000,18.844
     -80.16686333,26.41916667,18.444
     -80.16691667,26.41912167,18.144
     -80.16696333,26.41907500,17.243
     -80.16700833,26.41902833,17.343
     -80.16705667,26.41897833,17.143
     -80.16710167,26.41892667,17.043
     -80.16714333,26.41887000,15.843
     -80.16718333,26.41881167,15.542
     -80.16722500,26.41875500,15.042
     -80.16726667,26.41870333,15.342
     -80.16730333,26.41865167,15.042
     -80.16733500,26.41859500,15.142
     -80.16737000,26.41854500,15.041
     -80.16740167,26.41849333,14.941
     -80.16743167,26.41843500,14.641
     -80.16745500,26.41837500,14.541
     -80.16747333,26.41831500,14.241
     -80.16748500,26.41824833,12.941
     -80.16750500,26.41817833,11.841
     -80.16752667,26.41811167,11.741
     -80.16753833,26.41804167,12.141
     -80.16755333,26.41798000,12.140
     -80.16757167,26.41792333,11.940
     -80.16759000,26.41786667,10.940
     -80.16759667,26.41780000,11.140
     -80.16759833,26.41773167,10.840
     -80.16760500,26.41766167,10.040
     -80.16760667,26.41760167,10.040
     -80.16760833,26.41754667,10.440
     -80.16760833,26.41748833,10.440
     -80.16760333,26.41743333,11.540
     -80.16760000,26.41738500,12.540
     -80.16759833,26.41734500,12.440
     -80.16759500,26.41731500,12.040
     -80.16759167,26.41730167,11.840
     -80.16757833,26.41729333,11.440
     -80.16757167,26.41729000,11.040
     -80.16756500,26.41728667,10.540
     -80.16756333,26.41728833,10.140
     -80.16756333,26.41728833,10.140
     -80.16756333,26.41728833,10.140
     -80.16756333,26.41728833,10.140
     -80.16756333,26.41729167,9.940
     -80.16756667,26.41731500,9.440
     -80.16757000,26.41733833,8.940
     -80.16758000,26.41736333,8.340
     -80.16759500,26.41739000,8.040
     -80.16760667,26.41740333,7.740
     -80.16761667,26.41741167,7.840
     -80.16761833,26.41740833,7.940
     -80.16762000,26.41739333,7.640
     -80.16762667,26.41737667,8.240
     -80.16763667,26.41735167,9.240
     -80.16764333,26.41732167,9.540
     -80.16764833,26.41728833,9.340
     -80.16765333,26.41724667,10.140
     -80.16765167,26.41720833,11.040
     -80.16765167,26.41716333,11.640
     -80.16764833,26.41711167,12.040
     -80.16764833,26.41705667,12.940
     -80.16764500,26.41701000,13.539
     -80.16763000,26.41696167,14.240
     -80.16762167,26.41690667,14.640
     -80.16761667,26.41685667,14.240
     -80.16761500,26.41681000,14.340
     -80.16762667,26.41677500,15.139
     -80.16764667,26.41674000,14.839
     -80.16765333,26.41670667,15.339
     -80.16764167,26.41666000,14.939
     -80.16764167,26.41661500,15.739
     -80.16765167,26.41657333,15.639
     -80.16768500,26.41654500,15.539
     -80.16772000,26.41651500,15.039
     -80.16776667,26.41648333,14.839
     -80.16782333,26.41645167,15.138
     -80.16787333,26.41641833,15.738
     -80.16792500,26.41639000,16.438
     -80.16797333,26.41635833,16.538
     -80.16802000,26.41632500,16.638
     -80.16806667,26.41628500,15.537
     -80.16811833,26.41625167,14.937
     -80.16818000,26.41622167,14.937
     -80.16825167,26.41622333,15.137
     -80.16832333,26.41623000,15.536
     -80.16838833,26.41623500,16.436
     -80.16845500,26.41623667,17.036
     -80.16852167,26.41623667,17.135
     -80.16858333,26.41623333,17.835
     -80.16864333,26.41623667,17.935
     -80.16871000,26.41624667,18.335
     -80.16877667,26.41626667,17.934
     -80.16884000,26.41628333,17.234
     -80.16891167,26.41629000,16.834
     -80.16898167,26.41628500,16.734
     -80.16905000,26.41628333,17.333
     -80.16911833,26.41628667,17.433
     -80.16919000,26.41628833,17.533
     -80.16925667,26.41629167,17.332
     -80.16932500,26.41629833,17.132
     -80.16939500,26.41631000,17.132
     -80.16947000,26.41631500,17.132
     -80.16954500,26.41631333,17.331
     -80.16961333,26.41630667,17.531
     -80.16968000,26.41630667,17.931
     -80.16975000,26.41630500,19.230
     -80.16982000,26.41629500,19.330
     -80.16988667,26.41628500,19.530
     -80.16995000,26.41627833,20.030
     -80.17001667,26.41627667,19.929
     -80.17007167,26.41628167,20.029
     -80.17011833,26.41630000,20.629
     -80.17015500,26.41633667,20.829
     -80.17016167,26.41638333,20.029
     -80.17016500,26.41643167,19.229
     -80.17016833,26.41648333,19.629
     -80.17016333,26.41652000,19.329
     -80.17016167,26.41654333,18.829
     -80.17015500,26.41656000,18.429
     -80.17014833,26.41657000,17.429
     -80.17014000,26.41658167,16.329
     -80.17013333,26.41659167,15.729
     -80.17012833,26.41659667,15.329
     -80.17012667,26.41659833,15.129
     -80.17012500,26.41659833,15.129
     -80.17012500,26.41659833,15.129
     -80.17012500,26.41659833,15.129
     -80.17012500,26.41659833,15.129
     -80.17012500,26.41659833,15.129
     -80.17012500,26.41659833,15.129
     -80.17012500,26.41659833,15.129
     -80.17012500,26.41659833,15.129
     -80.17012500,26.41659833,15.129
     -80.17012500,26.41659833,15.129
     -80.17012500,26.41659833,15.129
     -80.17013500,26.41656500,14.829
     -80.17013167,26.41655667,14.629
     -80.17013000,26.41654667,14.429
     -80.17013000,26.41653000,14.229
     -80.17013333,26.41652000,14.329
     -80.17013500,26.41650167,14.229
     -80.17012833,26.41648667,13.929
     -80.17012000,26.41647667,14.229
     -80.17012000,26.41647500,14.729
     -80.17011833,26.41647500,15.529
     -80.17010833,26.41648000,15.729
     -80.17009667,26.41648667,15.629
     -80.17009167,26.41648667,15.429
     -80.17008833,26.41649167,15.429
     -80.17008667,26.41649833,15.429
     -80.17008667,26.41649833,15.429
     -80.17008667,26.41649833,15.429
     -80.17008667,26.41649833,15.429
     -80.17008667,26.41649833,15.429
     -80.17008667,26.41649833,15.429
     -80.17008667,26.41649833,15.429
     -80.17008667,26.41649833,15.429
     -80.17008667,26.41649833,15.429
     -80.17008667,26.41649833,15.429
     -80.17008667,26.41649833,15.429
     -80.17008667,26.41649833,15.429
     -80.17008667,26.41649833,15.429
     -80.17008667,26.41649833,15.429
     -80.17008667,26.41649833,15.429
     -80.17008667,26.41649833,15.429
     -80.17008667,26.41649833,15.429
     -80.17008667,26.41649833,15.429
     -80.17008667,26.41649833,15.429
     -80.17008667,26.41649833,15.429
     -80.17008667,26.41649833,15.429
     -80.17008667,26.41649833,15.429
     -80.17008667,26.41649833,15.429
     -80.17008667,26.41649833,15.429
     -80.17008667,26.41649833,15.429
     -80.17008667,26.41649833,15.429
     -80.17008667,26.41649833,15.429
     -80.17008667,26.41649833,15.429
     -80.17008667,26.41649833,15.429
     -80.17008667,26.41649833,15.429
     -80.17008667,26.41649833,15.429
     -80.17008667,26.41649833,15.429
     -80.17008667,26.41649833,15.429
     -80.17008667,26.41649833,15.429
     -80.17008667,26.41649833,15.429
     -80.17008667,26.41649833,15.429
     -80.17008667,26.41649833,15.429
     -80.17008667,26.41649833,15.429
     -80.17008667,26.41649833,15.429
     -80.17008667,26.41649833,15.429
     -80.17008667,26.41649833,15.429
     -80.17008667,26.41649833,15.429
     -80.17008667,26.41649833,15.429
     -80.17008667,26.41649833,15.429
     -80.17008667,26.41649833,15.429
     -80.17008667,26.41649833,15.429
     -80.17008667,26.41649833,15.429
     -80.17004833,26.41656000,16.129
     -80.17003833,26.41656333,15.529
     -80.17003667,26.41656500,14.929
     -80.17003500,26.41656667,14.429
     -80.17004000,26.41656833,14.429
     -80.17004000,26.41656833,14.429
     -80.17004000,26.41656833,14.429
     -80.17004000,26.41656833,14.429
     -80.17004000,26.41656833,14.429
     -80.17004000,26.41656833,14.429
     -80.17004000,26.41656833,14.429
     -80.17004000,26.41656833,14.429
     -80.17004000,26.41656833,14.429
     -80.17004000,26.41656833,14.429
     -80.17004000,26.41656833,14.429
     -80.17004000,26.41656833,14.429
     -80.17004000,26.41656833,14.429
     -80.17004000,26.41656833,14.429
     -80.17004000,26.41656833,14.429
     -80.17004000,26.41656833,14.429
     -80.17004000,26.41656833,14.429
     -80.17004000,26.41656833,14.429
     -80.17004000,26.41656833,14.429
     -80.17004000,26.41656833,14.429
     -80.17004000,26.41656833,14.429
     -80.17004000,26.41656833,14.429
     -80.17004000,26.41656833,14.429
     -80.17004000,26.41656833,14.429
     -80.17004000,26.41656833,14.429
     -80.17004000,26.41656833,14.429
     -80.17004000,26.41656833,14.429
     -80.17004000,26.41656833,14.429
     -80.17004000,26.41656833,14.429
     -80.17004000,26.41656833,14.429
     -80.17004000,26.41656833,14.429
     -80.17004000,26.41656833,14.429
     -80.17004000,26.41656833,14.429
     -80.17004000,26.41656833,14.429
     -80.17004000,26.41656833,14.429
     -80.17004000,26.41656833,14.429
     -80.17004000,26.41656833,14.429
     -80.17004000,26.41656833,14.429
     -80.17004000,26.41656833,14.429
     -80.17004000,26.41656833,14.429
     -80.17004000,26.41656833,14.429
     -80.17004000,26.41656833,14.429
     -80.17004000,26.41656833,14.429
     -80.17004000,26.41656833,14.429
     -80.17004000,26.41656833,14.429
     -80.17004000,26.41656833,14.429
     -80.17004000,26.41656833,14.429
     -80.17004000,26.41656833,14.429
     -80.17004000,26.41656833,14.429
     -80.17004000,26.41656833,14.429
     -80.17004000,26.41656833,14.429
     -80.17004000,26.41656833,14.429
     -80.17004000,26.41656833,14.429
     -80.17004000,26.41656833,14.429
     -80.17004000,26.41656833,14.429
     -80.17004000,26.41656833,14.429
     -80.17004000,26.41656833,14.429
     -80.17004000,26.41656833,14.429
     -80.17004000,26.41656833,14.429
     -80.17004000,26.41656833,14.429
     -80.17004000,26.41656833,14.429
     -80.17004000,26.41656833,14.429
     -80.17004000,26.41656833,14.429
     -80.17004000,26.41656833,14.429
     -80.17004000,26.41656833,14.429
     -80.17004000,26.41656833,14.429
     -80.17004000,26.41656833,14.429
     -80.17004000,26.41656833,14.429
     -80.17004000,26.41656833,14.429
     -80.17004000,26.41656833,14.429
     -80.17004000,26.41656833,14.429
     -80.17004000,26.41656833,14.429
     -80.17004000,26.41656833,14.429
     -80.17004000,26.41656833,14.429
     -80.17004000,26.41656833,14.429
     -80.17004000,26.41656833,14.429
     -80.17004000,26.41656833,14.429
     -80.17004000,26.41656833,14.429
     -80.17010500,26.41659667,16.629
     -80.17012000,26.41660000,16.429
     -80.17013167,26.41659667,16.429
     -80.17013500,26.41659500,16.329
     -80.17013167,26.41659167,15.729
     -80.17013167,26.41659167,15.729
     -80.17013167,26.41659167,15.729
     -80.17013167,26.41659167,15.729
     -80.17013167,26.41659167,15.729
     -80.17013167,26.41659167,15.729
     -80.17013167,26.41659167,15.729
     -80.17013167,26.41659167,15.729
     -80.17013167,26.41659167,15.729
     -80.17013167,26.41659167,15.729
     -80.17013167,26.41659167,15.729
     -80.17013167,26.41659167,15.729
     -80.17013167,26.41659167,15.729
     -80.17013167,26.41659167,15.729
     -80.17013167,26.41659167,15.729
     -80.17013167,26.41659167,15.729
     -80.17013167,26.41659167,15.729
     -80.17013167,26.41659167,15.729
     -80.17013167,26.41659167,15.729
     -80.17013167,26.41659167,15.729
     -80.17013167,26.41659167,15.729
     -80.17013167,26.41659167,15.729
     -80.17013167,26.41659167,15.729
     -80.17013167,26.41659167,15.729
     -80.17013167,26.41659167,15.729
     -80.17013167,26.41659167,15.729
     -80.17013167,26.41659167,15.729
     -80.17013167,26.41659167,15.729
     -80.17013167,26.41659167,15.729
     -80.17013167,26.41659167,15.729
     -80.17013167,26.41659167,15.729
     -80.17013167,26.41659167,15.729
     -80.17013167,26.41659167,15.729
     -80.17013167,26.41659167,15.729
     -80.17013167,26.41659167,15.729
     -80.17013167,26.41659167,15.729
     -80.17013167,26.41659167,15.729
     -80.17013167,26.41659167,15.729
     -80.17013167,26.41659167,15.729
     -80.17013167,26.41659167,15.729
     -80.17013167,26.41659167,15.729
     -80.17013167,26.41659167,15.729
     -80.17013167,26.41659167,15.729
     -80.17013167,26.41659167,15.729
     -80.17013167,26.41659167,15.729
     -80.17013167,26.41659167,15.729
     -80.17013167,26.41659167,15.729
     -80.17013167,26.41659167,15.729
     -80.17013167,26.41659167,15.729
     -80.17013167,26.41659167,15.729
     -80.17013167,26.41659167,15.729
     -80.17013167,26.41659167,15.729
     -80.17013167,26.41659167,15.729
     -80.17013167,26.41659167,15.729
     -80.17013167,26.41659167,15.729
     -80.17013167,26.41659167,15.729
     -80.17013167,26.41659167,15.729
     -80.17013167,26.41659167,15.729
     -80.17013167,26.41659167,15.729
     -80.17013167,26.41659167,15.729
     -80.17013167,26.41659167,15.729
     -80.17013167,26.41659167,15.729
     -80.17013167,26.41659167,15.729
     -80.17013167,26.41659167,15.729
     -80.17013167,26.41659167,15.729
     -80.17013167,26.41659167,15.729
     -80.17013167,26.41659167,15.729
     -80.17013167,26.41659167,15.729
     -80.17013167,26.41659167,15.729
     -80.17013167,26.41659167,15.729
     -80.17013167,26.41659167,15.729
     -80.17013167,26.41659167,15.729
     -80.17013167,26.41659167,15.729
     -80.17013167,26.41659167,15.729
     -80.17013167,26.41659167,15.729
     -80.17013167,26.41659167,15.729
     -80.17013167,26.41659167,15.729
     -80.17013167,26.41659167,15.729
     -80.17013167,26.41659167,15.729
     -80.17013167,26.41659167,15.729
     -80.17013167,26.41659167,15.729
     -80.17013167,26.41659167,15.729
     -80.17013167,26.41659167,15.729
     -80.17013167,26.41659167,15.729
     -80.17013167,26.41659167,15.729
     -80.17013167,26.41659167,15.729
     -80.17013167,26.41659167,15.729
     -80.17013167,26.41659167,15.729
     -80.17013167,26.41659167,15.729
     -80.17013167,26.41659167,15.729
     -80.17013167,26.41659167,15.729
     -80.17013167,26.41659167,15.729
     -80.17013167,26.41659167,15.729
     -80.17013167,26.41659167,15.729
     -80.17013167,26.41659167,15.729
     -80.17013167,26.41659167,15.729
     -80.17013167,26.41659167,15.729
     -80.17013167,26.41659167,15.729
     -80.17013167,26.41659167,15.729
     -80.17013167,26.41659167,15.729
     -80.17013167,26.41659167,15.729
     -80.17013167,26.41659167,15.729
     -80.17013167,26.41659167,15.729
     -80.17013167,26.41659167,15.729
     -80.17013167,26.41659167,15.729
     -80.17013167,26.41659167,15.729
     -80.17013167,26.41659167,15.729
     -80.17013167,26.41659167,15.729
     -80.17013167,26.41659167,15.729
     -80.17013167,26.41659167,15.729
     -80.17013167,26.41659167,15.729
     -80.17013167,26.41659167,15.729
     -80.17013167,26.41659167,15.729
     -80.17013167,26.41659167,15.729
     -80.17013167,26.41659167,15.729
     -80.17013167,26.41659167,15.729
     -80.17013167,26.41659167,15.729
     -80.17013167,26.41659167,15.729
     -80.17013167,26.41659167,15.729
     -80.17013167,26.41659167,15.729
     -80.17013167,26.41659167,15.729
     -80.17013167,26.41659167,15.729
     -80.17013167,26.41659167,15.729
     -80.17013167,26.41659167,15.729
     -80.17013167,26.41659167,15.729
     -80.17013167,26.41659167,15.729
     -80.17013167,26.41659167,15.729
     -80.17013167,26.41659167,15.729
     -80.17013167,26.41659167,15.729
     -80.17013167,26.41659167,15.729
     -80.17013167,26.41659167,15.729
     -80.17013167,26.41659167,15.729
     -80.17013167,26.41659167,15.729
     -80.17013167,26.41659167,15.729
     -80.17013167,26.41659167,15.729
     -80.17013167,26.41659167,15.729
     -80.17013167,26.41659167,15.729
     -80.17013167,26.41659167,15.729
     -80.17013167,26.41659167,15.729
     -80.17013167,26.41659167,15.729
     -80.17013167,26.41659167,15.729
     -80.17013167,26.41659167,15.729
     -80.17013167,26.41659167,15.729
     -80.17013167,26.41659167,15.729
     -80.17013167,26.41659167,15.729
     -80.17013167,26.41659167,15.729
     -80.17013167,26.41659167,15.729
     -80.17013167,26.41659167,15.729
     -80.17013167,26.41659167,15.729
     -80.17013167,26.41659167,15.729
     -80.17013167,26.41659167,15.729
     -80.17013167,26.41659167,15.729
     -80.17013167,26.41659167,15.729
     -80.17013167,26.41659167,15.729
     -80.17013167,26.41659167,15.729
     -80.17013167,26.41659167,15.729
     -80.17013167,26.41659167,15.729
     -80.17013167,26.41659167,15.729
     -80.17013167,26.41659167,15.729
     -80.17013167,26.41659167,15.729
     -80.17013167,26.41659167,15.729
     -80.17013167,26.41659167,15.729
     -80.17013167,26.41659167,15.729
     -80.17013167,26.41659167,15.729
     -80.17013167,26.41659167,15.729
     -80.17013167,26.41659167,15.729
     -80.17013167,26.41659167,15.729
     -80.17013167,26.41659167,15.729
     -80.17013167,26.41659167,15.729
     -80.17013167,26.41659167,15.729
     -80.17013167,26.41659167,15.729
     -80.17013167,26.41659167,15.729
     -80.17013167,26.41659167,15.729
     -80.17013167,26.41659167,15.729
     -80.17013167,26.41659167,15.729
     -80.17013167,26.41659167,15.729
     -80.17009833,26.41661667,17.129
     -80.17008500,26.41662833,17.029
     -80.17007333,26.41663500,17.329
     -80.17005667,26.41664167,17.429
     -80.17003667,26.41664167,17.429
     -80.17001500,26.41663500,16.930
     -80.16999500,26.41662833,17.030
     -80.16997667,26.41661833,17.530
     -80.16996167,26.41660000,17.630
     -80.16995833,26.41657667,17.930
     -80.16996500,26.41654500,17.730
     -80.16997167,26.41651833,17.030
     -80.16998667,26.41650500,16.930
     -80.17000333,26.41649000,16.629
     -80.17002000,26.41647500,16.629
     -80.17004167,26.41646500,16.829
     -80.17006500,26.41645667,17.029
     -80.17008333,26.41645500,16.929
     -80.17010333,26.41645333,16.629
     -80.17012500,26.41644667,16.329
     -80.17014667,26.41644000,16.929
     -80.17015667,26.41642833,17.629
     -80.17015167,26.41640167,18.329
     -80.17014167,26.41638000,18.929
     -80.17012500,26.41635500,19.029
     -80.17011167,26.41633333,18.929
     -80.17009000,26.41631333,18.729
     -80.17005833,26.41629667,18.729
     -80.17001833,26.41628667,19.129
     -80.16997333,26.41628667,18.829
     -80.16992167,26.41629000,18.430
     -80.16987333,26.41629500,17.530
     -80.16982333,26.41630167,15.830
     -80.16977500,26.41630167,14.130
     -80.16972000,26.41630833,13.431
     -80.16966000,26.41631167,12.931
     -80.16960333,26.41631833,13.431
     -80.16954333,26.41632333,14.931
     -80.16947833,26.41631167,14.632
     -80.16941000,26.41631333,14.132
     -80.16934500,26.41630833,13.932
     -80.16928167,26.41629333,14.132
     -80.16921833,26.41628167,14.533
     -80.16914667,26.41627667,14.933
     -80.16908333,26.41626833,15.733
     -80.16902167,26.41627000,16.433
     -80.16895333,26.41627667,16.534
     -80.16888667,26.41628000,17.334
     -80.16882167,26.41627333,18.134
     -80.16876167,26.41627167,17.734
     -80.16870500,26.41625833,16.935
     -80.16865333,26.41624833,16.235
     -80.16860333,26.41623500,16.035
     -80.16855333,26.41622500,15.635
     -80.16849833,26.41622833,15.036
     -80.16845167,26.41623167,14.436
     -80.16839333,26.41623167,14.436
     -80.16833833,26.41623500,14.836
     -80.16828500,26.41624667,15.236
     -80.16823000,26.41625000,15.337
     -80.16817500,26.41625833,15.737
     -80.16812500,26.41627500,15.737
     -80.16807500,26.41630167,15.737
     -80.16802667,26.41633333,16.338
     -80.16798333,26.41636333,16.738
     -80.16794333,26.41640000,16.738
     -80.16790167,26.41642833,17.838
     -80.16785167,26.41645000,18.238
     -80.16779833,26.41648167,18.239
     -80.16775167,26.41651167,18.539
     -80.16771333,26.41654167,18.439
     -80.16768500,26.41656833,18.039
     -80.16766000,26.41659000,17.139
     -80.16763667,26.41661333,17.139
     -80.16760500,26.41663333,16.839
     -80.16757500,26.41664500,17.040
     -80.16754500,26.41664000,16.940
     -80.16752167,26.41662333,16.640
     -80.16750667,26.41660333,16.840
     -80.16749500,26.41657833,16.640
     -80.16748167,26.41655333,16.940
     -80.16746167,26.41652167,17.340
     -80.16744667,26.41648500,17.940
     -80.16742500,26.41645167,18.740
     -80.16740667,26.41641833,19.440
     -80.16738667,26.41638167,19.840
     -80.16736667,26.41634667,19.840
     -80.16735000,26.41631167,19.240
     -80.16733500,26.41627833,18.840
     -80.16732333,26.41625167,18.340
     -80.16730000,26.41623667,17.940
     -80.16728667,26.41622500,17.741
     -80.16728167,26.41621500,18.341
     -80.16728333,26.41620167,18.641
     -80.16728500,26.41618667,18.841
     -80.16730000,26.41617000,19.240
     -80.16732000,26.41615000,19.640
     -80.16734667,26.41613000,20.140
     -80.16738167,26.41611000,20.140
     -80.16742667,26.41608833,20.140
     -80.16747667,26.41607167,20.240
     -80.16751833,26.41604833,19.639
     -80.16755667,26.41602500,18.939
     -80.16759500,26.41600333,19.239
     -80.16763000,26.41598167,18.539
     -80.16766333,26.41596167,18.439
     -80.16768833,26.41594167,17.839
     -80.16771167,26.41592333,16.739
     -80.16773000,26.41590833,15.939
     -80.16774333,26.41589500,15.338
     -80.16775333,26.41588833,15.138
     -80.16776000,26.41588500,15.138
     -80.16776500,26.41588167,15.038
     -80.16776667,26.41588000,15.038
     -80.16776667,26.41588000,15.038
     -80.16776667,26.41588000,15.038
     -80.16776667,26.41588000,15.038
     -80.16776667,26.41588000,15.038
     -80.16776667,26.41588000,15.038
     -80.16776667,26.41588000,15.038
     -80.16776667,26.41588000,15.038
     -80.16776667,26.41588000,15.038
     -80.16776667,26.41588000,15.038
     -80.16780833,26.41584500,15.238
     -80.16784667,26.41582167,15.038
     -80.16789167,26.41579333,14.838
     -80.16794000,26.41576167,14.838
     -80.16799167,26.41573000,14.937
     -80.16804500,26.41570000,15.037
     -80.16810500,26.41566833,15.337
     -80.16816667,26.41563500,15.937
     -80.16822667,26.41559500,16.236
     -80.16828500,26.41556000,16.736
     -80.16834833,26.41552333,17.236
     -80.16840833,26.41548833,17.035
     -80.16846833,26.41545000,17.335
     -80.16853333,26.41541667,18.035
     -80.16859500,26.41538333,18.235
     -80.16865333,26.41534000,17.534
     -80.16871667,26.41530167,16.434
     -80.16878333,26.41526333,16.634
     -80.16885333,26.41523667,17.434
     -80.16892000,26.41520667,18.033
     -80.16898167,26.41516500,18.433
     -80.16904500,26.41512167,19.833
     -80.16910500,26.41508667,20.432
     -80.16916000,26.41503833,18.832
     -80.16920000,26.41499167,17.132
     -80.16923833,26.41496000,16.632
     -80.16925167,26.41495167,16.432
     -80.16925000,26.41494333,15.732
     -80.16924833,26.41494000,15.632
     -80.16924667,26.41493833,15.432
     -80.16924667,26.41493833,15.432
     -80.16924667,26.41493833,15.432
     -80.16924667,26.41493833,15.432
     -80.16924667,26.41493833,15.432
     -80.16922333,26.41494833,15.032
     -80.16920000,26.41496333,14.632
     -80.16917833,26.41497667,14.232
     -80.16916500,26.41498500,13.632
     -80.16916167,26.41498667,13.332
     -80.16917167,26.41498500,13.432
     -80.16917167,26.41498500,13.432
     -80.16920333,26.41499333,12.232
     -80.16922500,26.41500333,11.232
     -80.16924667,26.41502000,11.032
     -80.16927333,26.41503333,10.732
     -80.16930833,26.41505833,11.232
     -80.16934167,26.41508833,12.331
     -80.16938000,26.41512333,13.031
     -80.16941667,26.41515500,13.031
     -80.16944667,26.41518833,13.631
     -80.16948333,26.41521833,13.731
     -80.16953833,26.41524000,13.131
     -80.16960667,26.41525833,12.630
     -80.16967667,26.41527500,13.130
     -80.16974833,26.41528167,13.130
     -80.16981667,26.41527500,12.630
     -80.16989000,26.41526333,12.729
     -80.16995500,26.41524500,13.429
     -80.17001333,26.41522833,14.729
     -80.17007167,26.41521833,14.628
     -80.17012833,26.41519833,14.428
     -80.17018500,26.41518167,14.028
     -80.17025167,26.41516333,14.128
     -80.17031500,26.41515167,14.127
     -80.17037667,26.41513500,13.527
     -80.17043500,26.41512833,13.527
     -80.17049500,26.41512167,13.227
     -80.17055500,26.41512000,12.126
     -80.17062833,26.41511500,11.726
     -80.17070167,26.41510667,10.726
     -80.17074833,26.41508833,10.126
     -80.17077333,26.41505000,9.326
     -80.17078333,26.41500167,9.225
     -80.17079333,26.41494667,9.325
     -80.17079333,26.41489833,9.925
     -80.17079167,26.41484333,10.525
     -80.17078833,26.41477833,10.925
     -80.17079500,26.41472333,12.225
     -80.17080000,26.41466833,13.025
     -80.17079833,26.41460500,13.325
     -80.17080333,26.41454500,12.725
     -80.17080333,26.41447833,11.925
     -80.17080500,26.41441667,11.925
     -80.17079833,26.41436000,12.125
     -80.17079667,26.41430167,12.525
     -80.17079833,26.41423500,12.625
     -80.17078833,26.41417333,12.925
     -80.17078667,26.41411667,14.425
     -80.17077667,26.41406000,15.025
     -80.17076333,26.41400500,15.125
     -80.17075667,26.41394167,15.825
     -80.17076500,26.41387000,15.125
     -80.17076833,26.41379833,15.525
     -80.17076667,26.41372500,15.825
     -80.17076167,26.41365000,16.025
     -80.17075500,26.41358000,17.125
     -80.17075000,26.41350667,17.225
     -80.17074167,26.41343667,17.225
     -80.17074500,26.41337167,18.125
     -80.17074667,26.41331333,18.525
     -80.17074833,26.41325667,19.225
     -80.17074667,26.41320000,18.525
     -80.17073500,26.41315167,17.525
     -80.17072667,26.41310000,17.725
     -80.17072167,26.41303667,18.225
     -80.17071333,26.41297667,18.525
     -80.17071167,26.41292167,19.325
     -80.17070333,26.41286667,20.025
     -80.17070500,26.41281000,20.725
     -80.17071833,26.41275167,20.824
     -80.17073000,26.41268833,20.724
     -80.17073167,26.41263667,20.724
     -80.17072333,26.41257500,21.324
     -80.17071500,26.41251167,22.424
     -80.17071500,26.41244833,21.824
     -80.17071167,26.41238333,21.024
     -80.17070833,26.41231833,20.524
     -80.17070667,26.41224667,20.724
     -80.17070333,26.41217667,20.324
     -80.17070167,26.41211000,18.524
     -80.17069167,26.41204500,17.124
     -80.17068167,26.41198000,16.024
     -80.17067833,26.41190667,15.524
     -80.17068667,26.41184333,15.124
     -80.17069167,26.41178333,15.724
     -80.17068667,26.41172167,16.924
     -80.17067500,26.41165667,16.924
     -80.17067667,26.41159500,16.424
     -80.17067167,26.41152833,16.124
     -80.17066667,26.41145667,15.924
     -80.17067333,26.41139667,15.824
     -80.17068333,26.41133000,15.524
     -80.17069667,26.41126833,14.424
     -80.17070500,26.41122000,13.824
     -80.17070833,26.41116333,12.824
     -80.17069500,26.41109500,12.724
     -80.17068667,26.41102333,12.424
     -80.17068500,26.41094833,12.124
     -80.17069333,26.41088000,11.523
     -80.17069333,26.41081333,11.423
     -80.17069000,26.41074833,12.223
     -80.17068167,26.41069167,13.923
     -80.17067500,26.41062833,14.023
     -80.17067667,26.41056500,13.323
     -80.17068333,26.41049333,13.123
     -80.17069000,26.41042333,13.723
     -80.17068667,26.41035333,14.023
     -80.17068167,26.41029000,14.323
     -80.17068167,26.41022333,14.623
     -80.17069000,26.41016000,13.723
     -80.17069500,26.41009167,14.023
     -80.17070833,26.41001833,14.423
     -80.17071667,26.40994333,14.223
     -80.17071667,26.40988167,14.223
     -80.17071333,26.40982167,14.523
     -80.17071167,26.40976000,13.823
     -80.17070667,26.40970833,14.623
     -80.17069667,26.40965833,15.523
     -80.17068500,26.40961667,14.923
     -80.17065500,26.40958333,14.623
     -80.17061667,26.40956667,14.523
     -80.17057000,26.40956833,14.223
     -80.17052500,26.40957667,14.223
     -80.17048000,26.40958000,14.624
     -80.17044667,26.40958833,15.024
     -80.17041667,26.40958833,14.724
     -80.17040000,26.40958500,14.424
     -80.17038667,26.40958000,13.624
     -80.17037333,26.40958000,13.424
     -80.17036333,26.40958167,12.824
     -80.17035833,26.40958167,12.824
     -80.17035667,26.40958000,12.924
     -80.17035667,26.40958000,12.924
     -80.17035667,26.40958000,12.924
     -80.17035667,26.40958000,12.924
     -80.17035667,26.40958000,12.924
     -80.17035667,26.40958000,12.924
     -80.17035667,26.40958000,12.924
     -80.17035667,26.40958000,12.924
     -80.17035667,26.40958000,12.924
     -80.17035667,26.40958000,12.924
     -80.17035667,26.40958000,12.924
     -80.17035667,26.40958000,12.924
     -80.17035667,26.40958000,12.924
     -80.17035667,26.40958000,12.924
     -80.17035667,26.40958000,12.924
     -80.17035667,26.40958000,12.924
     -80.17035667,26.40958000,12.924
     -80.17035667,26.40958000,12.924
     -80.17035667,26.40958000,12.924
     -80.17035667,26.40958000,12.924
     -80.17035667,26.40958000,12.924
     -80.17031500,26.40958500,12.924
     -80.17027333,26.40958167,12.424
     -80.17022333,26.40958000,11.825
     -80.17016833,26.40957500,12.325
     -80.17010500,26.40958500,11.725
     -80.17004333,26.40958333,11.125
     -80.16997667,26.40958833,11.326
     -80.16990667,26.40959667,11.726
     -80.16983667,26.40960333,11.526
     -80.16976500,26.40960500,11.727
     -80.16969667,26.40960167,12.627
     -80.16961833,26.40960667,12.927
     -80.16954500,26.40960500,12.928
     -80.16947000,26.40961167,13.328
     -80.16940667,26.40961333,12.328
     -80.16934000,26.40961833,12.828
     -80.16928167,26.40962000,13.129
     -80.16922333,26.40962500,13.129
     -80.16916833,26.40963000,13.529
     -80.16912500,26.40963833,13.329
     -80.16908167,26.40964167,13.529
     -80.16904333,26.40965000,13.430
     -80.16901000,26.40965833,13.230
     -80.16897833,26.40966000,12.530
     -80.16894833,26.40966333,11.530
     -80.16892333,26.40966000,10.730
     -80.16889833,26.40965833,10.230
     -80.16887500,26.40965500,10.130
     -80.16885167,26.40965500,10.430
     -80.16883000,26.40965667,10.130
     -80.16881000,26.40965833,9.931
     -80.16879000,26.40966000,10.031
     -80.16877333,26.40966333,10.231
     -80.16875833,26.40966500,10.431
     -80.16875000,26.40966833,11.031
     -80.16874000,26.40967000,11.631
     -80.16873167,26.40967333,11.931
     -80.16871833,26.40967500,12.531
     -80.16870000,26.40968167,13.031
     -80.16867833,26.40968333,13.531
     -80.16865333,26.40968333,13.731
     -80.16861833,26.40968167,14.231
     -80.16857833,26.40967667,14.832
     -80.16854167,26.40966500,14.932
     -80.16849833,26.40965333,15.032
     -80.16844833,26.40964167,15.032
     -80.16839667,26.40963167,15.332
     -80.16834667,26.40962333,15.032
     -80.16829000,26.40961833,14.833
     -80.16823500,26.40960833,15.133
     -80.16817500,26.40959000,14.933
     -80.16810667,26.40958167,15.033
     -80.16803000,26.40958167,15.834
     -80.16795000,26.40959667,15.534
     -80.16788333,26.40962333,15.734
     -80.16783000,26.40965667,15.235
     -80.16778000,26.40968667,15.535
     -80.16772833,26.40971333,15.935
     -80.16766833,26.40972167,16.835
     -80.16760833,26.40972500,16.936
     -80.16755000,26.40972833,17.436
     -80.16749167,26.40972667,17.336
     -80.16743167,26.40972667,17.436
     -80.16737333,26.40971333,17.237
     -80.16731500,26.40968833,16.937
     -80.16725167,26.40966000,17.537
     -80.16718833,26.40964333,18.037
     -80.16712167,26.40963833,17.938
     -80.16706333,26.40964500,17.538
     -80.16700333,26.40965167,17.138
     -80.16694500,26.40965167,16.438
     -80.16688500,26.40965000,16.539
     -80.16684167,26.40966667,17.739
     -80.16681333,26.40969500,18.739
     -80.16679500,26.40971833,19.239
     -80.16677667,26.40974333,19.339
     -80.16675833,26.40976167,19.439
     -80.16673667,26.40978500,19.539
     -80.16672167,26.40980667,19.239
     -80.16671000,26.40983000,19.239
     -80.16670500,26.40984500,17.839
     -80.16669667,26.40985833,16.939
     -80.16669167,26.40987333,16.739
     -80.16668667,26.40988500,16.939
     -80.16668500,26.40989167,17.439
     -80.16668500,26.40989500,17.539
     -80.16668833,26.40989500,17.639
     -80.16668833,26.40989500,17.639
     -80.16668833,26.40989500,17.639
     -80.16668833,26.40989500,17.639
     -80.16668833,26.40989500,17.639
     -80.16668833,26.40989500,17.639
     -80.16668833,26.40989500,17.639
     -80.16668833,26.40989500,17.639
     -80.16668833,26.40989500,17.639
     -80.16668833,26.40989500,17.639
     -80.16668833,26.40989500,17.639
     -80.16668833,26.40989500,17.639
     -80.16668833,26.40989500,17.639
     -80.16668833,26.40989500,17.639
     -80.16668833,26.40989500,17.639
     -80.16668833,26.40989500,17.639
     -80.16668833,26.40989500,17.639
     -80.16668833,26.40989500,17.639
     -80.16668833,26.40989500,17.639
     -80.16668833,26.40989500,17.639
     -80.16668833,26.40989500,17.639
     -80.16668833,26.40989500,17.639
     -80.16668833,26.40989500,17.639
     -80.16668833,26.40989500,17.639
     -80.16668833,26.40989500,17.639
     -80.16668833,26.40989500,17.639
     -80.16668833,26.40989500,17.639
     -80.16668833,26.40989500,17.639
     -80.16668833,26.40989500,17.639
     -80.16668833,26.40989500,17.639
     -80.16668833,26.40989500,17.639
     -80.16668833,26.40989500,17.639
     -80.16668833,26.40989500,17.639
     -80.16668833,26.40989500,17.639
     -80.16668833,26.40989500,17.639
     -80.16668833,26.40989500,17.639
     -80.16668833,26.40989500,17.639
     -80.16668833,26.40989500,17.639
     -80.16668833,26.40989500,17.639
     -80.16668833,26.40989500,17.639
     -80.16668833,26.40989500,17.639
     -80.16668833,26.40989500,17.639
     -80.16668833,26.40989500,17.639
     -80.16668833,26.40989500,17.639
     -80.16668833,26.40989500,17.639
     -80.16668833,26.40989500,17.639
     -80.16668833,26.40989500,17.639
     -80.16668833,26.40989500,17.639
     -80.16668833,26.40989500,17.639
     -80.16668833,26.40989500,17.639
     -80.16668833,26.40989500,17.639
     -80.16668833,26.40989500,17.639
     -80.16668833,26.40989500,17.639
     -80.16668833,26.40989500,17.639
     -80.16668833,26.40989500,17.639
     -80.16668833,26.40989500,17.639
     -80.16668833,26.40989500,17.639
     -80.16668833,26.40989500,17.639
     -80.16668833,26.40989500,17.639
     -80.16668833,26.40989500,17.639
     -80.16668833,26.40989500,17.639
     -80.16668833,26.40989500,17.639
     -80.16668833,26.40989500,17.639
     -80.16668833,26.40989500,17.639
     -80.16668833,26.40989500,17.639
     -80.16668833,26.40989500,17.639
     -80.16668833,26.40989500,17.639
     -80.16668833,26.40989500,17.639
     -80.16668833,26.40989500,17.639
     -80.16668833,26.40989500,17.639
     -80.16668833,26.40989500,17.639
     -80.16668833,26.40989500,17.639
     -80.16668833,26.40989500,17.639
     -80.16668833,26.40989500,17.639
     -80.16668833,26.40989500,17.639
     -80.16668833,26.40989500,17.639
     -80.16668833,26.40989500,17.639
     -80.16668833,26.40989500,17.639
     -80.16668833,26.40989500,17.639
     -80.16668833,26.40989500,17.639
     -80.16668833,26.40989500,17.639
     -80.16668833,26.40989500,17.639
     -80.16668833,26.40989500,17.639
     -80.16668833,26.40989500,17.639
     -80.16668833,26.40989500,17.639
     -80.16668833,26.40989500,17.639
     -80.16668833,26.40989500,17.639
     -80.16668833,26.40989500,17.639
     -80.16668833,26.40989500,17.639
     -80.16668833,26.40989500,17.639
     -80.16668833,26.40989500,17.639
     -80.16668833,26.40989500,17.639
     -80.16668833,26.40989500,17.639
     -80.16668833,26.40989500,17.639
     -80.16668833,26.40989500,17.639
     -80.16668833,26.40989500,17.639
     -80.16668833,26.40989500,17.639
     -80.16668833,26.40989500,17.639
     -80.16668833,26.40989500,17.639
     -80.16668833,26.40989500,17.639
     -80.16668833,26.40989500,17.639
     -80.16668833,26.40989500,17.639
     -80.16668833,26.40989500,17.639
     -80.16668833,26.40989500,17.639
     -80.16668833,26.40989500,17.639
     -80.16668833,26.40989500,17.639
     -80.16668833,26.40989500,17.639
     -80.16668833,26.40989500,17.639
     -80.16668833,26.40989500,17.639
     -80.16668833,26.40989500,17.639
     -80.16668833,26.40989500,17.639
     -80.16668833,26.40989500,17.639
     -80.16668833,26.40989500,17.639
     -80.16668833,26.40989500,17.639
     -80.16668833,26.40989500,17.639
     -80.16668833,26.40989500,17.639
     -80.16668833,26.40989500,17.639
     -80.16668833,26.40989500,17.639
     -80.16668833,26.40989500,17.639
     -80.16668833,26.40989500,17.639
     -80.16668833,26.40989500,17.639
     -80.16668833,26.40989500,17.639
     -80.16668833,26.40989500,17.639
     -80.16668833,26.40989500,17.639
     -80.16668833,26.40989500,17.639
     -80.16659333,26.40989833,25.640
     -80.16659167,26.40990167,25.640
     -80.16658833,26.40990167,25.740
     -80.16658667,26.40990000,25.740
     -80.16658667,26.40990000,25.740
     -80.16658667,26.40990000,25.740
     -80.16658667,26.40990000,25.740
     -80.16658667,26.40990000,25.740
     -80.16658667,26.40990000,25.740
     -80.16658667,26.40990000,25.740
    </coordinates>
   </LineString>
  </Placemark>

 </Document>
</kml>
 