<?xml version="1.0" encoding="UTF-8"?>
<!-- Created with BasicAirData GPS Logger for Android - ver. 3.3.0 -->
<!-- Track 6 = 975 TrackPoints + 2 Placemarks -->

<!-- Track Statistics (based on Total Time | Time in Movement): -->
<!--  Distance = 1.20 km -->
<!--  Duration = 16:14 | 07:28 -->
<!--  Altitude Gap = -11 m -->
<!--  Max Speed = 8 mph -->
<!--  Avg Speed = 2.8 | 6.0 mph -->
<!--  Direction = W -->
<!--  Activity = running -->
<!--  Altitudes = Corrected using EGM96 grid (bilinear interpolation) -->

<gpx version="1.0"
     creator="BasicAirData GPS Logger 3.3.0"
     xmlns="http://www.topografix.com/GPX/1/0"
     xmlns:xsi="http://www.w3.org/2001/XMLSchema-instance"
     xsi:schemaLocation="http://www.topografix.com/GPX/1/0 http://www.topografix.com/GPX/1/0/gpx.xsd">
<name>GPS Logger 20260718-125025</name>
<desc>Garbage-ST-3</desc>
<time>2026-07-21T17:17:26Z</time>
<keywords>running</keywords>
<bounds minlat="26.41453833" minlon="-80.17015500" maxlat="26.41737500" maxlon="-80.16351667" />

<wpt lat="26.41607333" lon="-80.16456500"><ele>28.052</ele><time>2026-07-18T16:50:25Z</time><name>Garbage</name><sat>14</sat></wpt>

<wpt lat="26.41656833" lon="-80.17012167"><ele>16.629</ele><time>2026-07-18T17:06:28Z</time><name>Site3</name><sat>14</sat></wpt>

<trk>
 <name>Track 20260718-125025</name>
 <trkseg>
  <trkpt lat="26.41607333" lon="-80.16456500"><ele>28.052</ele><time>2026-07-18T16:50:25Z</time><speed>0.000</speed><sat>14</sat></trkpt>
  <trkpt lat="26.41607333" lon="-80.16456500"><ele>28.052</ele><time>2026-07-18T16:50:26Z</time><speed>0.000</speed><sat>14</sat></trkpt>
  <trkpt lat="26.41607333" lon="-80.16456500"><ele>28.052</ele><time>2026-07-18T16:50:27Z</time><speed>0.000</speed><sat>14</sat></trkpt>
  <trkpt lat="26.41607333" lon="-80.16456500"><ele>28.052</ele><time>2026-07-18T16:50:28Z</time><speed>0.000</speed><sat>13</sat></trkpt>
  <trkpt lat="26.41607333" lon="-80.16456500"><ele>28.052</ele><time>2026-07-18T16:50:29Z</time><speed>0.000</speed><sat>13</sat></trkpt>
  <trkpt lat="26.41607333" lon="-80.16456500"><ele>28.052</ele><time>2026-07-18T16:50:30Z</time><speed>0.000</speed><sat>13</sat></trkpt>
  <trkpt lat="26.41607333" lon="-80.16456500"><ele>28.052</ele><time>2026-07-18T16:50:31Z</time><speed>0.000</speed><sat>13</sat></trkpt>
  <trkpt lat="26.41607333" lon="-80.16456500"><ele>28.052</ele><time>2026-07-18T16:50:32Z</time><speed>0.000</speed><sat>13</sat></trkpt>
  <trkpt lat="26.41607333" lon="-80.16456500"><ele>28.052</ele><time>2026-07-18T16:50:33Z</time><speed>0.000</speed><sat>14</sat></trkpt>
  <trkpt lat="26.41607333" lon="-80.16456500"><ele>28.052</ele><time>2026-07-18T16:50:34Z</time><speed>0.000</speed><sat>14</sat></trkpt>
  <trkpt lat="26.41607333" lon="-80.16456500"><ele>28.052</ele><time>2026-07-18T16:50:35Z</time><speed>0.000</speed><sat>14</sat></trkpt>
  <trkpt lat="26.41607333" lon="-80.16456500"><ele>28.052</ele><time>2026-07-18T16:50:36Z</time><speed>0.000</speed><sat>14</sat></trkpt>
  <trkpt lat="26.41607333" lon="-80.16456500"><ele>28.052</ele><time>2026-07-18T16:50:37Z</time><speed>0.000</speed><sat>14</sat></trkpt>
  <trkpt lat="26.41607333" lon="-80.16456500"><ele>28.052</ele><time>2026-07-18T16:50:38Z</time><speed>0.000</speed><sat>14</sat></trkpt>
  <trkpt lat="26.41607000" lon="-80.16454167"><ele>26.752</ele><time>2026-07-18T16:50:39Z</time><speed>0.263</speed><sat>14</sat></trkpt>
  <trkpt lat="26.41606833" lon="-80.16454000"><ele>26.052</ele><time>2026-07-18T16:50:40Z</time><speed>0.000</speed><sat>14</sat></trkpt>
  <trkpt lat="26.41606667" lon="-80.16454167"><ele>25.352</ele><time>2026-07-18T16:50:41Z</time><speed>0.000</speed><sat>14</sat></trkpt>
  <trkpt lat="26.41606333" lon="-80.16454333"><ele>24.752</ele><time>2026-07-18T16:50:42Z</time><speed>0.000</speed><sat>14</sat></trkpt>
  <trkpt lat="26.41606333" lon="-80.16454333"><ele>24.752</ele><time>2026-07-18T16:50:43Z</time><speed>0.000</speed><sat>14</sat></trkpt>
  <trkpt lat="26.41605500" lon="-80.16454333"><ele>23.652</ele><time>2026-07-18T16:50:44Z</time><speed>0.000</speed><sat>14</sat></trkpt>
  <trkpt lat="26.41605667" lon="-80.16454667"><ele>23.152</ele><time>2026-07-18T16:50:45Z</time><speed>0.429</speed><sat>14</sat></trkpt>
  <trkpt lat="26.41604833" lon="-80.16455000"><ele>22.852</ele><time>2026-07-18T16:50:46Z</time><speed>0.450</speed><sat>14</sat></trkpt>
  <trkpt lat="26.41605167" lon="-80.16455833"><ele>22.652</ele><time>2026-07-18T16:50:47Z</time><speed>0.435</speed><sat>14</sat></trkpt>
  <trkpt lat="26.41605167" lon="-80.16456667"><ele>22.552</ele><time>2026-07-18T16:50:48Z</time><speed>0.434</speed><sat>14</sat></trkpt>
  <trkpt lat="26.41605000" lon="-80.16457333"><ele>22.552</ele><time>2026-07-18T16:50:49Z</time><speed>0.000</speed><sat>14</sat></trkpt>
  <trkpt lat="26.41605000" lon="-80.16458167"><ele>22.452</ele><time>2026-07-18T16:50:50Z</time><speed>0.000</speed><sat>14</sat></trkpt>
  <trkpt lat="26.41604833" lon="-80.16458833"><ele>22.252</ele><time>2026-07-18T16:50:51Z</time><speed>0.000</speed><sat>14</sat></trkpt>
  <trkpt lat="26.41604833" lon="-80.16459500"><ele>22.052</ele><time>2026-07-18T16:50:52Z</time><speed>0.367</speed><sat>14</sat></trkpt>
  <trkpt lat="26.41604833" lon="-80.16460167"><ele>21.851</ele><time>2026-07-18T16:50:53Z</time><speed>0.364</speed><sat>14</sat></trkpt>
  <trkpt lat="26.41604833" lon="-80.16460500"><ele>21.751</ele><time>2026-07-18T16:50:54Z</time><speed>0.353</speed><sat>13</sat></trkpt>
  <trkpt lat="26.41604833" lon="-80.16460500"><ele>21.651</ele><time>2026-07-18T16:50:55Z</time><speed>0.000</speed><sat>13</sat></trkpt>
  <trkpt lat="26.41604667" lon="-80.16460667"><ele>21.551</ele><time>2026-07-18T16:50:56Z</time><speed>0.000</speed><sat>13</sat></trkpt>
  <trkpt lat="26.41604333" lon="-80.16460667"><ele>21.851</ele><time>2026-07-18T16:50:57Z</time><speed>0.000</speed><sat>12</sat></trkpt>
  <trkpt lat="26.41604333" lon="-80.16460667"><ele>21.851</ele><time>2026-07-18T16:50:58Z</time><speed>0.000</speed><sat>12</sat></trkpt>
  <trkpt lat="26.41604333" lon="-80.16460667"><ele>21.851</ele><time>2026-07-18T16:50:59Z</time><speed>0.000</speed><sat>12</sat></trkpt>
  <trkpt lat="26.41604333" lon="-80.16460667"><ele>21.851</ele><time>2026-07-18T16:51:00Z</time><speed>0.000</speed><sat>13</sat></trkpt>
  <trkpt lat="26.41604333" lon="-80.16460667"><ele>21.851</ele><time>2026-07-18T16:51:01Z</time><speed>0.000</speed><sat>13</sat></trkpt>
  <trkpt lat="26.41604333" lon="-80.16460667"><ele>21.851</ele><time>2026-07-18T16:51:02Z</time><speed>0.000</speed><sat>13</sat></trkpt>
  <trkpt lat="26.41604333" lon="-80.16460667"><ele>21.851</ele><time>2026-07-18T16:51:03Z</time><speed>0.000</speed><sat>13</sat></trkpt>
  <trkpt lat="26.41604333" lon="-80.16460667"><ele>21.851</ele><time>2026-07-18T16:51:04Z</time><speed>0.000</speed><sat>13</sat></trkpt>
  <trkpt lat="26.41604333" lon="-80.16460667"><ele>21.851</ele><time>2026-07-18T16:51:05Z</time><speed>0.000</speed><sat>13</sat></trkpt>
  <trkpt lat="26.41604333" lon="-80.16460667"><ele>21.851</ele><time>2026-07-18T16:51:06Z</time><speed>0.000</speed><sat>13</sat></trkpt>
  <trkpt lat="26.41604333" lon="-80.16460667"><ele>21.851</ele><time>2026-07-18T16:51:07Z</time><speed>0.000</speed><sat>13</sat></trkpt>
  <trkpt lat="26.41604333" lon="-80.16460667"><ele>21.851</ele><time>2026-07-18T16:51:08Z</time><speed>0.000</speed><sat>13</sat></trkpt>
  <trkpt lat="26.41604333" lon="-80.16460667"><ele>21.851</ele><time>2026-07-18T16:51:09Z</time><speed>0.000</speed><sat>13</sat></trkpt>
  <trkpt lat="26.41604333" lon="-80.16460667"><ele>21.851</ele><time>2026-07-18T16:51:10Z</time><speed>0.000</speed><sat>13</sat></trkpt>
  <trkpt lat="26.41604333" lon="-80.16460667"><ele>21.851</ele><time>2026-07-18T16:51:11Z</time><speed>0.000</speed><sat>13</sat></trkpt>
  <trkpt lat="26.41604333" lon="-80.16460667"><ele>21.851</ele><time>2026-07-18T16:51:12Z</time><speed>0.000</speed><sat>13</sat></trkpt>
  <trkpt lat="26.41604333" lon="-80.16460667"><ele>21.851</ele><time>2026-07-18T16:51:13Z</time><speed>0.000</speed><sat>13</sat></trkpt>
  <trkpt lat="26.41604333" lon="-80.16460667"><ele>21.851</ele><time>2026-07-18T16:51:14Z</time><speed>0.000</speed><sat>13</sat></trkpt>
  <trkpt lat="26.41604333" lon="-80.16460667"><ele>21.851</ele><time>2026-07-18T16:51:15Z</time><speed>0.000</speed><sat>12</sat></trkpt>
  <trkpt lat="26.41607333" lon="-80.16456667"><ele>20.152</ele><time>2026-07-18T16:51:16Z</time><speed>0.235</speed><sat>13</sat></trkpt>
  <trkpt lat="26.41606833" lon="-80.16456667"><ele>20.352</ele><time>2026-07-18T16:51:17Z</time><speed>0.273</speed><sat>13</sat></trkpt>
  <trkpt lat="26.41606667" lon="-80.16456667"><ele>20.452</ele><time>2026-07-18T16:51:18Z</time><speed>0.000</speed><sat>13</sat></trkpt>
  <trkpt lat="26.41606500" lon="-80.16456667"><ele>20.052</ele><time>2026-07-18T16:51:19Z</time><speed>0.000</speed><sat>13</sat></trkpt>
  <trkpt lat="26.41605667" lon="-80.16456500"><ele>20.352</ele><time>2026-07-18T16:51:20Z</time><speed>0.000</speed><sat>13</sat></trkpt>
  <trkpt lat="26.41605667" lon="-80.16456500"><ele>20.352</ele><time>2026-07-18T16:51:21Z</time><speed>0.000</speed><sat>13</sat></trkpt>
  <trkpt lat="26.41605667" lon="-80.16456500"><ele>20.352</ele><time>2026-07-18T16:51:22Z</time><speed>0.000</speed><sat>13</sat></trkpt>
  <trkpt lat="26.41605667" lon="-80.16456500"><ele>20.352</ele><time>2026-07-18T16:51:23Z</time><speed>0.000</speed><sat>13</sat></trkpt>
  <trkpt lat="26.41605667" lon="-80.16456500"><ele>20.352</ele><time>2026-07-18T16:51:24Z</time><speed>0.000</speed><sat>13</sat></trkpt>
  <trkpt lat="26.41605667" lon="-80.16456500"><ele>20.352</ele><time>2026-07-18T16:51:25Z</time><speed>0.000</speed><sat>13</sat></trkpt>
  <trkpt lat="26.41605667" lon="-80.16456500"><ele>20.352</ele><time>2026-07-18T16:51:26Z</time><speed>0.000</speed><sat>13</sat></trkpt>
  <trkpt lat="26.41605667" lon="-80.16456500"><ele>20.352</ele><time>2026-07-18T16:51:27Z</time><speed>0.000</speed><sat>13</sat></trkpt>
  <trkpt lat="26.41605667" lon="-80.16456500"><ele>20.352</ele><time>2026-07-18T16:51:28Z</time><speed>0.000</speed><sat>13</sat></trkpt>
  <trkpt lat="26.41605667" lon="-80.16456500"><ele>20.352</ele><time>2026-07-18T16:51:29Z</time><speed>0.000</speed><sat>12</sat></trkpt>
  <trkpt lat="26.41606333" lon="-80.16454000"><ele>17.852</ele><time>2026-07-18T16:51:30Z</time><speed>0.228</speed><sat>12</sat></trkpt>
  <trkpt lat="26.41606667" lon="-80.16453333"><ele>17.652</ele><time>2026-07-18T16:51:31Z</time><speed>0.258</speed><sat>12</sat></trkpt>
  <trkpt lat="26.41606833" lon="-80.16452833"><ele>17.452</ele><time>2026-07-18T16:51:32Z</time><speed>0.303</speed><sat>12</sat></trkpt>
  <trkpt lat="26.41607500" lon="-80.16452667"><ele>17.552</ele><time>2026-07-18T16:51:33Z</time><speed>0.346</speed><sat>12</sat></trkpt>
  <trkpt lat="26.41608333" lon="-80.16453167"><ele>17.352</ele><time>2026-07-18T16:51:34Z</time><speed>0.000</speed><sat>12</sat></trkpt>
  <trkpt lat="26.41608833" lon="-80.16453667"><ele>17.652</ele><time>2026-07-18T16:51:35Z</time><speed>0.000</speed><sat>12</sat></trkpt>
  <trkpt lat="26.41609000" lon="-80.16454333"><ele>17.652</ele><time>2026-07-18T16:51:36Z</time><speed>0.000</speed><sat>12</sat></trkpt>
  <trkpt lat="26.41609000" lon="-80.16454333"><ele>17.652</ele><time>2026-07-18T16:51:37Z</time><speed>0.000</speed><sat>12</sat></trkpt>
  <trkpt lat="26.41609500" lon="-80.16455500"><ele>17.152</ele><time>2026-07-18T16:51:38Z</time><speed>0.469</speed><sat>12</sat></trkpt>
  <trkpt lat="26.41609833" lon="-80.16455667"><ele>16.952</ele><time>2026-07-18T16:51:39Z</time><speed>0.474</speed><sat>12</sat></trkpt>
  <trkpt lat="26.41609667" lon="-80.16456333"><ele>16.452</ele><time>2026-07-18T16:51:40Z</time><speed>0.476</speed><sat>12</sat></trkpt>
  <trkpt lat="26.41609667" lon="-80.16457000"><ele>16.252</ele><time>2026-07-18T16:51:41Z</time><speed>0.485</speed><sat>12</sat></trkpt>
  <trkpt lat="26.41609000" lon="-80.16457667"><ele>16.052</ele><time>2026-07-18T16:51:42Z</time><speed>0.483</speed><sat>12</sat></trkpt>
  <trkpt lat="26.41608333" lon="-80.16458667"><ele>15.552</ele><time>2026-07-18T16:51:43Z</time><speed>0.492</speed><sat>12</sat></trkpt>
  <trkpt lat="26.41608000" lon="-80.16459667"><ele>15.352</ele><time>2026-07-18T16:51:44Z</time><speed>0.532</speed><sat>12</sat></trkpt>
  <trkpt lat="26.41607167" lon="-80.16459833"><ele>15.052</ele><time>2026-07-18T16:51:45Z</time><speed>0.537</speed><sat>12</sat></trkpt>
  <trkpt lat="26.41607500" lon="-80.16460000"><ele>14.452</ele><time>2026-07-18T16:51:46Z</time><speed>0.554</speed><sat>12</sat></trkpt>
  <trkpt lat="26.41607500" lon="-80.16459500"><ele>14.152</ele><time>2026-07-18T16:51:47Z</time><speed>0.524</speed><sat>13</sat></trkpt>
  <trkpt lat="26.41607500" lon="-80.16459167"><ele>14.152</ele><time>2026-07-18T16:51:48Z</time><speed>0.478</speed><sat>13</sat></trkpt>
  <trkpt lat="26.41607500" lon="-80.16458833"><ele>14.152</ele><time>2026-07-18T16:51:49Z</time><speed>0.442</speed><sat>13</sat></trkpt>
  <trkpt lat="26.41607667" lon="-80.16458167"><ele>14.152</ele><time>2026-07-18T16:51:50Z</time><speed>0.415</speed><sat>13</sat></trkpt>
  <trkpt lat="26.41608333" lon="-80.16458167"><ele>13.952</ele><time>2026-07-18T16:51:51Z</time><speed>0.000</speed><sat>13</sat></trkpt>
  <trkpt lat="26.41608333" lon="-80.16458000"><ele>13.952</ele><time>2026-07-18T16:51:52Z</time><speed>0.000</speed><sat>13</sat></trkpt>
  <trkpt lat="26.41608667" lon="-80.16458000"><ele>13.952</ele><time>2026-07-18T16:51:53Z</time><speed>0.000</speed><sat>13</sat></trkpt>
  <trkpt lat="26.41608667" lon="-80.16458000"><ele>13.952</ele><time>2026-07-18T16:51:54Z</time><speed>0.000</speed><sat>13</sat></trkpt>
  <trkpt lat="26.41608667" lon="-80.16458000"><ele>13.952</ele><time>2026-07-18T16:51:55Z</time><speed>0.000</speed><sat>13</sat></trkpt>
  <trkpt lat="26.41608667" lon="-80.16458000"><ele>13.952</ele><time>2026-07-18T16:51:56Z</time><speed>0.000</speed><sat>13</sat></trkpt>
  <trkpt lat="26.41608667" lon="-80.16458000"><ele>13.952</ele><time>2026-07-18T16:51:57Z</time><speed>0.000</speed><sat>13</sat></trkpt>
  <trkpt lat="26.41608667" lon="-80.16458000"><ele>13.952</ele><time>2026-07-18T16:51:58Z</time><speed>0.000</speed><sat>13</sat></trkpt>
  <trkpt lat="26.41608667" lon="-80.16458000"><ele>13.952</ele><time>2026-07-18T16:51:59Z</time><speed>0.000</speed><sat>13</sat></trkpt>
  <trkpt lat="26.41608667" lon="-80.16458000"><ele>13.952</ele><time>2026-07-18T16:52:00Z</time><speed>0.000</speed><sat>13</sat></trkpt>
  <trkpt lat="26.41608667" lon="-80.16458000"><ele>13.952</ele><time>2026-07-18T16:52:01Z</time><speed>0.000</speed><sat>13</sat></trkpt>
  <trkpt lat="26.41608667" lon="-80.16458000"><ele>13.952</ele><time>2026-07-18T16:52:02Z</time><speed>0.000</speed><sat>13</sat></trkpt>
  <trkpt lat="26.41608667" lon="-80.16458000"><ele>13.952</ele><time>2026-07-18T16:52:03Z</time><speed>0.000</speed><sat>13</sat></trkpt>
  <trkpt lat="26.41608667" lon="-80.16458000"><ele>13.952</ele><time>2026-07-18T16:52:04Z</time><speed>0.000</speed><sat>13</sat></trkpt>
  <trkpt lat="26.41608667" lon="-80.16458000"><ele>13.952</ele><time>2026-07-18T16:52:05Z</time><speed>0.000</speed><sat>13</sat></trkpt>
  <trkpt lat="26.41608667" lon="-80.16458000"><ele>13.952</ele><time>2026-07-18T16:52:06Z</time><speed>0.000</speed><sat>13</sat></trkpt>
  <trkpt lat="26.41608667" lon="-80.16458000"><ele>13.952</ele><time>2026-07-18T16:52:07Z</time><speed>0.000</speed><sat>13</sat></trkpt>
  <trkpt lat="26.41608667" lon="-80.16458000"><ele>13.952</ele><time>2026-07-18T16:52:08Z</time><speed>0.000</speed><sat>13</sat></trkpt>
  <trkpt lat="26.41608667" lon="-80.16458000"><ele>13.952</ele><time>2026-07-18T16:52:09Z</time><speed>0.000</speed><sat>13</sat></trkpt>
  <trkpt lat="26.41608667" lon="-80.16458000"><ele>13.952</ele><time>2026-07-18T16:52:10Z</time><speed>0.000</speed><sat>13</sat></trkpt>
  <trkpt lat="26.41608667" lon="-80.16458000"><ele>13.952</ele><time>2026-07-18T16:52:11Z</time><speed>0.000</speed><sat>13</sat></trkpt>
  <trkpt lat="26.41608667" lon="-80.16458000"><ele>13.952</ele><time>2026-07-18T16:52:12Z</time><speed>0.000</speed><sat>13</sat></trkpt>
  <trkpt lat="26.41608667" lon="-80.16458000"><ele>13.952</ele><time>2026-07-18T16:52:13Z</time><speed>0.000</speed><sat>13</sat></trkpt>
  <trkpt lat="26.41608667" lon="-80.16458000"><ele>13.952</ele><time>2026-07-18T16:52:14Z</time><speed>0.000</speed><sat>13</sat></trkpt>
  <trkpt lat="26.41608667" lon="-80.16458000"><ele>13.952</ele><time>2026-07-18T16:52:15Z</time><speed>0.000</speed><sat>13</sat></trkpt>
  <trkpt lat="26.41608667" lon="-80.16458000"><ele>13.952</ele><time>2026-07-18T16:52:16Z</time><speed>0.000</speed><sat>13</sat></trkpt>
  <trkpt lat="26.41608667" lon="-80.16458000"><ele>13.952</ele><time>2026-07-18T16:52:17Z</time><speed>0.000</speed><sat>13</sat></trkpt>
  <trkpt lat="26.41608667" lon="-80.16458000"><ele>13.952</ele><time>2026-07-18T16:52:18Z</time><speed>0.000</speed><sat>13</sat></trkpt>
  <trkpt lat="26.41608667" lon="-80.16458000"><ele>13.952</ele><time>2026-07-18T16:52:19Z</time><speed>0.000</speed><sat>13</sat></trkpt>
  <trkpt lat="26.41608667" lon="-80.16458000"><ele>13.952</ele><time>2026-07-18T16:52:20Z</time><speed>0.000</speed><sat>13</sat></trkpt>
  <trkpt lat="26.41608667" lon="-80.16458000"><ele>13.952</ele><time>2026-07-18T16:52:21Z</time><speed>0.000</speed><sat>13</sat></trkpt>
  <trkpt lat="26.41608667" lon="-80.16458000"><ele>13.952</ele><time>2026-07-18T16:52:22Z</time><speed>0.000</speed><sat>13</sat></trkpt>
  <trkpt lat="26.41608667" lon="-80.16458000"><ele>13.952</ele><time>2026-07-18T16:52:23Z</time><speed>0.000</speed><sat>13</sat></trkpt>
  <trkpt lat="26.41608667" lon="-80.16458000"><ele>13.952</ele><time>2026-07-18T16:52:24Z</time><speed>0.000</speed><sat>13</sat></trkpt>
  <trkpt lat="26.41608667" lon="-80.16458000"><ele>13.952</ele><time>2026-07-18T16:52:25Z</time><speed>0.000</speed><sat>13</sat></trkpt>
  <trkpt lat="26.41608667" lon="-80.16458000"><ele>13.952</ele><time>2026-07-18T16:52:26Z</time><speed>0.000</speed><sat>13</sat></trkpt>
  <trkpt lat="26.41608667" lon="-80.16458000"><ele>13.952</ele><time>2026-07-18T16:52:27Z</time><speed>0.000</speed><sat>13</sat></trkpt>
  <trkpt lat="26.41608667" lon="-80.16458000"><ele>13.952</ele><time>2026-07-18T16:52:28Z</time><speed>0.000</speed><sat>12</sat></trkpt>
  <trkpt lat="26.41608667" lon="-80.16458000"><ele>13.952</ele><time>2026-07-18T16:52:29Z</time><speed>0.000</speed><sat>12</sat></trkpt>
  <trkpt lat="26.41608667" lon="-80.16458000"><ele>13.952</ele><time>2026-07-18T16:52:30Z</time><speed>0.000</speed><sat>12</sat></trkpt>
  <trkpt lat="26.41608667" lon="-80.16458000"><ele>13.952</ele><time>2026-07-18T16:52:31Z</time><speed>0.000</speed><sat>12</sat></trkpt>
  <trkpt lat="26.41608667" lon="-80.16458000"><ele>13.952</ele><time>2026-07-18T16:52:32Z</time><speed>0.000</speed><sat>12</sat></trkpt>
  <trkpt lat="26.41608667" lon="-80.16458000"><ele>13.952</ele><time>2026-07-18T16:52:33Z</time><speed>0.000</speed><sat>12</sat></trkpt>
  <trkpt lat="26.41608667" lon="-80.16458000"><ele>13.952</ele><time>2026-07-18T16:52:34Z</time><speed>0.000</speed><sat>12</sat></trkpt>
  <trkpt lat="26.41608667" lon="-80.16458000"><ele>13.952</ele><time>2026-07-18T16:52:35Z</time><speed>0.000</speed><sat>13</sat></trkpt>
  <trkpt lat="26.41608667" lon="-80.16458000"><ele>13.952</ele><time>2026-07-18T16:52:36Z</time><speed>0.000</speed><sat>13</sat></trkpt>
  <trkpt lat="26.41608667" lon="-80.16458000"><ele>13.952</ele><time>2026-07-18T16:52:37Z</time><speed>0.000</speed><sat>13</sat></trkpt>
  <trkpt lat="26.41608667" lon="-80.16458000"><ele>13.952</ele><time>2026-07-18T16:52:38Z</time><speed>0.000</speed><sat>13</sat></trkpt>
  <trkpt lat="26.41608667" lon="-80.16458000"><ele>13.952</ele><time>2026-07-18T16:52:39Z</time><speed>0.000</speed><sat>13</sat></trkpt>
  <trkpt lat="26.41608667" lon="-80.16458000"><ele>13.952</ele><time>2026-07-18T16:52:40Z</time><speed>0.000</speed><sat>13</sat></trkpt>
  <trkpt lat="26.41608667" lon="-80.16458000"><ele>13.952</ele><time>2026-07-18T16:52:41Z</time><speed>0.000</speed><sat>13</sat></trkpt>
  <trkpt lat="26.41608667" lon="-80.16458000"><ele>13.952</ele><time>2026-07-18T16:52:42Z</time><speed>0.000</speed><sat>13</sat></trkpt>
  <trkpt lat="26.41608667" lon="-80.16458000"><ele>13.952</ele><time>2026-07-18T16:52:43Z</time><speed>0.000</speed><sat>13</sat></trkpt>
  <trkpt lat="26.41608667" lon="-80.16458000"><ele>13.952</ele><time>2026-07-18T16:52:44Z</time><speed>0.000</speed><sat>13</sat></trkpt>
  <trkpt lat="26.41608667" lon="-80.16458000"><ele>13.952</ele><time>2026-07-18T16:52:45Z</time><speed>0.000</speed><sat>13</sat></trkpt>
  <trkpt lat="26.41608667" lon="-80.16458000"><ele>13.952</ele><time>2026-07-18T16:52:46Z</time><speed>0.000</speed><sat>13</sat></trkpt>
  <trkpt lat="26.41608667" lon="-80.16458000"><ele>13.952</ele><time>2026-07-18T16:52:47Z</time><speed>0.000</speed><sat>13</sat></trkpt>
  <trkpt lat="26.41608667" lon="-80.16458000"><ele>13.952</ele><time>2026-07-18T16:52:48Z</time><speed>0.000</speed><sat>13</sat></trkpt>
  <trkpt lat="26.41608667" lon="-80.16458000"><ele>13.952</ele><time>2026-07-18T16:52:49Z</time><speed>0.000</speed><sat>13</sat></trkpt>
  <trkpt lat="26.41608667" lon="-80.16458000"><ele>13.952</ele><time>2026-07-18T16:52:50Z</time><speed>0.000</speed><sat>13</sat></trkpt>
  <trkpt lat="26.41608667" lon="-80.16458000"><ele>13.952</ele><time>2026-07-18T16:52:51Z</time><speed>0.000</speed><sat>13</sat></trkpt>
  <trkpt lat="26.41608667" lon="-80.16458000"><ele>13.952</ele><time>2026-07-18T16:52:52Z</time><speed>0.000</speed><sat>13</sat></trkpt>
  <trkpt lat="26.41608667" lon="-80.16458000"><ele>13.952</ele><time>2026-07-18T16:52:53Z</time><speed>0.000</speed><sat>12</sat></trkpt>
  <trkpt lat="26.41608667" lon="-80.16458000"><ele>13.952</ele><time>2026-07-18T16:52:54Z</time><speed>0.000</speed><sat>11</sat></trkpt>
  <trkpt lat="26.41608667" lon="-80.16458000"><ele>13.952</ele><time>2026-07-18T16:52:55Z</time><speed>0.000</speed><sat>11</sat></trkpt>
  <trkpt lat="26.41608667" lon="-80.16458000"><ele>13.952</ele><time>2026-07-18T16:52:56Z</time><speed>0.000</speed><sat>13</sat></trkpt>
  <trkpt lat="26.41608667" lon="-80.16458000"><ele>13.952</ele><time>2026-07-18T16:52:57Z</time><speed>0.000</speed><sat>13</sat></trkpt>
  <trkpt lat="26.41608667" lon="-80.16458000"><ele>13.952</ele><time>2026-07-18T16:52:58Z</time><speed>0.000</speed><sat>13</sat></trkpt>
  <trkpt lat="26.41608667" lon="-80.16458000"><ele>13.952</ele><time>2026-07-18T16:52:59Z</time><speed>0.000</speed><sat>13</sat></trkpt>
  <trkpt lat="26.41608667" lon="-80.16458000"><ele>13.952</ele><time>2026-07-18T16:53:00Z</time><speed>0.000</speed><sat>13</sat></trkpt>
  <trkpt lat="26.41608667" lon="-80.16458000"><ele>13.952</ele><time>2026-07-18T16:53:01Z</time><speed>0.000</speed><sat>13</sat></trkpt>
  <trkpt lat="26.41608667" lon="-80.16458000"><ele>13.952</ele><time>2026-07-18T16:53:02Z</time><speed>0.000</speed><sat>13</sat></trkpt>
  <trkpt lat="26.41608667" lon="-80.16458000"><ele>13.952</ele><time>2026-07-18T16:53:03Z</time><speed>0.000</speed><sat>13</sat></trkpt>
  <trkpt lat="26.41608667" lon="-80.16458000"><ele>13.952</ele><time>2026-07-18T16:53:04Z</time><speed>0.000</speed><sat>13</sat></trkpt>
  <trkpt lat="26.41608667" lon="-80.16458000"><ele>13.952</ele><time>2026-07-18T16:53:05Z</time><speed>0.000</speed><sat>13</sat></trkpt>
  <trkpt lat="26.41608667" lon="-80.16458000"><ele>13.952</ele><time>2026-07-18T16:53:06Z</time><speed>0.000</speed><sat>13</sat></trkpt>
  <trkpt lat="26.41608667" lon="-80.16458000"><ele>13.952</ele><time>2026-07-18T16:53:07Z</time><speed>0.000</speed><sat>13</sat></trkpt>
  <trkpt lat="26.41608667" lon="-80.16458000"><ele>13.952</ele><time>2026-07-18T16:53:08Z</time><speed>0.000</speed><sat>13</sat></trkpt>
  <trkpt lat="26.41608667" lon="-80.16458000"><ele>13.952</ele><time>2026-07-18T16:53:09Z</time><speed>0.000</speed><sat>13</sat></trkpt>
  <trkpt lat="26.41608667" lon="-80.16458000"><ele>13.952</ele><time>2026-07-18T16:53:10Z</time><speed>0.000</speed><sat>13</sat></trkpt>
  <trkpt lat="26.41608667" lon="-80.16458000"><ele>13.952</ele><time>2026-07-18T16:53:11Z</time><speed>0.000</speed><sat>13</sat></trkpt>
  <trkpt lat="26.41608667" lon="-80.16458000"><ele>13.952</ele><time>2026-07-18T16:53:12Z</time><speed>0.000</speed><sat>13</sat></trkpt>
  <trkpt lat="26.41608667" lon="-80.16458000"><ele>13.952</ele><time>2026-07-18T16:53:13Z</time><speed>0.000</speed><sat>13</sat></trkpt>
  <trkpt lat="26.41606667" lon="-80.16463333"><ele>13.151</ele><time>2026-07-18T16:53:14Z</time><speed>0.292</speed><sat>13</sat></trkpt>
  <trkpt lat="26.41606000" lon="-80.16464167"><ele>13.151</ele><time>2026-07-18T16:53:15Z</time><speed>0.401</speed><sat>13</sat></trkpt>
  <trkpt lat="26.41605667" lon="-80.16465333"><ele>13.051</ele><time>2026-07-18T16:53:16Z</time><speed>0.561</speed><sat>13</sat></trkpt>
  <trkpt lat="26.41605167" lon="-80.16465667"><ele>12.751</ele><time>2026-07-18T16:53:17Z</time><speed>0.667</speed><sat>13</sat></trkpt>
  <trkpt lat="26.41604333" lon="-80.16466167"><ele>13.051</ele><time>2026-07-18T16:53:18Z</time><speed>0.718</speed><sat>14</sat></trkpt>
  <trkpt lat="26.41603000" lon="-80.16466667"><ele>12.851</ele><time>2026-07-18T16:53:19Z</time><speed>0.808</speed><sat>14</sat></trkpt>
  <trkpt lat="26.41601833" lon="-80.16467167"><ele>13.151</ele><time>2026-07-18T16:53:20Z</time><speed>0.929</speed><sat>14</sat></trkpt>
  <trkpt lat="26.41600333" lon="-80.16467667"><ele>13.151</ele><time>2026-07-18T16:53:21Z</time><speed>1.021</speed><sat>14</sat></trkpt>
  <trkpt lat="26.41599167" lon="-80.16468833"><ele>13.151</ele><time>2026-07-18T16:53:22Z</time><speed>1.076</speed><sat>14</sat></trkpt>
  <trkpt lat="26.41598333" lon="-80.16470333"><ele>13.251</ele><time>2026-07-18T16:53:23Z</time><speed>1.088</speed><sat>14</sat></trkpt>
  <trkpt lat="26.41598167" lon="-80.16470667"><ele>13.051</ele><time>2026-07-18T16:53:24Z</time><speed>1.037</speed><sat>14</sat></trkpt>
  <trkpt lat="26.41597833" lon="-80.16471333"><ele>13.351</ele><time>2026-07-18T16:53:25Z</time><speed>0.931</speed><sat>14</sat></trkpt>
  <trkpt lat="26.41596333" lon="-80.16471500"><ele>13.251</ele><time>2026-07-18T16:53:26Z</time><speed>0.846</speed><sat>14</sat></trkpt>
  <trkpt lat="26.41595333" lon="-80.16471167"><ele>13.151</ele><time>2026-07-18T16:53:27Z</time><speed>0.850</speed><sat>14</sat></trkpt>
  <trkpt lat="26.41593667" lon="-80.16471000"><ele>13.151</ele><time>2026-07-18T16:53:28Z</time><speed>0.916</speed><sat>14</sat></trkpt>
  <trkpt lat="26.41592500" lon="-80.16470333"><ele>12.751</ele><time>2026-07-18T16:53:29Z</time><speed>0.958</speed><sat>14</sat></trkpt>
  <trkpt lat="26.41591333" lon="-80.16470000"><ele>12.651</ele><time>2026-07-18T16:53:30Z</time><speed>0.938</speed><sat>14</sat></trkpt>
  <trkpt lat="26.41589833" lon="-80.16470167"><ele>13.351</ele><time>2026-07-18T16:53:31Z</time><speed>0.985</speed><sat>14</sat></trkpt>
  <trkpt lat="26.41588167" lon="-80.16470000"><ele>13.751</ele><time>2026-07-18T16:53:32Z</time><speed>1.070</speed><sat>13</sat></trkpt>
  <trkpt lat="26.41586333" lon="-80.16469833"><ele>14.751</ele><time>2026-07-18T16:53:33Z</time><speed>1.143</speed><sat>14</sat></trkpt>
  <trkpt lat="26.41584667" lon="-80.16469833"><ele>14.651</ele><time>2026-07-18T16:53:34Z</time><speed>1.270</speed><sat>14</sat></trkpt>
  <trkpt lat="26.41583167" lon="-80.16469833"><ele>14.951</ele><time>2026-07-18T16:53:35Z</time><speed>1.449</speed><sat>14</sat></trkpt>
  <trkpt lat="26.41581500" lon="-80.16469500"><ele>15.351</ele><time>2026-07-18T16:53:36Z</time><speed>1.551</speed><sat>14</sat></trkpt>
  <trkpt lat="26.41579833" lon="-80.16469833"><ele>15.451</ele><time>2026-07-18T16:53:37Z</time><speed>1.649</speed><sat>14</sat></trkpt>
  <trkpt lat="26.41577833" lon="-80.16469833"><ele>15.851</ele><time>2026-07-18T16:53:38Z</time><speed>1.785</speed><sat>14</sat></trkpt>
  <trkpt lat="26.41575833" lon="-80.16469833"><ele>15.651</ele><time>2026-07-18T16:53:39Z</time><speed>1.903</speed><sat>14</sat></trkpt>
  <trkpt lat="26.41573333" lon="-80.16470167"><ele>15.151</ele><time>2026-07-18T16:53:40Z</time><speed>2.029</speed><sat>14</sat></trkpt>
  <trkpt lat="26.41571000" lon="-80.16470167"><ele>14.851</ele><time>2026-07-18T16:53:41Z</time><speed>2.135</speed><sat>14</sat></trkpt>
  <trkpt lat="26.41568667" lon="-80.16470333"><ele>14.451</ele><time>2026-07-18T16:53:42Z</time><speed>2.222</speed><sat>14</sat></trkpt>
  <trkpt lat="26.41566333" lon="-80.16470167"><ele>14.051</ele><time>2026-07-18T16:53:43Z</time><speed>2.362</speed><sat>14</sat></trkpt>
  <trkpt lat="26.41564167" lon="-80.16469833"><ele>13.251</ele><time>2026-07-18T16:53:44Z</time><speed>2.426</speed><sat>14</sat></trkpt>
  <trkpt lat="26.41562500" lon="-80.16469333"><ele>13.151</ele><time>2026-07-18T16:53:45Z</time><speed>2.438</speed><sat>14</sat></trkpt>
  <trkpt lat="26.41560000" lon="-80.16468833"><ele>13.451</ele><time>2026-07-18T16:53:46Z</time><speed>2.501</speed><sat>14</sat></trkpt>
  <trkpt lat="26.41558000" lon="-80.16468333"><ele>13.551</ele><time>2026-07-18T16:53:47Z</time><speed>2.520</speed><sat>14</sat></trkpt>
  <trkpt lat="26.41556000" lon="-80.16467833"><ele>13.451</ele><time>2026-07-18T16:53:48Z</time><speed>2.489</speed><sat>14</sat></trkpt>
  <trkpt lat="26.41554000" lon="-80.16467167"><ele>12.851</ele><time>2026-07-18T16:53:49Z</time><speed>2.478</speed><sat>14</sat></trkpt>
  <trkpt lat="26.41552000" lon="-80.16466167"><ele>12.251</ele><time>2026-07-18T16:53:50Z</time><speed>2.496</speed><sat>14</sat></trkpt>
  <trkpt lat="26.41549167" lon="-80.16465000"><ele>11.651</ele><time>2026-07-18T16:53:51Z</time><speed>2.528</speed><sat>14</sat></trkpt>
  <trkpt lat="26.41546500" lon="-80.16464000"><ele>10.951</ele><time>2026-07-18T16:53:52Z</time><speed>2.543</speed><sat>14</sat></trkpt>
  <trkpt lat="26.41544000" lon="-80.16462667"><ele>10.351</ele><time>2026-07-18T16:53:53Z</time><speed>2.542</speed><sat>14</sat></trkpt>
  <trkpt lat="26.41541500" lon="-80.16460667"><ele>9.551</ele><time>2026-07-18T16:53:54Z</time><speed>2.596</speed><sat>14</sat></trkpt>
  <trkpt lat="26.41539167" lon="-80.16459000"><ele>8.451</ele><time>2026-07-18T16:53:55Z</time><speed>2.679</speed><sat>14</sat></trkpt>
  <trkpt lat="26.41537000" lon="-80.16457167"><ele>7.551</ele><time>2026-07-18T16:53:56Z</time><speed>2.720</speed><sat>14</sat></trkpt>
  <trkpt lat="26.41535000" lon="-80.16454833"><ele>6.651</ele><time>2026-07-18T16:53:57Z</time><speed>2.809</speed><sat>14</sat></trkpt>
  <trkpt lat="26.41532500" lon="-80.16452333"><ele>6.451</ele><time>2026-07-18T16:53:58Z</time><speed>2.918</speed><sat>14</sat></trkpt>
  <trkpt lat="26.41530333" lon="-80.16449833"><ele>6.452</ele><time>2026-07-18T16:53:59Z</time><speed>3.006</speed><sat>14</sat></trkpt>
  <trkpt lat="26.41528333" lon="-80.16447500"><ele>6.252</ele><time>2026-07-18T16:54:00Z</time><speed>3.065</speed><sat>14</sat></trkpt>
  <trkpt lat="26.41526333" lon="-80.16445333"><ele>6.452</ele><time>2026-07-18T16:54:01Z</time><speed>3.077</speed><sat>14</sat></trkpt>
  <trkpt lat="26.41524667" lon="-80.16443000"><ele>6.852</ele><time>2026-07-18T16:54:02Z</time><speed>3.135</speed><sat>14</sat></trkpt>
  <trkpt lat="26.41523333" lon="-80.16440333"><ele>7.152</ele><time>2026-07-18T16:54:03Z</time><speed>3.172</speed><sat>14</sat></trkpt>
  <trkpt lat="26.41522167" lon="-80.16437167"><ele>7.952</ele><time>2026-07-18T16:54:04Z</time><speed>3.210</speed><sat>14</sat></trkpt>
  <trkpt lat="26.41521333" lon="-80.16434167"><ele>8.552</ele><time>2026-07-18T16:54:05Z</time><speed>3.220</speed><sat>14</sat></trkpt>
  <trkpt lat="26.41520333" lon="-80.16431167"><ele>8.752</ele><time>2026-07-18T16:54:06Z</time><speed>3.227</speed><sat>14</sat></trkpt>
  <trkpt lat="26.41519833" lon="-80.16428333"><ele>9.052</ele><time>2026-07-18T16:54:07Z</time><speed>3.195</speed><sat>14</sat></trkpt>
  <trkpt lat="26.41519333" lon="-80.16425333"><ele>9.352</ele><time>2026-07-18T16:54:08Z</time><speed>3.173</speed><sat>14</sat></trkpt>
  <trkpt lat="26.41518667" lon="-80.16422333"><ele>9.553</ele><time>2026-07-18T16:54:09Z</time><speed>3.139</speed><sat>14</sat></trkpt>
  <trkpt lat="26.41518167" lon="-80.16419167"><ele>10.053</ele><time>2026-07-18T16:54:10Z</time><speed>3.103</speed><sat>14</sat></trkpt>
  <trkpt lat="26.41517833" lon="-80.16416333"><ele>10.153</ele><time>2026-07-18T16:54:11Z</time><speed>3.072</speed><sat>14</sat></trkpt>
  <trkpt lat="26.41517833" lon="-80.16414000"><ele>9.753</ele><time>2026-07-18T16:54:12Z</time><speed>3.020</speed><sat>14</sat></trkpt>
  <trkpt lat="26.41517167" lon="-80.16410833"><ele>9.053</ele><time>2026-07-18T16:54:13Z</time><speed>3.031</speed><sat>14</sat></trkpt>
  <trkpt lat="26.41517333" lon="-80.16407667"><ele>9.153</ele><time>2026-07-18T16:54:14Z</time><speed>3.000</speed><sat>14</sat></trkpt>
  <trkpt lat="26.41517333" lon="-80.16404667"><ele>9.453</ele><time>2026-07-18T16:54:15Z</time><speed>2.988</speed><sat>14</sat></trkpt>
  <trkpt lat="26.41517500" lon="-80.16401833"><ele>9.353</ele><time>2026-07-18T16:54:16Z</time><speed>2.984</speed><sat>14</sat></trkpt>
  <trkpt lat="26.41518000" lon="-80.16399000"><ele>8.954</ele><time>2026-07-18T16:54:17Z</time><speed>2.979</speed><sat>13</sat></trkpt>
  <trkpt lat="26.41518500" lon="-80.16396667"><ele>8.854</ele><time>2026-07-18T16:54:18Z</time><speed>2.932</speed><sat>14</sat></trkpt>
  <trkpt lat="26.41519500" lon="-80.16394333"><ele>9.154</ele><time>2026-07-18T16:54:19Z</time><speed>2.869</speed><sat>14</sat></trkpt>
  <trkpt lat="26.41520333" lon="-80.16392333"><ele>9.054</ele><time>2026-07-18T16:54:20Z</time><speed>2.786</speed><sat>14</sat></trkpt>
  <trkpt lat="26.41521000" lon="-80.16390000"><ele>9.154</ele><time>2026-07-18T16:54:21Z</time><speed>2.687</speed><sat>14</sat></trkpt>
  <trkpt lat="26.41521500" lon="-80.16388333"><ele>9.254</ele><time>2026-07-18T16:54:22Z</time><speed>2.579</speed><sat>14</sat></trkpt>
  <trkpt lat="26.41522000" lon="-80.16386667"><ele>8.954</ele><time>2026-07-18T16:54:23Z</time><speed>2.400</speed><sat>14</sat></trkpt>
  <trkpt lat="26.41522500" lon="-80.16385333"><ele>8.854</ele><time>2026-07-18T16:54:24Z</time><speed>2.234</speed><sat>14</sat></trkpt>
  <trkpt lat="26.41523000" lon="-80.16384333"><ele>8.954</ele><time>2026-07-18T16:54:25Z</time><speed>2.030</speed><sat>14</sat></trkpt>
  <trkpt lat="26.41523333" lon="-80.16383167"><ele>8.854</ele><time>2026-07-18T16:54:26Z</time><speed>1.830</speed><sat>14</sat></trkpt>
  <trkpt lat="26.41523000" lon="-80.16381833"><ele>9.154</ele><time>2026-07-18T16:54:27Z</time><speed>1.666</speed><sat>14</sat></trkpt>
  <trkpt lat="26.41522667" lon="-80.16381000"><ele>9.154</ele><time>2026-07-18T16:54:28Z</time><speed>1.508</speed><sat>14</sat></trkpt>
  <trkpt lat="26.41521167" lon="-80.16379333"><ele>9.254</ele><time>2026-07-18T16:54:29Z</time><speed>1.443</speed><sat>13</sat></trkpt>
  <trkpt lat="26.41519000" lon="-80.16377667"><ele>8.954</ele><time>2026-07-18T16:54:30Z</time><speed>1.426</speed><sat>13</sat></trkpt>
  <trkpt lat="26.41517167" lon="-80.16376500"><ele>8.754</ele><time>2026-07-18T16:54:31Z</time><speed>1.442</speed><sat>14</sat></trkpt>
  <trkpt lat="26.41515000" lon="-80.16375000"><ele>8.655</ele><time>2026-07-18T16:54:32Z</time><speed>1.483</speed><sat>14</sat></trkpt>
  <trkpt lat="26.41513500" lon="-80.16374167"><ele>8.455</ele><time>2026-07-18T16:54:33Z</time><speed>1.429</speed><sat>14</sat></trkpt>
  <trkpt lat="26.41513333" lon="-80.16373167"><ele>8.555</ele><time>2026-07-18T16:54:34Z</time><speed>1.322</speed><sat>13</sat></trkpt>
  <trkpt lat="26.41513333" lon="-80.16372500"><ele>8.755</ele><time>2026-07-18T16:54:35Z</time><speed>1.241</speed><sat>14</sat></trkpt>
  <trkpt lat="26.41513333" lon="-80.16372000"><ele>8.555</ele><time>2026-07-18T16:54:36Z</time><speed>1.152</speed><sat>14</sat></trkpt>
  <trkpt lat="26.41513333" lon="-80.16371500"><ele>8.355</ele><time>2026-07-18T16:54:37Z</time><speed>1.037</speed><sat>14</sat></trkpt>
  <trkpt lat="26.41513333" lon="-80.16371167"><ele>8.055</ele><time>2026-07-18T16:54:38Z</time><speed>0.933</speed><sat>14</sat></trkpt>
  <trkpt lat="26.41513500" lon="-80.16371000"><ele>7.855</ele><time>2026-07-18T16:54:39Z</time><speed>0.766</speed><sat>14</sat></trkpt>
  <trkpt lat="26.41513500" lon="-80.16371000"><ele>7.655</ele><time>2026-07-18T16:54:40Z</time><speed>0.572</speed><sat>15</sat></trkpt>
  <trkpt lat="26.41513333" lon="-80.16370833"><ele>7.355</ele><time>2026-07-18T16:54:41Z</time><speed>0.000</speed><sat>15</sat></trkpt>
  <trkpt lat="26.41513333" lon="-80.16370833"><ele>7.355</ele><time>2026-07-18T16:54:42Z</time><speed>0.000</speed><sat>15</sat></trkpt>
  <trkpt lat="26.41512833" lon="-80.16370833"><ele>7.255</ele><time>2026-07-18T16:54:43Z</time><speed>0.000</speed><sat>15</sat></trkpt>
  <trkpt lat="26.41512167" lon="-80.16370833"><ele>7.355</ele><time>2026-07-18T16:54:44Z</time><speed>0.195</speed><sat>15</sat></trkpt>
  <trkpt lat="26.41511167" lon="-80.16370500"><ele>7.355</ele><time>2026-07-18T16:54:45Z</time><speed>0.323</speed><sat>15</sat></trkpt>
  <trkpt lat="26.41509167" lon="-80.16369667"><ele>7.355</ele><time>2026-07-18T16:54:46Z</time><speed>0.566</speed><sat>15</sat></trkpt>
  <trkpt lat="26.41506500" lon="-80.16368833"><ele>7.455</ele><time>2026-07-18T16:54:47Z</time><speed>0.788</speed><sat>15</sat></trkpt>
  <trkpt lat="26.41504333" lon="-80.16367833"><ele>7.655</ele><time>2026-07-18T16:54:48Z</time><speed>1.026</speed><sat>15</sat></trkpt>
  <trkpt lat="26.41502000" lon="-80.16366167"><ele>7.555</ele><time>2026-07-18T16:54:49Z</time><speed>1.282</speed><sat>15</sat></trkpt>
  <trkpt lat="26.41499667" lon="-80.16364167"><ele>7.555</ele><time>2026-07-18T16:54:50Z</time><speed>1.560</speed><sat>15</sat></trkpt>
  <trkpt lat="26.41497167" lon="-80.16362667"><ele>7.855</ele><time>2026-07-18T16:54:51Z</time><speed>1.851</speed><sat>15</sat></trkpt>
  <trkpt lat="26.41494667" lon="-80.16361000"><ele>7.755</ele><time>2026-07-18T16:54:52Z</time><speed>2.122</speed><sat>15</sat></trkpt>
  <trkpt lat="26.41492167" lon="-80.16359333"><ele>7.755</ele><time>2026-07-18T16:54:53Z</time><speed>2.392</speed><sat>15</sat></trkpt>
  <trkpt lat="26.41489833" lon="-80.16357833"><ele>7.755</ele><time>2026-07-18T16:54:54Z</time><speed>2.632</speed><sat>15</sat></trkpt>
  <trkpt lat="26.41487667" lon="-80.16356167"><ele>7.755</ele><time>2026-07-18T16:54:55Z</time><speed>2.793</speed><sat>15</sat></trkpt>
  <trkpt lat="26.41485667" lon="-80.16354500"><ele>7.855</ele><time>2026-07-18T16:54:56Z</time><speed>2.815</speed><sat>15</sat></trkpt>
  <trkpt lat="26.41484000" lon="-80.16353333"><ele>7.355</ele><time>2026-07-18T16:54:57Z</time><speed>2.822</speed><sat>15</sat></trkpt>
  <trkpt lat="26.41483333" lon="-80.16352833"><ele>6.755</ele><time>2026-07-18T16:54:58Z</time><speed>2.703</speed><sat>15</sat></trkpt>
  <trkpt lat="26.41482667" lon="-80.16352333"><ele>6.855</ele><time>2026-07-18T16:54:59Z</time><speed>2.511</speed><sat>15</sat></trkpt>
  <trkpt lat="26.41482500" lon="-80.16352000"><ele>6.655</ele><time>2026-07-18T16:55:00Z</time><speed>2.280</speed><sat>15</sat></trkpt>
  <trkpt lat="26.41482667" lon="-80.16352000"><ele>6.455</ele><time>2026-07-18T16:55:01Z</time><speed>1.994</speed><sat>15</sat></trkpt>
  <trkpt lat="26.41482500" lon="-80.16352000"><ele>6.455</ele><time>2026-07-18T16:55:02Z</time><speed>1.695</speed><sat>14</sat></trkpt>
  <trkpt lat="26.41482333" lon="-80.16352000"><ele>6.455</ele><time>2026-07-18T16:55:03Z</time><speed>1.384</speed><sat>14</sat></trkpt>
  <trkpt lat="26.41482000" lon="-80.16352167"><ele>6.555</ele><time>2026-07-18T16:55:04Z</time><speed>1.114</speed><sat>14</sat></trkpt>
  <trkpt lat="26.41481167" lon="-80.16352000"><ele>6.555</ele><time>2026-07-18T16:55:05Z</time><speed>0.908</speed><sat>14</sat></trkpt>
  <trkpt lat="26.41479833" lon="-80.16351667"><ele>6.755</ele><time>2026-07-18T16:55:06Z</time><speed>0.794</speed><sat>14</sat></trkpt>
  <trkpt lat="26.41478333" lon="-80.16351833"><ele>6.755</ele><time>2026-07-18T16:55:07Z</time><speed>0.717</speed><sat>14</sat></trkpt>
  <trkpt lat="26.41476500" lon="-80.16351667"><ele>6.655</ele><time>2026-07-18T16:55:08Z</time><speed>0.764</speed><sat>14</sat></trkpt>
  <trkpt lat="26.41474833" lon="-80.16351833"><ele>6.555</ele><time>2026-07-18T16:55:09Z</time><speed>0.826</speed><sat>14</sat></trkpt>
  <trkpt lat="26.41473500" lon="-80.16352000"><ele>6.455</ele><time>2026-07-18T16:55:10Z</time><speed>0.921</speed><sat>14</sat></trkpt>
  <trkpt lat="26.41471833" lon="-80.16352500"><ele>6.155</ele><time>2026-07-18T16:55:11Z</time><speed>1.083</speed><sat>14</sat></trkpt>
  <trkpt lat="26.41470167" lon="-80.16353333"><ele>5.855</ele><time>2026-07-18T16:55:12Z</time><speed>1.288</speed><sat>14</sat></trkpt>
  <trkpt lat="26.41468500" lon="-80.16354333"><ele>5.955</ele><time>2026-07-18T16:55:13Z</time><speed>1.483</speed><sat>14</sat></trkpt>
  <trkpt lat="26.41466667" lon="-80.16355500"><ele>6.155</ele><time>2026-07-18T16:55:14Z</time><speed>1.641</speed><sat>14</sat></trkpt>
  <trkpt lat="26.41465000" lon="-80.16356333"><ele>6.455</ele><time>2026-07-18T16:55:15Z</time><speed>1.762</speed><sat>14</sat></trkpt>
  <trkpt lat="26.41463167" lon="-80.16357500"><ele>6.455</ele><time>2026-07-18T16:55:16Z</time><speed>1.824</speed><sat>14</sat></trkpt>
  <trkpt lat="26.41461333" lon="-80.16358667"><ele>6.955</ele><time>2026-07-18T16:55:17Z</time><speed>1.857</speed><sat>14</sat></trkpt>
  <trkpt lat="26.41459667" lon="-80.16359500"><ele>7.155</ele><time>2026-07-18T16:55:18Z</time><speed>1.852</speed><sat>14</sat></trkpt>
  <trkpt lat="26.41458000" lon="-80.16360500"><ele>7.555</ele><time>2026-07-18T16:55:19Z</time><speed>1.927</speed><sat>14</sat></trkpt>
  <trkpt lat="26.41457000" lon="-80.16361667"><ele>7.855</ele><time>2026-07-18T16:55:20Z</time><speed>1.911</speed><sat>14</sat></trkpt>
  <trkpt lat="26.41456167" lon="-80.16362500"><ele>7.855</ele><time>2026-07-18T16:55:21Z</time><speed>1.852</speed><sat>14</sat></trkpt>
  <trkpt lat="26.41455333" lon="-80.16363667"><ele>7.755</ele><time>2026-07-18T16:55:22Z</time><speed>1.786</speed><sat>14</sat></trkpt>
  <trkpt lat="26.41454667" lon="-80.16365000"><ele>7.455</ele><time>2026-07-18T16:55:23Z</time><speed>1.730</speed><sat>14</sat></trkpt>
  <trkpt lat="26.41454167" lon="-80.16366667"><ele>7.355</ele><time>2026-07-18T16:55:24Z</time><speed>1.701</speed><sat>14</sat></trkpt>
  <trkpt lat="26.41453833" lon="-80.16368500"><ele>7.154</ele><time>2026-07-18T16:55:25Z</time><speed>1.657</speed><sat>14</sat></trkpt>
  <trkpt lat="26.41453833" lon="-80.16370167"><ele>7.054</ele><time>2026-07-18T16:55:26Z</time><speed>1.612</speed><sat>14</sat></trkpt>
  <trkpt lat="26.41454000" lon="-80.16371667"><ele>6.554</ele><time>2026-07-18T16:55:27Z</time><speed>1.559</speed><sat>14</sat></trkpt>
  <trkpt lat="26.41454333" lon="-80.16373333"><ele>6.454</ele><time>2026-07-18T16:55:28Z</time><speed>1.576</speed><sat>14</sat></trkpt>
  <trkpt lat="26.41455000" lon="-80.16375333"><ele>6.354</ele><time>2026-07-18T16:55:29Z</time><speed>1.565</speed><sat>14</sat></trkpt>
  <trkpt lat="26.41455500" lon="-80.16377000"><ele>6.554</ele><time>2026-07-18T16:55:30Z</time><speed>1.606</speed><sat>14</sat></trkpt>
  <trkpt lat="26.41456000" lon="-80.16378833"><ele>6.454</ele><time>2026-07-18T16:55:31Z</time><speed>1.622</speed><sat>14</sat></trkpt>
  <trkpt lat="26.41456667" lon="-80.16381000"><ele>6.554</ele><time>2026-07-18T16:55:32Z</time><speed>1.649</speed><sat>14</sat></trkpt>
  <trkpt lat="26.41457333" lon="-80.16382833"><ele>6.254</ele><time>2026-07-18T16:55:33Z</time><speed>1.692</speed><sat>14</sat></trkpt>
  <trkpt lat="26.41458000" lon="-80.16384667"><ele>6.154</ele><time>2026-07-18T16:55:34Z</time><speed>1.730</speed><sat>14</sat></trkpt>
  <trkpt lat="26.41458667" lon="-80.16386500"><ele>6.154</ele><time>2026-07-18T16:55:35Z</time><speed>1.778</speed><sat>14</sat></trkpt>
  <trkpt lat="26.41459167" lon="-80.16388667"><ele>6.254</ele><time>2026-07-18T16:55:36Z</time><speed>1.802</speed><sat>14</sat></trkpt>
  <trkpt lat="26.41459667" lon="-80.16390500"><ele>6.154</ele><time>2026-07-18T16:55:37Z</time><speed>1.863</speed><sat>14</sat></trkpt>
  <trkpt lat="26.41460333" lon="-80.16392333"><ele>6.053</ele><time>2026-07-18T16:55:38Z</time><speed>1.877</speed><sat>14</sat></trkpt>
  <trkpt lat="26.41461000" lon="-80.16394333"><ele>5.753</ele><time>2026-07-18T16:55:39Z</time><speed>1.902</speed><sat>14</sat></trkpt>
  <trkpt lat="26.41461167" lon="-80.16396500"><ele>5.453</ele><time>2026-07-18T16:55:40Z</time><speed>1.945</speed><sat>14</sat></trkpt>
  <trkpt lat="26.41461667" lon="-80.16398500"><ele>5.553</ele><time>2026-07-18T16:55:41Z</time><speed>1.997</speed><sat>14</sat></trkpt>
  <trkpt lat="26.41462167" lon="-80.16400000"><ele>5.553</ele><time>2026-07-18T16:55:42Z</time><speed>1.943</speed><sat>14</sat></trkpt>
  <trkpt lat="26.41463000" lon="-80.16401667"><ele>5.553</ele><time>2026-07-18T16:55:43Z</time><speed>1.922</speed><sat>14</sat></trkpt>
  <trkpt lat="26.41463667" lon="-80.16403500"><ele>5.353</ele><time>2026-07-18T16:55:44Z</time><speed>1.918</speed><sat>14</sat></trkpt>
  <trkpt lat="26.41464333" lon="-80.16405500"><ele>5.453</ele><time>2026-07-18T16:55:45Z</time><speed>1.880</speed><sat>14</sat></trkpt>
  <trkpt lat="26.41465000" lon="-80.16407167"><ele>5.353</ele><time>2026-07-18T16:55:46Z</time><speed>1.854</speed><sat>14</sat></trkpt>
  <trkpt lat="26.41465333" lon="-80.16408833"><ele>5.353</ele><time>2026-07-18T16:55:47Z</time><speed>1.835</speed><sat>14</sat></trkpt>
  <trkpt lat="26.41466167" lon="-80.16410333"><ele>4.953</ele><time>2026-07-18T16:55:48Z</time><speed>1.833</speed><sat>14</sat></trkpt>
  <trkpt lat="26.41467000" lon="-80.16411833"><ele>5.353</ele><time>2026-07-18T16:55:49Z</time><speed>1.796</speed><sat>14</sat></trkpt>
  <trkpt lat="26.41467833" lon="-80.16414167"><ele>4.553</ele><time>2026-07-18T16:55:50Z</time><speed>1.800</speed><sat>14</sat></trkpt>
  <trkpt lat="26.41468833" lon="-80.16416667"><ele>3.953</ele><time>2026-07-18T16:55:51Z</time><speed>1.841</speed><sat>14</sat></trkpt>
  <trkpt lat="26.41469833" lon="-80.16418667"><ele>4.252</ele><time>2026-07-18T16:55:52Z</time><speed>1.900</speed><sat>14</sat></trkpt>
  <trkpt lat="26.41470833" lon="-80.16420167"><ele>4.552</ele><time>2026-07-18T16:55:53Z</time><speed>1.909</speed><sat>14</sat></trkpt>
  <trkpt lat="26.41471667" lon="-80.16421833"><ele>4.552</ele><time>2026-07-18T16:55:54Z</time><speed>1.869</speed><sat>14</sat></trkpt>
  <trkpt lat="26.41472500" lon="-80.16423667"><ele>4.852</ele><time>2026-07-18T16:55:55Z</time><speed>1.926</speed><sat>14</sat></trkpt>
  <trkpt lat="26.41473000" lon="-80.16426333"><ele>4.752</ele><time>2026-07-18T16:55:56Z</time><speed>2.029</speed><sat>14</sat></trkpt>
  <trkpt lat="26.41474000" lon="-80.16428667"><ele>5.252</ele><time>2026-07-18T16:55:57Z</time><speed>2.090</speed><sat>14</sat></trkpt>
  <trkpt lat="26.41475167" lon="-80.16431167"><ele>5.152</ele><time>2026-07-18T16:55:58Z</time><speed>2.167</speed><sat>14</sat></trkpt>
  <trkpt lat="26.41476167" lon="-80.16434000"><ele>5.152</ele><time>2026-07-18T16:55:59Z</time><speed>2.313</speed><sat>14</sat></trkpt>
  <trkpt lat="26.41477500" lon="-80.16436833"><ele>5.152</ele><time>2026-07-18T16:56:00Z</time><speed>2.429</speed><sat>14</sat></trkpt>
  <trkpt lat="26.41478667" lon="-80.16439667"><ele>5.152</ele><time>2026-07-18T16:56:01Z</time><speed>2.548</speed><sat>14</sat></trkpt>
  <trkpt lat="26.41480333" lon="-80.16442667"><ele>5.252</ele><time>2026-07-18T16:56:02Z</time><speed>2.698</speed><sat>14</sat></trkpt>
  <trkpt lat="26.41482000" lon="-80.16445833"><ele>5.351</ele><time>2026-07-18T16:56:03Z</time><speed>2.843</speed><sat>14</sat></trkpt>
  <trkpt lat="26.41483500" lon="-80.16448833"><ele>5.251</ele><time>2026-07-18T16:56:04Z</time><speed>3.010</speed><sat>14</sat></trkpt>
  <trkpt lat="26.41485167" lon="-80.16451500"><ele>5.251</ele><time>2026-07-18T16:56:05Z</time><speed>3.100</speed><sat>14</sat></trkpt>
  <trkpt lat="26.41486667" lon="-80.16454333"><ele>5.251</ele><time>2026-07-18T16:56:06Z</time><speed>3.145</speed><sat>14</sat></trkpt>
  <trkpt lat="26.41488500" lon="-80.16457000"><ele>5.451</ele><time>2026-07-18T16:56:07Z</time><speed>3.247</speed><sat>14</sat></trkpt>
  <trkpt lat="26.41490500" lon="-80.16459833"><ele>5.951</ele><time>2026-07-18T16:56:08Z</time><speed>3.343</speed><sat>14</sat></trkpt>
  <trkpt lat="26.41492333" lon="-80.16462833"><ele>6.351</ele><time>2026-07-18T16:56:09Z</time><speed>3.370</speed><sat>14</sat></trkpt>
  <trkpt lat="26.41493667" lon="-80.16465833"><ele>7.451</ele><time>2026-07-18T16:56:10Z</time><speed>3.360</speed><sat>14</sat></trkpt>
  <trkpt lat="26.41494667" lon="-80.16468667"><ele>8.251</ele><time>2026-07-18T16:56:11Z</time><speed>3.256</speed><sat>14</sat></trkpt>
  <trkpt lat="26.41495500" lon="-80.16471000"><ele>9.250</ele><time>2026-07-18T16:56:12Z</time><speed>3.122</speed><sat>14</sat></trkpt>
  <trkpt lat="26.41496833" lon="-80.16473833"><ele>10.250</ele><time>2026-07-18T16:56:13Z</time><speed>3.031</speed><sat>14</sat></trkpt>
  <trkpt lat="26.41497833" lon="-80.16476333"><ele>11.250</ele><time>2026-07-18T16:56:14Z</time><speed>2.971</speed><sat>14</sat></trkpt>
  <trkpt lat="26.41499167" lon="-80.16478833"><ele>12.250</ele><time>2026-07-18T16:56:15Z</time><speed>2.905</speed><sat>14</sat></trkpt>
  <trkpt lat="26.41500500" lon="-80.16481167"><ele>13.250</ele><time>2026-07-18T16:56:16Z</time><speed>2.843</speed><sat>14</sat></trkpt>
  <trkpt lat="26.41501667" lon="-80.16483333"><ele>14.050</ele><time>2026-07-18T16:56:17Z</time><speed>2.773</speed><sat>14</sat></trkpt>
  <trkpt lat="26.41503000" lon="-80.16485667"><ele>14.550</ele><time>2026-07-18T16:56:18Z</time><speed>2.700</speed><sat>14</sat></trkpt>
  <trkpt lat="26.41504167" lon="-80.16487500"><ele>14.350</ele><time>2026-07-18T16:56:19Z</time><speed>2.628</speed><sat>14</sat></trkpt>
  <trkpt lat="26.41505333" lon="-80.16490000"><ele>13.450</ele><time>2026-07-18T16:56:20Z</time><speed>2.568</speed><sat>14</sat></trkpt>
  <trkpt lat="26.41506833" lon="-80.16492833"><ele>12.450</ele><time>2026-07-18T16:56:21Z</time><speed>2.665</speed><sat>14</sat></trkpt>
  <trkpt lat="26.41508667" lon="-80.16496000"><ele>11.949</ele><time>2026-07-18T16:56:22Z</time><speed>2.826</speed><sat>14</sat></trkpt>
  <trkpt lat="26.41509833" lon="-80.16499333"><ele>11.949</ele><time>2026-07-18T16:56:23Z</time><speed>2.956</speed><sat>14</sat></trkpt>
  <trkpt lat="26.41510833" lon="-80.16502500"><ele>11.749</ele><time>2026-07-18T16:56:24Z</time><speed>3.023</speed><sat>14</sat></trkpt>
  <trkpt lat="26.41511500" lon="-80.16505000"><ele>11.149</ele><time>2026-07-18T16:56:25Z</time><speed>2.990</speed><sat>14</sat></trkpt>
  <trkpt lat="26.41512000" lon="-80.16507167"><ele>10.849</ele><time>2026-07-18T16:56:26Z</time><speed>2.943</speed><sat>14</sat></trkpt>
  <trkpt lat="26.41512667" lon="-80.16509667"><ele>9.649</ele><time>2026-07-18T16:56:27Z</time><speed>2.906</speed><sat>14</sat></trkpt>
  <trkpt lat="26.41513333" lon="-80.16512000"><ele>8.849</ele><time>2026-07-18T16:56:28Z</time><speed>2.878</speed><sat>14</sat></trkpt>
  <trkpt lat="26.41514167" lon="-80.16514333"><ele>8.049</ele><time>2026-07-18T16:56:29Z</time><speed>2.890</speed><sat>14</sat></trkpt>
  <trkpt lat="26.41515500" lon="-80.16517167"><ele>7.649</ele><time>2026-07-18T16:56:30Z</time><speed>2.978</speed><sat>14</sat></trkpt>
  <trkpt lat="26.41516667" lon="-80.16519833"><ele>6.549</ele><time>2026-07-18T16:56:31Z</time><speed>2.999</speed><sat>14</sat></trkpt>
  <trkpt lat="26.41518000" lon="-80.16523167"><ele>6.248</ele><time>2026-07-18T16:56:32Z</time><speed>3.030</speed><sat>14</sat></trkpt>
  <trkpt lat="26.41519167" lon="-80.16526667"><ele>5.848</ele><time>2026-07-18T16:56:33Z</time><speed>3.059</speed><sat>14</sat></trkpt>
  <trkpt lat="26.41520500" lon="-80.16529833"><ele>5.748</ele><time>2026-07-18T16:56:34Z</time><speed>3.088</speed><sat>14</sat></trkpt>
  <trkpt lat="26.41521833" lon="-80.16533000"><ele>5.948</ele><time>2026-07-18T16:56:35Z</time><speed>3.233</speed><sat>14</sat></trkpt>
  <trkpt lat="26.41523167" lon="-80.16536167"><ele>6.248</ele><time>2026-07-18T16:56:36Z</time><speed>3.333</speed><sat>14</sat></trkpt>
  <trkpt lat="26.41524500" lon="-80.16539167"><ele>6.448</ele><time>2026-07-18T16:56:37Z</time><speed>3.385</speed><sat>14</sat></trkpt>
  <trkpt lat="26.41525667" lon="-80.16542000"><ele>6.448</ele><time>2026-07-18T16:56:38Z</time><speed>3.418</speed><sat>14</sat></trkpt>
  <trkpt lat="26.41527000" lon="-80.16545167"><ele>6.948</ele><time>2026-07-18T16:56:39Z</time><speed>3.443</speed><sat>14</sat></trkpt>
  <trkpt lat="26.41528500" lon="-80.16548167"><ele>7.247</ele><time>2026-07-18T16:56:40Z</time><speed>3.430</speed><sat>14</sat></trkpt>
  <trkpt lat="26.41530000" lon="-80.16551167"><ele>7.647</ele><time>2026-07-18T16:56:41Z</time><speed>3.395</speed><sat>14</sat></trkpt>
  <trkpt lat="26.41531167" lon="-80.16553667"><ele>7.647</ele><time>2026-07-18T16:56:42Z</time><speed>3.274</speed><sat>14</sat></trkpt>
  <trkpt lat="26.41532333" lon="-80.16556333"><ele>7.547</ele><time>2026-07-18T16:56:43Z</time><speed>3.179</speed><sat>14</sat></trkpt>
  <trkpt lat="26.41533667" lon="-80.16559000"><ele>8.547</ele><time>2026-07-18T16:56:44Z</time><speed>3.088</speed><sat>14</sat></trkpt>
  <trkpt lat="26.41534333" lon="-80.16561333"><ele>8.647</ele><time>2026-07-18T16:56:45Z</time><speed>2.965</speed><sat>14</sat></trkpt>
  <trkpt lat="26.41535333" lon="-80.16563167"><ele>8.447</ele><time>2026-07-18T16:56:46Z</time><speed>2.872</speed><sat>14</sat></trkpt>
  <trkpt lat="26.41536500" lon="-80.16565000"><ele>8.747</ele><time>2026-07-18T16:56:47Z</time><speed>2.801</speed><sat>14</sat></trkpt>
  <trkpt lat="26.41537000" lon="-80.16567000"><ele>9.447</ele><time>2026-07-18T16:56:48Z</time><speed>2.679</speed><sat>14</sat></trkpt>
  <trkpt lat="26.41537667" lon="-80.16568333"><ele>9.547</ele><time>2026-07-18T16:56:49Z</time><speed>2.561</speed><sat>14</sat></trkpt>
  <trkpt lat="26.41538667" lon="-80.16570000"><ele>10.147</ele><time>2026-07-18T16:56:50Z</time><speed>2.483</speed><sat>14</sat></trkpt>
  <trkpt lat="26.41539500" lon="-80.16572333"><ele>11.447</ele><time>2026-07-18T16:56:51Z</time><speed>2.421</speed><sat>14</sat></trkpt>
  <trkpt lat="26.41540667" lon="-80.16574500"><ele>11.846</ele><time>2026-07-18T16:56:52Z</time><speed>2.398</speed><sat>14</sat></trkpt>
  <trkpt lat="26.41541667" lon="-80.16576667"><ele>11.946</ele><time>2026-07-18T16:56:53Z</time><speed>2.337</speed><sat>14</sat></trkpt>
  <trkpt lat="26.41542500" lon="-80.16579167"><ele>12.046</ele><time>2026-07-18T16:56:54Z</time><speed>2.313</speed><sat>14</sat></trkpt>
  <trkpt lat="26.41543667" lon="-80.16581167"><ele>11.446</ele><time>2026-07-18T16:56:55Z</time><speed>2.325</speed><sat>14</sat></trkpt>
  <trkpt lat="26.41544833" lon="-80.16584000"><ele>11.146</ele><time>2026-07-18T16:56:56Z</time><speed>2.387</speed><sat>14</sat></trkpt>
  <trkpt lat="26.41546167" lon="-80.16587000"><ele>10.846</ele><time>2026-07-18T16:56:57Z</time><speed>2.488</speed><sat>14</sat></trkpt>
  <trkpt lat="26.41547833" lon="-80.16590500"><ele>10.946</ele><time>2026-07-18T16:56:58Z</time><speed>2.643</speed><sat>14</sat></trkpt>
  <trkpt lat="26.41549167" lon="-80.16593667"><ele>10.646</ele><time>2026-07-18T16:56:59Z</time><speed>2.759</speed><sat>14</sat></trkpt>
  <trkpt lat="26.41550500" lon="-80.16596500"><ele>10.246</ele><time>2026-07-18T16:57:00Z</time><speed>2.818</speed><sat>14</sat></trkpt>
  <trkpt lat="26.41552000" lon="-80.16599333"><ele>9.845</ele><time>2026-07-18T16:57:01Z</time><speed>2.895</speed><sat>14</sat></trkpt>
  <trkpt lat="26.41553667" lon="-80.16602333"><ele>9.745</ele><time>2026-07-18T16:57:02Z</time><speed>3.003</speed><sat>14</sat></trkpt>
  <trkpt lat="26.41555167" lon="-80.16605833"><ele>9.745</ele><time>2026-07-18T16:57:03Z</time><speed>3.127</speed><sat>14</sat></trkpt>
  <trkpt lat="26.41556333" lon="-80.16609333"><ele>9.745</ele><time>2026-07-18T16:57:04Z</time><speed>3.238</speed><sat>14</sat></trkpt>
  <trkpt lat="26.41557333" lon="-80.16612667"><ele>10.045</ele><time>2026-07-18T16:57:05Z</time><speed>3.336</speed><sat>14</sat></trkpt>
  <trkpt lat="26.41558667" lon="-80.16615667"><ele>9.845</ele><time>2026-07-18T16:57:06Z</time><speed>3.399</speed><sat>14</sat></trkpt>
  <trkpt lat="26.41560000" lon="-80.16618833"><ele>10.145</ele><time>2026-07-18T16:57:07Z</time><speed>3.412</speed><sat>14</sat></trkpt>
  <trkpt lat="26.41561500" lon="-80.16621667"><ele>9.945</ele><time>2026-07-18T16:57:08Z</time><speed>3.415</speed><sat>14</sat></trkpt>
  <trkpt lat="26.41563167" lon="-80.16624833"><ele>9.944</ele><time>2026-07-18T16:57:09Z</time><speed>3.457</speed><sat>14</sat></trkpt>
  <trkpt lat="26.41565000" lon="-80.16627833"><ele>9.544</ele><time>2026-07-18T16:57:10Z</time><speed>3.486</speed><sat>14</sat></trkpt>
  <trkpt lat="26.41566500" lon="-80.16630333"><ele>9.544</ele><time>2026-07-18T16:57:11Z</time><speed>3.456</speed><sat>14</sat></trkpt>
  <trkpt lat="26.41568333" lon="-80.16632833"><ele>9.144</ele><time>2026-07-18T16:57:12Z</time><speed>3.419</speed><sat>14</sat></trkpt>
  <trkpt lat="26.41570333" lon="-80.16635667"><ele>8.444</ele><time>2026-07-18T16:57:13Z</time><speed>3.399</speed><sat>14</sat></trkpt>
  <trkpt lat="26.41572167" lon="-80.16638833"><ele>8.244</ele><time>2026-07-18T16:57:14Z</time><speed>3.385</speed><sat>14</sat></trkpt>
  <trkpt lat="26.41573500" lon="-80.16641667"><ele>8.144</ele><time>2026-07-18T16:57:15Z</time><speed>3.386</speed><sat>14</sat></trkpt>
  <trkpt lat="26.41575000" lon="-80.16644667"><ele>8.144</ele><time>2026-07-18T16:57:16Z</time><speed>3.381</speed><sat>14</sat></trkpt>
  <trkpt lat="26.41576833" lon="-80.16647833"><ele>8.644</ele><time>2026-07-18T16:57:17Z</time><speed>3.392</speed><sat>14</sat></trkpt>
  <trkpt lat="26.41578500" lon="-80.16651000"><ele>8.643</ele><time>2026-07-18T16:57:18Z</time><speed>3.389</speed><sat>14</sat></trkpt>
  <trkpt lat="26.41580000" lon="-80.16653833"><ele>8.743</ele><time>2026-07-18T16:57:19Z</time><speed>3.355</speed><sat>14</sat></trkpt>
  <trkpt lat="26.41581667" lon="-80.16656833"><ele>9.643</ele><time>2026-07-18T16:57:20Z</time><speed>3.342</speed><sat>14</sat></trkpt>
  <trkpt lat="26.41583000" lon="-80.16659667"><ele>9.443</ele><time>2026-07-18T16:57:21Z</time><speed>3.363</speed><sat>14</sat></trkpt>
  <trkpt lat="26.41584667" lon="-80.16662333"><ele>9.343</ele><time>2026-07-18T16:57:22Z</time><speed>3.383</speed><sat>14</sat></trkpt>
  <trkpt lat="26.41586333" lon="-80.16665000"><ele>9.443</ele><time>2026-07-18T16:57:23Z</time><speed>3.397</speed><sat>14</sat></trkpt>
  <trkpt lat="26.41587667" lon="-80.16667333"><ele>9.443</ele><time>2026-07-18T16:57:24Z</time><speed>3.372</speed><sat>14</sat></trkpt>
  <trkpt lat="26.41588833" lon="-80.16669167"><ele>9.443</ele><time>2026-07-18T16:57:25Z</time><speed>3.355</speed><sat>14</sat></trkpt>
  <trkpt lat="26.41590500" lon="-80.16671833"><ele>9.743</ele><time>2026-07-18T16:57:26Z</time><speed>3.356</speed><sat>14</sat></trkpt>
  <trkpt lat="26.41591667" lon="-80.16674500"><ele>9.643</ele><time>2026-07-18T16:57:27Z</time><speed>3.326</speed><sat>14</sat></trkpt>
  <trkpt lat="26.41593500" lon="-80.16677500"><ele>9.342</ele><time>2026-07-18T16:57:28Z</time><speed>3.315</speed><sat>14</sat></trkpt>
  <trkpt lat="26.41595167" lon="-80.16680333"><ele>9.742</ele><time>2026-07-18T16:57:29Z</time><speed>3.331</speed><sat>14</sat></trkpt>
  <trkpt lat="26.41596667" lon="-80.16683167"><ele>9.942</ele><time>2026-07-18T16:57:30Z</time><speed>3.278</speed><sat>14</sat></trkpt>
  <trkpt lat="26.41598167" lon="-80.16685833"><ele>10.142</ele><time>2026-07-18T16:57:31Z</time><speed>3.176</speed><sat>14</sat></trkpt>
  <trkpt lat="26.41600500" lon="-80.16687500"><ele>10.242</ele><time>2026-07-18T16:57:32Z</time><speed>3.114</speed><sat>14</sat></trkpt>
  <trkpt lat="26.41603333" lon="-80.16690333"><ele>10.542</ele><time>2026-07-18T16:57:33Z</time><speed>3.074</speed><sat>14</sat></trkpt>
  <trkpt lat="26.41605667" lon="-80.16693167"><ele>10.742</ele><time>2026-07-18T16:57:34Z</time><speed>3.061</speed><sat>14</sat></trkpt>
  <trkpt lat="26.41607333" lon="-80.16695000"><ele>10.442</ele><time>2026-07-18T16:57:35Z</time><speed>3.034</speed><sat>14</sat></trkpt>
  <trkpt lat="26.41609000" lon="-80.16697333"><ele>10.342</ele><time>2026-07-18T16:57:36Z</time><speed>3.020</speed><sat>14</sat></trkpt>
  <trkpt lat="26.41610667" lon="-80.16700167"><ele>9.942</ele><time>2026-07-18T16:57:37Z</time><speed>3.022</speed><sat>14</sat></trkpt>
  <trkpt lat="26.41612667" lon="-80.16702833"><ele>9.742</ele><time>2026-07-18T16:57:38Z</time><speed>3.039</speed><sat>14</sat></trkpt>
  <trkpt lat="26.41614833" lon="-80.16705167"><ele>9.641</ele><time>2026-07-18T16:57:39Z</time><speed>3.032</speed><sat>14</sat></trkpt>
  <trkpt lat="26.41617000" lon="-80.16707000"><ele>9.541</ele><time>2026-07-18T16:57:40Z</time><speed>3.061</speed><sat>14</sat></trkpt>
  <trkpt lat="26.41619333" lon="-80.16708833"><ele>9.141</ele><time>2026-07-18T16:57:41Z</time><speed>3.134</speed><sat>14</sat></trkpt>
  <trkpt lat="26.41622333" lon="-80.16710667"><ele>8.841</ele><time>2026-07-18T16:57:42Z</time><speed>3.214</speed><sat>14</sat></trkpt>
  <trkpt lat="26.41625167" lon="-80.16712500"><ele>8.841</ele><time>2026-07-18T16:57:43Z</time><speed>3.232</speed><sat>14</sat></trkpt>
  <trkpt lat="26.41628000" lon="-80.16714333"><ele>9.341</ele><time>2026-07-18T16:57:44Z</time><speed>3.250</speed><sat>14</sat></trkpt>
  <trkpt lat="26.41630667" lon="-80.16715667"><ele>9.941</ele><time>2026-07-18T16:57:45Z</time><speed>3.252</speed><sat>14</sat></trkpt>
  <trkpt lat="26.41633500" lon="-80.16717167"><ele>9.941</ele><time>2026-07-18T16:57:46Z</time><speed>3.291</speed><sat>14</sat></trkpt>
  <trkpt lat="26.41636333" lon="-80.16719167"><ele>10.141</ele><time>2026-07-18T16:57:47Z</time><speed>3.297</speed><sat>14</sat></trkpt>
  <trkpt lat="26.41638333" lon="-80.16721000"><ele>10.741</ele><time>2026-07-18T16:57:48Z</time><speed>3.271</speed><sat>14</sat></trkpt>
  <trkpt lat="26.41641000" lon="-80.16723167"><ele>11.041</ele><time>2026-07-18T16:57:49Z</time><speed>3.265</speed><sat>14</sat></trkpt>
  <trkpt lat="26.41643333" lon="-80.16725500"><ele>11.941</ele><time>2026-07-18T16:57:50Z</time><speed>3.349</speed><sat>14</sat></trkpt>
  <trkpt lat="26.41645667" lon="-80.16727667"><ele>12.141</ele><time>2026-07-18T16:57:51Z</time><speed>3.435</speed><sat>14</sat></trkpt>
  <trkpt lat="26.41648500" lon="-80.16730167"><ele>12.241</ele><time>2026-07-18T16:57:52Z</time><speed>3.469</speed><sat>14</sat></trkpt>
  <trkpt lat="26.41651000" lon="-80.16731667"><ele>12.441</ele><time>2026-07-18T16:57:53Z</time><speed>3.474</speed><sat>14</sat></trkpt>
  <trkpt lat="26.41653500" lon="-80.16732833"><ele>12.041</ele><time>2026-07-18T16:57:54Z</time><speed>3.421</speed><sat>13</sat></trkpt>
  <trkpt lat="26.41655667" lon="-80.16733333"><ele>12.041</ele><time>2026-07-18T16:57:55Z</time><speed>3.352</speed><sat>14</sat></trkpt>
  <trkpt lat="26.41658833" lon="-80.16733833"><ele>12.041</ele><time>2026-07-18T16:57:56Z</time><speed>3.312</speed><sat>14</sat></trkpt>
  <trkpt lat="26.41661833" lon="-80.16735833"><ele>12.040</ele><time>2026-07-18T16:57:57Z</time><speed>3.336</speed><sat>14</sat></trkpt>
  <trkpt lat="26.41664500" lon="-80.16737000"><ele>12.040</ele><time>2026-07-18T16:57:58Z</time><speed>3.314</speed><sat>14</sat></trkpt>
  <trkpt lat="26.41667333" lon="-80.16738333"><ele>11.940</ele><time>2026-07-18T16:57:59Z</time><speed>3.288</speed><sat>14</sat></trkpt>
  <trkpt lat="26.41670333" lon="-80.16739667"><ele>11.240</ele><time>2026-07-18T16:58:00Z</time><speed>3.158</speed><sat>14</sat></trkpt>
  <trkpt lat="26.41673000" lon="-80.16741000"><ele>11.040</ele><time>2026-07-18T16:58:01Z</time><speed>3.080</speed><sat>14</sat></trkpt>
  <trkpt lat="26.41676167" lon="-80.16742167"><ele>10.540</ele><time>2026-07-18T16:58:02Z</time><speed>3.033</speed><sat>14</sat></trkpt>
  <trkpt lat="26.41679667" lon="-80.16743167"><ele>10.340</ele><time>2026-07-18T16:58:03Z</time><speed>3.031</speed><sat>14</sat></trkpt>
  <trkpt lat="26.41682667" lon="-80.16744000"><ele>10.240</ele><time>2026-07-18T16:58:04Z</time><speed>3.103</speed><sat>14</sat></trkpt>
  <trkpt lat="26.41686167" lon="-80.16745167"><ele>10.340</ele><time>2026-07-18T16:58:05Z</time><speed>3.223</speed><sat>14</sat></trkpt>
  <trkpt lat="26.41689500" lon="-80.16745833"><ele>10.440</ele><time>2026-07-18T16:58:06Z</time><speed>3.250</speed><sat>14</sat></trkpt>
  <trkpt lat="26.41692500" lon="-80.16746833"><ele>10.040</ele><time>2026-07-18T16:58:07Z</time><speed>3.244</speed><sat>14</sat></trkpt>
  <trkpt lat="26.41695500" lon="-80.16747333"><ele>9.840</ele><time>2026-07-18T16:58:08Z</time><speed>3.293</speed><sat>14</sat></trkpt>
  <trkpt lat="26.41698333" lon="-80.16747833"><ele>9.840</ele><time>2026-07-18T16:58:09Z</time><speed>3.353</speed><sat>14</sat></trkpt>
  <trkpt lat="26.41701000" lon="-80.16748333"><ele>9.540</ele><time>2026-07-18T16:58:10Z</time><speed>3.413</speed><sat>14</sat></trkpt>
  <trkpt lat="26.41703667" lon="-80.16748833"><ele>9.440</ele><time>2026-07-18T16:58:11Z</time><speed>3.430</speed><sat>14</sat></trkpt>
  <trkpt lat="26.41706667" lon="-80.16749333"><ele>9.140</ele><time>2026-07-18T16:58:12Z</time><speed>3.419</speed><sat>14</sat></trkpt>
  <trkpt lat="26.41708667" lon="-80.16749000"><ele>8.140</ele><time>2026-07-18T16:58:13Z</time><speed>3.360</speed><sat>14</sat></trkpt>
  <trkpt lat="26.41711167" lon="-80.16748833"><ele>7.740</ele><time>2026-07-18T16:58:14Z</time><speed>3.319</speed><sat>14</sat></trkpt>
  <trkpt lat="26.41713833" lon="-80.16749333"><ele>7.440</ele><time>2026-07-18T16:58:15Z</time><speed>3.271</speed><sat>14</sat></trkpt>
  <trkpt lat="26.41716000" lon="-80.16749833"><ele>7.440</ele><time>2026-07-18T16:58:16Z</time><speed>3.179</speed><sat>14</sat></trkpt>
  <trkpt lat="26.41718500" lon="-80.16750167"><ele>7.840</ele><time>2026-07-18T16:58:17Z</time><speed>3.115</speed><sat>14</sat></trkpt>
  <trkpt lat="26.41721333" lon="-80.16750167"><ele>7.440</ele><time>2026-07-18T16:58:18Z</time><speed>3.088</speed><sat>14</sat></trkpt>
  <trkpt lat="26.41723833" lon="-80.16750333"><ele>7.340</ele><time>2026-07-18T16:58:19Z</time><speed>3.020</speed><sat>14</sat></trkpt>
  <trkpt lat="26.41726167" lon="-80.16749833"><ele>7.040</ele><time>2026-07-18T16:58:20Z</time><speed>2.973</speed><sat>14</sat></trkpt>
  <trkpt lat="26.41728833" lon="-80.16750333"><ele>7.040</ele><time>2026-07-18T16:58:21Z</time><speed>2.927</speed><sat>14</sat></trkpt>
  <trkpt lat="26.41731000" lon="-80.16750500"><ele>7.040</ele><time>2026-07-18T16:58:22Z</time><speed>2.825</speed><sat>14</sat></trkpt>
  <trkpt lat="26.41733333" lon="-80.16752000"><ele>7.140</ele><time>2026-07-18T16:58:23Z</time><speed>2.760</speed><sat>14</sat></trkpt>
  <trkpt lat="26.41735833" lon="-80.16753667"><ele>7.540</ele><time>2026-07-18T16:58:24Z</time><speed>2.644</speed><sat>14</sat></trkpt>
  <trkpt lat="26.41737500" lon="-80.16755333"><ele>8.140</ele><time>2026-07-18T16:58:25Z</time><speed>2.514</speed><sat>14</sat></trkpt>
  <trkpt lat="26.41737500" lon="-80.16756333"><ele>7.340</ele><time>2026-07-18T16:58:26Z</time><speed>2.409</speed><sat>14</sat></trkpt>
  <trkpt lat="26.41737167" lon="-80.16758000"><ele>7.140</ele><time>2026-07-18T16:58:27Z</time><speed>2.274</speed><sat>14</sat></trkpt>
  <trkpt lat="26.41735667" lon="-80.16759500"><ele>7.240</ele><time>2026-07-18T16:58:28Z</time><speed>2.123</speed><sat>14</sat></trkpt>
  <trkpt lat="26.41733000" lon="-80.16760500"><ele>6.940</ele><time>2026-07-18T16:58:29Z</time><speed>2.076</speed><sat>14</sat></trkpt>
  <trkpt lat="26.41730667" lon="-80.16760500"><ele>6.540</ele><time>2026-07-18T16:58:30Z</time><speed>2.039</speed><sat>14</sat></trkpt>
  <trkpt lat="26.41728000" lon="-80.16760667"><ele>6.040</ele><time>2026-07-18T16:58:31Z</time><speed>2.062</speed><sat>14</sat></trkpt>
  <trkpt lat="26.41725167" lon="-80.16760833"><ele>5.840</ele><time>2026-07-18T16:58:32Z</time><speed>2.156</speed><sat>14</sat></trkpt>
  <trkpt lat="26.41722500" lon="-80.16760667"><ele>5.940</ele><time>2026-07-18T16:58:33Z</time><speed>2.227</speed><sat>14</sat></trkpt>
  <trkpt lat="26.41719833" lon="-80.16761167"><ele>6.340</ele><time>2026-07-18T16:58:34Z</time><speed>2.342</speed><sat>14</sat></trkpt>
  <trkpt lat="26.41717500" lon="-80.16760500"><ele>7.440</ele><time>2026-07-18T16:58:35Z</time><speed>2.455</speed><sat>14</sat></trkpt>
  <trkpt lat="26.41714667" lon="-80.16760833"><ele>8.640</ele><time>2026-07-18T16:58:36Z</time><speed>2.609</speed><sat>14</sat></trkpt>
  <trkpt lat="26.41711667" lon="-80.16760833"><ele>9.440</ele><time>2026-07-18T16:58:37Z</time><speed>2.783</speed><sat>14</sat></trkpt>
  <trkpt lat="26.41709000" lon="-80.16760500"><ele>9.340</ele><time>2026-07-18T16:58:38Z</time><speed>2.924</speed><sat>14</sat></trkpt>
  <trkpt lat="26.41706333" lon="-80.16760000"><ele>9.340</ele><time>2026-07-18T16:58:39Z</time><speed>2.969</speed><sat>14</sat></trkpt>
  <trkpt lat="26.41703333" lon="-80.16759667"><ele>9.040</ele><time>2026-07-18T16:58:40Z</time><speed>3.032</speed><sat>14</sat></trkpt>
  <trkpt lat="26.41700833" lon="-80.16759333"><ele>9.140</ele><time>2026-07-18T16:58:41Z</time><speed>3.010</speed><sat>14</sat></trkpt>
  <trkpt lat="26.41698333" lon="-80.16759000"><ele>9.140</ele><time>2026-07-18T16:58:42Z</time><speed>2.968</speed><sat>14</sat></trkpt>
  <trkpt lat="26.41696167" lon="-80.16758500"><ele>9.140</ele><time>2026-07-18T16:58:43Z</time><speed>2.949</speed><sat>14</sat></trkpt>
  <trkpt lat="26.41694000" lon="-80.16758167"><ele>9.140</ele><time>2026-07-18T16:58:44Z</time><speed>2.913</speed><sat>14</sat></trkpt>
  <trkpt lat="26.41692000" lon="-80.16758167"><ele>8.640</ele><time>2026-07-18T16:58:45Z</time><speed>2.838</speed><sat>14</sat></trkpt>
  <trkpt lat="26.41690500" lon="-80.16758833"><ele>8.440</ele><time>2026-07-18T16:58:46Z</time><speed>2.684</speed><sat>14</sat></trkpt>
  <trkpt lat="26.41689167" lon="-80.16759667"><ele>8.940</ele><time>2026-07-18T16:58:47Z</time><speed>2.527</speed><sat>14</sat></trkpt>
  <trkpt lat="26.41688667" lon="-80.16760167"><ele>9.740</ele><time>2026-07-18T16:58:48Z</time><speed>2.362</speed><sat>14</sat></trkpt>
  <trkpt lat="26.41687167" lon="-80.16761000"><ele>10.740</ele><time>2026-07-18T16:58:49Z</time><speed>2.274</speed><sat>14</sat></trkpt>
  <trkpt lat="26.41685000" lon="-80.16761667"><ele>11.240</ele><time>2026-07-18T16:58:50Z</time><speed>2.175</speed><sat>14</sat></trkpt>
  <trkpt lat="26.41682833" lon="-80.16762500"><ele>11.339</ele><time>2026-07-18T16:58:51Z</time><speed>2.143</speed><sat>14</sat></trkpt>
  <trkpt lat="26.41680833" lon="-80.16763500"><ele>11.439</ele><time>2026-07-18T16:58:52Z</time><speed>2.113</speed><sat>14</sat></trkpt>
  <trkpt lat="26.41678667" lon="-80.16764833"><ele>11.339</ele><time>2026-07-18T16:58:53Z</time><speed>2.100</speed><sat>14</sat></trkpt>
  <trkpt lat="26.41676000" lon="-80.16766000"><ele>11.039</ele><time>2026-07-18T16:58:54Z</time><speed>2.103</speed><sat>14</sat></trkpt>
  <trkpt lat="26.41673333" lon="-80.16766500"><ele>10.739</ele><time>2026-07-18T16:58:55Z</time><speed>2.142</speed><sat>14</sat></trkpt>
  <trkpt lat="26.41670833" lon="-80.16767000"><ele>10.239</ele><time>2026-07-18T16:58:56Z</time><speed>2.287</speed><sat>14</sat></trkpt>
  <trkpt lat="26.41668333" lon="-80.16767000"><ele>10.439</ele><time>2026-07-18T16:58:57Z</time><speed>2.402</speed><sat>14</sat></trkpt>
  <trkpt lat="26.41666000" lon="-80.16767000"><ele>10.639</ele><time>2026-07-18T16:58:58Z</time><speed>2.532</speed><sat>14</sat></trkpt>
  <trkpt lat="26.41663667" lon="-80.16766833"><ele>10.439</ele><time>2026-07-18T16:58:59Z</time><speed>2.593</speed><sat>14</sat></trkpt>
  <trkpt lat="26.41661167" lon="-80.16766667"><ele>10.439</ele><time>2026-07-18T16:59:00Z</time><speed>2.660</speed><sat>14</sat></trkpt>
  <trkpt lat="26.41658667" lon="-80.16766833"><ele>10.339</ele><time>2026-07-18T16:59:01Z</time><speed>2.683</speed><sat>14</sat></trkpt>
  <trkpt lat="26.41656167" lon="-80.16767667"><ele>10.539</ele><time>2026-07-18T16:59:02Z</time><speed>2.717</speed><sat>14</sat></trkpt>
  <trkpt lat="26.41654333" lon="-80.16769000"><ele>9.939</ele><time>2026-07-18T16:59:03Z</time><speed>2.730</speed><sat>14</sat></trkpt>
  <trkpt lat="26.41652333" lon="-80.16770333"><ele>9.239</ele><time>2026-07-18T16:59:04Z</time><speed>2.747</speed><sat>14</sat></trkpt>
  <trkpt lat="26.41650667" lon="-80.16772667"><ele>8.339</ele><time>2026-07-18T16:59:05Z</time><speed>2.781</speed><sat>14</sat></trkpt>
  <trkpt lat="26.41649167" lon="-80.16774833"><ele>7.539</ele><time>2026-07-18T16:59:06Z</time><speed>2.794</speed><sat>14</sat></trkpt>
  <trkpt lat="26.41647333" lon="-80.16777500"><ele>7.039</ele><time>2026-07-18T16:59:07Z</time><speed>2.836</speed><sat>14</sat></trkpt>
  <trkpt lat="26.41645833" lon="-80.16780167"><ele>6.839</ele><time>2026-07-18T16:59:08Z</time><speed>2.862</speed><sat>14</sat></trkpt>
  <trkpt lat="26.41644333" lon="-80.16782500"><ele>6.838</ele><time>2026-07-18T16:59:09Z</time><speed>2.867</speed><sat>14</sat></trkpt>
  <trkpt lat="26.41642833" lon="-80.16785000"><ele>6.738</ele><time>2026-07-18T16:59:10Z</time><speed>2.871</speed><sat>14</sat></trkpt>
  <trkpt lat="26.41641500" lon="-80.16787500"><ele>6.538</ele><time>2026-07-18T16:59:11Z</time><speed>2.884</speed><sat>14</sat></trkpt>
  <trkpt lat="26.41640500" lon="-80.16790167"><ele>6.538</ele><time>2026-07-18T16:59:12Z</time><speed>2.895</speed><sat>14</sat></trkpt>
  <trkpt lat="26.41639167" lon="-80.16793000"><ele>6.838</ele><time>2026-07-18T16:59:13Z</time><speed>2.928</speed><sat>14</sat></trkpt>
  <trkpt lat="26.41637500" lon="-80.16795167"><ele>5.938</ele><time>2026-07-18T16:59:14Z</time><speed>2.917</speed><sat>14</sat></trkpt>
  <trkpt lat="26.41635833" lon="-80.16797167"><ele>6.038</ele><time>2026-07-18T16:59:15Z</time><speed>2.910</speed><sat>14</sat></trkpt>
  <trkpt lat="26.41633833" lon="-80.16798667"><ele>5.938</ele><time>2026-07-18T16:59:16Z</time><speed>2.926</speed><sat>14</sat></trkpt>
  <trkpt lat="26.41631667" lon="-80.16800833"><ele>6.138</ele><time>2026-07-18T16:59:17Z</time><speed>2.931</speed><sat>14</sat></trkpt>
  <trkpt lat="26.41629500" lon="-80.16803500"><ele>6.037</ele><time>2026-07-18T16:59:18Z</time><speed>3.002</speed><sat>14</sat></trkpt>
  <trkpt lat="26.41627833" lon="-80.16806333"><ele>5.737</ele><time>2026-07-18T16:59:19Z</time><speed>3.056</speed><sat>14</sat></trkpt>
  <trkpt lat="26.41626333" lon="-80.16809667"><ele>5.237</ele><time>2026-07-18T16:59:20Z</time><speed>3.062</speed><sat>14</sat></trkpt>
  <trkpt lat="26.41625333" lon="-80.16812833"><ele>4.837</ele><time>2026-07-18T16:59:21Z</time><speed>3.061</speed><sat>14</sat></trkpt>
  <trkpt lat="26.41625167" lon="-80.16817000"><ele>3.837</ele><time>2026-07-18T16:59:22Z</time><speed>3.073</speed><sat>14</sat></trkpt>
  <trkpt lat="26.41624667" lon="-80.16820500"><ele>3.337</ele><time>2026-07-18T16:59:23Z</time><speed>3.085</speed><sat>14</sat></trkpt>
  <trkpt lat="26.41624333" lon="-80.16823667"><ele>3.437</ele><time>2026-07-18T16:59:24Z</time><speed>3.138</speed><sat>14</sat></trkpt>
  <trkpt lat="26.41623833" lon="-80.16827000"><ele>3.236</ele><time>2026-07-18T16:59:25Z</time><speed>3.168</speed><sat>14</sat></trkpt>
  <trkpt lat="26.41623833" lon="-80.16830000"><ele>3.136</ele><time>2026-07-18T16:59:26Z</time><speed>3.144</speed><sat>14</sat></trkpt>
  <trkpt lat="26.41624167" lon="-80.16833000"><ele>3.036</ele><time>2026-07-18T16:59:27Z</time><speed>3.128</speed><sat>14</sat></trkpt>
  <trkpt lat="26.41624500" lon="-80.16835833"><ele>3.136</ele><time>2026-07-18T16:59:28Z</time><speed>3.073</speed><sat>14</sat></trkpt>
  <trkpt lat="26.41625000" lon="-80.16838833"><ele>3.436</ele><time>2026-07-18T16:59:29Z</time><speed>3.052</speed><sat>14</sat></trkpt>
  <trkpt lat="26.41625000" lon="-80.16841833"><ele>3.536</ele><time>2026-07-18T16:59:30Z</time><speed>3.082</speed><sat>14</sat></trkpt>
  <trkpt lat="26.41625167" lon="-80.16844833"><ele>3.536</ele><time>2026-07-18T16:59:31Z</time><speed>3.121</speed><sat>14</sat></trkpt>
  <trkpt lat="26.41625167" lon="-80.16848167"><ele>3.536</ele><time>2026-07-18T16:59:32Z</time><speed>3.137</speed><sat>14</sat></trkpt>
  <trkpt lat="26.41625000" lon="-80.16851333"><ele>3.735</ele><time>2026-07-18T16:59:33Z</time><speed>3.148</speed><sat>14</sat></trkpt>
  <trkpt lat="26.41625167" lon="-80.16854500"><ele>3.535</ele><time>2026-07-18T16:59:34Z</time><speed>3.136</speed><sat>14</sat></trkpt>
  <trkpt lat="26.41625500" lon="-80.16857500"><ele>3.735</ele><time>2026-07-18T16:59:35Z</time><speed>3.115</speed><sat>14</sat></trkpt>
  <trkpt lat="26.41625333" lon="-80.16860667"><ele>3.935</ele><time>2026-07-18T16:59:36Z</time><speed>3.100</speed><sat>14</sat></trkpt>
  <trkpt lat="26.41624500" lon="-80.16863500"><ele>4.035</ele><time>2026-07-18T16:59:37Z</time><speed>3.088</speed><sat>14</sat></trkpt>
  <trkpt lat="26.41625333" lon="-80.16866667"><ele>4.435</ele><time>2026-07-18T16:59:38Z</time><speed>3.082</speed><sat>14</sat></trkpt>
  <trkpt lat="26.41626000" lon="-80.16870000"><ele>4.335</ele><time>2026-07-18T16:59:39Z</time><speed>3.109</speed><sat>14</sat></trkpt>
  <trkpt lat="26.41626833" lon="-80.16873333"><ele>4.635</ele><time>2026-07-18T16:59:40Z</time><speed>3.132</speed><sat>14</sat></trkpt>
  <trkpt lat="26.41627833" lon="-80.16876833"><ele>4.534</ele><time>2026-07-18T16:59:41Z</time><speed>3.122</speed><sat>14</sat></trkpt>
  <trkpt lat="26.41628333" lon="-80.16880667"><ele>4.534</ele><time>2026-07-18T16:59:42Z</time><speed>3.151</speed><sat>14</sat></trkpt>
  <trkpt lat="26.41628667" lon="-80.16884333"><ele>4.734</ele><time>2026-07-18T16:59:43Z</time><speed>3.204</speed><sat>14</sat></trkpt>
  <trkpt lat="26.41628667" lon="-80.16888167"><ele>4.734</ele><time>2026-07-18T16:59:44Z</time><speed>3.224</speed><sat>14</sat></trkpt>
  <trkpt lat="26.41628833" lon="-80.16891500"><ele>4.534</ele><time>2026-07-18T16:59:45Z</time><speed>3.274</speed><sat>14</sat></trkpt>
  <trkpt lat="26.41628500" lon="-80.16894667"><ele>4.934</ele><time>2026-07-18T16:59:46Z</time><speed>3.290</speed><sat>14</sat></trkpt>
  <trkpt lat="26.41629500" lon="-80.16898667"><ele>6.334</ele><time>2026-07-18T16:59:47Z</time><speed>3.310</speed><sat>14</sat></trkpt>
  <trkpt lat="26.41629000" lon="-80.16901667"><ele>7.033</ele><time>2026-07-18T16:59:48Z</time><speed>3.318</speed><sat>14</sat></trkpt>
  <trkpt lat="26.41629000" lon="-80.16904667"><ele>6.933</ele><time>2026-07-18T16:59:49Z</time><speed>3.326</speed><sat>14</sat></trkpt>
  <trkpt lat="26.41628833" lon="-80.16907833"><ele>7.033</ele><time>2026-07-18T16:59:50Z</time><speed>3.335</speed><sat>14</sat></trkpt>
  <trkpt lat="26.41628833" lon="-80.16910833"><ele>7.233</ele><time>2026-07-18T16:59:51Z</time><speed>3.341</speed><sat>14</sat></trkpt>
  <trkpt lat="26.41629000" lon="-80.16914000"><ele>7.233</ele><time>2026-07-18T16:59:52Z</time><speed>3.324</speed><sat>14</sat></trkpt>
  <trkpt lat="26.41629000" lon="-80.16917333"><ele>7.433</ele><time>2026-07-18T16:59:53Z</time><speed>3.276</speed><sat>14</sat></trkpt>
  <trkpt lat="26.41629167" lon="-80.16920833"><ele>7.633</ele><time>2026-07-18T16:59:54Z</time><speed>3.266</speed><sat>14</sat></trkpt>
  <trkpt lat="26.41629667" lon="-80.16923667"><ele>7.533</ele><time>2026-07-18T16:59:55Z</time><speed>3.251</speed><sat>14</sat></trkpt>
  <trkpt lat="26.41630167" lon="-80.16926667"><ele>7.332</ele><time>2026-07-18T16:59:56Z</time><speed>3.267</speed><sat>14</sat></trkpt>
  <trkpt lat="26.41630500" lon="-80.16929833"><ele>7.432</ele><time>2026-07-18T16:59:57Z</time><speed>3.291</speed><sat>14</sat></trkpt>
  <trkpt lat="26.41631167" lon="-80.16933333"><ele>7.432</ele><time>2026-07-18T16:59:58Z</time><speed>3.309</speed><sat>14</sat></trkpt>
  <trkpt lat="26.41631833" lon="-80.16936667"><ele>7.532</ele><time>2026-07-18T16:59:59Z</time><speed>3.287</speed><sat>14</sat></trkpt>
  <trkpt lat="26.41632333" lon="-80.16939833"><ele>7.532</ele><time>2026-07-18T17:00:00Z</time><speed>3.289</speed><sat>14</sat></trkpt>
  <trkpt lat="26.41633167" lon="-80.16943167"><ele>7.732</ele><time>2026-07-18T17:00:01Z</time><speed>3.284</speed><sat>14</sat></trkpt>
  <trkpt lat="26.41633500" lon="-80.16946500"><ele>7.732</ele><time>2026-07-18T17:00:02Z</time><speed>3.253</speed><sat>14</sat></trkpt>
  <trkpt lat="26.41633500" lon="-80.16949500"><ele>7.731</ele><time>2026-07-18T17:00:03Z</time><speed>3.226</speed><sat>14</sat></trkpt>
  <trkpt lat="26.41633000" lon="-80.16952000"><ele>5.431</ele><time>2026-07-18T17:00:04Z</time><speed>3.222</speed><sat>14</sat></trkpt>
  <trkpt lat="26.41632667" lon="-80.16954833"><ele>4.931</ele><time>2026-07-18T17:00:05Z</time><speed>3.194</speed><sat>14</sat></trkpt>
  <trkpt lat="26.41632333" lon="-80.16957667"><ele>4.531</ele><time>2026-07-18T17:00:06Z</time><speed>3.176</speed><sat>14</sat></trkpt>
  <trkpt lat="26.41632500" lon="-80.16960500"><ele>4.031</ele><time>2026-07-18T17:00:07Z</time><speed>3.160</speed><sat>14</sat></trkpt>
  <trkpt lat="26.41632000" lon="-80.16963500"><ele>4.131</ele><time>2026-07-18T17:00:08Z</time><speed>3.153</speed><sat>14</sat></trkpt>
  <trkpt lat="26.41631833" lon="-80.16966500"><ele>4.031</ele><time>2026-07-18T17:00:09Z</time><speed>3.150</speed><sat>14</sat></trkpt>
  <trkpt lat="26.41631667" lon="-80.16969667"><ele>3.831</ele><time>2026-07-18T17:00:10Z</time><speed>3.138</speed><sat>14</sat></trkpt>
  <trkpt lat="26.41631500" lon="-80.16972833"><ele>3.731</ele><time>2026-07-18T17:00:11Z</time><speed>3.148</speed><sat>14</sat></trkpt>
  <trkpt lat="26.41631167" lon="-80.16976167"><ele>3.530</ele><time>2026-07-18T17:00:12Z</time><speed>3.161</speed><sat>14</sat></trkpt>
  <trkpt lat="26.41630667" lon="-80.16979333"><ele>3.430</ele><time>2026-07-18T17:00:13Z</time><speed>3.192</speed><sat>14</sat></trkpt>
  <trkpt lat="26.41630167" lon="-80.16982500"><ele>3.230</ele><time>2026-07-18T17:00:14Z</time><speed>3.196</speed><sat>14</sat></trkpt>
  <trkpt lat="26.41629500" lon="-80.16985833"><ele>3.230</ele><time>2026-07-18T17:00:15Z</time><speed>3.208</speed><sat>14</sat></trkpt>
  <trkpt lat="26.41628667" lon="-80.16988833"><ele>3.130</ele><time>2026-07-18T17:00:16Z</time><speed>3.237</speed><sat>14</sat></trkpt>
  <trkpt lat="26.41628000" lon="-80.16992000"><ele>3.330</ele><time>2026-07-18T17:00:17Z</time><speed>3.228</speed><sat>14</sat></trkpt>
  <trkpt lat="26.41627333" lon="-80.16995167"><ele>3.430</ele><time>2026-07-18T17:00:18Z</time><speed>3.212</speed><sat>14</sat></trkpt>
  <trkpt lat="26.41627000" lon="-80.16998167"><ele>3.929</ele><time>2026-07-18T17:00:19Z</time><speed>3.195</speed><sat>14</sat></trkpt>
  <trkpt lat="26.41627000" lon="-80.17001000"><ele>4.029</ele><time>2026-07-18T17:00:20Z</time><speed>3.127</speed><sat>14</sat></trkpt>
  <trkpt lat="26.41627167" lon="-80.17003333"><ele>5.729</ele><time>2026-07-18T17:00:21Z</time><speed>3.041</speed><sat>14</sat></trkpt>
  <trkpt lat="26.41627833" lon="-80.17005000"><ele>7.029</ele><time>2026-07-18T17:00:22Z</time><speed>2.926</speed><sat>14</sat></trkpt>
  <trkpt lat="26.41629000" lon="-80.17006667"><ele>7.729</ele><time>2026-07-18T17:00:23Z</time><speed>2.791</speed><sat>14</sat></trkpt>
  <trkpt lat="26.41630500" lon="-80.17008833"><ele>8.229</ele><time>2026-07-18T17:00:24Z</time><speed>2.682</speed><sat>14</sat></trkpt>
  <trkpt lat="26.41631667" lon="-80.17010167"><ele>8.529</ele><time>2026-07-18T17:00:25Z</time><speed>2.570</speed><sat>14</sat></trkpt>
  <trkpt lat="26.41633500" lon="-80.17011500"><ele>8.629</ele><time>2026-07-18T17:00:26Z</time><speed>2.508</speed><sat>14</sat></trkpt>
  <trkpt lat="26.41635667" lon="-80.17012833"><ele>9.029</ele><time>2026-07-18T17:00:27Z</time><speed>2.432</speed><sat>14</sat></trkpt>
  <trkpt lat="26.41637833" lon="-80.17013833"><ele>9.429</ele><time>2026-07-18T17:00:28Z</time><speed>2.372</speed><sat>14</sat></trkpt>
  <trkpt lat="26.41640000" lon="-80.17015000"><ele>8.729</ele><time>2026-07-18T17:00:29Z</time><speed>2.318</speed><sat>14</sat></trkpt>
  <trkpt lat="26.41642333" lon="-80.17015500"><ele>8.629</ele><time>2026-07-18T17:00:30Z</time><speed>2.287</speed><sat>14</sat></trkpt>
  <trkpt lat="26.41644000" lon="-80.17015500"><ele>8.629</ele><time>2026-07-18T17:00:31Z</time><speed>2.287</speed><sat>14</sat></trkpt>
  <trkpt lat="26.41645833" lon="-80.17015500"><ele>8.929</ele><time>2026-07-18T17:00:32Z</time><speed>2.346</speed><sat>14</sat></trkpt>
  <trkpt lat="26.41647833" lon="-80.17015167"><ele>9.229</ele><time>2026-07-18T17:00:33Z</time><speed>2.378</speed><sat>14</sat></trkpt>
  <trkpt lat="26.41650000" lon="-80.17015000"><ele>9.629</ele><time>2026-07-18T17:00:34Z</time><speed>2.375</speed><sat>14</sat></trkpt>
  <trkpt lat="26.41652000" lon="-80.17015000"><ele>9.829</ele><time>2026-07-18T17:00:35Z</time><speed>2.361</speed><sat>14</sat></trkpt>
  <trkpt lat="26.41653667" lon="-80.17015000"><ele>10.029</ele><time>2026-07-18T17:00:36Z</time><speed>2.252</speed><sat>14</sat></trkpt>
  <trkpt lat="26.41655500" lon="-80.17014833"><ele>10.129</ele><time>2026-07-18T17:00:37Z</time><speed>2.182</speed><sat>14</sat></trkpt>
  <trkpt lat="26.41656833" lon="-80.17014833"><ele>10.229</ele><time>2026-07-18T17:00:38Z</time><speed>2.042</speed><sat>14</sat></trkpt>
  <trkpt lat="26.41657333" lon="-80.17014833"><ele>9.729</ele><time>2026-07-18T17:00:39Z</time><speed>1.803</speed><sat>14</sat></trkpt>
  <trkpt lat="26.41657167" lon="-80.17014667"><ele>9.529</ele><time>2026-07-18T17:00:40Z</time><speed>1.572</speed><sat>14</sat></trkpt>
  <trkpt lat="26.41657000" lon="-80.17014667"><ele>9.129</ele><time>2026-07-18T17:00:41Z</time><speed>1.333</speed><sat>14</sat></trkpt>
  <trkpt lat="26.41656833" lon="-80.17014667"><ele>8.929</ele><time>2026-07-18T17:00:42Z</time><speed>1.076</speed><sat>14</sat></trkpt>
  <trkpt lat="26.41656667" lon="-80.17014500"><ele>8.729</ele><time>2026-07-18T17:00:43Z</time><speed>0.849</speed><sat>14</sat></trkpt>
  <trkpt lat="26.41656667" lon="-80.17014333"><ele>8.629</ele><time>2026-07-18T17:00:44Z</time><speed>0.637</speed><sat>14</sat></trkpt>
  <trkpt lat="26.41656500" lon="-80.17014333"><ele>8.429</ele><time>2026-07-18T17:00:45Z</time><speed>0.452</speed><sat>14</sat></trkpt>
  <trkpt lat="26.41656500" lon="-80.17014333"><ele>8.329</ele><time>2026-07-18T17:00:46Z</time><speed>0.000</speed><sat>14</sat></trkpt>
  <trkpt lat="26.41656667" lon="-80.17014500"><ele>8.529</ele><time>2026-07-18T17:00:47Z</time><speed>0.000</speed><sat>14</sat></trkpt>
  <trkpt lat="26.41656667" lon="-80.17014833"><ele>8.929</ele><time>2026-07-18T17:00:48Z</time><speed>0.000</speed><sat>14</sat></trkpt>
  <trkpt lat="26.41656667" lon="-80.17014833"><ele>8.929</ele><time>2026-07-18T17:00:49Z</time><speed>0.000</speed><sat>14</sat></trkpt>
  <trkpt lat="26.41656667" lon="-80.17014833"><ele>8.929</ele><time>2026-07-18T17:00:50Z</time><speed>0.000</speed><sat>14</sat></trkpt>
  <trkpt lat="26.41656667" lon="-80.17014833"><ele>8.929</ele><time>2026-07-18T17:00:51Z</time><speed>0.000</speed><sat>14</sat></trkpt>
  <trkpt lat="26.41656667" lon="-80.17014833"><ele>8.929</ele><time>2026-07-18T17:00:52Z</time><speed>0.000</speed><sat>14</sat></trkpt>
  <trkpt lat="26.41656667" lon="-80.17014833"><ele>8.929</ele><time>2026-07-18T17:00:53Z</time><speed>0.000</speed><sat>14</sat></trkpt>
  <trkpt lat="26.41656667" lon="-80.17014833"><ele>8.929</ele><time>2026-07-18T17:00:54Z</time><speed>0.000</speed><sat>14</sat></trkpt>
  <trkpt lat="26.41656667" lon="-80.17014833"><ele>8.929</ele><time>2026-07-18T17:00:55Z</time><speed>0.000</speed><sat>14</sat></trkpt>
  <trkpt lat="26.41656667" lon="-80.17014833"><ele>8.929</ele><time>2026-07-18T17:00:56Z</time><speed>0.000</speed><sat>14</sat></trkpt>
  <trkpt lat="26.41656667" lon="-80.17014833"><ele>8.929</ele><time>2026-07-18T17:00:57Z</time><speed>0.000</speed><sat>14</sat></trkpt>
  <trkpt lat="26.41656667" lon="-80.17014833"><ele>8.929</ele><time>2026-07-18T17:00:58Z</time><speed>0.000</speed><sat>14</sat></trkpt>
  <trkpt lat="26.41656667" lon="-80.17014833"><ele>8.929</ele><time>2026-07-18T17:00:59Z</time><speed>0.000</speed><sat>14</sat></trkpt>
  <trkpt lat="26.41656667" lon="-80.17014833"><ele>8.929</ele><time>2026-07-18T17:01:00Z</time><speed>0.000</speed><sat>14</sat></trkpt>
  <trkpt lat="26.41656667" lon="-80.17014833"><ele>8.929</ele><time>2026-07-18T17:01:01Z</time><speed>0.000</speed><sat>14</sat></trkpt>
  <trkpt lat="26.41656667" lon="-80.17014833"><ele>8.929</ele><time>2026-07-18T17:01:02Z</time><speed>0.000</speed><sat>14</sat></trkpt>
  <trkpt lat="26.41656667" lon="-80.17014833"><ele>8.929</ele><time>2026-07-18T17:01:03Z</time><speed>0.000</speed><sat>14</sat></trkpt>
  <trkpt lat="26.41656667" lon="-80.17014833"><ele>8.929</ele><time>2026-07-18T17:01:04Z</time><speed>0.000</speed><sat>14</sat></trkpt>
  <trkpt lat="26.41656667" lon="-80.17014833"><ele>8.929</ele><time>2026-07-18T17:01:05Z</time><speed>0.000</speed><sat>14</sat></trkpt>
  <trkpt lat="26.41656667" lon="-80.17014833"><ele>8.929</ele><time>2026-07-18T17:01:06Z</time><speed>0.000</speed><sat>14</sat></trkpt>
  <trkpt lat="26.41656667" lon="-80.17014833"><ele>8.929</ele><time>2026-07-18T17:01:07Z</time><speed>0.000</speed><sat>14</sat></trkpt>
  <trkpt lat="26.41656667" lon="-80.17014833"><ele>8.929</ele><time>2026-07-18T17:01:08Z</time><speed>0.000</speed><sat>14</sat></trkpt>
  <trkpt lat="26.41656667" lon="-80.17014833"><ele>8.929</ele><time>2026-07-18T17:01:09Z</time><speed>0.000</speed><sat>14</sat></trkpt>
  <trkpt lat="26.41656667" lon="-80.17014833"><ele>8.929</ele><time>2026-07-18T17:01:10Z</time><speed>0.000</speed><sat>14</sat></trkpt>
  <trkpt lat="26.41656667" lon="-80.17014833"><ele>8.929</ele><time>2026-07-18T17:01:11Z</time><speed>0.000</speed><sat>14</sat></trkpt>
  <trkpt lat="26.41656667" lon="-80.17014833"><ele>8.929</ele><time>2026-07-18T17:01:12Z</time><speed>0.000</speed><sat>14</sat></trkpt>
  <trkpt lat="26.41656667" lon="-80.17014833"><ele>8.929</ele><time>2026-07-18T17:01:13Z</time><speed>0.000</speed><sat>14</sat></trkpt>
  <trkpt lat="26.41656667" lon="-80.17014833"><ele>8.929</ele><time>2026-07-18T17:01:14Z</time><speed>0.000</speed><sat>14</sat></trkpt>
  <trkpt lat="26.41656667" lon="-80.17014833"><ele>8.929</ele><time>2026-07-18T17:01:15Z</time><speed>0.000</speed><sat>14</sat></trkpt>
  <trkpt lat="26.41656667" lon="-80.17014833"><ele>8.929</ele><time>2026-07-18T17:01:16Z</time><speed>0.000</speed><sat>14</sat></trkpt>
  <trkpt lat="26.41656667" lon="-80.17014833"><ele>8.929</ele><time>2026-07-18T17:01:17Z</time><speed>0.000</speed><sat>14</sat></trkpt>
  <trkpt lat="26.41656667" lon="-80.17014833"><ele>8.929</ele><time>2026-07-18T17:01:18Z</time><speed>0.000</speed><sat>14</sat></trkpt>
  <trkpt lat="26.41656667" lon="-80.17014833"><ele>8.929</ele><time>2026-07-18T17:01:19Z</time><speed>0.000</speed><sat>14</sat></trkpt>
  <trkpt lat="26.41656667" lon="-80.17014833"><ele>8.929</ele><time>2026-07-18T17:01:20Z</time><speed>0.000</speed><sat>14</sat></trkpt>
  <trkpt lat="26.41656667" lon="-80.17014833"><ele>8.929</ele><time>2026-07-18T17:01:21Z</time><speed>0.000</speed><sat>14</sat></trkpt>
  <trkpt lat="26.41656667" lon="-80.17014833"><ele>8.929</ele><time>2026-07-18T17:01:22Z</time><speed>0.000</speed><sat>14</sat></trkpt>
  <trkpt lat="26.41656667" lon="-80.17014833"><ele>8.929</ele><time>2026-07-18T17:01:23Z</time><speed>0.000</speed><sat>14</sat></trkpt>
  <trkpt lat="26.41656667" lon="-80.17014833"><ele>8.929</ele><time>2026-07-18T17:01:24Z</time><speed>0.000</speed><sat>14</sat></trkpt>
  <trkpt lat="26.41656667" lon="-80.17014833"><ele>8.929</ele><time>2026-07-18T17:01:25Z</time><speed>0.000</speed><sat>14</sat></trkpt>
  <trkpt lat="26.41656667" lon="-80.17014833"><ele>8.929</ele><time>2026-07-18T17:01:26Z</time><speed>0.000</speed><sat>14</sat></trkpt>
  <trkpt lat="26.41656667" lon="-80.17014833"><ele>8.929</ele><time>2026-07-18T17:01:27Z</time><speed>0.000</speed><sat>14</sat></trkpt>
  <trkpt lat="26.41656667" lon="-80.17014833"><ele>8.929</ele><time>2026-07-18T17:01:28Z</time><speed>0.000</speed><sat>14</sat></trkpt>
  <trkpt lat="26.41656667" lon="-80.17014833"><ele>8.929</ele><time>2026-07-18T17:01:29Z</time><speed>0.000</speed><sat>14</sat></trkpt>
  <trkpt lat="26.41656667" lon="-80.17014833"><ele>8.929</ele><time>2026-07-18T17:01:30Z</time><speed>0.000</speed><sat>14</sat></trkpt>
  <trkpt lat="26.41656667" lon="-80.17014833"><ele>8.929</ele><time>2026-07-18T17:01:31Z</time><speed>0.000</speed><sat>14</sat></trkpt>
  <trkpt lat="26.41656667" lon="-80.17014833"><ele>8.929</ele><time>2026-07-18T17:01:32Z</time><speed>0.000</speed><sat>14</sat></trkpt>
  <trkpt lat="26.41656667" lon="-80.17014833"><ele>8.929</ele><time>2026-07-18T17:01:33Z</time><speed>0.000</speed><sat>14</sat></trkpt>
  <trkpt lat="26.41656667" lon="-80.17014833"><ele>8.929</ele><time>2026-07-18T17:01:34Z</time><speed>0.000</speed><sat>14</sat></trkpt>
  <trkpt lat="26.41656667" lon="-80.17014833"><ele>8.929</ele><time>2026-07-18T17:01:35Z</time><speed>0.000</speed><sat>14</sat></trkpt>
  <trkpt lat="26.41656667" lon="-80.17014833"><ele>8.929</ele><time>2026-07-18T17:01:36Z</time><speed>0.000</speed><sat>14</sat></trkpt>
  <trkpt lat="26.41656667" lon="-80.17014833"><ele>8.929</ele><time>2026-07-18T17:01:37Z</time><speed>0.000</speed><sat>14</sat></trkpt>
  <trkpt lat="26.41656667" lon="-80.17014833"><ele>8.929</ele><time>2026-07-18T17:01:38Z</time><speed>0.000</speed><sat>14</sat></trkpt>
  <trkpt lat="26.41656667" lon="-80.17014833"><ele>8.929</ele><time>2026-07-18T17:01:39Z</time><speed>0.000</speed><sat>14</sat></trkpt>
  <trkpt lat="26.41656667" lon="-80.17014833"><ele>8.929</ele><time>2026-07-18T17:01:40Z</time><speed>0.000</speed><sat>14</sat></trkpt>
  <trkpt lat="26.41656667" lon="-80.17014833"><ele>8.929</ele><time>2026-07-18T17:01:41Z</time><speed>0.000</speed><sat>14</sat></trkpt>
  <trkpt lat="26.41656667" lon="-80.17014833"><ele>8.929</ele><time>2026-07-18T17:01:42Z</time><speed>0.000</speed><sat>14</sat></trkpt>
  <trkpt lat="26.41656667" lon="-80.17014833"><ele>8.929</ele><time>2026-07-18T17:01:43Z</time><speed>0.000</speed><sat>14</sat></trkpt>
  <trkpt lat="26.41656667" lon="-80.17014833"><ele>8.929</ele><time>2026-07-18T17:01:44Z</time><speed>0.000</speed><sat>14</sat></trkpt>
  <trkpt lat="26.41656667" lon="-80.17014833"><ele>8.929</ele><time>2026-07-18T17:01:45Z</time><speed>0.000</speed><sat>14</sat></trkpt>
  <trkpt lat="26.41656667" lon="-80.17014833"><ele>8.929</ele><time>2026-07-18T17:01:46Z</time><speed>0.000</speed><sat>14</sat></trkpt>
  <trkpt lat="26.41656667" lon="-80.17014833"><ele>8.929</ele><time>2026-07-18T17:01:47Z</time><speed>0.000</speed><sat>14</sat></trkpt>
  <trkpt lat="26.41656667" lon="-80.17014833"><ele>8.929</ele><time>2026-07-18T17:01:48Z</time><speed>0.000</speed><sat>14</sat></trkpt>
  <trkpt lat="26.41656667" lon="-80.17014833"><ele>8.929</ele><time>2026-07-18T17:01:49Z</time><speed>0.000</speed><sat>14</sat></trkpt>
  <trkpt lat="26.41656667" lon="-80.17014833"><ele>8.929</ele><time>2026-07-18T17:01:50Z</time><speed>0.000</speed><sat>14</sat></trkpt>
  <trkpt lat="26.41656667" lon="-80.17014833"><ele>8.929</ele><time>2026-07-18T17:01:51Z</time><speed>0.000</speed><sat>14</sat></trkpt>
  <trkpt lat="26.41656667" lon="-80.17014833"><ele>8.929</ele><time>2026-07-18T17:01:52Z</time><speed>0.000</speed><sat>14</sat></trkpt>
  <trkpt lat="26.41656667" lon="-80.17014833"><ele>8.929</ele><time>2026-07-18T17:01:53Z</time><speed>0.000</speed><sat>14</sat></trkpt>
  <trkpt lat="26.41656667" lon="-80.17014833"><ele>8.929</ele><time>2026-07-18T17:01:54Z</time><speed>0.000</speed><sat>14</sat></trkpt>
  <trkpt lat="26.41656667" lon="-80.17014833"><ele>8.929</ele><time>2026-07-18T17:01:55Z</time><speed>0.000</speed><sat>14</sat></trkpt>
  <trkpt lat="26.41656667" lon="-80.17014833"><ele>8.929</ele><time>2026-07-18T17:01:56Z</time><speed>0.000</speed><sat>14</sat></trkpt>
  <trkpt lat="26.41656667" lon="-80.17014833"><ele>8.929</ele><time>2026-07-18T17:01:57Z</time><speed>0.000</speed><sat>14</sat></trkpt>
  <trkpt lat="26.41656667" lon="-80.17014833"><ele>8.929</ele><time>2026-07-18T17:01:58Z</time><speed>0.000</speed><sat>14</sat></trkpt>
  <trkpt lat="26.41656667" lon="-80.17014833"><ele>8.929</ele><time>2026-07-18T17:01:59Z</time><speed>0.000</speed><sat>14</sat></trkpt>
  <trkpt lat="26.41656667" lon="-80.17014833"><ele>8.929</ele><time>2026-07-18T17:02:00Z</time><speed>0.000</speed><sat>14</sat></trkpt>
  <trkpt lat="26.41656667" lon="-80.17014833"><ele>8.929</ele><time>2026-07-18T17:02:01Z</time><speed>0.000</speed><sat>14</sat></trkpt>
  <trkpt lat="26.41656667" lon="-80.17014833"><ele>8.929</ele><time>2026-07-18T17:02:02Z</time><speed>0.000</speed><sat>14</sat></trkpt>
  <trkpt lat="26.41656667" lon="-80.17014833"><ele>8.929</ele><time>2026-07-18T17:02:03Z</time><speed>0.000</speed><sat>14</sat></trkpt>
  <trkpt lat="26.41656667" lon="-80.17014833"><ele>8.929</ele><time>2026-07-18T17:02:04Z</time><speed>0.000</speed><sat>14</sat></trkpt>
  <trkpt lat="26.41656667" lon="-80.17014833"><ele>8.929</ele><time>2026-07-18T17:02:05Z</time><speed>0.000</speed><sat>14</sat></trkpt>
  <trkpt lat="26.41656667" lon="-80.17014833"><ele>8.929</ele><time>2026-07-18T17:02:06Z</time><speed>0.000</speed><sat>14</sat></trkpt>
  <trkpt lat="26.41656667" lon="-80.17014833"><ele>8.929</ele><time>2026-07-18T17:02:07Z</time><speed>0.000</speed><sat>14</sat></trkpt>
  <trkpt lat="26.41656667" lon="-80.17014833"><ele>8.929</ele><time>2026-07-18T17:02:08Z</time><speed>0.000</speed><sat>14</sat></trkpt>
  <trkpt lat="26.41656667" lon="-80.17014833"><ele>8.929</ele><time>2026-07-18T17:02:09Z</time><speed>0.000</speed><sat>14</sat></trkpt>
  <trkpt lat="26.41656667" lon="-80.17014833"><ele>8.929</ele><time>2026-07-18T17:02:10Z</time><speed>0.000</speed><sat>14</sat></trkpt>
  <trkpt lat="26.41656667" lon="-80.17014833"><ele>8.929</ele><time>2026-07-18T17:02:11Z</time><speed>0.000</speed><sat>14</sat></trkpt>
  <trkpt lat="26.41656667" lon="-80.17014833"><ele>8.929</ele><time>2026-07-18T17:02:12Z</time><speed>0.000</speed><sat>14</sat></trkpt>
  <trkpt lat="26.41656667" lon="-80.17014833"><ele>8.929</ele><time>2026-07-18T17:02:13Z</time><speed>0.000</speed><sat>14</sat></trkpt>
  <trkpt lat="26.41656667" lon="-80.17014833"><ele>8.929</ele><time>2026-07-18T17:02:14Z</time><speed>0.000</speed><sat>14</sat></trkpt>
  <trkpt lat="26.41656667" lon="-80.17014833"><ele>8.929</ele><time>2026-07-18T17:02:15Z</time><speed>0.000</speed><sat>14</sat></trkpt>
  <trkpt lat="26.41656667" lon="-80.17014833"><ele>8.929</ele><time>2026-07-18T17:02:16Z</time><speed>0.000</speed><sat>14</sat></trkpt>
  <trkpt lat="26.41656667" lon="-80.17014833"><ele>8.929</ele><time>2026-07-18T17:02:17Z</time><speed>0.000</speed><sat>14</sat></trkpt>
  <trkpt lat="26.41656667" lon="-80.17014833"><ele>8.929</ele><time>2026-07-18T17:02:18Z</time><speed>0.000</speed><sat>14</sat></trkpt>
  <trkpt lat="26.41656667" lon="-80.17014833"><ele>8.929</ele><time>2026-07-18T17:02:19Z</time><speed>0.000</speed><sat>14</sat></trkpt>
  <trkpt lat="26.41656667" lon="-80.17014833"><ele>8.929</ele><time>2026-07-18T17:02:20Z</time><speed>0.000</speed><sat>14</sat></trkpt>
  <trkpt lat="26.41656667" lon="-80.17014833"><ele>8.929</ele><time>2026-07-18T17:02:21Z</time><speed>0.000</speed><sat>14</sat></trkpt>
  <trkpt lat="26.41656667" lon="-80.17014833"><ele>8.929</ele><time>2026-07-18T17:02:22Z</time><speed>0.000</speed><sat>14</sat></trkpt>
  <trkpt lat="26.41656667" lon="-80.17014833"><ele>8.929</ele><time>2026-07-18T17:02:23Z</time><speed>0.000</speed><sat>14</sat></trkpt>
  <trkpt lat="26.41656667" lon="-80.17014833"><ele>8.929</ele><time>2026-07-18T17:02:24Z</time><speed>0.000</speed><sat>14</sat></trkpt>
  <trkpt lat="26.41656667" lon="-80.17014833"><ele>8.929</ele><time>2026-07-18T17:02:25Z</time><speed>0.000</speed><sat>14</sat></trkpt>
  <trkpt lat="26.41656667" lon="-80.17014833"><ele>8.929</ele><time>2026-07-18T17:02:26Z</time><speed>0.000</speed><sat>14</sat></trkpt>
  <trkpt lat="26.41656667" lon="-80.17014833"><ele>8.929</ele><time>2026-07-18T17:02:27Z</time><speed>0.000</speed><sat>14</sat></trkpt>
  <trkpt lat="26.41656667" lon="-80.17014833"><ele>8.929</ele><time>2026-07-18T17:02:28Z</time><speed>0.000</speed><sat>14</sat></trkpt>
  <trkpt lat="26.41656667" lon="-80.17014833"><ele>8.929</ele><time>2026-07-18T17:02:29Z</time><speed>0.000</speed><sat>14</sat></trkpt>
  <trkpt lat="26.41656667" lon="-80.17014833"><ele>8.929</ele><time>2026-07-18T17:02:30Z</time><speed>0.000</speed><sat>14</sat></trkpt>
  <trkpt lat="26.41656667" lon="-80.17014833"><ele>8.929</ele><time>2026-07-18T17:02:31Z</time><speed>0.000</speed><sat>14</sat></trkpt>
  <trkpt lat="26.41656667" lon="-80.17014833"><ele>8.929</ele><time>2026-07-18T17:02:32Z</time><speed>0.000</speed><sat>14</sat></trkpt>
  <trkpt lat="26.41656667" lon="-80.17014833"><ele>8.929</ele><time>2026-07-18T17:02:33Z</time><speed>0.000</speed><sat>14</sat></trkpt>
  <trkpt lat="26.41656667" lon="-80.17014833"><ele>8.929</ele><time>2026-07-18T17:02:34Z</time><speed>0.000</speed><sat>14</sat></trkpt>
  <trkpt lat="26.41656667" lon="-80.17014833"><ele>8.929</ele><time>2026-07-18T17:02:35Z</time><speed>0.000</speed><sat>14</sat></trkpt>
  <trkpt lat="26.41656667" lon="-80.17014833"><ele>8.929</ele><time>2026-07-18T17:02:36Z</time><speed>0.000</speed><sat>14</sat></trkpt>
  <trkpt lat="26.41656667" lon="-80.17014833"><ele>8.929</ele><time>2026-07-18T17:02:37Z</time><speed>0.000</speed><sat>14</sat></trkpt>
  <trkpt lat="26.41656667" lon="-80.17014833"><ele>8.929</ele><time>2026-07-18T17:02:38Z</time><speed>0.000</speed><sat>14</sat></trkpt>
  <trkpt lat="26.41656667" lon="-80.17014833"><ele>8.929</ele><time>2026-07-18T17:02:39Z</time><speed>0.000</speed><sat>14</sat></trkpt>
  <trkpt lat="26.41656667" lon="-80.17014833"><ele>8.929</ele><time>2026-07-18T17:02:40Z</time><speed>0.000</speed><sat>14</sat></trkpt>
  <trkpt lat="26.41656667" lon="-80.17014833"><ele>8.929</ele><time>2026-07-18T17:02:41Z</time><speed>0.000</speed><sat>14</sat></trkpt>
  <trkpt lat="26.41656667" lon="-80.17014833"><ele>8.929</ele><time>2026-07-18T17:02:42Z</time><speed>0.000</speed><sat>14</sat></trkpt>
  <trkpt lat="26.41656667" lon="-80.17014833"><ele>8.929</ele><time>2026-07-18T17:02:43Z</time><speed>0.000</speed><sat>14</sat></trkpt>
  <trkpt lat="26.41656667" lon="-80.17014833"><ele>8.929</ele><time>2026-07-18T17:02:44Z</time><speed>0.000</speed><sat>14</sat></trkpt>
  <trkpt lat="26.41656667" lon="-80.17014833"><ele>8.929</ele><time>2026-07-18T17:02:45Z</time><speed>0.000</speed><sat>14</sat></trkpt>
  <trkpt lat="26.41656667" lon="-80.17014833"><ele>8.929</ele><time>2026-07-18T17:02:46Z</time><speed>0.000</speed><sat>14</sat></trkpt>
  <trkpt lat="26.41656667" lon="-80.17014833"><ele>8.929</ele><time>2026-07-18T17:02:47Z</time><speed>0.000</speed><sat>14</sat></trkpt>
  <trkpt lat="26.41656667" lon="-80.17014833"><ele>8.929</ele><time>2026-07-18T17:02:48Z</time><speed>0.000</speed><sat>14</sat></trkpt>
  <trkpt lat="26.41656667" lon="-80.17014833"><ele>8.929</ele><time>2026-07-18T17:02:49Z</time><speed>0.000</speed><sat>14</sat></trkpt>
  <trkpt lat="26.41656667" lon="-80.17014833"><ele>8.929</ele><time>2026-07-18T17:02:50Z</time><speed>0.000</speed><sat>14</sat></trkpt>
  <trkpt lat="26.41656667" lon="-80.17014833"><ele>8.929</ele><time>2026-07-18T17:02:51Z</time><speed>0.000</speed><sat>14</sat></trkpt>
  <trkpt lat="26.41656667" lon="-80.17014833"><ele>8.929</ele><time>2026-07-18T17:02:52Z</time><speed>0.000</speed><sat>14</sat></trkpt>
  <trkpt lat="26.41656667" lon="-80.17014833"><ele>8.929</ele><time>2026-07-18T17:02:53Z</time><speed>0.000</speed><sat>14</sat></trkpt>
  <trkpt lat="26.41656667" lon="-80.17014833"><ele>8.929</ele><time>2026-07-18T17:02:54Z</time><speed>0.000</speed><sat>14</sat></trkpt>
  <trkpt lat="26.41656667" lon="-80.17014833"><ele>8.929</ele><time>2026-07-18T17:02:55Z</time><speed>0.000</speed><sat>14</sat></trkpt>
  <trkpt lat="26.41656667" lon="-80.17014833"><ele>8.929</ele><time>2026-07-18T17:02:56Z</time><speed>0.000</speed><sat>14</sat></trkpt>
  <trkpt lat="26.41656667" lon="-80.17014833"><ele>8.929</ele><time>2026-07-18T17:02:57Z</time><speed>0.000</speed><sat>14</sat></trkpt>
  <trkpt lat="26.41656667" lon="-80.17014833"><ele>8.929</ele><time>2026-07-18T17:02:58Z</time><speed>0.000</speed><sat>14</sat></trkpt>
  <trkpt lat="26.41656667" lon="-80.17014833"><ele>8.929</ele><time>2026-07-18T17:02:59Z</time><speed>0.000</speed><sat>14</sat></trkpt>
  <trkpt lat="26.41656667" lon="-80.17014833"><ele>8.929</ele><time>2026-07-18T17:03:00Z</time><speed>0.000</speed><sat>14</sat></trkpt>
  <trkpt lat="26.41656667" lon="-80.17014833"><ele>8.929</ele><time>2026-07-18T17:03:01Z</time><speed>0.000</speed><sat>14</sat></trkpt>
  <trkpt lat="26.41656667" lon="-80.17014833"><ele>8.929</ele><time>2026-07-18T17:03:02Z</time><speed>0.000</speed><sat>14</sat></trkpt>
  <trkpt lat="26.41656667" lon="-80.17014833"><ele>8.929</ele><time>2026-07-18T17:03:03Z</time><speed>0.000</speed><sat>14</sat></trkpt>
  <trkpt lat="26.41656667" lon="-80.17014833"><ele>8.929</ele><time>2026-07-18T17:03:04Z</time><speed>0.000</speed><sat>14</sat></trkpt>
  <trkpt lat="26.41656667" lon="-80.17014833"><ele>8.929</ele><time>2026-07-18T17:03:05Z</time><speed>0.000</speed><sat>14</sat></trkpt>
  <trkpt lat="26.41656667" lon="-80.17014833"><ele>8.929</ele><time>2026-07-18T17:03:06Z</time><speed>0.000</speed><sat>14</sat></trkpt>
  <trkpt lat="26.41656667" lon="-80.17014833"><ele>8.929</ele><time>2026-07-18T17:03:07Z</time><speed>0.000</speed><sat>14</sat></trkpt>
  <trkpt lat="26.41656667" lon="-80.17014833"><ele>8.929</ele><time>2026-07-18T17:03:08Z</time><speed>0.000</speed><sat>14</sat></trkpt>
  <trkpt lat="26.41656667" lon="-80.17014833"><ele>8.929</ele><time>2026-07-18T17:03:09Z</time><speed>0.000</speed><sat>14</sat></trkpt>
  <trkpt lat="26.41656667" lon="-80.17014833"><ele>8.929</ele><time>2026-07-18T17:03:10Z</time><speed>0.000</speed><sat>14</sat></trkpt>
  <trkpt lat="26.41656667" lon="-80.17014833"><ele>8.929</ele><time>2026-07-18T17:03:11Z</time><speed>0.000</speed><sat>14</sat></trkpt>
  <trkpt lat="26.41656667" lon="-80.17014833"><ele>8.929</ele><time>2026-07-18T17:03:12Z</time><speed>0.000</speed><sat>14</sat></trkpt>
  <trkpt lat="26.41656667" lon="-80.17014833"><ele>8.929</ele><time>2026-07-18T17:03:13Z</time><speed>0.000</speed><sat>14</sat></trkpt>
  <trkpt lat="26.41656667" lon="-80.17014833"><ele>8.929</ele><time>2026-07-18T17:03:14Z</time><speed>0.000</speed><sat>14</sat></trkpt>
  <trkpt lat="26.41656667" lon="-80.17014833"><ele>8.929</ele><time>2026-07-18T17:03:15Z</time><speed>0.000</speed><sat>14</sat></trkpt>
  <trkpt lat="26.41656667" lon="-80.17014833"><ele>8.929</ele><time>2026-07-18T17:03:16Z</time><speed>0.000</speed><sat>14</sat></trkpt>
  <trkpt lat="26.41656667" lon="-80.17014833"><ele>8.929</ele><time>2026-07-18T17:03:17Z</time><speed>0.000</speed><sat>14</sat></trkpt>
  <trkpt lat="26.41656667" lon="-80.17014833"><ele>8.929</ele><time>2026-07-18T17:03:18Z</time><speed>0.000</speed><sat>14</sat></trkpt>
  <trkpt lat="26.41656667" lon="-80.17014833"><ele>8.929</ele><time>2026-07-18T17:03:19Z</time><speed>0.000</speed><sat>14</sat></trkpt>
  <trkpt lat="26.41656667" lon="-80.17014833"><ele>8.929</ele><time>2026-07-18T17:03:20Z</time><speed>0.000</speed><sat>14</sat></trkpt>
  <trkpt lat="26.41656667" lon="-80.17014833"><ele>8.929</ele><time>2026-07-18T17:03:21Z</time><speed>0.000</speed><sat>14</sat></trkpt>
  <trkpt lat="26.41656667" lon="-80.17014833"><ele>8.929</ele><time>2026-07-18T17:03:22Z</time><speed>0.000</speed><sat>14</sat></trkpt>
  <trkpt lat="26.41656667" lon="-80.17014833"><ele>8.929</ele><time>2026-07-18T17:03:23Z</time><speed>0.000</speed><sat>14</sat></trkpt>
  <trkpt lat="26.41656667" lon="-80.17014833"><ele>8.929</ele><time>2026-07-18T17:03:24Z</time><speed>0.000</speed><sat>14</sat></trkpt>
  <trkpt lat="26.41656667" lon="-80.17014833"><ele>8.929</ele><time>2026-07-18T17:03:25Z</time><speed>0.000</speed><sat>14</sat></trkpt>
  <trkpt lat="26.41656667" lon="-80.17014833"><ele>8.929</ele><time>2026-07-18T17:03:26Z</time><speed>0.000</speed><sat>14</sat></trkpt>
  <trkpt lat="26.41656667" lon="-80.17014833"><ele>8.929</ele><time>2026-07-18T17:03:27Z</time><speed>0.000</speed><sat>14</sat></trkpt>
  <trkpt lat="26.41656667" lon="-80.17014833"><ele>8.929</ele><time>2026-07-18T17:03:28Z</time><speed>0.000</speed><sat>14</sat></trkpt>
  <trkpt lat="26.41656667" lon="-80.17014833"><ele>8.929</ele><time>2026-07-18T17:03:29Z</time><speed>0.000</speed><sat>14</sat></trkpt>
  <trkpt lat="26.41656667" lon="-80.17014833"><ele>8.929</ele><time>2026-07-18T17:03:30Z</time><speed>0.000</speed><sat>14</sat></trkpt>
  <trkpt lat="26.41656667" lon="-80.17014833"><ele>8.929</ele><time>2026-07-18T17:03:31Z</time><speed>0.000</speed><sat>14</sat></trkpt>
  <trkpt lat="26.41656667" lon="-80.17014833"><ele>8.929</ele><time>2026-07-18T17:03:32Z</time><speed>0.000</speed><sat>14</sat></trkpt>
  <trkpt lat="26.41656667" lon="-80.17014833"><ele>8.929</ele><time>2026-07-18T17:03:33Z</time><speed>0.000</speed><sat>14</sat></trkpt>
  <trkpt lat="26.41656667" lon="-80.17014833"><ele>8.929</ele><time>2026-07-18T17:03:34Z</time><speed>0.000</speed><sat>14</sat></trkpt>
  <trkpt lat="26.41656667" lon="-80.17014833"><ele>8.929</ele><time>2026-07-18T17:03:35Z</time><speed>0.000</speed><sat>14</sat></trkpt>
  <trkpt lat="26.41656667" lon="-80.17014833"><ele>8.929</ele><time>2026-07-18T17:03:36Z</time><speed>0.000</speed><sat>14</sat></trkpt>
  <trkpt lat="26.41656667" lon="-80.17014833"><ele>8.929</ele><time>2026-07-18T17:03:37Z</time><speed>0.000</speed><sat>14</sat></trkpt>
  <trkpt lat="26.41656667" lon="-80.17014833"><ele>8.929</ele><time>2026-07-18T17:03:38Z</time><speed>0.000</speed><sat>14</sat></trkpt>
  <trkpt lat="26.41656667" lon="-80.17014833"><ele>8.929</ele><time>2026-07-18T17:03:39Z</time><speed>0.000</speed><sat>14</sat></trkpt>
  <trkpt lat="26.41656667" lon="-80.17014833"><ele>8.929</ele><time>2026-07-18T17:03:40Z</time><speed>0.000</speed><sat>14</sat></trkpt>
  <trkpt lat="26.41656667" lon="-80.17014833"><ele>8.929</ele><time>2026-07-18T17:03:41Z</time><speed>0.000</speed><sat>14</sat></trkpt>
  <trkpt lat="26.41656667" lon="-80.17014833"><ele>8.929</ele><time>2026-07-18T17:03:42Z</time><speed>0.000</speed><sat>14</sat></trkpt>
  <trkpt lat="26.41656667" lon="-80.17014833"><ele>8.929</ele><time>2026-07-18T17:03:43Z</time><speed>0.000</speed><sat>14</sat></trkpt>
  <trkpt lat="26.41656667" lon="-80.17014833"><ele>8.929</ele><time>2026-07-18T17:03:44Z</time><speed>0.000</speed><sat>14</sat></trkpt>
  <trkpt lat="26.41656667" lon="-80.17014833"><ele>8.929</ele><time>2026-07-18T17:03:45Z</time><speed>0.000</speed><sat>14</sat></trkpt>
  <trkpt lat="26.41656667" lon="-80.17014833"><ele>8.929</ele><time>2026-07-18T17:03:46Z</time><speed>0.000</speed><sat>14</sat></trkpt>
  <trkpt lat="26.41656667" lon="-80.17014833"><ele>8.929</ele><time>2026-07-18T17:03:47Z</time><speed>0.000</speed><sat>14</sat></trkpt>
  <trkpt lat="26.41656667" lon="-80.17014833"><ele>8.929</ele><time>2026-07-18T17:03:48Z</time><speed>0.000</speed><sat>14</sat></trkpt>
  <trkpt lat="26.41656667" lon="-80.17014833"><ele>8.929</ele><time>2026-07-18T17:03:49Z</time><speed>0.000</speed><sat>14</sat></trkpt>
  <trkpt lat="26.41656667" lon="-80.17014833"><ele>8.929</ele><time>2026-07-18T17:03:50Z</time><speed>0.000</speed><sat>14</sat></trkpt>
  <trkpt lat="26.41656667" lon="-80.17014833"><ele>8.929</ele><time>2026-07-18T17:03:51Z</time><speed>0.000</speed><sat>14</sat></trkpt>
  <trkpt lat="26.41656667" lon="-80.17014833"><ele>8.929</ele><time>2026-07-18T17:03:52Z</time><speed>0.000</speed><sat>14</sat></trkpt>
  <trkpt lat="26.41656667" lon="-80.17014833"><ele>8.929</ele><time>2026-07-18T17:03:53Z</time><speed>0.000</speed><sat>14</sat></trkpt>
  <trkpt lat="26.41656667" lon="-80.17014833"><ele>8.929</ele><time>2026-07-18T17:03:54Z</time><speed>0.000</speed><sat>14</sat></trkpt>
  <trkpt lat="26.41656667" lon="-80.17014833"><ele>8.929</ele><time>2026-07-18T17:03:55Z</time><speed>0.000</speed><sat>14</sat></trkpt>
  <trkpt lat="26.41656667" lon="-80.17014833"><ele>8.929</ele><time>2026-07-18T17:03:56Z</time><speed>0.000</speed><sat>14</sat></trkpt>
  <trkpt lat="26.41656667" lon="-80.17014833"><ele>8.929</ele><time>2026-07-18T17:03:57Z</time><speed>0.000</speed><sat>14</sat></trkpt>
  <trkpt lat="26.41656667" lon="-80.17014833"><ele>8.929</ele><time>2026-07-18T17:03:58Z</time><speed>0.000</speed><sat>14</sat></trkpt>
  <trkpt lat="26.41656667" lon="-80.17014833"><ele>8.929</ele><time>2026-07-18T17:03:59Z</time><speed>0.000</speed><sat>14</sat></trkpt>
  <trkpt lat="26.41656667" lon="-80.17014833"><ele>8.929</ele><time>2026-07-18T17:04:00Z</time><speed>0.000</speed><sat>14</sat></trkpt>
  <trkpt lat="26.41656667" lon="-80.17014833"><ele>8.929</ele><time>2026-07-18T17:04:01Z</time><speed>0.000</speed><sat>14</sat></trkpt>
  <trkpt lat="26.41656667" lon="-80.17014833"><ele>8.929</ele><time>2026-07-18T17:04:02Z</time><speed>0.000</speed><sat>14</sat></trkpt>
  <trkpt lat="26.41656667" lon="-80.17014833"><ele>8.929</ele><time>2026-07-18T17:04:03Z</time><speed>0.000</speed><sat>14</sat></trkpt>
  <trkpt lat="26.41656667" lon="-80.17014833"><ele>8.929</ele><time>2026-07-18T17:04:04Z</time><speed>0.000</speed><sat>14</sat></trkpt>
  <trkpt lat="26.41656667" lon="-80.17014833"><ele>8.929</ele><time>2026-07-18T17:04:05Z</time><speed>0.000</speed><sat>14</sat></trkpt>
  <trkpt lat="26.41656667" lon="-80.17014833"><ele>8.929</ele><time>2026-07-18T17:04:06Z</time><speed>0.000</speed><sat>14</sat></trkpt>
  <trkpt lat="26.41656667" lon="-80.17014833"><ele>8.929</ele><time>2026-07-18T17:04:07Z</time><speed>0.000</speed><sat>14</sat></trkpt>
  <trkpt lat="26.41656667" lon="-80.17014833"><ele>8.929</ele><time>2026-07-18T17:04:08Z</time><speed>0.000</speed><sat>14</sat></trkpt>
  <trkpt lat="26.41656667" lon="-80.17014833"><ele>8.929</ele><time>2026-07-18T17:04:09Z</time><speed>0.000</speed><sat>14</sat></trkpt>
  <trkpt lat="26.41656667" lon="-80.17014833"><ele>8.929</ele><time>2026-07-18T17:04:10Z</time><speed>0.000</speed><sat>14</sat></trkpt>
  <trkpt lat="26.41656667" lon="-80.17014833"><ele>8.929</ele><time>2026-07-18T17:04:11Z</time><speed>0.000</speed><sat>14</sat></trkpt>
  <trkpt lat="26.41656667" lon="-80.17014833"><ele>8.929</ele><time>2026-07-18T17:04:12Z</time><speed>0.000</speed><sat>14</sat></trkpt>
  <trkpt lat="26.41656667" lon="-80.17014833"><ele>8.929</ele><time>2026-07-18T17:04:13Z</time><speed>0.000</speed><sat>14</sat></trkpt>
  <trkpt lat="26.41656667" lon="-80.17014833"><ele>8.929</ele><time>2026-07-18T17:04:14Z</time><speed>0.000</speed><sat>14</sat></trkpt>
  <trkpt lat="26.41656667" lon="-80.17014833"><ele>8.929</ele><time>2026-07-18T17:04:15Z</time><speed>0.000</speed><sat>14</sat></trkpt>
  <trkpt lat="26.41656667" lon="-80.17014833"><ele>8.929</ele><time>2026-07-18T17:04:16Z</time><speed>0.000</speed><sat>14</sat></trkpt>
  <trkpt lat="26.41656667" lon="-80.17014833"><ele>8.929</ele><time>2026-07-18T17:04:17Z</time><speed>0.000</speed><sat>14</sat></trkpt>
  <trkpt lat="26.41656667" lon="-80.17014833"><ele>8.929</ele><time>2026-07-18T17:04:18Z</time><speed>0.000</speed><sat>14</sat></trkpt>
  <trkpt lat="26.41656667" lon="-80.17014833"><ele>8.929</ele><time>2026-07-18T17:04:19Z</time><speed>0.000</speed><sat>14</sat></trkpt>
  <trkpt lat="26.41656667" lon="-80.17014833"><ele>8.929</ele><time>2026-07-18T17:04:20Z</time><speed>0.000</speed><sat>14</sat></trkpt>
  <trkpt lat="26.41656667" lon="-80.17014833"><ele>8.929</ele><time>2026-07-18T17:04:21Z</time><speed>0.000</speed><sat>14</sat></trkpt>
  <trkpt lat="26.41656667" lon="-80.17014833"><ele>8.929</ele><time>2026-07-18T17:04:22Z</time><speed>0.000</speed><sat>14</sat></trkpt>
  <trkpt lat="26.41656667" lon="-80.17014833"><ele>8.929</ele><time>2026-07-18T17:04:23Z</time><speed>0.000</speed><sat>14</sat></trkpt>
  <trkpt lat="26.41656667" lon="-80.17014833"><ele>8.929</ele><time>2026-07-18T17:04:24Z</time><speed>0.000</speed><sat>14</sat></trkpt>
  <trkpt lat="26.41656667" lon="-80.17014833"><ele>8.929</ele><time>2026-07-18T17:04:25Z</time><speed>0.000</speed><sat>14</sat></trkpt>
  <trkpt lat="26.41656667" lon="-80.17014833"><ele>8.929</ele><time>2026-07-18T17:04:26Z</time><speed>0.000</speed><sat>14</sat></trkpt>
  <trkpt lat="26.41657000" lon="-80.17012500"><ele>16.429</ele><time>2026-07-18T17:04:27Z</time><speed>0.156</speed><sat>14</sat></trkpt>
  <trkpt lat="26.41657167" lon="-80.17012333"><ele>16.429</ele><time>2026-07-18T17:04:28Z</time><speed>0.000</speed><sat>14</sat></trkpt>
  <trkpt lat="26.41657000" lon="-80.17012333"><ele>16.529</ele><time>2026-07-18T17:04:29Z</time><speed>0.000</speed><sat>14</sat></trkpt>
  <trkpt lat="26.41656833" lon="-80.17012167"><ele>16.629</ele><time>2026-07-18T17:04:30Z</time><speed>0.000</speed><sat>14</sat></trkpt>
  <trkpt lat="26.41656833" lon="-80.17012167"><ele>16.629</ele><time>2026-07-18T17:04:31Z</time><speed>0.000</speed><sat>14</sat></trkpt>
  <trkpt lat="26.41656833" lon="-80.17012167"><ele>16.629</ele><time>2026-07-18T17:04:32Z</time><speed>0.000</speed><sat>14</sat></trkpt>
  <trkpt lat="26.41656833" lon="-80.17012167"><ele>16.629</ele><time>2026-07-18T17:04:33Z</time><speed>0.000</speed><sat>14</sat></trkpt>
  <trkpt lat="26.41656833" lon="-80.17012167"><ele>16.629</ele><time>2026-07-18T17:04:34Z</time><speed>0.000</speed><sat>14</sat></trkpt>
  <trkpt lat="26.41656833" lon="-80.17012167"><ele>16.629</ele><time>2026-07-18T17:04:35Z</time><speed>0.000</speed><sat>14</sat></trkpt>
  <trkpt lat="26.41656833" lon="-80.17012167"><ele>16.629</ele><time>2026-07-18T17:04:36Z</time><speed>0.000</speed><sat>14</sat></trkpt>
  <trkpt lat="26.41656833" lon="-80.17012167"><ele>16.629</ele><time>2026-07-18T17:04:37Z</time><speed>0.000</speed><sat>14</sat></trkpt>
  <trkpt lat="26.41656833" lon="-80.17012167"><ele>16.629</ele><time>2026-07-18T17:04:38Z</time><speed>0.000</speed><sat>14</sat></trkpt>
  <trkpt lat="26.41656833" lon="-80.17012167"><ele>16.629</ele><time>2026-07-18T17:04:39Z</time><speed>0.000</speed><sat>14</sat></trkpt>
  <trkpt lat="26.41656833" lon="-80.17012167"><ele>16.629</ele><time>2026-07-18T17:04:40Z</time><speed>0.000</speed><sat>14</sat></trkpt>
  <trkpt lat="26.41656833" lon="-80.17012167"><ele>16.629</ele><time>2026-07-18T17:04:41Z</time><speed>0.000</speed><sat>14</sat></trkpt>
  <trkpt lat="26.41656833" lon="-80.17012167"><ele>16.629</ele><time>2026-07-18T17:04:42Z</time><speed>0.000</speed><sat>14</sat></trkpt>
  <trkpt lat="26.41656833" lon="-80.17012167"><ele>16.629</ele><time>2026-07-18T17:04:43Z</time><speed>0.000</speed><sat>14</sat></trkpt>
  <trkpt lat="26.41656833" lon="-80.17012167"><ele>16.629</ele><time>2026-07-18T17:04:44Z</time><speed>0.000</speed><sat>14</sat></trkpt>
  <trkpt lat="26.41656833" lon="-80.17012167"><ele>16.629</ele><time>2026-07-18T17:04:45Z</time><speed>0.000</speed><sat>14</sat></trkpt>
  <trkpt lat="26.41656833" lon="-80.17012167"><ele>16.629</ele><time>2026-07-18T17:04:46Z</time><speed>0.000</speed><sat>14</sat></trkpt>
  <trkpt lat="26.41656833" lon="-80.17012167"><ele>16.629</ele><time>2026-07-18T17:04:47Z</time><speed>0.000</speed><sat>14</sat></trkpt>
  <trkpt lat="26.41656833" lon="-80.17012167"><ele>16.629</ele><time>2026-07-18T17:04:48Z</time><speed>0.000</speed><sat>14</sat></trkpt>
  <trkpt lat="26.41656833" lon="-80.17012167"><ele>16.629</ele><time>2026-07-18T17:04:49Z</time><speed>0.000</speed><sat>14</sat></trkpt>
  <trkpt lat="26.41656833" lon="-80.17012167"><ele>16.629</ele><time>2026-07-18T17:04:50Z</time><speed>0.000</speed><sat>14</sat></trkpt>
  <trkpt lat="26.41656833" lon="-80.17012167"><ele>16.629</ele><time>2026-07-18T17:04:51Z</time><speed>0.000</speed><sat>14</sat></trkpt>
  <trkpt lat="26.41656833" lon="-80.17012167"><ele>16.629</ele><time>2026-07-18T17:04:52Z</time><speed>0.000</speed><sat>14</sat></trkpt>
  <trkpt lat="26.41656833" lon="-80.17012167"><ele>16.629</ele><time>2026-07-18T17:04:53Z</time><speed>0.000</speed><sat>14</sat></trkpt>
  <trkpt lat="26.41656833" lon="-80.17012167"><ele>16.629</ele><time>2026-07-18T17:04:54Z</time><speed>0.000</speed><sat>14</sat></trkpt>
  <trkpt lat="26.41656833" lon="-80.17012167"><ele>16.629</ele><time>2026-07-18T17:04:55Z</time><speed>0.000</speed><sat>14</sat></trkpt>
  <trkpt lat="26.41656833" lon="-80.17012167"><ele>16.629</ele><time>2026-07-18T17:04:56Z</time><speed>0.000</speed><sat>14</sat></trkpt>
  <trkpt lat="26.41656833" lon="-80.17012167"><ele>16.629</ele><time>2026-07-18T17:04:57Z</time><speed>0.000</speed><sat>14</sat></trkpt>
  <trkpt lat="26.41656833" lon="-80.17012167"><ele>16.629</ele><time>2026-07-18T17:04:58Z</time><speed>0.000</speed><sat>14</sat></trkpt>
  <trkpt lat="26.41656833" lon="-80.17012167"><ele>16.629</ele><time>2026-07-18T17:04:59Z</time><speed>0.000</speed><sat>14</sat></trkpt>
  <trkpt lat="26.41656833" lon="-80.17012167"><ele>16.629</ele><time>2026-07-18T17:05:00Z</time><speed>0.000</speed><sat>14</sat></trkpt>
  <trkpt lat="26.41656833" lon="-80.17012167"><ele>16.629</ele><time>2026-07-18T17:05:01Z</time><speed>0.000</speed><sat>14</sat></trkpt>
  <trkpt lat="26.41656833" lon="-80.17012167"><ele>16.629</ele><time>2026-07-18T17:05:02Z</time><speed>0.000</speed><sat>14</sat></trkpt>
  <trkpt lat="26.41656833" lon="-80.17012167"><ele>16.629</ele><time>2026-07-18T17:05:03Z</time><speed>0.000</speed><sat>14</sat></trkpt>
  <trkpt lat="26.41656833" lon="-80.17012167"><ele>16.629</ele><time>2026-07-18T17:05:04Z</time><speed>0.000</speed><sat>14</sat></trkpt>
  <trkpt lat="26.41656833" lon="-80.17012167"><ele>16.629</ele><time>2026-07-18T17:05:05Z</time><speed>0.000</speed><sat>14</sat></trkpt>
  <trkpt lat="26.41656833" lon="-80.17012167"><ele>16.629</ele><time>2026-07-18T17:05:06Z</time><speed>0.000</speed><sat>14</sat></trkpt>
  <trkpt lat="26.41656833" lon="-80.17012167"><ele>16.629</ele><time>2026-07-18T17:05:07Z</time><speed>0.000</speed><sat>14</sat></trkpt>
  <trkpt lat="26.41656833" lon="-80.17012167"><ele>16.629</ele><time>2026-07-18T17:05:08Z</time><speed>0.000</speed><sat>14</sat></trkpt>
  <trkpt lat="26.41656833" lon="-80.17012167"><ele>16.629</ele><time>2026-07-18T17:05:09Z</time><speed>0.000</speed><sat>14</sat></trkpt>
  <trkpt lat="26.41656833" lon="-80.17012167"><ele>16.629</ele><time>2026-07-18T17:05:10Z</time><speed>0.000</speed><sat>14</sat></trkpt>
  <trkpt lat="26.41656833" lon="-80.17012167"><ele>16.629</ele><time>2026-07-18T17:05:11Z</time><speed>0.000</speed><sat>14</sat></trkpt>
  <trkpt lat="26.41656833" lon="-80.17012167"><ele>16.629</ele><time>2026-07-18T17:05:12Z</time><speed>0.000</speed><sat>14</sat></trkpt>
  <trkpt lat="26.41656833" lon="-80.17012167"><ele>16.629</ele><time>2026-07-18T17:05:13Z</time><speed>0.000</speed><sat>14</sat></trkpt>
  <trkpt lat="26.41656833" lon="-80.17012167"><ele>16.629</ele><time>2026-07-18T17:05:14Z</time><speed>0.000</speed><sat>14</sat></trkpt>
  <trkpt lat="26.41656833" lon="-80.17012167"><ele>16.629</ele><time>2026-07-18T17:05:15Z</time><speed>0.000</speed><sat>14</sat></trkpt>
  <trkpt lat="26.41656833" lon="-80.17012167"><ele>16.629</ele><time>2026-07-18T17:05:16Z</time><speed>0.000</speed><sat>14</sat></trkpt>
  <trkpt lat="26.41656833" lon="-80.17012167"><ele>16.629</ele><time>2026-07-18T17:05:17Z</time><speed>0.000</speed><sat>14</sat></trkpt>
  <trkpt lat="26.41656833" lon="-80.17012167"><ele>16.629</ele><time>2026-07-18T17:05:18Z</time><speed>0.000</speed><sat>14</sat></trkpt>
  <trkpt lat="26.41656833" lon="-80.17012167"><ele>16.629</ele><time>2026-07-18T17:05:19Z</time><speed>0.000</speed><sat>14</sat></trkpt>
  <trkpt lat="26.41656833" lon="-80.17012167"><ele>16.629</ele><time>2026-07-18T17:05:20Z</time><speed>0.000</speed><sat>14</sat></trkpt>
  <trkpt lat="26.41656833" lon="-80.17012167"><ele>16.629</ele><time>2026-07-18T17:05:21Z</time><speed>0.000</speed><sat>14</sat></trkpt>
  <trkpt lat="26.41656833" lon="-80.17012167"><ele>16.629</ele><time>2026-07-18T17:05:22Z</time><speed>0.000</speed><sat>14</sat></trkpt>
  <trkpt lat="26.41656833" lon="-80.17012167"><ele>16.629</ele><time>2026-07-18T17:05:23Z</time><speed>0.000</speed><sat>14</sat></trkpt>
  <trkpt lat="26.41656833" lon="-80.17012167"><ele>16.629</ele><time>2026-07-18T17:05:24Z</time><speed>0.000</speed><sat>14</sat></trkpt>
  <trkpt lat="26.41656833" lon="-80.17012167"><ele>16.629</ele><time>2026-07-18T17:05:25Z</time><speed>0.000</speed><sat>14</sat></trkpt>
  <trkpt lat="26.41656833" lon="-80.17012167"><ele>16.629</ele><time>2026-07-18T17:05:26Z</time><speed>0.000</speed><sat>14</sat></trkpt>
  <trkpt lat="26.41656833" lon="-80.17012167"><ele>16.629</ele><time>2026-07-18T17:05:27Z</time><speed>0.000</speed><sat>14</sat></trkpt>
  <trkpt lat="26.41656833" lon="-80.17012167"><ele>16.629</ele><time>2026-07-18T17:05:28Z</time><speed>0.000</speed><sat>14</sat></trkpt>
  <trkpt lat="26.41656833" lon="-80.17012167"><ele>16.629</ele><time>2026-07-18T17:05:29Z</time><speed>0.000</speed><sat>14</sat></trkpt>
  <trkpt lat="26.41656833" lon="-80.17012167"><ele>16.629</ele><time>2026-07-18T17:05:30Z</time><speed>0.000</speed><sat>14</sat></trkpt>
  <trkpt lat="26.41656833" lon="-80.17012167"><ele>16.629</ele><time>2026-07-18T17:05:31Z</time><speed>0.000</speed><sat>14</sat></trkpt>
  <trkpt lat="26.41656833" lon="-80.17012167"><ele>16.629</ele><time>2026-07-18T17:05:32Z</time><speed>0.000</speed><sat>14</sat></trkpt>
  <trkpt lat="26.41656833" lon="-80.17012167"><ele>16.629</ele><time>2026-07-18T17:05:33Z</time><speed>0.000</speed><sat>14</sat></trkpt>
  <trkpt lat="26.41656833" lon="-80.17012167"><ele>16.629</ele><time>2026-07-18T17:05:34Z</time><speed>0.000</speed><sat>14</sat></trkpt>
  <trkpt lat="26.41656833" lon="-80.17012167"><ele>16.629</ele><time>2026-07-18T17:05:35Z</time><speed>0.000</speed><sat>14</sat></trkpt>
  <trkpt lat="26.41656833" lon="-80.17012167"><ele>16.629</ele><time>2026-07-18T17:05:36Z</time><speed>0.000</speed><sat>14</sat></trkpt>
  <trkpt lat="26.41656833" lon="-80.17012167"><ele>16.629</ele><time>2026-07-18T17:05:37Z</time><speed>0.000</speed><sat>14</sat></trkpt>
  <trkpt lat="26.41656833" lon="-80.17012167"><ele>16.629</ele><time>2026-07-18T17:05:38Z</time><speed>0.000</speed><sat>14</sat></trkpt>
  <trkpt lat="26.41656833" lon="-80.17012167"><ele>16.629</ele><time>2026-07-18T17:05:39Z</time><speed>0.000</speed><sat>14</sat></trkpt>
  <trkpt lat="26.41656833" lon="-80.17012167"><ele>16.629</ele><time>2026-07-18T17:05:40Z</time><speed>0.000</speed><sat>14</sat></trkpt>
  <trkpt lat="26.41656833" lon="-80.17012167"><ele>16.629</ele><time>2026-07-18T17:05:41Z</time><speed>0.000</speed><sat>14</sat></trkpt>
  <trkpt lat="26.41656833" lon="-80.17012167"><ele>16.629</ele><time>2026-07-18T17:05:42Z</time><speed>0.000</speed><sat>14</sat></trkpt>
  <trkpt lat="26.41656833" lon="-80.17012167"><ele>16.629</ele><time>2026-07-18T17:05:43Z</time><speed>0.000</speed><sat>14</sat></trkpt>
  <trkpt lat="26.41656833" lon="-80.17012167"><ele>16.629</ele><time>2026-07-18T17:05:44Z</time><speed>0.000</speed><sat>14</sat></trkpt>
  <trkpt lat="26.41656833" lon="-80.17012167"><ele>16.629</ele><time>2026-07-18T17:05:45Z</time><speed>0.000</speed><sat>14</sat></trkpt>
  <trkpt lat="26.41656833" lon="-80.17012167"><ele>16.629</ele><time>2026-07-18T17:05:46Z</time><speed>0.000</speed><sat>14</sat></trkpt>
  <trkpt lat="26.41656833" lon="-80.17012167"><ele>16.629</ele><time>2026-07-18T17:05:47Z</time><speed>0.000</speed><sat>14</sat></trkpt>
  <trkpt lat="26.41656833" lon="-80.17012167"><ele>16.629</ele><time>2026-07-18T17:05:48Z</time><speed>0.000</speed><sat>14</sat></trkpt>
  <trkpt lat="26.41656833" lon="-80.17012167"><ele>16.629</ele><time>2026-07-18T17:05:49Z</time><speed>0.000</speed><sat>14</sat></trkpt>
  <trkpt lat="26.41656833" lon="-80.17012167"><ele>16.629</ele><time>2026-07-18T17:05:50Z</time><speed>0.000</speed><sat>14</sat></trkpt>
  <trkpt lat="26.41656833" lon="-80.17012167"><ele>16.629</ele><time>2026-07-18T17:05:51Z</time><speed>0.000</speed><sat>14</sat></trkpt>
  <trkpt lat="26.41656833" lon="-80.17012167"><ele>16.629</ele><time>2026-07-18T17:05:52Z</time><speed>0.000</speed><sat>14</sat></trkpt>
  <trkpt lat="26.41656833" lon="-80.17012167"><ele>16.629</ele><time>2026-07-18T17:05:53Z</time><speed>0.000</speed><sat>14</sat></trkpt>
  <trkpt lat="26.41656833" lon="-80.17012167"><ele>16.629</ele><time>2026-07-18T17:05:54Z</time><speed>0.000</speed><sat>14</sat></trkpt>
  <trkpt lat="26.41656833" lon="-80.17012167"><ele>16.629</ele><time>2026-07-18T17:05:55Z</time><speed>0.000</speed><sat>14</sat></trkpt>
  <trkpt lat="26.41656833" lon="-80.17012167"><ele>16.629</ele><time>2026-07-18T17:05:56Z</time><speed>0.000</speed><sat>14</sat></trkpt>
  <trkpt lat="26.41656833" lon="-80.17012167"><ele>16.629</ele><time>2026-07-18T17:05:57Z</time><speed>0.000</speed><sat>14</sat></trkpt>
  <trkpt lat="26.41656833" lon="-80.17012167"><ele>16.629</ele><time>2026-07-18T17:05:58Z</time><speed>0.000</speed><sat>14</sat></trkpt>
  <trkpt lat="26.41656833" lon="-80.17012167"><ele>16.629</ele><time>2026-07-18T17:05:59Z</time><speed>0.000</speed><sat>14</sat></trkpt>
  <trkpt lat="26.41656833" lon="-80.17012167"><ele>16.629</ele><time>2026-07-18T17:06:00Z</time><speed>0.000</speed><sat>14</sat></trkpt>
  <trkpt lat="26.41656833" lon="-80.17012167"><ele>16.629</ele><time>2026-07-18T17:06:01Z</time><speed>0.000</speed><sat>14</sat></trkpt>
  <trkpt lat="26.41656833" lon="-80.17012167"><ele>16.629</ele><time>2026-07-18T17:06:02Z</time><speed>0.000</speed><sat>14</sat></trkpt>
  <trkpt lat="26.41656833" lon="-80.17012167"><ele>16.629</ele><time>2026-07-18T17:06:03Z</time><speed>0.000</speed><sat>14</sat></trkpt>
  <trkpt lat="26.41656833" lon="-80.17012167"><ele>16.629</ele><time>2026-07-18T17:06:04Z</time><speed>0.000</speed><sat>14</sat></trkpt>
  <trkpt lat="26.41656833" lon="-80.17012167"><ele>16.629</ele><time>2026-07-18T17:06:05Z</time><speed>0.000</speed><sat>14</sat></trkpt>
  <trkpt lat="26.41656833" lon="-80.17012167"><ele>16.629</ele><time>2026-07-18T17:06:06Z</time><speed>0.000</speed><sat>14</sat></trkpt>
  <trkpt lat="26.41656833" lon="-80.17012167"><ele>16.629</ele><time>2026-07-18T17:06:07Z</time><speed>0.000</speed><sat>14</sat></trkpt>
  <trkpt lat="26.41656833" lon="-80.17012167"><ele>16.629</ele><time>2026-07-18T17:06:08Z</time><speed>0.000</speed><sat>14</sat></trkpt>
  <trkpt lat="26.41656833" lon="-80.17012167"><ele>16.629</ele><time>2026-07-18T17:06:09Z</time><speed>0.000</speed><sat>13</sat></trkpt>
  <trkpt lat="26.41656833" lon="-80.17012167"><ele>16.629</ele><time>2026-07-18T17:06:10Z</time><speed>0.000</speed><sat>13</sat></trkpt>
  <trkpt lat="26.41656833" lon="-80.17012167"><ele>16.629</ele><time>2026-07-18T17:06:11Z</time><speed>0.000</speed><sat>13</sat></trkpt>
  <trkpt lat="26.41656833" lon="-80.17012167"><ele>16.629</ele><time>2026-07-18T17:06:12Z</time><speed>0.000</speed><sat>13</sat></trkpt>
  <trkpt lat="26.41656833" lon="-80.17012167"><ele>16.629</ele><time>2026-07-18T17:06:13Z</time><speed>0.000</speed><sat>14</sat></trkpt>
  <trkpt lat="26.41656833" lon="-80.17012167"><ele>16.629</ele><time>2026-07-18T17:06:14Z</time><speed>0.000</speed><sat>14</sat></trkpt>
  <trkpt lat="26.41656833" lon="-80.17012167"><ele>16.629</ele><time>2026-07-18T17:06:15Z</time><speed>0.000</speed><sat>14</sat></trkpt>
  <trkpt lat="26.41656833" lon="-80.17012167"><ele>16.629</ele><time>2026-07-18T17:06:16Z</time><speed>0.000</speed><sat>14</sat></trkpt>
  <trkpt lat="26.41656833" lon="-80.17012167"><ele>16.629</ele><time>2026-07-18T17:06:17Z</time><speed>0.000</speed><sat>14</sat></trkpt>
  <trkpt lat="26.41656833" lon="-80.17012167"><ele>16.629</ele><time>2026-07-18T17:06:18Z</time><speed>0.000</speed><sat>14</sat></trkpt>
  <trkpt lat="26.41656833" lon="-80.17012167"><ele>16.629</ele><time>2026-07-18T17:06:19Z</time><speed>0.000</speed><sat>14</sat></trkpt>
  <trkpt lat="26.41656833" lon="-80.17012167"><ele>16.629</ele><time>2026-07-18T17:06:20Z</time><speed>0.000</speed><sat>14</sat></trkpt>
  <trkpt lat="26.41656833" lon="-80.17012167"><ele>16.629</ele><time>2026-07-18T17:06:21Z</time><speed>0.000</speed><sat>14</sat></trkpt>
  <trkpt lat="26.41656833" lon="-80.17012167"><ele>16.629</ele><time>2026-07-18T17:06:22Z</time><speed>0.000</speed><sat>14</sat></trkpt>
  <trkpt lat="26.41656833" lon="-80.17012167"><ele>16.629</ele><time>2026-07-18T17:06:23Z</time><speed>0.000</speed><sat>14</sat></trkpt>
  <trkpt lat="26.41656833" lon="-80.17012167"><ele>16.629</ele><time>2026-07-18T17:06:24Z</time><speed>0.000</speed><sat>14</sat></trkpt>
  <trkpt lat="26.41656833" lon="-80.17012167"><ele>16.629</ele><time>2026-07-18T17:06:25Z</time><speed>0.000</speed><sat>14</sat></trkpt>
  <trkpt lat="26.41656833" lon="-80.17012167"><ele>16.629</ele><time>2026-07-18T17:06:26Z</time><speed>0.000</speed><sat>14</sat></trkpt>
  <trkpt lat="26.41656833" lon="-80.17012167"><ele>16.629</ele><time>2026-07-18T17:06:27Z</time><speed>0.000</speed><sat>14</sat></trkpt>
  <trkpt lat="26.41656833" lon="-80.17012167"><ele>16.629</ele><time>2026-07-18T17:06:28Z</time><speed>0.000</speed><sat>14</sat></trkpt>
  <trkpt lat="26.41656833" lon="-80.17012167"><ele>16.629</ele><time>2026-07-18T17:06:29Z</time><speed>0.000</speed><sat>14</sat></trkpt>
  <trkpt lat="26.41656833" lon="-80.17012167"><ele>16.629</ele><time>2026-07-18T17:06:30Z</time><speed>0.000</speed><sat>14</sat></trkpt>
  <trkpt lat="26.41656833" lon="-80.17012167"><ele>16.629</ele><time>2026-07-18T17:06:31Z</time><speed>0.000</speed><sat>14</sat></trkpt>
  <trkpt lat="26.41656833" lon="-80.17012167"><ele>16.629</ele><time>2026-07-18T17:06:32Z</time><speed>0.000</speed><sat>14</sat></trkpt>
  <trkpt lat="26.41656833" lon="-80.17012167"><ele>16.629</ele><time>2026-07-18T17:06:33Z</time><speed>0.000</speed><sat>14</sat></trkpt>
  <trkpt lat="26.41656833" lon="-80.17012167"><ele>16.629</ele><time>2026-07-18T17:06:34Z</time><speed>0.000</speed><sat>14</sat></trkpt>
  <trkpt lat="26.41656833" lon="-80.17012167"><ele>16.629</ele><time>2026-07-18T17:06:35Z</time><speed>0.000</speed><sat>14</sat></trkpt>
  <trkpt lat="26.41656833" lon="-80.17012167"><ele>16.629</ele><time>2026-07-18T17:06:36Z</time><speed>0.000</speed><sat>14</sat></trkpt>
  <trkpt lat="26.41656833" lon="-80.17012167"><ele>16.629</ele><time>2026-07-18T17:06:37Z</time><speed>0.000</speed><sat>14</sat></trkpt>
  <trkpt lat="26.41656833" lon="-80.17012167"><ele>16.629</ele><time>2026-07-18T17:06:38Z</time><speed>0.000</speed><sat>14</sat></trkpt>
  <trkpt lat="26.41656833" lon="-80.17012167"><ele>16.629</ele><time>2026-07-18T17:06:39Z</time><speed>0.000</speed><sat>14</sat></trkpt>
 </trkseg>
</trk>

</gpx>
 