<?xml version="1.0" encoding="UTF-8"?>
<!-- Created with BasicAirData GPS Logger for Android - ver. 3.3.0 -->
<!-- Track 4 = 2336 TrackPoints + 2 Placemarks -->

<!-- Track Statistics (based on Total Time | Time in Movement): -->
<!--  Distance = 4.35 km -->
<!--  Duration = 38:55 | 33:56 -->
<!--  Altitude Gap = 3 m -->
<!--  Max Speed = 12 mph -->
<!--  Avg Speed = 4.2 | 4.8 mph -->
<!--  Direction = SW -->
<!--  Activity = running -->
<!--  Altitudes = Corrected using EGM96 grid (bilinear interpolation) -->

<gpx version="1.0"
     creator="BasicAirData GPS Logger 3.3.0"
     xmlns="http://www.topografix.com/GPX/1/0"
     xmlns:xsi="http://www.w3.org/2001/XMLSchema-instance"
     xsi:schemaLocation="http://www.topografix.com/GPX/1/0 http://www.topografix.com/GPX/1/0/gpx.xsd">
<name>GPS Logger 20260718-091510</name>
<desc>ST-1-2_A</desc>
<time>2026-07-21T17:17:53Z</time>
<keywords>running</keywords>
<bounds minlat="26.40956167" minlon="-80.17082000" maxlat="26.42364500" maxlon="-80.15241667" />

<wpt lat="26.42360833" lon="-80.15274333"><ele>9.105</ele><time>2026-07-18T13:15:14Z</time><name>Station 1</name><sat>13</sat></wpt>

<wpt lat="26.40988833" lon="-80.16668333"><ele>11.839</ele><time>2026-07-18T13:53:51Z</time><name>Station 2</name><sat>17</sat></wpt>

<trk>
 <name>Track 20260718-091510</name>
 <trkseg>
  <trkpt lat="26.42361667" lon="-80.15274333"><ele>8.905</ele><time>2026-07-18T13:15:10Z</time><speed>0.276</speed><sat>13</sat></trkpt>
  <trkpt lat="26.42362000" lon="-80.15274500"><ele>9.005</ele><time>2026-07-18T13:15:11Z</time><speed>0.108</speed><sat>13</sat></trkpt>
  <trkpt lat="26.42362000" lon="-80.15274833"><ele>9.105</ele><time>2026-07-18T13:15:12Z</time><speed>0.168</speed><sat>13</sat></trkpt>
  <trkpt lat="26.42361333" lon="-80.15274833"><ele>9.105</ele><time>2026-07-18T13:15:13Z</time><speed>0.890</speed><sat>14</sat></trkpt>
  <trkpt lat="26.42360833" lon="-80.15274333"><ele>9.105</ele><time>2026-07-18T13:15:14Z</time><speed>0.903</speed><sat>13</sat></trkpt>
  <trkpt lat="26.42360333" lon="-80.15274167"><ele>9.105</ele><time>2026-07-18T13:15:15Z</time><speed>0.454</speed><sat>14</sat></trkpt>
  <trkpt lat="26.42360500" lon="-80.15274667"><ele>9.105</ele><time>2026-07-18T13:15:16Z</time><speed>0.378</speed><sat>14</sat></trkpt>
  <trkpt lat="26.42360667" lon="-80.15275000"><ele>9.105</ele><time>2026-07-18T13:15:17Z</time><speed>0.108</speed><sat>15</sat></trkpt>
  <trkpt lat="26.42360500" lon="-80.15275167"><ele>9.205</ele><time>2026-07-18T13:15:18Z</time><speed>0.206</speed><sat>15</sat></trkpt>
  <trkpt lat="26.42360500" lon="-80.15275667"><ele>9.304</ele><time>2026-07-18T13:15:19Z</time><speed>0.379</speed><sat>15</sat></trkpt>
  <trkpt lat="26.42361500" lon="-80.15276667"><ele>9.304</ele><time>2026-07-18T13:15:20Z</time><speed>0.365</speed><sat>15</sat></trkpt>
  <trkpt lat="26.42362333" lon="-80.15277500"><ele>9.304</ele><time>2026-07-18T13:15:21Z</time><speed>0.365</speed><sat>14</sat></trkpt>
  <trkpt lat="26.42363000" lon="-80.15278000"><ele>9.104</ele><time>2026-07-18T13:15:22Z</time><speed>0.361</speed><sat>14</sat></trkpt>
  <trkpt lat="26.42363833" lon="-80.15278333"><ele>9.204</ele><time>2026-07-18T13:15:23Z</time><speed>0.305</speed><sat>15</sat></trkpt>
  <trkpt lat="26.42364167" lon="-80.15278833"><ele>9.304</ele><time>2026-07-18T13:15:24Z</time><speed>0.243</speed><sat>15</sat></trkpt>
  <trkpt lat="26.42364000" lon="-80.15279000"><ele>9.304</ele><time>2026-07-18T13:15:25Z</time><speed>0.213</speed><sat>15</sat></trkpt>
  <trkpt lat="26.42363833" lon="-80.15279000"><ele>9.304</ele><time>2026-07-18T13:15:26Z</time><speed>0.205</speed><sat>14</sat></trkpt>
  <trkpt lat="26.42363667" lon="-80.15279167"><ele>9.304</ele><time>2026-07-18T13:15:27Z</time><speed>0.221</speed><sat>15</sat></trkpt>
  <trkpt lat="26.42363833" lon="-80.15279333"><ele>9.304</ele><time>2026-07-18T13:15:28Z</time><speed>0.202</speed><sat>15</sat></trkpt>
  <trkpt lat="26.42364000" lon="-80.15279333"><ele>9.204</ele><time>2026-07-18T13:15:29Z</time><speed>0.203</speed><sat>15</sat></trkpt>
  <trkpt lat="26.42364167" lon="-80.15279667"><ele>9.204</ele><time>2026-07-18T13:15:30Z</time><speed>0.000</speed><sat>15</sat></trkpt>
  <trkpt lat="26.42364167" lon="-80.15279333"><ele>9.204</ele><time>2026-07-18T13:15:31Z</time><speed>0.000</speed><sat>12</sat></trkpt>
  <trkpt lat="26.42364333" lon="-80.15279167"><ele>9.104</ele><time>2026-07-18T13:15:32Z</time><speed>0.000</speed><sat>13</sat></trkpt>
  <trkpt lat="26.42364333" lon="-80.15279167"><ele>9.104</ele><time>2026-07-18T13:15:33Z</time><speed>0.000</speed><sat>13</sat></trkpt>
  <trkpt lat="26.42364333" lon="-80.15279167"><ele>9.104</ele><time>2026-07-18T13:15:34Z</time><speed>0.000</speed><sat>13</sat></trkpt>
  <trkpt lat="26.42364333" lon="-80.15279167"><ele>9.104</ele><time>2026-07-18T13:15:35Z</time><speed>0.000</speed><sat>15</sat></trkpt>
  <trkpt lat="26.42364333" lon="-80.15279167"><ele>9.104</ele><time>2026-07-18T13:15:36Z</time><speed>0.000</speed><sat>16</sat></trkpt>
  <trkpt lat="26.42364333" lon="-80.15279167"><ele>9.104</ele><time>2026-07-18T13:15:37Z</time><speed>0.000</speed><sat>15</sat></trkpt>
  <trkpt lat="26.42364333" lon="-80.15279167"><ele>9.104</ele><time>2026-07-18T13:15:38Z</time><speed>0.000</speed><sat>15</sat></trkpt>
  <trkpt lat="26.42364333" lon="-80.15279167"><ele>9.104</ele><time>2026-07-18T13:15:39Z</time><speed>0.000</speed><sat>15</sat></trkpt>
  <trkpt lat="26.42364333" lon="-80.15279167"><ele>9.104</ele><time>2026-07-18T13:15:40Z</time><speed>0.000</speed><sat>14</sat></trkpt>
  <trkpt lat="26.42364333" lon="-80.15279167"><ele>9.104</ele><time>2026-07-18T13:15:41Z</time><speed>0.000</speed><sat>14</sat></trkpt>
  <trkpt lat="26.42364333" lon="-80.15279167"><ele>9.104</ele><time>2026-07-18T13:15:42Z</time><speed>0.000</speed><sat>14</sat></trkpt>
  <trkpt lat="26.42364333" lon="-80.15279167"><ele>9.104</ele><time>2026-07-18T13:15:43Z</time><speed>0.000</speed><sat>15</sat></trkpt>
  <trkpt lat="26.42364333" lon="-80.15279167"><ele>9.104</ele><time>2026-07-18T13:15:44Z</time><speed>0.000</speed><sat>15</sat></trkpt>
  <trkpt lat="26.42364333" lon="-80.15279167"><ele>9.104</ele><time>2026-07-18T13:15:45Z</time><speed>0.000</speed><sat>15</sat></trkpt>
  <trkpt lat="26.42364333" lon="-80.15279167"><ele>9.104</ele><time>2026-07-18T13:15:46Z</time><speed>0.000</speed><sat>15</sat></trkpt>
  <trkpt lat="26.42364333" lon="-80.15279167"><ele>9.104</ele><time>2026-07-18T13:15:47Z</time><speed>0.000</speed><sat>15</sat></trkpt>
  <trkpt lat="26.42364333" lon="-80.15279167"><ele>9.104</ele><time>2026-07-18T13:15:48Z</time><speed>0.000</speed><sat>15</sat></trkpt>
  <trkpt lat="26.42364333" lon="-80.15279167"><ele>9.104</ele><time>2026-07-18T13:15:49Z</time><speed>0.000</speed><sat>15</sat></trkpt>
  <trkpt lat="26.42364333" lon="-80.15279167"><ele>9.104</ele><time>2026-07-18T13:15:50Z</time><speed>0.000</speed><sat>16</sat></trkpt>
  <trkpt lat="26.42364333" lon="-80.15279167"><ele>9.104</ele><time>2026-07-18T13:15:51Z</time><speed>0.000</speed><sat>16</sat></trkpt>
  <trkpt lat="26.42364333" lon="-80.15279167"><ele>9.104</ele><time>2026-07-18T13:15:52Z</time><speed>0.000</speed><sat>16</sat></trkpt>
  <trkpt lat="26.42364333" lon="-80.15279167"><ele>9.104</ele><time>2026-07-18T13:15:53Z</time><speed>0.000</speed><sat>16</sat></trkpt>
  <trkpt lat="26.42364333" lon="-80.15279167"><ele>9.104</ele><time>2026-07-18T13:15:54Z</time><speed>0.000</speed><sat>17</sat></trkpt>
  <trkpt lat="26.42364333" lon="-80.15279167"><ele>9.104</ele><time>2026-07-18T13:15:55Z</time><speed>0.000</speed><sat>16</sat></trkpt>
  <trkpt lat="26.42364333" lon="-80.15279167"><ele>9.104</ele><time>2026-07-18T13:15:56Z</time><speed>0.000</speed><sat>16</sat></trkpt>
  <trkpt lat="26.42364333" lon="-80.15279167"><ele>9.104</ele><time>2026-07-18T13:15:57Z</time><speed>0.000</speed><sat>16</sat></trkpt>
  <trkpt lat="26.42364333" lon="-80.15279167"><ele>9.104</ele><time>2026-07-18T13:15:58Z</time><speed>0.000</speed><sat>16</sat></trkpt>
  <trkpt lat="26.42364333" lon="-80.15279167"><ele>9.104</ele><time>2026-07-18T13:15:59Z</time><speed>0.000</speed><sat>16</sat></trkpt>
  <trkpt lat="26.42364333" lon="-80.15279167"><ele>9.104</ele><time>2026-07-18T13:16:00Z</time><speed>0.000</speed><sat>15</sat></trkpt>
  <trkpt lat="26.42364333" lon="-80.15279167"><ele>9.104</ele><time>2026-07-18T13:16:01Z</time><speed>0.000</speed><sat>16</sat></trkpt>
  <trkpt lat="26.42364333" lon="-80.15279167"><ele>9.104</ele><time>2026-07-18T13:16:02Z</time><speed>0.000</speed><sat>15</sat></trkpt>
  <trkpt lat="26.42364333" lon="-80.15279167"><ele>9.104</ele><time>2026-07-18T13:16:03Z</time><speed>0.000</speed><sat>15</sat></trkpt>
  <trkpt lat="26.42364333" lon="-80.15279167"><ele>9.104</ele><time>2026-07-18T13:16:04Z</time><speed>0.000</speed><sat>14</sat></trkpt>
  <trkpt lat="26.42364333" lon="-80.15279167"><ele>9.104</ele><time>2026-07-18T13:16:05Z</time><speed>0.000</speed><sat>14</sat></trkpt>
  <trkpt lat="26.42364333" lon="-80.15279167"><ele>9.104</ele><time>2026-07-18T13:16:06Z</time><speed>0.000</speed><sat>12</sat></trkpt>
  <trkpt lat="26.42364333" lon="-80.15279167"><ele>9.104</ele><time>2026-07-18T13:16:07Z</time><speed>0.000</speed><sat>13</sat></trkpt>
  <trkpt lat="26.42364333" lon="-80.15279167"><ele>9.104</ele><time>2026-07-18T13:16:08Z</time><speed>0.000</speed><sat>13</sat></trkpt>
  <trkpt lat="26.42364333" lon="-80.15279167"><ele>9.104</ele><time>2026-07-18T13:16:09Z</time><speed>0.000</speed><sat>13</sat></trkpt>
  <trkpt lat="26.42364333" lon="-80.15279167"><ele>9.104</ele><time>2026-07-18T13:16:10Z</time><speed>0.000</speed><sat>13</sat></trkpt>
  <trkpt lat="26.42364333" lon="-80.15279167"><ele>9.104</ele><time>2026-07-18T13:16:11Z</time><speed>0.000</speed><sat>13</sat></trkpt>
  <trkpt lat="26.42364333" lon="-80.15279167"><ele>9.104</ele><time>2026-07-18T13:16:12Z</time><speed>0.000</speed><sat>13</sat></trkpt>
  <trkpt lat="26.42364333" lon="-80.15279167"><ele>9.104</ele><time>2026-07-18T13:16:13Z</time><speed>0.000</speed><sat>14</sat></trkpt>
  <trkpt lat="26.42364333" lon="-80.15279167"><ele>9.104</ele><time>2026-07-18T13:16:14Z</time><speed>0.000</speed><sat>14</sat></trkpt>
  <trkpt lat="26.42364333" lon="-80.15279167"><ele>9.104</ele><time>2026-07-18T13:16:15Z</time><speed>0.000</speed><sat>14</sat></trkpt>
  <trkpt lat="26.42364333" lon="-80.15279167"><ele>9.104</ele><time>2026-07-18T13:16:16Z</time><speed>0.000</speed><sat>14</sat></trkpt>
  <trkpt lat="26.42364333" lon="-80.15279167"><ele>9.104</ele><time>2026-07-18T13:16:17Z</time><speed>0.000</speed><sat>14</sat></trkpt>
  <trkpt lat="26.42364333" lon="-80.15279167"><ele>9.104</ele><time>2026-07-18T13:16:18Z</time><speed>0.000</speed><sat>14</sat></trkpt>
  <trkpt lat="26.42364333" lon="-80.15279167"><ele>9.104</ele><time>2026-07-18T13:16:19Z</time><speed>0.000</speed><sat>14</sat></trkpt>
  <trkpt lat="26.42364333" lon="-80.15279167"><ele>9.104</ele><time>2026-07-18T13:16:20Z</time><speed>0.000</speed><sat>14</sat></trkpt>
  <trkpt lat="26.42364333" lon="-80.15279167"><ele>9.104</ele><time>2026-07-18T13:16:21Z</time><speed>0.000</speed><sat>14</sat></trkpt>
  <trkpt lat="26.42364333" lon="-80.15279167"><ele>9.104</ele><time>2026-07-18T13:16:22Z</time><speed>0.000</speed><sat>14</sat></trkpt>
  <trkpt lat="26.42364333" lon="-80.15279167"><ele>9.104</ele><time>2026-07-18T13:16:23Z</time><speed>0.000</speed><sat>14</sat></trkpt>
  <trkpt lat="26.42364333" lon="-80.15279167"><ele>9.104</ele><time>2026-07-18T13:16:24Z</time><speed>0.000</speed><sat>14</sat></trkpt>
  <trkpt lat="26.42364333" lon="-80.15279167"><ele>9.104</ele><time>2026-07-18T13:16:25Z</time><speed>0.000</speed><sat>14</sat></trkpt>
  <trkpt lat="26.42364333" lon="-80.15279167"><ele>9.104</ele><time>2026-07-18T13:16:26Z</time><speed>0.000</speed><sat>16</sat></trkpt>
  <trkpt lat="26.42364333" lon="-80.15279167"><ele>9.104</ele><time>2026-07-18T13:16:27Z</time><speed>0.000</speed><sat>15</sat></trkpt>
  <trkpt lat="26.42364333" lon="-80.15279167"><ele>9.104</ele><time>2026-07-18T13:16:28Z</time><speed>0.000</speed><sat>15</sat></trkpt>
  <trkpt lat="26.42364333" lon="-80.15279167"><ele>9.104</ele><time>2026-07-18T13:16:29Z</time><speed>0.000</speed><sat>15</sat></trkpt>
  <trkpt lat="26.42364333" lon="-80.15279167"><ele>9.104</ele><time>2026-07-18T13:16:30Z</time><speed>0.000</speed><sat>15</sat></trkpt>
  <trkpt lat="26.42364333" lon="-80.15279167"><ele>9.104</ele><time>2026-07-18T13:16:31Z</time><speed>0.000</speed><sat>15</sat></trkpt>
  <trkpt lat="26.42364500" lon="-80.15279667"><ele>10.304</ele><time>2026-07-18T13:16:32Z</time><speed>0.267</speed><sat>15</sat></trkpt>
  <trkpt lat="26.42364333" lon="-80.15279500"><ele>10.404</ele><time>2026-07-18T13:16:33Z</time><speed>0.000</speed><sat>15</sat></trkpt>
  <trkpt lat="26.42364333" lon="-80.15279500"><ele>10.004</ele><time>2026-07-18T13:16:34Z</time><speed>0.000</speed><sat>15</sat></trkpt>
  <trkpt lat="26.42364333" lon="-80.15279333"><ele>9.604</ele><time>2026-07-18T13:16:35Z</time><speed>0.000</speed><sat>15</sat></trkpt>
  <trkpt lat="26.42364333" lon="-80.15279333"><ele>9.604</ele><time>2026-07-18T13:16:36Z</time><speed>0.000</speed><sat>14</sat></trkpt>
  <trkpt lat="26.42364333" lon="-80.15279333"><ele>9.604</ele><time>2026-07-18T13:16:37Z</time><speed>0.000</speed><sat>16</sat></trkpt>
  <trkpt lat="26.42364333" lon="-80.15279333"><ele>9.604</ele><time>2026-07-18T13:16:38Z</time><speed>0.000</speed><sat>17</sat></trkpt>
  <trkpt lat="26.42364333" lon="-80.15279333"><ele>9.604</ele><time>2026-07-18T13:16:39Z</time><speed>0.000</speed><sat>17</sat></trkpt>
  <trkpt lat="26.42364333" lon="-80.15279333"><ele>9.604</ele><time>2026-07-18T13:16:40Z</time><speed>0.000</speed><sat>17</sat></trkpt>
  <trkpt lat="26.42364333" lon="-80.15279333"><ele>9.604</ele><time>2026-07-18T13:16:41Z</time><speed>0.000</speed><sat>17</sat></trkpt>
  <trkpt lat="26.42364333" lon="-80.15279333"><ele>9.604</ele><time>2026-07-18T13:16:42Z</time><speed>0.000</speed><sat>17</sat></trkpt>
  <trkpt lat="26.42364333" lon="-80.15279333"><ele>9.604</ele><time>2026-07-18T13:16:43Z</time><speed>0.000</speed><sat>16</sat></trkpt>
  <trkpt lat="26.42364333" lon="-80.15279333"><ele>9.604</ele><time>2026-07-18T13:16:44Z</time><speed>0.000</speed><sat>17</sat></trkpt>
  <trkpt lat="26.42364333" lon="-80.15279333"><ele>9.604</ele><time>2026-07-18T13:16:45Z</time><speed>0.000</speed><sat>16</sat></trkpt>
  <trkpt lat="26.42364333" lon="-80.15279333"><ele>9.604</ele><time>2026-07-18T13:16:46Z</time><speed>0.000</speed><sat>16</sat></trkpt>
  <trkpt lat="26.42364333" lon="-80.15279333"><ele>9.604</ele><time>2026-07-18T13:16:47Z</time><speed>0.000</speed><sat>16</sat></trkpt>
  <trkpt lat="26.42364333" lon="-80.15279333"><ele>9.604</ele><time>2026-07-18T13:16:48Z</time><speed>0.000</speed><sat>16</sat></trkpt>
  <trkpt lat="26.42364333" lon="-80.15279333"><ele>9.604</ele><time>2026-07-18T13:16:49Z</time><speed>0.000</speed><sat>15</sat></trkpt>
  <trkpt lat="26.42364333" lon="-80.15279333"><ele>9.604</ele><time>2026-07-18T13:16:50Z</time><speed>0.000</speed><sat>16</sat></trkpt>
  <trkpt lat="26.42364333" lon="-80.15279333"><ele>9.604</ele><time>2026-07-18T13:16:51Z</time><speed>0.000</speed><sat>16</sat></trkpt>
  <trkpt lat="26.42361000" lon="-80.15280833"><ele>10.404</ele><time>2026-07-18T13:16:52Z</time><speed>0.345</speed><sat>16</sat></trkpt>
  <trkpt lat="26.42360667" lon="-80.15281000"><ele>10.604</ele><time>2026-07-18T13:16:53Z</time><speed>0.352</speed><sat>16</sat></trkpt>
  <trkpt lat="26.42360167" lon="-80.15280667"><ele>10.704</ele><time>2026-07-18T13:16:54Z</time><speed>0.372</speed><sat>16</sat></trkpt>
  <trkpt lat="26.42359667" lon="-80.15280167"><ele>10.904</ele><time>2026-07-18T13:16:55Z</time><speed>0.390</speed><sat>15</sat></trkpt>
  <trkpt lat="26.42359000" lon="-80.15279833"><ele>11.104</ele><time>2026-07-18T13:16:56Z</time><speed>0.421</speed><sat>14</sat></trkpt>
  <trkpt lat="26.42358000" lon="-80.15279667"><ele>11.304</ele><time>2026-07-18T13:16:57Z</time><speed>0.480</speed><sat>15</sat></trkpt>
  <trkpt lat="26.42357167" lon="-80.15279500"><ele>11.604</ele><time>2026-07-18T13:16:58Z</time><speed>0.526</speed><sat>15</sat></trkpt>
  <trkpt lat="26.42356333" lon="-80.15279500"><ele>11.904</ele><time>2026-07-18T13:16:59Z</time><speed>0.590</speed><sat>16</sat></trkpt>
  <trkpt lat="26.42355500" lon="-80.15279833"><ele>12.004</ele><time>2026-07-18T13:17:00Z</time><speed>0.665</speed><sat>17</sat></trkpt>
  <trkpt lat="26.42354667" lon="-80.15279333"><ele>11.904</ele><time>2026-07-18T13:17:01Z</time><speed>0.718</speed><sat>16</sat></trkpt>
  <trkpt lat="26.42354167" lon="-80.15279167"><ele>11.704</ele><time>2026-07-18T13:17:02Z</time><speed>0.754</speed><sat>17</sat></trkpt>
  <trkpt lat="26.42353500" lon="-80.15278667"><ele>11.304</ele><time>2026-07-18T13:17:03Z</time><speed>0.795</speed><sat>16</sat></trkpt>
  <trkpt lat="26.42352500" lon="-80.15278333"><ele>10.904</ele><time>2026-07-18T13:17:04Z</time><speed>0.828</speed><sat>16</sat></trkpt>
  <trkpt lat="26.42351667" lon="-80.15277833"><ele>10.604</ele><time>2026-07-18T13:17:05Z</time><speed>0.866</speed><sat>16</sat></trkpt>
  <trkpt lat="26.42350833" lon="-80.15278333"><ele>10.104</ele><time>2026-07-18T13:17:06Z</time><speed>0.849</speed><sat>16</sat></trkpt>
  <trkpt lat="26.42350167" lon="-80.15279000"><ele>9.804</ele><time>2026-07-18T13:17:07Z</time><speed>0.846</speed><sat>16</sat></trkpt>
  <trkpt lat="26.42349333" lon="-80.15279167"><ele>9.404</ele><time>2026-07-18T13:17:08Z</time><speed>0.835</speed><sat>16</sat></trkpt>
  <trkpt lat="26.42348500" lon="-80.15280333"><ele>9.304</ele><time>2026-07-18T13:17:09Z</time><speed>0.846</speed><sat>16</sat></trkpt>
  <trkpt lat="26.42347833" lon="-80.15281500"><ele>9.404</ele><time>2026-07-18T13:17:10Z</time><speed>0.829</speed><sat>16</sat></trkpt>
  <trkpt lat="26.42347500" lon="-80.15282667"><ele>9.404</ele><time>2026-07-18T13:17:11Z</time><speed>0.827</speed><sat>16</sat></trkpt>
  <trkpt lat="26.42346833" lon="-80.15283833"><ele>9.504</ele><time>2026-07-18T13:17:12Z</time><speed>0.842</speed><sat>16</sat></trkpt>
  <trkpt lat="26.42346000" lon="-80.15284833"><ele>9.604</ele><time>2026-07-18T13:17:13Z</time><speed>0.857</speed><sat>16</sat></trkpt>
  <trkpt lat="26.42345500" lon="-80.15285333"><ele>9.604</ele><time>2026-07-18T13:17:14Z</time><speed>0.861</speed><sat>16</sat></trkpt>
  <trkpt lat="26.42344833" lon="-80.15285667"><ele>9.404</ele><time>2026-07-18T13:17:15Z</time><speed>0.852</speed><sat>16</sat></trkpt>
  <trkpt lat="26.42344167" lon="-80.15286500"><ele>9.204</ele><time>2026-07-18T13:17:16Z</time><speed>0.912</speed><sat>16</sat></trkpt>
  <trkpt lat="26.42343500" lon="-80.15287167"><ele>9.204</ele><time>2026-07-18T13:17:17Z</time><speed>0.932</speed><sat>16</sat></trkpt>
  <trkpt lat="26.42342833" lon="-80.15287833"><ele>9.204</ele><time>2026-07-18T13:17:18Z</time><speed>0.968</speed><sat>16</sat></trkpt>
  <trkpt lat="26.42341833" lon="-80.15288667"><ele>9.004</ele><time>2026-07-18T13:17:19Z</time><speed>0.981</speed><sat>16</sat></trkpt>
  <trkpt lat="26.42341333" lon="-80.15289167"><ele>9.004</ele><time>2026-07-18T13:17:20Z</time><speed>0.986</speed><sat>16</sat></trkpt>
  <trkpt lat="26.42340833" lon="-80.15290167"><ele>9.204</ele><time>2026-07-18T13:17:21Z</time><speed>1.013</speed><sat>16</sat></trkpt>
  <trkpt lat="26.42340167" lon="-80.15291000"><ele>9.404</ele><time>2026-07-18T13:17:22Z</time><speed>1.021</speed><sat>16</sat></trkpt>
  <trkpt lat="26.42339667" lon="-80.15291667"><ele>9.304</ele><time>2026-07-18T13:17:23Z</time><speed>1.039</speed><sat>16</sat></trkpt>
  <trkpt lat="26.42338500" lon="-80.15292500"><ele>8.904</ele><time>2026-07-18T13:17:24Z</time><speed>1.078</speed><sat>16</sat></trkpt>
  <trkpt lat="26.42337500" lon="-80.15293500"><ele>8.604</ele><time>2026-07-18T13:17:25Z</time><speed>1.120</speed><sat>16</sat></trkpt>
  <trkpt lat="26.42336833" lon="-80.15294500"><ele>8.304</ele><time>2026-07-18T13:17:26Z</time><speed>1.128</speed><sat>16</sat></trkpt>
  <trkpt lat="26.42335667" lon="-80.15295833"><ele>8.104</ele><time>2026-07-18T13:17:27Z</time><speed>1.159</speed><sat>16</sat></trkpt>
  <trkpt lat="26.42334667" lon="-80.15297000"><ele>8.103</ele><time>2026-07-18T13:17:28Z</time><speed>1.205</speed><sat>16</sat></trkpt>
  <trkpt lat="26.42333667" lon="-80.15298167"><ele>8.203</ele><time>2026-07-18T13:17:29Z</time><speed>1.229</speed><sat>16</sat></trkpt>
  <trkpt lat="26.42332833" lon="-80.15299167"><ele>8.403</ele><time>2026-07-18T13:17:30Z</time><speed>1.292</speed><sat>16</sat></trkpt>
  <trkpt lat="26.42331833" lon="-80.15300667"><ele>8.303</ele><time>2026-07-18T13:17:31Z</time><speed>1.325</speed><sat>17</sat></trkpt>
  <trkpt lat="26.42330667" lon="-80.15302167"><ele>8.303</ele><time>2026-07-18T13:17:32Z</time><speed>1.372</speed><sat>17</sat></trkpt>
  <trkpt lat="26.42329833" lon="-80.15303333"><ele>8.203</ele><time>2026-07-18T13:17:33Z</time><speed>1.409</speed><sat>17</sat></trkpt>
  <trkpt lat="26.42329333" lon="-80.15304500"><ele>8.103</ele><time>2026-07-18T13:17:34Z</time><speed>1.440</speed><sat>17</sat></trkpt>
  <trkpt lat="26.42329167" lon="-80.15305667"><ele>7.903</ele><time>2026-07-18T13:17:35Z</time><speed>1.469</speed><sat>17</sat></trkpt>
  <trkpt lat="26.42328667" lon="-80.15306833"><ele>7.703</ele><time>2026-07-18T13:17:36Z</time><speed>1.526</speed><sat>17</sat></trkpt>
  <trkpt lat="26.42327667" lon="-80.15308333"><ele>7.403</ele><time>2026-07-18T13:17:37Z</time><speed>1.546</speed><sat>17</sat></trkpt>
  <trkpt lat="26.42327667" lon="-80.15310333"><ele>7.803</ele><time>2026-07-18T13:17:38Z</time><speed>1.567</speed><sat>17</sat></trkpt>
  <trkpt lat="26.42327500" lon="-80.15312000"><ele>7.603</ele><time>2026-07-18T13:17:39Z</time><speed>1.583</speed><sat>17</sat></trkpt>
  <trkpt lat="26.42326333" lon="-80.15313667"><ele>7.403</ele><time>2026-07-18T13:17:40Z</time><speed>1.600</speed><sat>18</sat></trkpt>
  <trkpt lat="26.42325667" lon="-80.15315333"><ele>7.103</ele><time>2026-07-18T13:17:41Z</time><speed>1.623</speed><sat>18</sat></trkpt>
  <trkpt lat="26.42324500" lon="-80.15317000"><ele>6.903</ele><time>2026-07-18T13:17:42Z</time><speed>1.640</speed><sat>18</sat></trkpt>
  <trkpt lat="26.42323833" lon="-80.15318833"><ele>6.903</ele><time>2026-07-18T13:17:43Z</time><speed>1.653</speed><sat>18</sat></trkpt>
  <trkpt lat="26.42323333" lon="-80.15320333"><ele>6.802</ele><time>2026-07-18T13:17:44Z</time><speed>1.660</speed><sat>18</sat></trkpt>
  <trkpt lat="26.42322167" lon="-80.15321667"><ele>6.802</ele><time>2026-07-18T13:17:45Z</time><speed>1.679</speed><sat>17</sat></trkpt>
  <trkpt lat="26.42321333" lon="-80.15322667"><ele>7.002</ele><time>2026-07-18T13:17:46Z</time><speed>1.647</speed><sat>17</sat></trkpt>
  <trkpt lat="26.42320333" lon="-80.15323667"><ele>7.402</ele><time>2026-07-18T13:17:47Z</time><speed>1.638</speed><sat>17</sat></trkpt>
  <trkpt lat="26.42319500" lon="-80.15324333"><ele>7.802</ele><time>2026-07-18T13:17:48Z</time><speed>1.589</speed><sat>18</sat></trkpt>
  <trkpt lat="26.42318500" lon="-80.15324667"><ele>8.202</ele><time>2026-07-18T13:17:49Z</time><speed>1.573</speed><sat>17</sat></trkpt>
  <trkpt lat="26.42317167" lon="-80.15324333"><ele>8.502</ele><time>2026-07-18T13:17:50Z</time><speed>1.528</speed><sat>17</sat></trkpt>
  <trkpt lat="26.42316167" lon="-80.15324167"><ele>8.702</ele><time>2026-07-18T13:17:51Z</time><speed>1.447</speed><sat>17</sat></trkpt>
  <trkpt lat="26.42315333" lon="-80.15324167"><ele>8.902</ele><time>2026-07-18T13:17:52Z</time><speed>1.377</speed><sat>18</sat></trkpt>
  <trkpt lat="26.42314667" lon="-80.15324333"><ele>8.902</ele><time>2026-07-18T13:17:53Z</time><speed>1.325</speed><sat>18</sat></trkpt>
  <trkpt lat="26.42314167" lon="-80.15323833"><ele>8.902</ele><time>2026-07-18T13:17:54Z</time><speed>1.273</speed><sat>18</sat></trkpt>
  <trkpt lat="26.42313000" lon="-80.15323333"><ele>9.002</ele><time>2026-07-18T13:17:55Z</time><speed>1.232</speed><sat>18</sat></trkpt>
  <trkpt lat="26.42311833" lon="-80.15322833"><ele>9.202</ele><time>2026-07-18T13:17:56Z</time><speed>1.197</speed><sat>18</sat></trkpt>
  <trkpt lat="26.42310333" lon="-80.15322333"><ele>9.302</ele><time>2026-07-18T13:17:57Z</time><speed>1.179</speed><sat>18</sat></trkpt>
  <trkpt lat="26.42308333" lon="-80.15321500"><ele>9.602</ele><time>2026-07-18T13:17:58Z</time><speed>1.225</speed><sat>19</sat></trkpt>
  <trkpt lat="26.42306167" lon="-80.15320833"><ele>10.002</ele><time>2026-07-18T13:17:59Z</time><speed>1.278</speed><sat>19</sat></trkpt>
  <trkpt lat="26.42304333" lon="-80.15320667"><ele>10.102</ele><time>2026-07-18T13:18:00Z</time><speed>1.308</speed><sat>19</sat></trkpt>
  <trkpt lat="26.42302667" lon="-80.15320667"><ele>10.602</ele><time>2026-07-18T13:18:01Z</time><speed>1.352</speed><sat>19</sat></trkpt>
  <trkpt lat="26.42301000" lon="-80.15320167"><ele>11.102</ele><time>2026-07-18T13:18:02Z</time><speed>1.394</speed><sat>19</sat></trkpt>
  <trkpt lat="26.42299500" lon="-80.15320500"><ele>11.802</ele><time>2026-07-18T13:18:03Z</time><speed>1.431</speed><sat>18</sat></trkpt>
  <trkpt lat="26.42298000" lon="-80.15321000"><ele>11.802</ele><time>2026-07-18T13:18:04Z</time><speed>1.485</speed><sat>18</sat></trkpt>
  <trkpt lat="26.42297000" lon="-80.15321167"><ele>11.802</ele><time>2026-07-18T13:18:05Z</time><speed>1.510</speed><sat>17</sat></trkpt>
  <trkpt lat="26.42296000" lon="-80.15321167"><ele>11.602</ele><time>2026-07-18T13:18:06Z</time><speed>1.522</speed><sat>17</sat></trkpt>
  <trkpt lat="26.42294500" lon="-80.15321500"><ele>11.602</ele><time>2026-07-18T13:18:07Z</time><speed>1.520</speed><sat>16</sat></trkpt>
  <trkpt lat="26.42293333" lon="-80.15321167"><ele>11.602</ele><time>2026-07-18T13:18:08Z</time><speed>1.502</speed><sat>16</sat></trkpt>
  <trkpt lat="26.42291667" lon="-80.15321167"><ele>11.802</ele><time>2026-07-18T13:18:09Z</time><speed>1.419</speed><sat>15</sat></trkpt>
  <trkpt lat="26.42291000" lon="-80.15321833"><ele>11.702</ele><time>2026-07-18T13:18:10Z</time><speed>1.380</speed><sat>15</sat></trkpt>
  <trkpt lat="26.42289500" lon="-80.15322000"><ele>11.902</ele><time>2026-07-18T13:18:11Z</time><speed>1.353</speed><sat>17</sat></trkpt>
  <trkpt lat="26.42287667" lon="-80.15322333"><ele>11.802</ele><time>2026-07-18T13:18:12Z</time><speed>1.334</speed><sat>16</sat></trkpt>
  <trkpt lat="26.42286167" lon="-80.15321833"><ele>11.602</ele><time>2026-07-18T13:18:13Z</time><speed>1.320</speed><sat>17</sat></trkpt>
  <trkpt lat="26.42284500" lon="-80.15321167"><ele>11.702</ele><time>2026-07-18T13:18:14Z</time><speed>1.289</speed><sat>17</sat></trkpt>
  <trkpt lat="26.42282833" lon="-80.15321000"><ele>12.202</ele><time>2026-07-18T13:18:15Z</time><speed>1.283</speed><sat>18</sat></trkpt>
  <trkpt lat="26.42281167" lon="-80.15321000"><ele>12.902</ele><time>2026-07-18T13:18:16Z</time><speed>1.294</speed><sat>18</sat></trkpt>
  <trkpt lat="26.42279500" lon="-80.15320333"><ele>13.102</ele><time>2026-07-18T13:18:17Z</time><speed>1.301</speed><sat>18</sat></trkpt>
  <trkpt lat="26.42277833" lon="-80.15319833"><ele>13.002</ele><time>2026-07-18T13:18:18Z</time><speed>1.295</speed><sat>18</sat></trkpt>
  <trkpt lat="26.42276333" lon="-80.15319500"><ele>13.302</ele><time>2026-07-18T13:18:19Z</time><speed>1.345</speed><sat>18</sat></trkpt>
  <trkpt lat="26.42275667" lon="-80.15319667"><ele>12.802</ele><time>2026-07-18T13:18:20Z</time><speed>1.320</speed><sat>18</sat></trkpt>
  <trkpt lat="26.42274500" lon="-80.15320167"><ele>12.202</ele><time>2026-07-18T13:18:21Z</time><speed>1.375</speed><sat>18</sat></trkpt>
  <trkpt lat="26.42273167" lon="-80.15321000"><ele>11.802</ele><time>2026-07-18T13:18:22Z</time><speed>1.438</speed><sat>18</sat></trkpt>
  <trkpt lat="26.42271000" lon="-80.15321667"><ele>11.902</ele><time>2026-07-18T13:18:23Z</time><speed>1.465</speed><sat>18</sat></trkpt>
  <trkpt lat="26.42269833" lon="-80.15321833"><ele>11.602</ele><time>2026-07-18T13:18:24Z</time><speed>1.507</speed><sat>18</sat></trkpt>
  <trkpt lat="26.42268667" lon="-80.15321000"><ele>11.102</ele><time>2026-07-18T13:18:25Z</time><speed>1.523</speed><sat>18</sat></trkpt>
  <trkpt lat="26.42267333" lon="-80.15320000"><ele>10.602</ele><time>2026-07-18T13:18:26Z</time><speed>1.550</speed><sat>18</sat></trkpt>
  <trkpt lat="26.42266667" lon="-80.15318833"><ele>9.902</ele><time>2026-07-18T13:18:27Z</time><speed>1.539</speed><sat>18</sat></trkpt>
  <trkpt lat="26.42266167" lon="-80.15317167"><ele>9.302</ele><time>2026-07-18T13:18:28Z</time><speed>1.507</speed><sat>18</sat></trkpt>
  <trkpt lat="26.42265833" lon="-80.15315333"><ele>8.802</ele><time>2026-07-18T13:18:29Z</time><speed>1.494</speed><sat>18</sat></trkpt>
  <trkpt lat="26.42265500" lon="-80.15313667"><ele>8.302</ele><time>2026-07-18T13:18:30Z</time><speed>1.564</speed><sat>18</sat></trkpt>
  <trkpt lat="26.42265000" lon="-80.15312167"><ele>8.002</ele><time>2026-07-18T13:18:31Z</time><speed>1.570</speed><sat>18</sat></trkpt>
  <trkpt lat="26.42264500" lon="-80.15310333"><ele>7.503</ele><time>2026-07-18T13:18:32Z</time><speed>1.560</speed><sat>18</sat></trkpt>
  <trkpt lat="26.42263833" lon="-80.15308833"><ele>7.103</ele><time>2026-07-18T13:18:33Z</time><speed>1.574</speed><sat>18</sat></trkpt>
  <trkpt lat="26.42262833" lon="-80.15307167"><ele>7.403</ele><time>2026-07-18T13:18:34Z</time><speed>1.578</speed><sat>17</sat></trkpt>
  <trkpt lat="26.42262000" lon="-80.15305500"><ele>6.803</ele><time>2026-07-18T13:18:35Z</time><speed>1.602</speed><sat>17</sat></trkpt>
  <trkpt lat="26.42261333" lon="-80.15303833"><ele>6.203</ele><time>2026-07-18T13:18:36Z</time><speed>1.647</speed><sat>16</sat></trkpt>
  <trkpt lat="26.42260500" lon="-80.15302167"><ele>5.903</ele><time>2026-07-18T13:18:37Z</time><speed>1.715</speed><sat>16</sat></trkpt>
  <trkpt lat="26.42259667" lon="-80.15300333"><ele>5.303</ele><time>2026-07-18T13:18:38Z</time><speed>1.810</speed><sat>17</sat></trkpt>
  <trkpt lat="26.42258667" lon="-80.15298667"><ele>5.403</ele><time>2026-07-18T13:18:39Z</time><speed>1.841</speed><sat>17</sat></trkpt>
  <trkpt lat="26.42257500" lon="-80.15297000"><ele>5.203</ele><time>2026-07-18T13:18:40Z</time><speed>1.868</speed><sat>17</sat></trkpt>
  <trkpt lat="26.42256333" lon="-80.15295333"><ele>5.103</ele><time>2026-07-18T13:18:41Z</time><speed>1.878</speed><sat>17</sat></trkpt>
  <trkpt lat="26.42255500" lon="-80.15293667"><ele>5.103</ele><time>2026-07-18T13:18:42Z</time><speed>1.888</speed><sat>17</sat></trkpt>
  <trkpt lat="26.42254667" lon="-80.15292167"><ele>5.403</ele><time>2026-07-18T13:18:43Z</time><speed>1.880</speed><sat>18</sat></trkpt>
  <trkpt lat="26.42253667" lon="-80.15291000"><ele>5.803</ele><time>2026-07-18T13:18:44Z</time><speed>1.856</speed><sat>18</sat></trkpt>
  <trkpt lat="26.42252500" lon="-80.15289333"><ele>5.903</ele><time>2026-07-18T13:18:45Z</time><speed>1.847</speed><sat>18</sat></trkpt>
  <trkpt lat="26.42251333" lon="-80.15288000"><ele>5.703</ele><time>2026-07-18T13:18:46Z</time><speed>1.809</speed><sat>18</sat></trkpt>
  <trkpt lat="26.42250333" lon="-80.15286500"><ele>5.503</ele><time>2026-07-18T13:18:47Z</time><speed>1.798</speed><sat>18</sat></trkpt>
  <trkpt lat="26.42249000" lon="-80.15285167"><ele>5.503</ele><time>2026-07-18T13:18:48Z</time><speed>1.776</speed><sat>18</sat></trkpt>
  <trkpt lat="26.42247667" lon="-80.15283500"><ele>5.504</ele><time>2026-07-18T13:18:49Z</time><speed>1.796</speed><sat>18</sat></trkpt>
  <trkpt lat="26.42246500" lon="-80.15282000"><ele>6.004</ele><time>2026-07-18T13:18:50Z</time><speed>1.814</speed><sat>18</sat></trkpt>
  <trkpt lat="26.42245500" lon="-80.15280500"><ele>7.104</ele><time>2026-07-18T13:18:51Z</time><speed>1.815</speed><sat>18</sat></trkpt>
  <trkpt lat="26.42244167" lon="-80.15279167"><ele>7.304</ele><time>2026-07-18T13:18:52Z</time><speed>1.785</speed><sat>18</sat></trkpt>
  <trkpt lat="26.42242833" lon="-80.15278333"><ele>7.204</ele><time>2026-07-18T13:18:53Z</time><speed>1.765</speed><sat>18</sat></trkpt>
  <trkpt lat="26.42241333" lon="-80.15277333"><ele>6.904</ele><time>2026-07-18T13:18:54Z</time><speed>1.771</speed><sat>18</sat></trkpt>
  <trkpt lat="26.42240167" lon="-80.15276500"><ele>6.604</ele><time>2026-07-18T13:18:55Z</time><speed>1.797</speed><sat>18</sat></trkpt>
  <trkpt lat="26.42239167" lon="-80.15274167"><ele>6.604</ele><time>2026-07-18T13:18:56Z</time><speed>1.844</speed><sat>18</sat></trkpt>
  <trkpt lat="26.42237667" lon="-80.15272500"><ele>7.004</ele><time>2026-07-18T13:18:57Z</time><speed>1.875</speed><sat>18</sat></trkpt>
  <trkpt lat="26.42236167" lon="-80.15271500"><ele>7.404</ele><time>2026-07-18T13:18:58Z</time><speed>1.898</speed><sat>18</sat></trkpt>
  <trkpt lat="26.42234833" lon="-80.15270167"><ele>7.204</ele><time>2026-07-18T13:18:59Z</time><speed>1.880</speed><sat>18</sat></trkpt>
  <trkpt lat="26.42233667" lon="-80.15269000"><ele>7.204</ele><time>2026-07-18T13:19:00Z</time><speed>1.848</speed><sat>18</sat></trkpt>
  <trkpt lat="26.42232500" lon="-80.15267667"><ele>7.104</ele><time>2026-07-18T13:19:01Z</time><speed>1.849</speed><sat>18</sat></trkpt>
  <trkpt lat="26.42231333" lon="-80.15266167"><ele>6.904</ele><time>2026-07-18T13:19:02Z</time><speed>1.870</speed><sat>18</sat></trkpt>
  <trkpt lat="26.42230333" lon="-80.15265000"><ele>7.204</ele><time>2026-07-18T13:19:03Z</time><speed>1.914</speed><sat>18</sat></trkpt>
  <trkpt lat="26.42228833" lon="-80.15264000"><ele>7.404</ele><time>2026-07-18T13:19:04Z</time><speed>1.952</speed><sat>18</sat></trkpt>
  <trkpt lat="26.42227167" lon="-80.15263000"><ele>7.804</ele><time>2026-07-18T13:19:05Z</time><speed>1.943</speed><sat>18</sat></trkpt>
  <trkpt lat="26.42226000" lon="-80.15261833"><ele>7.704</ele><time>2026-07-18T13:19:06Z</time><speed>1.925</speed><sat>18</sat></trkpt>
  <trkpt lat="26.42224500" lon="-80.15260667"><ele>7.604</ele><time>2026-07-18T13:19:07Z</time><speed>1.876</speed><sat>18</sat></trkpt>
  <trkpt lat="26.42223000" lon="-80.15259833"><ele>7.404</ele><time>2026-07-18T13:19:08Z</time><speed>1.849</speed><sat>18</sat></trkpt>
  <trkpt lat="26.42221167" lon="-80.15258500"><ele>7.604</ele><time>2026-07-18T13:19:09Z</time><speed>1.835</speed><sat>18</sat></trkpt>
  <trkpt lat="26.42219667" lon="-80.15257333"><ele>7.704</ele><time>2026-07-18T13:19:10Z</time><speed>1.839</speed><sat>18</sat></trkpt>
  <trkpt lat="26.42218167" lon="-80.15256500"><ele>7.804</ele><time>2026-07-18T13:19:11Z</time><speed>1.840</speed><sat>18</sat></trkpt>
  <trkpt lat="26.42216333" lon="-80.15255667"><ele>7.805</ele><time>2026-07-18T13:19:12Z</time><speed>1.851</speed><sat>18</sat></trkpt>
  <trkpt lat="26.42214667" lon="-80.15254833"><ele>7.505</ele><time>2026-07-18T13:19:13Z</time><speed>1.839</speed><sat>18</sat></trkpt>
  <trkpt lat="26.42213167" lon="-80.15254167"><ele>7.205</ele><time>2026-07-18T13:19:14Z</time><speed>1.827</speed><sat>18</sat></trkpt>
  <trkpt lat="26.42211667" lon="-80.15253500"><ele>7.205</ele><time>2026-07-18T13:19:15Z</time><speed>1.828</speed><sat>18</sat></trkpt>
  <trkpt lat="26.42210167" lon="-80.15252667"><ele>7.005</ele><time>2026-07-18T13:19:16Z</time><speed>1.831</speed><sat>18</sat></trkpt>
  <trkpt lat="26.42208667" lon="-80.15252000"><ele>7.005</ele><time>2026-07-18T13:19:17Z</time><speed>1.866</speed><sat>18</sat></trkpt>
  <trkpt lat="26.42207167" lon="-80.15251333"><ele>7.205</ele><time>2026-07-18T13:19:18Z</time><speed>1.878</speed><sat>18</sat></trkpt>
  <trkpt lat="26.42206000" lon="-80.15250667"><ele>7.405</ele><time>2026-07-18T13:19:19Z</time><speed>1.908</speed><sat>18</sat></trkpt>
  <trkpt lat="26.42205000" lon="-80.15250000"><ele>7.905</ele><time>2026-07-18T13:19:20Z</time><speed>1.914</speed><sat>18</sat></trkpt>
  <trkpt lat="26.42203833" lon="-80.15249333"><ele>7.805</ele><time>2026-07-18T13:19:21Z</time><speed>1.919</speed><sat>18</sat></trkpt>
  <trkpt lat="26.42202167" lon="-80.15248833"><ele>7.405</ele><time>2026-07-18T13:19:22Z</time><speed>1.917</speed><sat>18</sat></trkpt>
  <trkpt lat="26.42200500" lon="-80.15248500"><ele>7.405</ele><time>2026-07-18T13:19:23Z</time><speed>1.928</speed><sat>18</sat></trkpt>
  <trkpt lat="26.42198833" lon="-80.15248000"><ele>7.505</ele><time>2026-07-18T13:19:24Z</time><speed>1.927</speed><sat>18</sat></trkpt>
  <trkpt lat="26.42196667" lon="-80.15247667"><ele>7.405</ele><time>2026-07-18T13:19:25Z</time><speed>1.932</speed><sat>17</sat></trkpt>
  <trkpt lat="26.42194667" lon="-80.15247333"><ele>7.405</ele><time>2026-07-18T13:19:26Z</time><speed>1.938</speed><sat>17</sat></trkpt>
  <trkpt lat="26.42193167" lon="-80.15246833"><ele>7.705</ele><time>2026-07-18T13:19:27Z</time><speed>1.930</speed><sat>16</sat></trkpt>
  <trkpt lat="26.42191500" lon="-80.15246667"><ele>7.605</ele><time>2026-07-18T13:19:28Z</time><speed>1.917</speed><sat>17</sat></trkpt>
  <trkpt lat="26.42189833" lon="-80.15246667"><ele>7.305</ele><time>2026-07-18T13:19:29Z</time><speed>1.910</speed><sat>17</sat></trkpt>
  <trkpt lat="26.42188167" lon="-80.15246333"><ele>6.905</ele><time>2026-07-18T13:19:30Z</time><speed>1.902</speed><sat>17</sat></trkpt>
  <trkpt lat="26.42186500" lon="-80.15246167"><ele>6.805</ele><time>2026-07-18T13:19:31Z</time><speed>1.895</speed><sat>18</sat></trkpt>
  <trkpt lat="26.42184667" lon="-80.15246000"><ele>6.705</ele><time>2026-07-18T13:19:32Z</time><speed>1.900</speed><sat>18</sat></trkpt>
  <trkpt lat="26.42183000" lon="-80.15245833"><ele>6.605</ele><time>2026-07-18T13:19:33Z</time><speed>1.895</speed><sat>18</sat></trkpt>
  <trkpt lat="26.42181167" lon="-80.15245667"><ele>6.205</ele><time>2026-07-18T13:19:34Z</time><speed>1.908</speed><sat>18</sat></trkpt>
  <trkpt lat="26.42179333" lon="-80.15245500"><ele>6.205</ele><time>2026-07-18T13:19:35Z</time><speed>1.905</speed><sat>18</sat></trkpt>
  <trkpt lat="26.42177333" lon="-80.15245333"><ele>6.105</ele><time>2026-07-18T13:19:36Z</time><speed>1.900</speed><sat>18</sat></trkpt>
  <trkpt lat="26.42175500" lon="-80.15245000"><ele>6.105</ele><time>2026-07-18T13:19:37Z</time><speed>1.904</speed><sat>18</sat></trkpt>
  <trkpt lat="26.42173833" lon="-80.15245000"><ele>6.005</ele><time>2026-07-18T13:19:38Z</time><speed>1.912</speed><sat>17</sat></trkpt>
  <trkpt lat="26.42172333" lon="-80.15245000"><ele>6.105</ele><time>2026-07-18T13:19:39Z</time><speed>1.911</speed><sat>18</sat></trkpt>
  <trkpt lat="26.42170500" lon="-80.15244833"><ele>6.305</ele><time>2026-07-18T13:19:40Z</time><speed>1.906</speed><sat>18</sat></trkpt>
  <trkpt lat="26.42168833" lon="-80.15244833"><ele>6.205</ele><time>2026-07-18T13:19:41Z</time><speed>1.918</speed><sat>18</sat></trkpt>
  <trkpt lat="26.42167333" lon="-80.15244500"><ele>6.005</ele><time>2026-07-18T13:19:42Z</time><speed>1.911</speed><sat>17</sat></trkpt>
  <trkpt lat="26.42166000" lon="-80.15244667"><ele>5.905</ele><time>2026-07-18T13:19:43Z</time><speed>1.900</speed><sat>19</sat></trkpt>
  <trkpt lat="26.42164000" lon="-80.15244333"><ele>5.805</ele><time>2026-07-18T13:19:44Z</time><speed>1.886</speed><sat>19</sat></trkpt>
  <trkpt lat="26.42162167" lon="-80.15244500"><ele>6.005</ele><time>2026-07-18T13:19:45Z</time><speed>1.879</speed><sat>19</sat></trkpt>
  <trkpt lat="26.42160667" lon="-80.15244500"><ele>6.005</ele><time>2026-07-18T13:19:46Z</time><speed>1.858</speed><sat>19</sat></trkpt>
  <trkpt lat="26.42159000" lon="-80.15244500"><ele>5.905</ele><time>2026-07-18T13:19:47Z</time><speed>1.841</speed><sat>19</sat></trkpt>
  <trkpt lat="26.42157167" lon="-80.15244667"><ele>5.905</ele><time>2026-07-18T13:19:48Z</time><speed>1.838</speed><sat>19</sat></trkpt>
  <trkpt lat="26.42155500" lon="-80.15244500"><ele>5.905</ele><time>2026-07-18T13:19:49Z</time><speed>1.826</speed><sat>19</sat></trkpt>
  <trkpt lat="26.42153833" lon="-80.15244667"><ele>6.205</ele><time>2026-07-18T13:19:50Z</time><speed>1.831</speed><sat>19</sat></trkpt>
  <trkpt lat="26.42152000" lon="-80.15244833"><ele>6.505</ele><time>2026-07-18T13:19:51Z</time><speed>1.828</speed><sat>19</sat></trkpt>
  <trkpt lat="26.42150333" lon="-80.15245333"><ele>6.905</ele><time>2026-07-18T13:19:52Z</time><speed>1.816</speed><sat>19</sat></trkpt>
  <trkpt lat="26.42148833" lon="-80.15245500"><ele>7.405</ele><time>2026-07-18T13:19:53Z</time><speed>1.800</speed><sat>19</sat></trkpt>
  <trkpt lat="26.42147500" lon="-80.15245833"><ele>7.705</ele><time>2026-07-18T13:19:54Z</time><speed>1.760</speed><sat>19</sat></trkpt>
  <trkpt lat="26.42145833" lon="-80.15245500"><ele>7.305</ele><time>2026-07-18T13:19:55Z</time><speed>1.753</speed><sat>19</sat></trkpt>
  <trkpt lat="26.42144000" lon="-80.15245167"><ele>6.605</ele><time>2026-07-18T13:19:56Z</time><speed>1.749</speed><sat>19</sat></trkpt>
  <trkpt lat="26.42142167" lon="-80.15245000"><ele>6.005</ele><time>2026-07-18T13:19:57Z</time><speed>1.752</speed><sat>19</sat></trkpt>
  <trkpt lat="26.42140333" lon="-80.15244833"><ele>5.505</ele><time>2026-07-18T13:19:58Z</time><speed>1.748</speed><sat>19</sat></trkpt>
  <trkpt lat="26.42138500" lon="-80.15245000"><ele>5.405</ele><time>2026-07-18T13:19:59Z</time><speed>1.764</speed><sat>19</sat></trkpt>
  <trkpt lat="26.42136833" lon="-80.15245333"><ele>5.204</ele><time>2026-07-18T13:20:00Z</time><speed>1.754</speed><sat>19</sat></trkpt>
  <trkpt lat="26.42135167" lon="-80.15245167"><ele>5.104</ele><time>2026-07-18T13:20:01Z</time><speed>1.750</speed><sat>19</sat></trkpt>
  <trkpt lat="26.42133500" lon="-80.15245167"><ele>5.004</ele><time>2026-07-18T13:20:02Z</time><speed>1.753</speed><sat>19</sat></trkpt>
  <trkpt lat="26.42132167" lon="-80.15244833"><ele>4.704</ele><time>2026-07-18T13:20:03Z</time><speed>1.772</speed><sat>19</sat></trkpt>
  <trkpt lat="26.42130500" lon="-80.15244333"><ele>4.304</ele><time>2026-07-18T13:20:04Z</time><speed>1.810</speed><sat>18</sat></trkpt>
  <trkpt lat="26.42128500" lon="-80.15244500"><ele>4.504</ele><time>2026-07-18T13:20:05Z</time><speed>1.812</speed><sat>18</sat></trkpt>
  <trkpt lat="26.42126500" lon="-80.15244500"><ele>4.204</ele><time>2026-07-18T13:20:06Z</time><speed>1.822</speed><sat>18</sat></trkpt>
  <trkpt lat="26.42124667" lon="-80.15244500"><ele>4.004</ele><time>2026-07-18T13:20:07Z</time><speed>1.833</speed><sat>19</sat></trkpt>
  <trkpt lat="26.42123167" lon="-80.15244333"><ele>4.404</ele><time>2026-07-18T13:20:08Z</time><speed>1.846</speed><sat>19</sat></trkpt>
  <trkpt lat="26.42121333" lon="-80.15244000"><ele>4.904</ele><time>2026-07-18T13:20:09Z</time><speed>1.839</speed><sat>19</sat></trkpt>
  <trkpt lat="26.42119833" lon="-80.15243667"><ele>5.704</ele><time>2026-07-18T13:20:10Z</time><speed>1.838</speed><sat>19</sat></trkpt>
  <trkpt lat="26.42118000" lon="-80.15243500"><ele>6.504</ele><time>2026-07-18T13:20:11Z</time><speed>1.815</speed><sat>19</sat></trkpt>
  <trkpt lat="26.42116500" lon="-80.15243667"><ele>6.804</ele><time>2026-07-18T13:20:12Z</time><speed>1.819</speed><sat>18</sat></trkpt>
  <trkpt lat="26.42115000" lon="-80.15243667"><ele>6.704</ele><time>2026-07-18T13:20:13Z</time><speed>1.813</speed><sat>18</sat></trkpt>
  <trkpt lat="26.42113500" lon="-80.15244167"><ele>6.604</ele><time>2026-07-18T13:20:14Z</time><speed>1.817</speed><sat>18</sat></trkpt>
  <trkpt lat="26.42112000" lon="-80.15244167"><ele>6.604</ele><time>2026-07-18T13:20:15Z</time><speed>1.821</speed><sat>18</sat></trkpt>
  <trkpt lat="26.42110500" lon="-80.15244333"><ele>6.604</ele><time>2026-07-18T13:20:16Z</time><speed>1.831</speed><sat>18</sat></trkpt>
  <trkpt lat="26.42108833" lon="-80.15244333"><ele>6.604</ele><time>2026-07-18T13:20:17Z</time><speed>1.826</speed><sat>18</sat></trkpt>
  <trkpt lat="26.42107000" lon="-80.15244333"><ele>6.804</ele><time>2026-07-18T13:20:18Z</time><speed>1.823</speed><sat>19</sat></trkpt>
  <trkpt lat="26.42105333" lon="-80.15244333"><ele>6.504</ele><time>2026-07-18T13:20:19Z</time><speed>1.825</speed><sat>19</sat></trkpt>
  <trkpt lat="26.42103667" lon="-80.15244000"><ele>6.304</ele><time>2026-07-18T13:20:20Z</time><speed>1.841</speed><sat>18</sat></trkpt>
  <trkpt lat="26.42102000" lon="-80.15243833"><ele>6.104</ele><time>2026-07-18T13:20:21Z</time><speed>1.866</speed><sat>18</sat></trkpt>
  <trkpt lat="26.42100333" lon="-80.15243667"><ele>6.004</ele><time>2026-07-18T13:20:22Z</time><speed>1.864</speed><sat>19</sat></trkpt>
  <trkpt lat="26.42098333" lon="-80.15243833"><ele>6.004</ele><time>2026-07-18T13:20:23Z</time><speed>1.872</speed><sat>19</sat></trkpt>
  <trkpt lat="26.42096333" lon="-80.15244000"><ele>6.204</ele><time>2026-07-18T13:20:24Z</time><speed>1.881</speed><sat>19</sat></trkpt>
  <trkpt lat="26.42094333" lon="-80.15244167"><ele>6.104</ele><time>2026-07-18T13:20:25Z</time><speed>1.886</speed><sat>19</sat></trkpt>
  <trkpt lat="26.42092833" lon="-80.15244167"><ele>5.904</ele><time>2026-07-18T13:20:26Z</time><speed>1.893</speed><sat>19</sat></trkpt>
  <trkpt lat="26.42091167" lon="-80.15244000"><ele>5.904</ele><time>2026-07-18T13:20:27Z</time><speed>1.890</speed><sat>19</sat></trkpt>
  <trkpt lat="26.42089500" lon="-80.15244000"><ele>5.804</ele><time>2026-07-18T13:20:28Z</time><speed>1.882</speed><sat>19</sat></trkpt>
  <trkpt lat="26.42087667" lon="-80.15243667"><ele>5.804</ele><time>2026-07-18T13:20:29Z</time><speed>1.881</speed><sat>19</sat></trkpt>
  <trkpt lat="26.42085833" lon="-80.15243333"><ele>5.604</ele><time>2026-07-18T13:20:30Z</time><speed>1.878</speed><sat>19</sat></trkpt>
  <trkpt lat="26.42084000" lon="-80.15243333"><ele>5.504</ele><time>2026-07-18T13:20:31Z</time><speed>1.872</speed><sat>18</sat></trkpt>
  <trkpt lat="26.42082333" lon="-80.15243167"><ele>5.104</ele><time>2026-07-18T13:20:32Z</time><speed>1.886</speed><sat>19</sat></trkpt>
  <trkpt lat="26.42080500" lon="-80.15243000"><ele>5.004</ele><time>2026-07-18T13:20:33Z</time><speed>1.885</speed><sat>19</sat></trkpt>
  <trkpt lat="26.42078833" lon="-80.15242833"><ele>4.804</ele><time>2026-07-18T13:20:34Z</time><speed>1.878</speed><sat>19</sat></trkpt>
  <trkpt lat="26.42077167" lon="-80.15242667"><ele>4.704</ele><time>2026-07-18T13:20:35Z</time><speed>1.898</speed><sat>19</sat></trkpt>
  <trkpt lat="26.42075333" lon="-80.15243000"><ele>4.604</ele><time>2026-07-18T13:20:36Z</time><speed>1.886</speed><sat>19</sat></trkpt>
  <trkpt lat="26.42073667" lon="-80.15243167"><ele>4.504</ele><time>2026-07-18T13:20:37Z</time><speed>1.897</speed><sat>18</sat></trkpt>
  <trkpt lat="26.42072000" lon="-80.15243000"><ele>4.604</ele><time>2026-07-18T13:20:38Z</time><speed>1.898</speed><sat>19</sat></trkpt>
  <trkpt lat="26.42070167" lon="-80.15243000"><ele>4.804</ele><time>2026-07-18T13:20:39Z</time><speed>1.899</speed><sat>19</sat></trkpt>
  <trkpt lat="26.42068667" lon="-80.15243000"><ele>4.904</ele><time>2026-07-18T13:20:40Z</time><speed>1.898</speed><sat>18</sat></trkpt>
  <trkpt lat="26.42066833" lon="-80.15243000"><ele>5.204</ele><time>2026-07-18T13:20:41Z</time><speed>1.898</speed><sat>19</sat></trkpt>
  <trkpt lat="26.42064833" lon="-80.15243167"><ele>5.204</ele><time>2026-07-18T13:20:42Z</time><speed>1.894</speed><sat>18</sat></trkpt>
  <trkpt lat="26.42062500" lon="-80.15243500"><ele>5.004</ele><time>2026-07-18T13:20:43Z</time><speed>1.892</speed><sat>19</sat></trkpt>
  <trkpt lat="26.42060667" lon="-80.15243833"><ele>5.304</ele><time>2026-07-18T13:20:44Z</time><speed>1.883</speed><sat>19</sat></trkpt>
  <trkpt lat="26.42059000" lon="-80.15244000"><ele>5.604</ele><time>2026-07-18T13:20:45Z</time><speed>1.858</speed><sat>19</sat></trkpt>
  <trkpt lat="26.42057333" lon="-80.15244167"><ele>5.904</ele><time>2026-07-18T13:20:46Z</time><speed>1.857</speed><sat>19</sat></trkpt>
  <trkpt lat="26.42055667" lon="-80.15243833"><ele>5.804</ele><time>2026-07-18T13:20:47Z</time><speed>1.851</speed><sat>18</sat></trkpt>
  <trkpt lat="26.42053833" lon="-80.15243667"><ele>5.504</ele><time>2026-07-18T13:20:48Z</time><speed>1.857</speed><sat>19</sat></trkpt>
  <trkpt lat="26.42052333" lon="-80.15243167"><ele>5.304</ele><time>2026-07-18T13:20:49Z</time><speed>1.843</speed><sat>19</sat></trkpt>
  <trkpt lat="26.42051167" lon="-80.15243000"><ele>5.104</ele><time>2026-07-18T13:20:50Z</time><speed>1.844</speed><sat>19</sat></trkpt>
  <trkpt lat="26.42049833" lon="-80.15243000"><ele>5.204</ele><time>2026-07-18T13:20:51Z</time><speed>1.835</speed><sat>19</sat></trkpt>
  <trkpt lat="26.42048500" lon="-80.15243333"><ele>5.004</ele><time>2026-07-18T13:20:52Z</time><speed>1.843</speed><sat>19</sat></trkpt>
  <trkpt lat="26.42047000" lon="-80.15243333"><ele>5.104</ele><time>2026-07-18T13:20:53Z</time><speed>1.841</speed><sat>19</sat></trkpt>
  <trkpt lat="26.42045333" lon="-80.15243333"><ele>5.004</ele><time>2026-07-18T13:20:54Z</time><speed>1.834</speed><sat>19</sat></trkpt>
  <trkpt lat="26.42043333" lon="-80.15243667"><ele>5.104</ele><time>2026-07-18T13:20:55Z</time><speed>1.843</speed><sat>19</sat></trkpt>
  <trkpt lat="26.42041833" lon="-80.15244000"><ele>5.304</ele><time>2026-07-18T13:20:56Z</time><speed>1.850</speed><sat>19</sat></trkpt>
  <trkpt lat="26.42040167" lon="-80.15243833"><ele>5.404</ele><time>2026-07-18T13:20:57Z</time><speed>1.861</speed><sat>19</sat></trkpt>
  <trkpt lat="26.42038333" lon="-80.15243833"><ele>5.904</ele><time>2026-07-18T13:20:58Z</time><speed>1.860</speed><sat>19</sat></trkpt>
  <trkpt lat="26.42036500" lon="-80.15243833"><ele>6.104</ele><time>2026-07-18T13:20:59Z</time><speed>1.865</speed><sat>19</sat></trkpt>
  <trkpt lat="26.42034500" lon="-80.15243833"><ele>6.204</ele><time>2026-07-18T13:21:00Z</time><speed>1.880</speed><sat>18</sat></trkpt>
  <trkpt lat="26.42032833" lon="-80.15243667"><ele>6.104</ele><time>2026-07-18T13:21:01Z</time><speed>1.872</speed><sat>19</sat></trkpt>
  <trkpt lat="26.42031000" lon="-80.15243667"><ele>5.904</ele><time>2026-07-18T13:21:02Z</time><speed>1.841</speed><sat>19</sat></trkpt>
  <trkpt lat="26.42029500" lon="-80.15243500"><ele>5.904</ele><time>2026-07-18T13:21:03Z</time><speed>1.843</speed><sat>19</sat></trkpt>
  <trkpt lat="26.42028000" lon="-80.15243500"><ele>6.104</ele><time>2026-07-18T13:21:04Z</time><speed>1.857</speed><sat>20</sat></trkpt>
  <trkpt lat="26.42026333" lon="-80.15243333"><ele>6.204</ele><time>2026-07-18T13:21:05Z</time><speed>1.850</speed><sat>20</sat></trkpt>
  <trkpt lat="26.42024833" lon="-80.15243167"><ele>6.304</ele><time>2026-07-18T13:21:06Z</time><speed>1.840</speed><sat>20</sat></trkpt>
  <trkpt lat="26.42023500" lon="-80.15243000"><ele>6.704</ele><time>2026-07-18T13:21:07Z</time><speed>1.833</speed><sat>20</sat></trkpt>
  <trkpt lat="26.42021667" lon="-80.15242833"><ele>7.204</ele><time>2026-07-18T13:21:08Z</time><speed>1.827</speed><sat>20</sat></trkpt>
  <trkpt lat="26.42019833" lon="-80.15242833"><ele>7.504</ele><time>2026-07-18T13:21:09Z</time><speed>1.824</speed><sat>20</sat></trkpt>
  <trkpt lat="26.42018333" lon="-80.15242833"><ele>7.604</ele><time>2026-07-18T13:21:10Z</time><speed>1.794</speed><sat>20</sat></trkpt>
  <trkpt lat="26.42016667" lon="-80.15242667"><ele>7.804</ele><time>2026-07-18T13:21:11Z</time><speed>1.808</speed><sat>20</sat></trkpt>
  <trkpt lat="26.42014833" lon="-80.15242333"><ele>7.804</ele><time>2026-07-18T13:21:12Z</time><speed>1.816</speed><sat>20</sat></trkpt>
  <trkpt lat="26.42013167" lon="-80.15242000"><ele>7.704</ele><time>2026-07-18T13:21:13Z</time><speed>1.811</speed><sat>20</sat></trkpt>
  <trkpt lat="26.42011500" lon="-80.15241833"><ele>7.304</ele><time>2026-07-18T13:21:14Z</time><speed>1.811</speed><sat>20</sat></trkpt>
  <trkpt lat="26.42010000" lon="-80.15241833"><ele>7.204</ele><time>2026-07-18T13:21:15Z</time><speed>1.805</speed><sat>20</sat></trkpt>
  <trkpt lat="26.42008500" lon="-80.15241833"><ele>7.104</ele><time>2026-07-18T13:21:16Z</time><speed>1.803</speed><sat>20</sat></trkpt>
  <trkpt lat="26.42007167" lon="-80.15241667"><ele>7.004</ele><time>2026-07-18T13:21:17Z</time><speed>1.773</speed><sat>20</sat></trkpt>
  <trkpt lat="26.42005667" lon="-80.15241667"><ele>6.804</ele><time>2026-07-18T13:21:18Z</time><speed>1.753</speed><sat>20</sat></trkpt>
  <trkpt lat="26.42004000" lon="-80.15241667"><ele>6.704</ele><time>2026-07-18T13:21:19Z</time><speed>1.754</speed><sat>20</sat></trkpt>
  <trkpt lat="26.42002333" lon="-80.15241667"><ele>6.704</ele><time>2026-07-18T13:21:20Z</time><speed>1.773</speed><sat>20</sat></trkpt>
  <trkpt lat="26.42000667" lon="-80.15241667"><ele>6.604</ele><time>2026-07-18T13:21:21Z</time><speed>1.777</speed><sat>20</sat></trkpt>
  <trkpt lat="26.41998833" lon="-80.15242000"><ele>6.404</ele><time>2026-07-18T13:21:22Z</time><speed>1.789</speed><sat>20</sat></trkpt>
  <trkpt lat="26.41997000" lon="-80.15242333"><ele>6.104</ele><time>2026-07-18T13:21:23Z</time><speed>1.800</speed><sat>20</sat></trkpt>
  <trkpt lat="26.41995167" lon="-80.15242833"><ele>5.804</ele><time>2026-07-18T13:21:24Z</time><speed>1.805</speed><sat>20</sat></trkpt>
  <trkpt lat="26.41993333" lon="-80.15243167"><ele>5.304</ele><time>2026-07-18T13:21:25Z</time><speed>1.812</speed><sat>20</sat></trkpt>
  <trkpt lat="26.41991500" lon="-80.15243333"><ele>5.204</ele><time>2026-07-18T13:21:26Z</time><speed>1.824</speed><sat>20</sat></trkpt>
  <trkpt lat="26.41989667" lon="-80.15243667"><ele>5.104</ele><time>2026-07-18T13:21:27Z</time><speed>1.835</speed><sat>20</sat></trkpt>
  <trkpt lat="26.41988333" lon="-80.15244333"><ele>5.104</ele><time>2026-07-18T13:21:28Z</time><speed>1.850</speed><sat>19</sat></trkpt>
  <trkpt lat="26.41986500" lon="-80.15245000"><ele>5.004</ele><time>2026-07-18T13:21:29Z</time><speed>1.843</speed><sat>20</sat></trkpt>
  <trkpt lat="26.41984833" lon="-80.15245667"><ele>4.804</ele><time>2026-07-18T13:21:30Z</time><speed>1.858</speed><sat>20</sat></trkpt>
  <trkpt lat="26.41982833" lon="-80.15246333"><ele>5.004</ele><time>2026-07-18T13:21:31Z</time><speed>1.857</speed><sat>19</sat></trkpt>
  <trkpt lat="26.41981167" lon="-80.15246833"><ele>5.604</ele><time>2026-07-18T13:21:32Z</time><speed>1.864</speed><sat>19</sat></trkpt>
  <trkpt lat="26.41980000" lon="-80.15247167"><ele>6.204</ele><time>2026-07-18T13:21:33Z</time><speed>1.851</speed><sat>20</sat></trkpt>
  <trkpt lat="26.41978333" lon="-80.15247500"><ele>6.904</ele><time>2026-07-18T13:21:34Z</time><speed>1.842</speed><sat>20</sat></trkpt>
  <trkpt lat="26.41976500" lon="-80.15248167"><ele>6.803</ele><time>2026-07-18T13:21:35Z</time><speed>1.839</speed><sat>20</sat></trkpt>
  <trkpt lat="26.41974667" lon="-80.15248500"><ele>6.603</ele><time>2026-07-18T13:21:36Z</time><speed>1.820</speed><sat>20</sat></trkpt>
  <trkpt lat="26.41973167" lon="-80.15249167"><ele>6.403</ele><time>2026-07-18T13:21:37Z</time><speed>1.830</speed><sat>20</sat></trkpt>
  <trkpt lat="26.41971667" lon="-80.15250167"><ele>6.303</ele><time>2026-07-18T13:21:38Z</time><speed>1.841</speed><sat>20</sat></trkpt>
  <trkpt lat="26.41970333" lon="-80.15251167"><ele>6.003</ele><time>2026-07-18T13:21:39Z</time><speed>1.854</speed><sat>19</sat></trkpt>
  <trkpt lat="26.41969167" lon="-80.15252333"><ele>5.803</ele><time>2026-07-18T13:21:40Z</time><speed>1.850</speed><sat>18</sat></trkpt>
  <trkpt lat="26.41967500" lon="-80.15253167"><ele>5.503</ele><time>2026-07-18T13:21:41Z</time><speed>1.852</speed><sat>18</sat></trkpt>
  <trkpt lat="26.41966167" lon="-80.15254333"><ele>5.103</ele><time>2026-07-18T13:21:42Z</time><speed>1.851</speed><sat>19</sat></trkpt>
  <trkpt lat="26.41964667" lon="-80.15255167"><ele>5.103</ele><time>2026-07-18T13:21:43Z</time><speed>1.875</speed><sat>19</sat></trkpt>
  <trkpt lat="26.41963000" lon="-80.15256000"><ele>5.203</ele><time>2026-07-18T13:21:44Z</time><speed>1.861</speed><sat>19</sat></trkpt>
  <trkpt lat="26.41961333" lon="-80.15257000"><ele>5.203</ele><time>2026-07-18T13:21:45Z</time><speed>1.855</speed><sat>19</sat></trkpt>
  <trkpt lat="26.41959667" lon="-80.15258333"><ele>5.303</ele><time>2026-07-18T13:21:46Z</time><speed>1.874</speed><sat>19</sat></trkpt>
  <trkpt lat="26.41958167" lon="-80.15259667"><ele>5.203</ele><time>2026-07-18T13:21:47Z</time><speed>1.881</speed><sat>19</sat></trkpt>
  <trkpt lat="26.41956833" lon="-80.15261167"><ele>5.203</ele><time>2026-07-18T13:21:48Z</time><speed>1.880</speed><sat>19</sat></trkpt>
  <trkpt lat="26.41955667" lon="-80.15262667"><ele>5.203</ele><time>2026-07-18T13:21:49Z</time><speed>1.880</speed><sat>19</sat></trkpt>
  <trkpt lat="26.41954833" lon="-80.15264000"><ele>4.803</ele><time>2026-07-18T13:21:50Z</time><speed>1.866</speed><sat>19</sat></trkpt>
  <trkpt lat="26.41953833" lon="-80.15266000"><ele>4.903</ele><time>2026-07-18T13:21:51Z</time><speed>1.860</speed><sat>19</sat></trkpt>
  <trkpt lat="26.41953000" lon="-80.15267833"><ele>4.903</ele><time>2026-07-18T13:21:52Z</time><speed>1.844</speed><sat>19</sat></trkpt>
  <trkpt lat="26.41951833" lon="-80.15269333"><ele>5.102</ele><time>2026-07-18T13:21:53Z</time><speed>1.825</speed><sat>19</sat></trkpt>
  <trkpt lat="26.41950500" lon="-80.15270667"><ele>5.302</ele><time>2026-07-18T13:21:54Z</time><speed>1.845</speed><sat>19</sat></trkpt>
  <trkpt lat="26.41949500" lon="-80.15272167"><ele>5.402</ele><time>2026-07-18T13:21:55Z</time><speed>1.848</speed><sat>18</sat></trkpt>
  <trkpt lat="26.41948500" lon="-80.15273833"><ele>5.502</ele><time>2026-07-18T13:21:56Z</time><speed>1.850</speed><sat>18</sat></trkpt>
  <trkpt lat="26.41947167" lon="-80.15275500"><ele>6.002</ele><time>2026-07-18T13:21:57Z</time><speed>1.844</speed><sat>19</sat></trkpt>
  <trkpt lat="26.41945833" lon="-80.15277000"><ele>6.402</ele><time>2026-07-18T13:21:58Z</time><speed>1.851</speed><sat>18</sat></trkpt>
  <trkpt lat="26.41944667" lon="-80.15278667"><ele>6.602</ele><time>2026-07-18T13:21:59Z</time><speed>1.858</speed><sat>18</sat></trkpt>
  <trkpt lat="26.41943500" lon="-80.15280333"><ele>6.602</ele><time>2026-07-18T13:22:00Z</time><speed>1.854</speed><sat>18</sat></trkpt>
  <trkpt lat="26.41942667" lon="-80.15282000"><ele>6.802</ele><time>2026-07-18T13:22:01Z</time><speed>1.854</speed><sat>18</sat></trkpt>
  <trkpt lat="26.41941500" lon="-80.15283500"><ele>7.102</ele><time>2026-07-18T13:22:02Z</time><speed>1.857</speed><sat>19</sat></trkpt>
  <trkpt lat="26.41941000" lon="-80.15285167"><ele>7.102</ele><time>2026-07-18T13:22:03Z</time><speed>1.867</speed><sat>19</sat></trkpt>
  <trkpt lat="26.41940333" lon="-80.15286833"><ele>7.302</ele><time>2026-07-18T13:22:04Z</time><speed>1.865</speed><sat>19</sat></trkpt>
  <trkpt lat="26.41940000" lon="-80.15288333"><ele>7.402</ele><time>2026-07-18T13:22:05Z</time><speed>1.869</speed><sat>19</sat></trkpt>
  <trkpt lat="26.41939333" lon="-80.15290167"><ele>7.802</ele><time>2026-07-18T13:22:06Z</time><speed>1.869</speed><sat>17</sat></trkpt>
  <trkpt lat="26.41938667" lon="-80.15292500"><ele>7.801</ele><time>2026-07-18T13:22:07Z</time><speed>1.871</speed><sat>18</sat></trkpt>
  <trkpt lat="26.41938500" lon="-80.15294500"><ele>7.701</ele><time>2026-07-18T13:22:08Z</time><speed>1.852</speed><sat>19</sat></trkpt>
  <trkpt lat="26.41938167" lon="-80.15296167"><ele>7.601</ele><time>2026-07-18T13:22:09Z</time><speed>1.837</speed><sat>19</sat></trkpt>
  <trkpt lat="26.41937667" lon="-80.15297500"><ele>7.501</ele><time>2026-07-18T13:22:10Z</time><speed>1.829</speed><sat>19</sat></trkpt>
  <trkpt lat="26.41937167" lon="-80.15298833"><ele>7.401</ele><time>2026-07-18T13:22:11Z</time><speed>1.839</speed><sat>18</sat></trkpt>
  <trkpt lat="26.41937000" lon="-80.15300167"><ele>7.201</ele><time>2026-07-18T13:22:12Z</time><speed>1.857</speed><sat>18</sat></trkpt>
  <trkpt lat="26.41936500" lon="-80.15301833"><ele>6.901</ele><time>2026-07-18T13:22:13Z</time><speed>1.857</speed><sat>18</sat></trkpt>
  <trkpt lat="26.41936167" lon="-80.15303167"><ele>6.601</ele><time>2026-07-18T13:22:14Z</time><speed>1.845</speed><sat>17</sat></trkpt>
  <trkpt lat="26.41935833" lon="-80.15304667"><ele>6.401</ele><time>2026-07-18T13:22:15Z</time><speed>1.841</speed><sat>17</sat></trkpt>
  <trkpt lat="26.41935333" lon="-80.15306333"><ele>6.501</ele><time>2026-07-18T13:22:16Z</time><speed>1.831</speed><sat>18</sat></trkpt>
  <trkpt lat="26.41934833" lon="-80.15308167"><ele>6.001</ele><time>2026-07-18T13:22:17Z</time><speed>1.859</speed><sat>17</sat></trkpt>
  <trkpt lat="26.41934167" lon="-80.15310333"><ele>6.201</ele><time>2026-07-18T13:22:18Z</time><speed>1.865</speed><sat>18</sat></trkpt>
  <trkpt lat="26.41933500" lon="-80.15312333"><ele>6.301</ele><time>2026-07-18T13:22:19Z</time><speed>1.867</speed><sat>18</sat></trkpt>
  <trkpt lat="26.41933500" lon="-80.15314167"><ele>6.401</ele><time>2026-07-18T13:22:20Z</time><speed>1.866</speed><sat>19</sat></trkpt>
  <trkpt lat="26.41933333" lon="-80.15316000"><ele>6.200</ele><time>2026-07-18T13:22:21Z</time><speed>1.858</speed><sat>19</sat></trkpt>
  <trkpt lat="26.41933500" lon="-80.15317833"><ele>6.100</ele><time>2026-07-18T13:22:22Z</time><speed>1.845</speed><sat>19</sat></trkpt>
  <trkpt lat="26.41933500" lon="-80.15319667"><ele>6.200</ele><time>2026-07-18T13:22:23Z</time><speed>1.839</speed><sat>19</sat></trkpt>
  <trkpt lat="26.41933500" lon="-80.15321833"><ele>6.400</ele><time>2026-07-18T13:22:24Z</time><speed>1.856</speed><sat>19</sat></trkpt>
  <trkpt lat="26.41933500" lon="-80.15323833"><ele>6.700</ele><time>2026-07-18T13:22:25Z</time><speed>1.852</speed><sat>19</sat></trkpt>
  <trkpt lat="26.41933500" lon="-80.15325833"><ele>7.000</ele><time>2026-07-18T13:22:26Z</time><speed>1.856</speed><sat>18</sat></trkpt>
  <trkpt lat="26.41933333" lon="-80.15327667"><ele>7.200</ele><time>2026-07-18T13:22:27Z</time><speed>1.829</speed><sat>18</sat></trkpt>
  <trkpt lat="26.41933500" lon="-80.15329167"><ele>7.600</ele><time>2026-07-18T13:22:28Z</time><speed>1.840</speed><sat>19</sat></trkpt>
  <trkpt lat="26.41933667" lon="-80.15330667"><ele>7.900</ele><time>2026-07-18T13:22:29Z</time><speed>1.845</speed><sat>19</sat></trkpt>
  <trkpt lat="26.41934000" lon="-80.15332333"><ele>8.200</ele><time>2026-07-18T13:22:30Z</time><speed>1.851</speed><sat>19</sat></trkpt>
  <trkpt lat="26.41934333" lon="-80.15333833"><ele>8.400</ele><time>2026-07-18T13:22:31Z</time><speed>1.864</speed><sat>19</sat></trkpt>
  <trkpt lat="26.41934667" lon="-80.15335500"><ele>8.900</ele><time>2026-07-18T13:22:32Z</time><speed>1.884</speed><sat>19</sat></trkpt>
  <trkpt lat="26.41935000" lon="-80.15337333"><ele>9.300</ele><time>2026-07-18T13:22:33Z</time><speed>1.873</speed><sat>19</sat></trkpt>
  <trkpt lat="26.41935667" lon="-80.15339167"><ele>9.400</ele><time>2026-07-18T13:22:34Z</time><speed>1.873</speed><sat>19</sat></trkpt>
  <trkpt lat="26.41936167" lon="-80.15340833"><ele>9.499</ele><time>2026-07-18T13:22:35Z</time><speed>1.881</speed><sat>19</sat></trkpt>
  <trkpt lat="26.41936667" lon="-80.15342333"><ele>9.599</ele><time>2026-07-18T13:22:36Z</time><speed>1.876</speed><sat>19</sat></trkpt>
  <trkpt lat="26.41937167" lon="-80.15344000"><ele>9.499</ele><time>2026-07-18T13:22:37Z</time><speed>1.876</speed><sat>19</sat></trkpt>
  <trkpt lat="26.41937667" lon="-80.15345833"><ele>9.099</ele><time>2026-07-18T13:22:38Z</time><speed>1.871</speed><sat>19</sat></trkpt>
  <trkpt lat="26.41938500" lon="-80.15348000"><ele>8.699</ele><time>2026-07-18T13:22:39Z</time><speed>1.863</speed><sat>19</sat></trkpt>
  <trkpt lat="26.41939500" lon="-80.15350000"><ele>8.899</ele><time>2026-07-18T13:22:40Z</time><speed>1.861</speed><sat>19</sat></trkpt>
  <trkpt lat="26.41940833" lon="-80.15352000"><ele>8.999</ele><time>2026-07-18T13:22:41Z</time><speed>1.852</speed><sat>19</sat></trkpt>
  <trkpt lat="26.41942000" lon="-80.15354000"><ele>9.499</ele><time>2026-07-18T13:22:42Z</time><speed>1.833</speed><sat>19</sat></trkpt>
  <trkpt lat="26.41943333" lon="-80.15356167"><ele>10.099</ele><time>2026-07-18T13:22:43Z</time><speed>1.862</speed><sat>19</sat></trkpt>
  <trkpt lat="26.41945000" lon="-80.15358167"><ele>10.299</ele><time>2026-07-18T13:22:44Z</time><speed>1.846</speed><sat>19</sat></trkpt>
  <trkpt lat="26.41946167" lon="-80.15359333"><ele>10.599</ele><time>2026-07-18T13:22:45Z</time><speed>1.851</speed><sat>19</sat></trkpt>
  <trkpt lat="26.41947333" lon="-80.15360667"><ele>10.899</ele><time>2026-07-18T13:22:46Z</time><speed>1.845</speed><sat>19</sat></trkpt>
  <trkpt lat="26.41948000" lon="-80.15361833"><ele>10.699</ele><time>2026-07-18T13:22:47Z</time><speed>1.853</speed><sat>19</sat></trkpt>
  <trkpt lat="26.41948833" lon="-80.15363167"><ele>10.899</ele><time>2026-07-18T13:22:48Z</time><speed>1.863</speed><sat>19</sat></trkpt>
  <trkpt lat="26.41949333" lon="-80.15364333"><ele>11.199</ele><time>2026-07-18T13:22:49Z</time><speed>1.866</speed><sat>19</sat></trkpt>
  <trkpt lat="26.41949500" lon="-80.15365333"><ele>11.799</ele><time>2026-07-18T13:22:50Z</time><speed>1.873</speed><sat>19</sat></trkpt>
  <trkpt lat="26.41949833" lon="-80.15366667"><ele>12.698</ele><time>2026-07-18T13:22:51Z</time><speed>1.869</speed><sat>19</sat></trkpt>
  <trkpt lat="26.41950500" lon="-80.15368500"><ele>12.898</ele><time>2026-07-18T13:22:52Z</time><speed>1.870</speed><sat>19</sat></trkpt>
  <trkpt lat="26.41951500" lon="-80.15370333"><ele>13.198</ele><time>2026-07-18T13:22:53Z</time><speed>1.857</speed><sat>18</sat></trkpt>
  <trkpt lat="26.41952333" lon="-80.15372167"><ele>13.198</ele><time>2026-07-18T13:22:54Z</time><speed>1.857</speed><sat>19</sat></trkpt>
  <trkpt lat="26.41953000" lon="-80.15373667"><ele>13.198</ele><time>2026-07-18T13:22:55Z</time><speed>1.852</speed><sat>19</sat></trkpt>
  <trkpt lat="26.41954000" lon="-80.15375333"><ele>13.298</ele><time>2026-07-18T13:22:56Z</time><speed>1.879</speed><sat>19</sat></trkpt>
  <trkpt lat="26.41955000" lon="-80.15376667"><ele>13.298</ele><time>2026-07-18T13:22:57Z</time><speed>1.877</speed><sat>19</sat></trkpt>
  <trkpt lat="26.41956167" lon="-80.15377833"><ele>13.398</ele><time>2026-07-18T13:22:58Z</time><speed>1.871</speed><sat>19</sat></trkpt>
  <trkpt lat="26.41957500" lon="-80.15379333"><ele>13.398</ele><time>2026-07-18T13:22:59Z</time><speed>1.876</speed><sat>19</sat></trkpt>
  <trkpt lat="26.41958833" lon="-80.15381000"><ele>13.198</ele><time>2026-07-18T13:23:00Z</time><speed>1.882</speed><sat>19</sat></trkpt>
  <trkpt lat="26.41960167" lon="-80.15383000"><ele>12.798</ele><time>2026-07-18T13:23:01Z</time><speed>1.883</speed><sat>19</sat></trkpt>
  <trkpt lat="26.41961333" lon="-80.15385167"><ele>12.498</ele><time>2026-07-18T13:23:02Z</time><speed>1.905</speed><sat>19</sat></trkpt>
  <trkpt lat="26.41962333" lon="-80.15386833"><ele>12.498</ele><time>2026-07-18T13:23:03Z</time><speed>1.916</speed><sat>19</sat></trkpt>
  <trkpt lat="26.41963333" lon="-80.15388333"><ele>12.198</ele><time>2026-07-18T13:23:04Z</time><speed>1.932</speed><sat>19</sat></trkpt>
  <trkpt lat="26.41964333" lon="-80.15390000"><ele>11.798</ele><time>2026-07-18T13:23:05Z</time><speed>1.956</speed><sat>19</sat></trkpt>
  <trkpt lat="26.41965500" lon="-80.15391500"><ele>11.198</ele><time>2026-07-18T13:23:06Z</time><speed>1.953</speed><sat>19</sat></trkpt>
  <trkpt lat="26.41966500" lon="-80.15393167"><ele>10.997</ele><time>2026-07-18T13:23:07Z</time><speed>1.979</speed><sat>19</sat></trkpt>
  <trkpt lat="26.41967167" lon="-80.15394833"><ele>10.797</ele><time>2026-07-18T13:23:08Z</time><speed>2.003</speed><sat>19</sat></trkpt>
  <trkpt lat="26.41968167" lon="-80.15396333"><ele>10.497</ele><time>2026-07-18T13:23:09Z</time><speed>2.024</speed><sat>19</sat></trkpt>
  <trkpt lat="26.41969167" lon="-80.15398167"><ele>10.897</ele><time>2026-07-18T13:23:10Z</time><speed>2.025</speed><sat>19</sat></trkpt>
  <trkpt lat="26.41970167" lon="-80.15399833"><ele>11.197</ele><time>2026-07-18T13:23:11Z</time><speed>2.047</speed><sat>19</sat></trkpt>
  <trkpt lat="26.41971167" lon="-80.15401333"><ele>11.197</ele><time>2026-07-18T13:23:12Z</time><speed>2.030</speed><sat>19</sat></trkpt>
  <trkpt lat="26.41972167" lon="-80.15403667"><ele>11.397</ele><time>2026-07-18T13:23:13Z</time><speed>2.034</speed><sat>19</sat></trkpt>
  <trkpt lat="26.41973333" lon="-80.15405167"><ele>11.297</ele><time>2026-07-18T13:23:14Z</time><speed>2.050</speed><sat>19</sat></trkpt>
  <trkpt lat="26.41974500" lon="-80.15407000"><ele>11.097</ele><time>2026-07-18T13:23:15Z</time><speed>2.047</speed><sat>19</sat></trkpt>
  <trkpt lat="26.41975500" lon="-80.15409000"><ele>11.297</ele><time>2026-07-18T13:23:16Z</time><speed>2.061</speed><sat>19</sat></trkpt>
  <trkpt lat="26.41976333" lon="-80.15410500"><ele>11.097</ele><time>2026-07-18T13:23:17Z</time><speed>2.035</speed><sat>19</sat></trkpt>
  <trkpt lat="26.41977333" lon="-80.15412167"><ele>10.497</ele><time>2026-07-18T13:23:18Z</time><speed>2.020</speed><sat>19</sat></trkpt>
  <trkpt lat="26.41978000" lon="-80.15413833"><ele>10.197</ele><time>2026-07-18T13:23:19Z</time><speed>1.997</speed><sat>19</sat></trkpt>
  <trkpt lat="26.41978667" lon="-80.15415333"><ele>9.697</ele><time>2026-07-18T13:23:20Z</time><speed>2.008</speed><sat>19</sat></trkpt>
  <trkpt lat="26.41979833" lon="-80.15416833"><ele>9.497</ele><time>2026-07-18T13:23:21Z</time><speed>2.009</speed><sat>19</sat></trkpt>
  <trkpt lat="26.41980667" lon="-80.15418500"><ele>9.196</ele><time>2026-07-18T13:23:22Z</time><speed>2.015</speed><sat>19</sat></trkpt>
  <trkpt lat="26.41981833" lon="-80.15420167"><ele>9.296</ele><time>2026-07-18T13:23:23Z</time><speed>2.006</speed><sat>19</sat></trkpt>
  <trkpt lat="26.41983167" lon="-80.15421667"><ele>9.696</ele><time>2026-07-18T13:23:24Z</time><speed>1.978</speed><sat>19</sat></trkpt>
  <trkpt lat="26.41984000" lon="-80.15423667"><ele>9.596</ele><time>2026-07-18T13:23:25Z</time><speed>1.952</speed><sat>19</sat></trkpt>
  <trkpt lat="26.41984667" lon="-80.15425333"><ele>9.296</ele><time>2026-07-18T13:23:26Z</time><speed>1.922</speed><sat>19</sat></trkpt>
  <trkpt lat="26.41985333" lon="-80.15427000"><ele>9.096</ele><time>2026-07-18T13:23:27Z</time><speed>1.913</speed><sat>19</sat></trkpt>
  <trkpt lat="26.41986167" lon="-80.15428500"><ele>8.996</ele><time>2026-07-18T13:23:28Z</time><speed>1.913</speed><sat>19</sat></trkpt>
  <trkpt lat="26.41987167" lon="-80.15430000"><ele>8.896</ele><time>2026-07-18T13:23:29Z</time><speed>1.923</speed><sat>19</sat></trkpt>
  <trkpt lat="26.41988000" lon="-80.15431667"><ele>8.796</ele><time>2026-07-18T13:23:30Z</time><speed>1.910</speed><sat>19</sat></trkpt>
  <trkpt lat="26.41989333" lon="-80.15433667"><ele>8.496</ele><time>2026-07-18T13:23:31Z</time><speed>1.924</speed><sat>18</sat></trkpt>
  <trkpt lat="26.41990167" lon="-80.15435167"><ele>8.096</ele><time>2026-07-18T13:23:32Z</time><speed>1.916</speed><sat>18</sat></trkpt>
  <trkpt lat="26.41991167" lon="-80.15437000"><ele>7.996</ele><time>2026-07-18T13:23:33Z</time><speed>1.917</speed><sat>18</sat></trkpt>
  <trkpt lat="26.41992333" lon="-80.15438667"><ele>7.996</ele><time>2026-07-18T13:23:34Z</time><speed>1.930</speed><sat>19</sat></trkpt>
  <trkpt lat="26.41993333" lon="-80.15440000"><ele>7.496</ele><time>2026-07-18T13:23:35Z</time><speed>1.937</speed><sat>19</sat></trkpt>
  <trkpt lat="26.41994167" lon="-80.15441500"><ele>7.296</ele><time>2026-07-18T13:23:36Z</time><speed>1.940</speed><sat>19</sat></trkpt>
  <trkpt lat="26.41995167" lon="-80.15443000"><ele>7.096</ele><time>2026-07-18T13:23:37Z</time><speed>1.952</speed><sat>19</sat></trkpt>
  <trkpt lat="26.41996167" lon="-80.15444833"><ele>6.895</ele><time>2026-07-18T13:23:38Z</time><speed>1.938</speed><sat>19</sat></trkpt>
  <trkpt lat="26.41997333" lon="-80.15446500"><ele>7.195</ele><time>2026-07-18T13:23:39Z</time><speed>1.946</speed><sat>19</sat></trkpt>
  <trkpt lat="26.41998333" lon="-80.15448000"><ele>7.495</ele><time>2026-07-18T13:23:40Z</time><speed>1.964</speed><sat>19</sat></trkpt>
  <trkpt lat="26.41999667" lon="-80.15449500"><ele>7.295</ele><time>2026-07-18T13:23:41Z</time><speed>1.972</speed><sat>19</sat></trkpt>
  <trkpt lat="26.42000833" lon="-80.15451500"><ele>7.395</ele><time>2026-07-18T13:23:42Z</time><speed>1.992</speed><sat>19</sat></trkpt>
  <trkpt lat="26.42001833" lon="-80.15453500"><ele>7.395</ele><time>2026-07-18T13:23:43Z</time><speed>1.981</speed><sat>19</sat></trkpt>
  <trkpt lat="26.42002500" lon="-80.15455000"><ele>7.595</ele><time>2026-07-18T13:23:44Z</time><speed>1.971</speed><sat>18</sat></trkpt>
  <trkpt lat="26.42003333" lon="-80.15456833"><ele>7.795</ele><time>2026-07-18T13:23:45Z</time><speed>1.981</speed><sat>18</sat></trkpt>
  <trkpt lat="26.42004333" lon="-80.15458500"><ele>7.895</ele><time>2026-07-18T13:23:46Z</time><speed>2.006</speed><sat>19</sat></trkpt>
  <trkpt lat="26.42005500" lon="-80.15460333"><ele>7.595</ele><time>2026-07-18T13:23:47Z</time><speed>2.042</speed><sat>19</sat></trkpt>
  <trkpt lat="26.42006500" lon="-80.15462333"><ele>7.795</ele><time>2026-07-18T13:23:48Z</time><speed>2.048</speed><sat>18</sat></trkpt>
  <trkpt lat="26.42007667" lon="-80.15464333"><ele>7.895</ele><time>2026-07-18T13:23:49Z</time><speed>2.053</speed><sat>19</sat></trkpt>
  <trkpt lat="26.42008667" lon="-80.15466167"><ele>8.095</ele><time>2026-07-18T13:23:50Z</time><speed>2.049</speed><sat>19</sat></trkpt>
  <trkpt lat="26.42009500" lon="-80.15468000"><ele>8.395</ele><time>2026-07-18T13:23:51Z</time><speed>2.024</speed><sat>18</sat></trkpt>
  <trkpt lat="26.42010500" lon="-80.15469833"><ele>8.895</ele><time>2026-07-18T13:23:52Z</time><speed>2.012</speed><sat>19</sat></trkpt>
  <trkpt lat="26.42011333" lon="-80.15471500"><ele>8.794</ele><time>2026-07-18T13:23:53Z</time><speed>2.037</speed><sat>19</sat></trkpt>
  <trkpt lat="26.42012167" lon="-80.15473167"><ele>8.594</ele><time>2026-07-18T13:23:54Z</time><speed>2.054</speed><sat>19</sat></trkpt>
  <trkpt lat="26.42012833" lon="-80.15475000"><ele>8.594</ele><time>2026-07-18T13:23:55Z</time><speed>2.054</speed><sat>19</sat></trkpt>
  <trkpt lat="26.42013833" lon="-80.15476667"><ele>8.494</ele><time>2026-07-18T13:23:56Z</time><speed>2.050</speed><sat>19</sat></trkpt>
  <trkpt lat="26.42014667" lon="-80.15478500"><ele>8.394</ele><time>2026-07-18T13:23:57Z</time><speed>2.035</speed><sat>19</sat></trkpt>
  <trkpt lat="26.42015667" lon="-80.15480333"><ele>8.294</ele><time>2026-07-18T13:23:58Z</time><speed>2.051</speed><sat>19</sat></trkpt>
  <trkpt lat="26.42016667" lon="-80.15482167"><ele>7.994</ele><time>2026-07-18T13:23:59Z</time><speed>2.059</speed><sat>19</sat></trkpt>
  <trkpt lat="26.42017500" lon="-80.15484167"><ele>7.894</ele><time>2026-07-18T13:24:00Z</time><speed>2.063</speed><sat>19</sat></trkpt>
  <trkpt lat="26.42018333" lon="-80.15486000"><ele>7.694</ele><time>2026-07-18T13:24:01Z</time><speed>2.075</speed><sat>19</sat></trkpt>
  <trkpt lat="26.42019500" lon="-80.15487667"><ele>7.594</ele><time>2026-07-18T13:24:02Z</time><speed>2.086</speed><sat>19</sat></trkpt>
  <trkpt lat="26.42020333" lon="-80.15489667"><ele>7.494</ele><time>2026-07-18T13:24:03Z</time><speed>2.087</speed><sat>19</sat></trkpt>
  <trkpt lat="26.42021333" lon="-80.15491500"><ele>7.394</ele><time>2026-07-18T13:24:04Z</time><speed>2.095</speed><sat>19</sat></trkpt>
  <trkpt lat="26.42022333" lon="-80.15493167"><ele>7.194</ele><time>2026-07-18T13:24:05Z</time><speed>2.111</speed><sat>19</sat></trkpt>
  <trkpt lat="26.42023167" lon="-80.15494833"><ele>6.894</ele><time>2026-07-18T13:24:06Z</time><speed>2.113</speed><sat>19</sat></trkpt>
  <trkpt lat="26.42024000" lon="-80.15496500"><ele>6.494</ele><time>2026-07-18T13:24:07Z</time><speed>2.103</speed><sat>19</sat></trkpt>
  <trkpt lat="26.42024833" lon="-80.15498333"><ele>6.393</ele><time>2026-07-18T13:24:08Z</time><speed>2.102</speed><sat>19</sat></trkpt>
  <trkpt lat="26.42025667" lon="-80.15500167"><ele>6.193</ele><time>2026-07-18T13:24:09Z</time><speed>2.091</speed><sat>19</sat></trkpt>
  <trkpt lat="26.42026667" lon="-80.15502000"><ele>6.393</ele><time>2026-07-18T13:24:10Z</time><speed>2.089</speed><sat>19</sat></trkpt>
  <trkpt lat="26.42027500" lon="-80.15503833"><ele>6.793</ele><time>2026-07-18T13:24:11Z</time><speed>2.066</speed><sat>19</sat></trkpt>
  <trkpt lat="26.42028167" lon="-80.15505667"><ele>7.093</ele><time>2026-07-18T13:24:12Z</time><speed>2.061</speed><sat>19</sat></trkpt>
  <trkpt lat="26.42029000" lon="-80.15507667"><ele>7.493</ele><time>2026-07-18T13:24:13Z</time><speed>2.048</speed><sat>19</sat></trkpt>
  <trkpt lat="26.42029667" lon="-80.15509500"><ele>7.693</ele><time>2026-07-18T13:24:14Z</time><speed>2.037</speed><sat>19</sat></trkpt>
  <trkpt lat="26.42030167" lon="-80.15511333"><ele>7.693</ele><time>2026-07-18T13:24:15Z</time><speed>2.025</speed><sat>19</sat></trkpt>
  <trkpt lat="26.42030833" lon="-80.15513333"><ele>7.693</ele><time>2026-07-18T13:24:16Z</time><speed>2.027</speed><sat>19</sat></trkpt>
  <trkpt lat="26.42031500" lon="-80.15515167"><ele>7.693</ele><time>2026-07-18T13:24:17Z</time><speed>2.034</speed><sat>19</sat></trkpt>
  <trkpt lat="26.42032000" lon="-80.15517167"><ele>7.793</ele><time>2026-07-18T13:24:18Z</time><speed>2.047</speed><sat>19</sat></trkpt>
  <trkpt lat="26.42032667" lon="-80.15519333"><ele>8.093</ele><time>2026-07-18T13:24:19Z</time><speed>2.066</speed><sat>19</sat></trkpt>
  <trkpt lat="26.42033500" lon="-80.15521167"><ele>7.793</ele><time>2026-07-18T13:24:20Z</time><speed>2.082</speed><sat>19</sat></trkpt>
  <trkpt lat="26.42034167" lon="-80.15523167"><ele>7.892</ele><time>2026-07-18T13:24:21Z</time><speed>2.105</speed><sat>19</sat></trkpt>
  <trkpt lat="26.42034500" lon="-80.15525000"><ele>7.892</ele><time>2026-07-18T13:24:22Z</time><speed>2.117</speed><sat>19</sat></trkpt>
  <trkpt lat="26.42035167" lon="-80.15527000"><ele>7.992</ele><time>2026-07-18T13:24:23Z</time><speed>2.134</speed><sat>19</sat></trkpt>
  <trkpt lat="26.42036000" lon="-80.15529000"><ele>7.692</ele><time>2026-07-18T13:24:24Z</time><speed>2.161</speed><sat>19</sat></trkpt>
  <trkpt lat="26.42036833" lon="-80.15531000"><ele>7.792</ele><time>2026-07-18T13:24:25Z</time><speed>2.175</speed><sat>19</sat></trkpt>
  <trkpt lat="26.42037333" lon="-80.15533000"><ele>7.692</ele><time>2026-07-18T13:24:26Z</time><speed>2.192</speed><sat>19</sat></trkpt>
  <trkpt lat="26.42038167" lon="-80.15535333"><ele>7.392</ele><time>2026-07-18T13:24:27Z</time><speed>2.206</speed><sat>18</sat></trkpt>
  <trkpt lat="26.42038833" lon="-80.15537333"><ele>7.792</ele><time>2026-07-18T13:24:28Z</time><speed>2.204</speed><sat>18</sat></trkpt>
  <trkpt lat="26.42039167" lon="-80.15539500"><ele>8.292</ele><time>2026-07-18T13:24:29Z</time><speed>2.200</speed><sat>18</sat></trkpt>
  <trkpt lat="26.42039833" lon="-80.15541833"><ele>8.692</ele><time>2026-07-18T13:24:30Z</time><speed>2.198</speed><sat>19</sat></trkpt>
  <trkpt lat="26.42040500" lon="-80.15544000"><ele>8.892</ele><time>2026-07-18T13:24:31Z</time><speed>2.193</speed><sat>19</sat></trkpt>
  <trkpt lat="26.42041167" lon="-80.15545833"><ele>8.992</ele><time>2026-07-18T13:24:32Z</time><speed>2.195</speed><sat>19</sat></trkpt>
  <trkpt lat="26.42041833" lon="-80.15548333"><ele>9.091</ele><time>2026-07-18T13:24:33Z</time><speed>2.201</speed><sat>19</sat></trkpt>
  <trkpt lat="26.42042333" lon="-80.15550500"><ele>9.591</ele><time>2026-07-18T13:24:34Z</time><speed>2.196</speed><sat>19</sat></trkpt>
  <trkpt lat="26.42043000" lon="-80.15552667"><ele>9.891</ele><time>2026-07-18T13:24:35Z</time><speed>2.189</speed><sat>19</sat></trkpt>
  <trkpt lat="26.42043667" lon="-80.15554500"><ele>9.891</ele><time>2026-07-18T13:24:36Z</time><speed>2.177</speed><sat>19</sat></trkpt>
  <trkpt lat="26.42044333" lon="-80.15556667"><ele>10.091</ele><time>2026-07-18T13:24:37Z</time><speed>2.167</speed><sat>19</sat></trkpt>
  <trkpt lat="26.42044667" lon="-80.15558667"><ele>10.891</ele><time>2026-07-18T13:24:38Z</time><speed>2.163</speed><sat>19</sat></trkpt>
  <trkpt lat="26.42045167" lon="-80.15561000"><ele>11.191</ele><time>2026-07-18T13:24:39Z</time><speed>2.176</speed><sat>19</sat></trkpt>
  <trkpt lat="26.42045667" lon="-80.15562833"><ele>11.391</ele><time>2026-07-18T13:24:40Z</time><speed>2.182</speed><sat>19</sat></trkpt>
  <trkpt lat="26.42046167" lon="-80.15565000"><ele>11.091</ele><time>2026-07-18T13:24:41Z</time><speed>2.186</speed><sat>19</sat></trkpt>
  <trkpt lat="26.42046500" lon="-80.15567500"><ele>10.991</ele><time>2026-07-18T13:24:42Z</time><speed>2.195</speed><sat>19</sat></trkpt>
  <trkpt lat="26.42047167" lon="-80.15570000"><ele>10.691</ele><time>2026-07-18T13:24:43Z</time><speed>2.195</speed><sat>19</sat></trkpt>
  <trkpt lat="26.42047833" lon="-80.15572000"><ele>10.291</ele><time>2026-07-18T13:24:44Z</time><speed>2.193</speed><sat>19</sat></trkpt>
  <trkpt lat="26.42048667" lon="-80.15574000"><ele>9.590</ele><time>2026-07-18T13:24:45Z</time><speed>2.201</speed><sat>19</sat></trkpt>
  <trkpt lat="26.42049333" lon="-80.15576167"><ele>9.190</ele><time>2026-07-18T13:24:46Z</time><speed>2.204</speed><sat>19</sat></trkpt>
  <trkpt lat="26.42049833" lon="-80.15578333"><ele>9.090</ele><time>2026-07-18T13:24:47Z</time><speed>2.206</speed><sat>19</sat></trkpt>
  <trkpt lat="26.42050333" lon="-80.15580333"><ele>8.990</ele><time>2026-07-18T13:24:48Z</time><speed>2.201</speed><sat>19</sat></trkpt>
  <trkpt lat="26.42051167" lon="-80.15582333"><ele>8.790</ele><time>2026-07-18T13:24:49Z</time><speed>2.200</speed><sat>19</sat></trkpt>
  <trkpt lat="26.42051667" lon="-80.15584667"><ele>8.590</ele><time>2026-07-18T13:24:50Z</time><speed>2.204</speed><sat>19</sat></trkpt>
  <trkpt lat="26.42052167" lon="-80.15586667"><ele>8.090</ele><time>2026-07-18T13:24:51Z</time><speed>2.208</speed><sat>19</sat></trkpt>
  <trkpt lat="26.42052667" lon="-80.15588833"><ele>7.790</ele><time>2026-07-18T13:24:52Z</time><speed>2.175</speed><sat>19</sat></trkpt>
  <trkpt lat="26.42053000" lon="-80.15591000"><ele>7.590</ele><time>2026-07-18T13:24:53Z</time><speed>2.159</speed><sat>19</sat></trkpt>
  <trkpt lat="26.42053333" lon="-80.15593333"><ele>7.690</ele><time>2026-07-18T13:24:54Z</time><speed>2.163</speed><sat>19</sat></trkpt>
  <trkpt lat="26.42053667" lon="-80.15595500"><ele>7.590</ele><time>2026-07-18T13:24:55Z</time><speed>2.154</speed><sat>19</sat></trkpt>
  <trkpt lat="26.42054167" lon="-80.15597667"><ele>7.490</ele><time>2026-07-18T13:24:56Z</time><speed>2.147</speed><sat>19</sat></trkpt>
  <trkpt lat="26.42054500" lon="-80.15599500"><ele>7.289</ele><time>2026-07-18T13:24:57Z</time><speed>2.141</speed><sat>19</sat></trkpt>
  <trkpt lat="26.42054833" lon="-80.15601500"><ele>6.989</ele><time>2026-07-18T13:24:58Z</time><speed>2.129</speed><sat>19</sat></trkpt>
  <trkpt lat="26.42055000" lon="-80.15603333"><ele>6.789</ele><time>2026-07-18T13:24:59Z</time><speed>2.104</speed><sat>19</sat></trkpt>
  <trkpt lat="26.42055167" lon="-80.15605500"><ele>6.689</ele><time>2026-07-18T13:25:00Z</time><speed>2.072</speed><sat>19</sat></trkpt>
  <trkpt lat="26.42055500" lon="-80.15607333"><ele>6.389</ele><time>2026-07-18T13:25:01Z</time><speed>2.065</speed><sat>19</sat></trkpt>
  <trkpt lat="26.42055833" lon="-80.15609500"><ele>6.089</ele><time>2026-07-18T13:25:02Z</time><speed>2.085</speed><sat>19</sat></trkpt>
  <trkpt lat="26.42055833" lon="-80.15611500"><ele>6.089</ele><time>2026-07-18T13:25:03Z</time><speed>2.079</speed><sat>19</sat></trkpt>
  <trkpt lat="26.42056167" lon="-80.15613500"><ele>5.889</ele><time>2026-07-18T13:25:04Z</time><speed>2.061</speed><sat>19</sat></trkpt>
  <trkpt lat="26.42056167" lon="-80.15616000"><ele>5.889</ele><time>2026-07-18T13:25:05Z</time><speed>2.112</speed><sat>19</sat></trkpt>
  <trkpt lat="26.42056000" lon="-80.15618333"><ele>5.989</ele><time>2026-07-18T13:25:06Z</time><speed>2.110</speed><sat>19</sat></trkpt>
  <trkpt lat="26.42056000" lon="-80.15620500"><ele>6.289</ele><time>2026-07-18T13:25:07Z</time><speed>2.101</speed><sat>19</sat></trkpt>
  <trkpt lat="26.42056000" lon="-80.15622333"><ele>6.589</ele><time>2026-07-18T13:25:08Z</time><speed>2.112</speed><sat>19</sat></trkpt>
  <trkpt lat="26.42056167" lon="-80.15624500"><ele>6.688</ele><time>2026-07-18T13:25:09Z</time><speed>2.110</speed><sat>19</sat></trkpt>
  <trkpt lat="26.42056333" lon="-80.15626333"><ele>6.788</ele><time>2026-07-18T13:25:10Z</time><speed>2.132</speed><sat>19</sat></trkpt>
  <trkpt lat="26.42056667" lon="-80.15628333"><ele>6.988</ele><time>2026-07-18T13:25:11Z</time><speed>2.120</speed><sat>19</sat></trkpt>
  <trkpt lat="26.42057000" lon="-80.15630333"><ele>7.288</ele><time>2026-07-18T13:25:12Z</time><speed>2.119</speed><sat>19</sat></trkpt>
  <trkpt lat="26.42057167" lon="-80.15632167"><ele>7.888</ele><time>2026-07-18T13:25:13Z</time><speed>2.124</speed><sat>19</sat></trkpt>
  <trkpt lat="26.42057333" lon="-80.15634333"><ele>8.488</ele><time>2026-07-18T13:25:14Z</time><speed>2.124</speed><sat>19</sat></trkpt>
  <trkpt lat="26.42057500" lon="-80.15636500"><ele>8.588</ele><time>2026-07-18T13:25:15Z</time><speed>2.077</speed><sat>19</sat></trkpt>
  <trkpt lat="26.42057667" lon="-80.15638833"><ele>8.688</ele><time>2026-07-18T13:25:16Z</time><speed>2.081</speed><sat>19</sat></trkpt>
  <trkpt lat="26.42057500" lon="-80.15640833"><ele>8.788</ele><time>2026-07-18T13:25:17Z</time><speed>2.094</speed><sat>19</sat></trkpt>
  <trkpt lat="26.42057667" lon="-80.15643000"><ele>8.988</ele><time>2026-07-18T13:25:18Z</time><speed>2.099</speed><sat>19</sat></trkpt>
  <trkpt lat="26.42057500" lon="-80.15645000"><ele>9.388</ele><time>2026-07-18T13:25:19Z</time><speed>2.096</speed><sat>19</sat></trkpt>
  <trkpt lat="26.42057667" lon="-80.15647000"><ele>9.388</ele><time>2026-07-18T13:25:20Z</time><speed>2.090</speed><sat>19</sat></trkpt>
  <trkpt lat="26.42057667" lon="-80.15648667"><ele>9.387</ele><time>2026-07-18T13:25:21Z</time><speed>2.106</speed><sat>19</sat></trkpt>
  <trkpt lat="26.42057833" lon="-80.15650667"><ele>9.387</ele><time>2026-07-18T13:25:22Z</time><speed>2.095</speed><sat>19</sat></trkpt>
  <trkpt lat="26.42058333" lon="-80.15652833"><ele>9.287</ele><time>2026-07-18T13:25:23Z</time><speed>2.095</speed><sat>19</sat></trkpt>
  <trkpt lat="26.42058500" lon="-80.15654500"><ele>9.287</ele><time>2026-07-18T13:25:24Z</time><speed>2.100</speed><sat>19</sat></trkpt>
  <trkpt lat="26.42058500" lon="-80.15656500"><ele>9.287</ele><time>2026-07-18T13:25:25Z</time><speed>2.102</speed><sat>19</sat></trkpt>
  <trkpt lat="26.42058667" lon="-80.15658667"><ele>9.387</ele><time>2026-07-18T13:25:26Z</time><speed>2.103</speed><sat>19</sat></trkpt>
  <trkpt lat="26.42059000" lon="-80.15661000"><ele>9.387</ele><time>2026-07-18T13:25:27Z</time><speed>2.112</speed><sat>19</sat></trkpt>
  <trkpt lat="26.42059333" lon="-80.15663333"><ele>9.587</ele><time>2026-07-18T13:25:28Z</time><speed>2.106</speed><sat>19</sat></trkpt>
  <trkpt lat="26.42059333" lon="-80.15665500"><ele>10.087</ele><time>2026-07-18T13:25:29Z</time><speed>2.122</speed><sat>19</sat></trkpt>
  <trkpt lat="26.42059667" lon="-80.15667500"><ele>10.487</ele><time>2026-07-18T13:25:30Z</time><speed>2.122</speed><sat>19</sat></trkpt>
  <trkpt lat="26.42060167" lon="-80.15669667"><ele>10.587</ele><time>2026-07-18T13:25:31Z</time><speed>2.111</speed><sat>19</sat></trkpt>
  <trkpt lat="26.42060333" lon="-80.15671667"><ele>10.587</ele><time>2026-07-18T13:25:32Z</time><speed>2.106</speed><sat>19</sat></trkpt>
  <trkpt lat="26.42060167" lon="-80.15673667"><ele>10.386</ele><time>2026-07-18T13:25:33Z</time><speed>2.111</speed><sat>19</sat></trkpt>
  <trkpt lat="26.42060167" lon="-80.15675500"><ele>10.086</ele><time>2026-07-18T13:25:34Z</time><speed>2.120</speed><sat>19</sat></trkpt>
  <trkpt lat="26.42059833" lon="-80.15677667"><ele>9.586</ele><time>2026-07-18T13:25:35Z</time><speed>2.123</speed><sat>19</sat></trkpt>
  <trkpt lat="26.42059667" lon="-80.15679667"><ele>9.486</ele><time>2026-07-18T13:25:36Z</time><speed>2.121</speed><sat>19</sat></trkpt>
  <trkpt lat="26.42059667" lon="-80.15681833"><ele>9.086</ele><time>2026-07-18T13:25:37Z</time><speed>2.106</speed><sat>19</sat></trkpt>
  <trkpt lat="26.42059333" lon="-80.15684000"><ele>8.886</ele><time>2026-07-18T13:25:38Z</time><speed>2.117</speed><sat>19</sat></trkpt>
  <trkpt lat="26.42059167" lon="-80.15686167"><ele>8.686</ele><time>2026-07-18T13:25:39Z</time><speed>2.117</speed><sat>19</sat></trkpt>
  <trkpt lat="26.42058833" lon="-80.15688500"><ele>8.686</ele><time>2026-07-18T13:25:40Z</time><speed>2.131</speed><sat>19</sat></trkpt>
  <trkpt lat="26.42058500" lon="-80.15690833"><ele>8.686</ele><time>2026-07-18T13:25:41Z</time><speed>2.154</speed><sat>19</sat></trkpt>
  <trkpt lat="26.42058333" lon="-80.15693167"><ele>8.786</ele><time>2026-07-18T13:25:42Z</time><speed>2.178</speed><sat>19</sat></trkpt>
  <trkpt lat="26.42058167" lon="-80.15695500"><ele>8.686</ele><time>2026-07-18T13:25:43Z</time><speed>2.188</speed><sat>19</sat></trkpt>
  <trkpt lat="26.42058000" lon="-80.15697667"><ele>8.485</ele><time>2026-07-18T13:25:44Z</time><speed>2.180</speed><sat>19</sat></trkpt>
  <trkpt lat="26.42057667" lon="-80.15699667"><ele>8.785</ele><time>2026-07-18T13:25:45Z</time><speed>2.187</speed><sat>19</sat></trkpt>
  <trkpt lat="26.42057500" lon="-80.15701833"><ele>8.885</ele><time>2026-07-18T13:25:46Z</time><speed>2.199</speed><sat>19</sat></trkpt>
  <trkpt lat="26.42057000" lon="-80.15704000"><ele>8.785</ele><time>2026-07-18T13:25:47Z</time><speed>2.208</speed><sat>19</sat></trkpt>
  <trkpt lat="26.42056833" lon="-80.15706000"><ele>8.685</ele><time>2026-07-18T13:25:48Z</time><speed>2.215</speed><sat>19</sat></trkpt>
  <trkpt lat="26.42056833" lon="-80.15708167"><ele>8.585</ele><time>2026-07-18T13:25:49Z</time><speed>2.209</speed><sat>19</sat></trkpt>
  <trkpt lat="26.42056667" lon="-80.15710333"><ele>8.785</ele><time>2026-07-18T13:25:50Z</time><speed>2.206</speed><sat>19</sat></trkpt>
  <trkpt lat="26.42056333" lon="-80.15712500"><ele>8.685</ele><time>2026-07-18T13:25:51Z</time><speed>2.191</speed><sat>19</sat></trkpt>
  <trkpt lat="26.42056333" lon="-80.15714500"><ele>8.585</ele><time>2026-07-18T13:25:52Z</time><speed>2.176</speed><sat>19</sat></trkpt>
  <trkpt lat="26.42056167" lon="-80.15716333"><ele>8.185</ele><time>2026-07-18T13:25:53Z</time><speed>2.167</speed><sat>19</sat></trkpt>
  <trkpt lat="26.42055833" lon="-80.15718500"><ele>8.085</ele><time>2026-07-18T13:25:54Z</time><speed>2.166</speed><sat>19</sat></trkpt>
  <trkpt lat="26.42055500" lon="-80.15720500"><ele>8.084</ele><time>2026-07-18T13:25:55Z</time><speed>2.161</speed><sat>19</sat></trkpt>
  <trkpt lat="26.42055000" lon="-80.15722333"><ele>7.884</ele><time>2026-07-18T13:25:56Z</time><speed>2.157</speed><sat>19</sat></trkpt>
  <trkpt lat="26.42054333" lon="-80.15724333"><ele>7.684</ele><time>2026-07-18T13:25:57Z</time><speed>2.157</speed><sat>19</sat></trkpt>
  <trkpt lat="26.42053833" lon="-80.15726333"><ele>7.784</ele><time>2026-07-18T13:25:58Z</time><speed>2.160</speed><sat>19</sat></trkpt>
  <trkpt lat="26.42053500" lon="-80.15728500"><ele>7.484</ele><time>2026-07-18T13:25:59Z</time><speed>2.174</speed><sat>19</sat></trkpt>
  <trkpt lat="26.42053333" lon="-80.15731000"><ele>7.184</ele><time>2026-07-18T13:26:00Z</time><speed>2.179</speed><sat>19</sat></trkpt>
  <trkpt lat="26.42053167" lon="-80.15733500"><ele>6.584</ele><time>2026-07-18T13:26:01Z</time><speed>2.207</speed><sat>19</sat></trkpt>
  <trkpt lat="26.42052833" lon="-80.15735667"><ele>6.484</ele><time>2026-07-18T13:26:02Z</time><speed>2.228</speed><sat>19</sat></trkpt>
  <trkpt lat="26.42052500" lon="-80.15738167"><ele>6.384</ele><time>2026-07-18T13:26:03Z</time><speed>2.298</speed><sat>19</sat></trkpt>
  <trkpt lat="26.42052167" lon="-80.15740333"><ele>6.284</ele><time>2026-07-18T13:26:04Z</time><speed>2.308</speed><sat>19</sat></trkpt>
  <trkpt lat="26.42052000" lon="-80.15742167"><ele>6.384</ele><time>2026-07-18T13:26:05Z</time><speed>2.295</speed><sat>19</sat></trkpt>
  <trkpt lat="26.42051333" lon="-80.15744000"><ele>6.283</ele><time>2026-07-18T13:26:06Z</time><speed>2.274</speed><sat>19</sat></trkpt>
  <trkpt lat="26.42051000" lon="-80.15745833"><ele>6.083</ele><time>2026-07-18T13:26:07Z</time><speed>2.257</speed><sat>19</sat></trkpt>
  <trkpt lat="26.42050500" lon="-80.15748000"><ele>6.183</ele><time>2026-07-18T13:26:08Z</time><speed>2.239</speed><sat>19</sat></trkpt>
  <trkpt lat="26.42050167" lon="-80.15749833"><ele>6.283</ele><time>2026-07-18T13:26:09Z</time><speed>2.211</speed><sat>19</sat></trkpt>
  <trkpt lat="26.42049833" lon="-80.15751833"><ele>6.283</ele><time>2026-07-18T13:26:10Z</time><speed>2.186</speed><sat>19</sat></trkpt>
  <trkpt lat="26.42049500" lon="-80.15753667"><ele>6.283</ele><time>2026-07-18T13:26:11Z</time><speed>2.147</speed><sat>19</sat></trkpt>
  <trkpt lat="26.42049167" lon="-80.15755667"><ele>6.383</ele><time>2026-07-18T13:26:12Z</time><speed>2.121</speed><sat>19</sat></trkpt>
  <trkpt lat="26.42048667" lon="-80.15757500"><ele>6.183</ele><time>2026-07-18T13:26:13Z</time><speed>2.046</speed><sat>19</sat></trkpt>
  <trkpt lat="26.42048000" lon="-80.15759500"><ele>6.083</ele><time>2026-07-18T13:26:14Z</time><speed>2.030</speed><sat>19</sat></trkpt>
  <trkpt lat="26.42047167" lon="-80.15761500"><ele>6.283</ele><time>2026-07-18T13:26:15Z</time><speed>2.040</speed><sat>18</sat></trkpt>
  <trkpt lat="26.42046667" lon="-80.15763667"><ele>6.183</ele><time>2026-07-18T13:26:16Z</time><speed>2.048</speed><sat>19</sat></trkpt>
  <trkpt lat="26.42046167" lon="-80.15765500"><ele>6.183</ele><time>2026-07-18T13:26:17Z</time><speed>2.052</speed><sat>19</sat></trkpt>
  <trkpt lat="26.42045833" lon="-80.15767500"><ele>6.482</ele><time>2026-07-18T13:26:18Z</time><speed>2.055</speed><sat>18</sat></trkpt>
  <trkpt lat="26.42045333" lon="-80.15769333"><ele>6.882</ele><time>2026-07-18T13:26:19Z</time><speed>2.064</speed><sat>17</sat></trkpt>
  <trkpt lat="26.42045167" lon="-80.15771333"><ele>7.082</ele><time>2026-07-18T13:26:20Z</time><speed>2.065</speed><sat>17</sat></trkpt>
  <trkpt lat="26.42044833" lon="-80.15773333"><ele>7.382</ele><time>2026-07-18T13:26:21Z</time><speed>2.061</speed><sat>17</sat></trkpt>
  <trkpt lat="26.42044500" lon="-80.15775667"><ele>7.582</ele><time>2026-07-18T13:26:22Z</time><speed>2.072</speed><sat>19</sat></trkpt>
  <trkpt lat="26.42044167" lon="-80.15777833"><ele>7.382</ele><time>2026-07-18T13:26:23Z</time><speed>2.074</speed><sat>19</sat></trkpt>
  <trkpt lat="26.42044000" lon="-80.15780000"><ele>7.482</ele><time>2026-07-18T13:26:24Z</time><speed>2.069</speed><sat>19</sat></trkpt>
  <trkpt lat="26.42043500" lon="-80.15782167"><ele>7.382</ele><time>2026-07-18T13:26:25Z</time><speed>2.064</speed><sat>19</sat></trkpt>
  <trkpt lat="26.42042833" lon="-80.15784167"><ele>7.082</ele><time>2026-07-18T13:26:26Z</time><speed>2.074</speed><sat>19</sat></trkpt>
  <trkpt lat="26.42042167" lon="-80.15786167"><ele>6.882</ele><time>2026-07-18T13:26:27Z</time><speed>2.069</speed><sat>19</sat></trkpt>
  <trkpt lat="26.42041667" lon="-80.15788167"><ele>6.882</ele><time>2026-07-18T13:26:28Z</time><speed>2.069</speed><sat>19</sat></trkpt>
  <trkpt lat="26.42041167" lon="-80.15790167"><ele>6.982</ele><time>2026-07-18T13:26:29Z</time><speed>2.068</speed><sat>19</sat></trkpt>
  <trkpt lat="26.42040333" lon="-80.15792167"><ele>7.181</ele><time>2026-07-18T13:26:30Z</time><speed>2.058</speed><sat>19</sat></trkpt>
  <trkpt lat="26.42039667" lon="-80.15794000"><ele>7.481</ele><time>2026-07-18T13:26:31Z</time><speed>2.064</speed><sat>19</sat></trkpt>
  <trkpt lat="26.42039000" lon="-80.15795833"><ele>7.881</ele><time>2026-07-18T13:26:32Z</time><speed>2.061</speed><sat>19</sat></trkpt>
  <trkpt lat="26.42038500" lon="-80.15797667"><ele>8.281</ele><time>2026-07-18T13:26:33Z</time><speed>2.057</speed><sat>19</sat></trkpt>
  <trkpt lat="26.42037667" lon="-80.15799500"><ele>8.581</ele><time>2026-07-18T13:26:34Z</time><speed>2.060</speed><sat>19</sat></trkpt>
  <trkpt lat="26.42037000" lon="-80.15801167"><ele>8.981</ele><time>2026-07-18T13:26:35Z</time><speed>2.066</speed><sat>19</sat></trkpt>
  <trkpt lat="26.42036333" lon="-80.15803167"><ele>9.081</ele><time>2026-07-18T13:26:36Z</time><speed>2.056</speed><sat>19</sat></trkpt>
  <trkpt lat="26.42035667" lon="-80.15805000"><ele>9.381</ele><time>2026-07-18T13:26:37Z</time><speed>2.065</speed><sat>19</sat></trkpt>
  <trkpt lat="26.42034833" lon="-80.15806667"><ele>9.281</ele><time>2026-07-18T13:26:38Z</time><speed>2.058</speed><sat>19</sat></trkpt>
  <trkpt lat="26.42034167" lon="-80.15808833"><ele>9.681</ele><time>2026-07-18T13:26:39Z</time><speed>2.061</speed><sat>19</sat></trkpt>
  <trkpt lat="26.42033667" lon="-80.15810833"><ele>9.681</ele><time>2026-07-18T13:26:40Z</time><speed>2.082</speed><sat>19</sat></trkpt>
  <trkpt lat="26.42033167" lon="-80.15812833"><ele>9.181</ele><time>2026-07-18T13:26:41Z</time><speed>2.091</speed><sat>18</sat></trkpt>
  <trkpt lat="26.42032500" lon="-80.15814667"><ele>8.580</ele><time>2026-07-18T13:26:42Z</time><speed>2.094</speed><sat>18</sat></trkpt>
  <trkpt lat="26.42032000" lon="-80.15816833"><ele>8.080</ele><time>2026-07-18T13:26:43Z</time><speed>2.093</speed><sat>18</sat></trkpt>
  <trkpt lat="26.42031333" lon="-80.15818667"><ele>7.780</ele><time>2026-07-18T13:26:44Z</time><speed>2.088</speed><sat>18</sat></trkpt>
  <trkpt lat="26.42030667" lon="-80.15820667"><ele>7.280</ele><time>2026-07-18T13:26:45Z</time><speed>2.088</speed><sat>18</sat></trkpt>
  <trkpt lat="26.42030000" lon="-80.15822833"><ele>7.480</ele><time>2026-07-18T13:26:46Z</time><speed>2.096</speed><sat>18</sat></trkpt>
  <trkpt lat="26.42029167" lon="-80.15824500"><ele>7.480</ele><time>2026-07-18T13:26:47Z</time><speed>2.105</speed><sat>18</sat></trkpt>
  <trkpt lat="26.42028667" lon="-80.15826333"><ele>7.280</ele><time>2026-07-18T13:26:48Z</time><speed>2.109</speed><sat>18</sat></trkpt>
  <trkpt lat="26.42028000" lon="-80.15828167"><ele>7.380</ele><time>2026-07-18T13:26:49Z</time><speed>2.109</speed><sat>18</sat></trkpt>
  <trkpt lat="26.42026667" lon="-80.15830333"><ele>7.680</ele><time>2026-07-18T13:26:50Z</time><speed>2.114</speed><sat>18</sat></trkpt>
  <trkpt lat="26.42025500" lon="-80.15832000"><ele>7.680</ele><time>2026-07-18T13:26:51Z</time><speed>2.111</speed><sat>18</sat></trkpt>
  <trkpt lat="26.42024167" lon="-80.15834000"><ele>7.580</ele><time>2026-07-18T13:26:52Z</time><speed>2.118</speed><sat>18</sat></trkpt>
  <trkpt lat="26.42023333" lon="-80.15836000"><ele>7.580</ele><time>2026-07-18T13:26:53Z</time><speed>2.131</speed><sat>18</sat></trkpt>
  <trkpt lat="26.42022167" lon="-80.15838500"><ele>7.679</ele><time>2026-07-18T13:26:54Z</time><speed>2.146</speed><sat>18</sat></trkpt>
  <trkpt lat="26.42021333" lon="-80.15840500"><ele>7.679</ele><time>2026-07-18T13:26:55Z</time><speed>2.145</speed><sat>18</sat></trkpt>
  <trkpt lat="26.42020500" lon="-80.15842833"><ele>7.979</ele><time>2026-07-18T13:26:56Z</time><speed>2.152</speed><sat>18</sat></trkpt>
  <trkpt lat="26.42019500" lon="-80.15845000"><ele>8.079</ele><time>2026-07-18T13:26:57Z</time><speed>2.130</speed><sat>18</sat></trkpt>
  <trkpt lat="26.42018500" lon="-80.15846333"><ele>8.379</ele><time>2026-07-18T13:26:58Z</time><speed>2.083</speed><sat>18</sat></trkpt>
  <trkpt lat="26.42017833" lon="-80.15847333"><ele>8.679</ele><time>2026-07-18T13:26:59Z</time><speed>2.036</speed><sat>18</sat></trkpt>
  <trkpt lat="26.42017000" lon="-80.15848667"><ele>8.879</ele><time>2026-07-18T13:27:00Z</time><speed>1.936</speed><sat>18</sat></trkpt>
  <trkpt lat="26.42016333" lon="-80.15849500"><ele>9.079</ele><time>2026-07-18T13:27:01Z</time><speed>1.843</speed><sat>18</sat></trkpt>
  <trkpt lat="26.42015667" lon="-80.15850333"><ele>8.779</ele><time>2026-07-18T13:27:02Z</time><speed>1.699</speed><sat>18</sat></trkpt>
  <trkpt lat="26.42015500" lon="-80.15851000"><ele>8.379</ele><time>2026-07-18T13:27:03Z</time><speed>1.530</speed><sat>18</sat></trkpt>
  <trkpt lat="26.42015500" lon="-80.15851167"><ele>8.379</ele><time>2026-07-18T13:27:04Z</time><speed>1.359</speed><sat>18</sat></trkpt>
  <trkpt lat="26.42015333" lon="-80.15851333"><ele>8.279</ele><time>2026-07-18T13:27:05Z</time><speed>1.182</speed><sat>18</sat></trkpt>
  <trkpt lat="26.42014833" lon="-80.15851667"><ele>8.579</ele><time>2026-07-18T13:27:06Z</time><speed>1.026</speed><sat>18</sat></trkpt>
  <trkpt lat="26.42014333" lon="-80.15852167"><ele>8.979</ele><time>2026-07-18T13:27:07Z</time><speed>0.905</speed><sat>18</sat></trkpt>
  <trkpt lat="26.42013833" lon="-80.15853167"><ele>9.379</ele><time>2026-07-18T13:27:08Z</time><speed>0.855</speed><sat>18</sat></trkpt>
  <trkpt lat="26.42013333" lon="-80.15854333"><ele>9.579</ele><time>2026-07-18T13:27:09Z</time><speed>0.829</speed><sat>18</sat></trkpt>
  <trkpt lat="26.42013000" lon="-80.15855500"><ele>9.879</ele><time>2026-07-18T13:27:10Z</time><speed>0.871</speed><sat>18</sat></trkpt>
  <trkpt lat="26.42012667" lon="-80.15857000"><ele>9.879</ele><time>2026-07-18T13:27:11Z</time><speed>0.911</speed><sat>18</sat></trkpt>
  <trkpt lat="26.42012167" lon="-80.15858667"><ele>10.279</ele><time>2026-07-18T13:27:12Z</time><speed>1.000</speed><sat>18</sat></trkpt>
  <trkpt lat="26.42011333" lon="-80.15860000"><ele>10.178</ele><time>2026-07-18T13:27:13Z</time><speed>1.128</speed><sat>18</sat></trkpt>
  <trkpt lat="26.42010167" lon="-80.15861667"><ele>10.078</ele><time>2026-07-18T13:27:14Z</time><speed>1.270</speed><sat>18</sat></trkpt>
  <trkpt lat="26.42009000" lon="-80.15863333"><ele>9.578</ele><time>2026-07-18T13:27:15Z</time><speed>1.419</speed><sat>17</sat></trkpt>
  <trkpt lat="26.42007667" lon="-80.15864667"><ele>9.178</ele><time>2026-07-18T13:27:16Z</time><speed>1.552</speed><sat>18</sat></trkpt>
  <trkpt lat="26.42006667" lon="-80.15866167"><ele>8.778</ele><time>2026-07-18T13:27:17Z</time><speed>1.666</speed><sat>18</sat></trkpt>
  <trkpt lat="26.42005500" lon="-80.15867667"><ele>8.678</ele><time>2026-07-18T13:27:18Z</time><speed>1.751</speed><sat>18</sat></trkpt>
  <trkpt lat="26.42004500" lon="-80.15869000"><ele>8.678</ele><time>2026-07-18T13:27:19Z</time><speed>1.790</speed><sat>18</sat></trkpt>
  <trkpt lat="26.42003333" lon="-80.15870500"><ele>8.678</ele><time>2026-07-18T13:27:20Z</time><speed>1.812</speed><sat>17</sat></trkpt>
  <trkpt lat="26.42002333" lon="-80.15871833"><ele>8.878</ele><time>2026-07-18T13:27:21Z</time><speed>1.843</speed><sat>18</sat></trkpt>
  <trkpt lat="26.42001167" lon="-80.15873333"><ele>9.178</ele><time>2026-07-18T13:27:22Z</time><speed>1.871</speed><sat>18</sat></trkpt>
  <trkpt lat="26.42000167" lon="-80.15874667"><ele>9.478</ele><time>2026-07-18T13:27:23Z</time><speed>1.880</speed><sat>18</sat></trkpt>
  <trkpt lat="26.41999000" lon="-80.15876167"><ele>9.578</ele><time>2026-07-18T13:27:24Z</time><speed>1.903</speed><sat>18</sat></trkpt>
  <trkpt lat="26.41997667" lon="-80.15878000"><ele>9.278</ele><time>2026-07-18T13:27:25Z</time><speed>1.921</speed><sat>18</sat></trkpt>
  <trkpt lat="26.41996500" lon="-80.15879500"><ele>9.178</ele><time>2026-07-18T13:27:26Z</time><speed>1.929</speed><sat>18</sat></trkpt>
  <trkpt lat="26.41995333" lon="-80.15881333"><ele>8.878</ele><time>2026-07-18T13:27:27Z</time><speed>1.947</speed><sat>17</sat></trkpt>
  <trkpt lat="26.41994333" lon="-80.15883000"><ele>9.177</ele><time>2026-07-18T13:27:28Z</time><speed>1.953</speed><sat>18</sat></trkpt>
  <trkpt lat="26.41993167" lon="-80.15884500"><ele>8.877</ele><time>2026-07-18T13:27:29Z</time><speed>1.982</speed><sat>17</sat></trkpt>
  <trkpt lat="26.41992000" lon="-80.15886167"><ele>8.877</ele><time>2026-07-18T13:27:30Z</time><speed>2.004</speed><sat>18</sat></trkpt>
  <trkpt lat="26.41990833" lon="-80.15887667"><ele>8.777</ele><time>2026-07-18T13:27:31Z</time><speed>2.023</speed><sat>18</sat></trkpt>
  <trkpt lat="26.41989500" lon="-80.15889000"><ele>8.977</ele><time>2026-07-18T13:27:32Z</time><speed>2.037</speed><sat>18</sat></trkpt>
  <trkpt lat="26.41988167" lon="-80.15890667"><ele>9.277</ele><time>2026-07-18T13:27:33Z</time><speed>2.063</speed><sat>18</sat></trkpt>
  <trkpt lat="26.41986667" lon="-80.15892000"><ele>9.277</ele><time>2026-07-18T13:27:34Z</time><speed>2.061</speed><sat>18</sat></trkpt>
  <trkpt lat="26.41985333" lon="-80.15893500"><ele>9.377</ele><time>2026-07-18T13:27:35Z</time><speed>2.058</speed><sat>17</sat></trkpt>
  <trkpt lat="26.41984167" lon="-80.15895000"><ele>8.977</ele><time>2026-07-18T13:27:36Z</time><speed>2.052</speed><sat>18</sat></trkpt>
  <trkpt lat="26.41983167" lon="-80.15896833"><ele>8.877</ele><time>2026-07-18T13:27:37Z</time><speed>2.051</speed><sat>18</sat></trkpt>
  <trkpt lat="26.41982000" lon="-80.15898167"><ele>9.077</ele><time>2026-07-18T13:27:38Z</time><speed>2.057</speed><sat>18</sat></trkpt>
  <trkpt lat="26.41980667" lon="-80.15899500"><ele>8.977</ele><time>2026-07-18T13:27:39Z</time><speed>2.053</speed><sat>18</sat></trkpt>
  <trkpt lat="26.41979500" lon="-80.15901000"><ele>8.677</ele><time>2026-07-18T13:27:40Z</time><speed>2.061</speed><sat>18</sat></trkpt>
  <trkpt lat="26.41978000" lon="-80.15902333"><ele>8.377</ele><time>2026-07-18T13:27:41Z</time><speed>2.056</speed><sat>18</sat></trkpt>
  <trkpt lat="26.41976667" lon="-80.15904000"><ele>7.976</ele><time>2026-07-18T13:27:42Z</time><speed>2.061</speed><sat>18</sat></trkpt>
  <trkpt lat="26.41975667" lon="-80.15905333"><ele>7.276</ele><time>2026-07-18T13:27:43Z</time><speed>2.053</speed><sat>18</sat></trkpt>
  <trkpt lat="26.41974500" lon="-80.15906667"><ele>6.676</ele><time>2026-07-18T13:27:44Z</time><speed>2.053</speed><sat>18</sat></trkpt>
  <trkpt lat="26.41973167" lon="-80.15908333"><ele>6.776</ele><time>2026-07-18T13:27:45Z</time><speed>2.053</speed><sat>18</sat></trkpt>
  <trkpt lat="26.41970833" lon="-80.15909500"><ele>6.076</ele><time>2026-07-18T13:27:46Z</time><speed>2.067</speed><sat>18</sat></trkpt>
  <trkpt lat="26.41969500" lon="-80.15910833"><ele>5.576</ele><time>2026-07-18T13:27:47Z</time><speed>2.059</speed><sat>18</sat></trkpt>
  <trkpt lat="26.41968500" lon="-80.15912500"><ele>5.376</ele><time>2026-07-18T13:27:48Z</time><speed>2.030</speed><sat>18</sat></trkpt>
  <trkpt lat="26.41967333" lon="-80.15914000"><ele>5.276</ele><time>2026-07-18T13:27:49Z</time><speed>1.996</speed><sat>18</sat></trkpt>
  <trkpt lat="26.41966500" lon="-80.15915000"><ele>5.176</ele><time>2026-07-18T13:27:50Z</time><speed>1.931</speed><sat>18</sat></trkpt>
  <trkpt lat="26.41965667" lon="-80.15916000"><ele>5.276</ele><time>2026-07-18T13:27:51Z</time><speed>1.855</speed><sat>18</sat></trkpt>
  <trkpt lat="26.41965167" lon="-80.15917000"><ele>5.476</ele><time>2026-07-18T13:27:52Z</time><speed>1.748</speed><sat>18</sat></trkpt>
  <trkpt lat="26.41964667" lon="-80.15917833"><ele>5.676</ele><time>2026-07-18T13:27:53Z</time><speed>1.632</speed><sat>18</sat></trkpt>
  <trkpt lat="26.41964333" lon="-80.15918833"><ele>5.776</ele><time>2026-07-18T13:27:54Z</time><speed>1.534</speed><sat>18</sat></trkpt>
  <trkpt lat="26.41963833" lon="-80.15920000"><ele>5.976</ele><time>2026-07-18T13:27:55Z</time><speed>1.494</speed><sat>18</sat></trkpt>
  <trkpt lat="26.41963500" lon="-80.15921333"><ele>6.376</ele><time>2026-07-18T13:27:56Z</time><speed>1.459</speed><sat>18</sat></trkpt>
  <trkpt lat="26.41963500" lon="-80.15923000"><ele>6.376</ele><time>2026-07-18T13:27:57Z</time><speed>1.418</speed><sat>18</sat></trkpt>
  <trkpt lat="26.41963667" lon="-80.15924833"><ele>6.676</ele><time>2026-07-18T13:27:58Z</time><speed>1.386</speed><sat>18</sat></trkpt>
  <trkpt lat="26.41964167" lon="-80.15926333"><ele>6.775</ele><time>2026-07-18T13:27:59Z</time><speed>1.390</speed><sat>18</sat></trkpt>
  <trkpt lat="26.41965000" lon="-80.15927667"><ele>6.775</ele><time>2026-07-18T13:28:00Z</time><speed>1.424</speed><sat>18</sat></trkpt>
  <trkpt lat="26.41965833" lon="-80.15929167"><ele>6.675</ele><time>2026-07-18T13:28:01Z</time><speed>1.477</speed><sat>18</sat></trkpt>
  <trkpt lat="26.41966833" lon="-80.15930667"><ele>6.775</ele><time>2026-07-18T13:28:02Z</time><speed>1.567</speed><sat>18</sat></trkpt>
  <trkpt lat="26.41967833" lon="-80.15932333"><ele>6.875</ele><time>2026-07-18T13:28:03Z</time><speed>1.674</speed><sat>18</sat></trkpt>
  <trkpt lat="26.41969000" lon="-80.15933667"><ele>7.175</ele><time>2026-07-18T13:28:04Z</time><speed>1.773</speed><sat>18</sat></trkpt>
  <trkpt lat="26.41970167" lon="-80.15935167"><ele>7.275</ele><time>2026-07-18T13:28:05Z</time><speed>1.816</speed><sat>18</sat></trkpt>
  <trkpt lat="26.41971667" lon="-80.15936333"><ele>7.475</ele><time>2026-07-18T13:28:06Z</time><speed>1.834</speed><sat>18</sat></trkpt>
  <trkpt lat="26.41972500" lon="-80.15937500"><ele>7.375</ele><time>2026-07-18T13:28:07Z</time><speed>1.825</speed><sat>18</sat></trkpt>
  <trkpt lat="26.41973667" lon="-80.15939167"><ele>7.075</ele><time>2026-07-18T13:28:08Z</time><speed>1.839</speed><sat>18</sat></trkpt>
  <trkpt lat="26.41975167" lon="-80.15941000"><ele>6.775</ele><time>2026-07-18T13:28:09Z</time><speed>1.878</speed><sat>18</sat></trkpt>
  <trkpt lat="26.41976500" lon="-80.15942833"><ele>6.475</ele><time>2026-07-18T13:28:10Z</time><speed>1.903</speed><sat>18</sat></trkpt>
  <trkpt lat="26.41978000" lon="-80.15944667"><ele>6.075</ele><time>2026-07-18T13:28:11Z</time><speed>1.938</speed><sat>18</sat></trkpt>
  <trkpt lat="26.41979667" lon="-80.15946167"><ele>5.975</ele><time>2026-07-18T13:28:12Z</time><speed>1.959</speed><sat>18</sat></trkpt>
  <trkpt lat="26.41981167" lon="-80.15947833"><ele>5.875</ele><time>2026-07-18T13:28:13Z</time><speed>1.969</speed><sat>18</sat></trkpt>
  <trkpt lat="26.41982833" lon="-80.15949333"><ele>5.875</ele><time>2026-07-18T13:28:14Z</time><speed>1.974</speed><sat>18</sat></trkpt>
  <trkpt lat="26.41984167" lon="-80.15950667"><ele>5.775</ele><time>2026-07-18T13:28:15Z</time><speed>1.985</speed><sat>18</sat></trkpt>
  <trkpt lat="26.41985333" lon="-80.15952000"><ele>5.975</ele><time>2026-07-18T13:28:16Z</time><speed>1.998</speed><sat>18</sat></trkpt>
  <trkpt lat="26.41986500" lon="-80.15953500"><ele>6.074</ele><time>2026-07-18T13:28:17Z</time><speed>2.053</speed><sat>18</sat></trkpt>
  <trkpt lat="26.41987833" lon="-80.15955000"><ele>5.974</ele><time>2026-07-18T13:28:18Z</time><speed>2.087</speed><sat>18</sat></trkpt>
  <trkpt lat="26.41989000" lon="-80.15956500"><ele>6.474</ele><time>2026-07-18T13:28:19Z</time><speed>2.066</speed><sat>18</sat></trkpt>
  <trkpt lat="26.41990500" lon="-80.15957833"><ele>6.874</ele><time>2026-07-18T13:28:20Z</time><speed>2.073</speed><sat>18</sat></trkpt>
  <trkpt lat="26.41991833" lon="-80.15959500"><ele>7.374</ele><time>2026-07-18T13:28:21Z</time><speed>2.102</speed><sat>18</sat></trkpt>
  <trkpt lat="26.41993167" lon="-80.15961167"><ele>8.274</ele><time>2026-07-18T13:28:22Z</time><speed>2.105</speed><sat>18</sat></trkpt>
  <trkpt lat="26.41994167" lon="-80.15962667"><ele>8.374</ele><time>2026-07-18T13:28:23Z</time><speed>2.091</speed><sat>18</sat></trkpt>
  <trkpt lat="26.41995167" lon="-80.15964500"><ele>8.174</ele><time>2026-07-18T13:28:24Z</time><speed>2.066</speed><sat>18</sat></trkpt>
  <trkpt lat="26.41996500" lon="-80.15966167"><ele>8.074</ele><time>2026-07-18T13:28:25Z</time><speed>2.064</speed><sat>18</sat></trkpt>
  <trkpt lat="26.41997000" lon="-80.15967667"><ele>8.474</ele><time>2026-07-18T13:28:26Z</time><speed>2.052</speed><sat>18</sat></trkpt>
  <trkpt lat="26.41998000" lon="-80.15969167"><ele>8.774</ele><time>2026-07-18T13:28:27Z</time><speed>2.041</speed><sat>18</sat></trkpt>
  <trkpt lat="26.41999333" lon="-80.15970833"><ele>9.074</ele><time>2026-07-18T13:28:28Z</time><speed>2.069</speed><sat>18</sat></trkpt>
  <trkpt lat="26.42000167" lon="-80.15972333"><ele>9.174</ele><time>2026-07-18T13:28:29Z</time><speed>2.094</speed><sat>18</sat></trkpt>
  <trkpt lat="26.42001000" lon="-80.15973667"><ele>9.174</ele><time>2026-07-18T13:28:30Z</time><speed>2.102</speed><sat>18</sat></trkpt>
  <trkpt lat="26.42002000" lon="-80.15975000"><ele>9.374</ele><time>2026-07-18T13:28:31Z</time><speed>2.077</speed><sat>18</sat></trkpt>
  <trkpt lat="26.42002833" lon="-80.15976667"><ele>9.374</ele><time>2026-07-18T13:28:32Z</time><speed>2.069</speed><sat>18</sat></trkpt>
  <trkpt lat="26.42004000" lon="-80.15978333"><ele>9.174</ele><time>2026-07-18T13:28:33Z</time><speed>2.100</speed><sat>18</sat></trkpt>
  <trkpt lat="26.42005333" lon="-80.15980167"><ele>9.574</ele><time>2026-07-18T13:28:34Z</time><speed>2.128</speed><sat>18</sat></trkpt>
  <trkpt lat="26.42006333" lon="-80.15982167"><ele>9.673</ele><time>2026-07-18T13:28:35Z</time><speed>2.126</speed><sat>18</sat></trkpt>
  <trkpt lat="26.42006833" lon="-80.15983833"><ele>9.373</ele><time>2026-07-18T13:28:36Z</time><speed>2.125</speed><sat>18</sat></trkpt>
  <trkpt lat="26.42007833" lon="-80.15985500"><ele>9.073</ele><time>2026-07-18T13:28:37Z</time><speed>2.143</speed><sat>18</sat></trkpt>
  <trkpt lat="26.42009167" lon="-80.15987167"><ele>8.673</ele><time>2026-07-18T13:28:38Z</time><speed>2.152</speed><sat>18</sat></trkpt>
  <trkpt lat="26.42010000" lon="-80.15988667"><ele>8.473</ele><time>2026-07-18T13:28:39Z</time><speed>2.141</speed><sat>18</sat></trkpt>
  <trkpt lat="26.42011167" lon="-80.15990333"><ele>8.373</ele><time>2026-07-18T13:28:40Z</time><speed>2.134</speed><sat>18</sat></trkpt>
  <trkpt lat="26.42012500" lon="-80.15992000"><ele>8.373</ele><time>2026-07-18T13:28:41Z</time><speed>2.153</speed><sat>18</sat></trkpt>
  <trkpt lat="26.42013500" lon="-80.15994000"><ele>8.673</ele><time>2026-07-18T13:28:42Z</time><speed>2.162</speed><sat>18</sat></trkpt>
  <trkpt lat="26.42014500" lon="-80.15995833"><ele>8.573</ele><time>2026-07-18T13:28:43Z</time><speed>2.151</speed><sat>18</sat></trkpt>
  <trkpt lat="26.42015833" lon="-80.15998500"><ele>8.373</ele><time>2026-07-18T13:28:44Z</time><speed>2.163</speed><sat>18</sat></trkpt>
  <trkpt lat="26.42017500" lon="-80.16000667"><ele>7.973</ele><time>2026-07-18T13:28:45Z</time><speed>2.166</speed><sat>18</sat></trkpt>
  <trkpt lat="26.42018667" lon="-80.16002833"><ele>7.473</ele><time>2026-07-18T13:28:46Z</time><speed>2.198</speed><sat>18</sat></trkpt>
  <trkpt lat="26.42020000" lon="-80.16004667"><ele>7.373</ele><time>2026-07-18T13:28:47Z</time><speed>2.212</speed><sat>18</sat></trkpt>
  <trkpt lat="26.42021000" lon="-80.16006167"><ele>7.773</ele><time>2026-07-18T13:28:48Z</time><speed>2.191</speed><sat>18</sat></trkpt>
  <trkpt lat="26.42022000" lon="-80.16007500"><ele>8.272</ele><time>2026-07-18T13:28:49Z</time><speed>2.196</speed><sat>18</sat></trkpt>
  <trkpt lat="26.42023167" lon="-80.16009167"><ele>8.572</ele><time>2026-07-18T13:28:50Z</time><speed>2.187</speed><sat>18</sat></trkpt>
  <trkpt lat="26.42024000" lon="-80.16011167"><ele>8.372</ele><time>2026-07-18T13:28:51Z</time><speed>2.151</speed><sat>18</sat></trkpt>
  <trkpt lat="26.42025000" lon="-80.16013000"><ele>8.372</ele><time>2026-07-18T13:28:52Z</time><speed>2.158</speed><sat>18</sat></trkpt>
  <trkpt lat="26.42025500" lon="-80.16014833"><ele>8.572</ele><time>2026-07-18T13:28:53Z</time><speed>2.166</speed><sat>18</sat></trkpt>
  <trkpt lat="26.42026333" lon="-80.16016833"><ele>8.672</ele><time>2026-07-18T13:28:54Z</time><speed>2.146</speed><sat>18</sat></trkpt>
  <trkpt lat="26.42027333" lon="-80.16018833"><ele>8.572</ele><time>2026-07-18T13:28:55Z</time><speed>2.137</speed><sat>19</sat></trkpt>
  <trkpt lat="26.42028333" lon="-80.16020667"><ele>8.572</ele><time>2026-07-18T13:28:56Z</time><speed>2.117</speed><sat>19</sat></trkpt>
  <trkpt lat="26.42029500" lon="-80.16022667"><ele>8.372</ele><time>2026-07-18T13:28:57Z</time><speed>2.122</speed><sat>19</sat></trkpt>
  <trkpt lat="26.42030667" lon="-80.16024500"><ele>8.672</ele><time>2026-07-18T13:28:58Z</time><speed>2.122</speed><sat>19</sat></trkpt>
  <trkpt lat="26.42031500" lon="-80.16026500"><ele>8.872</ele><time>2026-07-18T13:28:59Z</time><speed>2.123</speed><sat>19</sat></trkpt>
  <trkpt lat="26.42032333" lon="-80.16028833"><ele>8.572</ele><time>2026-07-18T13:29:00Z</time><speed>2.126</speed><sat>19</sat></trkpt>
  <trkpt lat="26.42033667" lon="-80.16030667"><ele>8.472</ele><time>2026-07-18T13:29:01Z</time><speed>2.156</speed><sat>19</sat></trkpt>
  <trkpt lat="26.42034500" lon="-80.16032500"><ele>8.572</ele><time>2026-07-18T13:29:02Z</time><speed>2.148</speed><sat>19</sat></trkpt>
  <trkpt lat="26.42035667" lon="-80.16034333"><ele>8.871</ele><time>2026-07-18T13:29:03Z</time><speed>2.171</speed><sat>19</sat></trkpt>
  <trkpt lat="26.42036500" lon="-80.16036500"><ele>9.271</ele><time>2026-07-18T13:29:04Z</time><speed>2.191</speed><sat>19</sat></trkpt>
  <trkpt lat="26.42037167" lon="-80.16038500"><ele>9.871</ele><time>2026-07-18T13:29:05Z</time><speed>2.194</speed><sat>19</sat></trkpt>
  <trkpt lat="26.42038000" lon="-80.16040667"><ele>9.871</ele><time>2026-07-18T13:29:06Z</time><speed>2.207</speed><sat>19</sat></trkpt>
  <trkpt lat="26.42038500" lon="-80.16042500"><ele>10.271</ele><time>2026-07-18T13:29:07Z</time><speed>2.195</speed><sat>19</sat></trkpt>
  <trkpt lat="26.42039167" lon="-80.16044500"><ele>10.371</ele><time>2026-07-18T13:29:08Z</time><speed>2.198</speed><sat>19</sat></trkpt>
  <trkpt lat="26.42039833" lon="-80.16046167"><ele>10.371</ele><time>2026-07-18T13:29:09Z</time><speed>2.196</speed><sat>19</sat></trkpt>
  <trkpt lat="26.42040500" lon="-80.16048167"><ele>9.971</ele><time>2026-07-18T13:29:10Z</time><speed>2.195</speed><sat>19</sat></trkpt>
  <trkpt lat="26.42041167" lon="-80.16050500"><ele>9.571</ele><time>2026-07-18T13:29:11Z</time><speed>2.188</speed><sat>19</sat></trkpt>
  <trkpt lat="26.42042167" lon="-80.16052500"><ele>9.171</ele><time>2026-07-18T13:29:12Z</time><speed>2.173</speed><sat>19</sat></trkpt>
  <trkpt lat="26.42043000" lon="-80.16054667"><ele>8.771</ele><time>2026-07-18T13:29:13Z</time><speed>2.160</speed><sat>19</sat></trkpt>
  <trkpt lat="26.42043667" lon="-80.16056667"><ele>8.571</ele><time>2026-07-18T13:29:14Z</time><speed>2.149</speed><sat>19</sat></trkpt>
  <trkpt lat="26.42044500" lon="-80.16058333"><ele>8.671</ele><time>2026-07-18T13:29:15Z</time><speed>2.164</speed><sat>19</sat></trkpt>
  <trkpt lat="26.42045833" lon="-80.16060000"><ele>8.470</ele><time>2026-07-18T13:29:16Z</time><speed>2.137</speed><sat>19</sat></trkpt>
  <trkpt lat="26.42046833" lon="-80.16061500"><ele>8.570</ele><time>2026-07-18T13:29:17Z</time><speed>2.119</speed><sat>19</sat></trkpt>
  <trkpt lat="26.42048167" lon="-80.16063333"><ele>8.870</ele><time>2026-07-18T13:29:18Z</time><speed>2.129</speed><sat>19</sat></trkpt>
  <trkpt lat="26.42049167" lon="-80.16065500"><ele>8.970</ele><time>2026-07-18T13:29:19Z</time><speed>2.137</speed><sat>19</sat></trkpt>
  <trkpt lat="26.42049833" lon="-80.16067167"><ele>8.870</ele><time>2026-07-18T13:29:20Z</time><speed>2.144</speed><sat>19</sat></trkpt>
  <trkpt lat="26.42050333" lon="-80.16069000"><ele>9.170</ele><time>2026-07-18T13:29:21Z</time><speed>2.124</speed><sat>19</sat></trkpt>
  <trkpt lat="26.42051167" lon="-80.16071167"><ele>9.170</ele><time>2026-07-18T13:29:22Z</time><speed>2.141</speed><sat>19</sat></trkpt>
  <trkpt lat="26.42052000" lon="-80.16073333"><ele>8.870</ele><time>2026-07-18T13:29:23Z</time><speed>2.157</speed><sat>19</sat></trkpt>
  <trkpt lat="26.42053000" lon="-80.16076167"><ele>8.370</ele><time>2026-07-18T13:29:24Z</time><speed>2.190</speed><sat>19</sat></trkpt>
  <trkpt lat="26.42053667" lon="-80.16078167"><ele>8.270</ele><time>2026-07-18T13:29:25Z</time><speed>2.173</speed><sat>19</sat></trkpt>
  <trkpt lat="26.42054167" lon="-80.16080000"><ele>7.970</ele><time>2026-07-18T13:29:26Z</time><speed>2.215</speed><sat>19</sat></trkpt>
  <trkpt lat="26.42055000" lon="-80.16082000"><ele>7.670</ele><time>2026-07-18T13:29:27Z</time><speed>2.231</speed><sat>19</sat></trkpt>
  <trkpt lat="26.42056000" lon="-80.16084000"><ele>7.570</ele><time>2026-07-18T13:29:28Z</time><speed>2.209</speed><sat>19</sat></trkpt>
  <trkpt lat="26.42056833" lon="-80.16085833"><ele>7.069</ele><time>2026-07-18T13:29:29Z</time><speed>2.210</speed><sat>19</sat></trkpt>
  <trkpt lat="26.42057667" lon="-80.16087833"><ele>6.569</ele><time>2026-07-18T13:29:30Z</time><speed>2.212</speed><sat>19</sat></trkpt>
  <trkpt lat="26.42058333" lon="-80.16090000"><ele>6.569</ele><time>2026-07-18T13:29:31Z</time><speed>2.223</speed><sat>19</sat></trkpt>
  <trkpt lat="26.42059000" lon="-80.16092167"><ele>6.469</ele><time>2026-07-18T13:29:32Z</time><speed>2.216</speed><sat>19</sat></trkpt>
  <trkpt lat="26.42059500" lon="-80.16094167"><ele>6.669</ele><time>2026-07-18T13:29:33Z</time><speed>2.189</speed><sat>19</sat></trkpt>
  <trkpt lat="26.42060167" lon="-80.16096000"><ele>6.969</ele><time>2026-07-18T13:29:34Z</time><speed>2.148</speed><sat>19</sat></trkpt>
  <trkpt lat="26.42061000" lon="-80.16097500"><ele>7.469</ele><time>2026-07-18T13:29:35Z</time><speed>2.145</speed><sat>19</sat></trkpt>
  <trkpt lat="26.42061833" lon="-80.16099333"><ele>7.669</ele><time>2026-07-18T13:29:36Z</time><speed>2.127</speed><sat>19</sat></trkpt>
  <trkpt lat="26.42062500" lon="-80.16101167"><ele>7.569</ele><time>2026-07-18T13:29:37Z</time><speed>2.126</speed><sat>19</sat></trkpt>
  <trkpt lat="26.42063167" lon="-80.16103167"><ele>7.969</ele><time>2026-07-18T13:29:38Z</time><speed>2.127</speed><sat>19</sat></trkpt>
  <trkpt lat="26.42063667" lon="-80.16105167"><ele>8.469</ele><time>2026-07-18T13:29:39Z</time><speed>2.122</speed><sat>19</sat></trkpt>
  <trkpt lat="26.42064000" lon="-80.16107333"><ele>8.769</ele><time>2026-07-18T13:29:40Z</time><speed>2.101</speed><sat>19</sat></trkpt>
  <trkpt lat="26.42064667" lon="-80.16109167"><ele>8.869</ele><time>2026-07-18T13:29:41Z</time><speed>2.096</speed><sat>19</sat></trkpt>
  <trkpt lat="26.42065167" lon="-80.16111167"><ele>8.868</ele><time>2026-07-18T13:29:42Z</time><speed>2.090</speed><sat>19</sat></trkpt>
  <trkpt lat="26.42066000" lon="-80.16112833"><ele>8.568</ele><time>2026-07-18T13:29:43Z</time><speed>2.079</speed><sat>19</sat></trkpt>
  <trkpt lat="26.42066833" lon="-80.16115167"><ele>8.368</ele><time>2026-07-18T13:29:44Z</time><speed>2.090</speed><sat>19</sat></trkpt>
  <trkpt lat="26.42067333" lon="-80.16117333"><ele>8.068</ele><time>2026-07-18T13:29:45Z</time><speed>2.096</speed><sat>19</sat></trkpt>
  <trkpt lat="26.42068167" lon="-80.16119000"><ele>8.368</ele><time>2026-07-18T13:29:46Z</time><speed>2.083</speed><sat>19</sat></trkpt>
  <trkpt lat="26.42069000" lon="-80.16120667"><ele>8.368</ele><time>2026-07-18T13:29:47Z</time><speed>2.071</speed><sat>19</sat></trkpt>
  <trkpt lat="26.42069500" lon="-80.16122667"><ele>8.268</ele><time>2026-07-18T13:29:48Z</time><speed>2.072</speed><sat>19</sat></trkpt>
  <trkpt lat="26.42070000" lon="-80.16124667"><ele>8.468</ele><time>2026-07-18T13:29:49Z</time><speed>2.065</speed><sat>19</sat></trkpt>
  <trkpt lat="26.42070667" lon="-80.16126833"><ele>8.268</ele><time>2026-07-18T13:29:50Z</time><speed>2.076</speed><sat>19</sat></trkpt>
  <trkpt lat="26.42071333" lon="-80.16128833"><ele>8.368</ele><time>2026-07-18T13:29:51Z</time><speed>2.077</speed><sat>19</sat></trkpt>
  <trkpt lat="26.42071667" lon="-80.16131000"><ele>8.668</ele><time>2026-07-18T13:29:52Z</time><speed>2.068</speed><sat>19</sat></trkpt>
  <trkpt lat="26.42071667" lon="-80.16133500"><ele>8.868</ele><time>2026-07-18T13:29:53Z</time><speed>2.075</speed><sat>19</sat></trkpt>
  <trkpt lat="26.42071833" lon="-80.16135833"><ele>9.467</ele><time>2026-07-18T13:29:54Z</time><speed>2.076</speed><sat>19</sat></trkpt>
  <trkpt lat="26.42072000" lon="-80.16137833"><ele>9.767</ele><time>2026-07-18T13:29:55Z</time><speed>2.087</speed><sat>19</sat></trkpt>
  <trkpt lat="26.42072167" lon="-80.16139333"><ele>9.967</ele><time>2026-07-18T13:29:56Z</time><speed>2.090</speed><sat>19</sat></trkpt>
  <trkpt lat="26.42071833" lon="-80.16140833"><ele>9.967</ele><time>2026-07-18T13:29:57Z</time><speed>2.086</speed><sat>19</sat></trkpt>
  <trkpt lat="26.42072500" lon="-80.16143000"><ele>9.867</ele><time>2026-07-18T13:29:58Z</time><speed>2.080</speed><sat>19</sat></trkpt>
  <trkpt lat="26.42073167" lon="-80.16145333"><ele>9.767</ele><time>2026-07-18T13:29:59Z</time><speed>2.089</speed><sat>19</sat></trkpt>
  <trkpt lat="26.42074000" lon="-80.16147667"><ele>9.367</ele><time>2026-07-18T13:30:00Z</time><speed>2.093</speed><sat>19</sat></trkpt>
  <trkpt lat="26.42074333" lon="-80.16149333"><ele>9.167</ele><time>2026-07-18T13:30:01Z</time><speed>2.082</speed><sat>19</sat></trkpt>
  <trkpt lat="26.42074833" lon="-80.16151167"><ele>8.767</ele><time>2026-07-18T13:30:02Z</time><speed>2.093</speed><sat>19</sat></trkpt>
  <trkpt lat="26.42075500" lon="-80.16153000"><ele>8.367</ele><time>2026-07-18T13:30:03Z</time><speed>2.073</speed><sat>19</sat></trkpt>
  <trkpt lat="26.42075833" lon="-80.16154833"><ele>8.067</ele><time>2026-07-18T13:30:04Z</time><speed>2.058</speed><sat>19</sat></trkpt>
  <trkpt lat="26.42076167" lon="-80.16157000"><ele>7.667</ele><time>2026-07-18T13:30:05Z</time><speed>2.048</speed><sat>19</sat></trkpt>
  <trkpt lat="26.42077000" lon="-80.16159333"><ele>7.467</ele><time>2026-07-18T13:30:06Z</time><speed>2.055</speed><sat>19</sat></trkpt>
  <trkpt lat="26.42077667" lon="-80.16161333"><ele>6.866</ele><time>2026-07-18T13:30:07Z</time><speed>2.051</speed><sat>19</sat></trkpt>
  <trkpt lat="26.42078000" lon="-80.16163167"><ele>6.566</ele><time>2026-07-18T13:30:08Z</time><speed>2.058</speed><sat>19</sat></trkpt>
  <trkpt lat="26.42078167" lon="-80.16165167"><ele>6.366</ele><time>2026-07-18T13:30:09Z</time><speed>2.048</speed><sat>19</sat></trkpt>
  <trkpt lat="26.42078167" lon="-80.16167000"><ele>6.066</ele><time>2026-07-18T13:30:10Z</time><speed>2.043</speed><sat>19</sat></trkpt>
  <trkpt lat="26.42078500" lon="-80.16169000"><ele>6.066</ele><time>2026-07-18T13:30:11Z</time><speed>2.048</speed><sat>19</sat></trkpt>
  <trkpt lat="26.42079000" lon="-80.16170833"><ele>5.966</ele><time>2026-07-18T13:30:12Z</time><speed>2.063</speed><sat>19</sat></trkpt>
  <trkpt lat="26.42079500" lon="-80.16172833"><ele>5.766</ele><time>2026-07-18T13:30:13Z</time><speed>2.067</speed><sat>19</sat></trkpt>
  <trkpt lat="26.42079667" lon="-80.16174833"><ele>5.866</ele><time>2026-07-18T13:30:14Z</time><speed>2.069</speed><sat>19</sat></trkpt>
  <trkpt lat="26.42080167" lon="-80.16177000"><ele>6.166</ele><time>2026-07-18T13:30:15Z</time><speed>2.070</speed><sat>19</sat></trkpt>
  <trkpt lat="26.42080333" lon="-80.16179167"><ele>6.366</ele><time>2026-07-18T13:30:16Z</time><speed>2.063</speed><sat>19</sat></trkpt>
  <trkpt lat="26.42080667" lon="-80.16181333"><ele>6.566</ele><time>2026-07-18T13:30:17Z</time><speed>2.071</speed><sat>19</sat></trkpt>
  <trkpt lat="26.42080833" lon="-80.16183333"><ele>6.466</ele><time>2026-07-18T13:30:18Z</time><speed>2.065</speed><sat>19</sat></trkpt>
  <trkpt lat="26.42081000" lon="-80.16185333"><ele>6.465</ele><time>2026-07-18T13:30:19Z</time><speed>2.067</speed><sat>19</sat></trkpt>
  <trkpt lat="26.42081167" lon="-80.16187333"><ele>6.365</ele><time>2026-07-18T13:30:20Z</time><speed>2.062</speed><sat>19</sat></trkpt>
  <trkpt lat="26.42081000" lon="-80.16189500"><ele>5.765</ele><time>2026-07-18T13:30:21Z</time><speed>2.062</speed><sat>19</sat></trkpt>
  <trkpt lat="26.42081000" lon="-80.16192167"><ele>5.565</ele><time>2026-07-18T13:30:22Z</time><speed>2.039</speed><sat>19</sat></trkpt>
  <trkpt lat="26.42080833" lon="-80.16194333"><ele>5.665</ele><time>2026-07-18T13:30:23Z</time><speed>2.048</speed><sat>19</sat></trkpt>
  <trkpt lat="26.42081167" lon="-80.16196333"><ele>5.365</ele><time>2026-07-18T13:30:24Z</time><speed>2.047</speed><sat>19</sat></trkpt>
  <trkpt lat="26.42081500" lon="-80.16198667"><ele>5.465</ele><time>2026-07-18T13:30:25Z</time><speed>2.041</speed><sat>19</sat></trkpt>
  <trkpt lat="26.42081833" lon="-80.16200833"><ele>5.765</ele><time>2026-07-18T13:30:26Z</time><speed>2.039</speed><sat>19</sat></trkpt>
  <trkpt lat="26.42082000" lon="-80.16202667"><ele>6.065</ele><time>2026-07-18T13:30:27Z</time><speed>2.038</speed><sat>19</sat></trkpt>
  <trkpt lat="26.42082500" lon="-80.16204833"><ele>6.465</ele><time>2026-07-18T13:30:28Z</time><speed>2.044</speed><sat>19</sat></trkpt>
  <trkpt lat="26.42082833" lon="-80.16206833"><ele>6.665</ele><time>2026-07-18T13:30:29Z</time><speed>2.033</speed><sat>19</sat></trkpt>
  <trkpt lat="26.42083333" lon="-80.16208833"><ele>6.765</ele><time>2026-07-18T13:30:30Z</time><speed>2.034</speed><sat>19</sat></trkpt>
  <trkpt lat="26.42083333" lon="-80.16211000"><ele>6.864</ele><time>2026-07-18T13:30:31Z</time><speed>2.047</speed><sat>19</sat></trkpt>
  <trkpt lat="26.42083500" lon="-80.16212667"><ele>6.764</ele><time>2026-07-18T13:30:32Z</time><speed>2.043</speed><sat>19</sat></trkpt>
  <trkpt lat="26.42083667" lon="-80.16214667"><ele>6.864</ele><time>2026-07-18T13:30:33Z</time><speed>2.030</speed><sat>19</sat></trkpt>
  <trkpt lat="26.42083500" lon="-80.16216167"><ele>6.864</ele><time>2026-07-18T13:30:34Z</time><speed>2.030</speed><sat>19</sat></trkpt>
  <trkpt lat="26.42083667" lon="-80.16217833"><ele>6.964</ele><time>2026-07-18T13:30:35Z</time><speed>2.063</speed><sat>19</sat></trkpt>
  <trkpt lat="26.42084000" lon="-80.16219667"><ele>7.264</ele><time>2026-07-18T13:30:36Z</time><speed>2.070</speed><sat>19</sat></trkpt>
  <trkpt lat="26.42084500" lon="-80.16222000"><ele>7.864</ele><time>2026-07-18T13:30:37Z</time><speed>2.063</speed><sat>19</sat></trkpt>
  <trkpt lat="26.42084667" lon="-80.16224333"><ele>7.864</ele><time>2026-07-18T13:30:38Z</time><speed>2.001</speed><sat>19</sat></trkpt>
  <trkpt lat="26.42084667" lon="-80.16226500"><ele>7.764</ele><time>2026-07-18T13:30:39Z</time><speed>1.992</speed><sat>19</sat></trkpt>
  <trkpt lat="26.42084833" lon="-80.16228833"><ele>7.564</ele><time>2026-07-18T13:30:40Z</time><speed>1.987</speed><sat>19</sat></trkpt>
  <trkpt lat="26.42085167" lon="-80.16230833"><ele>7.464</ele><time>2026-07-18T13:30:41Z</time><speed>1.955</speed><sat>19</sat></trkpt>
  <trkpt lat="26.42085167" lon="-80.16233000"><ele>7.164</ele><time>2026-07-18T13:30:42Z</time><speed>1.930</speed><sat>19</sat></trkpt>
  <trkpt lat="26.42085000" lon="-80.16234833"><ele>6.863</ele><time>2026-07-18T13:30:43Z</time><speed>1.921</speed><sat>19</sat></trkpt>
  <trkpt lat="26.42085000" lon="-80.16236667"><ele>6.863</ele><time>2026-07-18T13:30:44Z</time><speed>1.889</speed><sat>19</sat></trkpt>
  <trkpt lat="26.42085000" lon="-80.16238500"><ele>6.663</ele><time>2026-07-18T13:30:45Z</time><speed>1.849</speed><sat>19</sat></trkpt>
  <trkpt lat="26.42085167" lon="-80.16240333"><ele>6.563</ele><time>2026-07-18T13:30:46Z</time><speed>1.824</speed><sat>19</sat></trkpt>
  <trkpt lat="26.42085167" lon="-80.16242167"><ele>6.863</ele><time>2026-07-18T13:30:47Z</time><speed>1.813</speed><sat>19</sat></trkpt>
  <trkpt lat="26.42084833" lon="-80.16244500"><ele>6.863</ele><time>2026-07-18T13:30:48Z</time><speed>1.872</speed><sat>19</sat></trkpt>
  <trkpt lat="26.42084667" lon="-80.16246500"><ele>7.163</ele><time>2026-07-18T13:30:49Z</time><speed>1.879</speed><sat>19</sat></trkpt>
  <trkpt lat="26.42084833" lon="-80.16248667"><ele>7.463</ele><time>2026-07-18T13:30:50Z</time><speed>1.864</speed><sat>19</sat></trkpt>
  <trkpt lat="26.42084833" lon="-80.16250667"><ele>7.463</ele><time>2026-07-18T13:30:51Z</time><speed>1.872</speed><sat>19</sat></trkpt>
  <trkpt lat="26.42084667" lon="-80.16252667"><ele>7.363</ele><time>2026-07-18T13:30:52Z</time><speed>1.896</speed><sat>19</sat></trkpt>
  <trkpt lat="26.42084833" lon="-80.16254667"><ele>7.563</ele><time>2026-07-18T13:30:53Z</time><speed>1.914</speed><sat>19</sat></trkpt>
  <trkpt lat="26.42084833" lon="-80.16256667"><ele>7.563</ele><time>2026-07-18T13:30:54Z</time><speed>1.918</speed><sat>19</sat></trkpt>
  <trkpt lat="26.42085000" lon="-80.16258500"><ele>7.662</ele><time>2026-07-18T13:30:55Z</time><speed>1.917</speed><sat>19</sat></trkpt>
  <trkpt lat="26.42085000" lon="-80.16260500"><ele>7.562</ele><time>2026-07-18T13:30:56Z</time><speed>1.917</speed><sat>19</sat></trkpt>
  <trkpt lat="26.42085000" lon="-80.16262333"><ele>7.462</ele><time>2026-07-18T13:30:57Z</time><speed>1.927</speed><sat>19</sat></trkpt>
  <trkpt lat="26.42084667" lon="-80.16264333"><ele>7.162</ele><time>2026-07-18T13:30:58Z</time><speed>1.921</speed><sat>19</sat></trkpt>
  <trkpt lat="26.42084500" lon="-80.16266333"><ele>6.862</ele><time>2026-07-18T13:30:59Z</time><speed>1.919</speed><sat>19</sat></trkpt>
  <trkpt lat="26.42084333" lon="-80.16268167"><ele>6.962</ele><time>2026-07-18T13:31:00Z</time><speed>1.921</speed><sat>19</sat></trkpt>
  <trkpt lat="26.42084167" lon="-80.16270167"><ele>7.462</ele><time>2026-07-18T13:31:01Z</time><speed>1.921</speed><sat>19</sat></trkpt>
  <trkpt lat="26.42084167" lon="-80.16272167"><ele>7.762</ele><time>2026-07-18T13:31:02Z</time><speed>1.914</speed><sat>19</sat></trkpt>
  <trkpt lat="26.42084333" lon="-80.16273833"><ele>7.762</ele><time>2026-07-18T13:31:03Z</time><speed>1.910</speed><sat>19</sat></trkpt>
  <trkpt lat="26.42084167" lon="-80.16275833"><ele>7.862</ele><time>2026-07-18T13:31:04Z</time><speed>1.929</speed><sat>19</sat></trkpt>
  <trkpt lat="26.42083833" lon="-80.16277833"><ele>7.862</ele><time>2026-07-18T13:31:05Z</time><speed>1.926</speed><sat>19</sat></trkpt>
  <trkpt lat="26.42083500" lon="-80.16279667"><ele>7.562</ele><time>2026-07-18T13:31:06Z</time><speed>1.934</speed><sat>19</sat></trkpt>
  <trkpt lat="26.42083167" lon="-80.16281500"><ele>7.062</ele><time>2026-07-18T13:31:07Z</time><speed>1.923</speed><sat>19</sat></trkpt>
  <trkpt lat="26.42083000" lon="-80.16283167"><ele>7.061</ele><time>2026-07-18T13:31:08Z</time><speed>1.922</speed><sat>19</sat></trkpt>
  <trkpt lat="26.42082833" lon="-80.16285333"><ele>6.961</ele><time>2026-07-18T13:31:09Z</time><speed>1.930</speed><sat>19</sat></trkpt>
  <trkpt lat="26.42082667" lon="-80.16287500"><ele>7.361</ele><time>2026-07-18T13:31:10Z</time><speed>1.936</speed><sat>19</sat></trkpt>
  <trkpt lat="26.42082333" lon="-80.16289667"><ele>7.861</ele><time>2026-07-18T13:31:11Z</time><speed>1.985</speed><sat>19</sat></trkpt>
  <trkpt lat="26.42082167" lon="-80.16292167"><ele>8.061</ele><time>2026-07-18T13:31:12Z</time><speed>2.023</speed><sat>19</sat></trkpt>
  <trkpt lat="26.42081833" lon="-80.16294333"><ele>8.061</ele><time>2026-07-18T13:31:13Z</time><speed>2.064</speed><sat>19</sat></trkpt>
  <trkpt lat="26.42081333" lon="-80.16296167"><ele>8.661</ele><time>2026-07-18T13:31:14Z</time><speed>2.098</speed><sat>19</sat></trkpt>
  <trkpt lat="26.42080833" lon="-80.16298667"><ele>9.061</ele><time>2026-07-18T13:31:15Z</time><speed>2.139</speed><sat>19</sat></trkpt>
  <trkpt lat="26.42080667" lon="-80.16300833"><ele>9.361</ele><time>2026-07-18T13:31:16Z</time><speed>2.185</speed><sat>19</sat></trkpt>
  <trkpt lat="26.42080667" lon="-80.16302500"><ele>9.461</ele><time>2026-07-18T13:31:17Z</time><speed>2.227</speed><sat>19</sat></trkpt>
  <trkpt lat="26.42080667" lon="-80.16304333"><ele>9.561</ele><time>2026-07-18T13:31:18Z</time><speed>2.226</speed><sat>19</sat></trkpt>
  <trkpt lat="26.42080833" lon="-80.16306000"><ele>9.561</ele><time>2026-07-18T13:31:19Z</time><speed>2.201</speed><sat>19</sat></trkpt>
  <trkpt lat="26.42080833" lon="-80.16307667"><ele>9.360</ele><time>2026-07-18T13:31:20Z</time><speed>2.149</speed><sat>19</sat></trkpt>
  <trkpt lat="26.42080667" lon="-80.16309000"><ele>9.860</ele><time>2026-07-18T13:31:21Z</time><speed>2.000</speed><sat>19</sat></trkpt>
  <trkpt lat="26.42080500" lon="-80.16310000"><ele>10.160</ele><time>2026-07-18T13:31:22Z</time><speed>1.850</speed><sat>19</sat></trkpt>
  <trkpt lat="26.42080333" lon="-80.16311167"><ele>10.160</ele><time>2026-07-18T13:31:23Z</time><speed>1.725</speed><sat>19</sat></trkpt>
  <trkpt lat="26.42080000" lon="-80.16312333"><ele>10.360</ele><time>2026-07-18T13:31:24Z</time><speed>1.634</speed><sat>19</sat></trkpt>
  <trkpt lat="26.42079667" lon="-80.16313500"><ele>10.560</ele><time>2026-07-18T13:31:25Z</time><speed>1.519</speed><sat>19</sat></trkpt>
  <trkpt lat="26.42079500" lon="-80.16314833"><ele>10.360</ele><time>2026-07-18T13:31:26Z</time><speed>1.438</speed><sat>19</sat></trkpt>
  <trkpt lat="26.42079333" lon="-80.16316167"><ele>10.560</ele><time>2026-07-18T13:31:27Z</time><speed>1.352</speed><sat>19</sat></trkpt>
  <trkpt lat="26.42079333" lon="-80.16317333"><ele>10.660</ele><time>2026-07-18T13:31:28Z</time><speed>1.296</speed><sat>19</sat></trkpt>
  <trkpt lat="26.42079333" lon="-80.16318333"><ele>10.860</ele><time>2026-07-18T13:31:29Z</time><speed>1.269</speed><sat>19</sat></trkpt>
  <trkpt lat="26.42079167" lon="-80.16319167"><ele>10.660</ele><time>2026-07-18T13:31:30Z</time><speed>1.275</speed><sat>19</sat></trkpt>
  <trkpt lat="26.42079000" lon="-80.16320500"><ele>10.360</ele><time>2026-07-18T13:31:31Z</time><speed>1.327</speed><sat>19</sat></trkpt>
  <trkpt lat="26.42079167" lon="-80.16321500"><ele>10.060</ele><time>2026-07-18T13:31:32Z</time><speed>1.377</speed><sat>19</sat></trkpt>
  <trkpt lat="26.42079000" lon="-80.16322667"><ele>9.860</ele><time>2026-07-18T13:31:33Z</time><speed>1.393</speed><sat>19</sat></trkpt>
  <trkpt lat="26.42078667" lon="-80.16323833"><ele>9.560</ele><time>2026-07-18T13:31:34Z</time><speed>1.383</speed><sat>19</sat></trkpt>
  <trkpt lat="26.42078333" lon="-80.16325333"><ele>9.660</ele><time>2026-07-18T13:31:35Z</time><speed>1.406</speed><sat>19</sat></trkpt>
  <trkpt lat="26.42078000" lon="-80.16326500"><ele>9.860</ele><time>2026-07-18T13:31:36Z</time><speed>1.399</speed><sat>19</sat></trkpt>
  <trkpt lat="26.42078000" lon="-80.16328167"><ele>9.860</ele><time>2026-07-18T13:31:37Z</time><speed>1.411</speed><sat>19</sat></trkpt>
  <trkpt lat="26.42077667" lon="-80.16329167"><ele>9.960</ele><time>2026-07-18T13:31:38Z</time><speed>1.414</speed><sat>19</sat></trkpt>
  <trkpt lat="26.42077167" lon="-80.16330333"><ele>10.359</ele><time>2026-07-18T13:31:39Z</time><speed>1.391</speed><sat>19</sat></trkpt>
  <trkpt lat="26.42076667" lon="-80.16331833"><ele>10.259</ele><time>2026-07-18T13:31:40Z</time><speed>1.397</speed><sat>19</sat></trkpt>
  <trkpt lat="26.42076000" lon="-80.16333000"><ele>10.259</ele><time>2026-07-18T13:31:41Z</time><speed>1.384</speed><sat>19</sat></trkpt>
  <trkpt lat="26.42075833" lon="-80.16334333"><ele>9.959</ele><time>2026-07-18T13:31:42Z</time><speed>1.399</speed><sat>19</sat></trkpt>
  <trkpt lat="26.42075500" lon="-80.16336000"><ele>9.759</ele><time>2026-07-18T13:31:43Z</time><speed>1.450</speed><sat>19</sat></trkpt>
  <trkpt lat="26.42075000" lon="-80.16338167"><ele>9.859</ele><time>2026-07-18T13:31:44Z</time><speed>1.479</speed><sat>19</sat></trkpt>
  <trkpt lat="26.42074667" lon="-80.16339833"><ele>9.759</ele><time>2026-07-18T13:31:45Z</time><speed>1.489</speed><sat>19</sat></trkpt>
  <trkpt lat="26.42074500" lon="-80.16341500"><ele>9.859</ele><time>2026-07-18T13:31:46Z</time><speed>1.498</speed><sat>19</sat></trkpt>
  <trkpt lat="26.42074333" lon="-80.16343167"><ele>9.659</ele><time>2026-07-18T13:31:47Z</time><speed>1.510</speed><sat>19</sat></trkpt>
  <trkpt lat="26.42073833" lon="-80.16344667"><ele>9.659</ele><time>2026-07-18T13:31:48Z</time><speed>1.525</speed><sat>19</sat></trkpt>
  <trkpt lat="26.42073333" lon="-80.16346000"><ele>9.759</ele><time>2026-07-18T13:31:49Z</time><speed>1.564</speed><sat>19</sat></trkpt>
  <trkpt lat="26.42073000" lon="-80.16347500"><ele>9.759</ele><time>2026-07-18T13:31:50Z</time><speed>1.596</speed><sat>18</sat></trkpt>
  <trkpt lat="26.42072833" lon="-80.16349667"><ele>9.359</ele><time>2026-07-18T13:31:51Z</time><speed>1.668</speed><sat>19</sat></trkpt>
  <trkpt lat="26.42072333" lon="-80.16351667"><ele>9.159</ele><time>2026-07-18T13:31:52Z</time><speed>1.734</speed><sat>19</sat></trkpt>
  <trkpt lat="26.42071667" lon="-80.16353667"><ele>9.058</ele><time>2026-07-18T13:31:53Z</time><speed>1.711</speed><sat>19</sat></trkpt>
  <trkpt lat="26.42071167" lon="-80.16355667"><ele>8.558</ele><time>2026-07-18T13:31:54Z</time><speed>1.730</speed><sat>19</sat></trkpt>
  <trkpt lat="26.42071000" lon="-80.16357667"><ele>8.258</ele><time>2026-07-18T13:31:55Z</time><speed>1.756</speed><sat>19</sat></trkpt>
  <trkpt lat="26.42071167" lon="-80.16359500"><ele>8.158</ele><time>2026-07-18T13:31:56Z</time><speed>1.721</speed><sat>19</sat></trkpt>
  <trkpt lat="26.42070333" lon="-80.16361167"><ele>8.358</ele><time>2026-07-18T13:31:57Z</time><speed>1.727</speed><sat>19</sat></trkpt>
  <trkpt lat="26.42069667" lon="-80.16363000"><ele>8.658</ele><time>2026-07-18T13:31:58Z</time><speed>1.752</speed><sat>19</sat></trkpt>
  <trkpt lat="26.42069333" lon="-80.16365000"><ele>9.058</ele><time>2026-07-18T13:31:59Z</time><speed>1.785</speed><sat>19</sat></trkpt>
  <trkpt lat="26.42069000" lon="-80.16367000"><ele>9.658</ele><time>2026-07-18T13:32:00Z</time><speed>1.800</speed><sat>19</sat></trkpt>
  <trkpt lat="26.42068500" lon="-80.16369333"><ele>9.858</ele><time>2026-07-18T13:32:01Z</time><speed>1.792</speed><sat>19</sat></trkpt>
  <trkpt lat="26.42068333" lon="-80.16372167"><ele>9.858</ele><time>2026-07-18T13:32:02Z</time><speed>1.790</speed><sat>19</sat></trkpt>
  <trkpt lat="26.42068000" lon="-80.16374500"><ele>9.758</ele><time>2026-07-18T13:32:03Z</time><speed>1.864</speed><sat>19</sat></trkpt>
  <trkpt lat="26.42067833" lon="-80.16377000"><ele>10.358</ele><time>2026-07-18T13:32:04Z</time><speed>1.902</speed><sat>19</sat></trkpt>
  <trkpt lat="26.42067833" lon="-80.16379500"><ele>11.057</ele><time>2026-07-18T13:32:05Z</time><speed>1.941</speed><sat>19</sat></trkpt>
  <trkpt lat="26.42067333" lon="-80.16381667"><ele>11.357</ele><time>2026-07-18T13:32:06Z</time><speed>2.023</speed><sat>19</sat></trkpt>
  <trkpt lat="26.42067167" lon="-80.16383333"><ele>11.657</ele><time>2026-07-18T13:32:07Z</time><speed>2.067</speed><sat>19</sat></trkpt>
  <trkpt lat="26.42066500" lon="-80.16385500"><ele>12.257</ele><time>2026-07-18T13:32:08Z</time><speed>2.094</speed><sat>19</sat></trkpt>
  <trkpt lat="26.42065833" lon="-80.16387833"><ele>12.257</ele><time>2026-07-18T13:32:09Z</time><speed>2.102</speed><sat>19</sat></trkpt>
  <trkpt lat="26.42065000" lon="-80.16389833"><ele>12.357</ele><time>2026-07-18T13:32:10Z</time><speed>2.094</speed><sat>19</sat></trkpt>
  <trkpt lat="26.42064167" lon="-80.16391833"><ele>12.357</ele><time>2026-07-18T13:32:11Z</time><speed>2.104</speed><sat>19</sat></trkpt>
  <trkpt lat="26.42063333" lon="-80.16393833"><ele>12.757</ele><time>2026-07-18T13:32:12Z</time><speed>2.113</speed><sat>19</sat></trkpt>
  <trkpt lat="26.42062333" lon="-80.16395833"><ele>12.857</ele><time>2026-07-18T13:32:13Z</time><speed>2.077</speed><sat>19</sat></trkpt>
  <trkpt lat="26.42061667" lon="-80.16398333"><ele>12.757</ele><time>2026-07-18T13:32:14Z</time><speed>2.060</speed><sat>19</sat></trkpt>
  <trkpt lat="26.42060833" lon="-80.16400500"><ele>12.457</ele><time>2026-07-18T13:32:15Z</time><speed>2.056</speed><sat>19</sat></trkpt>
  <trkpt lat="26.42060167" lon="-80.16402500"><ele>12.256</ele><time>2026-07-18T13:32:16Z</time><speed>2.051</speed><sat>19</sat></trkpt>
  <trkpt lat="26.42059500" lon="-80.16404500"><ele>11.956</ele><time>2026-07-18T13:32:17Z</time><speed>2.035</speed><sat>19</sat></trkpt>
  <trkpt lat="26.42059000" lon="-80.16406333"><ele>11.656</ele><time>2026-07-18T13:32:18Z</time><speed>2.026</speed><sat>19</sat></trkpt>
  <trkpt lat="26.42058667" lon="-80.16408500"><ele>11.856</ele><time>2026-07-18T13:32:19Z</time><speed>2.052</speed><sat>19</sat></trkpt>
  <trkpt lat="26.42058167" lon="-80.16410833"><ele>11.456</ele><time>2026-07-18T13:32:20Z</time><speed>2.060</speed><sat>19</sat></trkpt>
  <trkpt lat="26.42057333" lon="-80.16412667"><ele>11.256</ele><time>2026-07-18T13:32:21Z</time><speed>2.059</speed><sat>19</sat></trkpt>
  <trkpt lat="26.42056667" lon="-80.16414333"><ele>10.756</ele><time>2026-07-18T13:32:22Z</time><speed>2.040</speed><sat>19</sat></trkpt>
  <trkpt lat="26.42056167" lon="-80.16416500"><ele>10.756</ele><time>2026-07-18T13:32:23Z</time><speed>2.061</speed><sat>18</sat></trkpt>
  <trkpt lat="26.42055500" lon="-80.16418667"><ele>10.556</ele><time>2026-07-18T13:32:24Z</time><speed>2.064</speed><sat>18</sat></trkpt>
  <trkpt lat="26.42054833" lon="-80.16420667"><ele>10.556</ele><time>2026-07-18T13:32:25Z</time><speed>2.058</speed><sat>18</sat></trkpt>
  <trkpt lat="26.42054333" lon="-80.16422667"><ele>9.956</ele><time>2026-07-18T13:32:26Z</time><speed>2.058</speed><sat>19</sat></trkpt>
  <trkpt lat="26.42053667" lon="-80.16424500"><ele>9.355</ele><time>2026-07-18T13:32:27Z</time><speed>2.072</speed><sat>19</sat></trkpt>
  <trkpt lat="26.42053000" lon="-80.16426333"><ele>9.155</ele><time>2026-07-18T13:32:28Z</time><speed>2.069</speed><sat>19</sat></trkpt>
  <trkpt lat="26.42052333" lon="-80.16428167"><ele>9.055</ele><time>2026-07-18T13:32:29Z</time><speed>2.051</speed><sat>19</sat></trkpt>
  <trkpt lat="26.42051667" lon="-80.16430167"><ele>8.755</ele><time>2026-07-18T13:32:30Z</time><speed>2.055</speed><sat>19</sat></trkpt>
  <trkpt lat="26.42051167" lon="-80.16432167"><ele>8.655</ele><time>2026-07-18T13:32:31Z</time><speed>2.042</speed><sat>19</sat></trkpt>
  <trkpt lat="26.42050333" lon="-80.16434000"><ele>8.455</ele><time>2026-07-18T13:32:32Z</time><speed>2.046</speed><sat>19</sat></trkpt>
  <trkpt lat="26.42049667" lon="-80.16436167"><ele>8.655</ele><time>2026-07-18T13:32:33Z</time><speed>2.022</speed><sat>19</sat></trkpt>
  <trkpt lat="26.42049500" lon="-80.16438333"><ele>8.855</ele><time>2026-07-18T13:32:34Z</time><speed>2.042</speed><sat>19</sat></trkpt>
  <trkpt lat="26.42049167" lon="-80.16440167"><ele>8.955</ele><time>2026-07-18T13:32:35Z</time><speed>2.035</speed><sat>19</sat></trkpt>
  <trkpt lat="26.42048500" lon="-80.16442167"><ele>9.255</ele><time>2026-07-18T13:32:36Z</time><speed>2.052</speed><sat>19</sat></trkpt>
  <trkpt lat="26.42048167" lon="-80.16443833"><ele>9.455</ele><time>2026-07-18T13:32:37Z</time><speed>2.035</speed><sat>19</sat></trkpt>
  <trkpt lat="26.42047667" lon="-80.16445667"><ele>9.655</ele><time>2026-07-18T13:32:38Z</time><speed>2.039</speed><sat>19</sat></trkpt>
  <trkpt lat="26.42047333" lon="-80.16447500"><ele>9.954</ele><time>2026-07-18T13:32:39Z</time><speed>2.027</speed><sat>19</sat></trkpt>
  <trkpt lat="26.42047000" lon="-80.16449500"><ele>10.154</ele><time>2026-07-18T13:32:40Z</time><speed>2.015</speed><sat>19</sat></trkpt>
  <trkpt lat="26.42046500" lon="-80.16451333"><ele>10.354</ele><time>2026-07-18T13:32:41Z</time><speed>2.024</speed><sat>19</sat></trkpt>
  <trkpt lat="26.42046000" lon="-80.16453500"><ele>10.354</ele><time>2026-07-18T13:32:42Z</time><speed>2.028</speed><sat>19</sat></trkpt>
  <trkpt lat="26.42044833" lon="-80.16455000"><ele>10.754</ele><time>2026-07-18T13:32:43Z</time><speed>2.028</speed><sat>19</sat></trkpt>
  <trkpt lat="26.42044000" lon="-80.16456667"><ele>10.654</ele><time>2026-07-18T13:32:44Z</time><speed>2.001</speed><sat>19</sat></trkpt>
  <trkpt lat="26.42043333" lon="-80.16458333"><ele>10.254</ele><time>2026-07-18T13:32:45Z</time><speed>1.985</speed><sat>19</sat></trkpt>
  <trkpt lat="26.42042333" lon="-80.16460500"><ele>10.554</ele><time>2026-07-18T13:32:46Z</time><speed>1.948</speed><sat>19</sat></trkpt>
  <trkpt lat="26.42041333" lon="-80.16462167"><ele>10.254</ele><time>2026-07-18T13:32:47Z</time><speed>1.942</speed><sat>19</sat></trkpt>
  <trkpt lat="26.42040500" lon="-80.16464000"><ele>9.754</ele><time>2026-07-18T13:32:48Z</time><speed>1.942</speed><sat>19</sat></trkpt>
  <trkpt lat="26.42040500" lon="-80.16466000"><ele>9.254</ele><time>2026-07-18T13:32:49Z</time><speed>1.929</speed><sat>19</sat></trkpt>
  <trkpt lat="26.42040167" lon="-80.16468000"><ele>9.354</ele><time>2026-07-18T13:32:50Z</time><speed>1.918</speed><sat>19</sat></trkpt>
  <trkpt lat="26.42040333" lon="-80.16469833"><ele>9.354</ele><time>2026-07-18T13:32:51Z</time><speed>1.889</speed><sat>19</sat></trkpt>
  <trkpt lat="26.42040000" lon="-80.16471833"><ele>9.453</ele><time>2026-07-18T13:32:52Z</time><speed>1.870</speed><sat>19</sat></trkpt>
  <trkpt lat="26.42039333" lon="-80.16473667"><ele>9.153</ele><time>2026-07-18T13:32:53Z</time><speed>1.843</speed><sat>19</sat></trkpt>
  <trkpt lat="26.42038833" lon="-80.16475167"><ele>8.653</ele><time>2026-07-18T13:32:54Z</time><speed>1.803</speed><sat>19</sat></trkpt>
  <trkpt lat="26.42038333" lon="-80.16476500"><ele>8.153</ele><time>2026-07-18T13:32:55Z</time><speed>1.774</speed><sat>19</sat></trkpt>
  <trkpt lat="26.42037667" lon="-80.16477833"><ele>7.253</ele><time>2026-07-18T13:32:56Z</time><speed>1.751</speed><sat>19</sat></trkpt>
  <trkpt lat="26.42036833" lon="-80.16479333"><ele>7.453</ele><time>2026-07-18T13:32:57Z</time><speed>1.715</speed><sat>18</sat></trkpt>
  <trkpt lat="26.42036167" lon="-80.16480833"><ele>7.853</ele><time>2026-07-18T13:32:58Z</time><speed>1.676</speed><sat>19</sat></trkpt>
  <trkpt lat="26.42035667" lon="-80.16482500"><ele>8.453</ele><time>2026-07-18T13:32:59Z</time><speed>1.657</speed><sat>19</sat></trkpt>
  <trkpt lat="26.42035500" lon="-80.16484167"><ele>8.953</ele><time>2026-07-18T13:33:00Z</time><speed>1.638</speed><sat>19</sat></trkpt>
  <trkpt lat="26.42035000" lon="-80.16485833"><ele>9.353</ele><time>2026-07-18T13:33:01Z</time><speed>1.645</speed><sat>19</sat></trkpt>
  <trkpt lat="26.42034333" lon="-80.16487667"><ele>9.353</ele><time>2026-07-18T13:33:02Z</time><speed>1.621</speed><sat>19</sat></trkpt>
  <trkpt lat="26.42033667" lon="-80.16489500"><ele>9.853</ele><time>2026-07-18T13:33:03Z</time><speed>1.635</speed><sat>19</sat></trkpt>
  <trkpt lat="26.42033167" lon="-80.16491333"><ele>9.953</ele><time>2026-07-18T13:33:04Z</time><speed>1.656</speed><sat>19</sat></trkpt>
  <trkpt lat="26.42032667" lon="-80.16493000"><ele>9.953</ele><time>2026-07-18T13:33:05Z</time><speed>1.687</speed><sat>19</sat></trkpt>
  <trkpt lat="26.42032167" lon="-80.16494667"><ele>10.152</ele><time>2026-07-18T13:33:06Z</time><speed>1.708</speed><sat>19</sat></trkpt>
  <trkpt lat="26.42031500" lon="-80.16496500"><ele>10.252</ele><time>2026-07-18T13:33:07Z</time><speed>1.749</speed><sat>19</sat></trkpt>
  <trkpt lat="26.42031167" lon="-80.16498167"><ele>10.052</ele><time>2026-07-18T13:33:08Z</time><speed>1.767</speed><sat>19</sat></trkpt>
  <trkpt lat="26.42030667" lon="-80.16499667"><ele>9.952</ele><time>2026-07-18T13:33:09Z</time><speed>1.774</speed><sat>19</sat></trkpt>
  <trkpt lat="26.42030000" lon="-80.16501167"><ele>10.152</ele><time>2026-07-18T13:33:10Z</time><speed>1.792</speed><sat>19</sat></trkpt>
  <trkpt lat="26.42029333" lon="-80.16502333"><ele>10.252</ele><time>2026-07-18T13:33:11Z</time><speed>1.796</speed><sat>19</sat></trkpt>
  <trkpt lat="26.42028500" lon="-80.16503667"><ele>10.352</ele><time>2026-07-18T13:33:12Z</time><speed>1.813</speed><sat>19</sat></trkpt>
  <trkpt lat="26.42027500" lon="-80.16505333"><ele>10.352</ele><time>2026-07-18T13:33:13Z</time><speed>1.821</speed><sat>19</sat></trkpt>
  <trkpt lat="26.42026833" lon="-80.16507333"><ele>10.152</ele><time>2026-07-18T13:33:14Z</time><speed>1.824</speed><sat>19</sat></trkpt>
  <trkpt lat="26.42026333" lon="-80.16508833"><ele>10.252</ele><time>2026-07-18T13:33:15Z</time><speed>1.817</speed><sat>19</sat></trkpt>
  <trkpt lat="26.42026000" lon="-80.16510500"><ele>10.252</ele><time>2026-07-18T13:33:16Z</time><speed>1.809</speed><sat>19</sat></trkpt>
  <trkpt lat="26.42025500" lon="-80.16512167"><ele>10.252</ele><time>2026-07-18T13:33:17Z</time><speed>1.806</speed><sat>19</sat></trkpt>
  <trkpt lat="26.42025000" lon="-80.16514000"><ele>10.252</ele><time>2026-07-18T13:33:18Z</time><speed>1.815</speed><sat>19</sat></trkpt>
  <trkpt lat="26.42024333" lon="-80.16515667"><ele>10.152</ele><time>2026-07-18T13:33:19Z</time><speed>1.823</speed><sat>19</sat></trkpt>
  <trkpt lat="26.42023500" lon="-80.16517333"><ele>10.051</ele><time>2026-07-18T13:33:20Z</time><speed>1.826</speed><sat>19</sat></trkpt>
  <trkpt lat="26.42022667" lon="-80.16519167"><ele>9.951</ele><time>2026-07-18T13:33:21Z</time><speed>1.833</speed><sat>19</sat></trkpt>
  <trkpt lat="26.42022167" lon="-80.16520667"><ele>9.851</ele><time>2026-07-18T13:33:22Z</time><speed>1.826</speed><sat>19</sat></trkpt>
  <trkpt lat="26.42022000" lon="-80.16522333"><ele>9.751</ele><time>2026-07-18T13:33:23Z</time><speed>1.811</speed><sat>19</sat></trkpt>
  <trkpt lat="26.42021667" lon="-80.16524333"><ele>9.551</ele><time>2026-07-18T13:33:24Z</time><speed>1.812</speed><sat>19</sat></trkpt>
  <trkpt lat="26.42021000" lon="-80.16526333"><ele>9.851</ele><time>2026-07-18T13:33:25Z</time><speed>1.819</speed><sat>19</sat></trkpt>
  <trkpt lat="26.42020000" lon="-80.16528167"><ele>9.851</ele><time>2026-07-18T13:33:26Z</time><speed>1.821</speed><sat>19</sat></trkpt>
  <trkpt lat="26.42019333" lon="-80.16529833"><ele>10.151</ele><time>2026-07-18T13:33:27Z</time><speed>1.793</speed><sat>19</sat></trkpt>
  <trkpt lat="26.42018833" lon="-80.16531333"><ele>10.451</ele><time>2026-07-18T13:33:28Z</time><speed>1.775</speed><sat>19</sat></trkpt>
  <trkpt lat="26.42018167" lon="-80.16533333"><ele>10.451</ele><time>2026-07-18T13:33:29Z</time><speed>1.784</speed><sat>19</sat></trkpt>
  <trkpt lat="26.42017500" lon="-80.16534833"><ele>9.951</ele><time>2026-07-18T13:33:30Z</time><speed>1.792</speed><sat>19</sat></trkpt>
  <trkpt lat="26.42016833" lon="-80.16536500"><ele>10.051</ele><time>2026-07-18T13:33:31Z</time><speed>1.782</speed><sat>19</sat></trkpt>
  <trkpt lat="26.42016333" lon="-80.16538333"><ele>10.051</ele><time>2026-07-18T13:33:32Z</time><speed>1.799</speed><sat>19</sat></trkpt>
  <trkpt lat="26.42015667" lon="-80.16540500"><ele>10.250</ele><time>2026-07-18T13:33:33Z</time><speed>1.813</speed><sat>19</sat></trkpt>
  <trkpt lat="26.42014833" lon="-80.16542167"><ele>10.550</ele><time>2026-07-18T13:33:34Z</time><speed>1.798</speed><sat>19</sat></trkpt>
  <trkpt lat="26.42014000" lon="-80.16543667"><ele>10.750</ele><time>2026-07-18T13:33:35Z</time><speed>1.800</speed><sat>19</sat></trkpt>
  <trkpt lat="26.42013167" lon="-80.16545500"><ele>10.550</ele><time>2026-07-18T13:33:36Z</time><speed>1.808</speed><sat>19</sat></trkpt>
  <trkpt lat="26.42012167" lon="-80.16547333"><ele>10.450</ele><time>2026-07-18T13:33:37Z</time><speed>1.833</speed><sat>19</sat></trkpt>
  <trkpt lat="26.42011333" lon="-80.16548667"><ele>10.450</ele><time>2026-07-18T13:33:38Z</time><speed>1.833</speed><sat>19</sat></trkpt>
  <trkpt lat="26.42010667" lon="-80.16549833"><ele>10.750</ele><time>2026-07-18T13:33:39Z</time><speed>1.811</speed><sat>19</sat></trkpt>
  <trkpt lat="26.42009667" lon="-80.16551500"><ele>10.850</ele><time>2026-07-18T13:33:40Z</time><speed>1.790</speed><sat>19</sat></trkpt>
  <trkpt lat="26.42008833" lon="-80.16553167"><ele>11.050</ele><time>2026-07-18T13:33:41Z</time><speed>1.786</speed><sat>19</sat></trkpt>
  <trkpt lat="26.42008333" lon="-80.16554833"><ele>11.050</ele><time>2026-07-18T13:33:42Z</time><speed>1.776</speed><sat>19</sat></trkpt>
  <trkpt lat="26.42007667" lon="-80.16556500"><ele>11.150</ele><time>2026-07-18T13:33:43Z</time><speed>1.768</speed><sat>19</sat></trkpt>
  <trkpt lat="26.42007000" lon="-80.16558000"><ele>11.250</ele><time>2026-07-18T13:33:44Z</time><speed>1.768</speed><sat>19</sat></trkpt>
  <trkpt lat="26.42006167" lon="-80.16559500"><ele>11.350</ele><time>2026-07-18T13:33:45Z</time><speed>1.762</speed><sat>19</sat></trkpt>
  <trkpt lat="26.42005333" lon="-80.16561000"><ele>11.350</ele><time>2026-07-18T13:33:46Z</time><speed>1.757</speed><sat>19</sat></trkpt>
  <trkpt lat="26.42004500" lon="-80.16562500"><ele>11.350</ele><time>2026-07-18T13:33:47Z</time><speed>1.762</speed><sat>19</sat></trkpt>
  <trkpt lat="26.42003667" lon="-80.16564000"><ele>11.249</ele><time>2026-07-18T13:33:48Z</time><speed>1.767</speed><sat>19</sat></trkpt>
  <trkpt lat="26.42003000" lon="-80.16565667"><ele>11.549</ele><time>2026-07-18T13:33:49Z</time><speed>1.769</speed><sat>19</sat></trkpt>
  <trkpt lat="26.42002333" lon="-80.16567167"><ele>11.549</ele><time>2026-07-18T13:33:50Z</time><speed>1.760</speed><sat>19</sat></trkpt>
  <trkpt lat="26.42001667" lon="-80.16568667"><ele>11.349</ele><time>2026-07-18T13:33:51Z</time><speed>1.760</speed><sat>19</sat></trkpt>
  <trkpt lat="26.42000833" lon="-80.16570167"><ele>11.449</ele><time>2026-07-18T13:33:52Z</time><speed>1.749</speed><sat>19</sat></trkpt>
  <trkpt lat="26.42000000" lon="-80.16571667"><ele>11.849</ele><time>2026-07-18T13:33:53Z</time><speed>1.721</speed><sat>19</sat></trkpt>
  <trkpt lat="26.41999167" lon="-80.16573333"><ele>12.149</ele><time>2026-07-18T13:33:54Z</time><speed>1.740</speed><sat>19</sat></trkpt>
  <trkpt lat="26.41998333" lon="-80.16574833"><ele>12.449</ele><time>2026-07-18T13:33:55Z</time><speed>1.725</speed><sat>19</sat></trkpt>
  <trkpt lat="26.41997500" lon="-80.16576333"><ele>12.549</ele><time>2026-07-18T13:33:56Z</time><speed>1.721</speed><sat>19</sat></trkpt>
  <trkpt lat="26.41996667" lon="-80.16577667"><ele>12.449</ele><time>2026-07-18T13:33:57Z</time><speed>1.708</speed><sat>19</sat></trkpt>
  <trkpt lat="26.41996000" lon="-80.16579000"><ele>12.649</ele><time>2026-07-18T13:33:58Z</time><speed>1.699</speed><sat>19</sat></trkpt>
  <trkpt lat="26.41995333" lon="-80.16580667"><ele>12.749</ele><time>2026-07-18T13:33:59Z</time><speed>1.712</speed><sat>19</sat></trkpt>
  <trkpt lat="26.41994500" lon="-80.16582333"><ele>12.749</ele><time>2026-07-18T13:34:00Z</time><speed>1.708</speed><sat>19</sat></trkpt>
  <trkpt lat="26.41993500" lon="-80.16584000"><ele>12.749</ele><time>2026-07-18T13:34:01Z</time><speed>1.700</speed><sat>19</sat></trkpt>
  <trkpt lat="26.41992667" lon="-80.16585333"><ele>12.649</ele><time>2026-07-18T13:34:02Z</time><speed>1.693</speed><sat>19</sat></trkpt>
  <trkpt lat="26.41991667" lon="-80.16587000"><ele>12.548</ele><time>2026-07-18T13:34:03Z</time><speed>1.712</speed><sat>19</sat></trkpt>
  <trkpt lat="26.41991000" lon="-80.16588500"><ele>12.448</ele><time>2026-07-18T13:34:04Z</time><speed>1.683</speed><sat>19</sat></trkpt>
  <trkpt lat="26.41990333" lon="-80.16589667"><ele>12.148</ele><time>2026-07-18T13:34:05Z</time><speed>1.666</speed><sat>19</sat></trkpt>
  <trkpt lat="26.41990000" lon="-80.16591167"><ele>11.848</ele><time>2026-07-18T13:34:06Z</time><speed>1.653</speed><sat>19</sat></trkpt>
  <trkpt lat="26.41989167" lon="-80.16592500"><ele>11.748</ele><time>2026-07-18T13:34:07Z</time><speed>1.638</speed><sat>19</sat></trkpt>
  <trkpt lat="26.41988500" lon="-80.16594167"><ele>11.548</ele><time>2026-07-18T13:34:08Z</time><speed>1.647</speed><sat>19</sat></trkpt>
  <trkpt lat="26.41987833" lon="-80.16595833"><ele>11.448</ele><time>2026-07-18T13:34:09Z</time><speed>1.642</speed><sat>19</sat></trkpt>
  <trkpt lat="26.41986833" lon="-80.16597000"><ele>11.448</ele><time>2026-07-18T13:34:10Z</time><speed>1.655</speed><sat>19</sat></trkpt>
  <trkpt lat="26.41986000" lon="-80.16598333"><ele>11.048</ele><time>2026-07-18T13:34:11Z</time><speed>1.665</speed><sat>19</sat></trkpt>
  <trkpt lat="26.41985167" lon="-80.16600000"><ele>10.748</ele><time>2026-07-18T13:34:12Z</time><speed>1.675</speed><sat>19</sat></trkpt>
  <trkpt lat="26.41984167" lon="-80.16601500"><ele>10.748</ele><time>2026-07-18T13:34:13Z</time><speed>1.668</speed><sat>19</sat></trkpt>
  <trkpt lat="26.41983333" lon="-80.16603000"><ele>10.848</ele><time>2026-07-18T13:34:14Z</time><speed>1.683</speed><sat>19</sat></trkpt>
  <trkpt lat="26.41982500" lon="-80.16604500"><ele>10.648</ele><time>2026-07-18T13:34:15Z</time><speed>1.707</speed><sat>19</sat></trkpt>
  <trkpt lat="26.41981667" lon="-80.16605833"><ele>10.448</ele><time>2026-07-18T13:34:16Z</time><speed>1.705</speed><sat>19</sat></trkpt>
  <trkpt lat="26.41980833" lon="-80.16607000"><ele>10.548</ele><time>2026-07-18T13:34:17Z</time><speed>1.729</speed><sat>19</sat></trkpt>
  <trkpt lat="26.41979833" lon="-80.16608333"><ele>10.947</ele><time>2026-07-18T13:34:18Z</time><speed>1.755</speed><sat>19</sat></trkpt>
  <trkpt lat="26.41978833" lon="-80.16609667"><ele>11.147</ele><time>2026-07-18T13:34:19Z</time><speed>1.745</speed><sat>19</sat></trkpt>
  <trkpt lat="26.41977833" lon="-80.16611000"><ele>11.347</ele><time>2026-07-18T13:34:20Z</time><speed>1.752</speed><sat>19</sat></trkpt>
  <trkpt lat="26.41976500" lon="-80.16612167"><ele>11.347</ele><time>2026-07-18T13:34:21Z</time><speed>1.753</speed><sat>19</sat></trkpt>
  <trkpt lat="26.41975500" lon="-80.16613167"><ele>11.747</ele><time>2026-07-18T13:34:22Z</time><speed>1.751</speed><sat>19</sat></trkpt>
  <trkpt lat="26.41974333" lon="-80.16614333"><ele>11.947</ele><time>2026-07-18T13:34:23Z</time><speed>1.754</speed><sat>19</sat></trkpt>
  <trkpt lat="26.41973500" lon="-80.16615667"><ele>12.147</ele><time>2026-07-18T13:34:24Z</time><speed>1.734</speed><sat>19</sat></trkpt>
  <trkpt lat="26.41972667" lon="-80.16617000"><ele>12.247</ele><time>2026-07-18T13:34:25Z</time><speed>1.733</speed><sat>19</sat></trkpt>
  <trkpt lat="26.41971833" lon="-80.16618167"><ele>12.447</ele><time>2026-07-18T13:34:26Z</time><speed>1.735</speed><sat>19</sat></trkpt>
  <trkpt lat="26.41970833" lon="-80.16619167"><ele>12.547</ele><time>2026-07-18T13:34:27Z</time><speed>1.706</speed><sat>19</sat></trkpt>
  <trkpt lat="26.41970000" lon="-80.16620667"><ele>12.547</ele><time>2026-07-18T13:34:28Z</time><speed>1.689</speed><sat>19</sat></trkpt>
  <trkpt lat="26.41969167" lon="-80.16622167"><ele>12.647</ele><time>2026-07-18T13:34:29Z</time><speed>1.689</speed><sat>19</sat></trkpt>
  <trkpt lat="26.41968333" lon="-80.16623833"><ele>12.747</ele><time>2026-07-18T13:34:30Z</time><speed>1.684</speed><sat>19</sat></trkpt>
  <trkpt lat="26.41967500" lon="-80.16625167"><ele>12.747</ele><time>2026-07-18T13:34:31Z</time><speed>1.683</speed><sat>19</sat></trkpt>
  <trkpt lat="26.41966667" lon="-80.16626500"><ele>12.847</ele><time>2026-07-18T13:34:32Z</time><speed>1.689</speed><sat>19</sat></trkpt>
  <trkpt lat="26.41966000" lon="-80.16628000"><ele>12.547</ele><time>2026-07-18T13:34:33Z</time><speed>1.687</speed><sat>19</sat></trkpt>
  <trkpt lat="26.41965000" lon="-80.16629500"><ele>12.547</ele><time>2026-07-18T13:34:34Z</time><speed>1.709</speed><sat>19</sat></trkpt>
  <trkpt lat="26.41964000" lon="-80.16631000"><ele>12.246</ele><time>2026-07-18T13:34:35Z</time><speed>1.701</speed><sat>19</sat></trkpt>
  <trkpt lat="26.41963000" lon="-80.16632500"><ele>12.046</ele><time>2026-07-18T13:34:36Z</time><speed>1.713</speed><sat>19</sat></trkpt>
  <trkpt lat="26.41961833" lon="-80.16634000"><ele>11.746</ele><time>2026-07-18T13:34:37Z</time><speed>1.728</speed><sat>19</sat></trkpt>
  <trkpt lat="26.41960667" lon="-80.16635500"><ele>11.246</ele><time>2026-07-18T13:34:38Z</time><speed>1.703</speed><sat>19</sat></trkpt>
  <trkpt lat="26.41959667" lon="-80.16636833"><ele>11.446</ele><time>2026-07-18T13:34:39Z</time><speed>1.688</speed><sat>19</sat></trkpt>
  <trkpt lat="26.41958667" lon="-80.16638167"><ele>11.846</ele><time>2026-07-18T13:34:40Z</time><speed>1.678</speed><sat>19</sat></trkpt>
  <trkpt lat="26.41957833" lon="-80.16639500"><ele>12.146</ele><time>2026-07-18T13:34:41Z</time><speed>1.661</speed><sat>19</sat></trkpt>
  <trkpt lat="26.41956833" lon="-80.16641000"><ele>12.246</ele><time>2026-07-18T13:34:42Z</time><speed>1.650</speed><sat>19</sat></trkpt>
  <trkpt lat="26.41955833" lon="-80.16642333"><ele>12.646</ele><time>2026-07-18T13:34:43Z</time><speed>1.658</speed><sat>19</sat></trkpt>
  <trkpt lat="26.41955000" lon="-80.16643833"><ele>12.646</ele><time>2026-07-18T13:34:44Z</time><speed>1.663</speed><sat>19</sat></trkpt>
  <trkpt lat="26.41953833" lon="-80.16645333"><ele>12.546</ele><time>2026-07-18T13:34:45Z</time><speed>1.685</speed><sat>19</sat></trkpt>
  <trkpt lat="26.41952667" lon="-80.16646667"><ele>12.646</ele><time>2026-07-18T13:34:46Z</time><speed>1.689</speed><sat>19</sat></trkpt>
  <trkpt lat="26.41951833" lon="-80.16648167"><ele>12.646</ele><time>2026-07-18T13:34:47Z</time><speed>1.682</speed><sat>19</sat></trkpt>
  <trkpt lat="26.41950667" lon="-80.16649500"><ele>12.946</ele><time>2026-07-18T13:34:48Z</time><speed>1.698</speed><sat>19</sat></trkpt>
  <trkpt lat="26.41949500" lon="-80.16651000"><ele>13.146</ele><time>2026-07-18T13:34:49Z</time><speed>1.721</speed><sat>19</sat></trkpt>
  <trkpt lat="26.41948500" lon="-80.16652167"><ele>13.446</ele><time>2026-07-18T13:34:50Z</time><speed>1.717</speed><sat>19</sat></trkpt>
  <trkpt lat="26.41947333" lon="-80.16653833"><ele>13.345</ele><time>2026-07-18T13:34:51Z</time><speed>1.749</speed><sat>19</sat></trkpt>
  <trkpt lat="26.41946333" lon="-80.16655000"><ele>13.345</ele><time>2026-07-18T13:34:52Z</time><speed>1.746</speed><sat>19</sat></trkpt>
  <trkpt lat="26.41945167" lon="-80.16656000"><ele>13.445</ele><time>2026-07-18T13:34:53Z</time><speed>1.741</speed><sat>19</sat></trkpt>
  <trkpt lat="26.41944000" lon="-80.16657333"><ele>12.445</ele><time>2026-07-18T13:34:54Z</time><speed>1.753</speed><sat>19</sat></trkpt>
  <trkpt lat="26.41943333" lon="-80.16658500"><ele>12.245</ele><time>2026-07-18T13:34:55Z</time><speed>1.723</speed><sat>19</sat></trkpt>
  <trkpt lat="26.41942167" lon="-80.16659833"><ele>11.845</ele><time>2026-07-18T13:34:56Z</time><speed>1.695</speed><sat>19</sat></trkpt>
  <trkpt lat="26.41941000" lon="-80.16660833"><ele>11.645</ele><time>2026-07-18T13:34:57Z</time><speed>1.676</speed><sat>19</sat></trkpt>
  <trkpt lat="26.41940000" lon="-80.16661833"><ele>10.945</ele><time>2026-07-18T13:34:58Z</time><speed>1.665</speed><sat>18</sat></trkpt>
  <trkpt lat="26.41938833" lon="-80.16663167"><ele>10.945</ele><time>2026-07-18T13:34:59Z</time><speed>1.684</speed><sat>19</sat></trkpt>
  <trkpt lat="26.41937500" lon="-80.16664333"><ele>11.045</ele><time>2026-07-18T13:35:00Z</time><speed>1.695</speed><sat>19</sat></trkpt>
  <trkpt lat="26.41936500" lon="-80.16665833"><ele>10.845</ele><time>2026-07-18T13:35:01Z</time><speed>1.668</speed><sat>18</sat></trkpt>
  <trkpt lat="26.41935333" lon="-80.16667167"><ele>11.045</ele><time>2026-07-18T13:35:02Z</time><speed>1.684</speed><sat>18</sat></trkpt>
  <trkpt lat="26.41934167" lon="-80.16668500"><ele>11.445</ele><time>2026-07-18T13:35:03Z</time><speed>1.681</speed><sat>19</sat></trkpt>
  <trkpt lat="26.41933167" lon="-80.16669833"><ele>11.645</ele><time>2026-07-18T13:35:04Z</time><speed>1.646</speed><sat>19</sat></trkpt>
  <trkpt lat="26.41932000" lon="-80.16671167"><ele>11.545</ele><time>2026-07-18T13:35:05Z</time><speed>1.671</speed><sat>19</sat></trkpt>
  <trkpt lat="26.41930833" lon="-80.16672167"><ele>11.745</ele><time>2026-07-18T13:35:06Z</time><speed>1.673</speed><sat>19</sat></trkpt>
  <trkpt lat="26.41929667" lon="-80.16673333"><ele>11.845</ele><time>2026-07-18T13:35:07Z</time><speed>1.705</speed><sat>19</sat></trkpt>
  <trkpt lat="26.41928167" lon="-80.16674167"><ele>12.344</ele><time>2026-07-18T13:35:08Z</time><speed>1.726</speed><sat>19</sat></trkpt>
  <trkpt lat="26.41926500" lon="-80.16675167"><ele>12.844</ele><time>2026-07-18T13:35:09Z</time><speed>1.697</speed><sat>19</sat></trkpt>
  <trkpt lat="26.41925333" lon="-80.16676167"><ele>12.644</ele><time>2026-07-18T13:35:10Z</time><speed>1.708</speed><sat>19</sat></trkpt>
  <trkpt lat="26.41924167" lon="-80.16677000"><ele>12.344</ele><time>2026-07-18T13:35:11Z</time><speed>1.720</speed><sat>19</sat></trkpt>
  <trkpt lat="26.41923167" lon="-80.16678000"><ele>12.244</ele><time>2026-07-18T13:35:12Z</time><speed>1.707</speed><sat>19</sat></trkpt>
  <trkpt lat="26.41922167" lon="-80.16678833"><ele>12.344</ele><time>2026-07-18T13:35:13Z</time><speed>1.723</speed><sat>19</sat></trkpt>
  <trkpt lat="26.41921000" lon="-80.16680333"><ele>13.144</ele><time>2026-07-18T13:35:14Z</time><speed>1.748</speed><sat>19</sat></trkpt>
  <trkpt lat="26.41919333" lon="-80.16681667"><ele>13.744</ele><time>2026-07-18T13:35:15Z</time><speed>1.745</speed><sat>19</sat></trkpt>
  <trkpt lat="26.41918167" lon="-80.16682667"><ele>14.744</ele><time>2026-07-18T13:35:16Z</time><speed>1.771</speed><sat>19</sat></trkpt>
  <trkpt lat="26.41916833" lon="-80.16684000"><ele>15.044</ele><time>2026-07-18T13:35:17Z</time><speed>1.747</speed><sat>19</sat></trkpt>
  <trkpt lat="26.41916000" lon="-80.16685333"><ele>14.244</ele><time>2026-07-18T13:35:18Z</time><speed>1.679</speed><sat>19</sat></trkpt>
  <trkpt lat="26.41915333" lon="-80.16686833"><ele>14.244</ele><time>2026-07-18T13:35:19Z</time><speed>1.635</speed><sat>19</sat></trkpt>
  <trkpt lat="26.41914333" lon="-80.16688167"><ele>14.244</ele><time>2026-07-18T13:35:20Z</time><speed>1.604</speed><sat>19</sat></trkpt>
  <trkpt lat="26.41913167" lon="-80.16689500"><ele>14.044</ele><time>2026-07-18T13:35:21Z</time><speed>1.596</speed><sat>19</sat></trkpt>
  <trkpt lat="26.41912000" lon="-80.16690667"><ele>13.844</ele><time>2026-07-18T13:35:22Z</time><speed>1.599</speed><sat>19</sat></trkpt>
  <trkpt lat="26.41911000" lon="-80.16692000"><ele>13.744</ele><time>2026-07-18T13:35:23Z</time><speed>1.555</speed><sat>19</sat></trkpt>
  <trkpt lat="26.41909833" lon="-80.16693333"><ele>13.444</ele><time>2026-07-18T13:35:24Z</time><speed>1.543</speed><sat>19</sat></trkpt>
  <trkpt lat="26.41908667" lon="-80.16695000"><ele>13.244</ele><time>2026-07-18T13:35:25Z</time><speed>1.532</speed><sat>19</sat></trkpt>
  <trkpt lat="26.41907333" lon="-80.16696333"><ele>12.943</ele><time>2026-07-18T13:35:26Z</time><speed>1.527</speed><sat>19</sat></trkpt>
  <trkpt lat="26.41906000" lon="-80.16697667"><ele>12.843</ele><time>2026-07-18T13:35:27Z</time><speed>1.544</speed><sat>19</sat></trkpt>
  <trkpt lat="26.41904833" lon="-80.16698833"><ele>12.443</ele><time>2026-07-18T13:35:28Z</time><speed>1.593</speed><sat>19</sat></trkpt>
  <trkpt lat="26.41903667" lon="-80.16699833"><ele>11.743</ele><time>2026-07-18T13:35:29Z</time><speed>1.631</speed><sat>19</sat></trkpt>
  <trkpt lat="26.41902500" lon="-80.16701167"><ele>11.243</ele><time>2026-07-18T13:35:30Z</time><speed>1.641</speed><sat>19</sat></trkpt>
  <trkpt lat="26.41901333" lon="-80.16702500"><ele>11.243</ele><time>2026-07-18T13:35:31Z</time><speed>1.656</speed><sat>19</sat></trkpt>
  <trkpt lat="26.41900167" lon="-80.16703667"><ele>11.043</ele><time>2026-07-18T13:35:32Z</time><speed>1.683</speed><sat>19</sat></trkpt>
  <trkpt lat="26.41898833" lon="-80.16704500"><ele>11.043</ele><time>2026-07-18T13:35:33Z</time><speed>1.733</speed><sat>19</sat></trkpt>
  <trkpt lat="26.41897333" lon="-80.16705333"><ele>10.343</ele><time>2026-07-18T13:35:34Z</time><speed>1.753</speed><sat>19</sat></trkpt>
  <trkpt lat="26.41895833" lon="-80.16706500"><ele>9.943</ele><time>2026-07-18T13:35:35Z</time><speed>1.753</speed><sat>19</sat></trkpt>
  <trkpt lat="26.41894500" lon="-80.16707500"><ele>9.643</ele><time>2026-07-18T13:35:36Z</time><speed>1.741</speed><sat>19</sat></trkpt>
  <trkpt lat="26.41893333" lon="-80.16708667"><ele>9.743</ele><time>2026-07-18T13:35:37Z</time><speed>1.740</speed><sat>19</sat></trkpt>
  <trkpt lat="26.41892000" lon="-80.16709833"><ele>9.843</ele><time>2026-07-18T13:35:38Z</time><speed>1.738</speed><sat>19</sat></trkpt>
  <trkpt lat="26.41891000" lon="-80.16711167"><ele>10.243</ele><time>2026-07-18T13:35:39Z</time><speed>1.744</speed><sat>19</sat></trkpt>
  <trkpt lat="26.41890000" lon="-80.16712167"><ele>10.443</ele><time>2026-07-18T13:35:40Z</time><speed>1.743</speed><sat>19</sat></trkpt>
  <trkpt lat="26.41888833" lon="-80.16713000"><ele>10.743</ele><time>2026-07-18T13:35:41Z</time><speed>1.722</speed><sat>19</sat></trkpt>
  <trkpt lat="26.41887500" lon="-80.16713833"><ele>10.443</ele><time>2026-07-18T13:35:42Z</time><speed>1.698</speed><sat>19</sat></trkpt>
  <trkpt lat="26.41886333" lon="-80.16714667"><ele>10.143</ele><time>2026-07-18T13:35:43Z</time><speed>1.664</speed><sat>19</sat></trkpt>
  <trkpt lat="26.41884833" lon="-80.16715667"><ele>9.543</ele><time>2026-07-18T13:35:44Z</time><speed>1.650</speed><sat>19</sat></trkpt>
  <trkpt lat="26.41883667" lon="-80.16716167"><ele>8.943</ele><time>2026-07-18T13:35:45Z</time><speed>1.641</speed><sat>19</sat></trkpt>
  <trkpt lat="26.41882500" lon="-80.16717167"><ele>8.442</ele><time>2026-07-18T13:35:46Z</time><speed>1.616</speed><sat>19</sat></trkpt>
  <trkpt lat="26.41881167" lon="-80.16718167"><ele>7.742</ele><time>2026-07-18T13:35:47Z</time><speed>1.629</speed><sat>19</sat></trkpt>
  <trkpt lat="26.41880000" lon="-80.16719000"><ele>7.342</ele><time>2026-07-18T13:35:48Z</time><speed>1.620</speed><sat>19</sat></trkpt>
  <trkpt lat="26.41878833" lon="-80.16720000"><ele>7.242</ele><time>2026-07-18T13:35:49Z</time><speed>1.623</speed><sat>19</sat></trkpt>
  <trkpt lat="26.41877667" lon="-80.16721167"><ele>7.342</ele><time>2026-07-18T13:35:50Z</time><speed>1.615</speed><sat>19</sat></trkpt>
  <trkpt lat="26.41876333" lon="-80.16722000"><ele>7.842</ele><time>2026-07-18T13:35:51Z</time><speed>1.612</speed><sat>19</sat></trkpt>
  <trkpt lat="26.41875000" lon="-80.16722833"><ele>8.042</ele><time>2026-07-18T13:35:52Z</time><speed>1.596</speed><sat>19</sat></trkpt>
  <trkpt lat="26.41873667" lon="-80.16723667"><ele>8.142</ele><time>2026-07-18T13:35:53Z</time><speed>1.605</speed><sat>19</sat></trkpt>
  <trkpt lat="26.41872667" lon="-80.16724833"><ele>8.242</ele><time>2026-07-18T13:35:54Z</time><speed>1.599</speed><sat>19</sat></trkpt>
  <trkpt lat="26.41871667" lon="-80.16725500"><ele>8.242</ele><time>2026-07-18T13:35:55Z</time><speed>1.607</speed><sat>19</sat></trkpt>
  <trkpt lat="26.41870667" lon="-80.16726333"><ele>8.042</ele><time>2026-07-18T13:35:56Z</time><speed>1.625</speed><sat>19</sat></trkpt>
  <trkpt lat="26.41869500" lon="-80.16727333"><ele>8.342</ele><time>2026-07-18T13:35:57Z</time><speed>1.612</speed><sat>19</sat></trkpt>
  <trkpt lat="26.41868167" lon="-80.16728000"><ele>8.642</ele><time>2026-07-18T13:35:58Z</time><speed>1.619</speed><sat>19</sat></trkpt>
  <trkpt lat="26.41866833" lon="-80.16728833"><ele>8.942</ele><time>2026-07-18T13:35:59Z</time><speed>1.618</speed><sat>19</sat></trkpt>
  <trkpt lat="26.41865667" lon="-80.16729833"><ele>9.342</ele><time>2026-07-18T13:36:00Z</time><speed>1.630</speed><sat>19</sat></trkpt>
  <trkpt lat="26.41864167" lon="-80.16730667"><ele>9.542</ele><time>2026-07-18T13:36:01Z</time><speed>1.645</speed><sat>19</sat></trkpt>
  <trkpt lat="26.41862667" lon="-80.16731500"><ele>9.842</ele><time>2026-07-18T13:36:02Z</time><speed>1.644</speed><sat>19</sat></trkpt>
  <trkpt lat="26.41861167" lon="-80.16732500"><ele>10.242</ele><time>2026-07-18T13:36:03Z</time><speed>1.646</speed><sat>19</sat></trkpt>
  <trkpt lat="26.41859667" lon="-80.16733500"><ele>10.442</ele><time>2026-07-18T13:36:04Z</time><speed>1.646</speed><sat>19</sat></trkpt>
  <trkpt lat="26.41858333" lon="-80.16734500"><ele>10.542</ele><time>2026-07-18T13:36:05Z</time><speed>1.637</speed><sat>19</sat></trkpt>
  <trkpt lat="26.41856667" lon="-80.16735167"><ele>10.342</ele><time>2026-07-18T13:36:06Z</time><speed>1.653</speed><sat>19</sat></trkpt>
  <trkpt lat="26.41855333" lon="-80.16736167"><ele>10.442</ele><time>2026-07-18T13:36:07Z</time><speed>1.658</speed><sat>19</sat></trkpt>
  <trkpt lat="26.41854000" lon="-80.16737167"><ele>10.441</ele><time>2026-07-18T13:36:08Z</time><speed>1.656</speed><sat>19</sat></trkpt>
  <trkpt lat="26.41852667" lon="-80.16737833"><ele>10.641</ele><time>2026-07-18T13:36:09Z</time><speed>1.650</speed><sat>19</sat></trkpt>
  <trkpt lat="26.41851000" lon="-80.16738667"><ele>10.941</ele><time>2026-07-18T13:36:10Z</time><speed>1.640</speed><sat>19</sat></trkpt>
  <trkpt lat="26.41849500" lon="-80.16739500"><ele>11.041</ele><time>2026-07-18T13:36:11Z</time><speed>1.653</speed><sat>19</sat></trkpt>
  <trkpt lat="26.41848000" lon="-80.16740500"><ele>11.041</ele><time>2026-07-18T13:36:12Z</time><speed>1.682</speed><sat>19</sat></trkpt>
  <trkpt lat="26.41846833" lon="-80.16741333"><ele>10.941</ele><time>2026-07-18T13:36:13Z</time><speed>1.677</speed><sat>19</sat></trkpt>
  <trkpt lat="26.41845500" lon="-80.16741833"><ele>10.641</ele><time>2026-07-18T13:36:14Z</time><speed>1.662</speed><sat>19</sat></trkpt>
  <trkpt lat="26.41844167" lon="-80.16742667"><ele>10.641</ele><time>2026-07-18T13:36:15Z</time><speed>1.664</speed><sat>19</sat></trkpt>
  <trkpt lat="26.41842833" lon="-80.16743500"><ele>10.141</ele><time>2026-07-18T13:36:16Z</time><speed>1.651</speed><sat>19</sat></trkpt>
  <trkpt lat="26.41841500" lon="-80.16744500"><ele>9.841</ele><time>2026-07-18T13:36:17Z</time><speed>1.625</speed><sat>19</sat></trkpt>
  <trkpt lat="26.41840167" lon="-80.16745167"><ele>9.841</ele><time>2026-07-18T13:36:18Z</time><speed>1.620</speed><sat>19</sat></trkpt>
  <trkpt lat="26.41838833" lon="-80.16746000"><ele>9.841</ele><time>2026-07-18T13:36:19Z</time><speed>1.634</speed><sat>19</sat></trkpt>
  <trkpt lat="26.41837500" lon="-80.16746667"><ele>9.541</ele><time>2026-07-18T13:36:20Z</time><speed>1.647</speed><sat>19</sat></trkpt>
  <trkpt lat="26.41836167" lon="-80.16747333"><ele>9.541</ele><time>2026-07-18T13:36:21Z</time><speed>1.628</speed><sat>19</sat></trkpt>
  <trkpt lat="26.41834833" lon="-80.16747833"><ele>9.441</ele><time>2026-07-18T13:36:22Z</time><speed>1.596</speed><sat>19</sat></trkpt>
  <trkpt lat="26.41833333" lon="-80.16748333"><ele>9.241</ele><time>2026-07-18T13:36:23Z</time><speed>1.601</speed><sat>19</sat></trkpt>
  <trkpt lat="26.41831833" lon="-80.16749167"><ele>8.841</ele><time>2026-07-18T13:36:24Z</time><speed>1.625</speed><sat>19</sat></trkpt>
  <trkpt lat="26.41830167" lon="-80.16749833"><ele>8.441</ele><time>2026-07-18T13:36:25Z</time><speed>1.637</speed><sat>19</sat></trkpt>
  <trkpt lat="26.41828833" lon="-80.16750333"><ele>8.241</ele><time>2026-07-18T13:36:26Z</time><speed>1.630</speed><sat>19</sat></trkpt>
  <trkpt lat="26.41827667" lon="-80.16750833"><ele>8.041</ele><time>2026-07-18T13:36:27Z</time><speed>1.633</speed><sat>19</sat></trkpt>
  <trkpt lat="26.41826167" lon="-80.16751333"><ele>7.841</ele><time>2026-07-18T13:36:28Z</time><speed>1.646</speed><sat>19</sat></trkpt>
  <trkpt lat="26.41824500" lon="-80.16752167"><ele>7.941</ele><time>2026-07-18T13:36:29Z</time><speed>1.643</speed><sat>19</sat></trkpt>
  <trkpt lat="26.41823000" lon="-80.16752833"><ele>8.141</ele><time>2026-07-18T13:36:30Z</time><speed>1.642</speed><sat>19</sat></trkpt>
  <trkpt lat="26.41821500" lon="-80.16753000"><ele>8.341</ele><time>2026-07-18T13:36:31Z</time><speed>1.621</speed><sat>19</sat></trkpt>
  <trkpt lat="26.41820000" lon="-80.16753333"><ele>8.441</ele><time>2026-07-18T13:36:32Z</time><speed>1.605</speed><sat>19</sat></trkpt>
  <trkpt lat="26.41818667" lon="-80.16753667"><ele>8.441</ele><time>2026-07-18T13:36:33Z</time><speed>1.596</speed><sat>19</sat></trkpt>
  <trkpt lat="26.41817167" lon="-80.16754500"><ele>8.441</ele><time>2026-07-18T13:36:34Z</time><speed>1.586</speed><sat>19</sat></trkpt>
  <trkpt lat="26.41815833" lon="-80.16755000"><ele>8.441</ele><time>2026-07-18T13:36:35Z</time><speed>1.569</speed><sat>19</sat></trkpt>
  <trkpt lat="26.41814500" lon="-80.16755167"><ele>8.141</ele><time>2026-07-18T13:36:36Z</time><speed>1.576</speed><sat>19</sat></trkpt>
  <trkpt lat="26.41813333" lon="-80.16755833"><ele>8.040</ele><time>2026-07-18T13:36:37Z</time><speed>1.585</speed><sat>19</sat></trkpt>
  <trkpt lat="26.41812000" lon="-80.16756333"><ele>8.140</ele><time>2026-07-18T13:36:38Z</time><speed>1.584</speed><sat>19</sat></trkpt>
  <trkpt lat="26.41810333" lon="-80.16756833"><ele>8.440</ele><time>2026-07-18T13:36:39Z</time><speed>1.569</speed><sat>19</sat></trkpt>
  <trkpt lat="26.41808667" lon="-80.16757333"><ele>8.740</ele><time>2026-07-18T13:36:40Z</time><speed>1.563</speed><sat>19</sat></trkpt>
  <trkpt lat="26.41806833" lon="-80.16757833"><ele>9.040</ele><time>2026-07-18T13:36:41Z</time><speed>1.590</speed><sat>19</sat></trkpt>
  <trkpt lat="26.41805333" lon="-80.16758000"><ele>9.440</ele><time>2026-07-18T13:36:42Z</time><speed>1.607</speed><sat>19</sat></trkpt>
  <trkpt lat="26.41804167" lon="-80.16758333"><ele>9.240</ele><time>2026-07-18T13:36:43Z</time><speed>1.601</speed><sat>19</sat></trkpt>
  <trkpt lat="26.41802833" lon="-80.16758833"><ele>9.340</ele><time>2026-07-18T13:36:44Z</time><speed>1.596</speed><sat>19</sat></trkpt>
  <trkpt lat="26.41801500" lon="-80.16759667"><ele>9.640</ele><time>2026-07-18T13:36:45Z</time><speed>1.541</speed><sat>19</sat></trkpt>
  <trkpt lat="26.41800167" lon="-80.16760333"><ele>9.440</ele><time>2026-07-18T13:36:46Z</time><speed>1.458</speed><sat>19</sat></trkpt>
  <trkpt lat="26.41798833" lon="-80.16760500"><ele>9.840</ele><time>2026-07-18T13:36:47Z</time><speed>1.379</speed><sat>19</sat></trkpt>
  <trkpt lat="26.41797000" lon="-80.16760500"><ele>10.240</ele><time>2026-07-18T13:36:48Z</time><speed>1.326</speed><sat>18</sat></trkpt>
  <trkpt lat="26.41795333" lon="-80.16760500"><ele>10.340</ele><time>2026-07-18T13:36:49Z</time><speed>1.339</speed><sat>18</sat></trkpt>
  <trkpt lat="26.41793667" lon="-80.16760167"><ele>10.440</ele><time>2026-07-18T13:36:50Z</time><speed>1.340</speed><sat>19</sat></trkpt>
  <trkpt lat="26.41791667" lon="-80.16759833"><ele>10.840</ele><time>2026-07-18T13:36:51Z</time><speed>1.333</speed><sat>19</sat></trkpt>
  <trkpt lat="26.41789833" lon="-80.16759667"><ele>10.740</ele><time>2026-07-18T13:36:52Z</time><speed>1.347</speed><sat>18</sat></trkpt>
  <trkpt lat="26.41788333" lon="-80.16759167"><ele>11.140</ele><time>2026-07-18T13:36:53Z</time><speed>1.383</speed><sat>18</sat></trkpt>
  <trkpt lat="26.41786500" lon="-80.16759167"><ele>11.140</ele><time>2026-07-18T13:36:54Z</time><speed>1.401</speed><sat>18</sat></trkpt>
  <trkpt lat="26.41784833" lon="-80.16759667"><ele>11.740</ele><time>2026-07-18T13:36:55Z</time><speed>1.486</speed><sat>17</sat></trkpt>
  <trkpt lat="26.41782833" lon="-80.16759833"><ele>12.240</ele><time>2026-07-18T13:36:56Z</time><speed>1.629</speed><sat>18</sat></trkpt>
  <trkpt lat="26.41781167" lon="-80.16760167"><ele>12.240</ele><time>2026-07-18T13:36:57Z</time><speed>1.717</speed><sat>18</sat></trkpt>
  <trkpt lat="26.41779500" lon="-80.16760333"><ele>12.340</ele><time>2026-07-18T13:36:58Z</time><speed>1.768</speed><sat>17</sat></trkpt>
  <trkpt lat="26.41778000" lon="-80.16761167"><ele>12.340</ele><time>2026-07-18T13:36:59Z</time><speed>1.767</speed><sat>17</sat></trkpt>
  <trkpt lat="26.41776500" lon="-80.16761167"><ele>12.140</ele><time>2026-07-18T13:37:00Z</time><speed>1.775</speed><sat>17</sat></trkpt>
  <trkpt lat="26.41774667" lon="-80.16761167"><ele>12.040</ele><time>2026-07-18T13:37:01Z</time><speed>1.784</speed><sat>18</sat></trkpt>
  <trkpt lat="26.41772833" lon="-80.16761333"><ele>11.940</ele><time>2026-07-18T13:37:02Z</time><speed>1.770</speed><sat>17</sat></trkpt>
  <trkpt lat="26.41771500" lon="-80.16761000"><ele>11.640</ele><time>2026-07-18T13:37:03Z</time><speed>1.747</speed><sat>17</sat></trkpt>
  <trkpt lat="26.41770000" lon="-80.16760667"><ele>11.540</ele><time>2026-07-18T13:37:04Z</time><speed>1.735</speed><sat>18</sat></trkpt>
  <trkpt lat="26.41768500" lon="-80.16760667"><ele>11.740</ele><time>2026-07-18T13:37:05Z</time><speed>1.711</speed><sat>17</sat></trkpt>
  <trkpt lat="26.41766833" lon="-80.16760500"><ele>11.840</ele><time>2026-07-18T13:37:06Z</time><speed>1.651</speed><sat>18</sat></trkpt>
  <trkpt lat="26.41765500" lon="-80.16760500"><ele>11.740</ele><time>2026-07-18T13:37:07Z</time><speed>1.639</speed><sat>18</sat></trkpt>
  <trkpt lat="26.41764000" lon="-80.16760667"><ele>11.740</ele><time>2026-07-18T13:37:08Z</time><speed>1.635</speed><sat>18</sat></trkpt>
  <trkpt lat="26.41762667" lon="-80.16760667"><ele>11.940</ele><time>2026-07-18T13:37:09Z</time><speed>1.613</speed><sat>18</sat></trkpt>
  <trkpt lat="26.41761333" lon="-80.16760500"><ele>11.640</ele><time>2026-07-18T13:37:10Z</time><speed>1.609</speed><sat>18</sat></trkpt>
  <trkpt lat="26.41759667" lon="-80.16760667"><ele>11.340</ele><time>2026-07-18T13:37:11Z</time><speed>1.601</speed><sat>18</sat></trkpt>
  <trkpt lat="26.41758000" lon="-80.16760667"><ele>11.340</ele><time>2026-07-18T13:37:12Z</time><speed>1.620</speed><sat>18</sat></trkpt>
  <trkpt lat="26.41756667" lon="-80.16761333"><ele>11.040</ele><time>2026-07-18T13:37:13Z</time><speed>1.630</speed><sat>18</sat></trkpt>
  <trkpt lat="26.41755167" lon="-80.16761167"><ele>10.740</ele><time>2026-07-18T13:37:14Z</time><speed>1.627</speed><sat>18</sat></trkpt>
  <trkpt lat="26.41753667" lon="-80.16761167"><ele>10.640</ele><time>2026-07-18T13:37:15Z</time><speed>1.639</speed><sat>18</sat></trkpt>
  <trkpt lat="26.41752000" lon="-80.16761333"><ele>10.940</ele><time>2026-07-18T13:37:16Z</time><speed>1.639</speed><sat>18</sat></trkpt>
  <trkpt lat="26.41750500" lon="-80.16761500"><ele>10.940</ele><time>2026-07-18T13:37:17Z</time><speed>1.633</speed><sat>18</sat></trkpt>
  <trkpt lat="26.41749333" lon="-80.16761667"><ele>10.840</ele><time>2026-07-18T13:37:18Z</time><speed>1.631</speed><sat>18</sat></trkpt>
  <trkpt lat="26.41748000" lon="-80.16761500"><ele>10.640</ele><time>2026-07-18T13:37:19Z</time><speed>1.656</speed><sat>18</sat></trkpt>
  <trkpt lat="26.41746500" lon="-80.16761500"><ele>10.740</ele><time>2026-07-18T13:37:20Z</time><speed>1.641</speed><sat>18</sat></trkpt>
  <trkpt lat="26.41745167" lon="-80.16761333"><ele>10.740</ele><time>2026-07-18T13:37:21Z</time><speed>1.629</speed><sat>18</sat></trkpt>
  <trkpt lat="26.41743500" lon="-80.16761333"><ele>10.740</ele><time>2026-07-18T13:37:22Z</time><speed>1.619</speed><sat>18</sat></trkpt>
  <trkpt lat="26.41742000" lon="-80.16761500"><ele>10.540</ele><time>2026-07-18T13:37:23Z</time><speed>1.627</speed><sat>18</sat></trkpt>
  <trkpt lat="26.41740333" lon="-80.16761500"><ele>10.540</ele><time>2026-07-18T13:37:24Z</time><speed>1.630</speed><sat>18</sat></trkpt>
  <trkpt lat="26.41738667" lon="-80.16761500"><ele>10.840</ele><time>2026-07-18T13:37:25Z</time><speed>1.625</speed><sat>18</sat></trkpt>
  <trkpt lat="26.41737000" lon="-80.16761333"><ele>11.040</ele><time>2026-07-18T13:37:26Z</time><speed>1.641</speed><sat>18</sat></trkpt>
  <trkpt lat="26.41735167" lon="-80.16761167"><ele>10.840</ele><time>2026-07-18T13:37:27Z</time><speed>1.666</speed><sat>18</sat></trkpt>
  <trkpt lat="26.41733667" lon="-80.16761667"><ele>10.740</ele><time>2026-07-18T13:37:28Z</time><speed>1.688</speed><sat>18</sat></trkpt>
  <trkpt lat="26.41732000" lon="-80.16761667"><ele>10.940</ele><time>2026-07-18T13:37:29Z</time><speed>1.694</speed><sat>18</sat></trkpt>
  <trkpt lat="26.41730333" lon="-80.16762000"><ele>11.540</ele><time>2026-07-18T13:37:30Z</time><speed>1.714</speed><sat>18</sat></trkpt>
  <trkpt lat="26.41728667" lon="-80.16761667"><ele>11.540</ele><time>2026-07-18T13:37:31Z</time><speed>1.750</speed><sat>18</sat></trkpt>
  <trkpt lat="26.41727167" lon="-80.16761833"><ele>11.340</ele><time>2026-07-18T13:37:32Z</time><speed>1.758</speed><sat>18</sat></trkpt>
  <trkpt lat="26.41725667" lon="-80.16762000"><ele>11.040</ele><time>2026-07-18T13:37:33Z</time><speed>1.755</speed><sat>18</sat></trkpt>
  <trkpt lat="26.41724167" lon="-80.16761833"><ele>11.240</ele><time>2026-07-18T13:37:34Z</time><speed>1.756</speed><sat>18</sat></trkpt>
  <trkpt lat="26.41722500" lon="-80.16761833"><ele>11.540</ele><time>2026-07-18T13:37:35Z</time><speed>1.769</speed><sat>18</sat></trkpt>
  <trkpt lat="26.41720833" lon="-80.16761833"><ele>11.740</ele><time>2026-07-18T13:37:36Z</time><speed>1.771</speed><sat>18</sat></trkpt>
  <trkpt lat="26.41719500" lon="-80.16761667"><ele>11.740</ele><time>2026-07-18T13:37:37Z</time><speed>1.764</speed><sat>18</sat></trkpt>
  <trkpt lat="26.41718000" lon="-80.16761333"><ele>11.540</ele><time>2026-07-18T13:37:38Z</time><speed>1.763</speed><sat>18</sat></trkpt>
  <trkpt lat="26.41716333" lon="-80.16761000"><ele>11.740</ele><time>2026-07-18T13:37:39Z</time><speed>1.759</speed><sat>18</sat></trkpt>
  <trkpt lat="26.41714667" lon="-80.16760667"><ele>12.040</ele><time>2026-07-18T13:37:40Z</time><speed>1.751</speed><sat>18</sat></trkpt>
  <trkpt lat="26.41713167" lon="-80.16761000"><ele>11.940</ele><time>2026-07-18T13:37:41Z</time><speed>1.731</speed><sat>18</sat></trkpt>
  <trkpt lat="26.41711333" lon="-80.16761333"><ele>12.240</ele><time>2026-07-18T13:37:42Z</time><speed>1.747</speed><sat>18</sat></trkpt>
  <trkpt lat="26.41709333" lon="-80.16761167"><ele>12.640</ele><time>2026-07-18T13:37:43Z</time><speed>1.805</speed><sat>18</sat></trkpt>
  <trkpt lat="26.41705833" lon="-80.16760667"><ele>12.940</ele><time>2026-07-18T13:37:44Z</time><speed>2.000</speed><sat>18</sat></trkpt>
  <trkpt lat="26.41702333" lon="-80.16760500"><ele>12.740</ele><time>2026-07-18T13:37:45Z</time><speed>2.205</speed><sat>18</sat></trkpt>
  <trkpt lat="26.41698500" lon="-80.16760167"><ele>12.540</ele><time>2026-07-18T13:37:46Z</time><speed>2.446</speed><sat>18</sat></trkpt>
  <trkpt lat="26.41694500" lon="-80.16759833"><ele>12.140</ele><time>2026-07-18T13:37:47Z</time><speed>2.685</speed><sat>18</sat></trkpt>
  <trkpt lat="26.41690167" lon="-80.16759000"><ele>11.740</ele><time>2026-07-18T13:37:48Z</time><speed>2.939</speed><sat>18</sat></trkpt>
  <trkpt lat="26.41686667" lon="-80.16757833"><ele>11.540</ele><time>2026-07-18T13:37:49Z</time><speed>3.151</speed><sat>18</sat></trkpt>
  <trkpt lat="26.41683667" lon="-80.16756667"><ele>11.340</ele><time>2026-07-18T13:37:50Z</time><speed>3.353</speed><sat>18</sat></trkpt>
  <trkpt lat="26.41680167" lon="-80.16755833"><ele>11.140</ele><time>2026-07-18T13:37:51Z</time><speed>3.540</speed><sat>18</sat></trkpt>
  <trkpt lat="26.41676833" lon="-80.16754833"><ele>11.140</ele><time>2026-07-18T13:37:52Z</time><speed>3.666</speed><sat>18</sat></trkpt>
  <trkpt lat="26.41674000" lon="-80.16753667"><ele>10.440</ele><time>2026-07-18T13:37:53Z</time><speed>3.728</speed><sat>18</sat></trkpt>
  <trkpt lat="26.41671500" lon="-80.16752667"><ele>10.440</ele><time>2026-07-18T13:37:54Z</time><speed>3.612</speed><sat>18</sat></trkpt>
  <trkpt lat="26.41669500" lon="-80.16752167"><ele>10.040</ele><time>2026-07-18T13:37:55Z</time><speed>3.445</speed><sat>18</sat></trkpt>
  <trkpt lat="26.41667833" lon="-80.16751333"><ele>9.940</ele><time>2026-07-18T13:37:56Z</time><speed>3.204</speed><sat>18</sat></trkpt>
  <trkpt lat="26.41666667" lon="-80.16750833"><ele>10.040</ele><time>2026-07-18T13:37:57Z</time><speed>2.950</speed><sat>18</sat></trkpt>
  <trkpt lat="26.41665833" lon="-80.16750333"><ele>9.340</ele><time>2026-07-18T13:37:58Z</time><speed>2.600</speed><sat>18</sat></trkpt>
  <trkpt lat="26.41665500" lon="-80.16749833"><ele>9.040</ele><time>2026-07-18T13:37:59Z</time><speed>2.253</speed><sat>18</sat></trkpt>
  <trkpt lat="26.41664667" lon="-80.16749333"><ele>8.640</ele><time>2026-07-18T13:38:00Z</time><speed>1.958</speed><sat>18</sat></trkpt>
  <trkpt lat="26.41663667" lon="-80.16748833"><ele>8.640</ele><time>2026-07-18T13:38:01Z</time><speed>1.728</speed><sat>18</sat></trkpt>
  <trkpt lat="26.41662500" lon="-80.16748500"><ele>8.840</ele><time>2026-07-18T13:38:02Z</time><speed>1.553</speed><sat>18</sat></trkpt>
  <trkpt lat="26.41661333" lon="-80.16748167"><ele>8.640</ele><time>2026-07-18T13:38:03Z</time><speed>1.396</speed><sat>18</sat></trkpt>
  <trkpt lat="26.41660000" lon="-80.16747667"><ele>8.540</ele><time>2026-07-18T13:38:04Z</time><speed>1.301</speed><sat>18</sat></trkpt>
  <trkpt lat="26.41658667" lon="-80.16747000"><ele>8.540</ele><time>2026-07-18T13:38:05Z</time><speed>1.219</speed><sat>18</sat></trkpt>
  <trkpt lat="26.41657000" lon="-80.16746500"><ele>7.940</ele><time>2026-07-18T13:38:06Z</time><speed>1.187</speed><sat>18</sat></trkpt>
  <trkpt lat="26.41655833" lon="-80.16745667"><ele>8.140</ele><time>2026-07-18T13:38:07Z</time><speed>1.189</speed><sat>18</sat></trkpt>
  <trkpt lat="26.41654500" lon="-80.16744667"><ele>8.440</ele><time>2026-07-18T13:38:08Z</time><speed>1.279</speed><sat>18</sat></trkpt>
  <trkpt lat="26.41653000" lon="-80.16744000"><ele>8.940</ele><time>2026-07-18T13:38:09Z</time><speed>1.401</speed><sat>18</sat></trkpt>
  <trkpt lat="26.41651667" lon="-80.16743667"><ele>9.140</ele><time>2026-07-18T13:38:10Z</time><speed>1.483</speed><sat>18</sat></trkpt>
  <trkpt lat="26.41650667" lon="-80.16743000"><ele>9.440</ele><time>2026-07-18T13:38:11Z</time><speed>1.526</speed><sat>18</sat></trkpt>
  <trkpt lat="26.41649500" lon="-80.16742000"><ele>9.440</ele><time>2026-07-18T13:38:12Z</time><speed>1.537</speed><sat>18</sat></trkpt>
  <trkpt lat="26.41648000" lon="-80.16741333"><ele>9.440</ele><time>2026-07-18T13:38:13Z</time><speed>1.557</speed><sat>18</sat></trkpt>
  <trkpt lat="26.41646500" lon="-80.16740667"><ele>9.640</ele><time>2026-07-18T13:38:14Z</time><speed>1.568</speed><sat>18</sat></trkpt>
  <trkpt lat="26.41645000" lon="-80.16740000"><ele>9.940</ele><time>2026-07-18T13:38:15Z</time><speed>1.574</speed><sat>18</sat></trkpt>
  <trkpt lat="26.41643167" lon="-80.16739333"><ele>10.240</ele><time>2026-07-18T13:38:16Z</time><speed>1.597</speed><sat>18</sat></trkpt>
  <trkpt lat="26.41641667" lon="-80.16738833"><ele>10.340</ele><time>2026-07-18T13:38:17Z</time><speed>1.603</speed><sat>18</sat></trkpt>
  <trkpt lat="26.41640167" lon="-80.16738000"><ele>10.040</ele><time>2026-07-18T13:38:18Z</time><speed>1.590</speed><sat>18</sat></trkpt>
  <trkpt lat="26.41638667" lon="-80.16737333"><ele>10.340</ele><time>2026-07-18T13:38:19Z</time><speed>1.594</speed><sat>18</sat></trkpt>
  <trkpt lat="26.41637167" lon="-80.16736500"><ele>10.240</ele><time>2026-07-18T13:38:20Z</time><speed>1.615</speed><sat>18</sat></trkpt>
  <trkpt lat="26.41635667" lon="-80.16735500"><ele>10.440</ele><time>2026-07-18T13:38:21Z</time><speed>1.622</speed><sat>18</sat></trkpt>
  <trkpt lat="26.41634333" lon="-80.16734333"><ele>10.940</ele><time>2026-07-18T13:38:22Z</time><speed>1.649</speed><sat>18</sat></trkpt>
  <trkpt lat="26.41633000" lon="-80.16733500"><ele>11.040</ele><time>2026-07-18T13:38:23Z</time><speed>1.650</speed><sat>18</sat></trkpt>
  <trkpt lat="26.41631667" lon="-80.16733000"><ele>10.940</ele><time>2026-07-18T13:38:24Z</time><speed>1.663</speed><sat>18</sat></trkpt>
  <trkpt lat="26.41630167" lon="-80.16732167"><ele>11.040</ele><time>2026-07-18T13:38:25Z</time><speed>1.706</speed><sat>18</sat></trkpt>
  <trkpt lat="26.41629167" lon="-80.16731333"><ele>11.040</ele><time>2026-07-18T13:38:26Z</time><speed>1.699</speed><sat>18</sat></trkpt>
  <trkpt lat="26.41628000" lon="-80.16730500"><ele>10.840</ele><time>2026-07-18T13:38:27Z</time><speed>1.701</speed><sat>18</sat></trkpt>
  <trkpt lat="26.41626667" lon="-80.16729667"><ele>10.641</ele><time>2026-07-18T13:38:28Z</time><speed>1.715</speed><sat>18</sat></trkpt>
  <trkpt lat="26.41625167" lon="-80.16729167"><ele>10.341</ele><time>2026-07-18T13:38:29Z</time><speed>1.721</speed><sat>18</sat></trkpt>
  <trkpt lat="26.41623500" lon="-80.16729500"><ele>10.341</ele><time>2026-07-18T13:38:30Z</time><speed>1.706</speed><sat>18</sat></trkpt>
  <trkpt lat="26.41622000" lon="-80.16729667"><ele>10.140</ele><time>2026-07-18T13:38:31Z</time><speed>1.721</speed><sat>18</sat></trkpt>
  <trkpt lat="26.41620333" lon="-80.16730500"><ele>9.740</ele><time>2026-07-18T13:38:32Z</time><speed>1.720</speed><sat>18</sat></trkpt>
  <trkpt lat="26.41619000" lon="-80.16731667"><ele>9.840</ele><time>2026-07-18T13:38:33Z</time><speed>1.753</speed><sat>18</sat></trkpt>
  <trkpt lat="26.41617667" lon="-80.16732667"><ele>9.940</ele><time>2026-07-18T13:38:34Z</time><speed>1.773</speed><sat>18</sat></trkpt>
  <trkpt lat="26.41616333" lon="-80.16733833"><ele>10.440</ele><time>2026-07-18T13:38:35Z</time><speed>1.795</speed><sat>18</sat></trkpt>
  <trkpt lat="26.41615333" lon="-80.16735000"><ele>10.340</ele><time>2026-07-18T13:38:36Z</time><speed>1.865</speed><sat>18</sat></trkpt>
  <trkpt lat="26.41614333" lon="-80.16736333"><ele>9.940</ele><time>2026-07-18T13:38:37Z</time><speed>1.876</speed><sat>18</sat></trkpt>
  <trkpt lat="26.41613167" lon="-80.16737500"><ele>9.940</ele><time>2026-07-18T13:38:38Z</time><speed>1.863</speed><sat>18</sat></trkpt>
  <trkpt lat="26.41612000" lon="-80.16738500"><ele>9.940</ele><time>2026-07-18T13:38:39Z</time><speed>1.861</speed><sat>18</sat></trkpt>
  <trkpt lat="26.41610833" lon="-80.16740167"><ele>9.840</ele><time>2026-07-18T13:38:40Z</time><speed>1.870</speed><sat>18</sat></trkpt>
  <trkpt lat="26.41609833" lon="-80.16741667"><ele>9.540</ele><time>2026-07-18T13:38:41Z</time><speed>1.868</speed><sat>18</sat></trkpt>
  <trkpt lat="26.41608833" lon="-80.16743000"><ele>9.240</ele><time>2026-07-18T13:38:42Z</time><speed>1.872</speed><sat>18</sat></trkpt>
  <trkpt lat="26.41607667" lon="-80.16744500"><ele>9.340</ele><time>2026-07-18T13:38:43Z</time><speed>1.868</speed><sat>18</sat></trkpt>
  <trkpt lat="26.41606667" lon="-80.16745833"><ele>9.640</ele><time>2026-07-18T13:38:44Z</time><speed>1.851</speed><sat>18</sat></trkpt>
  <trkpt lat="26.41605833" lon="-80.16747667"><ele>9.840</ele><time>2026-07-18T13:38:45Z</time><speed>1.827</speed><sat>18</sat></trkpt>
  <trkpt lat="26.41605000" lon="-80.16749667"><ele>10.140</ele><time>2026-07-18T13:38:46Z</time><speed>1.800</speed><sat>18</sat></trkpt>
  <trkpt lat="26.41604000" lon="-80.16751167"><ele>10.740</ele><time>2026-07-18T13:38:47Z</time><speed>1.808</speed><sat>18</sat></trkpt>
  <trkpt lat="26.41603167" lon="-80.16752833"><ele>11.039</ele><time>2026-07-18T13:38:48Z</time><speed>1.840</speed><sat>18</sat></trkpt>
  <trkpt lat="26.41602167" lon="-80.16754167"><ele>11.439</ele><time>2026-07-18T13:38:49Z</time><speed>1.854</speed><sat>18</sat></trkpt>
  <trkpt lat="26.41601167" lon="-80.16755667"><ele>11.439</ele><time>2026-07-18T13:38:50Z</time><speed>1.873</speed><sat>18</sat></trkpt>
  <trkpt lat="26.41600333" lon="-80.16757000"><ele>11.239</ele><time>2026-07-18T13:38:51Z</time><speed>1.878</speed><sat>18</sat></trkpt>
  <trkpt lat="26.41599167" lon="-80.16758500"><ele>11.239</ele><time>2026-07-18T13:38:52Z</time><speed>1.887</speed><sat>18</sat></trkpt>
  <trkpt lat="26.41598333" lon="-80.16760000"><ele>11.239</ele><time>2026-07-18T13:38:53Z</time><speed>1.899</speed><sat>18</sat></trkpt>
  <trkpt lat="26.41597167" lon="-80.16761333"><ele>11.739</ele><time>2026-07-18T13:38:54Z</time><speed>1.909</speed><sat>18</sat></trkpt>
  <trkpt lat="26.41596333" lon="-80.16763167"><ele>12.039</ele><time>2026-07-18T13:38:55Z</time><speed>1.908</speed><sat>18</sat></trkpt>
  <trkpt lat="26.41595500" lon="-80.16764833"><ele>12.339</ele><time>2026-07-18T13:38:56Z</time><speed>1.871</speed><sat>18</sat></trkpt>
  <trkpt lat="26.41594667" lon="-80.16766167"><ele>12.339</ele><time>2026-07-18T13:38:57Z</time><speed>1.864</speed><sat>18</sat></trkpt>
  <trkpt lat="26.41593833" lon="-80.16768000"><ele>12.439</ele><time>2026-07-18T13:38:58Z</time><speed>1.835</speed><sat>18</sat></trkpt>
  <trkpt lat="26.41593000" lon="-80.16769667"><ele>12.639</ele><time>2026-07-18T13:38:59Z</time><speed>1.824</speed><sat>18</sat></trkpt>
  <trkpt lat="26.41592167" lon="-80.16771167"><ele>12.439</ele><time>2026-07-18T13:39:00Z</time><speed>1.820</speed><sat>18</sat></trkpt>
  <trkpt lat="26.41591000" lon="-80.16772667"><ele>12.439</ele><time>2026-07-18T13:39:01Z</time><speed>1.799</speed><sat>18</sat></trkpt>
  <trkpt lat="26.41590000" lon="-80.16774000"><ele>12.438</ele><time>2026-07-18T13:39:02Z</time><speed>1.797</speed><sat>18</sat></trkpt>
  <trkpt lat="26.41589000" lon="-80.16775667"><ele>12.738</ele><time>2026-07-18T13:39:03Z</time><speed>1.783</speed><sat>17</sat></trkpt>
  <trkpt lat="26.41587833" lon="-80.16777167"><ele>13.038</ele><time>2026-07-18T13:39:04Z</time><speed>1.740</speed><sat>18</sat></trkpt>
  <trkpt lat="26.41587000" lon="-80.16778667"><ele>13.038</ele><time>2026-07-18T13:39:05Z</time><speed>1.729</speed><sat>18</sat></trkpt>
  <trkpt lat="26.41586000" lon="-80.16780167"><ele>13.138</ele><time>2026-07-18T13:39:06Z</time><speed>1.753</speed><sat>17</sat></trkpt>
  <trkpt lat="26.41585500" lon="-80.16781833"><ele>12.738</ele><time>2026-07-18T13:39:07Z</time><speed>1.753</speed><sat>17</sat></trkpt>
  <trkpt lat="26.41584333" lon="-80.16783333"><ele>12.538</ele><time>2026-07-18T13:39:08Z</time><speed>1.771</speed><sat>17</sat></trkpt>
  <trkpt lat="26.41583667" lon="-80.16784833"><ele>12.338</ele><time>2026-07-18T13:39:09Z</time><speed>1.783</speed><sat>17</sat></trkpt>
  <trkpt lat="26.41583167" lon="-80.16786500"><ele>11.838</ele><time>2026-07-18T13:39:10Z</time><speed>1.780</speed><sat>17</sat></trkpt>
  <trkpt lat="26.41582333" lon="-80.16787667"><ele>11.538</ele><time>2026-07-18T13:39:11Z</time><speed>1.797</speed><sat>17</sat></trkpt>
  <trkpt lat="26.41581333" lon="-80.16789167"><ele>11.438</ele><time>2026-07-18T13:39:12Z</time><speed>1.789</speed><sat>17</sat></trkpt>
  <trkpt lat="26.41580333" lon="-80.16790833"><ele>11.738</ele><time>2026-07-18T13:39:13Z</time><speed>1.778</speed><sat>17</sat></trkpt>
  <trkpt lat="26.41579833" lon="-80.16792333"><ele>11.638</ele><time>2026-07-18T13:39:14Z</time><speed>1.791</speed><sat>17</sat></trkpt>
  <trkpt lat="26.41579167" lon="-80.16793833"><ele>11.438</ele><time>2026-07-18T13:39:15Z</time><speed>1.786</speed><sat>18</sat></trkpt>
  <trkpt lat="26.41578167" lon="-80.16795333"><ele>11.338</ele><time>2026-07-18T13:39:16Z</time><speed>1.785</speed><sat>17</sat></trkpt>
  <trkpt lat="26.41577333" lon="-80.16797167"><ele>11.337</ele><time>2026-07-18T13:39:17Z</time><speed>1.846</speed><sat>17</sat></trkpt>
  <trkpt lat="26.41576333" lon="-80.16798667"><ele>11.437</ele><time>2026-07-18T13:39:18Z</time><speed>1.848</speed><sat>17</sat></trkpt>
  <trkpt lat="26.41575167" lon="-80.16800000"><ele>11.437</ele><time>2026-07-18T13:39:19Z</time><speed>1.837</speed><sat>17</sat></trkpt>
  <trkpt lat="26.41574500" lon="-80.16801667"><ele>11.437</ele><time>2026-07-18T13:39:20Z</time><speed>1.811</speed><sat>17</sat></trkpt>
  <trkpt lat="26.41573667" lon="-80.16803167"><ele>11.237</ele><time>2026-07-18T13:39:21Z</time><speed>1.819</speed><sat>16</sat></trkpt>
  <trkpt lat="26.41572667" lon="-80.16805000"><ele>11.137</ele><time>2026-07-18T13:39:22Z</time><speed>1.841</speed><sat>17</sat></trkpt>
  <trkpt lat="26.41571333" lon="-80.16806500"><ele>11.737</ele><time>2026-07-18T13:39:23Z</time><speed>1.845</speed><sat>17</sat></trkpt>
  <trkpt lat="26.41570167" lon="-80.16807833"><ele>12.237</ele><time>2026-07-18T13:39:24Z</time><speed>1.863</speed><sat>17</sat></trkpt>
  <trkpt lat="26.41568833" lon="-80.16809167"><ele>12.437</ele><time>2026-07-18T13:39:25Z</time><speed>1.878</speed><sat>17</sat></trkpt>
  <trkpt lat="26.41567833" lon="-80.16810667"><ele>13.037</ele><time>2026-07-18T13:39:26Z</time><speed>1.867</speed><sat>17</sat></trkpt>
  <trkpt lat="26.41566833" lon="-80.16812000"><ele>13.737</ele><time>2026-07-18T13:39:27Z</time><speed>1.803</speed><sat>17</sat></trkpt>
  <trkpt lat="26.41565833" lon="-80.16813333"><ele>14.237</ele><time>2026-07-18T13:39:28Z</time><speed>1.796</speed><sat>17</sat></trkpt>
  <trkpt lat="26.41564667" lon="-80.16814833"><ele>14.737</ele><time>2026-07-18T13:39:29Z</time><speed>1.805</speed><sat>17</sat></trkpt>
  <trkpt lat="26.41563833" lon="-80.16816333"><ele>15.237</ele><time>2026-07-18T13:39:30Z</time><speed>1.822</speed><sat>17</sat></trkpt>
  <trkpt lat="26.41563000" lon="-80.16817667"><ele>15.737</ele><time>2026-07-18T13:39:31Z</time><speed>1.805</speed><sat>17</sat></trkpt>
  <trkpt lat="26.41561833" lon="-80.16819167"><ele>15.836</ele><time>2026-07-18T13:39:32Z</time><speed>1.782</speed><sat>17</sat></trkpt>
  <trkpt lat="26.41561000" lon="-80.16820333"><ele>16.036</ele><time>2026-07-18T13:39:33Z</time><speed>1.792</speed><sat>17</sat></trkpt>
  <trkpt lat="26.41560167" lon="-80.16821833"><ele>16.236</ele><time>2026-07-18T13:39:34Z</time><speed>1.782</speed><sat>17</sat></trkpt>
  <trkpt lat="26.41559167" lon="-80.16823167"><ele>16.336</ele><time>2026-07-18T13:39:35Z</time><speed>1.746</speed><sat>18</sat></trkpt>
  <trkpt lat="26.41558667" lon="-80.16824833"><ele>16.436</ele><time>2026-07-18T13:39:36Z</time><speed>1.745</speed><sat>18</sat></trkpt>
  <trkpt lat="26.41557833" lon="-80.16826333"><ele>16.636</ele><time>2026-07-18T13:39:37Z</time><speed>1.752</speed><sat>18</sat></trkpt>
  <trkpt lat="26.41556833" lon="-80.16827833"><ele>16.736</ele><time>2026-07-18T13:39:38Z</time><speed>1.735</speed><sat>18</sat></trkpt>
  <trkpt lat="26.41556000" lon="-80.16829167"><ele>16.536</ele><time>2026-07-18T13:39:39Z</time><speed>1.743</speed><sat>18</sat></trkpt>
  <trkpt lat="26.41555000" lon="-80.16830833"><ele>16.336</ele><time>2026-07-18T13:39:40Z</time><speed>1.738</speed><sat>18</sat></trkpt>
  <trkpt lat="26.41554000" lon="-80.16832333"><ele>15.636</ele><time>2026-07-18T13:39:41Z</time><speed>1.727</speed><sat>18</sat></trkpt>
  <trkpt lat="26.41553167" lon="-80.16833833"><ele>15.136</ele><time>2026-07-18T13:39:42Z</time><speed>1.712</speed><sat>18</sat></trkpt>
  <trkpt lat="26.41552333" lon="-80.16835167"><ele>14.836</ele><time>2026-07-18T13:39:43Z</time><speed>1.698</speed><sat>18</sat></trkpt>
  <trkpt lat="26.41551333" lon="-80.16836667"><ele>14.936</ele><time>2026-07-18T13:39:44Z</time><speed>1.712</speed><sat>18</sat></trkpt>
  <trkpt lat="26.41550167" lon="-80.16838000"><ele>15.036</ele><time>2026-07-18T13:39:45Z</time><speed>1.743</speed><sat>18</sat></trkpt>
  <trkpt lat="26.41549167" lon="-80.16839500"><ele>14.636</ele><time>2026-07-18T13:39:46Z</time><speed>1.754</speed><sat>18</sat></trkpt>
  <trkpt lat="26.41548333" lon="-80.16841333"><ele>14.735</ele><time>2026-07-18T13:39:47Z</time><speed>1.774</speed><sat>18</sat></trkpt>
  <trkpt lat="26.41547833" lon="-80.16843667"><ele>14.735</ele><time>2026-07-18T13:39:48Z</time><speed>1.795</speed><sat>18</sat></trkpt>
  <trkpt lat="26.41547667" lon="-80.16845500"><ele>14.735</ele><time>2026-07-18T13:39:49Z</time><speed>1.769</speed><sat>18</sat></trkpt>
  <trkpt lat="26.41548000" lon="-80.16847333"><ele>14.435</ele><time>2026-07-18T13:39:50Z</time><speed>1.786</speed><sat>18</sat></trkpt>
  <trkpt lat="26.41548500" lon="-80.16849167"><ele>13.735</ele><time>2026-07-18T13:39:51Z</time><speed>1.806</speed><sat>18</sat></trkpt>
  <trkpt lat="26.41549500" lon="-80.16851000"><ele>13.235</ele><time>2026-07-18T13:39:52Z</time><speed>1.838</speed><sat>18</sat></trkpt>
  <trkpt lat="26.41550500" lon="-80.16852833"><ele>12.935</ele><time>2026-07-18T13:39:53Z</time><speed>1.872</speed><sat>18</sat></trkpt>
  <trkpt lat="26.41551667" lon="-80.16854500"><ele>12.535</ele><time>2026-07-18T13:39:54Z</time><speed>1.857</speed><sat>18</sat></trkpt>
  <trkpt lat="26.41553000" lon="-80.16855833"><ele>12.135</ele><time>2026-07-18T13:39:55Z</time><speed>1.844</speed><sat>18</sat></trkpt>
  <trkpt lat="26.41554167" lon="-80.16857167"><ele>11.935</ele><time>2026-07-18T13:39:56Z</time><speed>1.837</speed><sat>18</sat></trkpt>
  <trkpt lat="26.41555667" lon="-80.16858167"><ele>12.235</ele><time>2026-07-18T13:39:57Z</time><speed>1.782</speed><sat>18</sat></trkpt>
  <trkpt lat="26.41557000" lon="-80.16858667"><ele>12.235</ele><time>2026-07-18T13:39:58Z</time><speed>1.712</speed><sat>18</sat></trkpt>
  <trkpt lat="26.41558167" lon="-80.16859833"><ele>12.235</ele><time>2026-07-18T13:39:59Z</time><speed>1.710</speed><sat>18</sat></trkpt>
  <trkpt lat="26.41559333" lon="-80.16861000"><ele>12.035</ele><time>2026-07-18T13:40:00Z</time><speed>1.695</speed><sat>18</sat></trkpt>
  <trkpt lat="26.41560500" lon="-80.16862167"><ele>11.535</ele><time>2026-07-18T13:40:01Z</time><speed>1.686</speed><sat>18</sat></trkpt>
  <trkpt lat="26.41561833" lon="-80.16863333"><ele>11.535</ele><time>2026-07-18T13:40:02Z</time><speed>1.666</speed><sat>18</sat></trkpt>
  <trkpt lat="26.41563167" lon="-80.16864500"><ele>11.335</ele><time>2026-07-18T13:40:03Z</time><speed>1.633</speed><sat>18</sat></trkpt>
  <trkpt lat="26.41564500" lon="-80.16866000"><ele>11.435</ele><time>2026-07-18T13:40:04Z</time><speed>1.647</speed><sat>18</sat></trkpt>
  <trkpt lat="26.41565833" lon="-80.16867500"><ele>11.734</ele><time>2026-07-18T13:40:05Z</time><speed>1.649</speed><sat>18</sat></trkpt>
  <trkpt lat="26.41566833" lon="-80.16869000"><ele>11.534</ele><time>2026-07-18T13:40:06Z</time><speed>1.638</speed><sat>18</sat></trkpt>
  <trkpt lat="26.41567667" lon="-80.16870500"><ele>11.334</ele><time>2026-07-18T13:40:07Z</time><speed>1.653</speed><sat>18</sat></trkpt>
  <trkpt lat="26.41568500" lon="-80.16871833"><ele>10.434</ele><time>2026-07-18T13:40:08Z</time><speed>1.703</speed><sat>18</sat></trkpt>
  <trkpt lat="26.41569333" lon="-80.16873333"><ele>9.934</ele><time>2026-07-18T13:40:09Z</time><speed>1.725</speed><sat>18</sat></trkpt>
  <trkpt lat="26.41570333" lon="-80.16874667"><ele>9.534</ele><time>2026-07-18T13:40:10Z</time><speed>1.731</speed><sat>18</sat></trkpt>
  <trkpt lat="26.41571333" lon="-80.16876500"><ele>9.134</ele><time>2026-07-18T13:40:11Z</time><speed>1.721</speed><sat>18</sat></trkpt>
  <trkpt lat="26.41572167" lon="-80.16878000"><ele>8.834</ele><time>2026-07-18T13:40:12Z</time><speed>1.719</speed><sat>18</sat></trkpt>
  <trkpt lat="26.41572833" lon="-80.16879500"><ele>8.434</ele><time>2026-07-18T13:40:13Z</time><speed>1.725</speed><sat>18</sat></trkpt>
  <trkpt lat="26.41573333" lon="-80.16881000"><ele>8.034</ele><time>2026-07-18T13:40:14Z</time><speed>1.717</speed><sat>18</sat></trkpt>
  <trkpt lat="26.41573667" lon="-80.16882667"><ele>8.134</ele><time>2026-07-18T13:40:15Z</time><speed>1.693</speed><sat>18</sat></trkpt>
  <trkpt lat="26.41574000" lon="-80.16884167"><ele>8.434</ele><time>2026-07-18T13:40:16Z</time><speed>1.700</speed><sat>18</sat></trkpt>
  <trkpt lat="26.41574167" lon="-80.16886000"><ele>8.534</ele><time>2026-07-18T13:40:17Z</time><speed>1.726</speed><sat>18</sat></trkpt>
  <trkpt lat="26.41574333" lon="-80.16888167"><ele>8.734</ele><time>2026-07-18T13:40:18Z</time><speed>1.743</speed><sat>18</sat></trkpt>
  <trkpt lat="26.41574833" lon="-80.16890000"><ele>9.534</ele><time>2026-07-18T13:40:19Z</time><speed>1.742</speed><sat>18</sat></trkpt>
  <trkpt lat="26.41575500" lon="-80.16891500"><ele>10.234</ele><time>2026-07-18T13:40:20Z</time><speed>1.731</speed><sat>18</sat></trkpt>
  <trkpt lat="26.41576000" lon="-80.16893000"><ele>10.833</ele><time>2026-07-18T13:40:21Z</time><speed>1.717</speed><sat>18</sat></trkpt>
  <trkpt lat="26.41576167" lon="-80.16894667"><ele>11.033</ele><time>2026-07-18T13:40:22Z</time><speed>1.714</speed><sat>18</sat></trkpt>
  <trkpt lat="26.41576667" lon="-80.16896500"><ele>11.433</ele><time>2026-07-18T13:40:23Z</time><speed>1.719</speed><sat>18</sat></trkpt>
  <trkpt lat="26.41577167" lon="-80.16898000"><ele>11.733</ele><time>2026-07-18T13:40:24Z</time><speed>1.729</speed><sat>18</sat></trkpt>
  <trkpt lat="26.41577500" lon="-80.16899667"><ele>11.833</ele><time>2026-07-18T13:40:25Z</time><speed>1.769</speed><sat>18</sat></trkpt>
  <trkpt lat="26.41577833" lon="-80.16901333"><ele>12.933</ele><time>2026-07-18T13:40:26Z</time><speed>1.821</speed><sat>17</sat></trkpt>
  <trkpt lat="26.41578000" lon="-80.16903167"><ele>14.233</ele><time>2026-07-18T13:40:27Z</time><speed>1.822</speed><sat>17</sat></trkpt>
  <trkpt lat="26.41578500" lon="-80.16904667"><ele>14.933</ele><time>2026-07-18T13:40:28Z</time><speed>1.806</speed><sat>17</sat></trkpt>
  <trkpt lat="26.41578833" lon="-80.16905833"><ele>15.133</ele><time>2026-07-18T13:40:29Z</time><speed>1.775</speed><sat>17</sat></trkpt>
  <trkpt lat="26.41579000" lon="-80.16907333"><ele>14.933</ele><time>2026-07-18T13:40:30Z</time><speed>1.784</speed><sat>18</sat></trkpt>
  <trkpt lat="26.41579167" lon="-80.16908833"><ele>14.733</ele><time>2026-07-18T13:40:31Z</time><speed>1.782</speed><sat>18</sat></trkpt>
  <trkpt lat="26.41579333" lon="-80.16910500"><ele>14.833</ele><time>2026-07-18T13:40:32Z</time><speed>1.787</speed><sat>18</sat></trkpt>
  <trkpt lat="26.41579333" lon="-80.16912333"><ele>14.733</ele><time>2026-07-18T13:40:33Z</time><speed>1.755</speed><sat>18</sat></trkpt>
  <trkpt lat="26.41579333" lon="-80.16913833"><ele>14.433</ele><time>2026-07-18T13:40:34Z</time><speed>1.720</speed><sat>18</sat></trkpt>
  <trkpt lat="26.41579500" lon="-80.16915333"><ele>14.233</ele><time>2026-07-18T13:40:35Z</time><speed>1.705</speed><sat>18</sat></trkpt>
  <trkpt lat="26.41579667" lon="-80.16916833"><ele>14.333</ele><time>2026-07-18T13:40:36Z</time><speed>1.628</speed><sat>18</sat></trkpt>
  <trkpt lat="26.41579500" lon="-80.16918500"><ele>14.132</ele><time>2026-07-18T13:40:37Z</time><speed>1.607</speed><sat>18</sat></trkpt>
  <trkpt lat="26.41579333" lon="-80.16920000"><ele>13.532</ele><time>2026-07-18T13:40:38Z</time><speed>1.600</speed><sat>18</sat></trkpt>
  <trkpt lat="26.41579500" lon="-80.16921333"><ele>13.032</ele><time>2026-07-18T13:40:39Z</time><speed>1.623</speed><sat>18</sat></trkpt>
  <trkpt lat="26.41579667" lon="-80.16923000"><ele>12.532</ele><time>2026-07-18T13:40:40Z</time><speed>1.631</speed><sat>17</sat></trkpt>
  <trkpt lat="26.41579667" lon="-80.16925000"><ele>12.532</ele><time>2026-07-18T13:40:41Z</time><speed>1.681</speed><sat>17</sat></trkpt>
  <trkpt lat="26.41579667" lon="-80.16927000"><ele>12.632</ele><time>2026-07-18T13:40:42Z</time><speed>1.685</speed><sat>17</sat></trkpt>
  <trkpt lat="26.41579833" lon="-80.16928833"><ele>12.532</ele><time>2026-07-18T13:40:43Z</time><speed>1.728</speed><sat>18</sat></trkpt>
  <trkpt lat="26.41580000" lon="-80.16931000"><ele>12.732</ele><time>2026-07-18T13:40:44Z</time><speed>1.747</speed><sat>18</sat></trkpt>
  <trkpt lat="26.41580167" lon="-80.16932833"><ele>12.832</ele><time>2026-07-18T13:40:45Z</time><speed>1.742</speed><sat>18</sat></trkpt>
  <trkpt lat="26.41579833" lon="-80.16934667"><ele>13.132</ele><time>2026-07-18T13:40:46Z</time><speed>1.772</speed><sat>18</sat></trkpt>
  <trkpt lat="26.41579833" lon="-80.16936667"><ele>13.132</ele><time>2026-07-18T13:40:47Z</time><speed>1.781</speed><sat>18</sat></trkpt>
  <trkpt lat="26.41579667" lon="-80.16938500"><ele>13.332</ele><time>2026-07-18T13:40:48Z</time><speed>1.813</speed><sat>18</sat></trkpt>
  <trkpt lat="26.41579667" lon="-80.16940500"><ele>13.732</ele><time>2026-07-18T13:40:49Z</time><speed>1.842</speed><sat>18</sat></trkpt>
  <trkpt lat="26.41579833" lon="-80.16942833"><ele>13.831</ele><time>2026-07-18T13:40:50Z</time><speed>1.853</speed><sat>18</sat></trkpt>
  <trkpt lat="26.41579667" lon="-80.16945000"><ele>14.331</ele><time>2026-07-18T13:40:51Z</time><speed>1.846</speed><sat>18</sat></trkpt>
  <trkpt lat="26.41579500" lon="-80.16947167"><ele>14.631</ele><time>2026-07-18T13:40:52Z</time><speed>1.856</speed><sat>18</sat></trkpt>
  <trkpt lat="26.41579167" lon="-80.16949167"><ele>14.731</ele><time>2026-07-18T13:40:53Z</time><speed>1.846</speed><sat>18</sat></trkpt>
  <trkpt lat="26.41579167" lon="-80.16951167"><ele>14.631</ele><time>2026-07-18T13:40:54Z</time><speed>1.858</speed><sat>18</sat></trkpt>
  <trkpt lat="26.41579167" lon="-80.16953167"><ele>14.531</ele><time>2026-07-18T13:40:55Z</time><speed>1.869</speed><sat>18</sat></trkpt>
  <trkpt lat="26.41579000" lon="-80.16954833"><ele>14.431</ele><time>2026-07-18T13:40:56Z</time><speed>1.810</speed><sat>18</sat></trkpt>
  <trkpt lat="26.41578833" lon="-80.16956500"><ele>14.031</ele><time>2026-07-18T13:40:57Z</time><speed>1.774</speed><sat>18</sat></trkpt>
  <trkpt lat="26.41578667" lon="-80.16958167"><ele>13.731</ele><time>2026-07-18T13:40:58Z</time><speed>1.734</speed><sat>18</sat></trkpt>
  <trkpt lat="26.41578833" lon="-80.16959500"><ele>13.231</ele><time>2026-07-18T13:40:59Z</time><speed>1.663</speed><sat>18</sat></trkpt>
  <trkpt lat="26.41578833" lon="-80.16960833"><ele>12.831</ele><time>2026-07-18T13:41:00Z</time><speed>1.595</speed><sat>17</sat></trkpt>
  <trkpt lat="26.41578833" lon="-80.16961833"><ele>12.431</ele><time>2026-07-18T13:41:01Z</time><speed>1.514</speed><sat>17</sat></trkpt>
  <trkpt lat="26.41578167" lon="-80.16963000"><ele>12.531</ele><time>2026-07-18T13:41:02Z</time><speed>1.420</speed><sat>17</sat></trkpt>
  <trkpt lat="26.41578167" lon="-80.16964000"><ele>12.531</ele><time>2026-07-18T13:41:03Z</time><speed>1.332</speed><sat>17</sat></trkpt>
  <trkpt lat="26.41578167" lon="-80.16965000"><ele>12.631</ele><time>2026-07-18T13:41:04Z</time><speed>1.224</speed><sat>17</sat></trkpt>
  <trkpt lat="26.41578167" lon="-80.16965667"><ele>12.831</ele><time>2026-07-18T13:41:05Z</time><speed>1.104</speed><sat>18</sat></trkpt>
  <trkpt lat="26.41578333" lon="-80.16966333"><ele>12.830</ele><time>2026-07-18T13:41:06Z</time><speed>1.035</speed><sat>18</sat></trkpt>
  <trkpt lat="26.41578333" lon="-80.16967000"><ele>12.830</ele><time>2026-07-18T13:41:07Z</time><speed>0.951</speed><sat>18</sat></trkpt>
  <trkpt lat="26.41578333" lon="-80.16967500"><ele>13.030</ele><time>2026-07-18T13:41:08Z</time><speed>0.877</speed><sat>18</sat></trkpt>
  <trkpt lat="26.41578333" lon="-80.16968333"><ele>13.230</ele><time>2026-07-18T13:41:09Z</time><speed>0.822</speed><sat>18</sat></trkpt>
  <trkpt lat="26.41578333" lon="-80.16969000"><ele>13.430</ele><time>2026-07-18T13:41:10Z</time><speed>0.774</speed><sat>18</sat></trkpt>
  <trkpt lat="26.41578333" lon="-80.16969833"><ele>13.730</ele><time>2026-07-18T13:41:11Z</time><speed>0.731</speed><sat>18</sat></trkpt>
  <trkpt lat="26.41578167" lon="-80.16970833"><ele>14.130</ele><time>2026-07-18T13:41:12Z</time><speed>0.730</speed><sat>18</sat></trkpt>
  <trkpt lat="26.41578333" lon="-80.16971667"><ele>13.730</ele><time>2026-07-18T13:41:13Z</time><speed>0.695</speed><sat>18</sat></trkpt>
  <trkpt lat="26.41578167" lon="-80.16972167"><ele>13.630</ele><time>2026-07-18T13:41:14Z</time><speed>0.676</speed><sat>18</sat></trkpt>
  <trkpt lat="26.41577667" lon="-80.16972667"><ele>13.230</ele><time>2026-07-18T13:41:15Z</time><speed>0.664</speed><sat>18</sat></trkpt>
  <trkpt lat="26.41577667" lon="-80.16973500"><ele>12.830</ele><time>2026-07-18T13:41:16Z</time><speed>0.672</speed><sat>18</sat></trkpt>
  <trkpt lat="26.41577500" lon="-80.16973667"><ele>12.930</ele><time>2026-07-18T13:41:17Z</time><speed>0.651</speed><sat>18</sat></trkpt>
  <trkpt lat="26.41577000" lon="-80.16974000"><ele>13.030</ele><time>2026-07-18T13:41:18Z</time><speed>0.610</speed><sat>17</sat></trkpt>
  <trkpt lat="26.41576667" lon="-80.16974167"><ele>13.130</ele><time>2026-07-18T13:41:19Z</time><speed>0.554</speed><sat>17</sat></trkpt>
  <trkpt lat="26.41576500" lon="-80.16974500"><ele>13.230</ele><time>2026-07-18T13:41:20Z</time><speed>0.488</speed><sat>17</sat></trkpt>
  <trkpt lat="26.41576667" lon="-80.16974500"><ele>13.230</ele><time>2026-07-18T13:41:21Z</time><speed>0.418</speed><sat>17</sat></trkpt>
  <trkpt lat="26.41576667" lon="-80.16975000"><ele>13.230</ele><time>2026-07-18T13:41:22Z</time><speed>0.000</speed><sat>18</sat></trkpt>
  <trkpt lat="26.41576500" lon="-80.16975667"><ele>13.230</ele><time>2026-07-18T13:41:23Z</time><speed>0.000</speed><sat>18</sat></trkpt>
  <trkpt lat="26.41576167" lon="-80.16976500"><ele>13.630</ele><time>2026-07-18T13:41:24Z</time><speed>0.421</speed><sat>18</sat></trkpt>
  <trkpt lat="26.41576167" lon="-80.16977500"><ele>13.930</ele><time>2026-07-18T13:41:25Z</time><speed>0.459</speed><sat>18</sat></trkpt>
  <trkpt lat="26.41576167" lon="-80.16978333"><ele>14.230</ele><time>2026-07-18T13:41:26Z</time><speed>0.490</speed><sat>18</sat></trkpt>
  <trkpt lat="26.41576167" lon="-80.16979333"><ele>14.530</ele><time>2026-07-18T13:41:27Z</time><speed>0.550</speed><sat>18</sat></trkpt>
  <trkpt lat="26.41576333" lon="-80.16980333"><ele>14.730</ele><time>2026-07-18T13:41:28Z</time><speed>0.611</speed><sat>18</sat></trkpt>
  <trkpt lat="26.41576667" lon="-80.16981500"><ele>14.930</ele><time>2026-07-18T13:41:29Z</time><speed>0.659</speed><sat>17</sat></trkpt>
  <trkpt lat="26.41576833" lon="-80.16982333"><ele>14.930</ele><time>2026-07-18T13:41:30Z</time><speed>0.723</speed><sat>17</sat></trkpt>
  <trkpt lat="26.41577333" lon="-80.16983667"><ele>15.030</ele><time>2026-07-18T13:41:31Z</time><speed>0.862</speed><sat>17</sat></trkpt>
  <trkpt lat="26.41578000" lon="-80.16985000"><ele>14.630</ele><time>2026-07-18T13:41:32Z</time><speed>0.949</speed><sat>18</sat></trkpt>
  <trkpt lat="26.41578500" lon="-80.16985833"><ele>14.130</ele><time>2026-07-18T13:41:33Z</time><speed>0.970</speed><sat>18</sat></trkpt>
  <trkpt lat="26.41578500" lon="-80.16986500"><ele>13.930</ele><time>2026-07-18T13:41:34Z</time><speed>0.963</speed><sat>18</sat></trkpt>
  <trkpt lat="26.41578167" lon="-80.16987000"><ele>13.630</ele><time>2026-07-18T13:41:35Z</time><speed>0.933</speed><sat>18</sat></trkpt>
  <trkpt lat="26.41578000" lon="-80.16987333"><ele>13.330</ele><time>2026-07-18T13:41:36Z</time><speed>0.897</speed><sat>18</sat></trkpt>
  <trkpt lat="26.41578000" lon="-80.16988000"><ele>13.030</ele><time>2026-07-18T13:41:37Z</time><speed>0.869</speed><sat>18</sat></trkpt>
  <trkpt lat="26.41577667" lon="-80.16989500"><ele>12.930</ele><time>2026-07-18T13:41:38Z</time><speed>0.927</speed><sat>18</sat></trkpt>
  <trkpt lat="26.41577167" lon="-80.16991333"><ele>12.729</ele><time>2026-07-18T13:41:39Z</time><speed>1.041</speed><sat>18</sat></trkpt>
  <trkpt lat="26.41576667" lon="-80.16993500"><ele>12.529</ele><time>2026-07-18T13:41:40Z</time><speed>1.144</speed><sat>18</sat></trkpt>
  <trkpt lat="26.41576667" lon="-80.16995500"><ele>12.129</ele><time>2026-07-18T13:41:41Z</time><speed>1.149</speed><sat>18</sat></trkpt>
  <trkpt lat="26.41576333" lon="-80.16996833"><ele>11.829</ele><time>2026-07-18T13:41:42Z</time><speed>1.172</speed><sat>18</sat></trkpt>
  <trkpt lat="26.41576500" lon="-80.16998333"><ele>11.729</ele><time>2026-07-18T13:41:43Z</time><speed>1.192</speed><sat>18</sat></trkpt>
  <trkpt lat="26.41577333" lon="-80.17000000"><ele>11.729</ele><time>2026-07-18T13:41:44Z</time><speed>1.268</speed><sat>18</sat></trkpt>
  <trkpt lat="26.41577833" lon="-80.17001167"><ele>11.929</ele><time>2026-07-18T13:41:45Z</time><speed>1.330</speed><sat>18</sat></trkpt>
  <trkpt lat="26.41577667" lon="-80.17002333"><ele>12.229</ele><time>2026-07-18T13:41:46Z</time><speed>1.353</speed><sat>18</sat></trkpt>
  <trkpt lat="26.41577500" lon="-80.17003000"><ele>12.029</ele><time>2026-07-18T13:41:47Z</time><speed>1.371</speed><sat>18</sat></trkpt>
  <trkpt lat="26.41576667" lon="-80.17003667"><ele>11.729</ele><time>2026-07-18T13:41:48Z</time><speed>1.303</speed><sat>18</sat></trkpt>
  <trkpt lat="26.41576000" lon="-80.17003667"><ele>11.629</ele><time>2026-07-18T13:41:49Z</time><speed>1.196</speed><sat>18</sat></trkpt>
  <trkpt lat="26.41575500" lon="-80.17003000"><ele>11.829</ele><time>2026-07-18T13:41:50Z</time><speed>1.046</speed><sat>18</sat></trkpt>
  <trkpt lat="26.41575500" lon="-80.17002500"><ele>11.929</ele><time>2026-07-18T13:41:51Z</time><speed>0.908</speed><sat>18</sat></trkpt>
  <trkpt lat="26.41575333" lon="-80.17002500"><ele>12.229</ele><time>2026-07-18T13:41:52Z</time><speed>0.765</speed><sat>18</sat></trkpt>
  <trkpt lat="26.41575333" lon="-80.17002667"><ele>12.229</ele><time>2026-07-18T13:41:53Z</time><speed>0.639</speed><sat>18</sat></trkpt>
  <trkpt lat="26.41575167" lon="-80.17002833"><ele>12.429</ele><time>2026-07-18T13:41:54Z</time><speed>0.493</speed><sat>17</sat></trkpt>
  <trkpt lat="26.41575167" lon="-80.17002833"><ele>12.529</ele><time>2026-07-18T13:41:55Z</time><speed>0.000</speed><sat>17</sat></trkpt>
  <trkpt lat="26.41574833" lon="-80.17003000"><ele>12.529</ele><time>2026-07-18T13:41:56Z</time><speed>0.000</speed><sat>17</sat></trkpt>
  <trkpt lat="26.41574833" lon="-80.17003333"><ele>12.429</ele><time>2026-07-18T13:41:57Z</time><speed>0.000</speed><sat>17</sat></trkpt>
  <trkpt lat="26.41574833" lon="-80.17003333"><ele>12.429</ele><time>2026-07-18T13:41:58Z</time><speed>0.000</speed><sat>17</sat></trkpt>
  <trkpt lat="26.41574833" lon="-80.17003333"><ele>12.429</ele><time>2026-07-18T13:41:59Z</time><speed>0.000</speed><sat>17</sat></trkpt>
  <trkpt lat="26.41574833" lon="-80.17003333"><ele>12.429</ele><time>2026-07-18T13:42:00Z</time><speed>0.000</speed><sat>17</sat></trkpt>
  <trkpt lat="26.41574833" lon="-80.17003333"><ele>12.429</ele><time>2026-07-18T13:42:01Z</time><speed>0.000</speed><sat>17</sat></trkpt>
  <trkpt lat="26.41574833" lon="-80.17003333"><ele>12.429</ele><time>2026-07-18T13:42:02Z</time><speed>0.000</speed><sat>18</sat></trkpt>
  <trkpt lat="26.41574833" lon="-80.17003333"><ele>12.429</ele><time>2026-07-18T13:42:03Z</time><speed>0.000</speed><sat>18</sat></trkpt>
  <trkpt lat="26.41574833" lon="-80.17003333"><ele>12.429</ele><time>2026-07-18T13:42:04Z</time><speed>0.000</speed><sat>18</sat></trkpt>
  <trkpt lat="26.41574833" lon="-80.17003333"><ele>12.429</ele><time>2026-07-18T13:42:05Z</time><speed>0.000</speed><sat>18</sat></trkpt>
  <trkpt lat="26.41574833" lon="-80.17003333"><ele>12.429</ele><time>2026-07-18T13:42:06Z</time><speed>0.000</speed><sat>18</sat></trkpt>
  <trkpt lat="26.41574833" lon="-80.17003333"><ele>12.429</ele><time>2026-07-18T13:42:07Z</time><speed>0.000</speed><sat>18</sat></trkpt>
  <trkpt lat="26.41574833" lon="-80.17003333"><ele>12.429</ele><time>2026-07-18T13:42:08Z</time><speed>0.000</speed><sat>18</sat></trkpt>
  <trkpt lat="26.41574833" lon="-80.17003333"><ele>12.429</ele><time>2026-07-18T13:42:09Z</time><speed>0.000</speed><sat>18</sat></trkpt>
  <trkpt lat="26.41574833" lon="-80.17003333"><ele>12.429</ele><time>2026-07-18T13:42:10Z</time><speed>0.000</speed><sat>18</sat></trkpt>
  <trkpt lat="26.41574833" lon="-80.17003333"><ele>12.429</ele><time>2026-07-18T13:42:11Z</time><speed>0.000</speed><sat>18</sat></trkpt>
  <trkpt lat="26.41574833" lon="-80.17003333"><ele>12.429</ele><time>2026-07-18T13:42:12Z</time><speed>0.000</speed><sat>18</sat></trkpt>
  <trkpt lat="26.41574833" lon="-80.17003333"><ele>12.429</ele><time>2026-07-18T13:42:13Z</time><speed>0.000</speed><sat>18</sat></trkpt>
  <trkpt lat="26.41574833" lon="-80.17003333"><ele>12.429</ele><time>2026-07-18T13:42:14Z</time><speed>0.000</speed><sat>18</sat></trkpt>
  <trkpt lat="26.41574833" lon="-80.17003333"><ele>12.429</ele><time>2026-07-18T13:42:15Z</time><speed>0.000</speed><sat>18</sat></trkpt>
  <trkpt lat="26.41574833" lon="-80.17003333"><ele>12.429</ele><time>2026-07-18T13:42:16Z</time><speed>0.000</speed><sat>18</sat></trkpt>
  <trkpt lat="26.41574833" lon="-80.17003333"><ele>12.429</ele><time>2026-07-18T13:42:17Z</time><speed>0.000</speed><sat>18</sat></trkpt>
  <trkpt lat="26.41574833" lon="-80.17003333"><ele>12.429</ele><time>2026-07-18T13:42:18Z</time><speed>0.000</speed><sat>18</sat></trkpt>
  <trkpt lat="26.41574833" lon="-80.17003333"><ele>12.429</ele><time>2026-07-18T13:42:19Z</time><speed>0.000</speed><sat>18</sat></trkpt>
  <trkpt lat="26.41574833" lon="-80.17003333"><ele>12.429</ele><time>2026-07-18T13:42:20Z</time><speed>0.000</speed><sat>18</sat></trkpt>
  <trkpt lat="26.41574833" lon="-80.17003333"><ele>12.429</ele><time>2026-07-18T13:42:21Z</time><speed>0.000</speed><sat>18</sat></trkpt>
  <trkpt lat="26.41574667" lon="-80.17003333"><ele>11.429</ele><time>2026-07-18T13:42:22Z</time><speed>0.264</speed><sat>18</sat></trkpt>
  <trkpt lat="26.41574000" lon="-80.17001833"><ele>11.329</ele><time>2026-07-18T13:42:23Z</time><speed>0.372</speed><sat>18</sat></trkpt>
  <trkpt lat="26.41573833" lon="-80.17000333"><ele>11.329</ele><time>2026-07-18T13:42:24Z</time><speed>0.500</speed><sat>18</sat></trkpt>
  <trkpt lat="26.41574333" lon="-80.16998333"><ele>11.329</ele><time>2026-07-18T13:42:25Z</time><speed>0.633</speed><sat>18</sat></trkpt>
  <trkpt lat="26.41574833" lon="-80.16996667"><ele>11.029</ele><time>2026-07-18T13:42:26Z</time><speed>0.721</speed><sat>18</sat></trkpt>
  <trkpt lat="26.41575333" lon="-80.16995500"><ele>10.829</ele><time>2026-07-18T13:42:27Z</time><speed>0.806</speed><sat>18</sat></trkpt>
  <trkpt lat="26.41575667" lon="-80.16994333"><ele>10.629</ele><time>2026-07-18T13:42:28Z</time><speed>0.904</speed><sat>18</sat></trkpt>
  <trkpt lat="26.41575833" lon="-80.16993000"><ele>10.429</ele><time>2026-07-18T13:42:29Z</time><speed>1.016</speed><sat>18</sat></trkpt>
  <trkpt lat="26.41575833" lon="-80.16991833"><ele>10.229</ele><time>2026-07-18T13:42:30Z</time><speed>1.122</speed><sat>18</sat></trkpt>
  <trkpt lat="26.41576333" lon="-80.16990500"><ele>10.029</ele><time>2026-07-18T13:42:31Z</time><speed>1.218</speed><sat>18</sat></trkpt>
  <trkpt lat="26.41577000" lon="-80.16989167"><ele>10.330</ele><time>2026-07-18T13:42:32Z</time><speed>1.317</speed><sat>18</sat></trkpt>
  <trkpt lat="26.41577500" lon="-80.16987833"><ele>10.630</ele><time>2026-07-18T13:42:33Z</time><speed>1.367</speed><sat>17</sat></trkpt>
  <trkpt lat="26.41578167" lon="-80.16986167"><ele>10.630</ele><time>2026-07-18T13:42:34Z</time><speed>1.391</speed><sat>17</sat></trkpt>
  <trkpt lat="26.41578667" lon="-80.16984667"><ele>11.230</ele><time>2026-07-18T13:42:35Z</time><speed>1.368</speed><sat>17</sat></trkpt>
  <trkpt lat="26.41578500" lon="-80.16983833"><ele>12.130</ele><time>2026-07-18T13:42:36Z</time><speed>1.305</speed><sat>17</sat></trkpt>
  <trkpt lat="26.41578500" lon="-80.16982667"><ele>12.630</ele><time>2026-07-18T13:42:37Z</time><speed>1.343</speed><sat>17</sat></trkpt>
  <trkpt lat="26.41578333" lon="-80.16981167"><ele>12.830</ele><time>2026-07-18T13:42:38Z</time><speed>1.337</speed><sat>17</sat></trkpt>
  <trkpt lat="26.41578333" lon="-80.16980000"><ele>12.930</ele><time>2026-07-18T13:42:39Z</time><speed>1.358</speed><sat>18</sat></trkpt>
  <trkpt lat="26.41578667" lon="-80.16978667"><ele>13.230</ele><time>2026-07-18T13:42:40Z</time><speed>1.330</speed><sat>18</sat></trkpt>
  <trkpt lat="26.41579000" lon="-80.16977167"><ele>13.430</ele><time>2026-07-18T13:42:41Z</time><speed>1.313</speed><sat>18</sat></trkpt>
  <trkpt lat="26.41579167" lon="-80.16975833"><ele>13.630</ele><time>2026-07-18T13:42:42Z</time><speed>1.265</speed><sat>18</sat></trkpt>
  <trkpt lat="26.41579500" lon="-80.16973667"><ele>13.930</ele><time>2026-07-18T13:42:43Z</time><speed>1.235</speed><sat>18</sat></trkpt>
  <trkpt lat="26.41579333" lon="-80.16970333"><ele>14.130</ele><time>2026-07-18T13:42:44Z</time><speed>1.323</speed><sat>18</sat></trkpt>
  <trkpt lat="26.41579333" lon="-80.16967000"><ele>14.030</ele><time>2026-07-18T13:42:45Z</time><speed>1.488</speed><sat>18</sat></trkpt>
  <trkpt lat="26.41579000" lon="-80.16964000"><ele>13.831</ele><time>2026-07-18T13:42:46Z</time><speed>1.736</speed><sat>18</sat></trkpt>
  <trkpt lat="26.41578500" lon="-80.16960833"><ele>13.631</ele><time>2026-07-18T13:42:47Z</time><speed>1.912</speed><sat>18</sat></trkpt>
  <trkpt lat="26.41578167" lon="-80.16957833"><ele>13.231</ele><time>2026-07-18T13:42:48Z</time><speed>2.127</speed><sat>18</sat></trkpt>
  <trkpt lat="26.41578333" lon="-80.16955000"><ele>12.931</ele><time>2026-07-18T13:42:49Z</time><speed>2.284</speed><sat>18</sat></trkpt>
  <trkpt lat="26.41578333" lon="-80.16951833"><ele>12.431</ele><time>2026-07-18T13:42:50Z</time><speed>2.490</speed><sat>18</sat></trkpt>
  <trkpt lat="26.41579167" lon="-80.16949167"><ele>11.431</ele><time>2026-07-18T13:42:51Z</time><speed>2.597</speed><sat>18</sat></trkpt>
  <trkpt lat="26.41578833" lon="-80.16947000"><ele>11.231</ele><time>2026-07-18T13:42:52Z</time><speed>2.717</speed><sat>18</sat></trkpt>
  <trkpt lat="26.41579333" lon="-80.16945167"><ele>10.631</ele><time>2026-07-18T13:42:53Z</time><speed>2.824</speed><sat>18</sat></trkpt>
  <trkpt lat="26.41579667" lon="-80.16942833"><ele>9.931</ele><time>2026-07-18T13:42:54Z</time><speed>2.793</speed><sat>18</sat></trkpt>
  <trkpt lat="26.41579667" lon="-80.16940667"><ele>9.532</ele><time>2026-07-18T13:42:55Z</time><speed>2.739</speed><sat>18</sat></trkpt>
  <trkpt lat="26.41580167" lon="-80.16938333"><ele>9.532</ele><time>2026-07-18T13:42:56Z</time><speed>2.647</speed><sat>18</sat></trkpt>
  <trkpt lat="26.41579833" lon="-80.16936000"><ele>10.032</ele><time>2026-07-18T13:42:57Z</time><speed>2.553</speed><sat>18</sat></trkpt>
  <trkpt lat="26.41579833" lon="-80.16934167"><ele>10.532</ele><time>2026-07-18T13:42:58Z</time><speed>2.469</speed><sat>18</sat></trkpt>
  <trkpt lat="26.41579667" lon="-80.16932000"><ele>11.132</ele><time>2026-07-18T13:42:59Z</time><speed>2.407</speed><sat>18</sat></trkpt>
  <trkpt lat="26.41579667" lon="-80.16929500"><ele>11.332</ele><time>2026-07-18T13:43:00Z</time><speed>2.345</speed><sat>18</sat></trkpt>
  <trkpt lat="26.41579667" lon="-80.16926833"><ele>11.232</ele><time>2026-07-18T13:43:01Z</time><speed>2.358</speed><sat>18</sat></trkpt>
  <trkpt lat="26.41579167" lon="-80.16924167"><ele>11.432</ele><time>2026-07-18T13:43:02Z</time><speed>2.376</speed><sat>18</sat></trkpt>
  <trkpt lat="26.41579167" lon="-80.16921167"><ele>11.332</ele><time>2026-07-18T13:43:03Z</time><speed>2.441</speed><sat>18</sat></trkpt>
  <trkpt lat="26.41579167" lon="-80.16918333"><ele>11.532</ele><time>2026-07-18T13:43:04Z</time><speed>2.506</speed><sat>18</sat></trkpt>
  <trkpt lat="26.41579167" lon="-80.16916000"><ele>11.833</ele><time>2026-07-18T13:43:05Z</time><speed>2.568</speed><sat>17</sat></trkpt>
  <trkpt lat="26.41579167" lon="-80.16913833"><ele>12.233</ele><time>2026-07-18T13:43:06Z</time><speed>2.619</speed><sat>17</sat></trkpt>
  <trkpt lat="26.41578833" lon="-80.16911000"><ele>12.233</ele><time>2026-07-18T13:43:07Z</time><speed>2.661</speed><sat>17</sat></trkpt>
  <trkpt lat="26.41579000" lon="-80.16908667"><ele>12.333</ele><time>2026-07-18T13:43:08Z</time><speed>2.654</speed><sat>17</sat></trkpt>
  <trkpt lat="26.41579000" lon="-80.16906167"><ele>12.333</ele><time>2026-07-18T13:43:09Z</time><speed>2.691</speed><sat>17</sat></trkpt>
  <trkpt lat="26.41579167" lon="-80.16903500"><ele>13.333</ele><time>2026-07-18T13:43:10Z</time><speed>2.646</speed><sat>17</sat></trkpt>
  <trkpt lat="26.41579000" lon="-80.16901167"><ele>13.733</ele><time>2026-07-18T13:43:11Z</time><speed>2.616</speed><sat>17</sat></trkpt>
  <trkpt lat="26.41578500" lon="-80.16898833"><ele>13.633</ele><time>2026-07-18T13:43:12Z</time><speed>2.568</speed><sat>17</sat></trkpt>
  <trkpt lat="26.41577833" lon="-80.16896167"><ele>13.733</ele><time>2026-07-18T13:43:13Z</time><speed>2.516</speed><sat>17</sat></trkpt>
  <trkpt lat="26.41576667" lon="-80.16892833"><ele>13.334</ele><time>2026-07-18T13:43:14Z</time><speed>2.475</speed><sat>17</sat></trkpt>
  <trkpt lat="26.41575667" lon="-80.16890333"><ele>12.834</ele><time>2026-07-18T13:43:15Z</time><speed>2.463</speed><sat>17</sat></trkpt>
  <trkpt lat="26.41575000" lon="-80.16887167"><ele>12.234</ele><time>2026-07-18T13:43:16Z</time><speed>2.471</speed><sat>17</sat></trkpt>
  <trkpt lat="26.41574000" lon="-80.16884333"><ele>12.134</ele><time>2026-07-18T13:43:17Z</time><speed>2.476</speed><sat>17</sat></trkpt>
  <trkpt lat="26.41572833" lon="-80.16881333"><ele>12.034</ele><time>2026-07-18T13:43:18Z</time><speed>2.522</speed><sat>17</sat></trkpt>
  <trkpt lat="26.41571167" lon="-80.16878833"><ele>11.034</ele><time>2026-07-18T13:43:19Z</time><speed>2.527</speed><sat>17</sat></trkpt>
  <trkpt lat="26.41569167" lon="-80.16876500"><ele>10.534</ele><time>2026-07-18T13:43:20Z</time><speed>2.591</speed><sat>17</sat></trkpt>
  <trkpt lat="26.41567167" lon="-80.16873833"><ele>10.034</ele><time>2026-07-18T13:43:21Z</time><speed>2.654</speed><sat>17</sat></trkpt>
  <trkpt lat="26.41565833" lon="-80.16871667"><ele>9.234</ele><time>2026-07-18T13:43:22Z</time><speed>2.722</speed><sat>17</sat></trkpt>
  <trkpt lat="26.41564333" lon="-80.16869333"><ele>9.234</ele><time>2026-07-18T13:43:23Z</time><speed>2.735</speed><sat>17</sat></trkpt>
  <trkpt lat="26.41562833" lon="-80.16867167"><ele>9.234</ele><time>2026-07-18T13:43:24Z</time><speed>2.772</speed><sat>17</sat></trkpt>
  <trkpt lat="26.41561000" lon="-80.16865333"><ele>9.535</ele><time>2026-07-18T13:43:25Z</time><speed>2.785</speed><sat>17</sat></trkpt>
  <trkpt lat="26.41559000" lon="-80.16863333"><ele>10.135</ele><time>2026-07-18T13:43:26Z</time><speed>2.763</speed><sat>17</sat></trkpt>
  <trkpt lat="26.41557500" lon="-80.16861500"><ele>10.835</ele><time>2026-07-18T13:43:27Z</time><speed>2.741</speed><sat>17</sat></trkpt>
  <trkpt lat="26.41556167" lon="-80.16859667"><ele>11.135</ele><time>2026-07-18T13:43:28Z</time><speed>2.706</speed><sat>18</sat></trkpt>
  <trkpt lat="26.41554833" lon="-80.16858000"><ele>11.635</ele><time>2026-07-18T13:43:29Z</time><speed>2.701</speed><sat>18</sat></trkpt>
  <trkpt lat="26.41553333" lon="-80.16856500"><ele>11.435</ele><time>2026-07-18T13:43:30Z</time><speed>2.663</speed><sat>18</sat></trkpt>
  <trkpt lat="26.41552000" lon="-80.16855000"><ele>11.535</ele><time>2026-07-18T13:43:31Z</time><speed>2.573</speed><sat>18</sat></trkpt>
  <trkpt lat="26.41551167" lon="-80.16853833"><ele>11.435</ele><time>2026-07-18T13:43:32Z</time><speed>2.466</speed><sat>18</sat></trkpt>
  <trkpt lat="26.41550167" lon="-80.16852500"><ele>11.035</ele><time>2026-07-18T13:43:33Z</time><speed>2.411</speed><sat>18</sat></trkpt>
  <trkpt lat="26.41549167" lon="-80.16850333"><ele>11.035</ele><time>2026-07-18T13:43:34Z</time><speed>2.371</speed><sat>18</sat></trkpt>
  <trkpt lat="26.41548500" lon="-80.16847833"><ele>11.135</ele><time>2026-07-18T13:43:35Z</time><speed>2.321</speed><sat>18</sat></trkpt>
  <trkpt lat="26.41548167" lon="-80.16846000"><ele>11.335</ele><time>2026-07-18T13:43:36Z</time><speed>2.301</speed><sat>18</sat></trkpt>
  <trkpt lat="26.41548500" lon="-80.16843667"><ele>11.835</ele><time>2026-07-18T13:43:37Z</time><speed>2.271</speed><sat>18</sat></trkpt>
  <trkpt lat="26.41549000" lon="-80.16841833"><ele>12.835</ele><time>2026-07-18T13:43:38Z</time><speed>2.229</speed><sat>18</sat></trkpt>
  <trkpt lat="26.41549667" lon="-80.16840000"><ele>13.436</ele><time>2026-07-18T13:43:39Z</time><speed>2.150</speed><sat>18</sat></trkpt>
  <trkpt lat="26.41550833" lon="-80.16838000"><ele>13.836</ele><time>2026-07-18T13:43:40Z</time><speed>2.116</speed><sat>18</sat></trkpt>
  <trkpt lat="26.41551667" lon="-80.16836167"><ele>14.236</ele><time>2026-07-18T13:43:41Z</time><speed>2.113</speed><sat>18</sat></trkpt>
  <trkpt lat="26.41552333" lon="-80.16834500"><ele>13.736</ele><time>2026-07-18T13:43:42Z</time><speed>2.122</speed><sat>18</sat></trkpt>
  <trkpt lat="26.41553500" lon="-80.16832667"><ele>13.636</ele><time>2026-07-18T13:43:43Z</time><speed>2.104</speed><sat>18</sat></trkpt>
  <trkpt lat="26.41554500" lon="-80.16830833"><ele>13.336</ele><time>2026-07-18T13:43:44Z</time><speed>2.061</speed><sat>18</sat></trkpt>
  <trkpt lat="26.41554833" lon="-80.16829000"><ele>12.836</ele><time>2026-07-18T13:43:45Z</time><speed>2.006</speed><sat>18</sat></trkpt>
  <trkpt lat="26.41555500" lon="-80.16827500"><ele>12.536</ele><time>2026-07-18T13:43:46Z</time><speed>1.968</speed><sat>18</sat></trkpt>
  <trkpt lat="26.41556167" lon="-80.16826000"><ele>12.036</ele><time>2026-07-18T13:43:47Z</time><speed>1.945</speed><sat>18</sat></trkpt>
  <trkpt lat="26.41557000" lon="-80.16824667"><ele>11.636</ele><time>2026-07-18T13:43:48Z</time><speed>1.944</speed><sat>18</sat></trkpt>
  <trkpt lat="26.41557833" lon="-80.16823333"><ele>11.436</ele><time>2026-07-18T13:43:49Z</time><speed>1.947</speed><sat>18</sat></trkpt>
  <trkpt lat="26.41558333" lon="-80.16821833"><ele>11.536</ele><time>2026-07-18T13:43:50Z</time><speed>1.936</speed><sat>18</sat></trkpt>
  <trkpt lat="26.41559167" lon="-80.16819833"><ele>11.736</ele><time>2026-07-18T13:43:51Z</time><speed>1.949</speed><sat>18</sat></trkpt>
  <trkpt lat="26.41560000" lon="-80.16818167"><ele>11.436</ele><time>2026-07-18T13:43:52Z</time><speed>1.986</speed><sat>18</sat></trkpt>
  <trkpt lat="26.41560833" lon="-80.16816333"><ele>11.337</ele><time>2026-07-18T13:43:53Z</time><speed>1.997</speed><sat>18</sat></trkpt>
  <trkpt lat="26.41561500" lon="-80.16814667"><ele>11.237</ele><time>2026-07-18T13:43:54Z</time><speed>2.018</speed><sat>18</sat></trkpt>
  <trkpt lat="26.41562833" lon="-80.16813333"><ele>10.437</ele><time>2026-07-18T13:43:55Z</time><speed>2.047</speed><sat>18</sat></trkpt>
  <trkpt lat="26.41564167" lon="-80.16811667"><ele>10.137</ele><time>2026-07-18T13:43:56Z</time><speed>2.052</speed><sat>18</sat></trkpt>
  <trkpt lat="26.41565333" lon="-80.16810333"><ele>10.137</ele><time>2026-07-18T13:43:57Z</time><speed>2.021</speed><sat>18</sat></trkpt>
  <trkpt lat="26.41566167" lon="-80.16808667"><ele>10.037</ele><time>2026-07-18T13:43:58Z</time><speed>1.980</speed><sat>18</sat></trkpt>
  <trkpt lat="26.41567167" lon="-80.16807500"><ele>10.237</ele><time>2026-07-18T13:43:59Z</time><speed>1.912</speed><sat>18</sat></trkpt>
  <trkpt lat="26.41567667" lon="-80.16806333"><ele>10.337</ele><time>2026-07-18T13:44:00Z</time><speed>1.840</speed><sat>18</sat></trkpt>
  <trkpt lat="26.41568500" lon="-80.16805000"><ele>10.537</ele><time>2026-07-18T13:44:01Z</time><speed>1.779</speed><sat>18</sat></trkpt>
  <trkpt lat="26.41569667" lon="-80.16804000"><ele>10.737</ele><time>2026-07-18T13:44:02Z</time><speed>1.662</speed><sat>18</sat></trkpt>
  <trkpt lat="26.41570833" lon="-80.16803000"><ele>10.737</ele><time>2026-07-18T13:44:03Z</time><speed>1.616</speed><sat>18</sat></trkpt>
  <trkpt lat="26.41572500" lon="-80.16803000"><ele>10.837</ele><time>2026-07-18T13:44:04Z</time><speed>1.549</speed><sat>18</sat></trkpt>
  <trkpt lat="26.41573667" lon="-80.16803667"><ele>11.137</ele><time>2026-07-18T13:44:05Z</time><speed>1.447</speed><sat>18</sat></trkpt>
  <trkpt lat="26.41574500" lon="-80.16804000"><ele>11.437</ele><time>2026-07-18T13:44:06Z</time><speed>1.331</speed><sat>18</sat></trkpt>
  <trkpt lat="26.41575000" lon="-80.16804167"><ele>11.337</ele><time>2026-07-18T13:44:07Z</time><speed>1.221</speed><sat>18</sat></trkpt>
  <trkpt lat="26.41575167" lon="-80.16804000"><ele>11.337</ele><time>2026-07-18T13:44:08Z</time><speed>1.105</speed><sat>18</sat></trkpt>
  <trkpt lat="26.41574167" lon="-80.16803667"><ele>11.337</ele><time>2026-07-18T13:44:09Z</time><speed>1.004</speed><sat>18</sat></trkpt>
  <trkpt lat="26.41573833" lon="-80.16803500"><ele>11.137</ele><time>2026-07-18T13:44:10Z</time><speed>0.917</speed><sat>18</sat></trkpt>
  <trkpt lat="26.41572833" lon="-80.16802500"><ele>11.537</ele><time>2026-07-18T13:44:11Z</time><speed>0.886</speed><sat>17</sat></trkpt>
  <trkpt lat="26.41571833" lon="-80.16801167"><ele>12.237</ele><time>2026-07-18T13:44:12Z</time><speed>0.843</speed><sat>17</sat></trkpt>
  <trkpt lat="26.41571333" lon="-80.16800167"><ele>12.537</ele><time>2026-07-18T13:44:13Z</time><speed>0.731</speed><sat>17</sat></trkpt>
  <trkpt lat="26.41570833" lon="-80.16800000"><ele>12.537</ele><time>2026-07-18T13:44:14Z</time><speed>0.622</speed><sat>17</sat></trkpt>
  <trkpt lat="26.41571000" lon="-80.16799833"><ele>12.637</ele><time>2026-07-18T13:44:15Z</time><speed>0.530</speed><sat>17</sat></trkpt>
  <trkpt lat="26.41571000" lon="-80.16799833"><ele>12.737</ele><time>2026-07-18T13:44:16Z</time><speed>0.446</speed><sat>17</sat></trkpt>
  <trkpt lat="26.41571000" lon="-80.16800333"><ele>12.737</ele><time>2026-07-18T13:44:17Z</time><speed>0.400</speed><sat>18</sat></trkpt>
  <trkpt lat="26.41570833" lon="-80.16802000"><ele>12.737</ele><time>2026-07-18T13:44:18Z</time><speed>0.515</speed><sat>17</sat></trkpt>
  <trkpt lat="26.41570333" lon="-80.16804833"><ele>13.137</ele><time>2026-07-18T13:44:19Z</time><speed>0.752</speed><sat>17</sat></trkpt>
  <trkpt lat="26.41568667" lon="-80.16807833"><ele>13.337</ele><time>2026-07-18T13:44:20Z</time><speed>1.032</speed><sat>17</sat></trkpt>
  <trkpt lat="26.41567333" lon="-80.16811000"><ele>13.337</ele><time>2026-07-18T13:44:21Z</time><speed>1.269</speed><sat>18</sat></trkpt>
  <trkpt lat="26.41565500" lon="-80.16814167"><ele>13.637</ele><time>2026-07-18T13:44:22Z</time><speed>1.577</speed><sat>18</sat></trkpt>
  <trkpt lat="26.41563333" lon="-80.16817333"><ele>13.637</ele><time>2026-07-18T13:44:23Z</time><speed>1.917</speed><sat>18</sat></trkpt>
  <trkpt lat="26.41561333" lon="-80.16820667"><ele>13.636</ele><time>2026-07-18T13:44:24Z</time><speed>2.250</speed><sat>18</sat></trkpt>
  <trkpt lat="26.41559833" lon="-80.16824000"><ele>13.836</ele><time>2026-07-18T13:44:25Z</time><speed>2.571</speed><sat>18</sat></trkpt>
  <trkpt lat="26.41558333" lon="-80.16827167"><ele>13.636</ele><time>2026-07-18T13:44:26Z</time><speed>2.919</speed><sat>18</sat></trkpt>
  <trkpt lat="26.41556500" lon="-80.16829333"><ele>13.736</ele><time>2026-07-18T13:44:27Z</time><speed>3.246</speed><sat>18</sat></trkpt>
  <trkpt lat="26.41554333" lon="-80.16832000"><ele>14.236</ele><time>2026-07-18T13:44:28Z</time><speed>3.419</speed><sat>18</sat></trkpt>
  <trkpt lat="26.41552333" lon="-80.16834500"><ele>13.536</ele><time>2026-07-18T13:44:29Z</time><speed>3.501</speed><sat>18</sat></trkpt>
  <trkpt lat="26.41550667" lon="-80.16837333"><ele>13.136</ele><time>2026-07-18T13:44:30Z</time><speed>3.518</speed><sat>18</sat></trkpt>
  <trkpt lat="26.41549167" lon="-80.16840000"><ele>13.236</ele><time>2026-07-18T13:44:31Z</time><speed>3.483</speed><sat>18</sat></trkpt>
  <trkpt lat="26.41547667" lon="-80.16842833"><ele>13.035</ele><time>2026-07-18T13:44:32Z</time><speed>3.449</speed><sat>18</sat></trkpt>
  <trkpt lat="26.41546000" lon="-80.16845667"><ele>12.735</ele><time>2026-07-18T13:44:33Z</time><speed>3.376</speed><sat>18</sat></trkpt>
  <trkpt lat="26.41544500" lon="-80.16848500"><ele>12.535</ele><time>2026-07-18T13:44:34Z</time><speed>3.308</speed><sat>18</sat></trkpt>
  <trkpt lat="26.41542833" lon="-80.16851167"><ele>12.735</ele><time>2026-07-18T13:44:35Z</time><speed>3.267</speed><sat>18</sat></trkpt>
  <trkpt lat="26.41541333" lon="-80.16853667"><ele>12.435</ele><time>2026-07-18T13:44:36Z</time><speed>3.195</speed><sat>18</sat></trkpt>
  <trkpt lat="26.41539667" lon="-80.16856333"><ele>11.635</ele><time>2026-07-18T13:44:37Z</time><speed>3.139</speed><sat>18</sat></trkpt>
  <trkpt lat="26.41538333" lon="-80.16859000"><ele>11.335</ele><time>2026-07-18T13:44:38Z</time><speed>3.102</speed><sat>18</sat></trkpt>
  <trkpt lat="26.41536833" lon="-80.16861500"><ele>11.435</ele><time>2026-07-18T13:44:39Z</time><speed>3.053</speed><sat>18</sat></trkpt>
  <trkpt lat="26.41535333" lon="-80.16864167"><ele>12.034</ele><time>2026-07-18T13:44:40Z</time><speed>3.013</speed><sat>18</sat></trkpt>
  <trkpt lat="26.41533833" lon="-80.16866833"><ele>12.334</ele><time>2026-07-18T13:44:41Z</time><speed>3.002</speed><sat>18</sat></trkpt>
  <trkpt lat="26.41532500" lon="-80.16869167"><ele>12.334</ele><time>2026-07-18T13:44:42Z</time><speed>2.977</speed><sat>18</sat></trkpt>
  <trkpt lat="26.41531000" lon="-80.16871667"><ele>12.334</ele><time>2026-07-18T13:44:43Z</time><speed>2.980</speed><sat>18</sat></trkpt>
  <trkpt lat="26.41529500" lon="-80.16874000"><ele>12.134</ele><time>2026-07-18T13:44:44Z</time><speed>2.983</speed><sat>18</sat></trkpt>
  <trkpt lat="26.41528000" lon="-80.16876167"><ele>11.934</ele><time>2026-07-18T13:44:45Z</time><speed>2.983</speed><sat>18</sat></trkpt>
  <trkpt lat="26.41526667" lon="-80.16878667"><ele>11.934</ele><time>2026-07-18T13:44:46Z</time><speed>3.021</speed><sat>18</sat></trkpt>
  <trkpt lat="26.41524833" lon="-80.16881167"><ele>12.334</ele><time>2026-07-18T13:44:47Z</time><speed>3.056</speed><sat>18</sat></trkpt>
  <trkpt lat="26.41523000" lon="-80.16883833"><ele>12.434</ele><time>2026-07-18T13:44:48Z</time><speed>3.082</speed><sat>18</sat></trkpt>
  <trkpt lat="26.41521333" lon="-80.16886333"><ele>12.333</ele><time>2026-07-18T13:44:49Z</time><speed>3.094</speed><sat>18</sat></trkpt>
  <trkpt lat="26.41519667" lon="-80.16888667"><ele>12.133</ele><time>2026-07-18T13:44:50Z</time><speed>3.106</speed><sat>18</sat></trkpt>
  <trkpt lat="26.41518000" lon="-80.16891500"><ele>12.333</ele><time>2026-07-18T13:44:51Z</time><speed>3.110</speed><sat>18</sat></trkpt>
  <trkpt lat="26.41516667" lon="-80.16894333"><ele>12.233</ele><time>2026-07-18T13:44:52Z</time><speed>3.107</speed><sat>18</sat></trkpt>
  <trkpt lat="26.41515167" lon="-80.16896833"><ele>12.333</ele><time>2026-07-18T13:44:53Z</time><speed>3.096</speed><sat>18</sat></trkpt>
  <trkpt lat="26.41513500" lon="-80.16899333"><ele>12.433</ele><time>2026-07-18T13:44:54Z</time><speed>3.092</speed><sat>18</sat></trkpt>
  <trkpt lat="26.41512000" lon="-80.16901833"><ele>12.133</ele><time>2026-07-18T13:44:55Z</time><speed>3.087</speed><sat>18</sat></trkpt>
  <trkpt lat="26.41510667" lon="-80.16904333"><ele>11.933</ele><time>2026-07-18T13:44:56Z</time><speed>3.069</speed><sat>18</sat></trkpt>
  <trkpt lat="26.41509500" lon="-80.16906667"><ele>11.233</ele><time>2026-07-18T13:44:57Z</time><speed>3.068</speed><sat>18</sat></trkpt>
  <trkpt lat="26.41508000" lon="-80.16908833"><ele>10.632</ele><time>2026-07-18T13:44:58Z</time><speed>3.017</speed><sat>18</sat></trkpt>
  <trkpt lat="26.41506667" lon="-80.16910833"><ele>10.032</ele><time>2026-07-18T13:44:59Z</time><speed>2.931</speed><sat>18</sat></trkpt>
  <trkpt lat="26.41505500" lon="-80.16912500"><ele>9.032</ele><time>2026-07-18T13:45:00Z</time><speed>2.839</speed><sat>18</sat></trkpt>
  <trkpt lat="26.41504167" lon="-80.16913833"><ele>9.232</ele><time>2026-07-18T13:45:01Z</time><speed>2.731</speed><sat>18</sat></trkpt>
  <trkpt lat="26.41503000" lon="-80.16915333"><ele>9.032</ele><time>2026-07-18T13:45:02Z</time><speed>2.611</speed><sat>18</sat></trkpt>
  <trkpt lat="26.41502000" lon="-80.16916833"><ele>9.032</ele><time>2026-07-18T13:45:03Z</time><speed>2.473</speed><sat>18</sat></trkpt>
  <trkpt lat="26.41501333" lon="-80.16918333"><ele>9.332</ele><time>2026-07-18T13:45:04Z</time><speed>2.269</speed><sat>18</sat></trkpt>
  <trkpt lat="26.41500833" lon="-80.16919500"><ele>9.332</ele><time>2026-07-18T13:45:05Z</time><speed>2.091</speed><sat>18</sat></trkpt>
  <trkpt lat="26.41500500" lon="-80.16920667"><ele>8.932</ele><time>2026-07-18T13:45:06Z</time><speed>1.892</speed><sat>18</sat></trkpt>
  <trkpt lat="26.41500167" lon="-80.16921500"><ele>8.732</ele><time>2026-07-18T13:45:07Z</time><speed>1.647</speed><sat>18</sat></trkpt>
  <trkpt lat="26.41500000" lon="-80.16922167"><ele>8.332</ele><time>2026-07-18T13:45:08Z</time><speed>1.443</speed><sat>18</sat></trkpt>
  <trkpt lat="26.41500000" lon="-80.16922667"><ele>7.832</ele><time>2026-07-18T13:45:09Z</time><speed>1.272</speed><sat>18</sat></trkpt>
  <trkpt lat="26.41500333" lon="-80.16923333"><ele>7.632</ele><time>2026-07-18T13:45:10Z</time><speed>1.129</speed><sat>18</sat></trkpt>
  <trkpt lat="26.41500833" lon="-80.16924167"><ele>7.332</ele><time>2026-07-18T13:45:11Z</time><speed>1.021</speed><sat>18</sat></trkpt>
  <trkpt lat="26.41501167" lon="-80.16925000"><ele>7.232</ele><time>2026-07-18T13:45:12Z</time><speed>0.951</speed><sat>18</sat></trkpt>
  <trkpt lat="26.41502333" lon="-80.16926000"><ele>7.632</ele><time>2026-07-18T13:45:13Z</time><speed>0.899</speed><sat>18</sat></trkpt>
  <trkpt lat="26.41503000" lon="-80.16927000"><ele>7.932</ele><time>2026-07-18T13:45:14Z</time><speed>0.945</speed><sat>18</sat></trkpt>
  <trkpt lat="26.41503833" lon="-80.16928167"><ele>8.132</ele><time>2026-07-18T13:45:15Z</time><speed>0.948</speed><sat>18</sat></trkpt>
  <trkpt lat="26.41504333" lon="-80.16929000"><ele>8.532</ele><time>2026-07-18T13:45:16Z</time><speed>0.959</speed><sat>18</sat></trkpt>
  <trkpt lat="26.41504833" lon="-80.16929500"><ele>8.932</ele><time>2026-07-18T13:45:17Z</time><speed>0.953</speed><sat>18</sat></trkpt>
  <trkpt lat="26.41505167" lon="-80.16930500"><ele>9.532</ele><time>2026-07-18T13:45:18Z</time><speed>0.972</speed><sat>18</sat></trkpt>
  <trkpt lat="26.41505500" lon="-80.16931667"><ele>10.132</ele><time>2026-07-18T13:45:19Z</time><speed>1.012</speed><sat>18</sat></trkpt>
  <trkpt lat="26.41506000" lon="-80.16932333"><ele>10.731</ele><time>2026-07-18T13:45:20Z</time><speed>1.031</speed><sat>18</sat></trkpt>
  <trkpt lat="26.41506500" lon="-80.16933000"><ele>11.031</ele><time>2026-07-18T13:45:21Z</time><speed>0.966</speed><sat>17</sat></trkpt>
  <trkpt lat="26.41506667" lon="-80.16932833"><ele>10.931</ele><time>2026-07-18T13:45:22Z</time><speed>0.869</speed><sat>17</sat></trkpt>
  <trkpt lat="26.41506833" lon="-80.16932833"><ele>11.031</ele><time>2026-07-18T13:45:23Z</time><speed>0.774</speed><sat>18</sat></trkpt>
  <trkpt lat="26.41506833" lon="-80.16933000"><ele>11.131</ele><time>2026-07-18T13:45:24Z</time><speed>0.652</speed><sat>18</sat></trkpt>
  <trkpt lat="26.41506833" lon="-80.16933167"><ele>11.231</ele><time>2026-07-18T13:45:25Z</time><speed>0.554</speed><sat>18</sat></trkpt>
  <trkpt lat="26.41506833" lon="-80.16933667"><ele>11.331</ele><time>2026-07-18T13:45:26Z</time><speed>0.470</speed><sat>18</sat></trkpt>
  <trkpt lat="26.41507000" lon="-80.16934000"><ele>11.531</ele><time>2026-07-18T13:45:27Z</time><speed>0.441</speed><sat>18</sat></trkpt>
  <trkpt lat="26.41507500" lon="-80.16934833"><ele>11.731</ele><time>2026-07-18T13:45:28Z</time><speed>0.424</speed><sat>18</sat></trkpt>
  <trkpt lat="26.41508167" lon="-80.16935333"><ele>11.731</ele><time>2026-07-18T13:45:29Z</time><speed>0.414</speed><sat>18</sat></trkpt>
  <trkpt lat="26.41509000" lon="-80.16936000"><ele>11.431</ele><time>2026-07-18T13:45:30Z</time><speed>0.425</speed><sat>17</sat></trkpt>
  <trkpt lat="26.41509500" lon="-80.16936333"><ele>11.331</ele><time>2026-07-18T13:45:31Z</time><speed>0.458</speed><sat>18</sat></trkpt>
  <trkpt lat="26.41509667" lon="-80.16936333"><ele>11.331</ele><time>2026-07-18T13:45:32Z</time><speed>0.460</speed><sat>17</sat></trkpt>
  <trkpt lat="26.41509667" lon="-80.16936500"><ele>11.231</ele><time>2026-07-18T13:45:33Z</time><speed>0.457</speed><sat>17</sat></trkpt>
  <trkpt lat="26.41509667" lon="-80.16936500"><ele>11.231</ele><time>2026-07-18T13:45:34Z</time><speed>0.441</speed><sat>16</sat></trkpt>
  <trkpt lat="26.41509833" lon="-80.16936667"><ele>11.231</ele><time>2026-07-18T13:45:35Z</time><speed>0.424</speed><sat>17</sat></trkpt>
  <trkpt lat="26.41510000" lon="-80.16936500"><ele>11.131</ele><time>2026-07-18T13:45:36Z</time><speed>0.000</speed><sat>17</sat></trkpt>
  <trkpt lat="26.41510167" lon="-80.16936500"><ele>11.231</ele><time>2026-07-18T13:45:37Z</time><speed>0.000</speed><sat>17</sat></trkpt>
  <trkpt lat="26.41510000" lon="-80.16936667"><ele>11.131</ele><time>2026-07-18T13:45:38Z</time><speed>0.000</speed><sat>17</sat></trkpt>
  <trkpt lat="26.41510000" lon="-80.16936667"><ele>11.131</ele><time>2026-07-18T13:45:39Z</time><speed>0.000</speed><sat>17</sat></trkpt>
  <trkpt lat="26.41510000" lon="-80.16936667"><ele>11.131</ele><time>2026-07-18T13:45:40Z</time><speed>0.000</speed><sat>17</sat></trkpt>
  <trkpt lat="26.41510000" lon="-80.16936667"><ele>11.131</ele><time>2026-07-18T13:45:41Z</time><speed>0.000</speed><sat>16</sat></trkpt>
  <trkpt lat="26.41510000" lon="-80.16936667"><ele>11.131</ele><time>2026-07-18T13:45:42Z</time><speed>0.000</speed><sat>17</sat></trkpt>
  <trkpt lat="26.41510000" lon="-80.16936667"><ele>11.131</ele><time>2026-07-18T13:45:43Z</time><speed>0.000</speed><sat>17</sat></trkpt>
  <trkpt lat="26.41510000" lon="-80.16936667"><ele>11.131</ele><time>2026-07-18T13:45:44Z</time><speed>0.000</speed><sat>17</sat></trkpt>
  <trkpt lat="26.41510000" lon="-80.16936667"><ele>11.131</ele><time>2026-07-18T13:45:45Z</time><speed>0.000</speed><sat>17</sat></trkpt>
  <trkpt lat="26.41510000" lon="-80.16936667"><ele>11.131</ele><time>2026-07-18T13:45:46Z</time><speed>0.000</speed><sat>17</sat></trkpt>
  <trkpt lat="26.41510000" lon="-80.16936667"><ele>11.131</ele><time>2026-07-18T13:45:47Z</time><speed>0.000</speed><sat>18</sat></trkpt>
  <trkpt lat="26.41510000" lon="-80.16936667"><ele>11.131</ele><time>2026-07-18T13:45:48Z</time><speed>0.000</speed><sat>18</sat></trkpt>
  <trkpt lat="26.41510000" lon="-80.16936667"><ele>11.131</ele><time>2026-07-18T13:45:49Z</time><speed>0.000</speed><sat>17</sat></trkpt>
  <trkpt lat="26.41510000" lon="-80.16936667"><ele>11.131</ele><time>2026-07-18T13:45:50Z</time><speed>0.000</speed><sat>17</sat></trkpt>
  <trkpt lat="26.41511333" lon="-80.16938500"><ele>10.331</ele><time>2026-07-18T13:45:51Z</time><speed>0.217</speed><sat>18</sat></trkpt>
  <trkpt lat="26.41512000" lon="-80.16939500"><ele>10.231</ele><time>2026-07-18T13:45:52Z</time><speed>0.312</speed><sat>18</sat></trkpt>
  <trkpt lat="26.41512667" lon="-80.16940167"><ele>10.231</ele><time>2026-07-18T13:45:53Z</time><speed>0.422</speed><sat>18</sat></trkpt>
  <trkpt lat="26.41513500" lon="-80.16941167"><ele>10.431</ele><time>2026-07-18T13:45:54Z</time><speed>0.519</speed><sat>18</sat></trkpt>
  <trkpt lat="26.41514333" lon="-80.16942333"><ele>10.831</ele><time>2026-07-18T13:45:55Z</time><speed>0.659</speed><sat>18</sat></trkpt>
  <trkpt lat="26.41515167" lon="-80.16943333"><ele>10.831</ele><time>2026-07-18T13:45:56Z</time><speed>0.780</speed><sat>18</sat></trkpt>
  <trkpt lat="26.41516000" lon="-80.16944333"><ele>10.831</ele><time>2026-07-18T13:45:57Z</time><speed>0.891</speed><sat>18</sat></trkpt>
  <trkpt lat="26.41517000" lon="-80.16944667"><ele>10.631</ele><time>2026-07-18T13:45:58Z</time><speed>1.002</speed><sat>18</sat></trkpt>
  <trkpt lat="26.41518000" lon="-80.16944833"><ele>10.431</ele><time>2026-07-18T13:45:59Z</time><speed>1.080</speed><sat>18</sat></trkpt>
  <trkpt lat="26.41518667" lon="-80.16945167"><ele>10.631</ele><time>2026-07-18T13:46:00Z</time><speed>1.097</speed><sat>18</sat></trkpt>
  <trkpt lat="26.41519000" lon="-80.16945667"><ele>10.831</ele><time>2026-07-18T13:46:01Z</time><speed>1.083</speed><sat>18</sat></trkpt>
  <trkpt lat="26.41519667" lon="-80.16946167"><ele>10.931</ele><time>2026-07-18T13:46:02Z</time><speed>1.068</speed><sat>18</sat></trkpt>
  <trkpt lat="26.41520333" lon="-80.16946833"><ele>11.231</ele><time>2026-07-18T13:46:03Z</time><speed>1.044</speed><sat>18</sat></trkpt>
  <trkpt lat="26.41521000" lon="-80.16947500"><ele>11.531</ele><time>2026-07-18T13:46:04Z</time><speed>1.035</speed><sat>18</sat></trkpt>
  <trkpt lat="26.41521167" lon="-80.16948167"><ele>11.831</ele><time>2026-07-18T13:46:05Z</time><speed>0.977</speed><sat>18</sat></trkpt>
  <trkpt lat="26.41521667" lon="-80.16948833"><ele>12.331</ele><time>2026-07-18T13:46:06Z</time><speed>0.930</speed><sat>18</sat></trkpt>
  <trkpt lat="26.41522167" lon="-80.16949667"><ele>12.631</ele><time>2026-07-18T13:46:07Z</time><speed>0.875</speed><sat>18</sat></trkpt>
  <trkpt lat="26.41522667" lon="-80.16950167"><ele>12.831</ele><time>2026-07-18T13:46:08Z</time><speed>0.806</speed><sat>18</sat></trkpt>
  <trkpt lat="26.41522833" lon="-80.16950500"><ele>12.831</ele><time>2026-07-18T13:46:09Z</time><speed>0.746</speed><sat>18</sat></trkpt>
  <trkpt lat="26.41523167" lon="-80.16950500"><ele>12.731</ele><time>2026-07-18T13:46:10Z</time><speed>0.697</speed><sat>18</sat></trkpt>
  <trkpt lat="26.41523167" lon="-80.16950500"><ele>12.731</ele><time>2026-07-18T13:46:11Z</time><speed>0.633</speed><sat>18</sat></trkpt>
  <trkpt lat="26.41523167" lon="-80.16950333"><ele>12.831</ele><time>2026-07-18T13:46:12Z</time><speed>0.550</speed><sat>17</sat></trkpt>
  <trkpt lat="26.41523000" lon="-80.16950333"><ele>12.731</ele><time>2026-07-18T13:46:13Z</time><speed>0.464</speed><sat>18</sat></trkpt>
  <trkpt lat="26.41523000" lon="-80.16950500"><ele>12.631</ele><time>2026-07-18T13:46:14Z</time><speed>0.000</speed><sat>18</sat></trkpt>
  <trkpt lat="26.41523000" lon="-80.16950667"><ele>12.431</ele><time>2026-07-18T13:46:15Z</time><speed>0.000</speed><sat>18</sat></trkpt>
  <trkpt lat="26.41523000" lon="-80.16950833"><ele>12.331</ele><time>2026-07-18T13:46:16Z</time><speed>0.000</speed><sat>18</sat></trkpt>
  <trkpt lat="26.41523000" lon="-80.16950833"><ele>12.331</ele><time>2026-07-18T13:46:17Z</time><speed>0.000</speed><sat>18</sat></trkpt>
  <trkpt lat="26.41523000" lon="-80.16950833"><ele>12.331</ele><time>2026-07-18T13:46:18Z</time><speed>0.000</speed><sat>18</sat></trkpt>
  <trkpt lat="26.41523000" lon="-80.16950833"><ele>12.331</ele><time>2026-07-18T13:46:19Z</time><speed>0.000</speed><sat>18</sat></trkpt>
  <trkpt lat="26.41523000" lon="-80.16950833"><ele>12.331</ele><time>2026-07-18T13:46:20Z</time><speed>0.000</speed><sat>18</sat></trkpt>
  <trkpt lat="26.41523000" lon="-80.16950833"><ele>12.331</ele><time>2026-07-18T13:46:21Z</time><speed>0.000</speed><sat>18</sat></trkpt>
  <trkpt lat="26.41523000" lon="-80.16950833"><ele>12.331</ele><time>2026-07-18T13:46:22Z</time><speed>0.000</speed><sat>18</sat></trkpt>
  <trkpt lat="26.41523000" lon="-80.16950833"><ele>12.331</ele><time>2026-07-18T13:46:23Z</time><speed>0.000</speed><sat>18</sat></trkpt>
  <trkpt lat="26.41523000" lon="-80.16950833"><ele>12.331</ele><time>2026-07-18T13:46:24Z</time><speed>0.000</speed><sat>18</sat></trkpt>
  <trkpt lat="26.41523000" lon="-80.16950833"><ele>12.331</ele><time>2026-07-18T13:46:25Z</time><speed>0.000</speed><sat>18</sat></trkpt>
  <trkpt lat="26.41523000" lon="-80.16950833"><ele>12.331</ele><time>2026-07-18T13:46:26Z</time><speed>0.000</speed><sat>17</sat></trkpt>
  <trkpt lat="26.41523000" lon="-80.16950833"><ele>12.331</ele><time>2026-07-18T13:46:27Z</time><speed>0.000</speed><sat>17</sat></trkpt>
  <trkpt lat="26.41523000" lon="-80.16950833"><ele>12.331</ele><time>2026-07-18T13:46:28Z</time><speed>0.000</speed><sat>17</sat></trkpt>
  <trkpt lat="26.41523000" lon="-80.16950833"><ele>12.331</ele><time>2026-07-18T13:46:29Z</time><speed>0.000</speed><sat>17</sat></trkpt>
  <trkpt lat="26.41523000" lon="-80.16950833"><ele>12.331</ele><time>2026-07-18T13:46:30Z</time><speed>0.000</speed><sat>17</sat></trkpt>
  <trkpt lat="26.41523000" lon="-80.16950833"><ele>12.331</ele><time>2026-07-18T13:46:31Z</time><speed>0.000</speed><sat>18</sat></trkpt>
  <trkpt lat="26.41523000" lon="-80.16950833"><ele>12.331</ele><time>2026-07-18T13:46:32Z</time><speed>0.000</speed><sat>18</sat></trkpt>
  <trkpt lat="26.41523000" lon="-80.16950833"><ele>12.331</ele><time>2026-07-18T13:46:33Z</time><speed>0.000</speed><sat>18</sat></trkpt>
  <trkpt lat="26.41523000" lon="-80.16950833"><ele>12.331</ele><time>2026-07-18T13:46:34Z</time><speed>0.000</speed><sat>18</sat></trkpt>
  <trkpt lat="26.41523000" lon="-80.16950833"><ele>12.331</ele><time>2026-07-18T13:46:35Z</time><speed>0.000</speed><sat>18</sat></trkpt>
  <trkpt lat="26.41523000" lon="-80.16950833"><ele>12.331</ele><time>2026-07-18T13:46:36Z</time><speed>0.000</speed><sat>18</sat></trkpt>
  <trkpt lat="26.41523000" lon="-80.16950833"><ele>12.331</ele><time>2026-07-18T13:46:37Z</time><speed>0.000</speed><sat>18</sat></trkpt>
  <trkpt lat="26.41523000" lon="-80.16950833"><ele>12.331</ele><time>2026-07-18T13:46:38Z</time><speed>0.000</speed><sat>18</sat></trkpt>
  <trkpt lat="26.41523000" lon="-80.16950833"><ele>12.331</ele><time>2026-07-18T13:46:39Z</time><speed>0.000</speed><sat>18</sat></trkpt>
  <trkpt lat="26.41523000" lon="-80.16950833"><ele>12.331</ele><time>2026-07-18T13:46:40Z</time><speed>0.000</speed><sat>18</sat></trkpt>
  <trkpt lat="26.41523000" lon="-80.16950833"><ele>12.331</ele><time>2026-07-18T13:46:41Z</time><speed>0.000</speed><sat>18</sat></trkpt>
  <trkpt lat="26.41523000" lon="-80.16950833"><ele>12.331</ele><time>2026-07-18T13:46:42Z</time><speed>0.000</speed><sat>18</sat></trkpt>
  <trkpt lat="26.41523000" lon="-80.16950833"><ele>12.331</ele><time>2026-07-18T13:46:43Z</time><speed>0.000</speed><sat>18</sat></trkpt>
  <trkpt lat="26.41523000" lon="-80.16950833"><ele>12.331</ele><time>2026-07-18T13:46:44Z</time><speed>0.000</speed><sat>18</sat></trkpt>
  <trkpt lat="26.41523000" lon="-80.16950833"><ele>12.331</ele><time>2026-07-18T13:46:45Z</time><speed>0.000</speed><sat>18</sat></trkpt>
  <trkpt lat="26.41523000" lon="-80.16950833"><ele>12.331</ele><time>2026-07-18T13:46:46Z</time><speed>0.000</speed><sat>18</sat></trkpt>
  <trkpt lat="26.41523000" lon="-80.16950833"><ele>12.331</ele><time>2026-07-18T13:46:47Z</time><speed>0.000</speed><sat>18</sat></trkpt>
  <trkpt lat="26.41523000" lon="-80.16950833"><ele>12.331</ele><time>2026-07-18T13:46:48Z</time><speed>0.000</speed><sat>18</sat></trkpt>
  <trkpt lat="26.41523000" lon="-80.16950833"><ele>12.331</ele><time>2026-07-18T13:46:49Z</time><speed>0.000</speed><sat>18</sat></trkpt>
  <trkpt lat="26.41523000" lon="-80.16950833"><ele>12.331</ele><time>2026-07-18T13:46:50Z</time><speed>0.000</speed><sat>18</sat></trkpt>
  <trkpt lat="26.41523000" lon="-80.16950833"><ele>12.331</ele><time>2026-07-18T13:46:51Z</time><speed>0.000</speed><sat>18</sat></trkpt>
  <trkpt lat="26.41523000" lon="-80.16950833"><ele>12.331</ele><time>2026-07-18T13:46:52Z</time><speed>0.000</speed><sat>18</sat></trkpt>
  <trkpt lat="26.41523000" lon="-80.16950833"><ele>12.331</ele><time>2026-07-18T13:46:53Z</time><speed>0.000</speed><sat>18</sat></trkpt>
  <trkpt lat="26.41523000" lon="-80.16950833"><ele>12.331</ele><time>2026-07-18T13:46:54Z</time><speed>0.000</speed><sat>18</sat></trkpt>
  <trkpt lat="26.41523000" lon="-80.16950833"><ele>12.331</ele><time>2026-07-18T13:46:55Z</time><speed>0.000</speed><sat>18</sat></trkpt>
  <trkpt lat="26.41523000" lon="-80.16950833"><ele>12.331</ele><time>2026-07-18T13:46:56Z</time><speed>0.000</speed><sat>17</sat></trkpt>
  <trkpt lat="26.41523000" lon="-80.16950833"><ele>12.331</ele><time>2026-07-18T13:46:57Z</time><speed>0.000</speed><sat>17</sat></trkpt>
  <trkpt lat="26.41523000" lon="-80.16950833"><ele>12.331</ele><time>2026-07-18T13:46:58Z</time><speed>0.000</speed><sat>17</sat></trkpt>
  <trkpt lat="26.41523000" lon="-80.16950833"><ele>12.331</ele><time>2026-07-18T13:46:59Z</time><speed>0.000</speed><sat>17</sat></trkpt>
  <trkpt lat="26.41523000" lon="-80.16950833"><ele>12.331</ele><time>2026-07-18T13:47:00Z</time><speed>0.000</speed><sat>17</sat></trkpt>
  <trkpt lat="26.41523000" lon="-80.16950833"><ele>12.331</ele><time>2026-07-18T13:47:01Z</time><speed>0.000</speed><sat>17</sat></trkpt>
  <trkpt lat="26.41523000" lon="-80.16950833"><ele>12.331</ele><time>2026-07-18T13:47:02Z</time><speed>0.000</speed><sat>17</sat></trkpt>
  <trkpt lat="26.41523000" lon="-80.16950833"><ele>12.331</ele><time>2026-07-18T13:47:03Z</time><speed>0.000</speed><sat>17</sat></trkpt>
  <trkpt lat="26.41523000" lon="-80.16950833"><ele>12.331</ele><time>2026-07-18T13:47:04Z</time><speed>0.000</speed><sat>18</sat></trkpt>
  <trkpt lat="26.41523000" lon="-80.16950833"><ele>12.331</ele><time>2026-07-18T13:47:05Z</time><speed>0.000</speed><sat>18</sat></trkpt>
  <trkpt lat="26.41523000" lon="-80.16950833"><ele>12.331</ele><time>2026-07-18T13:47:06Z</time><speed>0.000</speed><sat>18</sat></trkpt>
  <trkpt lat="26.41523000" lon="-80.16950833"><ele>12.331</ele><time>2026-07-18T13:47:07Z</time><speed>0.000</speed><sat>18</sat></trkpt>
  <trkpt lat="26.41523000" lon="-80.16950833"><ele>12.331</ele><time>2026-07-18T13:47:08Z</time><speed>0.000</speed><sat>18</sat></trkpt>
  <trkpt lat="26.41523000" lon="-80.16950833"><ele>12.331</ele><time>2026-07-18T13:47:09Z</time><speed>0.000</speed><sat>18</sat></trkpt>
  <trkpt lat="26.41523000" lon="-80.16950833"><ele>12.331</ele><time>2026-07-18T13:47:10Z</time><speed>0.000</speed><sat>18</sat></trkpt>
  <trkpt lat="26.41523000" lon="-80.16950833"><ele>12.331</ele><time>2026-07-18T13:47:11Z</time><speed>0.000</speed><sat>18</sat></trkpt>
  <trkpt lat="26.41523000" lon="-80.16950833"><ele>12.331</ele><time>2026-07-18T13:47:12Z</time><speed>0.000</speed><sat>18</sat></trkpt>
  <trkpt lat="26.41523000" lon="-80.16950833"><ele>12.331</ele><time>2026-07-18T13:47:13Z</time><speed>0.000</speed><sat>18</sat></trkpt>
  <trkpt lat="26.41523000" lon="-80.16950833"><ele>12.331</ele><time>2026-07-18T13:47:14Z</time><speed>0.000</speed><sat>18</sat></trkpt>
  <trkpt lat="26.41523000" lon="-80.16950833"><ele>12.331</ele><time>2026-07-18T13:47:15Z</time><speed>0.000</speed><sat>18</sat></trkpt>
  <trkpt lat="26.41523000" lon="-80.16950833"><ele>12.331</ele><time>2026-07-18T13:47:16Z</time><speed>0.000</speed><sat>18</sat></trkpt>
  <trkpt lat="26.41523000" lon="-80.16950833"><ele>12.331</ele><time>2026-07-18T13:47:17Z</time><speed>0.000</speed><sat>18</sat></trkpt>
  <trkpt lat="26.41523000" lon="-80.16950833"><ele>12.331</ele><time>2026-07-18T13:47:18Z</time><speed>0.000</speed><sat>18</sat></trkpt>
  <trkpt lat="26.41523000" lon="-80.16950833"><ele>12.331</ele><time>2026-07-18T13:47:19Z</time><speed>0.000</speed><sat>18</sat></trkpt>
  <trkpt lat="26.41523000" lon="-80.16950833"><ele>12.331</ele><time>2026-07-18T13:47:20Z</time><speed>0.000</speed><sat>18</sat></trkpt>
  <trkpt lat="26.41523000" lon="-80.16950833"><ele>12.331</ele><time>2026-07-18T13:47:21Z</time><speed>0.000</speed><sat>17</sat></trkpt>
  <trkpt lat="26.41523000" lon="-80.16950833"><ele>12.331</ele><time>2026-07-18T13:47:22Z</time><speed>0.000</speed><sat>17</sat></trkpt>
  <trkpt lat="26.41523000" lon="-80.16950833"><ele>12.331</ele><time>2026-07-18T13:47:23Z</time><speed>0.000</speed><sat>17</sat></trkpt>
  <trkpt lat="26.41523000" lon="-80.16950833"><ele>12.331</ele><time>2026-07-18T13:47:24Z</time><speed>0.000</speed><sat>17</sat></trkpt>
  <trkpt lat="26.41523000" lon="-80.16950833"><ele>12.331</ele><time>2026-07-18T13:47:25Z</time><speed>0.000</speed><sat>17</sat></trkpt>
  <trkpt lat="26.41523000" lon="-80.16950833"><ele>12.331</ele><time>2026-07-18T13:47:26Z</time><speed>0.000</speed><sat>17</sat></trkpt>
  <trkpt lat="26.41523000" lon="-80.16950833"><ele>12.331</ele><time>2026-07-18T13:47:27Z</time><speed>0.000</speed><sat>17</sat></trkpt>
  <trkpt lat="26.41523000" lon="-80.16950833"><ele>12.331</ele><time>2026-07-18T13:47:28Z</time><speed>0.000</speed><sat>17</sat></trkpt>
  <trkpt lat="26.41523000" lon="-80.16950833"><ele>12.331</ele><time>2026-07-18T13:47:29Z</time><speed>0.000</speed><sat>17</sat></trkpt>
  <trkpt lat="26.41523000" lon="-80.16950833"><ele>12.331</ele><time>2026-07-18T13:47:30Z</time><speed>0.000</speed><sat>17</sat></trkpt>
  <trkpt lat="26.41523000" lon="-80.16950833"><ele>12.331</ele><time>2026-07-18T13:47:31Z</time><speed>0.000</speed><sat>17</sat></trkpt>
  <trkpt lat="26.41523000" lon="-80.16950833"><ele>12.331</ele><time>2026-07-18T13:47:32Z</time><speed>0.000</speed><sat>17</sat></trkpt>
  <trkpt lat="26.41523000" lon="-80.16950833"><ele>12.331</ele><time>2026-07-18T13:47:33Z</time><speed>0.000</speed><sat>16</sat></trkpt>
  <trkpt lat="26.41523000" lon="-80.16950833"><ele>12.331</ele><time>2026-07-18T13:47:34Z</time><speed>0.000</speed><sat>16</sat></trkpt>
  <trkpt lat="26.41523000" lon="-80.16950833"><ele>12.331</ele><time>2026-07-18T13:47:35Z</time><speed>0.000</speed><sat>17</sat></trkpt>
  <trkpt lat="26.41522500" lon="-80.16949667"><ele>6.231</ele><time>2026-07-18T13:47:36Z</time><speed>0.224</speed><sat>17</sat></trkpt>
  <trkpt lat="26.41523000" lon="-80.16950333"><ele>6.331</ele><time>2026-07-18T13:47:37Z</time><speed>0.321</speed><sat>17</sat></trkpt>
  <trkpt lat="26.41523333" lon="-80.16951333"><ele>6.431</ele><time>2026-07-18T13:47:38Z</time><speed>0.464</speed><sat>17</sat></trkpt>
  <trkpt lat="26.41523833" lon="-80.16952333"><ele>7.031</ele><time>2026-07-18T13:47:39Z</time><speed>0.553</speed><sat>17</sat></trkpt>
  <trkpt lat="26.41524333" lon="-80.16954167"><ele>7.731</ele><time>2026-07-18T13:47:40Z</time><speed>0.717</speed><sat>17</sat></trkpt>
  <trkpt lat="26.41525333" lon="-80.16956500"><ele>8.331</ele><time>2026-07-18T13:47:41Z</time><speed>0.916</speed><sat>17</sat></trkpt>
  <trkpt lat="26.41526000" lon="-80.16959000"><ele>8.930</ele><time>2026-07-18T13:47:42Z</time><speed>1.133</speed><sat>17</sat></trkpt>
  <trkpt lat="26.41526667" lon="-80.16961167"><ele>9.330</ele><time>2026-07-18T13:47:43Z</time><speed>1.325</speed><sat>17</sat></trkpt>
  <trkpt lat="26.41527500" lon="-80.16963333"><ele>9.830</ele><time>2026-07-18T13:47:44Z</time><speed>1.558</speed><sat>17</sat></trkpt>
  <trkpt lat="26.41528333" lon="-80.16966000"><ele>9.930</ele><time>2026-07-18T13:47:45Z</time><speed>1.738</speed><sat>17</sat></trkpt>
  <trkpt lat="26.41528667" lon="-80.16968667"><ele>10.130</ele><time>2026-07-18T13:47:46Z</time><speed>1.926</speed><sat>17</sat></trkpt>
  <trkpt lat="26.41529000" lon="-80.16971167"><ele>10.130</ele><time>2026-07-18T13:47:47Z</time><speed>2.091</speed><sat>17</sat></trkpt>
  <trkpt lat="26.41529000" lon="-80.16974000"><ele>10.130</ele><time>2026-07-18T13:47:48Z</time><speed>2.204</speed><sat>17</sat></trkpt>
  <trkpt lat="26.41529167" lon="-80.16977000"><ele>10.130</ele><time>2026-07-18T13:47:49Z</time><speed>2.379</speed><sat>17</sat></trkpt>
  <trkpt lat="26.41528667" lon="-80.16980167"><ele>10.130</ele><time>2026-07-18T13:47:50Z</time><speed>2.509</speed><sat>17</sat></trkpt>
  <trkpt lat="26.41527833" lon="-80.16983500"><ele>10.530</ele><time>2026-07-18T13:47:51Z</time><speed>2.590</speed><sat>17</sat></trkpt>
  <trkpt lat="26.41527167" lon="-80.16986667"><ele>11.029</ele><time>2026-07-18T13:47:52Z</time><speed>2.658</speed><sat>17</sat></trkpt>
  <trkpt lat="26.41526500" lon="-80.16989333"><ele>11.129</ele><time>2026-07-18T13:47:53Z</time><speed>2.747</speed><sat>17</sat></trkpt>
  <trkpt lat="26.41526167" lon="-80.16991500"><ele>11.829</ele><time>2026-07-18T13:47:54Z</time><speed>2.773</speed><sat>17</sat></trkpt>
  <trkpt lat="26.41525833" lon="-80.16994333"><ele>12.029</ele><time>2026-07-18T13:47:55Z</time><speed>2.765</speed><sat>17</sat></trkpt>
  <trkpt lat="26.41525167" lon="-80.16997167"><ele>11.929</ele><time>2026-07-18T13:47:56Z</time><speed>2.749</speed><sat>17</sat></trkpt>
  <trkpt lat="26.41524500" lon="-80.16999500"><ele>11.429</ele><time>2026-07-18T13:47:57Z</time><speed>2.739</speed><sat>17</sat></trkpt>
  <trkpt lat="26.41524000" lon="-80.17002000"><ele>10.629</ele><time>2026-07-18T13:47:58Z</time><speed>2.756</speed><sat>17</sat></trkpt>
  <trkpt lat="26.41523167" lon="-80.17004333"><ele>10.729</ele><time>2026-07-18T13:47:59Z</time><speed>2.696</speed><sat>17</sat></trkpt>
  <trkpt lat="26.41522000" lon="-80.17006500"><ele>11.329</ele><time>2026-07-18T13:48:00Z</time><speed>2.598</speed><sat>17</sat></trkpt>
  <trkpt lat="26.41521333" lon="-80.17008833"><ele>11.128</ele><time>2026-07-18T13:48:01Z</time><speed>2.596</speed><sat>17</sat></trkpt>
  <trkpt lat="26.41520333" lon="-80.17012000"><ele>10.828</ele><time>2026-07-18T13:48:02Z</time><speed>2.603</speed><sat>17</sat></trkpt>
  <trkpt lat="26.41519500" lon="-80.17015000"><ele>10.628</ele><time>2026-07-18T13:48:03Z</time><speed>2.617</speed><sat>17</sat></trkpt>
  <trkpt lat="26.41518833" lon="-80.17017333"><ele>10.628</ele><time>2026-07-18T13:48:04Z</time><speed>2.574</speed><sat>17</sat></trkpt>
  <trkpt lat="26.41519000" lon="-80.17019833"><ele>10.328</ele><time>2026-07-18T13:48:05Z</time><speed>2.532</speed><sat>17</sat></trkpt>
  <trkpt lat="26.41519167" lon="-80.17022000"><ele>10.028</ele><time>2026-07-18T13:48:06Z</time><speed>2.540</speed><sat>17</sat></trkpt>
  <trkpt lat="26.41519500" lon="-80.17024833"><ele>9.528</ele><time>2026-07-18T13:48:07Z</time><speed>2.561</speed><sat>17</sat></trkpt>
  <trkpt lat="26.41519167" lon="-80.17027833"><ele>8.928</ele><time>2026-07-18T13:48:08Z</time><speed>2.620</speed><sat>16</sat></trkpt>
  <trkpt lat="26.41518333" lon="-80.17031833"><ele>9.127</ele><time>2026-07-18T13:48:09Z</time><speed>2.751</speed><sat>17</sat></trkpt>
  <trkpt lat="26.41518000" lon="-80.17035167"><ele>8.527</ele><time>2026-07-18T13:48:10Z</time><speed>2.862</speed><sat>17</sat></trkpt>
  <trkpt lat="26.41517833" lon="-80.17038333"><ele>7.827</ele><time>2026-07-18T13:48:11Z</time><speed>2.872</speed><sat>17</sat></trkpt>
  <trkpt lat="26.41517833" lon="-80.17040500"><ele>7.327</ele><time>2026-07-18T13:48:12Z</time><speed>2.755</speed><sat>17</sat></trkpt>
  <trkpt lat="26.41517500" lon="-80.17042500"><ele>7.027</ele><time>2026-07-18T13:48:13Z</time><speed>2.687</speed><sat>17</sat></trkpt>
  <trkpt lat="26.41516000" lon="-80.17046000"><ele>7.427</ele><time>2026-07-18T13:48:14Z</time><speed>2.730</speed><sat>17</sat></trkpt>
  <trkpt lat="26.41515500" lon="-80.17048833"><ele>8.427</ele><time>2026-07-18T13:48:15Z</time><speed>2.807</speed><sat>17</sat></trkpt>
  <trkpt lat="26.41515500" lon="-80.17051833"><ele>8.927</ele><time>2026-07-18T13:48:16Z</time><speed>2.871</speed><sat>17</sat></trkpt>
  <trkpt lat="26.41515667" lon="-80.17055167"><ele>9.026</ele><time>2026-07-18T13:48:17Z</time><speed>2.896</speed><sat>17</sat></trkpt>
  <trkpt lat="26.41515167" lon="-80.17058500"><ele>9.026</ele><time>2026-07-18T13:48:18Z</time><speed>2.895</speed><sat>17</sat></trkpt>
  <trkpt lat="26.41514667" lon="-80.17061833"><ele>9.126</ele><time>2026-07-18T13:48:19Z</time><speed>2.856</speed><sat>17</sat></trkpt>
  <trkpt lat="26.41513667" lon="-80.17064500"><ele>8.826</ele><time>2026-07-18T13:48:20Z</time><speed>2.845</speed><sat>17</sat></trkpt>
  <trkpt lat="26.41512500" lon="-80.17067000"><ele>8.826</ele><time>2026-07-18T13:48:21Z</time><speed>2.813</speed><sat>17</sat></trkpt>
  <trkpt lat="26.41511833" lon="-80.17068500"><ele>8.726</ele><time>2026-07-18T13:48:22Z</time><speed>2.811</speed><sat>17</sat></trkpt>
  <trkpt lat="26.41509833" lon="-80.17070667"><ele>9.326</ele><time>2026-07-18T13:48:23Z</time><speed>2.762</speed><sat>17</sat></trkpt>
  <trkpt lat="26.41507500" lon="-80.17072333"><ele>9.426</ele><time>2026-07-18T13:48:24Z</time><speed>2.729</speed><sat>17</sat></trkpt>
  <trkpt lat="26.41505333" lon="-80.17073667"><ele>9.826</ele><time>2026-07-18T13:48:25Z</time><speed>2.665</speed><sat>17</sat></trkpt>
  <trkpt lat="26.41503500" lon="-80.17074833"><ele>10.426</ele><time>2026-07-18T13:48:26Z</time><speed>2.525</speed><sat>17</sat></trkpt>
  <trkpt lat="26.41501333" lon="-80.17075167"><ele>10.626</ele><time>2026-07-18T13:48:27Z</time><speed>2.423</speed><sat>17</sat></trkpt>
  <trkpt lat="26.41499333" lon="-80.17074667"><ele>10.726</ele><time>2026-07-18T13:48:28Z</time><speed>2.298</speed><sat>17</sat></trkpt>
  <trkpt lat="26.41498000" lon="-80.17074333"><ele>10.626</ele><time>2026-07-18T13:48:29Z</time><speed>2.131</speed><sat>17</sat></trkpt>
  <trkpt lat="26.41496667" lon="-80.17074500"><ele>11.026</ele><time>2026-07-18T13:48:30Z</time><speed>1.993</speed><sat>17</sat></trkpt>
  <trkpt lat="26.41495000" lon="-80.17074833"><ele>11.326</ele><time>2026-07-18T13:48:31Z</time><speed>1.862</speed><sat>17</sat></trkpt>
  <trkpt lat="26.41493500" lon="-80.17075333"><ele>11.726</ele><time>2026-07-18T13:48:32Z</time><speed>1.831</speed><sat>17</sat></trkpt>
  <trkpt lat="26.41492500" lon="-80.17076000"><ele>11.325</ele><time>2026-07-18T13:48:33Z</time><speed>1.765</speed><sat>17</sat></trkpt>
  <trkpt lat="26.41491000" lon="-80.17076333"><ele>10.325</ele><time>2026-07-18T13:48:34Z</time><speed>1.649</speed><sat>17</sat></trkpt>
  <trkpt lat="26.41489667" lon="-80.17076167"><ele>9.725</ele><time>2026-07-18T13:48:35Z</time><speed>1.580</speed><sat>17</sat></trkpt>
  <trkpt lat="26.41488333" lon="-80.17076333"><ele>8.925</ele><time>2026-07-18T13:48:36Z</time><speed>1.535</speed><sat>17</sat></trkpt>
  <trkpt lat="26.41486833" lon="-80.17076667"><ele>8.525</ele><time>2026-07-18T13:48:37Z</time><speed>1.511</speed><sat>17</sat></trkpt>
  <trkpt lat="26.41485333" lon="-80.17076667"><ele>8.125</ele><time>2026-07-18T13:48:38Z</time><speed>1.442</speed><sat>17</sat></trkpt>
  <trkpt lat="26.41483833" lon="-80.17076667"><ele>8.325</ele><time>2026-07-18T13:48:39Z</time><speed>1.403</speed><sat>17</sat></trkpt>
  <trkpt lat="26.41482167" lon="-80.17076833"><ele>8.625</ele><time>2026-07-18T13:48:40Z</time><speed>1.367</speed><sat>17</sat></trkpt>
  <trkpt lat="26.41481000" lon="-80.17076833"><ele>8.725</ele><time>2026-07-18T13:48:41Z</time><speed>1.358</speed><sat>17</sat></trkpt>
  <trkpt lat="26.41480000" lon="-80.17077000"><ele>8.725</ele><time>2026-07-18T13:48:42Z</time><speed>1.341</speed><sat>17</sat></trkpt>
  <trkpt lat="26.41479000" lon="-80.17076833"><ele>8.225</ele><time>2026-07-18T13:48:43Z</time><speed>1.336</speed><sat>17</sat></trkpt>
  <trkpt lat="26.41477833" lon="-80.17077333"><ele>8.425</ele><time>2026-07-18T13:48:44Z</time><speed>1.349</speed><sat>17</sat></trkpt>
  <trkpt lat="26.41476500" lon="-80.17077667"><ele>8.425</ele><time>2026-07-18T13:48:45Z</time><speed>1.303</speed><sat>17</sat></trkpt>
  <trkpt lat="26.41475333" lon="-80.17078167"><ele>8.225</ele><time>2026-07-18T13:48:46Z</time><speed>1.267</speed><sat>17</sat></trkpt>
  <trkpt lat="26.41473833" lon="-80.17078500"><ele>8.325</ele><time>2026-07-18T13:48:47Z</time><speed>1.248</speed><sat>17</sat></trkpt>
  <trkpt lat="26.41472167" lon="-80.17079000"><ele>8.325</ele><time>2026-07-18T13:48:48Z</time><speed>1.305</speed><sat>17</sat></trkpt>
  <trkpt lat="26.41469667" lon="-80.17079667"><ele>8.125</ele><time>2026-07-18T13:48:49Z</time><speed>1.439</speed><sat>17</sat></trkpt>
  <trkpt lat="26.41467167" lon="-80.17079833"><ele>7.825</ele><time>2026-07-18T13:48:50Z</time><speed>1.577</speed><sat>17</sat></trkpt>
  <trkpt lat="26.41464333" lon="-80.17080000"><ele>7.125</ele><time>2026-07-18T13:48:51Z</time><speed>1.733</speed><sat>17</sat></trkpt>
  <trkpt lat="26.41460833" lon="-80.17080000"><ele>7.025</ele><time>2026-07-18T13:48:52Z</time><speed>1.942</speed><sat>17</sat></trkpt>
  <trkpt lat="26.41457500" lon="-80.17080333"><ele>6.825</ele><time>2026-07-18T13:48:53Z</time><speed>2.202</speed><sat>17</sat></trkpt>
  <trkpt lat="26.41454000" lon="-80.17080833"><ele>6.725</ele><time>2026-07-18T13:48:54Z</time><speed>2.451</speed><sat>17</sat></trkpt>
  <trkpt lat="26.41450167" lon="-80.17081167"><ele>6.525</ele><time>2026-07-18T13:48:55Z</time><speed>2.773</speed><sat>17</sat></trkpt>
  <trkpt lat="26.41446167" lon="-80.17081333"><ele>6.225</ele><time>2026-07-18T13:48:56Z</time><speed>3.113</speed><sat>17</sat></trkpt>
  <trkpt lat="26.41442167" lon="-80.17081667"><ele>5.725</ele><time>2026-07-18T13:48:57Z</time><speed>3.386</speed><sat>17</sat></trkpt>
  <trkpt lat="26.41438000" lon="-80.17081833"><ele>5.525</ele><time>2026-07-18T13:48:58Z</time><speed>3.681</speed><sat>17</sat></trkpt>
  <trkpt lat="26.41433333" lon="-80.17082000"><ele>5.025</ele><time>2026-07-18T13:48:59Z</time><speed>3.965</speed><sat>17</sat></trkpt>
  <trkpt lat="26.41428667" lon="-80.17081500"><ele>4.925</ele><time>2026-07-18T13:49:00Z</time><speed>4.216</speed><sat>17</sat></trkpt>
  <trkpt lat="26.41424000" lon="-80.17081500"><ele>4.925</ele><time>2026-07-18T13:49:01Z</time><speed>4.443</speed><sat>17</sat></trkpt>
  <trkpt lat="26.41418833" lon="-80.17082000"><ele>4.925</ele><time>2026-07-18T13:49:02Z</time><speed>4.629</speed><sat>17</sat></trkpt>
  <trkpt lat="26.41413667" lon="-80.17080833"><ele>7.025</ele><time>2026-07-18T13:49:03Z</time><speed>4.770</speed><sat>17</sat></trkpt>
  <trkpt lat="26.41408833" lon="-80.17080333"><ele>8.025</ele><time>2026-07-18T13:49:04Z</time><speed>4.903</speed><sat>17</sat></trkpt>
  <trkpt lat="26.41404333" lon="-80.17080500"><ele>7.725</ele><time>2026-07-18T13:49:05Z</time><speed>4.983</speed><sat>17</sat></trkpt>
  <trkpt lat="26.41399667" lon="-80.17081000"><ele>7.425</ele><time>2026-07-18T13:49:06Z</time><speed>5.065</speed><sat>17</sat></trkpt>
  <trkpt lat="26.41394833" lon="-80.17080833"><ele>7.525</ele><time>2026-07-18T13:49:07Z</time><speed>5.155</speed><sat>17</sat></trkpt>
  <trkpt lat="26.41389833" lon="-80.17080167"><ele>7.525</ele><time>2026-07-18T13:49:08Z</time><speed>5.236</speed><sat>17</sat></trkpt>
  <trkpt lat="26.41385000" lon="-80.17080000"><ele>7.225</ele><time>2026-07-18T13:49:09Z</time><speed>5.270</speed><sat>17</sat></trkpt>
  <trkpt lat="26.41380667" lon="-80.17080667"><ele>5.925</ele><time>2026-07-18T13:49:10Z</time><speed>5.249</speed><sat>17</sat></trkpt>
  <trkpt lat="26.41376167" lon="-80.17080333"><ele>5.925</ele><time>2026-07-18T13:49:11Z</time><speed>5.236</speed><sat>17</sat></trkpt>
  <trkpt lat="26.41371500" lon="-80.17080167"><ele>6.125</ele><time>2026-07-18T13:49:12Z</time><speed>5.170</speed><sat>17</sat></trkpt>
  <trkpt lat="26.41367167" lon="-80.17080000"><ele>6.025</ele><time>2026-07-18T13:49:13Z</time><speed>5.130</speed><sat>17</sat></trkpt>
  <trkpt lat="26.41363000" lon="-80.17079833"><ele>5.925</ele><time>2026-07-18T13:49:14Z</time><speed>5.089</speed><sat>17</sat></trkpt>
  <trkpt lat="26.41358333" lon="-80.17079167"><ele>5.925</ele><time>2026-07-18T13:49:15Z</time><speed>5.100</speed><sat>17</sat></trkpt>
  <trkpt lat="26.41354000" lon="-80.17079667"><ele>5.025</ele><time>2026-07-18T13:49:16Z</time><speed>5.042</speed><sat>17</sat></trkpt>
  <trkpt lat="26.41349667" lon="-80.17079833"><ele>4.325</ele><time>2026-07-18T13:49:17Z</time><speed>5.038</speed><sat>17</sat></trkpt>
  <trkpt lat="26.41344667" lon="-80.17079333"><ele>4.225</ele><time>2026-07-18T13:49:18Z</time><speed>4.973</speed><sat>17</sat></trkpt>
  <trkpt lat="26.41340000" lon="-80.17079167"><ele>4.125</ele><time>2026-07-18T13:49:19Z</time><speed>4.927</speed><sat>17</sat></trkpt>
  <trkpt lat="26.41335667" lon="-80.17080167"><ele>3.324</ele><time>2026-07-18T13:49:20Z</time><speed>4.912</speed><sat>17</sat></trkpt>
  <trkpt lat="26.41331167" lon="-80.17080333"><ele>3.224</ele><time>2026-07-18T13:49:21Z</time><speed>4.891</speed><sat>17</sat></trkpt>
  <trkpt lat="26.41326833" lon="-80.17080500"><ele>3.424</ele><time>2026-07-18T13:49:22Z</time><speed>4.897</speed><sat>17</sat></trkpt>
  <trkpt lat="26.41322667" lon="-80.17080500"><ele>3.524</ele><time>2026-07-18T13:49:23Z</time><speed>4.857</speed><sat>17</sat></trkpt>
  <trkpt lat="26.41318500" lon="-80.17080167"><ele>3.524</ele><time>2026-07-18T13:49:24Z</time><speed>4.828</speed><sat>17</sat></trkpt>
  <trkpt lat="26.41314500" lon="-80.17079500"><ele>3.324</ele><time>2026-07-18T13:49:25Z</time><speed>4.751</speed><sat>17</sat></trkpt>
  <trkpt lat="26.41310500" lon="-80.17079167"><ele>3.224</ele><time>2026-07-18T13:49:26Z</time><speed>4.728</speed><sat>17</sat></trkpt>
  <trkpt lat="26.41306333" lon="-80.17078333"><ele>3.624</ele><time>2026-07-18T13:49:27Z</time><speed>4.668</speed><sat>17</sat></trkpt>
  <trkpt lat="26.41302167" lon="-80.17077333"><ele>3.724</ele><time>2026-07-18T13:49:28Z</time><speed>4.624</speed><sat>17</sat></trkpt>
  <trkpt lat="26.41297833" lon="-80.17076333"><ele>4.024</ele><time>2026-07-18T13:49:29Z</time><speed>4.597</speed><sat>17</sat></trkpt>
  <trkpt lat="26.41293333" lon="-80.17075167"><ele>4.424</ele><time>2026-07-18T13:49:30Z</time><speed>4.599</speed><sat>17</sat></trkpt>
  <trkpt lat="26.41289500" lon="-80.17075167"><ele>4.424</ele><time>2026-07-18T13:49:31Z</time><speed>4.555</speed><sat>17</sat></trkpt>
  <trkpt lat="26.41285500" lon="-80.17074833"><ele>4.424</ele><time>2026-07-18T13:49:32Z</time><speed>4.507</speed><sat>17</sat></trkpt>
  <trkpt lat="26.41281667" lon="-80.17075167"><ele>4.324</ele><time>2026-07-18T13:49:33Z</time><speed>4.489</speed><sat>17</sat></trkpt>
  <trkpt lat="26.41278000" lon="-80.17075500"><ele>4.024</ele><time>2026-07-18T13:49:34Z</time><speed>4.428</speed><sat>17</sat></trkpt>
  <trkpt lat="26.41274333" lon="-80.17075833"><ele>3.824</ele><time>2026-07-18T13:49:35Z</time><speed>4.380</speed><sat>17</sat></trkpt>
  <trkpt lat="26.41270833" lon="-80.17076333"><ele>3.724</ele><time>2026-07-18T13:49:36Z</time><speed>4.316</speed><sat>17</sat></trkpt>
  <trkpt lat="26.41266833" lon="-80.17077000"><ele>3.424</ele><time>2026-07-18T13:49:37Z</time><speed>4.292</speed><sat>17</sat></trkpt>
  <trkpt lat="26.41263000" lon="-80.17077667"><ele>3.324</ele><time>2026-07-18T13:49:38Z</time><speed>4.267</speed><sat>17</sat></trkpt>
  <trkpt lat="26.41259500" lon="-80.17078500"><ele>2.824</ele><time>2026-07-18T13:49:39Z</time><speed>4.203</speed><sat>17</sat></trkpt>
  <trkpt lat="26.41255333" lon="-80.17078167"><ele>2.924</ele><time>2026-07-18T13:49:40Z</time><speed>4.145</speed><sat>16</sat></trkpt>
  <trkpt lat="26.41251500" lon="-80.17078667"><ele>2.224</ele><time>2026-07-18T13:49:41Z</time><speed>4.160</speed><sat>17</sat></trkpt>
  <trkpt lat="26.41247333" lon="-80.17078333"><ele>1.724</ele><time>2026-07-18T13:49:42Z</time><speed>4.166</speed><sat>17</sat></trkpt>
  <trkpt lat="26.41243167" lon="-80.17077833"><ele>1.424</ele><time>2026-07-18T13:49:43Z</time><speed>4.202</speed><sat>17</sat></trkpt>
  <trkpt lat="26.41238833" lon="-80.17077500"><ele>0.824</ele><time>2026-07-18T13:49:44Z</time><speed>4.259</speed><sat>17</sat></trkpt>
  <trkpt lat="26.41234167" lon="-80.17076167"><ele>1.124</ele><time>2026-07-18T13:49:45Z</time><speed>4.344</speed><sat>17</sat></trkpt>
  <trkpt lat="26.41230167" lon="-80.17075333"><ele>1.424</ele><time>2026-07-18T13:49:46Z</time><speed>4.413</speed><sat>17</sat></trkpt>
  <trkpt lat="26.41226167" lon="-80.17076167"><ele>1.024</ele><time>2026-07-18T13:49:47Z</time><speed>4.431</speed><sat>15</sat></trkpt>
  <trkpt lat="26.41222333" lon="-80.17077000"><ele>0.624</ele><time>2026-07-18T13:49:48Z</time><speed>4.437</speed><sat>15</sat></trkpt>
  <trkpt lat="26.41218333" lon="-80.17077000"><ele>0.824</ele><time>2026-07-18T13:49:49Z</time><speed>4.465</speed><sat>16</sat></trkpt>
  <trkpt lat="26.41213833" lon="-80.17076667"><ele>2.124</ele><time>2026-07-18T13:49:50Z</time><speed>4.558</speed><sat>17</sat></trkpt>
  <trkpt lat="26.41209167" lon="-80.17075833"><ele>2.124</ele><time>2026-07-18T13:49:51Z</time><speed>4.530</speed><sat>17</sat></trkpt>
  <trkpt lat="26.41205333" lon="-80.17075667"><ele>2.324</ele><time>2026-07-18T13:49:52Z</time><speed>4.545</speed><sat>17</sat></trkpt>
  <trkpt lat="26.41201667" lon="-80.17076333"><ele>1.924</ele><time>2026-07-18T13:49:53Z</time><speed>4.542</speed><sat>17</sat></trkpt>
  <trkpt lat="26.41197667" lon="-80.17076167"><ele>2.524</ele><time>2026-07-18T13:49:54Z</time><speed>4.495</speed><sat>17</sat></trkpt>
  <trkpt lat="26.41195000" lon="-80.17077667"><ele>2.524</ele><time>2026-07-18T13:49:55Z</time><speed>4.344</speed><sat>17</sat></trkpt>
  <trkpt lat="26.41192333" lon="-80.17078500"><ele>2.324</ele><time>2026-07-18T13:49:56Z</time><speed>4.201</speed><sat>17</sat></trkpt>
  <trkpt lat="26.41189167" lon="-80.17077833"><ele>2.224</ele><time>2026-07-18T13:49:57Z</time><speed>4.088</speed><sat>15</sat></trkpt>
  <trkpt lat="26.41186167" lon="-80.17077333"><ele>2.424</ele><time>2026-07-18T13:49:58Z</time><speed>3.970</speed><sat>14</sat></trkpt>
  <trkpt lat="26.41183167" lon="-80.17077167"><ele>2.224</ele><time>2026-07-18T13:49:59Z</time><speed>3.845</speed><sat>15</sat></trkpt>
  <trkpt lat="26.41180167" lon="-80.17077500"><ele>2.024</ele><time>2026-07-18T13:50:00Z</time><speed>3.677</speed><sat>16</sat></trkpt>
  <trkpt lat="26.41176833" lon="-80.17076000"><ele>2.224</ele><time>2026-07-18T13:50:01Z</time><speed>3.571</speed><sat>17</sat></trkpt>
  <trkpt lat="26.41173167" lon="-80.17074667"><ele>1.324</ele><time>2026-07-18T13:50:02Z</time><speed>3.398</speed><sat>17</sat></trkpt>
  <trkpt lat="26.41170167" lon="-80.17073500"><ele>0.724</ele><time>2026-07-18T13:50:03Z</time><speed>3.220</speed><sat>17</sat></trkpt>
  <trkpt lat="26.41166667" lon="-80.17073000"><ele>0.824</ele><time>2026-07-18T13:50:04Z</time><speed>3.140</speed><sat>17</sat></trkpt>
  <trkpt lat="26.41162500" lon="-80.17072333"><ele>1.024</ele><time>2026-07-18T13:50:05Z</time><speed>3.203</speed><sat>17</sat></trkpt>
  <trkpt lat="26.41158000" lon="-80.17071833"><ele>1.224</ele><time>2026-07-18T13:50:06Z</time><speed>3.317</speed><sat>17</sat></trkpt>
  <trkpt lat="26.41154000" lon="-80.17071167"><ele>1.424</ele><time>2026-07-18T13:50:07Z</time><speed>3.350</speed><sat>17</sat></trkpt>
  <trkpt lat="26.41150333" lon="-80.17071000"><ele>1.524</ele><time>2026-07-18T13:50:08Z</time><speed>3.458</speed><sat>17</sat></trkpt>
  <trkpt lat="26.41146500" lon="-80.17071000"><ele>1.324</ele><time>2026-07-18T13:50:09Z</time><speed>3.572</speed><sat>17</sat></trkpt>
  <trkpt lat="26.41142833" lon="-80.17071167"><ele>1.624</ele><time>2026-07-18T13:50:10Z</time><speed>3.630</speed><sat>17</sat></trkpt>
  <trkpt lat="26.41139500" lon="-80.17071333"><ele>2.824</ele><time>2026-07-18T13:50:11Z</time><speed>3.699</speed><sat>17</sat></trkpt>
  <trkpt lat="26.41136500" lon="-80.17071667"><ele>3.424</ele><time>2026-07-18T13:50:12Z</time><speed>3.789</speed><sat>17</sat></trkpt>
  <trkpt lat="26.41133500" lon="-80.17072000"><ele>3.924</ele><time>2026-07-18T13:50:13Z</time><speed>3.886</speed><sat>17</sat></trkpt>
  <trkpt lat="26.41130833" lon="-80.17073500"><ele>3.824</ele><time>2026-07-18T13:50:14Z</time><speed>3.929</speed><sat>17</sat></trkpt>
  <trkpt lat="26.41127500" lon="-80.17073500"><ele>4.124</ele><time>2026-07-18T13:50:15Z</time><speed>3.900</speed><sat>17</sat></trkpt>
  <trkpt lat="26.41124167" lon="-80.17073667"><ele>3.524</ele><time>2026-07-18T13:50:16Z</time><speed>3.836</speed><sat>17</sat></trkpt>
  <trkpt lat="26.41120667" lon="-80.17073667"><ele>3.423</ele><time>2026-07-18T13:50:17Z</time><speed>3.855</speed><sat>17</sat></trkpt>
  <trkpt lat="26.41116833" lon="-80.17073000"><ele>3.424</ele><time>2026-07-18T13:50:18Z</time><speed>3.823</speed><sat>17</sat></trkpt>
  <trkpt lat="26.41112833" lon="-80.17071667"><ele>3.924</ele><time>2026-07-18T13:50:19Z</time><speed>3.823</speed><sat>17</sat></trkpt>
  <trkpt lat="26.41108667" lon="-80.17070500"><ele>4.524</ele><time>2026-07-18T13:50:20Z</time><speed>3.829</speed><sat>17</sat></trkpt>
  <trkpt lat="26.41105000" lon="-80.17069667"><ele>5.224</ele><time>2026-07-18T13:50:21Z</time><speed>3.782</speed><sat>17</sat></trkpt>
  <trkpt lat="26.41101667" lon="-80.17068667"><ele>5.724</ele><time>2026-07-18T13:50:22Z</time><speed>3.806</speed><sat>17</sat></trkpt>
  <trkpt lat="26.41098333" lon="-80.17067833"><ele>6.924</ele><time>2026-07-18T13:50:23Z</time><speed>3.789</speed><sat>17</sat></trkpt>
  <trkpt lat="26.41095000" lon="-80.17067667"><ele>7.824</ele><time>2026-07-18T13:50:24Z</time><speed>3.771</speed><sat>17</sat></trkpt>
  <trkpt lat="26.41092333" lon="-80.17067500"><ele>8.824</ele><time>2026-07-18T13:50:25Z</time><speed>3.705</speed><sat>17</sat></trkpt>
  <trkpt lat="26.41089333" lon="-80.17067833"><ele>9.124</ele><time>2026-07-18T13:50:26Z</time><speed>3.661</speed><sat>17</sat></trkpt>
  <trkpt lat="26.41086167" lon="-80.17068333"><ele>10.324</ele><time>2026-07-18T13:50:27Z</time><speed>3.607</speed><sat>17</sat></trkpt>
  <trkpt lat="26.41083000" lon="-80.17068000"><ele>11.024</ele><time>2026-07-18T13:50:28Z</time><speed>3.538</speed><sat>17</sat></trkpt>
  <trkpt lat="26.41080000" lon="-80.17068167"><ele>11.023</ele><time>2026-07-18T13:50:29Z</time><speed>3.437</speed><sat>17</sat></trkpt>
  <trkpt lat="26.41076833" lon="-80.17067833"><ele>10.823</ele><time>2026-07-18T13:50:30Z</time><speed>3.350</speed><sat>17</sat></trkpt>
  <trkpt lat="26.41073167" lon="-80.17067167"><ele>10.823</ele><time>2026-07-18T13:50:31Z</time><speed>3.390</speed><sat>17</sat></trkpt>
  <trkpt lat="26.41069333" lon="-80.17066667"><ele>10.523</ele><time>2026-07-18T13:50:32Z</time><speed>3.361</speed><sat>17</sat></trkpt>
  <trkpt lat="26.41065500" lon="-80.17066500"><ele>10.223</ele><time>2026-07-18T13:50:33Z</time><speed>3.416</speed><sat>17</sat></trkpt>
  <trkpt lat="26.41061500" lon="-80.17066667"><ele>9.823</ele><time>2026-07-18T13:50:34Z</time><speed>3.467</speed><sat>17</sat></trkpt>
  <trkpt lat="26.41057500" lon="-80.17067167"><ele>9.623</ele><time>2026-07-18T13:50:35Z</time><speed>3.568</speed><sat>17</sat></trkpt>
  <trkpt lat="26.41053333" lon="-80.17067667"><ele>9.023</ele><time>2026-07-18T13:50:36Z</time><speed>3.704</speed><sat>17</sat></trkpt>
  <trkpt lat="26.41049333" lon="-80.17067833"><ele>9.123</ele><time>2026-07-18T13:50:37Z</time><speed>3.814</speed><sat>17</sat></trkpt>
  <trkpt lat="26.41045333" lon="-80.17067667"><ele>8.723</ele><time>2026-07-18T13:50:38Z</time><speed>3.883</speed><sat>17</sat></trkpt>
  <trkpt lat="26.41041667" lon="-80.17067667"><ele>8.223</ele><time>2026-07-18T13:50:39Z</time><speed>3.909</speed><sat>17</sat></trkpt>
  <trkpt lat="26.41038500" lon="-80.17067000"><ele>8.323</ele><time>2026-07-18T13:50:40Z</time><speed>3.972</speed><sat>17</sat></trkpt>
  <trkpt lat="26.41035167" lon="-80.17066333"><ele>8.023</ele><time>2026-07-18T13:50:41Z</time><speed>4.007</speed><sat>17</sat></trkpt>
  <trkpt lat="26.41031500" lon="-80.17066333"><ele>8.023</ele><time>2026-07-18T13:50:42Z</time><speed>4.025</speed><sat>17</sat></trkpt>
  <trkpt lat="26.41028000" lon="-80.17066500"><ele>7.823</ele><time>2026-07-18T13:50:43Z</time><speed>3.969</speed><sat>17</sat></trkpt>
  <trkpt lat="26.41025000" lon="-80.17067167"><ele>7.823</ele><time>2026-07-18T13:50:44Z</time><speed>3.952</speed><sat>17</sat></trkpt>
  <trkpt lat="26.41021667" lon="-80.17068167"><ele>7.823</ele><time>2026-07-18T13:50:45Z</time><speed>3.946</speed><sat>17</sat></trkpt>
  <trkpt lat="26.41018833" lon="-80.17069500"><ele>7.423</ele><time>2026-07-18T13:50:46Z</time><speed>3.875</speed><sat>17</sat></trkpt>
  <trkpt lat="26.41016000" lon="-80.17070333"><ele>7.123</ele><time>2026-07-18T13:50:47Z</time><speed>3.794</speed><sat>17</sat></trkpt>
  <trkpt lat="26.41013333" lon="-80.17071500"><ele>6.523</ele><time>2026-07-18T13:50:48Z</time><speed>3.756</speed><sat>17</sat></trkpt>
  <trkpt lat="26.41010167" lon="-80.17072833"><ele>6.123</ele><time>2026-07-18T13:50:49Z</time><speed>3.754</speed><sat>17</sat></trkpt>
  <trkpt lat="26.41006500" lon="-80.17073167"><ele>5.823</ele><time>2026-07-18T13:50:50Z</time><speed>3.732</speed><sat>17</sat></trkpt>
  <trkpt lat="26.41003167" lon="-80.17073500"><ele>5.623</ele><time>2026-07-18T13:50:51Z</time><speed>3.644</speed><sat>17</sat></trkpt>
  <trkpt lat="26.41000167" lon="-80.17074167"><ele>5.123</ele><time>2026-07-18T13:50:52Z</time><speed>3.632</speed><sat>17</sat></trkpt>
  <trkpt lat="26.40995833" lon="-80.17074500"><ele>5.323</ele><time>2026-07-18T13:50:53Z</time><speed>3.612</speed><sat>17</sat></trkpt>
  <trkpt lat="26.40992500" lon="-80.17075000"><ele>4.623</ele><time>2026-07-18T13:50:54Z</time><speed>3.562</speed><sat>17</sat></trkpt>
  <trkpt lat="26.40989167" lon="-80.17074333"><ele>3.923</ele><time>2026-07-18T13:50:55Z</time><speed>3.492</speed><sat>17</sat></trkpt>
  <trkpt lat="26.40985833" lon="-80.17074000"><ele>3.723</ele><time>2026-07-18T13:50:56Z</time><speed>3.417</speed><sat>16</sat></trkpt>
  <trkpt lat="26.40982833" lon="-80.17074333"><ele>3.123</ele><time>2026-07-18T13:50:57Z</time><speed>3.362</speed><sat>16</sat></trkpt>
  <trkpt lat="26.40979500" lon="-80.17074167"><ele>2.623</ele><time>2026-07-18T13:50:58Z</time><speed>3.335</speed><sat>17</sat></trkpt>
  <trkpt lat="26.40976333" lon="-80.17074667"><ele>1.823</ele><time>2026-07-18T13:50:59Z</time><speed>3.323</speed><sat>17</sat></trkpt>
  <trkpt lat="26.40972833" lon="-80.17074667"><ele>1.423</ele><time>2026-07-18T13:51:00Z</time><speed>3.288</speed><sat>17</sat></trkpt>
  <trkpt lat="26.40969500" lon="-80.17074167"><ele>1.023</ele><time>2026-07-18T13:51:01Z</time><speed>3.268</speed><sat>17</sat></trkpt>
  <trkpt lat="26.40966333" lon="-80.17073167"><ele>1.123</ele><time>2026-07-18T13:51:02Z</time><speed>3.239</speed><sat>17</sat></trkpt>
  <trkpt lat="26.40964333" lon="-80.17071833"><ele>0.723</ele><time>2026-07-18T13:51:03Z</time><speed>3.205</speed><sat>17</sat></trkpt>
  <trkpt lat="26.40963167" lon="-80.17070167"><ele>0.323</ele><time>2026-07-18T13:51:04Z</time><speed>3.116</speed><sat>17</sat></trkpt>
  <trkpt lat="26.40962000" lon="-80.17068167"><ele>0.623</ele><time>2026-07-18T13:51:05Z</time><speed>3.000</speed><sat>17</sat></trkpt>
  <trkpt lat="26.40961500" lon="-80.17065833"><ele>-0.277</ele><time>2026-07-18T13:51:06Z</time><speed>2.947</speed><sat>17</sat></trkpt>
  <trkpt lat="26.40961333" lon="-80.17062000"><ele>0.323</ele><time>2026-07-18T13:51:07Z</time><speed>2.894</speed><sat>17</sat></trkpt>
  <trkpt lat="26.40960333" lon="-80.17057000"><ele>1.723</ele><time>2026-07-18T13:51:08Z</time><speed>2.882</speed><sat>17</sat></trkpt>
  <trkpt lat="26.40961000" lon="-80.17053833"><ele>2.323</ele><time>2026-07-18T13:51:09Z</time><speed>2.896</speed><sat>17</sat></trkpt>
  <trkpt lat="26.40961333" lon="-80.17049167"><ele>3.524</ele><time>2026-07-18T13:51:10Z</time><speed>2.931</speed><sat>17</sat></trkpt>
  <trkpt lat="26.40960667" lon="-80.17044500"><ele>4.424</ele><time>2026-07-18T13:51:11Z</time><speed>3.014</speed><sat>16</sat></trkpt>
  <trkpt lat="26.40960333" lon="-80.17040167"><ele>4.524</ele><time>2026-07-18T13:51:12Z</time><speed>3.064</speed><sat>16</sat></trkpt>
  <trkpt lat="26.40960333" lon="-80.17035333"><ele>5.324</ele><time>2026-07-18T13:51:13Z</time><speed>3.137</speed><sat>16</sat></trkpt>
  <trkpt lat="26.40960167" lon="-80.17030833"><ele>5.424</ele><time>2026-07-18T13:51:14Z</time><speed>3.271</speed><sat>16</sat></trkpt>
  <trkpt lat="26.40960000" lon="-80.17026500"><ele>5.325</ele><time>2026-07-18T13:51:15Z</time><speed>3.417</speed><sat>16</sat></trkpt>
  <trkpt lat="26.40959833" lon="-80.17022167"><ele>5.625</ele><time>2026-07-18T13:51:16Z</time><speed>3.526</speed><sat>16</sat></trkpt>
  <trkpt lat="26.40959333" lon="-80.17018167"><ele>6.625</ele><time>2026-07-18T13:51:17Z</time><speed>3.632</speed><sat>16</sat></trkpt>
  <trkpt lat="26.40958833" lon="-80.17014333"><ele>7.225</ele><time>2026-07-18T13:51:18Z</time><speed>3.642</speed><sat>16</sat></trkpt>
  <trkpt lat="26.40958500" lon="-80.17010833"><ele>7.325</ele><time>2026-07-18T13:51:19Z</time><speed>3.618</speed><sat>16</sat></trkpt>
  <trkpt lat="26.40958000" lon="-80.17007500"><ele>7.825</ele><time>2026-07-18T13:51:20Z</time><speed>3.588</speed><sat>16</sat></trkpt>
  <trkpt lat="26.40958167" lon="-80.17003667"><ele>8.225</ele><time>2026-07-18T13:51:21Z</time><speed>3.581</speed><sat>16</sat></trkpt>
  <trkpt lat="26.40958500" lon="-80.17000167"><ele>8.526</ele><time>2026-07-18T13:51:22Z</time><speed>3.544</speed><sat>16</sat></trkpt>
  <trkpt lat="26.40958667" lon="-80.16996833"><ele>8.626</ele><time>2026-07-18T13:51:23Z</time><speed>3.472</speed><sat>16</sat></trkpt>
  <trkpt lat="26.40959000" lon="-80.16994000"><ele>8.726</ele><time>2026-07-18T13:51:24Z</time><speed>3.371</speed><sat>16</sat></trkpt>
  <trkpt lat="26.40959000" lon="-80.16991167"><ele>8.926</ele><time>2026-07-18T13:51:25Z</time><speed>3.292</speed><sat>16</sat></trkpt>
  <trkpt lat="26.40959167" lon="-80.16989000"><ele>9.026</ele><time>2026-07-18T13:51:26Z</time><speed>3.139</speed><sat>16</sat></trkpt>
  <trkpt lat="26.40959000" lon="-80.16987500"><ele>9.426</ele><time>2026-07-18T13:51:27Z</time><speed>2.941</speed><sat>16</sat></trkpt>
  <trkpt lat="26.40959167" lon="-80.16985667"><ele>9.626</ele><time>2026-07-18T13:51:28Z</time><speed>2.767</speed><sat>16</sat></trkpt>
  <trkpt lat="26.40959000" lon="-80.16984000"><ele>9.626</ele><time>2026-07-18T13:51:29Z</time><speed>2.592</speed><sat>16</sat></trkpt>
  <trkpt lat="26.40959167" lon="-80.16982333"><ele>9.726</ele><time>2026-07-18T13:51:30Z</time><speed>2.411</speed><sat>16</sat></trkpt>
  <trkpt lat="26.40959000" lon="-80.16981167"><ele>9.926</ele><time>2026-07-18T13:51:31Z</time><speed>2.171</speed><sat>16</sat></trkpt>
  <trkpt lat="26.40958667" lon="-80.16979833"><ele>10.226</ele><time>2026-07-18T13:51:32Z</time><speed>1.985</speed><sat>16</sat></trkpt>
  <trkpt lat="26.40958833" lon="-80.16978000"><ele>10.627</ele><time>2026-07-18T13:51:33Z</time><speed>1.895</speed><sat>16</sat></trkpt>
  <trkpt lat="26.40958667" lon="-80.16976500"><ele>10.727</ele><time>2026-07-18T13:51:34Z</time><speed>1.781</speed><sat>16</sat></trkpt>
  <trkpt lat="26.40958333" lon="-80.16975167"><ele>10.827</ele><time>2026-07-18T13:51:35Z</time><speed>1.660</speed><sat>16</sat></trkpt>
  <trkpt lat="26.40958167" lon="-80.16973833"><ele>11.027</ele><time>2026-07-18T13:51:36Z</time><speed>1.587</speed><sat>16</sat></trkpt>
  <trkpt lat="26.40957833" lon="-80.16972667"><ele>11.027</ele><time>2026-07-18T13:51:37Z</time><speed>1.515</speed><sat>16</sat></trkpt>
  <trkpt lat="26.40957167" lon="-80.16971500"><ele>10.627</ele><time>2026-07-18T13:51:38Z</time><speed>1.498</speed><sat>16</sat></trkpt>
  <trkpt lat="26.40956667" lon="-80.16969500"><ele>9.927</ele><time>2026-07-18T13:51:39Z</time><speed>1.564</speed><sat>16</sat></trkpt>
  <trkpt lat="26.40956167" lon="-80.16967167"><ele>9.227</ele><time>2026-07-18T13:51:40Z</time><speed>1.638</speed><sat>16</sat></trkpt>
  <trkpt lat="26.40956167" lon="-80.16964500"><ele>8.827</ele><time>2026-07-18T13:51:41Z</time><speed>1.758</speed><sat>16</sat></trkpt>
  <trkpt lat="26.40956167" lon="-80.16961500"><ele>8.327</ele><time>2026-07-18T13:51:42Z</time><speed>1.893</speed><sat>16</sat></trkpt>
  <trkpt lat="26.40956333" lon="-80.16958000"><ele>7.927</ele><time>2026-07-18T13:51:43Z</time><speed>2.011</speed><sat>16</sat></trkpt>
  <trkpt lat="26.40956667" lon="-80.16954833"><ele>7.527</ele><time>2026-07-18T13:51:44Z</time><speed>2.181</speed><sat>16</sat></trkpt>
  <trkpt lat="26.40957333" lon="-80.16951500"><ele>7.228</ele><time>2026-07-18T13:51:45Z</time><speed>2.364</speed><sat>16</sat></trkpt>
  <trkpt lat="26.40958000" lon="-80.16947833"><ele>7.528</ele><time>2026-07-18T13:51:46Z</time><speed>2.602</speed><sat>16</sat></trkpt>
  <trkpt lat="26.40958667" lon="-80.16944000"><ele>7.628</ele><time>2026-07-18T13:51:47Z</time><speed>2.845</speed><sat>16</sat></trkpt>
  <trkpt lat="26.40959000" lon="-80.16940333"><ele>7.628</ele><time>2026-07-18T13:51:48Z</time><speed>3.037</speed><sat>16</sat></trkpt>
  <trkpt lat="26.40959333" lon="-80.16936667"><ele>7.628</ele><time>2026-07-18T13:51:49Z</time><speed>3.169</speed><sat>16</sat></trkpt>
  <trkpt lat="26.40959333" lon="-80.16932833"><ele>7.428</ele><time>2026-07-18T13:51:50Z</time><speed>3.293</speed><sat>16</sat></trkpt>
  <trkpt lat="26.40959167" lon="-80.16929000"><ele>7.529</ele><time>2026-07-18T13:51:51Z</time><speed>3.406</speed><sat>16</sat></trkpt>
  <trkpt lat="26.40959000" lon="-80.16925333"><ele>7.629</ele><time>2026-07-18T13:51:52Z</time><speed>3.487</speed><sat>16</sat></trkpt>
  <trkpt lat="26.40959500" lon="-80.16921667"><ele>8.029</ele><time>2026-07-18T13:51:53Z</time><speed>3.531</speed><sat>16</sat></trkpt>
  <trkpt lat="26.40959667" lon="-80.16917833"><ele>8.029</ele><time>2026-07-18T13:51:54Z</time><speed>3.587</speed><sat>16</sat></trkpt>
  <trkpt lat="26.40960333" lon="-80.16913833"><ele>8.229</ele><time>2026-07-18T13:51:55Z</time><speed>3.641</speed><sat>16</sat></trkpt>
  <trkpt lat="26.40961000" lon="-80.16909667"><ele>8.529</ele><time>2026-07-18T13:51:56Z</time><speed>3.682</speed><sat>16</sat></trkpt>
  <trkpt lat="26.40961667" lon="-80.16905500"><ele>8.730</ele><time>2026-07-18T13:51:57Z</time><speed>3.782</speed><sat>16</sat></trkpt>
  <trkpt lat="26.40962500" lon="-80.16901000"><ele>9.530</ele><time>2026-07-18T13:51:58Z</time><speed>3.872</speed><sat>16</sat></trkpt>
  <trkpt lat="26.40963000" lon="-80.16896667"><ele>10.730</ele><time>2026-07-18T13:51:59Z</time><speed>3.941</speed><sat>15</sat></trkpt>
  <trkpt lat="26.40963500" lon="-80.16892333"><ele>11.130</ele><time>2026-07-18T13:52:00Z</time><speed>4.000</speed><sat>16</sat></trkpt>
  <trkpt lat="26.40963833" lon="-80.16888500"><ele>11.230</ele><time>2026-07-18T13:52:01Z</time><speed>3.998</speed><sat>16</sat></trkpt>
  <trkpt lat="26.40964167" lon="-80.16884333"><ele>10.930</ele><time>2026-07-18T13:52:02Z</time><speed>4.025</speed><sat>16</sat></trkpt>
  <trkpt lat="26.40963833" lon="-80.16880167"><ele>10.231</ele><time>2026-07-18T13:52:03Z</time><speed>4.069</speed><sat>16</sat></trkpt>
  <trkpt lat="26.40963667" lon="-80.16876167"><ele>9.731</ele><time>2026-07-18T13:52:04Z</time><speed>4.074</speed><sat>16</sat></trkpt>
  <trkpt lat="26.40963333" lon="-80.16872167"><ele>9.331</ele><time>2026-07-18T13:52:05Z</time><speed>4.079</speed><sat>16</sat></trkpt>
  <trkpt lat="26.40963167" lon="-80.16868167"><ele>9.231</ele><time>2026-07-18T13:52:06Z</time><speed>4.061</speed><sat>16</sat></trkpt>
  <trkpt lat="26.40962333" lon="-80.16864167"><ele>8.731</ele><time>2026-07-18T13:52:07Z</time><speed>4.022</speed><sat>16</sat></trkpt>
  <trkpt lat="26.40961500" lon="-80.16860333"><ele>8.231</ele><time>2026-07-18T13:52:08Z</time><speed>4.007</speed><sat>16</sat></trkpt>
  <trkpt lat="26.40960833" lon="-80.16856500"><ele>7.832</ele><time>2026-07-18T13:52:09Z</time><speed>3.985</speed><sat>16</sat></trkpt>
  <trkpt lat="26.40960500" lon="-80.16852500"><ele>7.432</ele><time>2026-07-18T13:52:10Z</time><speed>3.977</speed><sat>16</sat></trkpt>
  <trkpt lat="26.40959500" lon="-80.16848833"><ele>7.132</ele><time>2026-07-18T13:52:11Z</time><speed>3.983</speed><sat>16</sat></trkpt>
  <trkpt lat="26.40958667" lon="-80.16845000"><ele>6.932</ele><time>2026-07-18T13:52:12Z</time><speed>3.972</speed><sat>16</sat></trkpt>
  <trkpt lat="26.40958333" lon="-80.16841000"><ele>6.632</ele><time>2026-07-18T13:52:13Z</time><speed>3.949</speed><sat>16</sat></trkpt>
  <trkpt lat="26.40957833" lon="-80.16837333"><ele>6.632</ele><time>2026-07-18T13:52:14Z</time><speed>3.936</speed><sat>16</sat></trkpt>
  <trkpt lat="26.40958000" lon="-80.16833833"><ele>7.232</ele><time>2026-07-18T13:52:15Z</time><speed>3.924</speed><sat>16</sat></trkpt>
  <trkpt lat="26.40958500" lon="-80.16830000"><ele>7.633</ele><time>2026-07-18T13:52:16Z</time><speed>3.900</speed><sat>16</sat></trkpt>
  <trkpt lat="26.40958167" lon="-80.16826333"><ele>8.033</ele><time>2026-07-18T13:52:17Z</time><speed>3.866</speed><sat>16</sat></trkpt>
  <trkpt lat="26.40957833" lon="-80.16822833"><ele>8.333</ele><time>2026-07-18T13:52:18Z</time><speed>3.831</speed><sat>16</sat></trkpt>
  <trkpt lat="26.40957500" lon="-80.16819000"><ele>8.633</ele><time>2026-07-18T13:52:19Z</time><speed>3.804</speed><sat>17</sat></trkpt>
  <trkpt lat="26.40957167" lon="-80.16815167"><ele>9.033</ele><time>2026-07-18T13:52:20Z</time><speed>3.784</speed><sat>17</sat></trkpt>
  <trkpt lat="26.40956500" lon="-80.16811500"><ele>9.333</ele><time>2026-07-18T13:52:21Z</time><speed>3.787</speed><sat>17</sat></trkpt>
  <trkpt lat="26.40956333" lon="-80.16808333"><ele>9.634</ele><time>2026-07-18T13:52:22Z</time><speed>3.749</speed><sat>17</sat></trkpt>
  <trkpt lat="26.40956500" lon="-80.16804833"><ele>9.934</ele><time>2026-07-18T13:52:23Z</time><speed>3.702</speed><sat>17</sat></trkpt>
  <trkpt lat="26.40957000" lon="-80.16801667"><ele>10.534</ele><time>2026-07-18T13:52:24Z</time><speed>3.707</speed><sat>17</sat></trkpt>
  <trkpt lat="26.40957833" lon="-80.16798500"><ele>10.734</ele><time>2026-07-18T13:52:25Z</time><speed>3.669</speed><sat>17</sat></trkpt>
  <trkpt lat="26.40959000" lon="-80.16795333"><ele>11.034</ele><time>2026-07-18T13:52:26Z</time><speed>3.659</speed><sat>17</sat></trkpt>
  <trkpt lat="26.40960500" lon="-80.16792000"><ele>11.434</ele><time>2026-07-18T13:52:27Z</time><speed>3.643</speed><sat>17</sat></trkpt>
  <trkpt lat="26.40962333" lon="-80.16789167"><ele>11.934</ele><time>2026-07-18T13:52:28Z</time><speed>3.613</speed><sat>17</sat></trkpt>
  <trkpt lat="26.40964000" lon="-80.16786000"><ele>11.734</ele><time>2026-07-18T13:52:29Z</time><speed>3.579</speed><sat>17</sat></trkpt>
  <trkpt lat="26.40965833" lon="-80.16783333"><ele>11.935</ele><time>2026-07-18T13:52:30Z</time><speed>3.509</speed><sat>17</sat></trkpt>
  <trkpt lat="26.40967333" lon="-80.16780500"><ele>11.635</ele><time>2026-07-18T13:52:31Z</time><speed>3.493</speed><sat>17</sat></trkpt>
  <trkpt lat="26.40968333" lon="-80.16777000"><ele>11.235</ele><time>2026-07-18T13:52:32Z</time><speed>3.513</speed><sat>17</sat></trkpt>
  <trkpt lat="26.40969000" lon="-80.16773333"><ele>10.635</ele><time>2026-07-18T13:52:33Z</time><speed>3.476</speed><sat>17</sat></trkpt>
  <trkpt lat="26.40969000" lon="-80.16770167"><ele>10.135</ele><time>2026-07-18T13:52:34Z</time><speed>3.413</speed><sat>17</sat></trkpt>
  <trkpt lat="26.40969167" lon="-80.16766667"><ele>9.935</ele><time>2026-07-18T13:52:35Z</time><speed>3.436</speed><sat>17</sat></trkpt>
  <trkpt lat="26.40969500" lon="-80.16762833"><ele>10.235</ele><time>2026-07-18T13:52:36Z</time><speed>3.458</speed><sat>17</sat></trkpt>
  <trkpt lat="26.40970000" lon="-80.16758833"><ele>10.336</ele><time>2026-07-18T13:52:37Z</time><speed>3.483</speed><sat>17</sat></trkpt>
  <trkpt lat="26.40970333" lon="-80.16755333"><ele>10.436</ele><time>2026-07-18T13:52:38Z</time><speed>3.481</speed><sat>17</sat></trkpt>
  <trkpt lat="26.40970167" lon="-80.16751833"><ele>10.136</ele><time>2026-07-18T13:52:39Z</time><speed>3.491</speed><sat>17</sat></trkpt>
  <trkpt lat="26.40970167" lon="-80.16748333"><ele>10.636</ele><time>2026-07-18T13:52:40Z</time><speed>3.517</speed><sat>17</sat></trkpt>
  <trkpt lat="26.40969833" lon="-80.16745000"><ele>10.336</ele><time>2026-07-18T13:52:41Z</time><speed>3.518</speed><sat>17</sat></trkpt>
  <trkpt lat="26.40969667" lon="-80.16741667"><ele>10.136</ele><time>2026-07-18T13:52:42Z</time><speed>3.456</speed><sat>17</sat></trkpt>
  <trkpt lat="26.40969500" lon="-80.16738667"><ele>10.336</ele><time>2026-07-18T13:52:43Z</time><speed>3.505</speed><sat>17</sat></trkpt>
  <trkpt lat="26.40969167" lon="-80.16736167"><ele>11.437</ele><time>2026-07-18T13:52:44Z</time><speed>3.503</speed><sat>16</sat></trkpt>
  <trkpt lat="26.40967833" lon="-80.16733667"><ele>11.537</ele><time>2026-07-18T13:52:45Z</time><speed>3.381</speed><sat>16</sat></trkpt>
  <trkpt lat="26.40966500" lon="-80.16731333"><ele>11.537</ele><time>2026-07-18T13:52:46Z</time><speed>3.281</speed><sat>16</sat></trkpt>
  <trkpt lat="26.40965333" lon="-80.16729000"><ele>12.237</ele><time>2026-07-18T13:52:47Z</time><speed>3.211</speed><sat>16</sat></trkpt>
  <trkpt lat="26.40964000" lon="-80.16726333"><ele>11.537</ele><time>2026-07-18T13:52:48Z</time><speed>3.172</speed><sat>16</sat></trkpt>
  <trkpt lat="26.40962833" lon="-80.16723167"><ele>11.337</ele><time>2026-07-18T13:52:49Z</time><speed>3.154</speed><sat>17</sat></trkpt>
  <trkpt lat="26.40962167" lon="-80.16719333"><ele>11.237</ele><time>2026-07-18T13:52:50Z</time><speed>3.152</speed><sat>17</sat></trkpt>
  <trkpt lat="26.40961333" lon="-80.16715833"><ele>10.837</ele><time>2026-07-18T13:52:51Z</time><speed>3.104</speed><sat>16</sat></trkpt>
  <trkpt lat="26.40961167" lon="-80.16712333"><ele>10.837</ele><time>2026-07-18T13:52:52Z</time><speed>3.135</speed><sat>16</sat></trkpt>
  <trkpt lat="26.40961000" lon="-80.16708833"><ele>10.738</ele><time>2026-07-18T13:52:53Z</time><speed>3.127</speed><sat>16</sat></trkpt>
  <trkpt lat="26.40960667" lon="-80.16705500"><ele>10.838</ele><time>2026-07-18T13:52:54Z</time><speed>3.176</speed><sat>17</sat></trkpt>
  <trkpt lat="26.40961167" lon="-80.16701667"><ele>10.938</ele><time>2026-07-18T13:52:55Z</time><speed>3.271</speed><sat>17</sat></trkpt>
  <trkpt lat="26.40961667" lon="-80.16698500"><ele>10.938</ele><time>2026-07-18T13:52:56Z</time><speed>3.323</speed><sat>17</sat></trkpt>
  <trkpt lat="26.40962167" lon="-80.16695500"><ele>11.138</ele><time>2026-07-18T13:52:57Z</time><speed>3.318</speed><sat>17</sat></trkpt>
  <trkpt lat="26.40962667" lon="-80.16692500"><ele>11.138</ele><time>2026-07-18T13:52:58Z</time><speed>3.310</speed><sat>17</sat></trkpt>
  <trkpt lat="26.40963000" lon="-80.16690000"><ele>11.138</ele><time>2026-07-18T13:52:59Z</time><speed>3.223</speed><sat>17</sat></trkpt>
  <trkpt lat="26.40964500" lon="-80.16688000"><ele>10.839</ele><time>2026-07-18T13:53:00Z</time><speed>3.116</speed><sat>17</sat></trkpt>
  <trkpt lat="26.40965000" lon="-80.16685833"><ele>11.239</ele><time>2026-07-18T13:53:01Z</time><speed>3.023</speed><sat>17</sat></trkpt>
  <trkpt lat="26.40966167" lon="-80.16684333"><ele>11.639</ele><time>2026-07-18T13:53:02Z</time><speed>2.898</speed><sat>17</sat></trkpt>
  <trkpt lat="26.40968000" lon="-80.16683000"><ele>12.139</ele><time>2026-07-18T13:53:03Z</time><speed>2.782</speed><sat>17</sat></trkpt>
  <trkpt lat="26.40969833" lon="-80.16681667"><ele>12.739</ele><time>2026-07-18T13:53:04Z</time><speed>2.637</speed><sat>17</sat></trkpt>
  <trkpt lat="26.40971333" lon="-80.16680333"><ele>13.139</ele><time>2026-07-18T13:53:05Z</time><speed>2.491</speed><sat>17</sat></trkpt>
  <trkpt lat="26.40972833" lon="-80.16679167"><ele>13.439</ele><time>2026-07-18T13:53:06Z</time><speed>2.366</speed><sat>17</sat></trkpt>
  <trkpt lat="26.40974000" lon="-80.16678000"><ele>12.639</ele><time>2026-07-18T13:53:07Z</time><speed>2.284</speed><sat>17</sat></trkpt>
  <trkpt lat="26.40975000" lon="-80.16676833"><ele>12.239</ele><time>2026-07-18T13:53:08Z</time><speed>2.186</speed><sat>17</sat></trkpt>
  <trkpt lat="26.40976167" lon="-80.16675667"><ele>11.339</ele><time>2026-07-18T13:53:09Z</time><speed>2.125</speed><sat>17</sat></trkpt>
  <trkpt lat="26.40977500" lon="-80.16674667"><ele>11.439</ele><time>2026-07-18T13:53:10Z</time><speed>2.070</speed><sat>17</sat></trkpt>
  <trkpt lat="26.40979000" lon="-80.16673833"><ele>11.139</ele><time>2026-07-18T13:53:11Z</time><speed>2.029</speed><sat>17</sat></trkpt>
  <trkpt lat="26.40980333" lon="-80.16673167"><ele>10.439</ele><time>2026-07-18T13:53:12Z</time><speed>1.979</speed><sat>17</sat></trkpt>
  <trkpt lat="26.40981500" lon="-80.16672667"><ele>10.539</ele><time>2026-07-18T13:53:13Z</time><speed>1.875</speed><sat>17</sat></trkpt>
  <trkpt lat="26.40982667" lon="-80.16672167"><ele>10.439</ele><time>2026-07-18T13:53:14Z</time><speed>1.816</speed><sat>17</sat></trkpt>
  <trkpt lat="26.40983833" lon="-80.16671833"><ele>10.539</ele><time>2026-07-18T13:53:15Z</time><speed>1.726</speed><sat>17</sat></trkpt>
  <trkpt lat="26.40984333" lon="-80.16671333"><ele>10.939</ele><time>2026-07-18T13:53:16Z</time><speed>1.599</speed><sat>17</sat></trkpt>
  <trkpt lat="26.40984833" lon="-80.16671167"><ele>10.939</ele><time>2026-07-18T13:53:17Z</time><speed>1.461</speed><sat>17</sat></trkpt>
  <trkpt lat="26.40985500" lon="-80.16670667"><ele>11.239</ele><time>2026-07-18T13:53:18Z</time><speed>1.348</speed><sat>17</sat></trkpt>
  <trkpt lat="26.40985833" lon="-80.16670333"><ele>11.339</ele><time>2026-07-18T13:53:19Z</time><speed>1.228</speed><sat>17</sat></trkpt>
  <trkpt lat="26.40986333" lon="-80.16670167"><ele>11.339</ele><time>2026-07-18T13:53:20Z</time><speed>1.080</speed><sat>17</sat></trkpt>
  <trkpt lat="26.40986833" lon="-80.16670167"><ele>11.339</ele><time>2026-07-18T13:53:21Z</time><speed>0.899</speed><sat>17</sat></trkpt>
  <trkpt lat="26.40987500" lon="-80.16669667"><ele>11.139</ele><time>2026-07-18T13:53:22Z</time><speed>0.764</speed><sat>17</sat></trkpt>
  <trkpt lat="26.40987833" lon="-80.16669000"><ele>11.039</ele><time>2026-07-18T13:53:23Z</time><speed>0.657</speed><sat>17</sat></trkpt>
  <trkpt lat="26.40988167" lon="-80.16668500"><ele>11.039</ele><time>2026-07-18T13:53:24Z</time><speed>0.510</speed><sat>17</sat></trkpt>
  <trkpt lat="26.40988333" lon="-80.16668167"><ele>11.139</ele><time>2026-07-18T13:53:25Z</time><speed>0.422</speed><sat>17</sat></trkpt>
  <trkpt lat="26.40988333" lon="-80.16668333"><ele>11.339</ele><time>2026-07-18T13:53:26Z</time><speed>0.000</speed><sat>17</sat></trkpt>
  <trkpt lat="26.40988500" lon="-80.16668333"><ele>11.439</ele><time>2026-07-18T13:53:27Z</time><speed>0.000</speed><sat>17</sat></trkpt>
  <trkpt lat="26.40988833" lon="-80.16668333"><ele>11.839</ele><time>2026-07-18T13:53:28Z</time><speed>0.000</speed><sat>17</sat></trkpt>
  <trkpt lat="26.40988833" lon="-80.16668333"><ele>11.839</ele><time>2026-07-18T13:53:29Z</time><speed>0.000</speed><sat>17</sat></trkpt>
  <trkpt lat="26.40988833" lon="-80.16668333"><ele>11.839</ele><time>2026-07-18T13:53:30Z</time><speed>0.000</speed><sat>17</sat></trkpt>
  <trkpt lat="26.40988833" lon="-80.16668333"><ele>11.839</ele><time>2026-07-18T13:53:31Z</time><speed>0.000</speed><sat>17</sat></trkpt>
  <trkpt lat="26.40988833" lon="-80.16668333"><ele>11.839</ele><time>2026-07-18T13:53:32Z</time><speed>0.000</speed><sat>17</sat></trkpt>
  <trkpt lat="26.40988833" lon="-80.16668333"><ele>11.839</ele><time>2026-07-18T13:53:33Z</time><speed>0.000</speed><sat>17</sat></trkpt>
  <trkpt lat="26.40988833" lon="-80.16668333"><ele>11.839</ele><time>2026-07-18T13:53:34Z</time><speed>0.000</speed><sat>17</sat></trkpt>
  <trkpt lat="26.40988833" lon="-80.16668333"><ele>11.839</ele><time>2026-07-18T13:53:35Z</time><speed>0.000</speed><sat>17</sat></trkpt>
  <trkpt lat="26.40988833" lon="-80.16668333"><ele>11.839</ele><time>2026-07-18T13:53:36Z</time><speed>0.000</speed><sat>17</sat></trkpt>
  <trkpt lat="26.40988833" lon="-80.16668333"><ele>11.839</ele><time>2026-07-18T13:53:37Z</time><speed>0.000</speed><sat>17</sat></trkpt>
  <trkpt lat="26.40988833" lon="-80.16668333"><ele>11.839</ele><time>2026-07-18T13:53:38Z</time><speed>0.000</speed><sat>17</sat></trkpt>
  <trkpt lat="26.40988833" lon="-80.16668333"><ele>11.839</ele><time>2026-07-18T13:53:39Z</time><speed>0.000</speed><sat>17</sat></trkpt>
  <trkpt lat="26.40988833" lon="-80.16668333"><ele>11.839</ele><time>2026-07-18T13:53:40Z</time><speed>0.000</speed><sat>17</sat></trkpt>
  <trkpt lat="26.40988833" lon="-80.16668333"><ele>11.839</ele><time>2026-07-18T13:53:41Z</time><speed>0.000</speed><sat>17</sat></trkpt>
  <trkpt lat="26.40988833" lon="-80.16668333"><ele>11.839</ele><time>2026-07-18T13:53:42Z</time><speed>0.000</speed><sat>17</sat></trkpt>
  <trkpt lat="26.40988833" lon="-80.16668333"><ele>11.839</ele><time>2026-07-18T13:53:43Z</time><speed>0.000</speed><sat>17</sat></trkpt>
  <trkpt lat="26.40988833" lon="-80.16668333"><ele>11.839</ele><time>2026-07-18T13:53:44Z</time><speed>0.000</speed><sat>17</sat></trkpt>
  <trkpt lat="26.40988833" lon="-80.16668333"><ele>11.839</ele><time>2026-07-18T13:53:45Z</time><speed>0.000</speed><sat>17</sat></trkpt>
  <trkpt lat="26.40988833" lon="-80.16668333"><ele>11.839</ele><time>2026-07-18T13:53:46Z</time><speed>0.000</speed><sat>17</sat></trkpt>
  <trkpt lat="26.40988833" lon="-80.16668333"><ele>11.839</ele><time>2026-07-18T13:53:47Z</time><speed>0.000</speed><sat>17</sat></trkpt>
  <trkpt lat="26.40988833" lon="-80.16668333"><ele>11.839</ele><time>2026-07-18T13:53:48Z</time><speed>0.000</speed><sat>17</sat></trkpt>
  <trkpt lat="26.40988833" lon="-80.16668333"><ele>11.839</ele><time>2026-07-18T13:53:49Z</time><speed>0.000</speed><sat>17</sat></trkpt>
  <trkpt lat="26.40988833" lon="-80.16668333"><ele>11.839</ele><time>2026-07-18T13:53:50Z</time><speed>0.000</speed><sat>17</sat></trkpt>
  <trkpt lat="26.40988833" lon="-80.16668333"><ele>11.839</ele><time>2026-07-18T13:53:51Z</time><speed>0.000</speed><sat>17</sat></trkpt>
  <trkpt lat="26.40988833" lon="-80.16668333"><ele>11.839</ele><time>2026-07-18T13:53:52Z</time><speed>0.000</speed><sat>17</sat></trkpt>
  <trkpt lat="26.40988833" lon="-80.16668333"><ele>11.839</ele><time>2026-07-18T13:53:53Z</time><speed>0.000</speed><sat>17</sat></trkpt>
  <trkpt lat="26.40988833" lon="-80.16668333"><ele>11.839</ele><time>2026-07-18T13:53:54Z</time><speed>0.000</speed><sat>17</sat></trkpt>
  <trkpt lat="26.40988833" lon="-80.16668333"><ele>11.839</ele><time>2026-07-18T13:53:55Z</time><speed>0.000</speed><sat>17</sat></trkpt>
  <trkpt lat="26.40988833" lon="-80.16668333"><ele>11.839</ele><time>2026-07-18T13:53:56Z</time><speed>0.000</speed><sat>16</sat></trkpt>
  <trkpt lat="26.40988833" lon="-80.16668333"><ele>11.839</ele><time>2026-07-18T13:53:57Z</time><speed>0.000</speed><sat>16</sat></trkpt>
  <trkpt lat="26.40988833" lon="-80.16668333"><ele>11.839</ele><time>2026-07-18T13:53:58Z</time><speed>0.000</speed><sat>15</sat></trkpt>
  <trkpt lat="26.40988833" lon="-80.16668333"><ele>11.839</ele><time>2026-07-18T13:53:59Z</time><speed>0.000</speed><sat>16</sat></trkpt>
  <trkpt lat="26.40988833" lon="-80.16668333"><ele>11.839</ele><time>2026-07-18T13:54:00Z</time><speed>0.000</speed><sat>16</sat></trkpt>
  <trkpt lat="26.40988833" lon="-80.16668333"><ele>11.839</ele><time>2026-07-18T13:54:01Z</time><speed>0.000</speed><sat>16</sat></trkpt>
  <trkpt lat="26.40988833" lon="-80.16668333"><ele>11.839</ele><time>2026-07-18T13:54:02Z</time><speed>0.000</speed><sat>16</sat></trkpt>
  <trkpt lat="26.40988833" lon="-80.16668333"><ele>11.839</ele><time>2026-07-18T13:54:03Z</time><speed>0.000</speed><sat>16</sat></trkpt>
  <trkpt lat="26.40988833" lon="-80.16668333"><ele>11.839</ele><time>2026-07-18T13:54:04Z</time><speed>0.000</speed><sat>16</sat></trkpt>
  <trkpt lat="26.40988833" lon="-80.16668333"><ele>11.839</ele><time>2026-07-18T13:54:05Z</time><speed>0.000</speed><sat>16</sat></trkpt>
 </trkseg>
</trk>

</gpx>
 